pdb_id,n_labels,n_parsed_residues,n_effective_labels,n_missing_labels,missing_fraction,is_problematic,missing_labels
0,53,501,53,0,0.0,0,
10000,40,240,40,0,0.0,0,
10001,31,62,31,0,0.0,0,
10002,98,375,98,0,0.0,0,
10003,54,2332,54,0,0.0,0,
10004,58,277,58,0,0.0,0,
10005,50,569,50,0,0.0,0,
10006,52,258,52,0,0.0,0,
10007,52,212,52,0,0.0,0,
10008,67,827,67,0,0.0,0,
10009,71,646,71,0,0.0,0,
1000,63,284,63,0,0.0,0,
10010,48,258,48,0,0.0,0,
10011,22,156,22,0,0.0,0,
10012,62,215,62,0,0.0,0,
10013,48,634,48,0,0.0,0,
10014,51,435,51,0,0.0,0,
10015,26,415,26,0,0.0,0,
10016,35,487,35,0,0.0,0,
10017,66,258,66,0,0.0,0,
10018,37,431,37,0,0.0,0,
10019,35,56,35,0,0.0,0,
1001,48,942,48,0,0.0,0,
10020,63,110,63,0,0.0,0,
10021,44,256,44,0,0.0,0,
10022,50,490,50,0,0.0,0,
10023,51,557,51,0,0.0,0,
10024,41,374,41,0,0.0,0,
10025,42,1010,42,0,0.0,0,
10026,62,513,62,0,0.0,0,
10027,65,257,65,0,0.0,0,
10028,44,4044,44,0,0.0,0,
10029,31,552,31,0,0.0,0,
1002,53,334,53,0,0.0,0,
10030,37,94,37,0,0.0,0,
10031,52,690,52,0,0.0,0,
10032,47,794,47,0,0.0,0,
10033,66,1623,66,0,0.0,0,
10034,49,273,49,0,0.0,0,
10035,57,222,57,0,0.0,0,
10036,54,356,54,0,0.0,0,
10037,53,962,53,0,0.0,0,
10038,49,759,49,0,0.0,0,
10039,54,254,54,0,0.0,0,
1003,68,421,68,0,0.0,0,
10040,39,424,39,0,0.0,0,
10041,38,1488,38,0,0.0,0,
10042,55,833,55,0,0.0,0,
10043,54,185,53,1,0.018518518518518517,0,A_111
10044,43,614,43,0,0.0,0,
10045,47,266,47,0,0.0,0,
10046,44,178,44,0,0.0,0,
10047,46,119,46,0,0.0,0,
10048,55,221,55,0,0.0,0,
10049,52,558,52,0,0.0,0,
1004,60,322,60,0,0.0,0,
10050,56,275,56,0,0.0,0,
10051,55,640,55,0,0.0,0,
10052,52,294,52,0,0.0,0,
10053,47,445,47,0,0.0,0,
10054,45,341,45,0,0.0,0,
10055,50,672,50,0,0.0,0,
10056,39,219,39,0,0.0,0,
10057,52,348,52,0,0.0,0,
10058,50,276,50,0,0.0,0,
10059,53,301,53,0,0.0,0,
1005,42,267,42,0,0.0,0,
10060,43,159,43,0,0.0,0,
10061,41,219,41,0,0.0,0,
10062,38,1016,38,0,0.0,0,
10063,61,281,61,0,0.0,0,
10064,51,226,51,0,0.0,0,
10065,46,508,46,0,0.0,0,
10066,27,113,27,0,0.0,0,
10067,64,268,64,0,0.0,0,
10068,74,323,74,0,0.0,0,
10069,43,1054,43,0,0.0,0,
1006,44,520,44,0,0.0,0,
10070,47,198,47,0,0.0,0,
10071,74,635,74,0,0.0,0,
10072,58,532,58,0,0.0,0,
10073,39,228,39,0,0.0,0,
10074,46,210,46,0,0.0,0,
10075,60,237,60,0,0.0,0,
10076,65,261,65,0,0.0,0,
10077,37,94,37,0,0.0,0,
10078,59,645,59,0,0.0,0,
10079,55,704,55,0,0.0,0,
1007,50,786,50,0,0.0,0,
10080,57,1404,57,0,0.0,0,
10081,57,514,57,0,0.0,0,
10082,25,150,25,0,0.0,0,
10083,60,325,60,0,0.0,0,
10084,66,198,66,0,0.0,0,
10085,73,431,73,0,0.0,0,
10086,56,416,56,0,0.0,0,
10087,48,268,48,0,0.0,0,
10088,29,860,29,0,0.0,0,
10089,33,169,33,0,0.0,0,
1008,49,274,49,0,0.0,0,
10090,50,728,50,0,0.0,0,
10091,26,330,26,0,0.0,0,
10092,39,1453,39,0,0.0,0,
10093,62,436,62,0,0.0,0,
10094,43,562,43,0,0.0,0,
10095,75,1383,75,0,0.0,0,
10096,58,275,58,0,0.0,0,
10097,47,374,47,0,0.0,0,
10098,44,453,44,0,0.0,0,
10099,33,127,33,0,0.0,0,
1009,52,960,52,0,0.0,0,
100,53,219,53,0,0.0,0,
10100,66,1053,66,0,0.0,0,
10101,47,228,47,0,0.0,0,
10102,63,198,63,0,0.0,0,
10103,44,1329,44,0,0.0,0,
10104,42,275,42,0,0.0,0,
10105,57,716,57,0,0.0,0,
10106,50,274,50,0,0.0,0,
10107,49,286,49,0,0.0,0,
10108,37,256,37,0,0.0,0,
10109,33,363,33,0,0.0,0,
1010,48,220,48,0,0.0,0,
10110,65,198,65,0,0.0,0,
10111,42,187,42,0,0.0,0,
10112,111,799,111,0,0.0,0,
10113,45,252,45,0,0.0,0,
10114,55,1296,55,0,0.0,0,
10115,47,530,47,0,0.0,0,
10116,37,188,37,0,0.0,0,
10117,62,318,62,0,0.0,0,
10118,38,191,38,0,0.0,0,
10119,52,261,52,0,0.0,0,
1011,34,138,34,0,0.0,0,
10120,35,537,35,0,0.0,0,
10121,48,289,48,0,0.0,0,
10122,58,292,58,0,0.0,0,
10123,51,258,51,0,0.0,0,
10124,65,198,65,0,0.0,0,
10125,49,154,49,0,0.0,0,
10126,47,404,47,0,0.0,0,
10127,50,446,50,0,0.0,0,
10128,69,618,69,0,0.0,0,
10129,62,390,62,0,0.0,0,
1012,33,139,33,0,0.0,0,
10130,51,223,51,0,0.0,0,
10131,63,1364,63,0,0.0,0,
10132,66,136,66,0,0.0,0,
10133,56,276,56,0,0.0,0,
10134,48,273,48,0,0.0,0,
10135,46,333,46,0,0.0,0,
10136,69,725,69,0,0.0,0,
10137,54,350,54,0,0.0,0,
10138,28,555,28,0,0.0,0,
10139,43,176,43,0,0.0,0,
1013,63,208,63,0,0.0,0,
10140,51,915,51,0,0.0,0,
10141,46,1160,46,0,0.0,0,
10142,68,198,68,0,0.0,0,
10143,17,106,17,0,0.0,0,
10144,37,571,37,0,0.0,0,
10145,46,305,46,0,0.0,0,
10146,67,198,67,0,0.0,0,
10147,59,441,59,0,0.0,0,
10148,42,268,42,0,0.0,0,
10149,57,687,57,0,0.0,0,
1014,36,220,36,0,0.0,0,
10150,38,342,38,0,0.0,0,
10151,68,284,68,0,0.0,0,
10152,75,705,75,0,0.0,0,
10153,42,355,42,0,0.0,0,
10154,35,296,35,0,0.0,0,
10155,52,2652,52,0,0.0,0,
10156,50,330,50,0,0.0,0,
10157,59,884,59,0,0.0,0,
10158,47,257,47,0,0.0,0,
10159,52,1069,52,0,0.0,0,
1015,34,112,34,0,0.0,0,
10160,39,198,39,0,0.0,0,
10161,85,1056,85,0,0.0,0,
10162,65,678,65,0,0.0,0,
10163,47,209,47,0,0.0,0,
10164,45,419,45,0,0.0,0,
10165,31,405,31,0,0.0,0,
10166,44,366,44,0,0.0,0,
10167,41,440,41,0,0.0,0,
10168,38,327,38,0,0.0,0,
10169,40,829,40,0,0.0,0,
1016,43,345,43,0,0.0,0,
10170,51,267,51,0,0.0,0,
10171,50,275,50,0,0.0,0,
10172,82,375,82,0,0.0,0,
10173,62,598,62,0,0.0,0,
10174,65,899,65,0,0.0,0,
10175,58,278,58,0,0.0,0,
10176,45,1666,45,0,0.0,0,
10177,50,359,50,0,0.0,0,
10178,46,342,46,0,0.0,0,
10179,58,213,58,0,0.0,0,
1017,67,1091,67,0,0.0,0,
10180,52,827,52,0,0.0,0,
10181,72,249,72,0,0.0,0,
10182,68,304,67,1,0.014705882352941176,0,A_281
10183,58,855,58,0,0.0,0,
10184,55,264,55,0,0.0,0,
10185,64,1306,64,0,0.0,0,
10186,22,688,22,0,0.0,0,
10187,21,820,21,0,0.0,0,
10188,39,327,39,0,0.0,0,
10189,50,276,50,0,0.0,0,
1018,30,103,30,0,0.0,0,
10190,44,106,44,0,0.0,0,
10191,63,211,63,0,0.0,0,
10192,64,215,64,0,0.0,0,
10193,41,313,41,0,0.0,0,
10194,69,243,69,0,0.0,0,
10195,55,343,55,0,0.0,0,
10196,46,257,46,0,0.0,0,
10197,58,292,58,0,0.0,0,
10198,50,309,50,0,0.0,0,
10199,51,535,51,0,0.0,0,
1019,52,257,52,0,0.0,0,
101,29,116,29,0,0.0,0,
10200,78,558,78,0,0.0,0,
10201,44,525,44,0,0.0,0,
10202,43,273,43,0,0.0,0,
10203,50,119,50,0,0.0,0,
10204,39,163,39,0,0.0,0,
10205,44,348,44,0,0.0,0,
10206,73,240,73,0,0.0,0,
10207,57,386,57,0,0.0,0,
10208,50,152,50,0,0.0,0,
10209,34,466,34,0,0.0,0,
1020,59,299,59,0,0.0,0,
10210,63,115,63,0,0.0,0,
10211,65,198,65,0,0.0,0,
10212,53,299,53,0,0.0,0,
10213,35,290,35,0,0.0,0,
10214,52,546,52,0,0.0,0,
10215,54,466,54,0,0.0,0,
10216,51,724,51,0,0.0,0,
10217,64,1392,64,0,0.0,0,
10218,17,263,17,0,0.0,0,
10219,50,385,50,0,0.0,0,
1021,55,329,55,0,0.0,0,
10220,52,223,52,0,0.0,0,
10221,54,305,54,0,0.0,0,
10222,55,284,55,0,0.0,0,
10223,52,273,52,0,0.0,0,
10224,56,576,56,0,0.0,0,
10225,73,207,73,0,0.0,0,
10226,48,257,48,0,0.0,0,
10227,42,265,42,0,0.0,0,
10228,56,257,56,0,0.0,0,
10229,39,263,39,0,0.0,0,
1022,51,960,51,0,0.0,0,
10230,63,349,63,0,0.0,0,
10231,81,807,81,0,0.0,0,
10232,54,186,54,0,0.0,0,
10233,55,227,55,0,0.0,0,
10234,37,94,37,0,0.0,0,
10235,53,425,53,0,0.0,0,
10236,44,270,44,0,0.0,0,
10237,60,712,60,0,0.0,0,
10238,53,411,53,0,0.0,0,
10239,49,223,49,0,0.0,0,
1023,40,342,40,0,0.0,0,
10240,39,342,39,0,0.0,0,
10241,54,268,54,0,0.0,0,
10242,69,225,69,0,0.0,0,
10243,59,340,59,0,0.0,0,
10244,36,316,36,0,0.0,0,
10245,54,754,54,0,0.0,0,
10246,39,837,39,0,0.0,0,
10247,26,546,26,0,0.0,0,
10248,57,215,57,0,0.0,0,
10249,42,412,42,0,0.0,0,
1024,38,515,38,0,0.0,0,
10250,44,400,44,0,0.0,0,
10251,32,159,32,0,0.0,0,
10252,64,1392,64,0,0.0,0,
10253,64,194,64,0,0.0,0,
10254,63,166,63,0,0.0,0,
10255,64,285,64,0,0.0,0,
10256,47,290,47,0,0.0,0,
10257,52,420,52,0,0.0,0,
10258,43,304,43,0,0.0,0,
10259,25,662,25,0,0.0,0,
1025,32,327,32,0,0.0,0,
10260,73,1356,73,0,0.0,0,
10261,54,514,54,0,0.0,0,
10262,59,426,59,0,0.0,0,
10263,36,640,36,0,0.0,0,
10264,42,144,42,0,0.0,0,
10265,41,276,41,0,0.0,0,
10266,45,462,45,0,0.0,0,
10267,39,216,39,0,0.0,0,
10268,40,436,40,0,0.0,0,
10269,48,304,48,0,0.0,0,
1026,58,215,58,0,0.0,0,
10270,79,369,79,0,0.0,0,
10271,56,823,56,0,0.0,0,
10272,35,1535,35,0,0.0,0,
10273,38,324,38,0,0.0,0,
10274,36,515,36,0,0.0,0,
10275,62,379,62,0,0.0,0,
10276,54,151,54,0,0.0,0,
10277,33,223,33,0,0.0,0,
10278,43,153,43,0,0.0,0,
10279,49,214,49,0,0.0,0,
1027,58,232,58,0,0.0,0,
10280,44,223,44,0,0.0,0,
10281,54,562,54,0,0.0,0,
10282,55,263,55,0,0.0,0,
10283,58,564,58,0,0.0,0,
10284,46,509,46,0,0.0,0,
10285,74,1320,74,0,0.0,0,
10286,25,363,25,0,0.0,0,
10287,36,1252,36,0,0.0,0,
10288,53,139,53,0,0.0,0,
10289,37,288,37,0,0.0,0,
1028,63,198,63,0,0.0,0,
10290,63,574,63,0,0.0,0,
10291,59,242,59,0,0.0,0,
10292,53,606,53,0,0.0,0,
10293,38,101,38,0,0.0,0,
10294,43,462,43,0,0.0,0,
10295,47,208,47,0,0.0,0,
10296,53,215,53,0,0.0,0,
10297,69,646,69,0,0.0,0,
10298,30,672,30,0,0.0,0,
10299,42,754,42,0,0.0,0,
1029,41,684,41,0,0.0,0,
102,55,263,55,0,0.0,0,
10300,39,258,39,0,0.0,0,
10301,45,253,45,0,0.0,0,
10302,48,494,48,0,0.0,0,
10303,54,387,54,0,0.0,0,
10304,51,518,51,0,0.0,0,
10305,34,296,34,0,0.0,0,
10306,40,251,40,0,0.0,0,
10307,34,241,33,1,0.029411764705882353,0,A_73
10308,46,273,46,0,0.0,0,
10309,58,344,58,0,0.0,0,
1030,48,1456,48,0,0.0,0,
10310,38,127,38,0,0.0,0,
10311,33,193,33,0,0.0,0,
10312,51,1030,51,0,0.0,0,
10313,42,338,42,0,0.0,0,
10314,48,554,48,0,0.0,0,
10315,41,390,41,0,0.0,0,
10316,50,218,50,0,0.0,0,
10317,61,422,61,0,0.0,0,
10318,29,3176,29,0,0.0,0,
10319,51,285,51,0,0.0,0,
1031,39,546,39,0,0.0,0,
10320,50,428,50,0,0.0,0,
10321,36,803,36,0,0.0,0,
10322,62,335,62,0,0.0,0,
10323,48,672,48,0,0.0,0,
10324,75,870,75,0,0.0,0,
10325,44,322,44,0,0.0,0,
10326,56,207,56,0,0.0,0,
10327,62,238,62,0,0.0,0,
10328,35,598,35,0,0.0,0,
10329,48,344,48,0,0.0,0,
1032,38,258,38,0,0.0,0,
10330,44,257,44,0,0.0,0,
10331,35,258,35,0,0.0,0,
10332,33,103,33,0,0.0,0,
10333,61,458,61,0,0.0,0,
10334,33,284,33,0,0.0,0,
10335,34,118,34,0,0.0,0,
10336,40,520,40,0,0.0,0,
10337,76,245,76,0,0.0,0,
10338,57,322,57,0,0.0,0,
10339,54,273,54,0,0.0,0,
1033,46,144,46,0,0.0,0,
10340,56,248,56,0,0.0,0,
10341,28,264,28,0,0.0,0,
10342,48,259,48,0,0.0,0,
10343,69,472,69,0,0.0,0,
10344,42,228,42,0,0.0,0,
10345,65,711,65,0,0.0,0,
10346,38,374,38,0,0.0,0,
10347,45,92,45,0,0.0,0,
10348,30,238,30,0,0.0,0,
10349,85,658,85,0,0.0,0,
1034,65,238,65,0,0.0,0,
10350,33,113,33,0,0.0,0,
10351,42,463,42,0,0.0,0,
10352,56,863,56,0,0.0,0,
10353,57,304,57,0,0.0,0,
10354,51,302,51,0,0.0,0,
10355,31,181,31,0,0.0,0,
10356,93,367,93,0,0.0,0,
10357,33,320,33,0,0.0,0,
10358,46,450,46,0,0.0,0,
10359,53,577,53,0,0.0,0,
1035,53,266,53,0,0.0,0,
10360,47,453,47,0,0.0,0,
10361,53,279,53,0,0.0,0,
10362,52,530,52,0,0.0,0,
10363,29,70,29,0,0.0,0,
10364,44,1544,44,0,0.0,0,
10365,37,399,37,0,0.0,0,
10366,35,70,35,0,0.0,0,
10367,36,199,36,0,0.0,0,
10368,38,223,38,0,0.0,0,
10369,60,198,60,0,0.0,0,
1036,38,254,38,0,0.0,0,
10370,49,274,49,0,0.0,0,
10371,44,4060,44,0,0.0,0,
10372,40,2439,40,0,0.0,0,
10373,52,285,52,0,0.0,0,
10374,43,582,43,0,0.0,0,
10375,46,652,46,0,0.0,0,
10376,81,598,81,0,0.0,0,
10377,47,278,47,0,0.0,0,
10378,40,439,40,0,0.0,0,
10379,57,293,57,0,0.0,0,
1037,59,272,59,0,0.0,0,
10380,39,257,39,0,0.0,0,
10381,51,857,50,1,0.0196078431372549,0,D_108
10382,45,266,45,0,0.0,0,
10383,77,972,77,0,0.0,0,
10384,56,632,56,0,0.0,0,
10385,23,144,23,0,0.0,0,
10386,47,276,47,0,0.0,0,
10387,59,139,59,0,0.0,0,
10388,40,223,40,0,0.0,0,
10389,37,458,37,0,0.0,0,
1038,58,215,58,0,0.0,0,
10390,56,460,56,0,0.0,0,
10391,50,254,50,0,0.0,0,
10392,67,198,67,0,0.0,0,
10393,51,446,50,1,0.0196078431372549,0,A_38
10394,64,794,64,0,0.0,0,
10395,56,585,56,0,0.0,0,
10396,27,79,27,0,0.0,0,
10397,59,1624,59,0,0.0,0,
10398,48,383,48,0,0.0,0,
10399,48,292,48,0,0.0,0,
1039,60,1275,60,0,0.0,0,
103,76,1111,76,0,0.0,0,
10400,38,160,38,0,0.0,0,
10401,66,370,66,0,0.0,0,
10402,37,296,37,0,0.0,0,
10403,40,96,40,0,0.0,0,
10404,58,305,58,0,0.0,0,
10405,40,405,40,0,0.0,0,
10406,55,278,55,0,0.0,0,
10407,34,358,34,0,0.0,0,
10408,45,4060,45,0,0.0,0,
10409,52,800,52,0,0.0,0,
1040,62,257,62,0,0.0,0,
10410,57,612,57,0,0.0,0,
10411,67,423,67,0,0.0,0,
10412,61,166,61,0,0.0,0,
10413,68,369,68,0,0.0,0,
10414,53,297,53,0,0.0,0,
10415,39,198,39,0,0.0,0,
10416,38,162,38,0,0.0,0,
10417,49,480,49,0,0.0,0,
10418,37,1017,37,0,0.0,0,
10419,10,354,10,0,0.0,0,
1041,40,182,40,0,0.0,0,
10420,21,106,21,0,0.0,0,
10421,46,1378,46,0,0.0,0,
10422,29,66,29,0,0.0,0,
10423,50,979,50,0,0.0,0,
10424,34,218,34,0,0.0,0,
10425,32,956,32,0,0.0,0,
10426,59,251,59,0,0.0,0,
10427,35,1327,35,0,0.0,0,
10428,72,198,72,0,0.0,0,
10429,45,409,45,0,0.0,0,
1042,56,251,56,0,0.0,0,
10430,78,521,78,0,0.0,0,
10431,43,113,43,0,0.0,0,
10432,63,775,63,0,0.0,0,
10433,34,239,34,0,0.0,0,
10434,48,654,48,0,0.0,0,
10435,44,268,44,0,0.0,0,
10436,65,198,65,0,0.0,0,
10437,43,879,42,1,0.023255813953488372,0,A_55
10438,58,549,58,0,0.0,0,
10439,49,360,49,0,0.0,0,
1043,47,388,47,0,0.0,0,
10440,51,255,51,0,0.0,0,
10441,47,732,47,0,0.0,0,
10442,52,920,52,0,0.0,0,
10443,24,56,24,0,0.0,0,
10444,49,280,49,0,0.0,0,
10445,46,256,46,0,0.0,0,
10446,52,272,52,0,0.0,0,
10447,53,1622,53,0,0.0,0,
10448,75,799,75,0,0.0,0,
10449,31,95,31,0,0.0,0,
1044,39,94,39,0,0.0,0,
10450,36,265,36,0,0.0,0,
10451,52,159,52,0,0.0,0,
10452,49,290,49,0,0.0,0,
10453,34,426,34,0,0.0,0,
10454,81,585,81,0,0.0,0,
10455,55,319,55,0,0.0,0,
10456,42,484,42,0,0.0,0,
10457,52,163,52,0,0.0,0,
10458,47,799,47,0,0.0,0,
10459,67,367,67,0,0.0,0,
1045,57,521,57,0,0.0,0,
10460,54,386,54,0,0.0,0,
10461,32,298,32,0,0.0,0,
10462,41,257,41,0,0.0,0,
10463,71,230,71,0,0.0,0,
10464,53,223,53,0,0.0,0,
10465,48,238,48,0,0.0,0,
10466,57,889,57,0,0.0,0,
10467,58,957,58,0,0.0,0,
10468,53,318,53,0,0.0,0,
10469,57,202,57,0,0.0,0,
1046,48,253,48,0,0.0,0,
10470,31,358,31,0,0.0,0,
10471,53,287,53,0,0.0,0,
10472,58,1672,58,0,0.0,0,
10473,44,316,44,0,0.0,0,
10474,56,1896,56,0,0.0,0,
10475,55,223,55,0,0.0,0,
10476,52,232,52,0,0.0,0,
10477,45,294,45,0,0.0,0,
10478,46,182,46,0,0.0,0,
10479,60,1812,60,0,0.0,0,
1047,39,179,39,0,0.0,0,
10480,55,416,55,0,0.0,0,
10481,45,284,45,0,0.0,0,
10482,46,926,46,0,0.0,0,
10483,44,394,44,0,0.0,0,
10484,58,666,58,0,0.0,0,
10485,48,204,48,0,0.0,0,
10486,54,223,54,0,0.0,0,
10487,63,351,63,0,0.0,0,
10488,50,433,50,0,0.0,0,
10489,51,1064,51,0,0.0,0,
1048,51,228,51,0,0.0,0,
10490,76,430,76,0,0.0,0,
10491,45,930,45,0,0.0,0,
10492,56,521,56,0,0.0,0,
10493,47,295,47,0,0.0,0,
10494,76,145,76,0,0.0,0,
10495,50,766,50,0,0.0,0,
10496,59,214,59,0,0.0,0,
10497,26,125,26,0,0.0,0,
10498,93,1388,93,0,0.0,0,
10499,55,648,55,0,0.0,0,
1049,47,763,47,0,0.0,0,
104,37,358,37,0,0.0,0,
10500,59,820,59,0,0.0,0,
10501,29,123,29,0,0.0,0,
10502,56,527,56,0,0.0,0,
10503,65,375,65,0,0.0,0,
10504,61,251,61,0,0.0,0,
10505,57,286,57,0,0.0,0,
10506,51,316,51,0,0.0,0,
10507,58,862,58,0,0.0,0,
10508,31,411,31,0,0.0,0,
10509,51,855,51,0,0.0,0,
1050,55,377,55,0,0.0,0,
10510,38,107,38,0,0.0,0,
10511,60,328,60,0,0.0,0,
10512,53,521,53,0,0.0,0,
10513,53,356,53,0,0.0,0,
10514,48,373,48,0,0.0,0,
10515,23,151,23,0,0.0,0,
10516,68,198,68,0,0.0,0,
10517,47,138,47,0,0.0,0,
10518,55,307,55,0,0.0,0,
10519,38,123,38,0,0.0,0,
1051,32,116,32,0,0.0,0,
10520,47,716,47,0,0.0,0,
10521,54,418,54,0,0.0,0,
10522,56,515,56,0,0.0,0,
10523,48,257,48,0,0.0,0,
10524,31,340,31,0,0.0,0,
10525,65,638,65,0,0.0,0,
10526,48,338,48,0,0.0,0,
10527,49,285,49,0,0.0,0,
10528,74,286,74,0,0.0,0,
10529,44,128,44,0,0.0,0,
1052,56,355,56,0,0.0,0,
10530,39,828,39,0,0.0,0,
10531,51,597,51,0,0.0,0,
10532,53,240,53,0,0.0,0,
10533,42,336,42,0,0.0,0,
10534,52,1658,52,0,0.0,0,
10535,29,456,29,0,0.0,0,
10536,43,119,43,0,0.0,0,
10537,55,444,55,0,0.0,0,
10538,62,282,62,0,0.0,0,
10539,26,390,26,0,0.0,0,
1053,68,258,68,0,0.0,0,
10540,97,360,97,0,0.0,0,
10541,64,1275,64,0,0.0,0,
10542,53,611,53,0,0.0,0,
10543,33,105,33,0,0.0,0,
10544,63,474,63,0,0.0,0,
10545,37,223,37,0,0.0,0,
10546,40,396,40,0,0.0,0,
10547,54,247,54,0,0.0,0,
10548,46,349,46,0,0.0,0,
10549,67,1068,67,0,0.0,0,
1054,43,81,43,0,0.0,0,
10550,72,1384,72,0,0.0,0,
10551,31,493,31,0,0.0,0,
10552,46,986,45,1,0.021739130434782608,0,A_303
10553,50,261,50,0,0.0,0,
10554,43,327,43,0,0.0,0,
10555,49,94,49,0,0.0,0,
10556,42,211,42,0,0.0,0,
10557,36,111,36,0,0.0,0,
10558,81,376,81,0,0.0,0,
10559,52,632,52,0,0.0,0,
1055,52,343,52,0,0.0,0,
10560,44,565,44,0,0.0,0,
10561,43,351,43,0,0.0,0,
10562,51,257,51,0,0.0,0,
10563,64,328,64,0,0.0,0,
10564,32,488,32,0,0.0,0,
10565,50,924,50,0,0.0,0,
10566,37,297,37,0,0.0,0,
10567,58,256,58,0,0.0,0,
10568,64,430,64,0,0.0,0,
10569,37,358,37,0,0.0,0,
1056,71,284,71,0,0.0,0,
10570,36,242,35,1,0.027777777777777776,0,A_84
10571,64,428,64,0,0.0,0,
10572,44,113,44,0,0.0,0,
10573,41,4210,41,0,0.0,0,
10574,41,866,41,0,0.0,0,
10575,43,159,43,0,0.0,0,
10576,70,386,70,0,0.0,0,
10577,50,119,50,0,0.0,0,
10578,49,261,49,0,0.0,0,
10579,45,788,45,0,0.0,0,
1057,57,276,57,0,0.0,0,
10580,43,564,43,0,0.0,0,
10581,36,219,36,0,0.0,0,
10582,12,257,12,0,0.0,0,
10583,54,284,54,0,0.0,0,
10584,65,429,65,0,0.0,0,
10585,53,269,53,0,0.0,0,
10586,23,236,23,0,0.0,0,
10587,50,466,50,0,0.0,0,
10588,42,546,42,0,0.0,0,
10589,34,127,34,0,0.0,0,
1058,55,327,55,0,0.0,0,
10590,40,1207,40,0,0.0,0,
10591,58,135,58,0,0.0,0,
10592,69,694,69,0,0.0,0,
10593,41,660,41,0,0.0,0,
10594,49,208,49,0,0.0,0,
10595,56,232,56,0,0.0,0,
10596,26,175,26,0,0.0,0,
10597,65,342,65,0,0.0,0,
10598,34,213,34,0,0.0,0,
10599,59,440,59,0,0.0,0,
1059,54,713,54,0,0.0,0,
105,38,329,38,0,0.0,0,
10600,78,422,78,0,0.0,0,
10601,30,56,30,0,0.0,0,
10602,53,281,53,0,0.0,0,
10603,54,150,54,0,0.0,0,
10604,68,263,68,0,0.0,0,
10605,35,95,35,0,0.0,0,
10606,66,198,66,0,0.0,0,
10607,56,286,56,0,0.0,0,
10608,47,488,47,0,0.0,0,
10609,48,265,48,0,0.0,0,
1060,55,796,55,0,0.0,0,
10610,53,459,53,0,0.0,0,
10611,32,158,32,0,0.0,0,
10612,46,322,46,0,0.0,0,
10613,46,204,46,0,0.0,0,
10614,52,281,52,0,0.0,0,
10615,49,444,49,0,0.0,0,
10616,44,215,44,0,0.0,0,
10617,28,241,27,1,0.03571428571428571,0,A_73
10618,39,247,39,0,0.0,0,
10619,35,219,35,0,0.0,0,
1061,50,285,50,0,0.0,0,
10620,65,480,65,0,0.0,0,
10621,70,198,70,0,0.0,0,
10622,35,562,35,0,0.0,0,
10623,90,294,89,1,0.011111111111111112,0,A_1163
10624,63,337,63,0,0.0,0,
10625,35,137,35,0,0.0,0,
10626,63,257,63,0,0.0,0,
10627,67,1056,67,0,0.0,0,
10628,49,935,49,0,0.0,0,
10629,53,289,53,0,0.0,0,
1062,29,612,29,0,0.0,0,
10630,44,259,44,0,0.0,0,
10631,46,275,46,0,0.0,0,
10632,47,194,47,0,0.0,0,
10633,41,202,41,0,0.0,0,
10634,51,390,51,0,0.0,0,
10635,40,476,40,0,0.0,0,
10636,55,370,55,0,0.0,0,
10637,43,2652,43,0,0.0,0,
10638,50,434,50,0,0.0,0,
10639,49,682,49,0,0.0,0,
1063,56,542,56,0,0.0,0,
10640,47,426,47,0,0.0,0,
10641,41,1454,41,0,0.0,0,
10642,40,81,39,1,0.025,0,A_137
10643,52,277,52,0,0.0,0,
10644,50,554,50,0,0.0,0,
10645,42,223,42,0,0.0,0,
10646,57,504,57,0,0.0,0,
10647,49,814,49,0,0.0,0,
10648,58,310,58,0,0.0,0,
10649,67,338,67,0,0.0,0,
1064,47,124,47,0,0.0,0,
10650,63,368,63,0,0.0,0,
10651,35,124,35,0,0.0,0,
10652,48,425,48,0,0.0,0,
10653,48,315,48,0,0.0,0,
10654,16,422,16,0,0.0,0,
10655,63,369,63,0,0.0,0,
10656,51,864,51,0,0.0,0,
10657,47,505,47,0,0.0,0,
10658,37,223,37,0,0.0,0,
10659,71,198,71,0,0.0,0,
1065,41,271,41,0,0.0,0,
10660,60,276,60,0,0.0,0,
10661,33,331,33,0,0.0,0,
10662,53,223,53,0,0.0,0,
10663,44,1461,44,0,0.0,0,
10664,38,153,38,0,0.0,0,
10665,42,438,42,0,0.0,0,
10666,54,433,54,0,0.0,0,
10667,49,285,49,0,0.0,0,
10668,55,371,55,0,0.0,0,
10669,54,257,54,0,0.0,0,
1066,42,358,42,0,0.0,0,
10670,48,782,48,0,0.0,0,
10671,58,377,58,0,0.0,0,
10672,33,271,33,0,0.0,0,
10673,74,240,74,0,0.0,0,
10674,31,96,31,0,0.0,0,
10675,51,309,51,0,0.0,0,
10676,50,327,50,0,0.0,0,
10677,47,676,47,0,0.0,0,
10678,36,300,36,0,0.0,0,
10679,43,804,43,0,0.0,0,
1067,68,224,68,0,0.0,0,
10680,51,262,51,0,0.0,0,
10681,59,214,59,0,0.0,0,
10682,80,432,80,0,0.0,0,
10683,34,277,34,0,0.0,0,
10684,63,704,63,0,0.0,0,
10685,38,401,38,0,0.0,0,
10686,52,1400,52,0,0.0,0,
10687,56,192,56,0,0.0,0,
10688,48,329,48,0,0.0,0,
10689,50,732,50,0,0.0,0,
1068,49,287,49,0,0.0,0,
10690,51,352,51,0,0.0,0,
10691,18,1712,18,0,0.0,0,
10692,62,375,62,0,0.0,0,
10693,38,547,38,0,0.0,0,
10694,35,138,35,0,0.0,0,
10695,55,270,55,0,0.0,0,
10696,49,562,49,0,0.0,0,
10697,43,269,43,0,0.0,0,
10698,54,750,54,0,0.0,0,
10699,56,208,56,0,0.0,0,
1069,56,1656,56,0,0.0,0,
106,35,1469,35,0,0.0,0,
10700,48,276,48,0,0.0,0,
10701,42,976,42,0,0.0,0,
10702,52,300,52,0,0.0,0,
10703,50,458,50,0,0.0,0,
10704,69,545,69,0,0.0,0,
10705,37,808,37,0,0.0,0,
10706,47,835,47,0,0.0,0,
10707,42,154,42,0,0.0,0,
10708,33,262,33,0,0.0,0,
10709,41,314,41,0,0.0,0,
1070,30,651,30,0,0.0,0,
10710,62,507,62,0,0.0,0,
10711,29,684,29,0,0.0,0,
10712,40,127,40,0,0.0,0,
10713,29,116,29,0,0.0,0,
10714,50,598,50,0,0.0,0,
10715,49,1054,49,0,0.0,0,
10716,44,271,44,0,0.0,0,
10717,46,1376,46,0,0.0,0,
10718,41,415,41,0,0.0,0,
10719,73,250,73,0,0.0,0,
1071,39,127,39,0,0.0,0,
10720,68,198,68,0,0.0,0,
10721,27,302,27,0,0.0,0,
10722,39,65,39,0,0.0,0,
10723,69,198,69,0,0.0,0,
10724,46,444,46,0,0.0,0,
10725,50,257,50,0,0.0,0,
10726,37,119,37,0,0.0,0,
10727,32,515,32,0,0.0,0,
10728,58,294,58,0,0.0,0,
10729,68,394,68,0,0.0,0,
1072,47,669,47,0,0.0,0,
10730,34,92,34,0,0.0,0,
10731,48,423,48,0,0.0,0,
10732,47,815,47,0,0.0,0,
10733,62,555,62,0,0.0,0,
10734,54,333,54,0,0.0,0,
10735,29,237,29,0,0.0,0,
10736,51,333,51,0,0.0,0,
10737,60,289,60,0,0.0,0,
10738,46,417,46,0,0.0,0,
10739,53,261,53,0,0.0,0,
1073,35,114,35,0,0.0,0,
10740,59,213,59,0,0.0,0,
10741,54,1624,53,1,0.018518518518518517,0,A_680
10742,46,305,46,0,0.0,0,
10743,70,303,70,0,0.0,0,
10744,61,198,61,0,0.0,0,
10745,51,306,51,0,0.0,0,
10746,124,644,124,0,0.0,0,
10747,79,744,79,0,0.0,0,
10748,110,730,110,0,0.0,0,
10749,56,210,56,0,0.0,0,
1074,36,56,36,0,0.0,0,
10750,51,257,51,0,0.0,0,
10751,50,936,50,0,0.0,0,
10752,37,183,37,0,0.0,0,
10753,51,332,51,0,0.0,0,
10754,44,1025,44,0,0.0,0,
10755,46,347,45,1,0.021739130434782608,0,A_120
10756,54,256,54,0,0.0,0,
10757,44,308,44,0,0.0,0,
10758,53,496,53,0,0.0,0,
10759,36,262,36,0,0.0,0,
1075,31,288,31,0,0.0,0,
10760,67,513,67,0,0.0,0,
10761,54,309,54,0,0.0,0,
10762,64,208,64,0,0.0,0,
10763,33,158,33,0,0.0,0,
10764,71,721,71,0,0.0,0,
10765,39,188,39,0,0.0,0,
10766,44,1350,44,0,0.0,0,
10767,49,502,49,0,0.0,0,
10768,56,710,56,0,0.0,0,
10769,46,284,46,0,0.0,0,
1076,45,156,45,0,0.0,0,
10770,78,2216,78,0,0.0,0,
10771,102,818,102,0,0.0,0,
10772,26,418,26,0,0.0,0,
10773,55,736,55,0,0.0,0,
10774,56,134,56,0,0.0,0,
10775,61,514,61,0,0.0,0,
10776,85,373,85,0,0.0,0,
10777,48,497,48,0,0.0,0,
10778,37,300,37,0,0.0,0,
10779,54,385,54,0,0.0,0,
1077,35,1016,35,0,0.0,0,
10780,57,1044,57,0,0.0,0,
10781,45,179,45,0,0.0,0,
10782,73,607,73,0,0.0,0,
10783,44,165,44,0,0.0,0,
10784,52,282,52,0,0.0,0,
10785,50,232,50,0,0.0,0,
10786,69,300,69,0,0.0,0,
10787,63,328,63,0,0.0,0,
10788,50,258,50,0,0.0,0,
10789,48,209,48,0,0.0,0,
1078,58,286,58,0,0.0,0,
10790,59,287,59,0,0.0,0,
10791,28,250,28,0,0.0,0,
10792,46,780,46,0,0.0,0,
10793,37,223,37,0,0.0,0,
10794,44,1460,44,0,0.0,0,
10795,69,371,69,0,0.0,0,
10796,64,209,64,0,0.0,0,
10797,34,127,34,0,0.0,0,
10798,72,648,72,0,0.0,0,
10799,29,116,29,0,0.0,0,
1079,51,1048,51,0,0.0,0,
107,49,528,49,0,0.0,0,
10800,50,641,50,0,0.0,0,
10801,37,209,37,0,0.0,0,
10802,51,259,51,0,0.0,0,
10803,27,121,27,0,0.0,0,
10804,56,309,56,0,0.0,0,
10805,45,258,45,0,0.0,0,
10806,29,177,29,0,0.0,0,
10807,66,198,66,0,0.0,0,
10808,47,180,47,0,0.0,0,
10809,41,439,41,0,0.0,0,
1080,33,94,33,0,0.0,0,
10810,45,266,45,0,0.0,0,
10811,36,162,36,0,0.0,0,
10812,80,375,80,0,0.0,0,
10813,47,684,47,0,0.0,0,
10814,25,79,25,0,0.0,0,
10815,53,1560,53,0,0.0,0,
10816,53,349,53,0,0.0,0,
10817,46,267,46,0,0.0,0,
10818,58,488,58,0,0.0,0,
10819,51,291,51,0,0.0,0,
1081,33,212,33,0,0.0,0,
10820,52,669,52,0,0.0,0,
10821,49,282,49,0,0.0,0,
10822,53,279,53,0,0.0,0,
10823,39,446,39,0,0.0,0,
10824,52,294,52,0,0.0,0,
10825,34,869,34,0,0.0,0,
10826,60,426,60,0,0.0,0,
10827,40,342,40,0,0.0,0,
10828,33,227,33,0,0.0,0,
10829,70,619,70,0,0.0,0,
1082,38,113,38,0,0.0,0,
10830,34,226,34,0,0.0,0,
10831,55,256,55,0,0.0,0,
10832,30,582,30,0,0.0,0,
10833,31,155,31,0,0.0,0,
10834,57,516,57,0,0.0,0,
10835,53,462,53,0,0.0,0,
10836,64,596,64,0,0.0,0,
10837,50,574,50,0,0.0,0,
10838,39,101,39,0,0.0,0,
10839,55,808,55,0,0.0,0,
1083,54,441,54,0,0.0,0,
10840,53,261,53,0,0.0,0,
10841,48,536,48,0,0.0,0,
10842,42,356,42,0,0.0,0,
10843,46,464,46,0,0.0,0,
10844,49,274,49,0,0.0,0,
10845,49,747,49,0,0.0,0,
10846,30,993,30,0,0.0,0,
10847,39,211,39,0,0.0,0,
10848,50,247,50,0,0.0,0,
10849,50,293,50,0,0.0,0,
1084,46,257,46,0,0.0,0,
10850,43,4060,43,0,0.0,0,
10851,44,147,44,0,0.0,0,
10852,64,198,64,0,0.0,0,
10853,60,285,60,0,0.0,0,
10854,88,369,88,0,0.0,0,
10855,35,124,35,0,0.0,0,
10856,33,282,33,0,0.0,0,
10857,68,230,68,0,0.0,0,
10858,37,546,37,0,0.0,0,
10859,40,152,40,0,0.0,0,
1085,55,241,55,0,0.0,0,
10860,60,279,60,0,0.0,0,
10861,117,817,117,0,0.0,0,
10862,52,1552,52,0,0.0,0,
10863,43,524,43,0,0.0,0,
10864,50,484,50,0,0.0,0,
10865,74,557,74,0,0.0,0,
10866,46,829,46,0,0.0,0,
10867,56,292,56,0,0.0,0,
10868,50,258,50,0,0.0,0,
10869,38,126,38,0,0.0,0,
1086,47,831,47,0,0.0,0,
10870,71,940,71,0,0.0,0,
10871,37,116,37,0,0.0,0,
10872,67,430,67,0,0.0,0,
10873,60,309,60,0,0.0,0,
10874,48,294,48,0,0.0,0,
10875,52,279,52,0,0.0,0,
10876,50,529,50,0,0.0,0,
10877,51,295,51,0,0.0,0,
10878,56,965,56,0,0.0,0,
10879,0,304,0,0,0.0,0,
1087,69,335,69,0,0.0,0,
10880,56,223,56,0,0.0,0,
10881,44,263,44,0,0.0,0,
10882,68,370,68,0,0.0,0,
10883,37,358,37,0,0.0,0,
10884,44,416,44,0,0.0,0,
10885,55,3866,55,0,0.0,0,
10886,51,251,51,0,0.0,0,
10887,52,554,52,0,0.0,0,
10888,40,179,40,0,0.0,0,
10889,44,287,44,0,0.0,0,
1088,71,548,71,0,0.0,0,
10890,37,194,37,0,0.0,0,
10891,61,276,61,0,0.0,0,
10892,54,387,54,0,0.0,0,
10893,63,196,63,0,0.0,0,
10894,52,411,52,0,0.0,0,
10895,71,371,71,0,0.0,0,
10896,6,771,6,0,0.0,0,
10897,46,128,46,0,0.0,0,
10898,63,387,63,0,0.0,0,
10899,50,602,50,0,0.0,0,
1089,63,632,63,0,0.0,0,
108,44,575,44,0,0.0,0,
10900,23,452,23,0,0.0,0,
10901,50,460,50,0,0.0,0,
10902,57,610,57,0,0.0,0,
10903,74,339,74,0,0.0,0,
10904,55,231,55,0,0.0,0,
10905,33,57,33,0,0.0,0,
10906,46,395,46,0,0.0,0,
10907,43,84,43,0,0.0,0,
10908,51,484,51,0,0.0,0,
10909,70,809,69,1,0.014285714285714285,0,A_680
1090,47,1665,47,0,0.0,0,
10910,52,1910,52,0,0.0,0,
10911,71,163,71,0,0.0,0,
10912,49,554,49,0,0.0,0,
10913,15,30,15,0,0.0,0,
10914,51,560,51,0,0.0,0,
10915,68,941,68,0,0.0,0,
10916,57,514,57,0,0.0,0,
10917,69,1495,69,0,0.0,0,
10918,44,385,44,0,0.0,0,
10919,43,320,43,0,0.0,0,
1091,45,514,45,0,0.0,0,
10920,50,258,50,0,0.0,0,
10921,50,1936,50,0,0.0,0,
10922,47,597,47,0,0.0,0,
10923,53,632,53,0,0.0,0,
10924,63,390,63,0,0.0,0,
10925,30,361,30,0,0.0,0,
10926,38,452,38,0,0.0,0,
10927,42,304,42,0,0.0,0,
10928,47,336,47,0,0.0,0,
10929,50,472,50,0,0.0,0,
1092,51,1552,51,0,0.0,0,
10930,48,496,48,0,0.0,0,
10931,45,221,45,0,0.0,0,
10932,47,469,47,0,0.0,0,
10933,58,213,58,0,0.0,0,
10934,28,58,28,0,0.0,0,
10935,59,328,59,0,0.0,0,
10936,46,316,46,0,0.0,0,
10937,25,404,25,0,0.0,0,
10938,52,1029,52,0,0.0,0,
10939,58,236,58,0,0.0,0,
1093,34,108,34,0,0.0,0,
10940,93,1791,93,0,0.0,0,
10941,49,281,49,0,0.0,0,
10942,52,198,52,0,0.0,0,
10943,27,71,27,0,0.0,0,
10944,35,115,35,0,0.0,0,
10945,44,1618,44,0,0.0,0,
10946,54,718,54,0,0.0,0,
10947,48,484,48,0,0.0,0,
10948,32,222,32,0,0.0,0,
10949,56,350,56,0,0.0,0,
1094,56,343,56,0,0.0,0,
10950,36,345,36,0,0.0,0,
10951,50,905,50,0,0.0,0,
10952,38,211,38,0,0.0,0,
10953,50,917,50,0,0.0,0,
10954,48,221,48,0,0.0,0,
10955,66,707,66,0,0.0,0,
10956,43,1624,43,0,0.0,0,
10957,36,324,34,2,0.05555555555555555,0,A_169 A_171
10958,35,127,35,0,0.0,0,
10959,53,360,53,0,0.0,0,
1095,67,221,67,0,0.0,0,
10960,49,776,49,0,0.0,0,
10961,68,472,68,0,0.0,0,
10962,62,198,62,0,0.0,0,
10963,45,272,45,0,0.0,0,
10964,45,942,45,0,0.0,0,
10965,57,355,57,0,0.0,0,
10966,51,345,51,0,0.0,0,
10967,81,351,81,0,0.0,0,
10968,39,519,39,0,0.0,0,
10969,48,830,48,0,0.0,0,
1096,49,144,49,0,0.0,0,
10970,40,121,40,0,0.0,0,
10971,49,274,49,0,0.0,0,
10972,40,302,40,0,0.0,0,
10973,43,582,43,0,0.0,0,
10974,74,517,74,0,0.0,0,
10975,33,63,33,0,0.0,0,
10976,68,303,68,0,0.0,0,
10977,46,123,46,0,0.0,0,
10978,60,651,60,0,0.0,0,
10979,60,277,60,0,0.0,0,
1097,49,257,49,0,0.0,0,
10980,49,476,49,0,0.0,0,
10981,58,369,58,0,0.0,0,
10982,69,462,69,0,0.0,0,
10983,45,1660,45,0,0.0,0,
10984,45,325,45,0,0.0,0,
10985,59,250,59,0,0.0,0,
10986,56,142,56,0,0.0,0,
10987,81,187,81,0,0.0,0,
10988,46,510,46,0,0.0,0,
10989,56,277,56,0,0.0,0,
1098,45,556,45,0,0.0,0,
10990,59,901,59,0,0.0,0,
10991,23,418,23,0,0.0,0,
10992,52,198,52,0,0.0,0,
10993,45,782,45,0,0.0,0,
10994,44,193,44,0,0.0,0,
10995,54,610,54,0,0.0,0,
10996,33,127,33,0,0.0,0,
10997,59,889,59,0,0.0,0,
10998,42,221,42,0,0.0,0,
10999,55,229,55,0,0.0,0,
1099,61,253,61,0,0.0,0,
109,50,585,50,0,0.0,0,
10,44,437,44,0,0.0,0,
11000,43,714,43,0,0.0,0,
11001,50,371,50,0,0.0,0,
11002,51,1287,51,0,0.0,0,
11003,49,914,49,0,0.0,0,
11004,50,258,50,0,0.0,0,
11005,25,64,25,0,0.0,0,
11006,54,257,54,0,0.0,0,
11007,53,894,53,0,0.0,0,
11008,53,223,53,0,0.0,0,
11009,42,378,42,0,0.0,0,
1100,32,441,32,0,0.0,0,
11010,19,460,19,0,0.0,0,
11011,56,534,56,0,0.0,0,
11012,58,486,58,0,0.0,0,
11013,45,703,45,0,0.0,0,
11014,59,190,59,0,0.0,0,
11015,19,419,19,0,0.0,0,
11016,65,252,65,0,0.0,0,
11017,62,174,62,0,0.0,0,
11018,38,182,38,0,0.0,0,
11019,49,284,49,0,0.0,0,
1101,69,374,69,0,0.0,0,
11020,45,1458,45,0,0.0,0,
11021,62,277,62,0,0.0,0,
11022,66,198,66,0,0.0,0,
11023,68,480,68,0,0.0,0,
11024,72,638,72,0,0.0,0,
11025,60,498,60,0,0.0,0,
11026,38,1509,38,0,0.0,0,
11027,58,364,58,0,0.0,0,
11028,66,2532,66,0,0.0,0,
11029,44,622,44,0,0.0,0,
1102,46,133,46,0,0.0,0,
11030,60,376,60,0,0.0,0,
11031,66,371,66,0,0.0,0,
11032,53,223,53,0,0.0,0,
11033,30,124,30,0,0.0,0,
11034,52,430,52,0,0.0,0,
11035,51,889,51,0,0.0,0,
11036,32,147,32,0,0.0,0,
11037,72,383,72,0,0.0,0,
11038,49,161,49,0,0.0,0,
11039,27,390,27,0,0.0,0,
1103,52,956,52,0,0.0,0,
11040,51,426,51,0,0.0,0,
11041,61,207,61,0,0.0,0,
11042,49,514,49,0,0.0,0,
11043,48,674,48,0,0.0,0,
11044,40,900,40,0,0.0,0,
11045,25,56,25,0,0.0,0,
11046,42,348,42,0,0.0,0,
11047,41,306,41,0,0.0,0,
11048,59,373,59,0,0.0,0,
11049,36,127,36,0,0.0,0,
1104,62,393,62,0,0.0,0,
11050,52,308,52,0,0.0,0,
11051,44,223,44,0,0.0,0,
11052,56,286,56,0,0.0,0,
11053,45,946,45,0,0.0,0,
11054,48,582,48,0,0.0,0,
11055,27,138,27,0,0.0,0,
11056,56,285,56,0,0.0,0,
11057,50,308,50,0,0.0,0,
11058,56,208,56,0,0.0,0,
11059,27,570,27,0,0.0,0,
1105,46,269,46,0,0.0,0,
11060,129,802,129,0,0.0,0,
11061,29,456,29,0,0.0,0,
11062,38,265,38,0,0.0,0,
11063,43,193,43,0,0.0,0,
11064,42,268,42,0,0.0,0,
11065,58,460,58,0,0.0,0,
11066,68,198,68,0,0.0,0,
11067,40,92,40,0,0.0,0,
11068,27,57,27,0,0.0,0,
11069,61,418,61,0,0.0,0,
1106,23,359,23,0,0.0,0,
11070,55,708,55,0,0.0,0,
11071,43,883,43,0,0.0,0,
11072,59,514,59,0,0.0,0,
11073,49,297,49,0,0.0,0,
11074,53,298,53,0,0.0,0,
11075,48,336,48,0,0.0,0,
11076,59,466,59,0,0.0,0,
11077,40,472,40,0,0.0,0,
11078,54,1662,54,0,0.0,0,
11079,58,276,58,0,0.0,0,
1107,49,435,49,0,0.0,0,
11080,42,124,42,0,0.0,0,
11081,57,464,57,0,0.0,0,
11082,35,438,35,0,0.0,0,
11083,72,473,72,0,0.0,0,
11084,64,686,64,0,0.0,0,
11085,35,288,35,0,0.0,0,
11086,77,375,77,0,0.0,0,
11087,31,155,31,0,0.0,0,
11088,41,285,41,0,0.0,0,
11089,26,150,26,0,0.0,0,
1108,28,456,28,0,0.0,0,
11090,44,428,44,0,0.0,0,
11091,50,258,50,0,0.0,0,
11092,54,272,54,0,0.0,0,
11093,50,248,50,0,0.0,0,
11094,65,1724,65,0,0.0,0,
11095,42,201,42,0,0.0,0,
11096,42,200,42,0,0.0,0,
11097,34,157,34,0,0.0,0,
11098,49,124,49,0,0.0,0,
11099,46,154,46,0,0.0,0,
1109,53,223,53,0,0.0,0,
110,46,208,46,0,0.0,0,
11100,43,370,43,0,0.0,0,
11101,53,550,53,0,0.0,0,
11102,70,332,70,0,0.0,0,
11103,47,465,47,0,0.0,0,
11104,50,855,50,0,0.0,0,
11105,57,295,57,0,0.0,0,
11106,52,328,52,0,0.0,0,
11107,48,428,48,0,0.0,0,
11108,52,248,52,0,0.0,0,
11109,47,1180,47,0,0.0,0,
1110,66,562,66,0,0.0,0,
11110,54,257,54,0,0.0,0,
11111,28,151,28,0,0.0,0,
11112,51,290,51,0,0.0,0,
11113,48,426,48,0,0.0,0,
11114,51,968,51,0,0.0,0,
11115,38,227,38,0,0.0,0,
11116,28,291,28,0,0.0,0,
11117,49,159,49,0,0.0,0,
11118,73,682,73,0,0.0,0,
11119,46,509,45,1,0.021739130434782608,0,A_66
1111,54,388,54,0,0.0,0,
11120,30,100,30,0,0.0,0,
11121,70,333,70,0,0.0,0,
11122,53,503,53,0,0.0,0,
11123,53,213,53,0,0.0,0,
11124,46,175,46,0,0.0,0,
11125,35,98,35,0,0.0,0,
11126,36,763,36,0,0.0,0,
11127,45,303,45,0,0.0,0,
11128,36,316,36,0,0.0,0,
11129,44,525,44,0,0.0,0,
1112,35,134,35,0,0.0,0,
11130,44,160,44,0,0.0,0,
11131,51,136,51,0,0.0,0,
11132,40,85,40,0,0.0,0,
11133,47,358,47,0,0.0,0,
11134,42,257,42,0,0.0,0,
11135,43,530,43,0,0.0,0,
11136,45,157,45,0,0.0,0,
11137,36,124,36,0,0.0,0,
11138,26,303,26,0,0.0,0,
11139,48,484,48,0,0.0,0,
1113,38,781,38,0,0.0,0,
11140,51,2646,51,0,0.0,0,
11141,48,147,48,0,0.0,0,
11142,36,162,36,0,0.0,0,
11143,39,678,39,0,0.0,0,
11144,35,292,35,0,0.0,0,
11145,29,125,29,0,0.0,0,
11146,60,486,60,0,0.0,0,
11147,53,274,53,0,0.0,0,
11148,57,344,57,0,0.0,0,
11149,41,56,41,0,0.0,0,
1114,44,284,44,0,0.0,0,
11150,45,275,45,0,0.0,0,
11151,42,236,42,0,0.0,0,
11152,37,88,37,0,0.0,0,
11153,48,364,48,0,0.0,0,
11154,42,361,42,0,0.0,0,
11155,47,1018,47,0,0.0,0,
11156,63,347,63,0,0.0,0,
11157,47,198,47,0,0.0,0,
11158,62,263,62,0,0.0,0,
11159,38,513,38,0,0.0,0,
1115,50,274,50,0,0.0,0,
11160,50,277,50,0,0.0,0,
11161,55,245,55,0,0.0,0,
11162,41,782,41,0,0.0,0,
11163,49,739,49,0,0.0,0,
11164,58,2772,58,0,0.0,0,
11165,54,291,54,0,0.0,0,
11166,48,287,48,0,0.0,0,
11167,37,88,37,0,0.0,0,
11168,71,692,71,0,0.0,0,
11169,60,530,60,0,0.0,0,
1116,50,226,50,0,0.0,0,
11170,30,196,30,0,0.0,0,
11171,64,329,64,0,0.0,0,
11172,52,423,52,0,0.0,0,
11173,45,345,45,0,0.0,0,
11174,72,595,72,0,0.0,0,
11175,33,124,33,0,0.0,0,
11176,55,286,55,0,0.0,0,
11177,70,374,70,0,0.0,0,
11178,74,648,74,0,0.0,0,
11179,42,103,42,0,0.0,0,
1117,59,556,59,0,0.0,0,
11180,69,198,69,0,0.0,0,
11181,49,346,49,0,0.0,0,
11182,33,100,33,0,0.0,0,
11183,38,140,38,0,0.0,0,
11184,49,223,49,0,0.0,0,
11185,44,914,44,0,0.0,0,
11186,54,496,54,0,0.0,0,
11187,33,251,33,0,0.0,0,
11188,41,142,41,0,0.0,0,
11189,53,223,53,0,0.0,0,
1118,41,399,41,0,0.0,0,
11190,66,386,66,0,0.0,0,
11191,32,107,32,0,0.0,0,
11192,51,258,51,0,0.0,0,
11193,77,254,77,0,0.0,0,
11194,51,279,51,0,0.0,0,
11195,46,484,46,0,0.0,0,
11196,55,201,55,0,0.0,0,
11197,77,619,77,0,0.0,0,
11198,46,366,46,0,0.0,0,
11199,70,244,70,0,0.0,0,
1119,44,437,44,0,0.0,0,
111,44,358,44,0,0.0,0,
11200,37,435,37,0,0.0,0,
11201,39,248,39,0,0.0,0,
11202,46,257,46,0,0.0,0,
11203,42,564,42,0,0.0,0,
11204,56,285,56,0,0.0,0,
11205,72,648,72,0,0.0,0,
11206,38,127,38,0,0.0,0,
11207,29,1006,29,0,0.0,0,
11208,53,616,53,0,0.0,0,
11209,29,138,29,0,0.0,0,
1120,61,1302,61,0,0.0,0,
11210,34,445,34,0,0.0,0,
11211,47,578,47,0,0.0,0,
11212,55,246,55,0,0.0,0,
11213,54,686,54,0,0.0,0,
11214,37,158,37,0,0.0,0,
11215,43,256,43,0,0.0,0,
11216,51,294,51,0,0.0,0,
11217,42,264,42,0,0.0,0,
11218,52,258,52,0,0.0,0,
11219,68,617,68,0,0.0,0,
1121,47,781,47,0,0.0,0,
11220,65,1271,65,0,0.0,0,
11221,18,277,18,0,0.0,0,
11222,57,302,57,0,0.0,0,
11223,43,616,43,0,0.0,0,
11224,51,275,51,0,0.0,0,
11225,65,198,65,0,0.0,0,
11226,53,369,53,0,0.0,0,
11227,40,73,40,0,0.0,0,
11228,61,326,61,0,0.0,0,
11229,54,552,54,0,0.0,0,
1122,50,258,50,0,0.0,0,
11230,46,409,46,0,0.0,0,
11231,60,280,60,0,0.0,0,
11232,54,146,54,0,0.0,0,
11233,49,315,49,0,0.0,0,
11234,46,1686,46,0,0.0,0,
11235,56,288,56,0,0.0,0,
11236,47,325,47,0,0.0,0,
11237,31,369,31,0,0.0,0,
11238,51,278,51,0,0.0,0,
11239,43,801,43,0,0.0,0,
1123,63,378,63,0,0.0,0,
11240,44,298,44,0,0.0,0,
11241,58,598,58,0,0.0,0,
11242,57,222,57,0,0.0,0,
11243,80,570,80,0,0.0,0,
11244,58,304,58,0,0.0,0,
11245,65,209,65,0,0.0,0,
11246,62,469,62,0,0.0,0,
11247,41,229,41,0,0.0,0,
11248,62,714,62,0,0.0,0,
11249,70,692,70,0,0.0,0,
1124,57,136,57,0,0.0,0,
11250,66,517,66,0,0.0,0,
11251,50,159,50,0,0.0,0,
11252,30,244,30,0,0.0,0,
11253,47,452,47,0,0.0,0,
11254,49,235,49,0,0.0,0,
11255,44,868,44,0,0.0,0,
11256,38,356,38,0,0.0,0,
11257,54,800,53,1,0.018518518518518517,0,A_108
11258,64,360,64,0,0.0,0,
11259,50,490,50,0,0.0,0,
1125,54,256,54,0,0.0,0,
11260,29,214,29,0,0.0,0,
11261,52,208,52,0,0.0,0,
11262,44,220,44,0,0.0,0,
11263,30,296,30,0,0.0,0,
11264,58,282,58,0,0.0,0,
11265,92,337,92,0,0.0,0,
11266,36,110,36,0,0.0,0,
11267,49,278,49,0,0.0,0,
11268,51,498,51,0,0.0,0,
11269,61,209,61,0,0.0,0,
1126,64,382,64,0,0.0,0,
11270,47,275,47,0,0.0,0,
11271,70,198,70,0,0.0,0,
11272,56,272,56,0,0.0,0,
11273,26,259,26,0,0.0,0,
11274,36,84,36,0,0.0,0,
11275,60,286,60,0,0.0,0,
11276,58,198,58,0,0.0,0,
11277,50,269,50,0,0.0,0,
11278,39,485,39,0,0.0,0,
11279,50,364,50,0,0.0,0,
1127,41,278,41,0,0.0,0,
11280,54,297,54,0,0.0,0,
11281,69,459,69,0,0.0,0,
11282,43,292,43,0,0.0,0,
11283,72,426,72,0,0.0,0,
11284,43,105,43,0,0.0,0,
11285,61,225,61,0,0.0,0,
11286,41,1287,41,0,0.0,0,
11287,53,289,53,0,0.0,0,
11288,34,241,33,1,0.029411764705882353,0,A_73
11289,45,258,45,0,0.0,0,
1128,60,294,60,0,0.0,0,
11290,74,495,74,0,0.0,0,
11291,46,240,46,0,0.0,0,
11292,44,1025,44,0,0.0,0,
11293,48,501,48,0,0.0,0,
11294,23,150,23,0,0.0,0,
11295,37,89,37,0,0.0,0,
11296,51,340,51,0,0.0,0,
11297,60,198,60,0,0.0,0,
11298,46,1640,46,0,0.0,0,
11299,32,181,32,0,0.0,0,
1129,41,247,41,0,0.0,0,
112,51,257,51,0,0.0,0,
11300,73,648,73,0,0.0,0,
11301,48,258,48,0,0.0,0,
11302,49,179,49,0,0.0,0,
11303,55,342,55,0,0.0,0,
11304,32,105,32,0,0.0,0,
11305,68,198,68,0,0.0,0,
11306,56,532,56,0,0.0,0,
11307,53,548,53,0,0.0,0,
11308,44,379,43,1,0.022727272727272728,0,A_201
11309,50,261,50,0,0.0,0,
1130,73,648,73,0,0.0,0,
11310,49,542,49,0,0.0,0,
11311,50,270,50,0,0.0,0,
11312,38,127,38,0,0.0,0,
11313,70,372,70,0,0.0,0,
11314,54,303,54,0,0.0,0,
11315,41,200,41,0,0.0,0,
11316,37,380,36,1,0.02702702702702703,0,A_53
11317,31,298,31,0,0.0,0,
11318,51,389,51,0,0.0,0,
11319,50,327,50,0,0.0,0,
1131,31,197,31,0,0.0,0,
11320,53,331,53,0,0.0,0,
11321,65,244,65,0,0.0,0,
11322,57,312,57,0,0.0,0,
11323,56,1333,56,0,0.0,0,
11324,46,558,46,0,0.0,0,
11325,69,252,69,0,0.0,0,
11326,45,692,45,0,0.0,0,
11327,50,506,50,0,0.0,0,
11328,79,2216,79,0,0.0,0,
11329,30,240,30,0,0.0,0,
1132,59,262,59,0,0.0,0,
11330,65,563,65,0,0.0,0,
11331,47,507,47,0,0.0,0,
11332,47,305,47,0,0.0,0,
11333,67,198,67,0,0.0,0,
11334,53,213,53,0,0.0,0,
11335,53,572,53,0,0.0,0,
11336,41,87,41,0,0.0,0,
11337,47,223,47,0,0.0,0,
11338,53,319,53,0,0.0,0,
11339,54,372,54,0,0.0,0,
1133,51,308,51,0,0.0,0,
11340,36,115,36,0,0.0,0,
11341,23,327,23,0,0.0,0,
11342,73,694,73,0,0.0,0,
11343,49,337,49,0,0.0,0,
11344,54,435,54,0,0.0,0,
11345,55,646,55,0,0.0,0,
11346,65,256,65,0,0.0,0,
11347,66,585,66,0,0.0,0,
11348,45,833,45,0,0.0,0,
11349,31,104,31,0,0.0,0,
1134,37,357,37,0,0.0,0,
11350,58,298,58,0,0.0,0,
11351,69,198,69,0,0.0,0,
11352,34,258,34,0,0.0,0,
11353,52,284,52,0,0.0,0,
11354,47,1413,47,0,0.0,0,
11355,35,112,35,0,0.0,0,
11356,44,305,44,0,0.0,0,
11357,48,2916,48,0,0.0,0,
11358,71,247,71,0,0.0,0,
11359,58,182,58,0,0.0,0,
1135,36,357,36,0,0.0,0,
11360,71,317,71,0,0.0,0,
11361,47,217,47,0,0.0,0,
11362,56,320,56,0,0.0,0,
11363,35,2856,35,0,0.0,0,
11364,50,208,50,0,0.0,0,
11365,55,275,55,0,0.0,0,
11366,53,1029,53,0,0.0,0,
11367,42,250,42,0,0.0,0,
11368,47,184,47,0,0.0,0,
11369,62,338,62,0,0.0,0,
1136,48,209,48,0,0.0,0,
11370,61,743,61,0,0.0,0,
11371,62,774,62,0,0.0,0,
11372,57,585,57,0,0.0,0,
11373,42,714,42,0,0.0,0,
11374,44,302,44,0,0.0,0,
11375,40,432,40,0,0.0,0,
11376,50,543,50,0,0.0,0,
11377,61,881,61,0,0.0,0,
11378,48,217,48,0,0.0,0,
11379,62,726,62,0,0.0,0,
1137,50,815,50,0,0.0,0,
11380,44,531,44,0,0.0,0,
11381,48,265,48,0,0.0,0,
11382,54,289,54,0,0.0,0,
11383,51,398,51,0,0.0,0,
11384,69,725,69,0,0.0,0,
11385,36,332,36,0,0.0,0,
11386,36,444,36,0,0.0,0,
11387,40,306,40,0,0.0,0,
11388,54,1556,54,0,0.0,0,
11389,48,765,48,0,0.0,0,
1138,55,549,55,0,0.0,0,
11390,70,408,70,0,0.0,0,
11391,68,472,68,0,0.0,0,
11392,50,889,50,0,0.0,0,
11393,58,817,58,0,0.0,0,
11394,55,1172,55,0,0.0,0,
11395,35,131,35,0,0.0,0,
11396,48,971,48,0,0.0,0,
11397,36,227,36,0,0.0,0,
11398,50,340,50,0,0.0,0,
11399,40,360,40,0,0.0,0,
1139,55,894,55,0,0.0,0,
113,53,652,53,0,0.0,0,
11400,70,1684,70,0,0.0,0,
11401,36,472,36,0,0.0,0,
11402,54,227,54,0,0.0,0,
11403,41,154,41,0,0.0,0,
11404,65,198,65,0,0.0,0,
11405,52,1009,52,0,0.0,0,
11406,47,258,47,0,0.0,0,
11407,64,778,64,0,0.0,0,
11408,71,364,71,0,0.0,0,
11409,49,280,49,0,0.0,0,
1140,67,1616,66,1,0.014925373134328358,0,A_680
11410,28,58,28,0,0.0,0,
11411,32,234,32,0,0.0,0,
11412,43,149,43,0,0.0,0,
11413,38,298,38,0,0.0,0,
11414,75,150,75,0,0.0,0,
11415,64,1016,64,0,0.0,0,
11416,39,412,39,0,0.0,0,
11417,41,124,41,0,0.0,0,
11418,42,642,42,0,0.0,0,
11419,49,269,49,0,0.0,0,
1141,33,52,33,0,0.0,0,
11420,25,219,25,0,0.0,0,
11421,50,164,50,0,0.0,0,
11422,38,288,38,0,0.0,0,
11423,63,376,63,0,0.0,0,
11424,50,413,50,0,0.0,0,
11425,49,180,49,0,0.0,0,
11426,74,229,74,0,0.0,0,
11427,65,460,65,0,0.0,0,
11428,59,482,59,0,0.0,0,
11429,41,286,41,0,0.0,0,
1142,52,315,52,0,0.0,0,
11430,53,324,53,0,0.0,0,
11431,58,1218,58,0,0.0,0,
11432,62,434,62,0,0.0,0,
11433,71,431,71,0,0.0,0,
11434,53,257,53,0,0.0,0,
11435,37,792,37,0,0.0,0,
11436,49,267,49,0,0.0,0,
11437,41,357,41,0,0.0,0,
11438,42,669,42,0,0.0,0,
11439,64,806,63,1,0.015625,0,A_680
1143,52,279,52,0,0.0,0,
11440,21,179,21,0,0.0,0,
11441,37,435,37,0,0.0,0,
11442,46,754,46,0,0.0,0,
11443,52,194,52,0,0.0,0,
11444,50,390,50,0,0.0,0,
11445,48,308,48,0,0.0,0,
11446,54,834,54,0,0.0,0,
11447,56,282,56,0,0.0,0,
11448,52,287,52,0,0.0,0,
11449,23,934,23,0,0.0,0,
1144,54,562,54,0,0.0,0,
11450,51,198,51,0,0.0,0,
11451,56,159,56,0,0.0,0,
11452,53,366,53,0,0.0,0,
11453,39,121,39,0,0.0,0,
11454,61,244,61,0,0.0,0,
11455,56,213,56,0,0.0,0,
11456,48,660,48,0,0.0,0,
11457,69,198,69,0,0.0,0,
11458,50,259,50,0,0.0,0,
11459,38,114,38,0,0.0,0,
1145,41,331,41,0,0.0,0,
11460,62,198,62,0,0.0,0,
11461,53,709,53,0,0.0,0,
11462,48,1096,48,0,0.0,0,
11463,51,228,51,0,0.0,0,
11464,28,243,28,0,0.0,0,
11465,61,198,61,0,0.0,0,
11466,68,198,68,0,0.0,0,
11467,44,90,44,0,0.0,0,
11468,27,130,27,0,0.0,0,
11469,21,500,21,0,0.0,0,
1146,44,282,44,0,0.0,0,
11470,91,363,91,0,0.0,0,
11471,34,456,34,0,0.0,0,
11472,69,260,69,0,0.0,0,
11473,46,1773,46,0,0.0,0,
11474,72,1612,71,1,0.013888888888888888,0,A_680
11475,66,245,66,0,0.0,0,
11476,36,127,36,0,0.0,0,
11477,48,318,48,0,0.0,0,
11478,51,2040,51,0,0.0,0,
11479,60,278,60,0,0.0,0,
1147,63,223,63,0,0.0,0,
11480,81,374,81,0,0.0,0,
11481,54,353,54,0,0.0,0,
11482,29,908,29,0,0.0,0,
11483,53,272,53,0,0.0,0,
11484,47,499,47,0,0.0,0,
11485,48,702,48,0,0.0,0,
11486,60,217,60,0,0.0,0,
11487,48,177,48,0,0.0,0,
11488,72,198,72,0,0.0,0,
11489,49,455,49,0,0.0,0,
1148,40,223,40,0,0.0,0,
11490,46,351,46,0,0.0,0,
11491,52,241,52,0,0.0,0,
11492,56,331,56,0,0.0,0,
11493,38,497,38,0,0.0,0,
11494,50,444,50,0,0.0,0,
11495,60,714,60,0,0.0,0,
11496,59,422,59,0,0.0,0,
11497,67,848,67,0,0.0,0,
11498,65,364,65,0,0.0,0,
11499,67,1346,67,0,0.0,0,
1149,58,208,58,0,0.0,0,
114,39,104,39,0,0.0,0,
11500,62,290,62,0,0.0,0,
11501,66,198,66,0,0.0,0,
11502,49,714,49,0,0.0,0,
11503,71,932,71,0,0.0,0,
11504,54,654,54,0,0.0,0,
11505,42,331,42,0,0.0,0,
11506,33,134,33,0,0.0,0,
11507,45,192,45,0,0.0,0,
11508,39,128,39,0,0.0,0,
11509,41,521,41,0,0.0,0,
1150,53,516,53,0,0.0,0,
11510,41,200,41,0,0.0,0,
11511,44,498,44,0,0.0,0,
11512,47,246,47,0,0.0,0,
11513,55,257,55,0,0.0,0,
11514,39,227,39,0,0.0,0,
11515,40,90,40,0,0.0,0,
11516,64,2061,64,0,0.0,0,
11517,67,297,67,0,0.0,0,
11518,57,302,57,0,0.0,0,
11519,72,317,72,0,0.0,0,
1151,45,278,45,0,0.0,0,
11520,31,156,31,0,0.0,0,
11521,47,118,47,0,0.0,0,
11522,42,247,42,0,0.0,0,
11523,29,115,29,0,0.0,0,
11524,59,280,59,0,0.0,0,
11525,49,98,49,0,0.0,0,
11526,49,327,49,0,0.0,0,
11527,65,211,65,0,0.0,0,
11528,67,281,67,0,0.0,0,
11529,38,197,38,0,0.0,0,
1152,51,670,51,0,0.0,0,
11530,59,276,59,0,0.0,0,
11531,27,176,27,0,0.0,0,
11532,55,256,55,0,0.0,0,
11533,63,295,63,0,0.0,0,
11534,27,246,27,0,0.0,0,
11535,45,336,45,0,0.0,0,
11536,69,379,69,0,0.0,0,
11537,57,1275,57,0,0.0,0,
11538,64,345,64,0,0.0,0,
11539,38,298,38,0,0.0,0,
1153,53,256,53,0,0.0,0,
11540,57,369,57,0,0.0,0,
11541,70,1448,70,0,0.0,0,
11542,58,376,58,0,0.0,0,
11543,51,213,51,0,0.0,0,
11544,28,350,28,0,0.0,0,
11545,82,174,82,0,0.0,0,
11546,43,128,43,0,0.0,0,
11547,42,265,42,0,0.0,0,
11548,70,862,70,0,0.0,0,
11549,33,188,33,0,0.0,0,
1154,43,194,43,0,0.0,0,
11550,50,417,50,0,0.0,0,
11551,48,293,48,0,0.0,0,
11552,70,198,70,0,0.0,0,
11553,51,380,51,0,0.0,0,
11554,40,288,40,0,0.0,0,
11555,50,439,50,0,0.0,0,
11556,70,465,70,0,0.0,0,
11557,49,872,49,0,0.0,0,
11558,53,950,53,0,0.0,0,
11559,39,463,39,0,0.0,0,
1155,67,270,67,0,0.0,0,
11560,55,349,55,0,0.0,0,
11561,32,160,32,0,0.0,0,
11562,90,1367,90,0,0.0,0,
11563,69,198,69,0,0.0,0,
11564,39,136,39,0,0.0,0,
11565,33,434,33,0,0.0,0,
11566,32,127,32,0,0.0,0,
11567,52,289,52,0,0.0,0,
11568,62,261,62,0,0.0,0,
11569,56,710,56,0,0.0,0,
1156,54,580,54,0,0.0,0,
11570,43,257,43,0,0.0,0,
11571,56,276,56,0,0.0,0,
11572,60,748,60,0,0.0,0,
11573,17,640,17,0,0.0,0,
11574,52,327,52,0,0.0,0,
11575,60,214,60,0,0.0,0,
11576,52,2360,51,1,0.019230769230769232,0,A_447
11577,49,258,49,0,0.0,0,
11578,36,643,36,0,0.0,0,
11579,43,862,43,0,0.0,0,
1157,56,826,56,0,0.0,0,
11580,52,198,52,0,0.0,0,
11581,58,390,58,0,0.0,0,
11582,41,266,41,0,0.0,0,
11583,35,131,35,0,0.0,0,
11584,38,1271,38,0,0.0,0,
11585,53,336,52,1,0.018867924528301886,0,A_50
11586,49,984,49,0,0.0,0,
11587,60,1247,60,0,0.0,0,
11588,53,612,53,0,0.0,0,
11589,68,646,68,0,0.0,0,
1158,44,424,44,0,0.0,0,
11590,63,237,63,0,0.0,0,
11591,74,245,74,0,0.0,0,
11592,50,170,50,0,0.0,0,
11593,34,126,34,0,0.0,0,
11594,38,329,38,0,0.0,0,
11595,55,278,55,0,0.0,0,
11596,42,226,42,0,0.0,0,
11597,62,208,62,0,0.0,0,
11598,48,203,48,0,0.0,0,
11599,35,107,35,0,0.0,0,
1159,68,345,68,0,0.0,0,
115,64,308,64,0,0.0,0,
11600,61,466,61,0,0.0,0,
11601,63,379,63,0,0.0,0,
11602,50,193,50,0,0.0,0,
11603,40,1025,40,0,0.0,0,
11604,55,522,55,0,0.0,0,
11605,46,311,46,0,0.0,0,
11606,40,135,40,0,0.0,0,
11607,42,258,42,0,0.0,0,
11608,50,756,50,0,0.0,0,
11609,52,542,52,0,0.0,0,
1160,38,508,38,0,0.0,0,
11610,53,759,53,0,0.0,0,
11611,27,107,27,0,0.0,0,
11612,43,612,43,0,0.0,0,
11613,52,255,52,0,0.0,0,
11614,42,324,42,0,0.0,0,
11615,50,500,50,0,0.0,0,
11616,46,732,46,0,0.0,0,
11617,48,698,48,0,0.0,0,
11618,50,256,50,0,0.0,0,
11619,60,161,60,0,0.0,0,
1161,15,242,15,0,0.0,0,
11620,57,287,57,0,0.0,0,
11621,49,494,49,0,0.0,0,
11622,37,110,37,0,0.0,0,
11623,34,425,34,0,0.0,0,
11624,57,287,57,0,0.0,0,
11625,30,806,30,0,0.0,0,
11626,62,276,62,0,0.0,0,
11627,39,453,39,0,0.0,0,
11628,45,257,45,0,0.0,0,
11629,48,201,48,0,0.0,0,
1162,63,328,63,0,0.0,0,
11630,43,221,43,0,0.0,0,
11631,42,136,42,0,0.0,0,
11632,47,453,47,0,0.0,0,
11633,38,1724,38,0,0.0,0,
11634,56,465,56,0,0.0,0,
11635,51,884,51,0,0.0,0,
11636,56,1452,56,0,0.0,0,
11637,57,275,57,0,0.0,0,
11638,67,280,67,0,0.0,0,
11639,55,387,55,0,0.0,0,
1163,53,881,53,0,0.0,0,
11640,75,161,75,0,0.0,0,
11641,45,264,45,0,0.0,0,
11642,71,807,71,0,0.0,0,
11643,48,738,48,0,0.0,0,
11644,64,872,64,0,0.0,0,
11645,44,535,44,0,0.0,0,
11646,57,257,57,0,0.0,0,
11647,47,1248,47,0,0.0,0,
11648,68,198,68,0,0.0,0,
11649,39,122,39,0,0.0,0,
1164,43,850,43,0,0.0,0,
11650,64,198,64,0,0.0,0,
11651,54,304,54,0,0.0,0,
11652,45,1540,45,0,0.0,0,
11653,50,107,50,0,0.0,0,
11654,55,287,55,0,0.0,0,
11655,62,414,62,0,0.0,0,
11656,41,265,41,0,0.0,0,
11657,18,153,18,0,0.0,0,
11658,43,932,43,0,0.0,0,
11659,34,292,34,0,0.0,0,
1165,40,245,40,0,0.0,0,
11660,52,303,52,0,0.0,0,
11661,50,1250,50,0,0.0,0,
11662,50,559,50,0,0.0,0,
11663,47,282,47,0,0.0,0,
11664,46,166,46,0,0.0,0,
11665,52,652,52,0,0.0,0,
11666,54,427,54,0,0.0,0,
11667,31,318,31,0,0.0,0,
11668,32,195,32,0,0.0,0,
11669,61,276,61,0,0.0,0,
1166,46,387,46,0,0.0,0,
11670,27,600,27,0,0.0,0,
11671,48,1314,48,0,0.0,0,
11672,43,1150,43,0,0.0,0,
11673,42,257,42,0,0.0,0,
11674,19,153,19,0,0.0,0,
11675,49,252,49,0,0.0,0,
11676,56,336,56,0,0.0,0,
11677,126,799,126,0,0.0,0,
11678,29,103,29,0,0.0,0,
11679,14,242,14,0,0.0,0,
1167,66,198,66,0,0.0,0,
11680,37,243,36,1,0.02702702702702703,0,A_84
11681,28,515,28,0,0.0,0,
11682,61,299,61,0,0.0,0,
11683,57,290,57,0,0.0,0,
11684,50,182,50,0,0.0,0,
11685,44,94,44,0,0.0,0,
11686,43,863,43,0,0.0,0,
11687,56,349,56,0,0.0,0,
11688,48,526,48,0,0.0,0,
11689,65,198,65,0,0.0,0,
1168,54,355,54,0,0.0,0,
11690,43,285,43,0,0.0,0,
11691,42,371,42,0,0.0,0,
11692,45,330,45,0,0.0,0,
11693,64,209,64,0,0.0,0,
11694,38,95,38,0,0.0,0,
11695,55,313,55,0,0.0,0,
11696,102,813,102,0,0.0,0,
11697,52,1025,52,0,0.0,0,
11698,45,222,45,0,0.0,0,
11699,54,521,54,0,0.0,0,
1169,55,939,55,0,0.0,0,
116,61,518,61,0,0.0,0,
11700,57,289,57,0,0.0,0,
11701,38,108,38,0,0.0,0,
11702,70,434,69,1,0.014285714285714285,0,A_198
11703,41,1069,41,0,0.0,0,
11704,30,158,30,0,0.0,0,
11705,63,224,63,0,0.0,0,
11706,32,1461,32,0,0.0,0,
11707,49,528,49,0,0.0,0,
11708,56,610,56,0,0.0,0,
11709,53,612,53,0,0.0,0,
1170,59,581,59,0,0.0,0,
11710,66,330,66,0,0.0,0,
11711,64,275,64,0,0.0,0,
11712,48,348,48,0,0.0,0,
11713,68,198,68,0,0.0,0,
11714,54,207,54,0,0.0,0,
11715,34,113,34,0,0.0,0,
11716,44,174,44,0,0.0,0,
11717,61,261,61,0,0.0,0,
11718,34,93,34,0,0.0,0,
11719,52,1196,52,0,0.0,0,
1171,44,259,44,0,0.0,0,
11720,54,804,53,1,0.018518518518518517,0,A_211
11721,48,173,48,0,0.0,0,
11722,48,429,48,0,0.0,0,
11723,54,273,54,0,0.0,0,
11724,45,728,45,0,0.0,0,
11725,44,121,44,0,0.0,0,
11726,54,283,54,0,0.0,0,
11727,64,575,64,0,0.0,0,
11728,43,288,43,0,0.0,0,
11729,43,316,43,0,0.0,0,
1172,64,1382,64,0,0.0,0,
11730,49,270,49,0,0.0,0,
11731,59,1595,59,0,0.0,0,
11732,29,101,29,0,0.0,0,
11733,55,980,55,0,0.0,0,
11734,54,380,54,0,0.0,0,
11735,52,334,52,0,0.0,0,
11736,48,532,48,0,0.0,0,
11737,47,630,47,0,0.0,0,
11738,54,628,54,0,0.0,0,
11739,64,218,64,0,0.0,0,
1173,59,575,59,0,0.0,0,
11740,58,646,58,0,0.0,0,
11741,68,376,68,0,0.0,0,
11742,45,2912,45,0,0.0,0,
11743,56,870,56,0,0.0,0,
11744,89,278,89,0,0.0,0,
11745,47,368,47,0,0.0,0,
11746,46,284,46,0,0.0,0,
11747,36,129,36,0,0.0,0,
11748,33,124,33,0,0.0,0,
11749,46,258,46,0,0.0,0,
1174,54,257,54,0,0.0,0,
11750,49,258,49,0,0.0,0,
11751,56,1976,56,0,0.0,0,
11752,43,252,43,0,0.0,0,
11753,44,247,44,0,0.0,0,
11754,48,337,48,0,0.0,0,
11755,49,208,49,0,0.0,0,
11756,48,841,48,0,0.0,0,
11757,78,333,78,0,0.0,0,
11758,58,442,56,2,0.034482758620689655,0,A_332 A_371
11759,45,846,45,0,0.0,0,
1175,48,252,48,0,0.0,0,
11760,30,1448,30,0,0.0,0,
11761,51,560,51,0,0.0,0,
11762,38,351,38,0,0.0,0,
11763,66,460,66,0,0.0,0,
11764,44,288,44,0,0.0,0,
11765,46,257,46,0,0.0,0,
11766,51,240,51,0,0.0,0,
11767,52,864,52,0,0.0,0,
11768,45,285,45,0,0.0,0,
11769,48,360,48,0,0.0,0,
1176,28,130,28,0,0.0,0,
11770,27,56,27,0,0.0,0,
11771,32,90,32,0,0.0,0,
11772,46,286,46,0,0.0,0,
11773,56,617,56,0,0.0,0,
11774,59,372,59,0,0.0,0,
11775,34,127,34,0,0.0,0,
11776,38,358,38,0,0.0,0,
11777,40,127,40,0,0.0,0,
11778,48,246,48,0,0.0,0,
11779,55,444,55,0,0.0,0,
1177,61,430,61,0,0.0,0,
11780,68,263,68,0,0.0,0,
11781,52,258,52,0,0.0,0,
11782,49,2856,49,0,0.0,0,
11783,36,229,36,0,0.0,0,
11784,34,223,34,0,0.0,0,
11785,42,1272,42,0,0.0,0,
11786,57,136,57,0,0.0,0,
11787,32,301,32,0,0.0,0,
11788,41,297,41,0,0.0,0,
11789,44,290,44,0,0.0,0,
1178,54,390,54,0,0.0,0,
11790,62,282,62,0,0.0,0,
11791,60,506,60,0,0.0,0,
11792,54,379,54,0,0.0,0,
11793,74,433,74,0,0.0,0,
11794,56,289,56,0,0.0,0,
11795,55,516,55,0,0.0,0,
11796,56,247,56,0,0.0,0,
11797,42,357,42,0,0.0,0,
11798,42,165,42,0,0.0,0,
11799,43,2728,43,0,0.0,0,
1179,49,834,49,0,0.0,0,
117,53,369,53,0,0.0,0,
11800,25,128,25,0,0.0,0,
11801,45,330,45,0,0.0,0,
11802,67,198,67,0,0.0,0,
11803,51,420,51,0,0.0,0,
11804,46,261,46,0,0.0,0,
11805,67,644,67,0,0.0,0,
11806,53,273,53,0,0.0,0,
11807,34,286,34,0,0.0,0,
11808,45,580,45,0,0.0,0,
11809,65,422,65,0,0.0,0,
1180,41,566,41,0,0.0,0,
11810,50,258,50,0,0.0,0,
11811,31,249,31,0,0.0,0,
11812,45,166,45,0,0.0,0,
11813,50,289,50,0,0.0,0,
11814,59,278,59,0,0.0,0,
11815,46,1184,46,0,0.0,0,
11816,26,106,26,0,0.0,0,
11817,50,779,50,0,0.0,0,
11818,41,835,41,0,0.0,0,
11819,56,585,56,0,0.0,0,
1181,29,483,29,0,0.0,0,
11820,39,799,39,0,0.0,0,
11821,46,106,46,0,0.0,0,
11822,42,904,42,0,0.0,0,
11823,29,1030,29,0,0.0,0,
11824,65,427,65,0,0.0,0,
11825,41,1460,41,0,0.0,0,
11826,31,158,31,0,0.0,0,
11827,49,938,49,0,0.0,0,
11828,60,459,60,0,0.0,0,
11829,49,208,49,0,0.0,0,
1182,59,794,59,0,0.0,0,
11830,50,846,50,0,0.0,0,
11831,51,182,51,0,0.0,0,
11832,70,368,70,0,0.0,0,
11833,44,215,44,0,0.0,0,
11834,53,306,53,0,0.0,0,
11835,38,87,38,0,0.0,0,
11836,72,785,72,0,0.0,0,
11837,33,193,33,0,0.0,0,
11838,14,51,14,0,0.0,0,
11839,67,289,67,0,0.0,0,
1183,38,223,38,0,0.0,0,
11840,23,1312,23,0,0.0,0,
11841,25,342,25,0,0.0,0,
11842,59,466,59,0,0.0,0,
11843,67,4404,66,1,0.014925373134328358,0,A_201
11844,54,223,54,0,0.0,0,
11845,50,266,50,0,0.0,0,
11846,67,1234,67,0,0.0,0,
11847,83,467,83,0,0.0,0,
11848,35,515,35,0,0.0,0,
11849,43,262,43,0,0.0,0,
1184,49,524,49,0,0.0,0,
11850,44,4060,44,0,0.0,0,
11851,58,223,58,0,0.0,0,
11852,54,170,54,0,0.0,0,
11853,49,315,49,0,0.0,0,
11854,42,208,42,0,0.0,0,
11855,50,275,50,0,0.0,0,
11856,33,215,33,0,0.0,0,
11857,53,273,53,0,0.0,0,
11858,50,135,50,0,0.0,0,
11859,45,439,45,0,0.0,0,
1185,28,1244,28,0,0.0,0,
11860,19,57,19,0,0.0,0,
11861,43,252,43,0,0.0,0,
11862,54,182,54,0,0.0,0,
11863,40,218,40,0,0.0,0,
11864,51,217,51,0,0.0,0,
11865,56,178,56,0,0.0,0,
11866,32,158,32,0,0.0,0,
11867,66,349,66,0,0.0,0,
11868,52,279,52,0,0.0,0,
11869,43,163,43,0,0.0,0,
1186,53,531,53,0,0.0,0,
11870,66,348,66,0,0.0,0,
11871,45,370,45,0,0.0,0,
11872,57,425,57,0,0.0,0,
11873,43,708,43,0,0.0,0,
11874,44,337,44,0,0.0,0,
11875,68,329,68,0,0.0,0,
11876,53,322,53,0,0.0,0,
11877,49,393,49,0,0.0,0,
11878,38,586,38,0,0.0,0,
11879,47,1442,47,0,0.0,0,
1187,52,296,52,0,0.0,0,
11880,48,292,48,0,0.0,0,
11881,47,559,47,0,0.0,0,
11882,49,101,49,0,0.0,0,
11883,52,474,52,0,0.0,0,
11884,35,112,35,0,0.0,0,
11885,118,615,118,0,0.0,0,
11886,49,280,49,0,0.0,0,
11887,36,126,36,0,0.0,0,
11888,51,288,51,0,0.0,0,
11889,48,209,48,0,0.0,0,
1188,56,294,56,0,0.0,0,
11890,44,113,44,0,0.0,0,
11891,38,285,38,0,0.0,0,
11892,37,134,37,0,0.0,0,
11893,41,568,41,0,0.0,0,
11894,51,605,51,0,0.0,0,
11895,45,258,45,0,0.0,0,
11896,54,223,54,0,0.0,0,
11897,41,307,41,0,0.0,0,
11898,50,445,50,0,0.0,0,
11899,43,815,43,0,0.0,0,
1189,48,430,48,0,0.0,0,
118,63,283,63,0,0.0,0,
11900,35,285,35,0,0.0,0,
11901,38,292,36,2,0.05263157894736842,0,A_172 A_219
11902,35,233,35,0,0.0,0,
11903,35,272,35,0,0.0,0,
11904,28,213,28,0,0.0,0,
11905,65,506,65,0,0.0,0,
11906,46,339,46,0,0.0,0,
11907,54,1371,54,0,0.0,0,
11908,64,214,64,0,0.0,0,
11909,45,1489,45,0,0.0,0,
1190,50,484,50,0,0.0,0,
11910,59,295,59,0,0.0,0,
11911,49,1552,49,0,0.0,0,
11912,74,564,74,0,0.0,0,
11913,56,208,56,0,0.0,0,
11914,60,294,60,0,0.0,0,
11915,53,386,53,0,0.0,0,
11916,49,259,49,0,0.0,0,
11917,28,119,28,0,0.0,0,
11918,53,342,53,0,0.0,0,
11919,64,770,64,0,0.0,0,
1191,34,454,34,0,0.0,0,
11920,45,269,45,0,0.0,0,
11921,48,280,48,0,0.0,0,
11922,49,874,48,1,0.02040816326530612,0,A_55
11923,57,592,57,0,0.0,0,
11924,39,230,39,0,0.0,0,
11925,52,198,52,0,0.0,0,
11926,50,277,50,0,0.0,0,
11927,52,1548,52,0,0.0,0,
11928,30,180,30,0,0.0,0,
11929,47,714,47,0,0.0,0,
1192,49,866,49,0,0.0,0,
11930,29,1700,29,0,0.0,0,
11931,40,240,40,0,0.0,0,
11932,32,112,32,0,0.0,0,
11933,60,276,60,0,0.0,0,
11934,17,86,17,0,0.0,0,
11935,40,178,40,0,0.0,0,
11936,45,404,45,0,0.0,0,
11937,51,1063,51,0,0.0,0,
11938,35,108,35,0,0.0,0,
11939,59,355,59,0,0.0,0,
1193,55,355,55,0,0.0,0,
11940,55,467,55,0,0.0,0,
11941,42,393,42,0,0.0,0,
11942,60,385,60,0,0.0,0,
11943,48,546,48,0,0.0,0,
11944,63,350,63,0,0.0,0,
11945,66,230,66,0,0.0,0,
11946,50,646,50,0,0.0,0,
11947,36,124,36,0,0.0,0,
11948,58,252,58,0,0.0,0,
11949,25,425,25,0,0.0,0,
1194,58,286,58,0,0.0,0,
11950,55,337,55,0,0.0,0,
11951,33,619,33,0,0.0,0,
11952,35,574,35,0,0.0,0,
11953,42,263,42,0,0.0,0,
11954,50,216,50,0,0.0,0,
11955,42,261,42,0,0.0,0,
11956,57,1380,57,0,0.0,0,
11957,37,516,37,0,0.0,0,
11958,46,257,46,0,0.0,0,
11959,65,372,65,0,0.0,0,
1195,62,260,62,0,0.0,0,
11960,34,262,34,0,0.0,0,
11961,46,253,46,0,0.0,0,
11962,53,952,53,0,0.0,0,
11963,52,530,52,0,0.0,0,
11964,55,269,55,0,0.0,0,
11965,53,688,53,0,0.0,0,
11966,49,632,49,0,0.0,0,
11967,53,447,53,0,0.0,0,
11968,56,264,56,0,0.0,0,
11969,66,198,66,0,0.0,0,
1196,52,161,52,0,0.0,0,
11970,24,355,24,0,0.0,0,
11971,53,184,52,1,0.018867924528301886,0,A_111
11972,72,146,72,0,0.0,0,
11973,46,822,46,0,0.0,0,
11974,52,338,52,0,0.0,0,
11975,32,495,32,0,0.0,0,
11976,54,284,54,0,0.0,0,
11977,67,249,67,0,0.0,0,
11978,43,478,43,0,0.0,0,
11979,44,359,44,0,0.0,0,
1197,63,466,63,0,0.0,0,
11980,37,69,37,0,0.0,0,
11981,62,245,62,0,0.0,0,
11982,37,160,37,0,0.0,0,
11983,51,1588,51,0,0.0,0,
11984,33,1287,33,0,0.0,0,
11985,52,476,52,0,0.0,0,
11986,52,574,52,0,0.0,0,
11987,68,388,68,0,0.0,0,
11988,55,400,55,0,0.0,0,
11989,43,86,43,0,0.0,0,
1198,44,223,44,0,0.0,0,
11990,72,1076,72,0,0.0,0,
11991,54,390,54,0,0.0,0,
11992,49,342,49,0,0.0,0,
11993,75,289,75,0,0.0,0,
11994,55,783,55,0,0.0,0,
11995,65,214,65,0,0.0,0,
11996,45,337,45,0,0.0,0,
11997,58,271,58,0,0.0,0,
11998,46,416,46,0,0.0,0,
11999,59,287,59,0,0.0,0,
1199,42,1880,42,0,0.0,0,
119,52,568,52,0,0.0,0,
11,30,101,30,0,0.0,0,
12000,47,288,45,2,0.0425531914893617,0,A_234 A_55
12001,50,298,50,0,0.0,0,
12002,38,199,38,0,0.0,0,
12003,49,1175,49,0,0.0,0,
12004,65,285,65,0,0.0,0,
12005,53,207,53,0,0.0,0,
12006,71,871,71,0,0.0,0,
12007,41,118,41,0,0.0,0,
12008,46,275,46,0,0.0,0,
12009,37,426,37,0,0.0,0,
1200,52,186,52,0,0.0,0,
12010,65,198,65,0,0.0,0,
12011,52,840,52,0,0.0,0,
12012,64,303,64,0,0.0,0,
12013,55,728,55,0,0.0,0,
12014,35,389,35,0,0.0,0,
12015,46,623,46,0,0.0,0,
12016,47,1548,47,0,0.0,0,
12017,52,386,52,0,0.0,0,
12018,42,204,42,0,0.0,0,
12019,66,381,66,0,0.0,0,
1201,46,832,46,0,0.0,0,
12020,49,101,49,0,0.0,0,
12021,43,223,43,0,0.0,0,
12022,34,636,34,0,0.0,0,
12023,63,604,63,0,0.0,0,
12024,22,262,22,0,0.0,0,
12025,31,117,31,0,0.0,0,
12026,62,519,62,0,0.0,0,
12027,43,98,43,0,0.0,0,
12028,51,265,51,0,0.0,0,
12029,59,542,59,0,0.0,0,
1202,49,261,49,0,0.0,0,
12030,30,113,30,0,0.0,0,
12031,59,168,59,0,0.0,0,
12032,45,2553,45,0,0.0,0,
12033,28,422,28,0,0.0,0,
12034,45,338,45,0,0.0,0,
12035,45,558,45,0,0.0,0,
12036,73,495,73,0,0.0,0,
12037,53,345,53,0,0.0,0,
12038,63,330,63,0,0.0,0,
12039,52,303,52,0,0.0,0,
1203,58,1276,58,0,0.0,0,
12040,34,145,34,0,0.0,0,
12041,68,802,68,0,0.0,0,
12042,56,558,56,0,0.0,0,
12043,57,236,57,0,0.0,0,
12044,59,131,59,0,0.0,0,
12045,61,256,61,0,0.0,0,
12046,59,293,59,0,0.0,0,
12047,40,626,40,0,0.0,0,
12048,26,199,26,0,0.0,0,
12049,64,426,64,0,0.0,0,
1204,58,674,58,0,0.0,0,
12050,56,225,56,0,0.0,0,
12051,48,546,48,0,0.0,0,
12052,46,164,46,0,0.0,0,
12053,55,279,55,0,0.0,0,
12054,65,473,65,0,0.0,0,
12055,46,396,46,0,0.0,0,
12056,53,291,53,0,0.0,0,
12057,61,279,61,0,0.0,0,
12058,51,330,50,1,0.0196078431372549,0,X_31
12059,58,242,58,0,0.0,0,
1205,59,264,59,0,0.0,0,
12060,21,254,21,0,0.0,0,
12061,25,104,24,1,0.04,0,A_44
12062,49,275,49,0,0.0,0,
12063,56,364,56,0,0.0,0,
12064,83,192,83,0,0.0,0,
12065,63,198,63,0,0.0,0,
12066,50,822,50,0,0.0,0,
12067,50,612,50,0,0.0,0,
12068,41,358,41,0,0.0,0,
12069,63,222,63,0,0.0,0,
1206,43,355,43,0,0.0,0,
12070,49,986,48,1,0.02040816326530612,0,A_303
12071,67,304,67,0,0.0,0,
12072,35,56,35,0,0.0,0,
12073,47,157,47,0,0.0,0,
12074,31,316,31,0,0.0,0,
12075,37,515,37,0,0.0,0,
12076,28,115,28,0,0.0,0,
12077,61,276,61,0,0.0,0,
12078,51,274,51,0,0.0,0,
12079,29,158,29,0,0.0,0,
1207,26,96,26,0,0.0,0,
12080,55,696,55,0,0.0,0,
12081,49,1000,49,0,0.0,0,
12082,44,286,44,0,0.0,0,
12083,43,387,43,0,0.0,0,
12084,39,464,39,0,0.0,0,
12085,44,818,44,0,0.0,0,
12086,30,444,30,0,0.0,0,
12087,47,936,47,0,0.0,0,
12088,38,126,38,0,0.0,0,
12089,59,498,59,0,0.0,0,
1208,58,519,58,0,0.0,0,
12090,42,109,42,0,0.0,0,
12091,58,278,58,0,0.0,0,
12092,47,240,47,0,0.0,0,
12093,45,165,45,0,0.0,0,
12094,57,515,57,0,0.0,0,
12095,63,351,63,0,0.0,0,
12096,52,434,52,0,0.0,0,
12097,69,490,69,0,0.0,0,
12098,32,124,32,0,0.0,0,
12099,42,664,42,0,0.0,0,
1209,45,278,45,0,0.0,0,
120,57,285,57,0,0.0,0,
12100,49,1327,49,0,0.0,0,
12101,52,1018,52,0,0.0,0,
12102,48,583,48,0,0.0,0,
12103,45,546,45,0,0.0,0,
12104,52,448,52,0,0.0,0,
12105,66,369,66,0,0.0,0,
12106,60,459,60,0,0.0,0,
12107,50,137,50,0,0.0,0,
12108,52,297,52,0,0.0,0,
12109,40,993,40,0,0.0,0,
1210,57,1452,57,0,0.0,0,
12110,58,340,58,0,0.0,0,
12111,57,450,57,0,0.0,0,
12112,55,557,55,0,0.0,0,
12113,55,309,55,0,0.0,0,
12114,36,257,36,0,0.0,0,
12115,47,258,47,0,0.0,0,
12116,51,258,51,0,0.0,0,
12117,48,306,48,0,0.0,0,
12118,61,1302,61,0,0.0,0,
12119,51,835,51,0,0.0,0,
1211,54,372,54,0,0.0,0,
12120,58,286,58,0,0.0,0,
12121,44,576,44,0,0.0,0,
12122,70,1618,69,1,0.014285714285714285,0,A_680
12123,57,326,57,0,0.0,0,
12124,63,994,63,0,0.0,0,
12125,60,250,60,0,0.0,0,
12126,44,1788,44,0,0.0,0,
12127,35,247,35,0,0.0,0,
12128,66,227,66,0,0.0,0,
12129,55,443,55,0,0.0,0,
1212,34,127,34,0,0.0,0,
12130,54,445,54,0,0.0,0,
12131,55,461,55,0,0.0,0,
12132,55,457,55,0,0.0,0,
12133,47,174,47,0,0.0,0,
12134,30,196,30,0,0.0,0,
12135,35,125,35,0,0.0,0,
12136,53,557,53,0,0.0,0,
12137,44,736,44,0,0.0,0,
12138,69,1091,69,0,0.0,0,
12139,49,257,49,0,0.0,0,
1213,25,651,25,0,0.0,0,
12140,43,356,43,0,0.0,0,
12141,45,165,45,0,0.0,0,
12142,67,255,67,0,0.0,0,
12143,30,133,30,0,0.0,0,
12144,52,174,52,0,0.0,0,
12145,50,428,50,0,0.0,0,
12146,46,271,46,0,0.0,0,
12147,64,1695,64,0,0.0,0,
12148,58,290,58,0,0.0,0,
12149,46,698,46,0,0.0,0,
1214,61,238,61,0,0.0,0,
12150,35,697,35,0,0.0,0,
12151,58,364,58,0,0.0,0,
12152,50,582,50,0,0.0,0,
12153,70,691,70,0,0.0,0,
12154,38,258,38,0,0.0,0,
12155,48,322,48,0,0.0,0,
12156,88,374,88,0,0.0,0,
12157,35,784,35,0,0.0,0,
12158,73,275,73,0,0.0,0,
12159,55,612,55,0,0.0,0,
1215,51,273,51,0,0.0,0,
12160,41,325,41,0,0.0,0,
12161,51,290,51,0,0.0,0,
12162,41,85,41,0,0.0,0,
12163,66,198,66,0,0.0,0,
12164,29,119,29,0,0.0,0,
12165,45,554,45,0,0.0,0,
12166,17,37,17,0,0.0,0,
12167,56,158,56,0,0.0,0,
12168,60,746,60,0,0.0,0,
12169,60,292,60,0,0.0,0,
1216,37,95,37,0,0.0,0,
12170,46,607,46,0,0.0,0,
12171,38,257,38,0,0.0,0,
12172,47,338,47,0,0.0,0,
12173,63,347,63,0,0.0,0,
12174,51,257,51,0,0.0,0,
12175,39,158,39,0,0.0,0,
12176,43,801,43,0,0.0,0,
12177,46,314,46,0,0.0,0,
12178,52,445,52,0,0.0,0,
12179,48,288,48,0,0.0,0,
1217,16,173,16,0,0.0,0,
12180,65,198,65,0,0.0,0,
12181,59,1286,59,0,0.0,0,
12182,52,290,52,0,0.0,0,
12183,60,496,60,0,0.0,0,
12184,36,292,36,0,0.0,0,
12185,43,79,43,0,0.0,0,
12186,23,64,23,0,0.0,0,
12187,42,263,42,0,0.0,0,
12188,50,282,50,0,0.0,0,
12189,30,56,30,0,0.0,0,
1218,54,283,54,0,0.0,0,
12190,28,330,28,0,0.0,0,
12191,48,1053,48,0,0.0,0,
12192,46,514,46,0,0.0,0,
12193,51,225,51,0,0.0,0,
12194,44,90,44,0,0.0,0,
12195,63,198,63,0,0.0,0,
12196,63,251,63,0,0.0,0,
12197,66,686,66,0,0.0,0,
12198,41,263,41,0,0.0,0,
12199,49,681,49,0,0.0,0,
1219,27,168,27,0,0.0,0,
121,51,258,51,0,0.0,0,
12200,32,956,32,0,0.0,0,
12201,55,922,55,0,0.0,0,
12202,50,1552,50,0,0.0,0,
12203,36,157,36,0,0.0,0,
12204,54,1250,54,0,0.0,0,
12205,47,265,47,0,0.0,0,
12206,21,176,21,0,0.0,0,
12207,40,240,40,0,0.0,0,
12208,47,258,47,0,0.0,0,
12209,38,179,38,0,0.0,0,
1220,62,337,62,0,0.0,0,
12210,29,282,29,0,0.0,0,
12211,60,372,60,0,0.0,0,
12212,55,665,55,0,0.0,0,
12213,43,4059,43,0,0.0,0,
12214,33,124,33,0,0.0,0,
12215,56,392,56,0,0.0,0,
12216,46,271,46,0,0.0,0,
12217,60,964,60,0,0.0,0,
12218,71,466,71,0,0.0,0,
12219,64,931,64,0,0.0,0,
1221,57,648,57,0,0.0,0,
12220,36,180,36,0,0.0,0,
12221,59,319,59,0,0.0,0,
12222,58,198,58,0,0.0,0,
12223,65,198,65,0,0.0,0,
12224,54,258,54,0,0.0,0,
12225,59,280,59,0,0.0,0,
12226,43,479,43,0,0.0,0,
12227,26,59,26,0,0.0,0,
12228,33,426,33,0,0.0,0,
12229,68,257,68,0,0.0,0,
1222,72,323,72,0,0.0,0,
12230,41,123,41,0,0.0,0,
12231,36,474,36,0,0.0,0,
12232,48,1212,48,0,0.0,0,
12233,75,964,74,1,0.013333333333333334,0,A_136
12234,38,1251,38,0,0.0,0,
12235,49,503,49,0,0.0,0,
12236,29,103,29,0,0.0,0,
12237,30,69,30,0,0.0,0,
12238,51,472,51,0,0.0,0,
12239,34,126,34,0,0.0,0,
1223,65,303,65,0,0.0,0,
12240,64,194,64,0,0.0,0,
12241,79,610,79,0,0.0,0,
12242,92,214,92,0,0.0,0,
12243,57,382,57,0,0.0,0,
12244,42,507,42,0,0.0,0,
12245,38,546,38,0,0.0,0,
12246,48,276,48,0,0.0,0,
12247,27,611,27,0,0.0,0,
12248,36,181,36,0,0.0,0,
12249,38,1029,38,0,0.0,0,
1224,48,257,48,0,0.0,0,
12250,29,221,29,0,0.0,0,
12251,51,260,51,0,0.0,0,
12252,37,481,37,0,0.0,0,
12253,48,293,48,0,0.0,0,
12254,64,337,64,0,0.0,0,
12255,61,274,61,0,0.0,0,
12256,53,287,53,0,0.0,0,
12257,50,223,50,0,0.0,0,
12258,52,1068,52,0,0.0,0,
12259,35,190,35,0,0.0,0,
1225,67,445,67,0,0.0,0,
12260,37,80,37,0,0.0,0,
12261,29,110,29,0,0.0,0,
12262,68,368,68,0,0.0,0,
12263,37,129,37,0,0.0,0,
12264,54,282,54,0,0.0,0,
12265,50,970,50,0,0.0,0,
12266,48,367,48,0,0.0,0,
12267,78,1388,78,0,0.0,0,
12268,43,94,43,0,0.0,0,
12269,29,550,29,0,0.0,0,
1226,32,135,32,0,0.0,0,
12270,56,293,56,0,0.0,0,
12271,54,528,54,0,0.0,0,
12272,37,241,36,1,0.02702702702702703,0,B_73
12273,55,273,55,0,0.0,0,
12274,63,199,63,0,0.0,0,
12275,57,456,57,0,0.0,0,
12276,65,198,65,0,0.0,0,
12277,39,231,39,0,0.0,0,
12278,42,254,42,0,0.0,0,
12279,57,263,57,0,0.0,0,
1227,51,341,51,0,0.0,0,
12280,51,287,51,0,0.0,0,
12281,52,1068,52,0,0.0,0,
12282,56,426,56,0,0.0,0,
12283,51,340,51,0,0.0,0,
12284,42,670,42,0,0.0,0,
12285,50,348,50,0,0.0,0,
12286,54,1810,54,0,0.0,0,
12287,50,232,50,0,0.0,0,
12288,45,370,45,0,0.0,0,
12289,55,300,55,0,0.0,0,
1228,36,222,36,0,0.0,0,
12290,53,273,53,0,0.0,0,
12291,20,728,20,0,0.0,0,
12292,55,388,55,0,0.0,0,
12293,52,161,52,0,0.0,0,
12294,68,198,68,0,0.0,0,
12295,40,357,40,0,0.0,0,
12296,55,264,55,0,0.0,0,
12297,41,154,41,0,0.0,0,
12298,48,801,48,0,0.0,0,
12299,74,256,74,0,0.0,0,
1229,66,198,66,0,0.0,0,
122,55,369,55,0,0.0,0,
12300,51,330,51,0,0.0,0,
12301,47,240,47,0,0.0,0,
12302,70,311,70,0,0.0,0,
12303,53,294,53,0,0.0,0,
12304,64,544,64,0,0.0,0,
12305,55,237,55,0,0.0,0,
12306,56,395,56,0,0.0,0,
12307,38,268,38,0,0.0,0,
12308,47,960,47,0,0.0,0,
12309,50,910,50,0,0.0,0,
1230,47,1272,47,0,0.0,0,
12310,34,174,34,0,0.0,0,
12311,36,280,36,0,0.0,0,
12312,38,208,38,0,0.0,0,
12313,57,326,57,0,0.0,0,
12314,64,540,64,0,0.0,0,
12315,46,165,46,0,0.0,0,
12316,37,127,37,0,0.0,0,
12317,47,198,47,0,0.0,0,
12318,80,372,80,0,0.0,0,
12319,52,539,52,0,0.0,0,
1231,55,281,55,0,0.0,0,
12320,46,715,46,0,0.0,0,
12321,38,143,38,0,0.0,0,
12322,46,486,46,0,0.0,0,
12323,37,310,37,0,0.0,0,
12324,53,282,53,0,0.0,0,
12325,58,278,58,0,0.0,0,
12326,103,657,103,0,0.0,0,
12327,43,303,43,0,0.0,0,
12328,47,283,47,0,0.0,0,
12329,41,361,41,0,0.0,0,
1232,41,297,41,0,0.0,0,
12330,37,391,37,0,0.0,0,
12331,57,162,57,0,0.0,0,
12332,30,169,30,0,0.0,0,
12333,46,304,46,0,0.0,0,
12334,66,198,66,0,0.0,0,
12335,46,340,46,0,0.0,0,
12336,46,272,46,0,0.0,0,
12337,62,354,62,0,0.0,0,
12338,43,163,43,0,0.0,0,
12339,58,2216,58,0,0.0,0,
1233,66,475,66,0,0.0,0,
12340,43,768,43,0,0.0,0,
12341,69,255,69,0,0.0,0,
12342,50,208,50,0,0.0,0,
12343,43,248,43,0,0.0,0,
12344,60,288,60,0,0.0,0,
12345,51,252,51,0,0.0,0,
12346,57,388,57,0,0.0,0,
12347,53,278,53,0,0.0,0,
12348,70,198,70,0,0.0,0,
12349,34,343,34,0,0.0,0,
1234,51,918,51,0,0.0,0,
12350,58,395,58,0,0.0,0,
12351,31,277,31,0,0.0,0,
12352,51,256,50,1,0.0196078431372549,0,A_133
12353,51,207,51,0,0.0,0,
12354,67,427,67,0,0.0,0,
12355,49,198,49,0,0.0,0,
12356,25,99,25,0,0.0,0,
12357,54,431,54,0,0.0,0,
12358,58,841,58,0,0.0,0,
12359,46,164,46,0,0.0,0,
1235,80,340,80,0,0.0,0,
12360,52,120,52,0,0.0,0,
12361,47,516,47,0,0.0,0,
12362,41,490,41,0,0.0,0,
12363,45,322,45,0,0.0,0,
12364,55,763,55,0,0.0,0,
12365,65,1091,65,0,0.0,0,
12366,54,1178,54,0,0.0,0,
12367,103,814,103,0,0.0,0,
12368,50,297,50,0,0.0,0,
12369,48,557,48,0,0.0,0,
1236,30,283,30,0,0.0,0,
12370,60,264,60,0,0.0,0,
12371,68,355,68,0,0.0,0,
12372,48,831,48,0,0.0,0,
12373,52,450,52,0,0.0,0,
12374,62,840,62,0,0.0,0,
12375,37,435,37,0,0.0,0,
12376,55,670,55,0,0.0,0,
12377,57,335,57,0,0.0,0,
12378,49,209,49,0,0.0,0,
12379,50,215,50,0,0.0,0,
1237,50,297,50,0,0.0,0,
12380,57,330,57,0,0.0,0,
12381,50,258,50,0,0.0,0,
12382,63,373,63,0,0.0,0,
12383,66,554,66,0,0.0,0,
12384,46,464,46,0,0.0,0,
12385,67,259,67,0,0.0,0,
12386,53,258,53,0,0.0,0,
12387,46,460,46,0,0.0,0,
12388,54,968,54,0,0.0,0,
12389,30,172,30,0,0.0,0,
1238,54,249,54,0,0.0,0,
12390,57,283,57,0,0.0,0,
12391,80,1640,80,0,0.0,0,
12392,73,517,73,0,0.0,0,
12393,31,307,31,0,0.0,0,
12394,48,186,48,0,0.0,0,
12395,87,684,87,0,0.0,0,
12396,58,286,58,0,0.0,0,
12397,40,638,40,0,0.0,0,
12398,70,443,70,0,0.0,0,
12399,51,258,51,0,0.0,0,
1239,44,269,44,0,0.0,0,
123,28,67,28,0,0.0,0,
12400,58,1096,58,0,0.0,0,
12401,45,354,45,0,0.0,0,
12402,44,361,44,0,0.0,0,
12403,59,1248,59,0,0.0,0,
12404,40,93,40,0,0.0,0,
12405,40,172,40,0,0.0,0,
12406,54,257,54,0,0.0,0,
12407,62,207,62,0,0.0,0,
12408,53,632,53,0,0.0,0,
12409,58,207,58,0,0.0,0,
1240,47,257,47,0,0.0,0,
12410,26,34,26,0,0.0,0,
12411,52,157,52,0,0.0,0,
12412,48,630,48,0,0.0,0,
12413,32,113,32,0,0.0,0,
12414,46,435,46,0,0.0,0,
12415,54,298,54,0,0.0,0,
12416,49,1063,49,0,0.0,0,
12417,75,557,75,0,0.0,0,
12418,80,2261,80,0,0.0,0,
12419,54,393,54,0,0.0,0,
1241,45,1606,44,1,0.022222222222222223,0,A_680
12420,57,452,57,0,0.0,0,
12421,46,438,46,0,0.0,0,
12422,45,968,45,0,0.0,0,
12423,47,297,47,0,0.0,0,
12424,48,208,48,0,0.0,0,
12425,42,350,42,0,0.0,0,
12426,27,225,27,0,0.0,0,
12427,66,229,66,0,0.0,0,
12428,27,212,27,0,0.0,0,
12429,33,277,31,2,0.06060606060606061,0,A_214 A_233
1242,28,757,28,0,0.0,0,
12430,49,346,49,0,0.0,0,
12431,44,144,44,0,0.0,0,
12432,37,115,37,0,0.0,0,
12433,22,218,22,0,0.0,0,
12434,46,123,46,0,0.0,0,
12435,24,52,24,0,0.0,0,
12436,42,1432,42,0,0.0,0,
12437,46,256,46,0,0.0,0,
12438,94,1788,94,0,0.0,0,
12439,52,954,52,0,0.0,0,
1243,50,318,50,0,0.0,0,
12440,43,257,43,0,0.0,0,
12441,45,345,45,0,0.0,0,
12442,36,900,36,0,0.0,0,
12443,55,1528,55,0,0.0,0,
12444,58,889,58,0,0.0,0,
12445,36,357,36,0,0.0,0,
12446,47,1040,47,0,0.0,0,
12447,67,198,67,0,0.0,0,
12448,50,1613,50,0,0.0,0,
12449,41,374,41,0,0.0,0,
1244,56,285,56,0,0.0,0,
12450,32,249,32,0,0.0,0,
12451,68,408,68,0,0.0,0,
12452,52,502,52,0,0.0,0,
12453,67,198,67,0,0.0,0,
12454,43,869,43,0,0.0,0,
12455,52,939,52,0,0.0,0,
12456,59,884,59,0,0.0,0,
12457,64,354,64,0,0.0,0,
12458,53,632,53,0,0.0,0,
12459,43,355,43,0,0.0,0,
1245,65,335,65,0,0.0,0,
12460,51,288,51,0,0.0,0,
12461,42,290,42,0,0.0,0,
12462,53,186,53,0,0.0,0,
12463,72,229,72,0,0.0,0,
12464,42,541,42,0,0.0,0,
12465,56,223,56,0,0.0,0,
12466,64,198,64,0,0.0,0,
12467,64,208,64,0,0.0,0,
12468,75,1390,75,0,0.0,0,
12469,47,208,47,0,0.0,0,
1246,36,68,36,0,0.0,0,
12470,43,597,43,0,0.0,0,
12471,25,106,25,0,0.0,0,
12472,31,214,31,0,0.0,0,
12473,120,812,120,0,0.0,0,
12474,73,339,73,0,0.0,0,
12475,55,598,55,0,0.0,0,
12476,42,692,42,0,0.0,0,
12477,50,582,50,0,0.0,0,
12478,34,90,34,0,0.0,0,
12479,57,385,57,0,0.0,0,
1247,43,374,43,0,0.0,0,
12480,21,119,21,0,0.0,0,
12481,98,375,98,0,0.0,0,
12482,42,125,42,0,0.0,0,
12483,74,238,74,0,0.0,0,
12484,42,182,42,0,0.0,0,
12485,55,326,55,0,0.0,0,
12486,49,341,49,0,0.0,0,
12487,56,411,56,0,0.0,0,
12488,46,922,46,0,0.0,0,
12489,44,414,44,0,0.0,0,
1248,53,360,53,0,0.0,0,
12490,69,258,69,0,0.0,0,
12491,45,357,45,0,0.0,0,
12492,35,127,35,0,0.0,0,
12493,46,386,46,0,0.0,0,
12494,51,3187,51,0,0.0,0,
12495,36,298,36,0,0.0,0,
12496,67,263,67,0,0.0,0,
12497,50,284,50,0,0.0,0,
12498,43,165,43,0,0.0,0,
12499,56,296,56,0,0.0,0,
1249,61,346,60,1,0.01639344262295082,0,A_197
124,36,327,36,0,0.0,0,
12500,27,182,27,0,0.0,0,
12501,47,882,47,0,0.0,0,
12502,38,123,38,0,0.0,0,
12503,36,127,36,0,0.0,0,
12504,51,962,51,0,0.0,0,
12505,55,311,55,0,0.0,0,
12506,44,396,44,0,0.0,0,
12507,31,116,31,0,0.0,0,
12508,61,356,61,0,0.0,0,
12509,60,272,60,0,0.0,0,
1250,44,624,44,0,0.0,0,
12510,64,198,64,0,0.0,0,
12511,26,58,26,0,0.0,0,
12512,52,285,52,0,0.0,0,
12513,34,1317,34,0,0.0,0,
12514,58,355,58,0,0.0,0,
12515,45,932,45,0,0.0,0,
12516,66,198,66,0,0.0,0,
12517,32,118,32,0,0.0,0,
12518,49,218,49,0,0.0,0,
12519,57,368,57,0,0.0,0,
1251,65,464,65,0,0.0,0,
12520,67,250,67,0,0.0,0,
12521,51,440,51,0,0.0,0,
12522,45,357,45,0,0.0,0,
12523,70,550,70,0,0.0,0,
12524,48,251,48,0,0.0,0,
12525,63,115,63,0,0.0,0,
12526,49,256,49,0,0.0,0,
12527,55,342,55,0,0.0,0,
12528,56,514,56,0,0.0,0,
12529,61,381,61,0,0.0,0,
1252,35,397,35,0,0.0,0,
12530,45,258,45,0,0.0,0,
12531,52,476,52,0,0.0,0,
12532,58,292,58,0,0.0,0,
12533,62,289,62,0,0.0,0,
12534,46,380,46,0,0.0,0,
12535,44,606,44,0,0.0,0,
12536,81,607,81,0,0.0,0,
12537,35,357,35,0,0.0,0,
12538,68,423,68,0,0.0,0,
12539,53,348,53,0,0.0,0,
1253,58,170,58,0,0.0,0,
12540,53,280,53,0,0.0,0,
12541,37,701,37,0,0.0,0,
12542,37,130,37,0,0.0,0,
12543,38,114,38,0,0.0,0,
12544,80,358,79,1,0.0125,0,A_197
12545,29,220,29,0,0.0,0,
12546,47,546,47,0,0.0,0,
12547,56,716,56,0,0.0,0,
12548,35,372,35,0,0.0,0,
12549,65,1509,65,0,0.0,0,
1254,49,555,49,0,0.0,0,
12550,40,263,40,0,0.0,0,
12551,59,278,59,0,0.0,0,
12552,39,456,39,0,0.0,0,
12553,66,1618,65,1,0.015151515151515152,0,A_680
12554,45,495,45,0,0.0,0,
12555,49,245,49,0,0.0,0,
12556,58,369,58,0,0.0,0,
12557,23,756,23,0,0.0,0,
12558,51,339,51,0,0.0,0,
12559,51,559,51,0,0.0,0,
1255,37,1096,37,0,0.0,0,
12560,53,520,53,0,0.0,0,
12561,61,562,61,0,0.0,0,
12562,48,298,48,0,0.0,0,
12563,63,278,63,0,0.0,0,
12564,58,218,58,0,0.0,0,
12565,51,516,51,0,0.0,0,
12566,53,119,53,0,0.0,0,
12567,74,247,74,0,0.0,0,
12568,38,342,38,0,0.0,0,
12569,75,433,75,0,0.0,0,
1256,49,522,49,0,0.0,0,
12570,40,222,40,0,0.0,0,
12571,58,269,58,0,0.0,0,
12572,51,275,51,0,0.0,0,
12573,36,108,36,0,0.0,0,
12574,40,247,40,0,0.0,0,
12575,44,416,44,0,0.0,0,
12576,41,254,41,0,0.0,0,
12577,88,372,88,0,0.0,0,
12578,27,162,27,0,0.0,0,
12579,36,159,36,0,0.0,0,
1257,50,1556,50,0,0.0,0,
12580,56,256,56,0,0.0,0,
12581,77,1096,77,0,0.0,0,
12582,49,512,49,0,0.0,0,
12583,41,272,41,0,0.0,0,
12584,48,504,48,0,0.0,0,
12585,52,198,52,0,0.0,0,
12586,41,872,41,0,0.0,0,
12587,42,329,42,0,0.0,0,
12588,59,336,59,0,0.0,0,
12589,22,482,22,0,0.0,0,
1258,48,208,48,0,0.0,0,
12590,51,1378,51,0,0.0,0,
12591,43,470,43,0,0.0,0,
12592,27,57,27,0,0.0,0,
12593,46,358,46,0,0.0,0,
12594,45,166,45,0,0.0,0,
12595,54,275,54,0,0.0,0,
12596,61,374,61,0,0.0,0,
12597,38,223,38,0,0.0,0,
12598,81,724,81,0,0.0,0,
12599,44,430,44,0,0.0,0,
1259,57,300,57,0,0.0,0,
125,43,159,43,0,0.0,0,
12600,39,1206,39,0,0.0,0,
12601,72,1200,72,0,0.0,0,
12602,27,955,27,0,0.0,0,
12603,55,670,55,0,0.0,0,
12604,55,305,55,0,0.0,0,
12605,31,688,31,0,0.0,0,
12606,60,546,60,0,0.0,0,
12607,54,257,54,0,0.0,0,
12608,45,257,45,0,0.0,0,
12609,69,520,69,0,0.0,0,
1260,57,233,57,0,0.0,0,
12610,60,1275,60,0,0.0,0,
12611,60,288,60,0,0.0,0,
12612,36,122,36,0,0.0,0,
12613,56,522,56,0,0.0,0,
12614,48,422,48,0,0.0,0,
12615,63,290,63,0,0.0,0,
12616,54,363,54,0,0.0,0,
12617,41,332,41,0,0.0,0,
12618,63,513,63,0,0.0,0,
12619,46,615,46,0,0.0,0,
1261,55,456,55,0,0.0,0,
12620,69,440,69,0,0.0,0,
12621,51,1056,51,0,0.0,0,
12622,57,310,57,0,0.0,0,
12623,63,257,63,0,0.0,0,
12624,45,242,45,0,0.0,0,
12625,41,83,41,0,0.0,0,
12626,92,570,92,0,0.0,0,
12627,34,134,34,0,0.0,0,
12628,57,387,57,0,0.0,0,
12629,57,253,57,0,0.0,0,
1262,28,241,27,1,0.03571428571428571,0,A_73
12630,55,286,55,0,0.0,0,
12631,53,496,53,0,0.0,0,
12632,70,833,70,0,0.0,0,
12633,37,112,37,0,0.0,0,
12634,85,373,85,0,0.0,0,
12635,43,181,43,0,0.0,0,
12636,73,230,73,0,0.0,0,
12637,56,934,56,0,0.0,0,
12638,50,159,50,0,0.0,0,
12639,47,283,47,0,0.0,0,
1263,48,243,48,0,0.0,0,
12640,42,828,42,0,0.0,0,
12641,52,994,52,0,0.0,0,
12642,27,346,27,0,0.0,0,
12643,43,372,43,0,0.0,0,
12644,30,57,30,0,0.0,0,
12645,52,253,52,0,0.0,0,
12646,48,280,48,0,0.0,0,
12647,46,178,46,0,0.0,0,
12648,49,335,49,0,0.0,0,
12649,38,418,38,0,0.0,0,
1264,56,309,56,0,0.0,0,
12650,116,799,116,0,0.0,0,
12651,36,125,36,0,0.0,0,
12652,62,517,62,0,0.0,0,
12653,46,660,46,0,0.0,0,
12654,49,202,49,0,0.0,0,
12655,48,372,48,0,0.0,0,
12656,53,672,53,0,0.0,0,
12657,39,215,39,0,0.0,0,
12658,80,375,80,0,0.0,0,
12659,51,241,51,0,0.0,0,
1265,57,253,57,0,0.0,0,
12660,47,1090,47,0,0.0,0,
12661,77,1616,77,0,0.0,0,
12662,47,725,47,0,0.0,0,
12663,39,1185,39,0,0.0,0,
12664,53,297,53,0,0.0,0,
12665,58,244,58,0,0.0,0,
12666,44,968,44,0,0.0,0,
12667,51,257,51,0,0.0,0,
12668,52,1548,52,0,0.0,0,
12669,47,350,47,0,0.0,0,
1266,51,193,51,0,0.0,0,
12670,57,1018,57,0,0.0,0,
12671,34,127,34,0,0.0,0,
12672,54,1768,54,0,0.0,0,
12673,64,278,64,0,0.0,0,
12674,71,129,71,0,0.0,0,
12675,32,515,32,0,0.0,0,
12676,64,339,64,0,0.0,0,
12677,48,561,48,0,0.0,0,
12678,31,178,31,0,0.0,0,
12679,45,240,45,0,0.0,0,
1267,56,356,56,0,0.0,0,
12680,72,327,72,0,0.0,0,
12681,60,901,60,0,0.0,0,
12682,39,546,39,0,0.0,0,
12683,37,429,37,0,0.0,0,
12684,38,485,38,0,0.0,0,
12685,46,826,46,0,0.0,0,
12686,47,316,47,0,0.0,0,
12687,37,199,37,0,0.0,0,
12688,48,240,48,0,0.0,0,
12689,58,336,58,0,0.0,0,
1268,55,207,55,0,0.0,0,
12690,60,631,60,0,0.0,0,
12691,53,104,53,0,0.0,0,
12692,51,369,51,0,0.0,0,
12693,46,297,46,0,0.0,0,
12694,42,584,42,0,0.0,0,
12695,50,644,50,0,0.0,0,
12696,47,290,47,0,0.0,0,
12697,37,222,37,0,0.0,0,
12698,51,254,51,0,0.0,0,
12699,58,252,58,0,0.0,0,
1269,45,243,45,0,0.0,0,
126,46,1552,46,0,0.0,0,
12700,38,89,38,0,0.0,0,
12701,37,136,37,0,0.0,0,
12702,59,290,59,0,0.0,0,
12703,39,264,39,0,0.0,0,
12704,15,428,15,0,0.0,0,
12705,40,98,40,0,0.0,0,
12706,59,744,59,0,0.0,0,
12707,44,284,44,0,0.0,0,
12708,58,289,58,0,0.0,0,
12709,66,256,66,0,0.0,0,
1270,45,145,45,0,0.0,0,
12710,49,388,49,0,0.0,0,
12711,62,355,62,0,0.0,0,
12712,36,1016,36,0,0.0,0,
12713,46,284,46,0,0.0,0,
12714,80,308,80,0,0.0,0,
12715,71,1024,71,0,0.0,0,
12716,72,873,72,0,0.0,0,
12717,76,451,76,0,0.0,0,
12718,55,257,55,0,0.0,0,
12719,43,763,43,0,0.0,0,
1271,46,324,46,0,0.0,0,
12720,52,245,52,0,0.0,0,
12721,51,159,51,0,0.0,0,
12722,43,223,43,0,0.0,0,
12723,45,656,45,0,0.0,0,
12724,45,222,45,0,0.0,0,
12725,38,438,38,0,0.0,0,
12726,65,462,65,0,0.0,0,
12727,72,524,72,0,0.0,0,
12728,62,208,62,0,0.0,0,
12729,45,151,45,0,0.0,0,
1272,68,389,68,0,0.0,0,
12730,33,113,33,0,0.0,0,
12731,36,123,36,0,0.0,0,
12732,41,532,41,0,0.0,0,
12733,64,257,64,0,0.0,0,
12734,64,630,64,0,0.0,0,
12735,47,215,47,0,0.0,0,
12736,43,885,43,0,0.0,0,
12737,33,1284,33,0,0.0,0,
12738,65,1350,65,0,0.0,0,
12739,59,225,59,0,0.0,0,
1273,41,273,41,0,0.0,0,
12740,41,339,41,0,0.0,0,
12741,61,956,61,0,0.0,0,
12742,54,208,54,0,0.0,0,
12743,48,286,48,0,0.0,0,
12744,36,234,36,0,0.0,0,
12745,71,349,71,0,0.0,0,
12746,51,1400,51,0,0.0,0,
12747,56,276,56,0,0.0,0,
12748,57,598,57,0,0.0,0,
12749,48,1454,48,0,0.0,0,
1274,36,67,36,0,0.0,0,
12750,61,166,61,0,0.0,0,
12751,54,290,54,0,0.0,0,
12752,57,274,57,0,0.0,0,
12753,51,331,51,0,0.0,0,
12754,53,424,53,0,0.0,0,
12755,47,153,47,0,0.0,0,
12756,61,213,61,0,0.0,0,
12757,63,466,63,0,0.0,0,
12758,53,176,53,0,0.0,0,
12759,65,456,65,0,0.0,0,
1275,87,278,87,0,0.0,0,
12760,33,304,33,0,0.0,0,
12761,30,177,30,0,0.0,0,
12762,52,294,52,0,0.0,0,
12763,29,390,29,0,0.0,0,
12764,26,711,26,0,0.0,0,
12765,56,732,56,0,0.0,0,
12766,49,284,49,0,0.0,0,
12767,44,1016,44,0,0.0,0,
12768,50,1692,50,0,0.0,0,
12769,41,181,41,0,0.0,0,
1276,49,304,49,0,0.0,0,
12770,47,271,47,0,0.0,0,
12771,33,74,33,0,0.0,0,
12772,57,469,57,0,0.0,0,
12773,52,962,52,0,0.0,0,
12774,64,636,64,0,0.0,0,
12775,63,328,63,0,0.0,0,
12776,53,124,53,0,0.0,0,
12777,44,375,44,0,0.0,0,
12778,46,383,46,0,0.0,0,
12779,29,484,29,0,0.0,0,
1277,51,371,51,0,0.0,0,
12780,44,331,44,0,0.0,0,
12781,73,340,73,0,0.0,0,
12782,47,173,47,0,0.0,0,
12783,53,924,53,0,0.0,0,
12784,53,297,53,0,0.0,0,
12785,58,516,58,0,0.0,0,
12786,42,127,42,0,0.0,0,
12787,59,289,59,0,0.0,0,
12788,36,191,36,0,0.0,0,
12789,46,864,46,0,0.0,0,
1278,47,262,47,0,0.0,0,
12790,56,427,56,0,0.0,0,
12791,64,311,64,0,0.0,0,
12792,45,449,45,0,0.0,0,
12793,48,351,48,0,0.0,0,
12794,45,158,45,0,0.0,0,
12795,57,209,57,0,0.0,0,
12796,53,223,53,0,0.0,0,
12797,48,501,48,0,0.0,0,
12798,43,268,43,0,0.0,0,
12799,56,257,56,0,0.0,0,
1279,40,211,40,0,0.0,0,
127,48,263,48,0,0.0,0,
12800,73,429,73,0,0.0,0,
12801,52,330,50,2,0.038461538461538464,0,A_176 A_182
12802,39,2009,39,0,0.0,0,
12803,49,370,49,0,0.0,0,
12804,55,712,55,0,0.0,0,
12805,43,3392,43,0,0.0,0,
12806,48,495,48,0,0.0,0,
12807,36,127,36,0,0.0,0,
12808,49,127,49,0,0.0,0,
12809,59,1261,59,0,0.0,0,
1280,49,879,49,0,0.0,0,
12810,70,336,70,0,0.0,0,
12811,39,104,39,0,0.0,0,
12812,25,598,25,0,0.0,0,
12813,46,504,46,0,0.0,0,
12814,54,550,54,0,0.0,0,
12815,56,336,56,0,0.0,0,
12816,22,820,22,0,0.0,0,
12817,74,334,74,0,0.0,0,
12818,55,307,55,0,0.0,0,
12819,56,442,56,0,0.0,0,
1281,44,215,44,0,0.0,0,
12820,44,128,44,0,0.0,0,
12821,41,518,41,0,0.0,0,
12822,39,298,39,0,0.0,0,
12823,48,1002,48,0,0.0,0,
12824,70,517,70,0,0.0,0,
12825,42,219,42,0,0.0,0,
12826,48,964,48,0,0.0,0,
12827,36,138,36,0,0.0,0,
12828,25,181,25,0,0.0,0,
12829,26,241,25,1,0.038461538461538464,0,A_73
1282,34,364,34,0,0.0,0,
12830,43,258,43,0,0.0,0,
12831,80,1388,80,0,0.0,0,
12832,40,857,40,0,0.0,0,
12833,24,134,24,0,0.0,0,
12834,39,418,39,0,0.0,0,
12835,55,498,55,0,0.0,0,
12836,54,670,54,0,0.0,0,
12837,46,152,46,0,0.0,0,
12838,66,198,66,0,0.0,0,
12839,38,223,38,0,0.0,0,
1283,60,393,60,0,0.0,0,
12840,47,1378,47,0,0.0,0,
12841,41,173,41,0,0.0,0,
12842,53,597,53,0,0.0,0,
12843,52,200,52,0,0.0,0,
12844,60,4228,60,0,0.0,0,
12845,37,614,37,0,0.0,0,
12846,47,227,47,0,0.0,0,
12847,25,134,25,0,0.0,0,
12848,49,208,49,0,0.0,0,
12849,43,248,43,0,0.0,0,
1284,51,701,51,0,0.0,0,
12850,38,414,38,0,0.0,0,
12851,54,559,54,0,0.0,0,
12852,48,257,48,0,0.0,0,
12853,35,109,35,0,0.0,0,
12854,67,198,67,0,0.0,0,
12855,35,674,35,0,0.0,0,
12856,55,172,55,0,0.0,0,
12857,57,982,57,0,0.0,0,
12858,42,102,42,0,0.0,0,
12859,52,1456,52,0,0.0,0,
1285,59,280,59,0,0.0,0,
12860,55,794,55,0,0.0,0,
12861,33,296,33,0,0.0,0,
12862,67,198,67,0,0.0,0,
12863,58,213,58,0,0.0,0,
12864,52,642,52,0,0.0,0,
12865,62,1322,62,0,0.0,0,
12866,50,282,50,0,0.0,0,
12867,23,105,23,0,0.0,0,
12868,50,255,50,0,0.0,0,
12869,63,333,63,0,0.0,0,
1286,49,331,49,0,0.0,0,
12870,56,355,56,0,0.0,0,
12871,77,244,77,0,0.0,0,
12872,59,714,59,0,0.0,0,
12873,63,777,63,0,0.0,0,
12874,37,327,37,0,0.0,0,
12875,25,242,25,0,0.0,0,
12876,72,198,72,0,0.0,0,
12877,38,223,38,0,0.0,0,
12878,59,303,59,0,0.0,0,
12879,68,200,68,0,0.0,0,
1287,49,341,49,0,0.0,0,
12880,69,389,69,0,0.0,0,
12881,54,306,54,0,0.0,0,
12882,46,225,46,0,0.0,0,
12883,54,180,54,0,0.0,0,
12884,44,261,44,0,0.0,0,
12885,32,302,32,0,0.0,0,
12886,49,251,49,0,0.0,0,
12887,39,276,39,0,0.0,0,
12888,55,245,52,3,0.05454545454545454,0,A_159 A_223 A_226
12889,59,260,59,0,0.0,0,
1288,58,247,58,0,0.0,0,
12890,61,530,61,0,0.0,0,
12891,54,595,54,0,0.0,0,
12892,37,895,37,0,0.0,0,
12893,50,827,50,0,0.0,0,
12894,43,257,43,0,0.0,0,
12895,51,263,51,0,0.0,0,
12896,60,312,60,0,0.0,0,
12897,26,1628,26,0,0.0,0,
12898,39,268,39,0,0.0,0,
12899,32,137,32,0,0.0,0,
1289,72,774,72,0,0.0,0,
128,50,1008,50,0,0.0,0,
12900,74,226,74,0,0.0,0,
12901,41,551,41,0,0.0,0,
12902,37,114,37,0,0.0,0,
12903,43,227,43,0,0.0,0,
12904,45,512,45,0,0.0,0,
12905,37,127,37,0,0.0,0,
12906,44,342,44,0,0.0,0,
12907,67,1300,67,0,0.0,0,
12908,51,732,51,0,0.0,0,
12909,68,334,68,0,0.0,0,
1290,52,179,52,0,0.0,0,
12910,50,308,50,0,0.0,0,
12911,45,425,45,0,0.0,0,
12912,40,222,40,0,0.0,0,
12913,52,288,52,0,0.0,0,
12914,48,279,48,0,0.0,0,
12915,64,259,64,0,0.0,0,
12916,62,304,62,0,0.0,0,
12917,58,713,58,0,0.0,0,
12918,55,339,55,0,0.0,0,
12919,37,114,37,0,0.0,0,
1291,84,368,84,0,0.0,0,
12920,72,198,72,0,0.0,0,
12921,40,122,40,0,0.0,0,
12922,49,469,49,0,0.0,0,
12923,34,124,34,0,0.0,0,
12924,40,149,40,0,0.0,0,
12925,74,338,74,0,0.0,0,
12926,38,254,38,0,0.0,0,
12927,59,277,59,0,0.0,0,
12928,68,198,68,0,0.0,0,
12929,51,446,51,0,0.0,0,
1292,45,273,45,0,0.0,0,
12930,41,595,41,0,0.0,0,
12931,51,281,51,0,0.0,0,
12932,52,298,52,0,0.0,0,
12933,37,397,37,0,0.0,0,
12934,44,282,44,0,0.0,0,
12935,53,322,53,0,0.0,0,
12936,35,142,35,0,0.0,0,
12937,65,300,65,0,0.0,0,
12938,50,460,50,0,0.0,0,
12939,48,411,48,0,0.0,0,
1293,62,322,62,0,0.0,0,
12940,57,279,57,0,0.0,0,
12941,42,378,42,0,0.0,0,
12942,62,217,62,0,0.0,0,
12943,40,607,40,0,0.0,0,
12944,46,1039,46,0,0.0,0,
12945,49,172,49,0,0.0,0,
12946,55,835,55,0,0.0,0,
12947,37,158,37,0,0.0,0,
12948,30,119,30,0,0.0,0,
12949,48,393,48,0,0.0,0,
1294,65,194,65,0,0.0,0,
12950,40,357,40,0,0.0,0,
12951,56,198,56,0,0.0,0,
12952,58,559,58,0,0.0,0,
12953,43,86,43,0,0.0,0,
12954,52,299,52,0,0.0,0,
12955,49,207,49,0,0.0,0,
12956,41,1509,41,0,0.0,0,
12957,55,256,55,0,0.0,0,
12958,67,656,67,0,0.0,0,
12959,32,299,32,0,0.0,0,
1295,55,710,55,0,0.0,0,
12960,73,336,73,0,0.0,0,
12961,55,270,55,0,0.0,0,
12962,52,257,52,0,0.0,0,
12963,42,189,42,0,0.0,0,
12964,49,889,49,0,0.0,0,
12965,42,351,42,0,0.0,0,
12966,68,198,68,0,0.0,0,
12967,41,162,41,0,0.0,0,
12968,42,697,42,0,0.0,0,
12969,53,393,53,0,0.0,0,
1296,47,327,47,0,0.0,0,
12970,41,297,41,0,0.0,0,
12971,64,961,64,0,0.0,0,
12972,39,818,39,0,0.0,0,
12973,69,230,69,0,0.0,0,
12974,40,342,40,0,0.0,0,
12975,47,225,47,0,0.0,0,
12976,63,336,63,0,0.0,0,
12977,54,549,54,0,0.0,0,
12978,57,968,57,0,0.0,0,
12979,68,198,68,0,0.0,0,
1297,47,456,47,0,0.0,0,
12980,57,223,57,0,0.0,0,
12981,72,595,72,0,0.0,0,
12982,55,546,55,0,0.0,0,
12983,46,1555,46,0,0.0,0,
12984,70,392,70,0,0.0,0,
12985,64,373,64,0,0.0,0,
12986,48,1088,48,0,0.0,0,
12987,58,249,58,0,0.0,0,
12988,54,339,54,0,0.0,0,
12989,24,436,24,0,0.0,0,
1298,44,416,44,0,0.0,0,
12990,47,257,47,0,0.0,0,
12991,49,289,49,0,0.0,0,
12992,41,582,41,0,0.0,0,
12993,81,372,81,0,0.0,0,
12994,53,524,53,0,0.0,0,
12995,15,460,15,0,0.0,0,
12996,68,198,68,0,0.0,0,
12997,61,1052,61,0,0.0,0,
12998,38,257,38,0,0.0,0,
12999,40,223,40,0,0.0,0,
1299,71,334,70,1,0.014084507042253521,0,A_197
129,61,170,61,0,0.0,0,
12,54,349,54,0,0.0,0,
13000,46,107,46,0,0.0,0,
13001,56,234,56,0,0.0,0,
13002,42,228,42,0,0.0,0,
13003,66,198,66,0,0.0,0,
13004,45,395,45,0,0.0,0,
13005,45,1016,45,0,0.0,0,
13006,34,453,34,0,0.0,0,
13007,44,200,44,0,0.0,0,
13008,47,680,47,0,0.0,0,
13009,47,288,47,0,0.0,0,
1300,44,586,41,3,0.06818181818181818,0,A_222 A_230 A_70
13010,57,498,57,0,0.0,0,
13011,61,540,61,0,0.0,0,
13012,68,198,68,0,0.0,0,
13013,40,232,40,0,0.0,0,
13014,48,407,48,0,0.0,0,
13015,46,208,46,0,0.0,0,
13016,55,435,55,0,0.0,0,
13017,83,429,83,0,0.0,0,
13018,51,258,51,0,0.0,0,
13019,59,370,59,0,0.0,0,
1301,32,158,32,0,0.0,0,
13020,37,780,37,0,0.0,0,
13021,59,460,59,0,0.0,0,
13022,37,288,37,0,0.0,0,
13023,67,568,67,0,0.0,0,
13024,58,252,58,0,0.0,0,
13025,51,209,51,0,0.0,0,
13026,51,199,51,0,0.0,0,
13027,56,988,56,0,0.0,0,
13028,52,1068,52,0,0.0,0,
13029,48,390,48,0,0.0,0,
1302,49,302,49,0,0.0,0,
13030,41,306,41,0,0.0,0,
13031,50,458,50,0,0.0,0,
13032,44,1088,44,0,0.0,0,
13033,38,431,38,0,0.0,0,
13034,30,111,30,0,0.0,0,
13035,69,198,69,0,0.0,0,
13036,55,390,55,0,0.0,0,
13037,53,648,53,0,0.0,0,
13038,49,223,49,0,0.0,0,
13039,58,158,58,0,0.0,0,
1303,62,268,62,0,0.0,0,
13040,66,256,66,0,0.0,0,
13041,35,509,35,0,0.0,0,
13042,62,632,62,0,0.0,0,
13043,68,304,68,0,0.0,0,
13044,51,632,51,0,0.0,0,
13045,50,256,50,0,0.0,0,
13046,40,145,40,0,0.0,0,
13047,33,223,33,0,0.0,0,
13048,48,274,48,0,0.0,0,
13049,57,299,57,0,0.0,0,
1304,57,277,57,0,0.0,0,
13050,52,148,52,0,0.0,0,
13051,71,874,71,0,0.0,0,
13052,53,296,53,0,0.0,0,
13053,47,1092,47,0,0.0,0,
13054,49,265,49,0,0.0,0,
13055,54,223,54,0,0.0,0,
13056,53,292,53,0,0.0,0,
13057,55,485,55,0,0.0,0,
13058,59,1206,59,0,0.0,0,
13059,57,288,57,0,0.0,0,
1305,52,287,52,0,0.0,0,
13060,70,198,70,0,0.0,0,
13061,35,153,35,0,0.0,0,
13062,36,91,36,0,0.0,0,
13063,40,83,40,0,0.0,0,
13064,47,675,47,0,0.0,0,
13065,37,298,37,0,0.0,0,
13066,53,976,53,0,0.0,0,
13067,64,1456,64,0,0.0,0,
13068,48,1456,48,0,0.0,0,
13069,33,1972,33,0,0.0,0,
1306,63,333,63,0,0.0,0,
13070,48,280,48,0,0.0,0,
13071,44,251,44,0,0.0,0,
13072,38,3292,38,0,0.0,0,
13073,68,250,68,0,0.0,0,
13074,38,257,38,0,0.0,0,
13075,43,195,43,0,0.0,0,
13076,51,300,51,0,0.0,0,
13077,62,666,62,0,0.0,0,
13078,60,213,60,0,0.0,0,
13079,49,371,49,0,0.0,0,
1307,25,691,25,0,0.0,0,
13080,61,306,61,0,0.0,0,
13081,36,297,36,0,0.0,0,
13082,27,606,27,0,0.0,0,
13083,35,241,34,1,0.02857142857142857,0,A_73
13084,57,639,57,0,0.0,0,
13085,44,540,44,0,0.0,0,
13086,51,259,51,0,0.0,0,
13087,52,954,52,0,0.0,0,
13088,50,244,50,0,0.0,0,
13089,39,333,39,0,0.0,0,
1308,56,698,56,0,0.0,0,
13090,44,223,44,0,0.0,0,
13091,53,223,53,0,0.0,0,
13092,56,299,56,0,0.0,0,
13093,52,594,52,0,0.0,0,
13094,32,127,32,0,0.0,0,
13095,52,1110,52,0,0.0,0,
13096,72,528,72,0,0.0,0,
13097,44,358,44,0,0.0,0,
13098,55,331,55,0,0.0,0,
13099,62,641,62,0,0.0,0,
1309,39,1446,39,0,0.0,0,
130,61,1322,61,0,0.0,0,
13100,35,767,35,0,0.0,0,
13101,38,1014,38,0,0.0,0,
13102,54,262,54,0,0.0,0,
13103,45,268,45,0,0.0,0,
13104,33,954,33,0,0.0,0,
13105,36,125,36,0,0.0,0,
13106,44,200,44,0,0.0,0,
13107,45,308,45,0,0.0,0,
13108,32,195,32,0,0.0,0,
13109,61,453,61,0,0.0,0,
1310,60,450,60,0,0.0,0,
13110,38,127,38,0,0.0,0,
13111,27,241,26,1,0.037037037037037035,0,A_73
13112,37,159,37,0,0.0,0,
13113,59,1011,59,0,0.0,0,
13114,59,452,59,0,0.0,0,
13115,51,306,51,0,0.0,0,
13116,50,550,50,0,0.0,0,
13117,38,109,38,0,0.0,0,
13118,68,809,67,1,0.014705882352941176,0,A_680
13119,46,445,46,0,0.0,0,
1311,42,239,42,0,0.0,0,
13120,33,104,33,0,0.0,0,
13121,73,240,73,0,0.0,0,
13122,48,198,48,0,0.0,0,
13123,53,374,53,0,0.0,0,
13124,50,208,50,0,0.0,0,
13125,52,258,52,0,0.0,0,
13126,47,219,47,0,0.0,0,
13127,39,326,39,0,0.0,0,
13128,53,317,53,0,0.0,0,
13129,49,257,49,0,0.0,0,
1312,54,970,54,0,0.0,0,
13130,54,185,54,0,0.0,0,
13131,46,387,46,0,0.0,0,
13132,68,336,68,0,0.0,0,
13133,55,249,55,0,0.0,0,
13134,55,510,55,0,0.0,0,
13135,44,173,44,0,0.0,0,
13136,38,546,38,0,0.0,0,
13137,61,280,61,0,0.0,0,
13138,34,60,34,0,0.0,0,
13139,43,289,43,0,0.0,0,
1313,52,77,52,0,0.0,0,
13140,59,1388,59,0,0.0,0,
13141,55,590,55,0,0.0,0,
13142,59,308,59,0,0.0,0,
13143,52,345,52,0,0.0,0,
13144,46,159,46,0,0.0,0,
13145,47,559,47,0,0.0,0,
13146,65,331,65,0,0.0,0,
13147,46,265,46,0,0.0,0,
13148,64,343,64,0,0.0,0,
13149,47,258,47,0,0.0,0,
1314,48,831,48,0,0.0,0,
13150,29,116,29,0,0.0,0,
13151,57,280,57,0,0.0,0,
13152,79,559,79,0,0.0,0,
13153,30,1070,30,0,0.0,0,
13154,49,508,49,0,0.0,0,
13155,52,251,52,0,0.0,0,
13156,47,137,47,0,0.0,0,
13157,64,386,64,0,0.0,0,
13158,30,264,30,0,0.0,0,
13159,51,410,51,0,0.0,0,
1315,52,1632,52,0,0.0,0,
13160,56,350,56,0,0.0,0,
13161,39,259,39,0,0.0,0,
13162,34,141,34,0,0.0,0,
13163,42,282,42,0,0.0,0,
13164,37,85,37,0,0.0,0,
13165,58,304,58,0,0.0,0,
13166,49,247,49,0,0.0,0,
13167,42,523,42,0,0.0,0,
13168,48,832,48,0,0.0,0,
13169,36,261,36,0,0.0,0,
1316,58,234,58,0,0.0,0,
13170,41,223,41,0,0.0,0,
13171,58,210,58,0,0.0,0,
13172,58,224,58,0,0.0,0,
13173,36,357,36,0,0.0,0,
13174,60,345,60,0,0.0,0,
13175,56,221,56,0,0.0,0,
13176,62,1618,61,1,0.016129032258064516,0,A_680
13177,38,960,38,0,0.0,0,
13178,60,1126,60,0,0.0,0,
13179,51,259,51,0,0.0,0,
1317,68,299,68,0,0.0,0,
13180,53,283,53,0,0.0,0,
13181,51,273,51,0,0.0,0,
13182,62,492,62,0,0.0,0,
13183,64,239,64,0,0.0,0,
13184,58,458,58,0,0.0,0,
13185,54,300,54,0,0.0,0,
13186,39,570,39,0,0.0,0,
13187,57,493,57,0,0.0,0,
13188,32,158,32,0,0.0,0,
13189,61,248,61,0,0.0,0,
1318,59,480,59,0,0.0,0,
13190,59,299,59,0,0.0,0,
13191,44,597,44,0,0.0,0,
13192,27,262,27,0,0.0,0,
13193,55,223,55,0,0.0,0,
13194,45,504,45,0,0.0,0,
13195,60,744,60,0,0.0,0,
13196,41,298,41,0,0.0,0,
13197,50,398,50,0,0.0,0,
13198,47,1548,47,0,0.0,0,
13199,56,286,56,0,0.0,0,
1319,48,1272,48,0,0.0,0,
131,49,720,49,0,0.0,0,
13200,59,368,59,0,0.0,0,
13201,52,606,52,0,0.0,0,
13202,50,394,50,0,0.0,0,
13203,33,219,33,0,0.0,0,
13204,39,96,39,0,0.0,0,
13205,45,681,45,0,0.0,0,
13206,41,306,41,0,0.0,0,
13207,30,290,30,0,0.0,0,
13208,22,105,22,0,0.0,0,
13209,56,474,56,0,0.0,0,
1320,42,598,42,0,0.0,0,
13210,47,257,47,0,0.0,0,
13211,34,318,34,0,0.0,0,
13212,59,468,59,0,0.0,0,
13213,48,496,48,0,0.0,0,
13214,46,307,46,0,0.0,0,
13215,52,286,52,0,0.0,0,
13216,48,1279,48,0,0.0,0,
13217,48,261,48,0,0.0,0,
13218,41,394,41,0,0.0,0,
13219,40,636,40,0,0.0,0,
1321,33,251,33,0,0.0,0,
13220,49,178,49,0,0.0,0,
13221,37,234,37,0,0.0,0,
13222,46,427,46,0,0.0,0,
13223,62,547,62,0,0.0,0,
13224,48,652,48,0,0.0,0,
13225,68,200,68,0,0.0,0,
13226,58,759,58,0,0.0,0,
13227,53,573,53,0,0.0,0,
13228,35,307,35,0,0.0,0,
13229,49,361,49,0,0.0,0,
1322,73,230,73,0,0.0,0,
13230,47,274,47,0,0.0,0,
13231,54,666,54,0,0.0,0,
13232,41,566,41,0,0.0,0,
13233,43,239,43,0,0.0,0,
13234,49,186,49,0,0.0,0,
13235,39,332,39,0,0.0,0,
13236,39,219,39,0,0.0,0,
13237,57,595,57,0,0.0,0,
13238,47,128,47,0,0.0,0,
13239,51,302,51,0,0.0,0,
1323,53,736,53,0,0.0,0,
13240,44,412,44,0,0.0,0,
13241,45,422,45,0,0.0,0,
13242,47,325,47,0,0.0,0,
13243,46,4032,46,0,0.0,0,
13244,41,1028,41,0,0.0,0,
13245,35,741,35,0,0.0,0,
13246,44,585,44,0,0.0,0,
13247,42,175,42,0,0.0,0,
13248,54,670,54,0,0.0,0,
13249,55,700,55,0,0.0,0,
1324,55,1039,55,0,0.0,0,
13250,43,166,43,0,0.0,0,
13251,48,1025,48,0,0.0,0,
13252,59,644,59,0,0.0,0,
13253,58,238,58,0,0.0,0,
13254,41,877,41,0,0.0,0,
13255,31,619,31,0,0.0,0,
13256,25,233,25,0,0.0,0,
13257,50,528,50,0,0.0,0,
13258,46,288,46,0,0.0,0,
13259,50,272,50,0,0.0,0,
1325,36,298,36,0,0.0,0,
13260,69,497,69,0,0.0,0,
13261,51,351,51,0,0.0,0,
13262,47,257,47,0,0.0,0,
13263,53,520,53,0,0.0,0,
13264,52,292,52,0,0.0,0,
13265,50,938,50,0,0.0,0,
13266,115,832,115,0,0.0,0,
13267,33,198,32,1,0.030303030303030304,0,A_176
13268,31,113,31,0,0.0,0,
13269,47,500,47,0,0.0,0,
1326,51,343,51,0,0.0,0,
13270,71,330,71,0,0.0,0,
13271,46,275,46,0,0.0,0,
13272,33,243,33,0,0.0,0,
13273,33,223,33,0,0.0,0,
13274,55,728,55,0,0.0,0,
13275,52,89,52,0,0.0,0,
13276,34,531,34,0,0.0,0,
13277,52,223,52,0,0.0,0,
13278,48,266,48,0,0.0,0,
13279,49,285,49,0,0.0,0,
1327,48,440,48,0,0.0,0,
13280,49,602,49,0,0.0,0,
13281,60,370,60,0,0.0,0,
13282,35,257,35,0,0.0,0,
13283,24,697,24,0,0.0,0,
13284,40,257,40,0,0.0,0,
13285,62,331,62,0,0.0,0,
13286,47,338,47,0,0.0,0,
13287,49,287,49,0,0.0,0,
13288,62,466,62,0,0.0,0,
13289,55,1456,55,0,0.0,0,
1328,52,254,52,0,0.0,0,
13290,35,248,35,0,0.0,0,
13291,48,159,48,0,0.0,0,
13292,69,644,69,0,0.0,0,
13293,93,337,93,0,0.0,0,
13294,69,239,69,0,0.0,0,
13295,67,494,67,0,0.0,0,
13296,52,267,52,0,0.0,0,
13297,41,274,41,0,0.0,0,
13298,45,269,45,0,0.0,0,
13299,32,223,32,0,0.0,0,
1329,39,350,39,0,0.0,0,
132,35,1153,35,0,0.0,0,
13300,48,499,48,0,0.0,0,
13301,38,650,38,0,0.0,0,
13302,40,383,40,0,0.0,0,
13303,45,234,45,0,0.0,0,
13304,44,382,44,0,0.0,0,
13305,47,462,47,0,0.0,0,
13306,53,292,53,0,0.0,0,
13307,46,1212,46,0,0.0,0,
13308,31,684,31,0,0.0,0,
13309,43,4044,43,0,0.0,0,
1330,34,165,34,0,0.0,0,
13310,57,274,57,0,0.0,0,
13311,35,198,35,0,0.0,0,
13312,50,456,50,0,0.0,0,
13313,74,2910,74,0,0.0,0,
13314,51,290,51,0,0.0,0,
13315,48,250,48,0,0.0,0,
13316,72,240,72,0,0.0,0,
13317,62,142,62,0,0.0,0,
13318,58,377,58,0,0.0,0,
13319,72,588,72,0,0.0,0,
1331,49,203,49,0,0.0,0,
13320,37,254,37,0,0.0,0,
13321,74,255,74,0,0.0,0,
13322,52,559,52,0,0.0,0,
13323,58,289,58,0,0.0,0,
13324,50,804,50,0,0.0,0,
13325,59,456,59,0,0.0,0,
13326,68,232,68,0,0.0,0,
13327,72,535,72,0,0.0,0,
13328,49,440,49,0,0.0,0,
13329,55,305,55,0,0.0,0,
1332,56,175,56,0,0.0,0,
13330,53,247,53,0,0.0,0,
13331,53,329,53,0,0.0,0,
13332,50,534,50,0,0.0,0,
13333,47,246,47,0,0.0,0,
13334,44,374,44,0,0.0,0,
13335,44,342,44,0,0.0,0,
13336,52,520,52,0,0.0,0,
13337,49,386,49,0,0.0,0,
13338,68,487,68,0,0.0,0,
13339,55,709,55,0,0.0,0,
1333,28,727,28,0,0.0,0,
13340,48,157,48,0,0.0,0,
13341,49,541,49,0,0.0,0,
13342,36,972,36,0,0.0,0,
13343,52,944,52,0,0.0,0,
13344,36,242,35,1,0.027777777777777776,0,A_84
13345,45,227,45,0,0.0,0,
13346,48,481,48,0,0.0,0,
13347,92,941,92,0,0.0,0,
13348,46,88,46,0,0.0,0,
13349,52,341,52,0,0.0,0,
1334,61,287,61,0,0.0,0,
13350,49,710,49,0,0.0,0,
13351,48,258,48,0,0.0,0,
13352,53,502,53,0,0.0,0,
13353,73,870,73,0,0.0,0,
13354,55,322,55,0,0.0,0,
13355,55,325,55,0,0.0,0,
13356,38,329,38,0,0.0,0,
13357,34,257,34,0,0.0,0,
13358,50,372,50,0,0.0,0,
13359,58,349,58,0,0.0,0,
1335,46,167,46,0,0.0,0,
13360,59,559,59,0,0.0,0,
13361,25,80,25,0,0.0,0,
13362,110,799,110,0,0.0,0,
13363,56,422,56,0,0.0,0,
13364,44,433,44,0,0.0,0,
13365,53,249,53,0,0.0,0,
13366,44,316,44,0,0.0,0,
13367,46,249,46,0,0.0,0,
13368,30,270,30,0,0.0,0,
13369,58,416,58,0,0.0,0,
1336,31,51,31,0,0.0,0,
13370,54,369,54,0,0.0,0,
13371,47,431,47,0,0.0,0,
13372,28,304,28,0,0.0,0,
13373,46,252,46,0,0.0,0,
13374,56,716,56,0,0.0,0,
13375,48,181,48,0,0.0,0,
13376,52,374,52,0,0.0,0,
13377,50,349,49,1,0.02,0,A_159
13378,49,208,49,0,0.0,0,
13379,67,198,67,0,0.0,0,
1337,46,509,46,0,0.0,0,
13380,41,262,41,0,0.0,0,
13381,51,207,51,0,0.0,0,
13382,56,285,56,0,0.0,0,
13383,39,200,39,0,0.0,0,
13384,39,161,39,0,0.0,0,
13385,41,578,41,0,0.0,0,
13386,64,281,64,0,0.0,0,
13387,52,257,52,0,0.0,0,
13388,57,279,57,0,0.0,0,
13389,61,335,61,0,0.0,0,
1338,57,1452,57,0,0.0,0,
13390,49,462,49,0,0.0,0,
13391,37,250,37,0,0.0,0,
13392,49,1400,49,0,0.0,0,
13393,32,127,32,0,0.0,0,
13394,43,331,43,0,0.0,0,
13395,35,866,35,0,0.0,0,
13396,54,738,54,0,0.0,0,
13397,66,4206,66,0,0.0,0,
13398,69,425,69,0,0.0,0,
13399,63,476,63,0,0.0,0,
1339,59,240,59,0,0.0,0,
133,52,1552,52,0,0.0,0,
13400,49,265,49,0,0.0,0,
13401,36,416,36,0,0.0,0,
13402,79,338,79,0,0.0,0,
13403,40,402,40,0,0.0,0,
13404,51,898,51,0,0.0,0,
13405,46,386,46,0,0.0,0,
13406,42,407,42,0,0.0,0,
13407,38,255,38,0,0.0,0,
13408,56,1029,56,0,0.0,0,
13409,67,198,67,0,0.0,0,
1340,40,223,40,0,0.0,0,
13410,47,109,47,0,0.0,0,
13411,29,143,29,0,0.0,0,
13412,46,250,46,0,0.0,0,
13413,32,223,32,0,0.0,0,
13414,66,198,66,0,0.0,0,
13415,51,536,51,0,0.0,0,
13416,37,123,37,0,0.0,0,
13417,59,2010,59,0,0.0,0,
13418,50,367,50,0,0.0,0,
13419,39,343,39,0,0.0,0,
1341,55,245,55,0,0.0,0,
13420,34,669,34,0,0.0,0,
13421,44,333,44,0,0.0,0,
13422,51,221,51,0,0.0,0,
13423,52,310,52,0,0.0,0,
13424,35,392,35,0,0.0,0,
13425,39,364,39,0,0.0,0,
13426,33,358,33,0,0.0,0,
13427,54,775,54,0,0.0,0,
13428,54,369,54,0,0.0,0,
13429,52,331,52,0,0.0,0,
1342,61,686,61,0,0.0,0,
13430,56,834,56,0,0.0,0,
13431,52,416,52,0,0.0,0,
13432,55,336,55,0,0.0,0,
13433,50,582,50,0,0.0,0,
13434,51,462,51,0,0.0,0,
13435,56,607,56,0,0.0,0,
13436,41,256,41,0,0.0,0,
13437,67,473,67,0,0.0,0,
13438,58,1080,58,0,0.0,0,
13439,67,198,67,0,0.0,0,
1343,40,262,40,0,0.0,0,
13440,48,833,48,0,0.0,0,
13441,42,276,42,0,0.0,0,
13442,74,1388,74,0,0.0,0,
13443,52,514,52,0,0.0,0,
13444,45,258,45,0,0.0,0,
13445,53,263,53,0,0.0,0,
13446,51,73,51,0,0.0,0,
13447,70,379,70,0,0.0,0,
13448,69,198,69,0,0.0,0,
13449,55,464,55,0,0.0,0,
1344,54,431,54,0,0.0,0,
13450,41,358,41,0,0.0,0,
13451,43,682,43,0,0.0,0,
13452,54,3646,54,0,0.0,0,
13453,56,214,56,0,0.0,0,
13454,51,270,51,0,0.0,0,
13455,59,1338,59,0,0.0,0,
13456,62,259,62,0,0.0,0,
13457,42,264,42,0,0.0,0,
13458,44,763,44,0,0.0,0,
13459,44,290,44,0,0.0,0,
1345,52,278,52,0,0.0,0,
13460,47,525,47,0,0.0,0,
13461,53,249,53,0,0.0,0,
13462,47,1047,47,0,0.0,0,
13463,57,438,57,0,0.0,0,
13464,49,208,49,0,0.0,0,
13465,52,287,52,0,0.0,0,
13466,46,499,46,0,0.0,0,
13467,60,858,60,0,0.0,0,
13468,41,671,41,0,0.0,0,
13469,41,257,41,0,0.0,0,
1346,43,274,43,0,0.0,0,
13470,58,375,58,0,0.0,0,
13471,56,289,56,0,0.0,0,
13472,58,457,58,0,0.0,0,
13473,61,272,61,0,0.0,0,
13474,28,718,28,0,0.0,0,
13475,34,569,34,0,0.0,0,
13476,65,564,65,0,0.0,0,
13477,60,589,60,0,0.0,0,
13478,61,1480,61,0,0.0,0,
13479,67,273,67,0,0.0,0,
1347,68,266,68,0,0.0,0,
13480,36,87,36,0,0.0,0,
13481,57,299,57,0,0.0,0,
13482,49,432,49,0,0.0,0,
13483,53,207,53,0,0.0,0,
13484,55,246,55,0,0.0,0,
13485,61,379,61,0,0.0,0,
13486,46,292,46,0,0.0,0,
13487,53,712,53,0,0.0,0,
13488,51,208,51,0,0.0,0,
13489,64,245,64,0,0.0,0,
1348,44,248,44,0,0.0,0,
13490,51,322,51,0,0.0,0,
13491,45,530,45,0,0.0,0,
13492,52,606,52,0,0.0,0,
13493,68,266,68,0,0.0,0,
13494,48,215,48,0,0.0,0,
13495,48,1600,48,0,0.0,0,
13496,64,303,64,0,0.0,0,
13497,35,537,35,0,0.0,0,
13498,52,274,52,0,0.0,0,
13499,52,254,52,0,0.0,0,
1349,45,418,45,0,0.0,0,
134,50,328,50,0,0.0,0,
13500,44,257,44,0,0.0,0,
13501,40,279,40,0,0.0,0,
13502,41,1448,41,0,0.0,0,
13503,42,415,42,0,0.0,0,
13504,37,192,37,0,0.0,0,
13505,57,355,57,0,0.0,0,
13506,37,147,37,0,0.0,0,
13507,47,208,47,0,0.0,0,
13508,52,372,52,0,0.0,0,
13509,68,224,68,0,0.0,0,
1350,53,223,53,0,0.0,0,
13510,45,343,45,0,0.0,0,
13511,33,61,33,0,0.0,0,
13512,24,268,24,0,0.0,0,
13513,52,516,52,0,0.0,0,
13514,54,216,54,0,0.0,0,
13515,68,337,67,1,0.014705882352941176,0,A_197
13516,39,180,39,0,0.0,0,
13517,56,424,56,0,0.0,0,
13518,92,375,92,0,0.0,0,
13519,50,486,50,0,0.0,0,
1351,35,344,35,0,0.0,0,
13520,31,90,31,0,0.0,0,
13521,65,304,65,0,0.0,0,
13522,30,266,30,0,0.0,0,
13523,37,241,36,1,0.02702702702702703,0,A_73
13524,41,903,41,0,0.0,0,
13525,53,276,53,0,0.0,0,
13526,56,333,56,0,0.0,0,
13527,53,184,53,0,0.0,0,
13528,52,1861,52,0,0.0,0,
13529,29,717,29,0,0.0,0,
1352,68,692,68,0,0.0,0,
13530,41,264,41,0,0.0,0,
13531,28,261,28,0,0.0,0,
13532,53,820,53,0,0.0,0,
13533,46,338,46,0,0.0,0,
13534,53,240,53,0,0.0,0,
13535,54,235,54,0,0.0,0,
13536,47,462,47,0,0.0,0,
13537,67,207,67,0,0.0,0,
13538,45,336,45,0,0.0,0,
13539,55,1338,55,0,0.0,0,
1353,46,257,46,0,0.0,0,
13540,62,278,62,0,0.0,0,
13541,28,163,28,0,0.0,0,
13542,38,125,38,0,0.0,0,
13543,54,648,54,0,0.0,0,
13544,55,488,55,0,0.0,0,
13545,32,250,32,0,0.0,0,
13546,49,259,49,0,0.0,0,
13547,47,348,47,0,0.0,0,
13548,55,301,55,0,0.0,0,
13549,52,924,52,0,0.0,0,
1354,44,600,44,0,0.0,0,
13550,37,221,37,0,0.0,0,
13551,53,281,53,0,0.0,0,
13552,36,580,36,0,0.0,0,
13553,47,223,47,0,0.0,0,
13554,56,378,56,0,0.0,0,
13555,56,264,56,0,0.0,0,
13556,68,421,68,0,0.0,0,
13557,34,1273,34,0,0.0,0,
13558,50,774,50,0,0.0,0,
13559,49,837,49,0,0.0,0,
1355,35,126,35,0,0.0,0,
13560,57,309,57,0,0.0,0,
13561,56,1025,56,0,0.0,0,
13562,64,1040,59,5,0.078125,0,A_675 A_676 C_675 C_676 C_677
13563,53,258,53,0,0.0,0,
13564,45,336,45,0,0.0,0,
13565,49,277,49,0,0.0,0,
13566,53,402,53,0,0.0,0,
13567,45,286,45,0,0.0,0,
13568,69,231,69,0,0.0,0,
13569,57,343,57,0,0.0,0,
1356,70,240,70,0,0.0,0,
13570,44,333,44,0,0.0,0,
13571,59,295,59,0,0.0,0,
13572,37,204,37,0,0.0,0,
13573,52,373,52,0,0.0,0,
13574,43,919,43,0,0.0,0,
13575,57,297,57,0,0.0,0,
13576,70,263,70,0,0.0,0,
13577,49,222,49,0,0.0,0,
13578,49,339,49,0,0.0,0,
13579,51,676,51,0,0.0,0,
1357,72,423,72,0,0.0,0,
13580,49,1386,49,0,0.0,0,
13581,72,528,72,0,0.0,0,
13582,57,369,57,0,0.0,0,
13583,49,684,48,1,0.02040816326530612,0,B_478
13584,52,439,52,0,0.0,0,
13585,60,198,60,0,0.0,0,
13586,52,962,52,0,0.0,0,
13587,49,484,49,0,0.0,0,
13588,41,285,41,0,0.0,0,
13589,71,338,71,0,0.0,0,
1358,57,648,57,0,0.0,0,
13590,46,732,46,0,0.0,0,
13591,56,205,56,0,0.0,0,
13592,59,274,59,0,0.0,0,
13593,32,231,32,0,0.0,0,
13594,46,336,46,0,0.0,0,
13595,46,322,46,0,0.0,0,
13596,56,334,56,0,0.0,0,
13597,44,1016,44,0,0.0,0,
13598,84,373,84,0,0.0,0,
13599,35,275,35,0,0.0,0,
1359,47,1976,47,0,0.0,0,
135,59,352,59,0,0.0,0,
13600,67,284,67,0,0.0,0,
13601,46,846,46,0,0.0,0,
13602,53,252,53,0,0.0,0,
13603,47,128,47,0,0.0,0,
13604,48,235,48,0,0.0,0,
13605,54,566,54,0,0.0,0,
13606,55,275,55,0,0.0,0,
13607,56,247,56,0,0.0,0,
13608,48,165,48,0,0.0,0,
13609,61,696,61,0,0.0,0,
1360,47,258,47,0,0.0,0,
13610,61,278,61,0,0.0,0,
13611,51,918,51,0,0.0,0,
13612,41,279,41,0,0.0,0,
13613,43,616,43,0,0.0,0,
13614,37,464,37,0,0.0,0,
13615,48,550,48,0,0.0,0,
13616,80,619,80,0,0.0,0,
13617,48,768,48,0,0.0,0,
13618,45,682,45,0,0.0,0,
13619,43,351,43,0,0.0,0,
1361,30,220,30,0,0.0,0,
13620,43,272,43,0,0.0,0,
13621,51,815,51,0,0.0,0,
13622,48,325,48,0,0.0,0,
13623,59,402,59,0,0.0,0,
13624,56,287,56,0,0.0,0,
13625,53,244,53,0,0.0,0,
13626,38,206,38,0,0.0,0,
13627,61,388,61,0,0.0,0,
13628,47,209,47,0,0.0,0,
13629,33,154,33,0,0.0,0,
1362,44,849,44,0,0.0,0,
13630,61,429,61,0,0.0,0,
13631,43,276,43,0,0.0,0,
13632,54,223,54,0,0.0,0,
13633,49,200,49,0,0.0,0,
13634,39,422,39,0,0.0,0,
13635,70,1388,70,0,0.0,0,
13636,48,383,48,0,0.0,0,
13637,63,335,63,0,0.0,0,
13638,52,771,52,0,0.0,0,
13639,59,256,59,0,0.0,0,
1363,56,698,56,0,0.0,0,
13640,51,223,51,0,0.0,0,
13641,46,370,46,0,0.0,0,
13642,52,457,52,0,0.0,0,
13643,46,873,46,0,0.0,0,
13644,50,188,50,0,0.0,0,
13645,41,120,41,0,0.0,0,
13646,60,414,60,0,0.0,0,
13647,43,327,43,0,0.0,0,
13648,46,1094,46,0,0.0,0,
13649,47,341,47,0,0.0,0,
1364,52,275,52,0,0.0,0,
13650,38,165,38,0,0.0,0,
13651,40,836,40,0,0.0,0,
13652,52,294,52,0,0.0,0,
13653,48,158,48,0,0.0,0,
13654,61,1604,60,1,0.01639344262295082,0,A_680
13655,53,246,53,0,0.0,0,
13656,50,484,50,0,0.0,0,
13657,50,560,50,0,0.0,0,
13658,36,467,36,0,0.0,0,
13659,55,433,55,0,0.0,0,
1365,43,389,43,0,0.0,0,
13660,56,535,56,0,0.0,0,
13661,45,276,45,0,0.0,0,
13662,60,309,60,0,0.0,0,
13663,56,960,56,0,0.0,0,
13664,27,988,27,0,0.0,0,
13665,58,198,58,0,0.0,0,
13666,55,947,55,0,0.0,0,
13667,44,353,44,0,0.0,0,
13668,33,163,33,0,0.0,0,
13669,54,924,54,0,0.0,0,
1366,42,652,42,0,0.0,0,
13670,50,1456,50,0,0.0,0,
13671,40,338,40,0,0.0,0,
13672,53,451,53,0,0.0,0,
13673,46,179,46,0,0.0,0,
13674,48,416,48,0,0.0,0,
13675,56,293,56,0,0.0,0,
13676,57,341,57,0,0.0,0,
13677,59,348,59,0,0.0,0,
13678,54,350,54,0,0.0,0,
13679,56,602,56,0,0.0,0,
1367,50,257,50,0,0.0,0,
13680,65,2712,65,0,0.0,0,
13681,49,299,49,0,0.0,0,
13682,54,410,54,0,0.0,0,
13683,52,335,52,0,0.0,0,
13684,34,540,34,0,0.0,0,
13685,49,1460,49,0,0.0,0,
13686,54,609,54,0,0.0,0,
13687,52,927,52,0,0.0,0,
13688,49,223,49,0,0.0,0,
13689,50,304,50,0,0.0,0,
1368,40,672,40,0,0.0,0,
13690,45,337,45,0,0.0,0,
13691,50,846,50,0,0.0,0,
13692,45,147,45,0,0.0,0,
13693,64,356,64,0,0.0,0,
13694,61,474,61,0,0.0,0,
13695,43,968,43,0,0.0,0,
13696,62,429,61,1,0.016129032258064516,0,A_198
13697,45,248,45,0,0.0,0,
13698,54,271,54,0,0.0,0,
13699,53,520,53,0,0.0,0,
1369,61,258,61,0,0.0,0,
136,42,158,42,0,0.0,0,
13700,61,278,61,0,0.0,0,
13701,60,241,60,0,0.0,0,
13702,49,933,49,0,0.0,0,
13703,63,256,63,0,0.0,0,
13704,25,571,25,0,0.0,0,
13705,35,61,35,0,0.0,0,
13706,37,836,37,0,0.0,0,
13707,44,95,44,0,0.0,0,
13708,59,1272,59,0,0.0,0,
13709,58,888,58,0,0.0,0,
1370,46,358,46,0,0.0,0,
13710,55,994,55,0,0.0,0,
13711,65,345,65,0,0.0,0,
13712,52,295,52,0,0.0,0,
13713,60,647,60,0,0.0,0,
13714,55,710,55,0,0.0,0,
13715,48,349,48,0,0.0,0,
13716,49,295,49,0,0.0,0,
13717,45,600,45,0,0.0,0,
13718,46,259,46,0,0.0,0,
13719,40,470,40,0,0.0,0,
1371,54,259,54,0,0.0,0,
13720,60,539,60,0,0.0,0,
13721,52,212,52,0,0.0,0,
13722,37,486,37,0,0.0,0,
13723,55,390,55,0,0.0,0,
13724,45,525,45,0,0.0,0,
13725,39,282,39,0,0.0,0,
13726,53,149,53,0,0.0,0,
13727,42,95,42,0,0.0,0,
13728,61,286,61,0,0.0,0,
13729,61,274,61,0,0.0,0,
1372,59,241,59,0,0.0,0,
13730,50,258,50,0,0.0,0,
13731,70,292,70,0,0.0,0,
13732,88,2100,88,0,0.0,0,
13733,52,215,52,0,0.0,0,
13734,64,284,64,0,0.0,0,
13735,75,536,75,0,0.0,0,
13736,48,836,48,0,0.0,0,
13737,46,546,46,0,0.0,0,
13738,53,302,53,0,0.0,0,
13739,64,475,64,0,0.0,0,
1373,70,619,70,0,0.0,0,
13740,41,158,41,0,0.0,0,
13741,19,339,19,0,0.0,0,
13742,40,191,40,0,0.0,0,
13743,24,138,24,0,0.0,0,
13744,75,648,75,0,0.0,0,
13745,43,327,43,0,0.0,0,
13746,72,644,72,0,0.0,0,
13747,55,390,52,3,0.05454545454545454,0,A_122 A_169 A_177
13748,56,382,56,0,0.0,0,
13749,40,270,40,0,0.0,0,
1374,112,799,112,0,0.0,0,
13750,49,273,49,0,0.0,0,
13751,50,225,50,0,0.0,0,
13752,113,799,113,0,0.0,0,
13753,50,370,50,0,0.0,0,
13754,37,781,37,0,0.0,0,
13755,68,638,68,0,0.0,0,
13756,49,256,49,0,0.0,0,
13757,47,2856,47,0,0.0,0,
13758,44,726,44,0,0.0,0,
13759,82,373,82,0,0.0,0,
1375,53,374,53,0,0.0,0,
13760,35,670,35,0,0.0,0,
13761,39,162,39,0,0.0,0,
13762,43,549,43,0,0.0,0,
13763,29,290,29,0,0.0,0,
13764,59,368,59,0,0.0,0,
13765,53,257,53,0,0.0,0,
13766,39,1016,39,0,0.0,0,
13767,24,106,24,0,0.0,0,
13768,51,293,51,0,0.0,0,
13769,52,1271,52,0,0.0,0,
1376,55,152,55,0,0.0,0,
13770,55,217,55,0,0.0,0,
13771,39,472,39,0,0.0,0,
13772,54,948,54,0,0.0,0,
13773,42,123,42,0,0.0,0,
13774,41,145,41,0,0.0,0,
13775,27,567,27,0,0.0,0,
13776,63,377,63,0,0.0,0,
13777,31,130,31,0,0.0,0,
13778,44,257,44,0,0.0,0,
13779,49,641,49,0,0.0,0,
1377,51,263,51,0,0.0,0,
13780,46,258,46,0,0.0,0,
13781,61,408,61,0,0.0,0,
13782,44,2598,44,0,0.0,0,
13783,33,158,33,0,0.0,0,
13784,53,306,53,0,0.0,0,
13785,52,277,52,0,0.0,0,
13786,32,641,32,0,0.0,0,
13787,38,221,38,0,0.0,0,
13788,48,215,48,0,0.0,0,
13789,55,337,55,0,0.0,0,
1378,48,668,48,0,0.0,0,
13790,46,298,46,0,0.0,0,
13791,53,218,53,0,0.0,0,
13792,45,288,45,0,0.0,0,
13793,49,209,49,0,0.0,0,
13794,63,559,63,0,0.0,0,
13795,59,469,59,0,0.0,0,
13796,45,271,45,0,0.0,0,
13797,85,394,85,0,0.0,0,
13798,59,288,59,0,0.0,0,
13799,55,968,55,0,0.0,0,
1379,47,261,47,0,0.0,0,
137,46,169,46,0,0.0,0,
13800,72,648,72,0,0.0,0,
13801,71,229,71,0,0.0,0,
13802,44,343,44,0,0.0,0,
13803,57,210,57,0,0.0,0,
13804,51,290,51,0,0.0,0,
13805,63,218,63,0,0.0,0,
13806,50,235,50,0,0.0,0,
13807,31,279,31,0,0.0,0,
13808,36,95,36,0,0.0,0,
13809,69,466,69,0,0.0,0,
1380,48,335,48,0,0.0,0,
13810,68,720,68,0,0.0,0,
13811,85,375,85,0,0.0,0,
13812,40,107,40,0,0.0,0,
13813,38,435,38,0,0.0,0,
13814,32,112,32,0,0.0,0,
13815,27,188,27,0,0.0,0,
13816,43,458,43,0,0.0,0,
13817,26,414,26,0,0.0,0,
13818,59,330,59,0,0.0,0,
13819,36,284,36,0,0.0,0,
1381,70,1620,69,1,0.014285714285714285,0,A_680
13820,34,459,34,0,0.0,0,
13821,52,316,52,0,0.0,0,
13822,42,1452,42,0,0.0,0,
13823,55,264,55,0,0.0,0,
13824,44,316,44,0,0.0,0,
13825,60,376,60,0,0.0,0,
13826,63,211,63,0,0.0,0,
13827,43,359,43,0,0.0,0,
13828,72,429,72,0,0.0,0,
13829,43,1958,43,0,0.0,0,
1382,51,1280,51,0,0.0,0,
13830,34,138,34,0,0.0,0,
13831,97,389,97,0,0.0,0,
13832,38,270,38,0,0.0,0,
13833,54,246,54,0,0.0,0,
13834,36,588,36,0,0.0,0,
13835,53,182,53,0,0.0,0,
13836,41,89,41,0,0.0,0,
13837,67,198,67,0,0.0,0,
13838,54,1522,54,0,0.0,0,
13839,43,180,43,0,0.0,0,
1383,50,223,50,0,0.0,0,
13840,48,266,48,0,0.0,0,
13841,50,271,50,0,0.0,0,
13842,50,807,50,0,0.0,0,
13843,51,124,51,0,0.0,0,
13844,45,181,45,0,0.0,0,
13845,48,216,48,0,0.0,0,
13846,40,615,40,0,0.0,0,
13847,67,545,67,0,0.0,0,
13848,51,399,51,0,0.0,0,
13849,29,396,29,0,0.0,0,
1384,55,324,55,0,0.0,0,
13850,53,930,53,0,0.0,0,
13851,38,660,38,0,0.0,0,
13852,39,551,39,0,0.0,0,
13853,55,137,55,0,0.0,0,
13854,53,223,53,0,0.0,0,
13855,55,262,55,0,0.0,0,
13856,52,295,52,0,0.0,0,
13857,29,330,29,0,0.0,0,
13858,44,801,44,0,0.0,0,
13859,52,274,52,0,0.0,0,
1385,53,889,53,0,0.0,0,
13860,66,198,66,0,0.0,0,
13861,66,872,66,0,0.0,0,
13862,47,586,47,0,0.0,0,
13863,55,359,55,0,0.0,0,
13864,47,344,47,0,0.0,0,
13865,38,1872,38,0,0.0,0,
13866,16,176,16,0,0.0,0,
13867,35,370,35,0,0.0,0,
13868,62,370,62,0,0.0,0,
13869,59,426,59,0,0.0,0,
1386,44,428,44,0,0.0,0,
13870,56,278,56,0,0.0,0,
13871,43,119,43,0,0.0,0,
13872,64,469,64,0,0.0,0,
13873,57,628,57,0,0.0,0,
13874,72,371,72,0,0.0,0,
13875,53,309,53,0,0.0,0,
13876,36,1104,36,0,0.0,0,
13877,50,394,50,0,0.0,0,
13878,61,441,61,0,0.0,0,
13879,35,522,35,0,0.0,0,
1387,54,283,54,0,0.0,0,
13880,36,312,36,0,0.0,0,
13881,39,993,39,0,0.0,0,
13882,48,558,48,0,0.0,0,
13883,49,208,49,0,0.0,0,
13884,35,110,35,0,0.0,0,
13885,46,210,46,0,0.0,0,
13886,42,342,42,0,0.0,0,
13887,39,399,39,0,0.0,0,
13888,50,297,50,0,0.0,0,
13889,45,1771,45,0,0.0,0,
1388,59,248,59,0,0.0,0,
13890,40,424,40,0,0.0,0,
13891,40,433,40,0,0.0,0,
13892,35,525,35,0,0.0,0,
13893,50,844,50,0,0.0,0,
13894,59,256,59,0,0.0,0,
13895,66,741,66,0,0.0,0,
13896,48,1436,48,0,0.0,0,
13897,51,89,51,0,0.0,0,
13898,37,114,37,0,0.0,0,
13899,38,426,38,0,0.0,0,
1389,55,1053,55,0,0.0,0,
138,37,127,37,0,0.0,0,
13900,46,361,46,0,0.0,0,
13901,23,105,22,1,0.043478260869565216,0,A_44
13902,31,104,31,0,0.0,0,
13903,57,1024,57,0,0.0,0,
13904,57,848,57,0,0.0,0,
13905,48,443,48,0,0.0,0,
13906,47,526,47,0,0.0,0,
13907,55,710,55,0,0.0,0,
13908,43,354,43,0,0.0,0,
13909,59,272,59,0,0.0,0,
1390,50,259,50,0,0.0,0,
13910,53,584,53,0,0.0,0,
13911,39,257,39,0,0.0,0,
13912,69,143,69,0,0.0,0,
13913,47,349,47,0,0.0,0,
13914,49,261,49,0,0.0,0,
13915,47,289,47,0,0.0,0,
13916,49,954,49,0,0.0,0,
13917,41,192,41,0,0.0,0,
13918,55,284,55,0,0.0,0,
13919,58,291,58,0,0.0,0,
1391,46,313,46,0,0.0,0,
13920,57,268,57,0,0.0,0,
13921,31,1180,31,0,0.0,0,
13922,27,119,27,0,0.0,0,
13923,55,331,55,0,0.0,0,
13924,49,248,49,0,0.0,0,
13925,49,395,49,0,0.0,0,
13926,46,207,46,0,0.0,0,
13927,57,286,57,0,0.0,0,
13928,53,294,53,0,0.0,0,
13929,36,180,36,0,0.0,0,
1392,44,257,44,0,0.0,0,
13930,40,992,40,0,0.0,0,
13931,63,277,63,0,0.0,0,
13932,26,135,26,0,0.0,0,
13933,51,2506,51,0,0.0,0,
13934,43,86,43,0,0.0,0,
13935,43,467,43,0,0.0,0,
13936,50,525,50,0,0.0,0,
13937,52,256,52,0,0.0,0,
13938,45,259,45,0,0.0,0,
13939,48,1048,48,0,0.0,0,
1393,43,157,43,0,0.0,0,
13940,36,781,36,0,0.0,0,
13941,57,797,57,0,0.0,0,
13942,67,1285,67,0,0.0,0,
13943,68,304,68,0,0.0,0,
13944,67,198,67,0,0.0,0,
13945,55,288,55,0,0.0,0,
13946,37,782,37,0,0.0,0,
13947,26,106,26,0,0.0,0,
13948,62,630,62,0,0.0,0,
13949,60,344,60,0,0.0,0,
1394,30,431,30,0,0.0,0,
13950,53,454,53,0,0.0,0,
13951,86,599,86,0,0.0,0,
13952,59,283,59,0,0.0,0,
13953,37,115,37,0,0.0,0,
13954,40,477,40,0,0.0,0,
13955,45,243,45,0,0.0,0,
13956,75,333,75,0,0.0,0,
13957,45,292,45,0,0.0,0,
13958,44,373,44,0,0.0,0,
13959,42,313,42,0,0.0,0,
1395,57,280,57,0,0.0,0,
13960,61,504,61,0,0.0,0,
13961,38,101,38,0,0.0,0,
13962,61,318,61,0,0.0,0,
13963,41,135,41,0,0.0,0,
13964,32,58,32,0,0.0,0,
13965,10,161,10,0,0.0,0,
13966,33,128,33,0,0.0,0,
13967,27,243,26,1,0.037037037037037035,0,A_84
13968,57,262,57,0,0.0,0,
13969,41,1182,41,0,0.0,0,
1396,57,349,57,0,0.0,0,
13970,49,103,49,0,0.0,0,
13971,69,198,69,0,0.0,0,
13972,45,892,45,0,0.0,0,
13973,49,304,49,0,0.0,0,
13974,53,265,53,0,0.0,0,
13975,55,272,55,0,0.0,0,
13976,56,285,56,0,0.0,0,
13977,55,247,55,0,0.0,0,
13978,49,101,49,0,0.0,0,
13979,70,254,70,0,0.0,0,
1397,45,259,45,0,0.0,0,
13980,56,198,56,0,0.0,0,
13981,39,2598,39,0,0.0,0,
13982,52,215,52,0,0.0,0,
13983,53,264,53,0,0.0,0,
13984,40,578,40,0,0.0,0,
13985,49,364,49,0,0.0,0,
13986,45,305,45,0,0.0,0,
13987,82,372,82,0,0.0,0,
13988,57,1456,57,0,0.0,0,
13989,61,395,61,0,0.0,0,
1398,40,211,40,0,0.0,0,
13990,45,171,45,0,0.0,0,
13991,26,165,26,0,0.0,0,
13992,52,296,52,0,0.0,0,
13993,41,602,41,0,0.0,0,
13994,93,362,93,0,0.0,0,
13995,58,499,58,0,0.0,0,
13996,60,460,60,0,0.0,0,
13997,41,270,41,0,0.0,0,
13998,50,223,50,0,0.0,0,
13999,52,482,52,0,0.0,0,
1399,53,265,53,0,0.0,0,
139,65,779,65,0,0.0,0,
13,61,421,61,0,0.0,0,
14000,33,124,33,0,0.0,0,
14001,68,198,68,0,0.0,0,
14002,51,284,51,0,0.0,0,
14003,42,257,42,0,0.0,0,
14004,60,378,60,0,0.0,0,
14005,27,151,27,0,0.0,0,
14006,31,283,31,0,0.0,0,
14007,52,354,52,0,0.0,0,
14008,30,298,30,0,0.0,0,
14009,51,702,51,0,0.0,0,
1400,54,216,54,0,0.0,0,
14010,52,438,52,0,0.0,0,
14011,62,460,62,0,0.0,0,
14012,60,266,60,0,0.0,0,
14013,50,632,50,0,0.0,0,
14014,47,888,47,0,0.0,0,
14015,64,459,64,0,0.0,0,
14016,53,346,53,0,0.0,0,
14017,72,1722,72,0,0.0,0,
14018,37,257,37,0,0.0,0,
14019,59,344,59,0,0.0,0,
1401,59,368,59,0,0.0,0,
14020,44,943,44,0,0.0,0,
14021,46,607,46,0,0.0,0,
14022,42,245,42,0,0.0,0,
14023,60,371,60,0,0.0,0,
14024,28,112,28,0,0.0,0,
14025,52,278,52,0,0.0,0,
14026,55,350,55,0,0.0,0,
14027,44,230,44,0,0.0,0,
14028,46,770,46,0,0.0,0,
14029,41,326,41,0,0.0,0,
1402,40,538,40,0,0.0,0,
14030,46,427,46,0,0.0,0,
14031,69,2022,69,0,0.0,0,
14032,64,378,64,0,0.0,0,
14033,68,334,68,0,0.0,0,
14034,55,422,55,0,0.0,0,
14035,50,180,50,0,0.0,0,
14036,46,1210,46,0,0.0,0,
14037,45,101,45,0,0.0,0,
14038,57,1656,57,0,0.0,0,
14039,67,1294,67,0,0.0,0,
1403,64,333,64,0,0.0,0,
14040,86,375,86,0,0.0,0,
14041,51,376,51,0,0.0,0,
14042,51,235,51,0,0.0,0,
14043,43,127,43,0,0.0,0,
14044,47,290,47,0,0.0,0,
14045,31,123,31,0,0.0,0,
14046,49,286,49,0,0.0,0,
14047,69,330,69,0,0.0,0,
14048,39,222,39,0,0.0,0,
14049,39,145,39,0,0.0,0,
1404,47,198,47,0,0.0,0,
14050,57,176,57,0,0.0,0,
14051,44,338,44,0,0.0,0,
14052,31,158,31,0,0.0,0,
14053,60,563,60,0,0.0,0,
14054,61,1261,61,0,0.0,0,
14055,45,484,45,0,0.0,0,
14056,56,350,56,0,0.0,0,
14057,42,291,42,0,0.0,0,
14058,60,345,59,1,0.016666666666666666,0,A_50
14059,41,364,41,0,0.0,0,
1405,42,636,42,0,0.0,0,
14060,47,327,47,0,0.0,0,
14061,51,345,51,0,0.0,0,
14062,33,220,33,0,0.0,0,
14063,72,674,72,0,0.0,0,
14064,67,194,67,0,0.0,0,
14065,46,256,46,0,0.0,0,
14066,69,336,69,0,0.0,0,
14067,46,342,46,0,0.0,0,
14068,46,96,46,0,0.0,0,
14069,44,286,44,0,0.0,0,
1406,61,610,61,0,0.0,0,
14070,47,268,47,0,0.0,0,
14071,43,495,43,0,0.0,0,
14072,69,274,69,0,0.0,0,
14073,46,776,46,0,0.0,0,
14074,40,1350,40,0,0.0,0,
14075,49,337,49,0,0.0,0,
14076,57,227,57,0,0.0,0,
14077,59,207,59,0,0.0,0,
14078,60,454,60,0,0.0,0,
14079,54,223,54,0,0.0,0,
1407,33,692,33,0,0.0,0,
14080,53,452,53,0,0.0,0,
14081,43,780,43,0,0.0,0,
14082,61,288,61,0,0.0,0,
14083,49,258,49,0,0.0,0,
14084,36,300,36,0,0.0,0,
14085,42,371,42,0,0.0,0,
14086,50,294,50,0,0.0,0,
14087,47,713,47,0,0.0,0,
14088,40,223,40,0,0.0,0,
14089,36,490,36,0,0.0,0,
1408,53,300,53,0,0.0,0,
14090,26,656,26,0,0.0,0,
14091,26,128,26,0,0.0,0,
14092,66,255,66,0,0.0,0,
14093,26,1555,26,0,0.0,0,
14094,63,308,63,0,0.0,0,
14095,49,208,49,0,0.0,0,
14096,47,348,47,0,0.0,0,
14097,36,223,36,0,0.0,0,
14098,59,186,59,0,0.0,0,
14099,52,182,52,0,0.0,0,
1409,32,1660,32,0,0.0,0,
140,57,249,57,0,0.0,0,
14100,36,255,36,0,0.0,0,
14101,48,1701,48,0,0.0,0,
14102,65,486,65,0,0.0,0,
14103,53,384,53,0,0.0,0,
14104,49,266,49,0,0.0,0,
14105,37,320,37,0,0.0,0,
14106,58,826,58,0,0.0,0,
14107,50,426,50,0,0.0,0,
14108,54,94,54,0,0.0,0,
14109,65,320,65,0,0.0,0,
1410,56,1660,56,0,0.0,0,
14110,44,684,44,0,0.0,0,
14111,55,271,55,0,0.0,0,
14112,48,380,48,0,0.0,0,
14113,50,355,50,0,0.0,0,
14114,44,786,44,0,0.0,0,
14115,46,591,46,0,0.0,0,
14116,49,470,49,0,0.0,0,
14117,37,89,37,0,0.0,0,
14118,86,373,86,0,0.0,0,
14119,52,314,52,0,0.0,0,
1411,49,163,49,0,0.0,0,
14120,63,377,63,0,0.0,0,
14121,53,322,53,0,0.0,0,
14122,75,255,75,0,0.0,0,
14123,49,935,49,0,0.0,0,
14124,51,275,51,0,0.0,0,
14125,61,288,61,0,0.0,0,
14126,63,1096,63,0,0.0,0,
14127,35,257,35,0,0.0,0,
14128,67,1382,67,0,0.0,0,
14129,64,563,64,0,0.0,0,
1412,37,202,37,0,0.0,0,
14130,52,206,52,0,0.0,0,
14131,69,198,69,0,0.0,0,
14132,46,988,46,0,0.0,0,
14133,63,284,63,0,0.0,0,
14134,61,377,61,0,0.0,0,
14135,63,774,63,0,0.0,0,
14136,42,129,42,0,0.0,0,
14137,42,1940,42,0,0.0,0,
14138,83,321,83,0,0.0,0,
14139,53,319,53,0,0.0,0,
1413,42,704,42,0,0.0,0,
14140,52,326,52,0,0.0,0,
14141,54,335,54,0,0.0,0,
14142,66,252,66,0,0.0,0,
14143,57,304,57,0,0.0,0,
14144,33,311,33,0,0.0,0,
14145,66,343,66,0,0.0,0,
14146,53,342,53,0,0.0,0,
14147,43,374,43,0,0.0,0,
14148,65,332,65,0,0.0,0,
14149,40,485,40,0,0.0,0,
1414,44,106,44,0,0.0,0,
14150,49,862,49,0,0.0,0,
14151,61,889,61,0,0.0,0,
14152,47,297,47,0,0.0,0,
14153,46,840,46,0,0.0,0,
14154,47,296,47,0,0.0,0,
14155,63,684,63,0,0.0,0,
14156,30,79,30,0,0.0,0,
14157,58,833,58,0,0.0,0,
14158,63,191,63,0,0.0,0,
14159,46,257,46,0,0.0,0,
1415,58,247,58,0,0.0,0,
14160,62,314,62,0,0.0,0,
14161,69,707,69,0,0.0,0,
14162,66,198,66,0,0.0,0,
14163,64,198,64,0,0.0,0,
14164,55,442,55,0,0.0,0,
14165,50,256,50,0,0.0,0,
14166,45,546,45,0,0.0,0,
14167,47,133,47,0,0.0,0,
14168,51,277,51,0,0.0,0,
14169,44,626,43,1,0.022727272727272728,0,A_137
1416,46,1221,46,0,0.0,0,
14170,46,960,46,0,0.0,0,
14171,39,486,39,0,0.0,0,
14172,31,112,31,0,0.0,0,
14173,34,127,34,0,0.0,0,
14174,57,286,57,0,0.0,0,
14175,38,231,38,0,0.0,0,
14176,38,560,38,0,0.0,0,
14177,43,414,43,0,0.0,0,
14178,47,858,47,0,0.0,0,
14179,42,397,42,0,0.0,0,
1417,29,108,29,0,0.0,0,
14180,70,374,70,0,0.0,0,
14181,52,1094,52,0,0.0,0,
14182,43,237,43,0,0.0,0,
14183,62,315,62,0,0.0,0,
14184,37,173,37,0,0.0,0,
14185,68,1304,68,0,0.0,0,
14186,61,246,61,0,0.0,0,
14187,56,278,56,0,0.0,0,
14188,54,288,54,0,0.0,0,
14189,51,918,51,0,0.0,0,
1418,68,607,68,0,0.0,0,
14190,45,534,45,0,0.0,0,
14191,57,198,57,0,0.0,0,
14192,44,162,44,0,0.0,0,
14193,62,532,62,0,0.0,0,
14194,38,123,38,0,0.0,0,
14195,28,143,28,0,0.0,0,
14196,43,317,43,0,0.0,0,
14197,47,165,47,0,0.0,0,
14198,60,445,60,0,0.0,0,
14199,77,895,77,0,0.0,0,
1419,49,262,49,0,0.0,0,
141,53,257,53,0,0.0,0,
14200,66,198,66,0,0.0,0,
14201,52,169,52,0,0.0,0,
14202,53,297,53,0,0.0,0,
14203,59,556,59,0,0.0,0,
14204,40,566,40,0,0.0,0,
14205,54,149,54,0,0.0,0,
14206,61,459,61,0,0.0,0,
14207,49,227,49,0,0.0,0,
14208,70,135,70,0,0.0,0,
14209,64,486,64,0,0.0,0,
1420,57,287,57,0,0.0,0,
14210,46,299,46,0,0.0,0,
14211,69,198,69,0,0.0,0,
14212,41,866,41,0,0.0,0,
14213,25,102,25,0,0.0,0,
14214,41,173,41,0,0.0,0,
14215,39,1092,39,0,0.0,0,
14216,55,271,55,0,0.0,0,
14217,54,257,54,0,0.0,0,
14218,39,123,39,0,0.0,0,
14219,38,257,38,0,0.0,0,
1421,60,317,60,0,0.0,0,
14220,51,1614,51,0,0.0,0,
14221,62,1704,62,0,0.0,0,
14222,56,402,56,0,0.0,0,
14223,36,276,36,0,0.0,0,
14224,57,577,57,0,0.0,0,
14225,44,145,44,0,0.0,0,
14226,41,780,41,0,0.0,0,
14227,34,499,34,0,0.0,0,
14228,35,230,34,1,0.02857142857142857,0,A_198
14229,55,408,55,0,0.0,0,
1422,37,530,37,0,0.0,0,
14230,38,574,38,0,0.0,0,
14231,56,337,56,0,0.0,0,
14232,38,423,38,0,0.0,0,
14233,51,323,51,0,0.0,0,
14234,47,711,47,0,0.0,0,
14235,36,125,36,0,0.0,0,
14236,29,448,29,0,0.0,0,
14237,46,218,46,0,0.0,0,
14238,41,257,41,0,0.0,0,
14239,34,196,34,0,0.0,0,
1423,67,198,67,0,0.0,0,
14240,16,600,16,0,0.0,0,
14241,46,297,46,0,0.0,0,
14242,52,462,52,0,0.0,0,
14243,46,460,46,0,0.0,0,
14244,43,269,43,0,0.0,0,
14245,49,193,49,0,0.0,0,
14246,36,426,36,0,0.0,0,
14247,42,211,42,0,0.0,0,
14248,33,158,33,0,0.0,0,
14249,54,249,54,0,0.0,0,
1424,19,158,18,1,0.05263157894736842,0,A_5
14250,50,800,50,0,0.0,0,
14251,56,1552,56,0,0.0,0,
14252,52,674,52,0,0.0,0,
14253,48,202,48,0,0.0,0,
14254,47,257,47,0,0.0,0,
14255,83,245,83,0,0.0,0,
14256,21,102,21,0,0.0,0,
14257,41,620,41,0,0.0,0,
14258,45,939,45,0,0.0,0,
14259,66,1088,66,0,0.0,0,
1425,38,56,38,0,0.0,0,
14260,70,198,70,0,0.0,0,
14261,35,417,35,0,0.0,0,
14262,77,425,77,0,0.0,0,
14263,31,174,31,0,0.0,0,
14264,72,225,72,0,0.0,0,
14265,48,387,48,0,0.0,0,
14266,64,194,64,0,0.0,0,
14267,46,686,46,0,0.0,0,
14268,43,504,43,0,0.0,0,
14269,60,820,60,0,0.0,0,
1426,35,117,35,0,0.0,0,
14270,42,154,42,0,0.0,0,
14271,75,325,75,0,0.0,0,
14272,46,340,43,3,0.06521739130434782,0,C_142 C_148 C_165
14273,45,792,45,0,0.0,0,
14274,67,198,67,0,0.0,0,
14275,40,125,40,0,0.0,0,
14276,62,375,62,0,0.0,0,
14277,47,1548,47,0,0.0,0,
14278,58,291,58,0,0.0,0,
14279,54,480,54,0,0.0,0,
1427,39,263,39,0,0.0,0,
14280,46,306,45,1,0.021739130434782608,0,A_285
14281,34,219,34,0,0.0,0,
14282,53,954,53,0,0.0,0,
14283,52,383,52,0,0.0,0,
14284,38,239,38,0,0.0,0,
14285,58,862,58,0,0.0,0,
14286,54,976,54,0,0.0,0,
14287,42,439,42,0,0.0,0,
14288,34,641,34,0,0.0,0,
14289,27,266,27,0,0.0,0,
1428,53,290,53,0,0.0,0,
14290,83,222,83,0,0.0,0,
14291,72,376,72,0,0.0,0,
14292,70,1089,70,0,0.0,0,
14293,58,282,58,0,0.0,0,
14294,68,730,68,0,0.0,0,
14295,41,386,41,0,0.0,0,
14296,55,791,55,0,0.0,0,
14297,27,131,27,0,0.0,0,
14298,48,331,48,0,0.0,0,
14299,63,198,63,0,0.0,0,
1429,37,68,37,0,0.0,0,
142,52,293,52,0,0.0,0,
14300,59,463,59,0,0.0,0,
14301,56,358,56,0,0.0,0,
14302,42,104,42,0,0.0,0,
14303,72,198,72,0,0.0,0,
14304,44,340,44,0,0.0,0,
14305,48,922,47,1,0.020833333333333332,0,A_280
14306,29,242,29,0,0.0,0,
14307,24,150,24,0,0.0,0,
14308,54,231,54,0,0.0,0,
14309,46,256,46,0,0.0,0,
1430,43,488,43,0,0.0,0,
14310,45,530,45,0,0.0,0,
14311,45,174,45,0,0.0,0,
14312,51,290,51,0,0.0,0,
14313,34,87,34,0,0.0,0,
14314,37,618,37,0,0.0,0,
14315,54,538,54,0,0.0,0,
14316,52,568,52,0,0.0,0,
14317,49,258,49,0,0.0,0,
14318,39,158,39,0,0.0,0,
14319,73,325,73,0,0.0,0,
1431,67,308,67,0,0.0,0,
14320,45,304,45,0,0.0,0,
14321,18,123,18,0,0.0,0,
14322,31,302,31,0,0.0,0,
14323,65,245,65,0,0.0,0,
14324,46,554,46,0,0.0,0,
14325,32,225,32,0,0.0,0,
14326,43,117,43,0,0.0,0,
14327,36,686,36,0,0.0,0,
14328,18,156,18,0,0.0,0,
14329,40,165,40,0,0.0,0,
1432,44,1013,44,0,0.0,0,
14330,38,223,38,0,0.0,0,
14331,53,282,53,0,0.0,0,
14332,47,1552,47,0,0.0,0,
14333,69,323,69,0,0.0,0,
14334,39,350,39,0,0.0,0,
14335,34,67,34,0,0.0,0,
14336,59,348,59,0,0.0,0,
14337,37,121,37,0,0.0,0,
14338,53,294,53,0,0.0,0,
14339,76,387,76,0,0.0,0,
1433,51,162,51,0,0.0,0,
14340,59,722,59,0,0.0,0,
14341,42,254,42,0,0.0,0,
14342,51,151,51,0,0.0,0,
14343,37,306,37,0,0.0,0,
14344,24,151,24,0,0.0,0,
14345,63,1612,62,1,0.015873015873015872,0,A_680
14346,58,234,58,0,0.0,0,
14347,52,671,52,0,0.0,0,
14348,51,362,51,0,0.0,0,
14349,79,204,79,0,0.0,0,
1434,52,2584,52,0,0.0,0,
14350,48,889,48,0,0.0,0,
14351,46,1390,46,0,0.0,0,
14352,49,223,49,0,0.0,0,
14353,48,574,48,0,0.0,0,
14354,53,207,53,0,0.0,0,
14355,45,215,45,0,0.0,0,
14356,41,362,41,0,0.0,0,
14357,93,569,93,0,0.0,0,
14358,68,198,68,0,0.0,0,
14359,45,316,45,0,0.0,0,
1435,70,968,70,0,0.0,0,
14360,49,514,49,0,0.0,0,
14361,48,518,48,0,0.0,0,
14362,46,371,46,0,0.0,0,
14363,50,210,50,0,0.0,0,
14364,35,207,35,0,0.0,0,
14365,28,410,28,0,0.0,0,
14366,48,241,48,0,0.0,0,
14367,49,728,49,0,0.0,0,
14368,47,728,47,0,0.0,0,
14369,52,302,52,0,0.0,0,
1436,54,258,54,0,0.0,0,
14370,62,667,62,0,0.0,0,
14371,42,1024,42,0,0.0,0,
14372,53,434,53,0,0.0,0,
14373,63,166,63,0,0.0,0,
14374,53,876,53,0,0.0,0,
14375,53,630,53,0,0.0,0,
14376,74,391,74,0,0.0,0,
14377,53,1704,53,0,0.0,0,
14378,40,1151,40,0,0.0,0,
14379,49,163,49,0,0.0,0,
1437,47,239,47,0,0.0,0,
14380,58,343,58,0,0.0,0,
14381,56,223,56,0,0.0,0,
14382,46,649,46,0,0.0,0,
14383,29,293,29,0,0.0,0,
14384,55,354,55,0,0.0,0,
14385,36,127,36,0,0.0,0,
14386,45,1552,45,0,0.0,0,
14387,34,123,34,0,0.0,0,
14388,49,390,49,0,0.0,0,
14389,40,438,40,0,0.0,0,
1438,36,732,36,0,0.0,0,
14390,43,297,43,0,0.0,0,
14391,56,532,56,0,0.0,0,
14392,39,1350,39,0,0.0,0,
14393,45,720,45,0,0.0,0,
14394,36,260,36,0,0.0,0,
14395,57,515,57,0,0.0,0,
14396,65,224,65,0,0.0,0,
14397,33,127,33,0,0.0,0,
14398,55,277,55,0,0.0,0,
14399,55,507,55,0,0.0,0,
1439,32,358,32,0,0.0,0,
143,31,539,31,0,0.0,0,
14400,66,198,66,0,0.0,0,
14401,37,339,37,0,0.0,0,
14402,53,478,52,1,0.018867924528301886,0,A_32
14403,42,263,42,0,0.0,0,
14404,44,272,44,0,0.0,0,
14405,54,551,54,0,0.0,0,
14406,56,259,56,0,0.0,0,
14407,48,283,48,0,0.0,0,
14408,59,286,59,0,0.0,0,
14409,38,121,38,0,0.0,0,
1440,38,954,38,0,0.0,0,
14410,31,228,31,0,0.0,0,
14411,33,150,33,0,0.0,0,
14412,27,484,27,0,0.0,0,
14413,59,276,59,0,0.0,0,
14414,53,207,53,0,0.0,0,
14415,49,259,49,0,0.0,0,
14416,40,332,40,0,0.0,0,
14417,60,350,60,0,0.0,0,
14418,57,324,57,0,0.0,0,
14419,45,250,45,0,0.0,0,
1441,47,258,47,0,0.0,0,
14420,53,382,53,0,0.0,0,
14421,60,527,60,0,0.0,0,
14422,50,344,50,0,0.0,0,
14423,62,3087,62,0,0.0,0,
14424,34,299,34,0,0.0,0,
14425,34,358,34,0,0.0,0,
14426,64,160,64,0,0.0,0,
14427,48,286,48,0,0.0,0,
14428,97,599,97,0,0.0,0,
14429,42,1440,42,0,0.0,0,
1442,46,458,46,0,0.0,0,
14430,51,887,51,0,0.0,0,
14431,48,264,48,0,0.0,0,
14432,55,526,55,0,0.0,0,
14433,67,1089,67,0,0.0,0,
14434,43,165,43,0,0.0,0,
14435,61,423,61,0,0.0,0,
14436,55,289,55,0,0.0,0,
14437,57,209,57,0,0.0,0,
14438,52,346,52,0,0.0,0,
14439,69,1618,68,1,0.014492753623188406,0,A_680
1443,41,554,41,0,0.0,0,
14440,66,238,66,0,0.0,0,
14441,62,338,62,0,0.0,0,
14442,47,280,47,0,0.0,0,
14443,34,207,34,0,0.0,0,
14444,43,257,43,0,0.0,0,
14445,10,256,10,0,0.0,0,
14446,43,148,43,0,0.0,0,
14447,32,370,32,0,0.0,0,
14448,42,596,42,0,0.0,0,
14449,53,257,53,0,0.0,0,
1444,37,673,37,0,0.0,0,
14450,49,344,49,0,0.0,0,
14451,46,1596,46,0,0.0,0,
14452,52,942,52,0,0.0,0,
14453,51,292,51,0,0.0,0,
14454,33,124,33,0,0.0,0,
14455,49,345,49,0,0.0,0,
14456,59,820,59,0,0.0,0,
14457,52,208,52,0,0.0,0,
14458,46,214,46,0,0.0,0,
14459,115,799,115,0,0.0,0,
1445,47,181,47,0,0.0,0,
14460,59,258,59,0,0.0,0,
14461,50,258,50,0,0.0,0,
14462,12,616,12,0,0.0,0,
14463,48,268,48,0,0.0,0,
14464,41,296,41,0,0.0,0,
14465,23,306,23,0,0.0,0,
14466,44,176,44,0,0.0,0,
14467,46,257,46,0,0.0,0,
14468,54,270,54,0,0.0,0,
14469,42,358,42,0,0.0,0,
1446,30,79,30,0,0.0,0,
14470,56,648,56,0,0.0,0,
14471,47,288,47,0,0.0,0,
14472,46,433,46,0,0.0,0,
14473,58,348,58,0,0.0,0,
14474,30,991,30,0,0.0,0,
14475,60,203,60,0,0.0,0,
14476,46,441,46,0,0.0,0,
14477,48,986,48,0,0.0,0,
14478,44,375,44,0,0.0,0,
14479,60,359,60,0,0.0,0,
1447,74,255,74,0,0.0,0,
14480,70,338,70,0,0.0,0,
14481,33,223,33,0,0.0,0,
14482,35,124,35,0,0.0,0,
14483,43,413,43,0,0.0,0,
14484,31,239,31,0,0.0,0,
14485,57,285,57,0,0.0,0,
14486,34,212,34,0,0.0,0,
14487,26,430,26,0,0.0,0,
14488,39,87,39,0,0.0,0,
14489,38,454,38,0,0.0,0,
1448,32,178,32,0,0.0,0,
14490,61,291,61,0,0.0,0,
14491,60,246,60,0,0.0,0,
14492,43,353,43,0,0.0,0,
14493,49,287,49,0,0.0,0,
14494,51,379,51,0,0.0,0,
14495,41,609,41,0,0.0,0,
14496,61,343,61,0,0.0,0,
14497,44,233,44,0,0.0,0,
14498,51,75,51,0,0.0,0,
14499,73,247,73,0,0.0,0,
1449,64,198,64,0,0.0,0,
144,47,258,47,0,0.0,0,
14500,65,252,65,0,0.0,0,
14501,60,241,60,0,0.0,0,
14502,49,393,49,0,0.0,0,
14503,55,444,55,0,0.0,0,
14504,43,147,43,0,0.0,0,
14505,38,145,38,0,0.0,0,
14506,65,329,65,0,0.0,0,
14507,45,297,45,0,0.0,0,
14508,41,287,41,0,0.0,0,
14509,54,618,54,0,0.0,0,
1450,51,269,51,0,0.0,0,
14510,61,263,61,0,0.0,0,
14511,46,910,46,0,0.0,0,
14512,59,465,59,0,0.0,0,
14513,38,567,38,0,0.0,0,
14514,67,198,67,0,0.0,0,
14515,53,886,53,0,0.0,0,
14516,38,213,38,0,0.0,0,
14517,23,106,23,0,0.0,0,
14518,55,1622,55,0,0.0,0,
14519,46,331,46,0,0.0,0,
1451,62,198,62,0,0.0,0,
14520,50,255,49,1,0.02,0,A_19
14521,113,799,113,0,0.0,0,
14522,49,350,49,0,0.0,0,
14523,43,640,43,0,0.0,0,
14524,54,261,54,0,0.0,0,
14525,68,198,68,0,0.0,0,
14526,41,722,41,0,0.0,0,
14527,48,330,48,0,0.0,0,
14528,57,605,57,0,0.0,0,
14529,55,186,55,0,0.0,0,
1452,41,497,41,0,0.0,0,
14530,41,277,41,0,0.0,0,
14531,63,375,63,0,0.0,0,
14532,48,710,48,0,0.0,0,
14533,46,486,46,0,0.0,0,
14534,59,295,59,0,0.0,0,
14535,69,198,69,0,0.0,0,
14536,41,367,41,0,0.0,0,
14537,33,223,33,0,0.0,0,
14538,49,959,49,0,0.0,0,
14539,62,316,62,0,0.0,0,
1453,72,1612,71,1,0.013888888888888888,0,A_680
14540,47,219,47,0,0.0,0,
14541,44,106,44,0,0.0,0,
14542,14,996,14,0,0.0,0,
14543,50,208,50,0,0.0,0,
14544,63,198,63,0,0.0,0,
14545,58,919,58,0,0.0,0,
14546,40,349,40,0,0.0,0,
14547,44,560,44,0,0.0,0,
14548,37,398,37,0,0.0,0,
14549,42,446,42,0,0.0,0,
1454,61,379,61,0,0.0,0,
14550,57,850,57,0,0.0,0,
14551,27,3162,27,0,0.0,0,
14552,58,886,58,0,0.0,0,
14553,36,127,36,0,0.0,0,
14554,53,370,52,1,0.018867924528301886,0,A_111
14555,44,440,44,0,0.0,0,
14556,30,456,30,0,0.0,0,
14557,41,262,41,0,0.0,0,
14558,43,720,43,0,0.0,0,
14559,23,368,23,0,0.0,0,
1455,51,304,51,0,0.0,0,
14560,30,330,30,0,0.0,0,
14561,37,144,37,0,0.0,0,
14562,58,366,58,0,0.0,0,
14563,48,264,48,0,0.0,0,
14564,63,261,63,0,0.0,0,
14565,42,504,42,0,0.0,0,
14566,41,358,41,0,0.0,0,
14567,69,370,69,0,0.0,0,
14568,50,259,50,0,0.0,0,
14569,36,497,36,0,0.0,0,
1456,43,287,43,0,0.0,0,
14570,53,478,53,0,0.0,0,
14571,48,668,48,0,0.0,0,
14572,48,289,48,0,0.0,0,
14573,37,453,37,0,0.0,0,
14574,44,494,44,0,0.0,0,
14575,54,346,54,0,0.0,0,
14576,47,462,47,0,0.0,0,
14577,37,293,37,0,0.0,0,
14578,43,208,43,0,0.0,0,
14579,60,286,60,0,0.0,0,
1457,25,292,25,0,0.0,0,
14580,42,324,42,0,0.0,0,
14581,64,335,64,0,0.0,0,
14582,86,374,86,0,0.0,0,
14583,22,37,22,0,0.0,0,
14584,58,422,58,0,0.0,0,
14585,50,326,50,0,0.0,0,
14586,58,493,58,0,0.0,0,
14587,74,850,74,0,0.0,0,
14588,64,334,64,0,0.0,0,
14589,40,305,40,0,0.0,0,
1458,66,198,66,0,0.0,0,
14590,58,286,58,0,0.0,0,
14591,54,277,54,0,0.0,0,
14592,72,337,72,0,0.0,0,
14593,91,599,91,0,0.0,0,
14594,38,316,38,0,0.0,0,
14595,42,417,42,0,0.0,0,
14596,76,429,76,0,0.0,0,
14597,64,238,64,0,0.0,0,
14598,37,145,37,0,0.0,0,
14599,54,218,54,0,0.0,0,
1459,46,939,46,0,0.0,0,
145,61,651,61,0,0.0,0,
14600,37,283,37,0,0.0,0,
14601,42,144,42,0,0.0,0,
14602,57,300,57,0,0.0,0,
14603,45,455,45,0,0.0,0,
14604,55,225,55,0,0.0,0,
14605,40,463,40,0,0.0,0,
14606,48,257,48,0,0.0,0,
14607,53,1662,53,0,0.0,0,
14608,37,124,37,0,0.0,0,
14609,58,1046,58,0,0.0,0,
1460,36,272,36,0,0.0,0,
14610,60,213,60,0,0.0,0,
14611,36,806,36,0,0.0,0,
14612,30,248,30,0,0.0,0,
14613,81,373,81,0,0.0,0,
14614,52,223,52,0,0.0,0,
14615,33,303,33,0,0.0,0,
14616,56,947,56,0,0.0,0,
14617,34,124,34,0,0.0,0,
14618,62,446,58,4,0.06451612903225806,0,A_133 A_218 A_49 A_95
14619,64,247,64,0,0.0,0,
1461,30,201,30,0,0.0,0,
14620,35,151,35,0,0.0,0,
14621,60,285,60,0,0.0,0,
14622,44,548,44,0,0.0,0,
14623,49,387,49,0,0.0,0,
14624,66,191,66,0,0.0,0,
14625,54,309,54,0,0.0,0,
14626,48,201,48,0,0.0,0,
14627,53,143,53,0,0.0,0,
14628,82,333,82,0,0.0,0,
14629,48,259,48,0,0.0,0,
1462,56,538,56,0,0.0,0,
14630,48,393,48,0,0.0,0,
14631,51,414,51,0,0.0,0,
14632,22,28,22,0,0.0,0,
14633,62,276,62,0,0.0,0,
14634,28,100,28,0,0.0,0,
14635,62,383,62,0,0.0,0,
14636,36,262,36,0,0.0,0,
14637,57,556,57,0,0.0,0,
14638,50,418,50,0,0.0,0,
14639,57,453,57,0,0.0,0,
1463,68,244,68,0,0.0,0,
14640,51,266,51,0,0.0,0,
14641,37,417,37,0,0.0,0,
14642,49,223,49,0,0.0,0,
14643,60,223,60,0,0.0,0,
14644,44,201,44,0,0.0,0,
14645,51,201,51,0,0.0,0,
14646,48,166,48,0,0.0,0,
14647,40,181,40,0,0.0,0,
14648,64,198,64,0,0.0,0,
14649,54,296,54,0,0.0,0,
1464,43,272,43,0,0.0,0,
14650,59,2162,59,0,0.0,0,
14651,57,811,57,0,0.0,0,
14652,40,258,40,0,0.0,0,
14653,49,265,49,0,0.0,0,
14654,53,1638,53,0,0.0,0,
14655,47,835,47,0,0.0,0,
14656,33,241,32,1,0.030303030303030304,0,A_73
14657,58,254,58,0,0.0,0,
14658,51,217,51,0,0.0,0,
14659,78,664,78,0,0.0,0,
1465,43,526,43,0,0.0,0,
14660,56,360,56,0,0.0,0,
14661,42,193,42,0,0.0,0,
14662,55,580,55,0,0.0,0,
14663,50,263,50,0,0.0,0,
14664,24,431,24,0,0.0,0,
14665,46,740,46,0,0.0,0,
14666,59,330,59,0,0.0,0,
14667,44,4060,44,0,0.0,0,
14668,72,648,72,0,0.0,0,
14669,48,1380,48,0,0.0,0,
1466,57,224,57,0,0.0,0,
14670,33,140,33,0,0.0,0,
14671,52,207,52,0,0.0,0,
14672,47,468,47,0,0.0,0,
14673,58,243,58,0,0.0,0,
14674,49,255,49,0,0.0,0,
14675,64,390,64,0,0.0,0,
14676,61,285,61,0,0.0,0,
14677,77,372,77,0,0.0,0,
14678,51,149,51,0,0.0,0,
14679,64,522,64,0,0.0,0,
1467,38,491,37,1,0.02631578947368421,0,A_70
14680,50,504,50,0,0.0,0,
14681,46,546,46,0,0.0,0,
14682,47,187,47,0,0.0,0,
14683,50,953,50,0,0.0,0,
14684,28,112,28,0,0.0,0,
14685,63,260,63,0,0.0,0,
14686,60,274,60,0,0.0,0,
14687,36,325,36,0,0.0,0,
14688,53,847,53,0,0.0,0,
14689,53,559,53,0,0.0,0,
1468,41,945,41,0,0.0,0,
14690,38,283,38,0,0.0,0,
14691,60,968,60,0,0.0,0,
14692,35,942,35,0,0.0,0,
14693,43,396,43,0,0.0,0,
14694,62,461,62,0,0.0,0,
14695,63,390,63,0,0.0,0,
14696,64,198,64,0,0.0,0,
14697,47,158,47,0,0.0,0,
14698,70,280,70,0,0.0,0,
14699,79,619,79,0,0.0,0,
1469,50,119,50,0,0.0,0,
146,35,170,35,0,0.0,0,
14700,17,311,17,0,0.0,0,
14701,29,174,29,0,0.0,0,
14702,52,633,52,0,0.0,0,
14703,63,188,63,0,0.0,0,
14704,44,271,43,1,0.022727272727272728,0,A_210
14705,50,496,50,0,0.0,0,
14706,69,502,69,0,0.0,0,
14707,51,271,51,0,0.0,0,
14708,61,457,61,0,0.0,0,
14709,56,240,56,0,0.0,0,
1470,49,95,49,0,0.0,0,
14710,53,277,53,0,0.0,0,
14711,44,263,44,0,0.0,0,
14712,55,246,55,0,0.0,0,
14713,32,124,32,0,0.0,0,
14714,48,218,48,0,0.0,0,
14715,55,263,55,0,0.0,0,
14716,44,386,44,0,0.0,0,
14717,65,414,65,0,0.0,0,
14718,27,264,27,0,0.0,0,
14719,46,257,46,0,0.0,0,
1471,57,369,57,0,0.0,0,
14720,48,730,48,0,0.0,0,
14721,28,107,28,0,0.0,0,
14722,48,394,47,1,0.020833333333333332,0,A_171
14723,40,554,40,0,0.0,0,
14724,49,263,49,0,0.0,0,
14725,38,868,38,0,0.0,0,
14726,40,790,39,1,0.025,0,A_258
14727,77,1392,77,0,0.0,0,
14728,47,786,47,0,0.0,0,
14729,33,138,33,0,0.0,0,
1472,54,1047,54,0,0.0,0,
14730,66,2064,66,0,0.0,0,
14731,37,939,37,0,0.0,0,
14732,50,278,50,0,0.0,0,
14733,56,426,56,0,0.0,0,
14734,45,257,45,0,0.0,0,
14735,46,1016,46,0,0.0,0,
14736,42,620,42,0,0.0,0,
14737,60,366,60,0,0.0,0,
14738,73,441,73,0,0.0,0,
14739,44,242,44,0,0.0,0,
1473,58,499,58,0,0.0,0,
14740,42,356,42,0,0.0,0,
14741,62,293,62,0,0.0,0,
14742,68,198,68,0,0.0,0,
14743,69,198,69,0,0.0,0,
14744,61,369,61,0,0.0,0,
14745,34,197,34,0,0.0,0,
14746,52,192,52,0,0.0,0,
14747,39,575,39,0,0.0,0,
14748,44,316,44,0,0.0,0,
14749,40,509,40,0,0.0,0,
1474,54,516,54,0,0.0,0,
14750,46,136,46,0,0.0,0,
14751,49,258,49,0,0.0,0,
14752,51,260,51,0,0.0,0,
14753,40,288,40,0,0.0,0,
14754,47,586,47,0,0.0,0,
14755,60,109,60,0,0.0,0,
14756,76,1388,76,0,0.0,0,
14757,76,331,76,0,0.0,0,
14758,51,258,51,0,0.0,0,
14759,70,323,70,0,0.0,0,
1475,50,289,50,0,0.0,0,
14760,56,532,56,0,0.0,0,
14761,54,346,54,0,0.0,0,
14762,51,1050,51,0,0.0,0,
14763,70,198,70,0,0.0,0,
14764,56,259,56,0,0.0,0,
14765,66,292,66,0,0.0,0,
14766,49,411,49,0,0.0,0,
14767,60,1056,60,0,0.0,0,
14768,49,387,49,0,0.0,0,
14769,43,256,43,0,0.0,0,
1476,55,232,55,0,0.0,0,
14770,50,302,50,0,0.0,0,
14771,66,1016,66,0,0.0,0,
14772,47,325,47,0,0.0,0,
14773,51,121,51,0,0.0,0,
14774,42,164,42,0,0.0,0,
14775,45,509,45,0,0.0,0,
14776,49,1454,49,0,0.0,0,
14777,33,241,32,1,0.030303030303030304,0,A_73
14778,32,243,32,0,0.0,0,
14779,36,229,36,0,0.0,0,
1477,57,304,57,0,0.0,0,
14780,45,177,45,0,0.0,0,
14781,68,1069,68,0,0.0,0,
14782,66,298,66,0,0.0,0,
14783,50,158,50,0,0.0,0,
14784,49,1540,49,0,0.0,0,
14785,46,270,46,0,0.0,0,
14786,71,1032,71,0,0.0,0,
14787,58,318,58,0,0.0,0,
14788,45,497,45,0,0.0,0,
14789,19,83,19,0,0.0,0,
1478,45,351,45,0,0.0,0,
14790,68,198,68,0,0.0,0,
14791,62,198,62,0,0.0,0,
14792,63,211,63,0,0.0,0,
14793,59,1056,59,0,0.0,0,
14794,36,600,36,0,0.0,0,
14795,56,195,56,0,0.0,0,
14796,62,546,62,0,0.0,0,
14797,39,263,39,0,0.0,0,
14798,73,340,73,0,0.0,0,
14799,57,497,57,0,0.0,0,
1479,53,536,53,0,0.0,0,
147,37,241,36,1,0.02702702702702703,0,A_73
14800,50,1314,50,0,0.0,0,
14801,24,120,24,0,0.0,0,
14802,46,300,46,0,0.0,0,
14803,52,194,52,0,0.0,0,
14804,78,249,78,0,0.0,0,
14805,51,190,51,0,0.0,0,
14806,56,321,56,0,0.0,0,
14807,35,957,35,0,0.0,0,
14808,45,418,45,0,0.0,0,
14809,44,4044,44,0,0.0,0,
1480,36,141,36,0,0.0,0,
14810,56,305,56,0,0.0,0,
14811,78,1073,78,0,0.0,0,
14812,68,373,68,0,0.0,0,
14813,71,517,71,0,0.0,0,
14814,39,810,39,0,0.0,0,
14815,44,295,44,0,0.0,0,
14816,46,553,46,0,0.0,0,
14817,72,268,72,0,0.0,0,
14818,58,232,58,0,0.0,0,
14819,59,136,59,0,0.0,0,
1481,44,405,44,0,0.0,0,
14820,45,1344,45,0,0.0,0,
14821,48,332,48,0,0.0,0,
14822,51,548,51,0,0.0,0,
14823,49,193,49,0,0.0,0,
14824,48,257,48,0,0.0,0,
14825,58,208,58,0,0.0,0,
14826,45,530,45,0,0.0,0,
14827,52,951,52,0,0.0,0,
14828,49,365,49,0,0.0,0,
14829,50,311,50,0,0.0,0,
1482,81,375,81,0,0.0,0,
14830,51,292,51,0,0.0,0,
14831,49,418,49,0,0.0,0,
14832,51,208,51,0,0.0,0,
14833,42,4060,42,0,0.0,0,
14834,53,837,53,0,0.0,0,
14835,40,359,40,0,0.0,0,
14836,59,263,59,0,0.0,0,
14837,58,1082,58,0,0.0,0,
14838,51,221,51,0,0.0,0,
14839,53,358,53,0,0.0,0,
1483,33,1070,33,0,0.0,0,
14840,50,307,50,0,0.0,0,
14841,40,1644,40,0,0.0,0,
14842,55,321,55,0,0.0,0,
14843,49,159,49,0,0.0,0,
14844,58,330,58,0,0.0,0,
14845,55,284,55,0,0.0,0,
14846,69,889,69,0,0.0,0,
14847,72,422,72,0,0.0,0,
14848,53,1452,53,0,0.0,0,
14849,64,822,64,0,0.0,0,
1484,48,1004,48,0,0.0,0,
14850,46,469,46,0,0.0,0,
14851,41,735,41,0,0.0,0,
14852,33,257,33,0,0.0,0,
14853,31,248,31,0,0.0,0,
14854,62,889,62,0,0.0,0,
14855,55,715,55,0,0.0,0,
14856,50,367,50,0,0.0,0,
14857,41,305,41,0,0.0,0,
14858,47,808,47,0,0.0,0,
14859,49,154,49,0,0.0,0,
1485,57,466,57,0,0.0,0,
14860,32,1085,32,0,0.0,0,
14861,69,254,69,0,0.0,0,
14862,72,535,72,0,0.0,0,
14863,40,87,40,0,0.0,0,
14864,63,527,63,0,0.0,0,
14865,46,355,46,0,0.0,0,
14866,51,312,51,0,0.0,0,
14867,54,221,54,0,0.0,0,
14868,56,299,56,0,0.0,0,
14869,59,512,59,0,0.0,0,
1486,47,223,47,0,0.0,0,
14870,37,84,37,0,0.0,0,
14871,74,210,74,0,0.0,0,
14872,49,192,49,0,0.0,0,
14873,65,386,65,0,0.0,0,
14874,47,302,47,0,0.0,0,
14875,49,370,49,0,0.0,0,
14876,35,358,35,0,0.0,0,
14877,51,1552,51,0,0.0,0,
14878,59,287,59,0,0.0,0,
14879,63,880,63,0,0.0,0,
1487,48,546,48,0,0.0,0,
14880,37,246,37,0,0.0,0,
14881,54,207,54,0,0.0,0,
14882,35,136,35,0,0.0,0,
14883,43,371,43,0,0.0,0,
14884,46,314,46,0,0.0,0,
14885,66,940,66,0,0.0,0,
14886,45,376,45,0,0.0,0,
14887,55,393,55,0,0.0,0,
14888,50,234,50,0,0.0,0,
14889,57,925,57,0,0.0,0,
1488,61,203,61,0,0.0,0,
14890,42,104,41,1,0.023809523809523808,0,A_141
14891,38,1092,38,0,0.0,0,
14892,65,198,65,0,0.0,0,
14893,78,1056,78,0,0.0,0,
14894,52,359,52,0,0.0,0,
14895,49,928,49,0,0.0,0,
14896,67,349,67,0,0.0,0,
14897,41,74,41,0,0.0,0,
14898,54,267,54,0,0.0,0,
14899,50,938,50,0,0.0,0,
1489,44,345,44,0,0.0,0,
148,44,274,44,0,0.0,0,
14900,56,292,56,0,0.0,0,
14901,41,74,41,0,0.0,0,
14902,61,572,61,0,0.0,0,
14903,40,211,40,0,0.0,0,
14904,46,1653,46,0,0.0,0,
14905,34,483,34,0,0.0,0,
14906,44,173,44,0,0.0,0,
14907,67,807,67,0,0.0,0,
14908,51,274,51,0,0.0,0,
14909,32,371,32,0,0.0,0,
1490,49,295,49,0,0.0,0,
14910,40,798,40,0,0.0,0,
14911,30,744,30,0,0.0,0,
14912,80,333,80,0,0.0,0,
14913,51,553,51,0,0.0,0,
14914,50,371,50,0,0.0,0,
14915,47,437,47,0,0.0,0,
14916,45,141,45,0,0.0,0,
14917,54,290,54,0,0.0,0,
14918,56,820,56,0,0.0,0,
14919,66,198,66,0,0.0,0,
1491,63,585,63,0,0.0,0,
14920,59,276,59,0,0.0,0,
14921,47,180,47,0,0.0,0,
14922,85,279,85,0,0.0,0,
14923,59,589,59,0,0.0,0,
14924,47,240,47,0,0.0,0,
14925,51,284,51,0,0.0,0,
14926,27,53,27,0,0.0,0,
14927,43,88,43,0,0.0,0,
14928,24,185,24,0,0.0,0,
14929,49,331,49,0,0.0,0,
1492,61,554,61,0,0.0,0,
14930,22,331,22,0,0.0,0,
14931,44,265,44,0,0.0,0,
14932,36,327,36,0,0.0,0,
14933,29,65,29,0,0.0,0,
14934,54,560,54,0,0.0,0,
14935,66,351,66,0,0.0,0,
14936,46,227,46,0,0.0,0,
14937,63,496,63,0,0.0,0,
14938,65,390,65,0,0.0,0,
14939,41,438,41,0,0.0,0,
1493,61,209,61,0,0.0,0,
14940,57,279,57,0,0.0,0,
14941,49,518,49,0,0.0,0,
14942,47,260,47,0,0.0,0,
14943,62,212,62,0,0.0,0,
14944,56,527,56,0,0.0,0,
14945,57,308,57,0,0.0,0,
14946,43,215,43,0,0.0,0,
14947,54,895,54,0,0.0,0,
14948,36,51,36,0,0.0,0,
14949,55,286,55,0,0.0,0,
1494,37,127,37,0,0.0,0,
14950,51,291,50,1,0.0196078431372549,0,A_33
14951,81,2092,81,0,0.0,0,
14952,62,566,62,0,0.0,0,
14953,64,250,64,0,0.0,0,
14954,31,83,31,0,0.0,0,
14955,29,257,29,0,0.0,0,
14956,52,244,52,0,0.0,0,
14957,63,342,63,0,0.0,0,
14958,52,529,52,0,0.0,0,
14959,46,716,46,0,0.0,0,
1495,55,205,55,0,0.0,0,
14960,48,264,48,0,0.0,0,
14961,68,261,68,0,0.0,0,
14962,51,575,51,0,0.0,0,
14963,45,607,45,0,0.0,0,
14964,13,130,13,0,0.0,0,
14965,69,198,69,0,0.0,0,
14966,49,554,49,0,0.0,0,
14967,58,1035,58,0,0.0,0,
14968,30,324,30,0,0.0,0,
14969,40,244,40,0,0.0,0,
1496,46,257,46,0,0.0,0,
14970,54,257,54,0,0.0,0,
14971,46,325,46,0,0.0,0,
14972,60,430,60,0,0.0,0,
14973,38,211,38,0,0.0,0,
14974,42,749,42,0,0.0,0,
14975,54,257,54,0,0.0,0,
14976,69,1260,69,0,0.0,0,
14977,30,116,30,0,0.0,0,
14978,42,437,42,0,0.0,0,
14979,52,518,52,0,0.0,0,
1497,52,270,52,0,0.0,0,
14980,48,432,48,0,0.0,0,
14981,40,1016,40,0,0.0,0,
14982,40,724,40,0,0.0,0,
14983,58,224,58,0,0.0,0,
14984,37,108,37,0,0.0,0,
14985,62,368,62,0,0.0,0,
14986,48,336,48,0,0.0,0,
14987,69,196,69,0,0.0,0,
14988,50,561,50,0,0.0,0,
14989,43,292,43,0,0.0,0,
1498,67,375,67,0,0.0,0,
14990,47,155,47,0,0.0,0,
14991,56,290,56,0,0.0,0,
14992,36,274,36,0,0.0,0,
14993,51,250,51,0,0.0,0,
14994,22,106,22,0,0.0,0,
14995,37,219,37,0,0.0,0,
14996,69,326,69,0,0.0,0,
14997,52,310,52,0,0.0,0,
14998,47,486,47,0,0.0,0,
14999,56,393,56,0,0.0,0,
1499,50,632,50,0,0.0,0,
149,49,259,49,0,0.0,0,
14,59,338,59,0,0.0,0,
15000,42,525,42,0,0.0,0,
15001,46,241,46,0,0.0,0,
15002,55,624,55,0,0.0,0,
15003,50,1615,50,0,0.0,0,
15004,36,334,36,0,0.0,0,
15005,62,1557,62,0,0.0,0,
15006,66,332,66,0,0.0,0,
15007,69,331,69,0,0.0,0,
15008,66,352,66,0,0.0,0,
15009,44,686,44,0,0.0,0,
1500,49,347,49,0,0.0,0,
15010,60,855,60,0,0.0,0,
15011,66,304,66,0,0.0,0,
15012,52,449,51,1,0.019230769230769232,0,A_112
15013,58,550,58,0,0.0,0,
15014,47,215,47,0,0.0,0,
15015,24,105,24,0,0.0,0,
15016,61,961,61,0,0.0,0,
15017,48,162,48,0,0.0,0,
15018,49,257,49,0,0.0,0,
15019,74,870,74,0,0.0,0,
1501,63,462,63,0,0.0,0,
15020,45,94,45,0,0.0,0,
15021,38,105,38,0,0.0,0,
15022,57,265,57,0,0.0,0,
15023,50,213,50,0,0.0,0,
15024,60,328,60,0,0.0,0,
15025,60,423,60,0,0.0,0,
15026,50,542,50,0,0.0,0,
15027,58,290,58,0,0.0,0,
15028,63,198,63,0,0.0,0,
15029,46,358,46,0,0.0,0,
1502,48,436,48,0,0.0,0,
15030,69,198,69,0,0.0,0,
15031,65,457,65,0,0.0,0,
15032,43,525,43,0,0.0,0,
15033,34,267,34,0,0.0,0,
15034,52,344,52,0,0.0,0,
15035,44,260,44,0,0.0,0,
15036,36,127,36,0,0.0,0,
15037,40,466,40,0,0.0,0,
15038,46,1495,46,0,0.0,0,
15039,44,416,44,0,0.0,0,
1503,60,345,60,0,0.0,0,
15040,38,1494,38,0,0.0,0,
15041,36,159,36,0,0.0,0,
15042,62,215,62,0,0.0,0,
15043,35,63,35,0,0.0,0,
15044,45,520,45,0,0.0,0,
15045,54,288,54,0,0.0,0,
15046,48,322,48,0,0.0,0,
15047,55,223,55,0,0.0,0,
15048,51,270,51,0,0.0,0,
15049,76,543,76,0,0.0,0,
1504,41,280,41,0,0.0,0,
15050,58,475,58,0,0.0,0,
15051,35,113,35,0,0.0,0,
15052,55,262,55,0,0.0,0,
15053,44,390,44,0,0.0,0,
15054,67,563,67,0,0.0,0,
15055,47,1646,47,0,0.0,0,
15056,57,244,57,0,0.0,0,
15057,51,385,51,0,0.0,0,
15058,32,62,32,0,0.0,0,
15059,44,1640,44,0,0.0,0,
1505,51,263,51,0,0.0,0,
15060,63,198,63,0,0.0,0,
15061,57,228,57,0,0.0,0,
15062,69,188,69,0,0.0,0,
15063,64,884,64,0,0.0,0,
15064,44,554,44,0,0.0,0,
15065,71,588,71,0,0.0,0,
15066,52,367,52,0,0.0,0,
15067,44,163,44,0,0.0,0,
15068,49,247,49,0,0.0,0,
15069,44,597,44,0,0.0,0,
1506,48,799,48,0,0.0,0,
15070,61,349,61,0,0.0,0,
15071,25,118,25,0,0.0,0,
15072,30,137,30,0,0.0,0,
15073,31,300,31,0,0.0,0,
15074,38,483,38,0,0.0,0,
15075,63,257,63,0,0.0,0,
15076,37,372,37,0,0.0,0,
15077,49,869,49,0,0.0,0,
15078,55,282,55,0,0.0,0,
15079,42,1078,42,0,0.0,0,
1507,74,367,74,0,0.0,0,
15080,32,135,32,0,0.0,0,
15081,47,238,47,0,0.0,0,
15082,53,364,53,0,0.0,0,
15083,55,2576,55,0,0.0,0,
15084,70,348,70,0,0.0,0,
15085,57,286,57,0,0.0,0,
15086,42,195,42,0,0.0,0,
15087,68,235,68,0,0.0,0,
15088,44,412,44,0,0.0,0,
15089,25,176,25,0,0.0,0,
1508,49,101,49,0,0.0,0,
15090,45,208,45,0,0.0,0,
15091,44,498,44,0,0.0,0,
15092,39,125,39,0,0.0,0,
15093,47,377,47,0,0.0,0,
15094,81,375,81,0,0.0,0,
15095,61,136,61,0,0.0,0,
15096,47,691,47,0,0.0,0,
15097,40,90,40,0,0.0,0,
15098,62,259,62,0,0.0,0,
15099,82,373,82,0,0.0,0,
1509,50,256,50,0,0.0,0,
150,27,140,27,0,0.0,0,
15100,31,138,31,0,0.0,0,
15101,41,465,41,0,0.0,0,
15102,52,200,52,0,0.0,0,
15103,62,240,62,0,0.0,0,
15104,64,718,64,0,0.0,0,
15105,58,704,58,0,0.0,0,
15106,61,199,61,0,0.0,0,
15107,54,162,54,0,0.0,0,
15108,50,124,50,0,0.0,0,
15109,11,394,11,0,0.0,0,
1510,55,279,55,0,0.0,0,
15110,47,245,47,0,0.0,0,
15111,62,456,62,0,0.0,0,
15112,56,1378,56,0,0.0,0,
15113,53,304,53,0,0.0,0,
15114,41,307,41,0,0.0,0,
15115,42,781,42,0,0.0,0,
15116,34,654,34,0,0.0,0,
15117,84,256,84,0,0.0,0,
15118,56,196,56,0,0.0,0,
15119,54,699,54,0,0.0,0,
1511,62,337,62,0,0.0,0,
15120,50,947,50,0,0.0,0,
15121,56,247,56,0,0.0,0,
15122,40,252,40,0,0.0,0,
15123,51,335,51,0,0.0,0,
15124,48,259,47,1,0.020833333333333332,0,A_427
15125,51,1606,51,0,0.0,0,
15126,31,229,31,0,0.0,0,
15127,44,529,44,0,0.0,0,
15128,49,81,49,0,0.0,0,
15129,47,261,47,0,0.0,0,
1512,48,350,48,0,0.0,0,
15130,33,116,33,0,0.0,0,
15131,18,37,18,0,0.0,0,
15132,52,158,52,0,0.0,0,
15133,40,307,40,0,0.0,0,
15134,51,889,51,0,0.0,0,
15135,45,304,45,0,0.0,0,
15136,52,257,52,0,0.0,0,
15137,41,223,41,0,0.0,0,
15138,53,261,53,0,0.0,0,
15139,49,394,49,0,0.0,0,
1513,53,269,53,0,0.0,0,
15140,28,74,28,0,0.0,0,
15141,52,481,52,0,0.0,0,
15142,57,160,57,0,0.0,0,
15143,59,490,59,0,0.0,0,
15144,48,303,48,0,0.0,0,
15145,60,464,60,0,0.0,0,
15146,33,236,33,0,0.0,0,
15147,43,223,43,0,0.0,0,
15148,62,486,62,0,0.0,0,
15149,52,214,52,0,0.0,0,
1514,53,284,53,0,0.0,0,
15150,38,202,38,0,0.0,0,
15151,42,205,42,0,0.0,0,
15152,78,1731,78,0,0.0,0,
15153,66,563,66,0,0.0,0,
15154,59,139,59,0,0.0,0,
15155,38,360,38,0,0.0,0,
15156,50,223,50,0,0.0,0,
15157,46,556,46,0,0.0,0,
15158,51,456,51,0,0.0,0,
15159,46,492,46,0,0.0,0,
1515,57,311,57,0,0.0,0,
15160,30,220,30,0,0.0,0,
15161,54,948,54,0,0.0,0,
15162,66,198,66,0,0.0,0,
15163,52,262,52,0,0.0,0,
15164,76,273,76,0,0.0,0,
15165,74,916,74,0,0.0,0,
15166,27,195,27,0,0.0,0,
15167,67,198,67,0,0.0,0,
15168,50,338,50,0,0.0,0,
15169,40,782,40,0,0.0,0,
1516,33,575,33,0,0.0,0,
15170,59,237,59,0,0.0,0,
15171,56,290,56,0,0.0,0,
15172,54,350,54,0,0.0,0,
15173,65,198,65,0,0.0,0,
15174,45,347,45,0,0.0,0,
15175,41,720,41,0,0.0,0,
15176,46,222,46,0,0.0,0,
15177,38,1496,38,0,0.0,0,
15178,75,667,75,0,0.0,0,
15179,53,948,53,0,0.0,0,
1517,55,984,55,0,0.0,0,
15180,46,246,46,0,0.0,0,
15181,42,119,42,0,0.0,0,
15182,80,330,80,0,0.0,0,
15183,59,458,59,0,0.0,0,
15184,49,257,49,0,0.0,0,
15185,68,695,68,0,0.0,0,
15186,37,83,36,1,0.02702702702702703,0,A_99
15187,36,289,36,0,0.0,0,
15188,43,437,43,0,0.0,0,
15189,49,418,49,0,0.0,0,
1518,56,291,56,0,0.0,0,
15190,51,282,51,0,0.0,0,
15191,66,194,66,0,0.0,0,
15192,50,299,50,0,0.0,0,
15193,33,231,33,0,0.0,0,
15194,48,325,48,0,0.0,0,
15195,39,438,39,0,0.0,0,
15196,58,208,58,0,0.0,0,
15197,48,304,48,0,0.0,0,
15198,49,453,49,0,0.0,0,
15199,75,374,75,0,0.0,0,
1519,33,299,33,0,0.0,0,
151,58,474,58,0,0.0,0,
15200,57,740,57,0,0.0,0,
15201,39,302,39,0,0.0,0,
15202,55,332,55,0,0.0,0,
15203,37,226,37,0,0.0,0,
15204,26,242,26,0,0.0,0,
15205,40,279,40,0,0.0,0,
15206,33,81,33,0,0.0,0,
15207,60,597,60,0,0.0,0,
15208,66,686,66,0,0.0,0,
15209,44,315,44,0,0.0,0,
1520,32,258,32,0,0.0,0,
15210,49,271,49,0,0.0,0,
15211,49,125,49,0,0.0,0,
15212,55,207,55,0,0.0,0,
15213,49,1322,49,0,0.0,0,
15214,74,284,74,0,0.0,0,
15215,59,498,59,0,0.0,0,
15216,67,198,67,0,0.0,0,
15217,54,1252,54,0,0.0,0,
15218,112,1020,112,0,0.0,0,
15219,47,297,47,0,0.0,0,
1521,60,328,60,0,0.0,0,
15220,45,207,45,0,0.0,0,
15221,50,163,50,0,0.0,0,
15222,28,123,28,0,0.0,0,
15223,41,3311,41,0,0.0,0,
15224,47,208,47,0,0.0,0,
15225,47,158,47,0,0.0,0,
15226,56,521,56,0,0.0,0,
15227,58,660,58,0,0.0,0,
15228,68,799,68,0,0.0,0,
15229,49,1968,49,0,0.0,0,
1522,50,340,50,0,0.0,0,
15230,44,472,44,0,0.0,0,
15231,44,256,44,0,0.0,0,
15232,49,395,49,0,0.0,0,
15233,33,262,33,0,0.0,0,
15234,65,278,65,0,0.0,0,
15235,39,454,39,0,0.0,0,
15236,21,138,21,0,0.0,0,
15237,66,236,66,0,0.0,0,
15238,48,261,48,0,0.0,0,
15239,53,652,53,0,0.0,0,
1523,58,1290,58,0,0.0,0,
15240,107,807,107,0,0.0,0,
15241,46,238,46,0,0.0,0,
15242,38,327,38,0,0.0,0,
15243,54,1026,54,0,0.0,0,
15244,62,999,62,0,0.0,0,
15245,42,193,42,0,0.0,0,
15246,45,296,45,0,0.0,0,
15247,48,268,48,0,0.0,0,
15248,50,1022,50,0,0.0,0,
15249,66,304,66,0,0.0,0,
1524,59,411,59,0,0.0,0,
15250,36,219,36,0,0.0,0,
15251,54,149,54,0,0.0,0,
15252,33,108,33,0,0.0,0,
15253,49,121,49,0,0.0,0,
15254,71,198,71,0,0.0,0,
15255,55,286,55,0,0.0,0,
15256,51,371,51,0,0.0,0,
15257,36,169,36,0,0.0,0,
15258,47,308,47,0,0.0,0,
15259,50,273,50,0,0.0,0,
1525,53,859,53,0,0.0,0,
15260,64,796,64,0,0.0,0,
15261,48,281,48,0,0.0,0,
15262,43,690,43,0,0.0,0,
15263,62,801,62,0,0.0,0,
15264,74,1356,74,0,0.0,0,
15265,52,148,52,0,0.0,0,
15266,76,619,76,0,0.0,0,
15267,51,208,51,0,0.0,0,
15268,53,958,53,0,0.0,0,
15269,43,282,43,0,0.0,0,
1526,45,300,45,0,0.0,0,
15270,53,295,53,0,0.0,0,
15271,62,352,62,0,0.0,0,
15272,46,751,46,0,0.0,0,
15273,49,158,49,0,0.0,0,
15274,47,198,47,0,0.0,0,
15275,51,240,51,0,0.0,0,
15276,25,496,25,0,0.0,0,
15277,58,287,58,0,0.0,0,
15278,44,288,44,0,0.0,0,
15279,52,939,52,0,0.0,0,
1527,44,671,44,0,0.0,0,
15280,47,264,47,0,0.0,0,
15281,49,273,49,0,0.0,0,
15282,43,509,43,0,0.0,0,
15283,21,54,21,0,0.0,0,
15284,97,848,97,0,0.0,0,
15285,33,475,33,0,0.0,0,
15286,71,540,71,0,0.0,0,
15287,40,276,40,0,0.0,0,
15288,44,4044,44,0,0.0,0,
15289,70,438,69,1,0.014285714285714285,0,A_198
1528,61,264,61,0,0.0,0,
15290,38,288,38,0,0.0,0,
15291,30,278,30,0,0.0,0,
15292,51,345,51,0,0.0,0,
15293,55,241,55,0,0.0,0,
15294,49,1007,49,0,0.0,0,
15295,65,198,65,0,0.0,0,
15296,35,298,35,0,0.0,0,
15297,90,360,90,0,0.0,0,
15298,43,247,43,0,0.0,0,
15299,46,497,46,0,0.0,0,
1529,48,391,48,0,0.0,0,
152,56,954,56,0,0.0,0,
15300,63,554,63,0,0.0,0,
15301,50,230,50,0,0.0,0,
15302,43,96,43,0,0.0,0,
15303,45,167,45,0,0.0,0,
15304,45,566,45,0,0.0,0,
15305,62,513,62,0,0.0,0,
15306,45,197,45,0,0.0,0,
15307,53,223,53,0,0.0,0,
15308,33,112,33,0,0.0,0,
15309,51,200,51,0,0.0,0,
1530,31,244,31,0,0.0,0,
15310,28,153,28,0,0.0,0,
15311,51,877,51,0,0.0,0,
15312,51,245,51,0,0.0,0,
15313,63,238,63,0,0.0,0,
15314,44,697,44,0,0.0,0,
15315,93,375,93,0,0.0,0,
15316,62,214,62,0,0.0,0,
15317,45,223,45,0,0.0,0,
15318,47,330,47,0,0.0,0,
15319,43,587,43,0,0.0,0,
1531,51,559,51,0,0.0,0,
15320,60,378,60,0,0.0,0,
15321,58,377,58,0,0.0,0,
15322,47,208,47,0,0.0,0,
15323,45,274,45,0,0.0,0,
15324,56,289,56,0,0.0,0,
15325,43,774,43,0,0.0,0,
15326,53,2102,53,0,0.0,0,
15327,55,276,55,0,0.0,0,
15328,56,276,56,0,0.0,0,
15329,56,697,56,0,0.0,0,
1532,55,485,55,0,0.0,0,
15330,41,230,41,0,0.0,0,
15331,57,147,57,0,0.0,0,
15332,55,208,55,0,0.0,0,
15333,54,274,54,0,0.0,0,
15334,46,425,46,0,0.0,0,
15335,56,4208,56,0,0.0,0,
15336,51,482,51,0,0.0,0,
15337,41,546,41,0,0.0,0,
15338,45,218,45,0,0.0,0,
15339,78,374,78,0,0.0,0,
1533,33,524,33,0,0.0,0,
15340,55,649,55,0,0.0,0,
15341,50,258,50,0,0.0,0,
15342,91,1200,91,0,0.0,0,
15343,64,198,64,0,0.0,0,
15344,46,1018,46,0,0.0,0,
15345,47,290,47,0,0.0,0,
15346,46,2100,46,0,0.0,0,
15347,50,1371,50,0,0.0,0,
15348,34,260,34,0,0.0,0,
15349,23,692,23,0,0.0,0,
1534,34,174,34,0,0.0,0,
15350,38,212,38,0,0.0,0,
15351,52,762,52,0,0.0,0,
15352,66,198,66,0,0.0,0,
15353,43,716,43,0,0.0,0,
15354,37,476,37,0,0.0,0,
15355,57,538,57,0,0.0,0,
15356,50,380,50,0,0.0,0,
15357,46,862,46,0,0.0,0,
15358,44,998,44,0,0.0,0,
15359,38,192,38,0,0.0,0,
1535,60,260,60,0,0.0,0,
15360,53,1622,53,0,0.0,0,
15361,40,476,40,0,0.0,0,
15362,55,198,55,0,0.0,0,
15363,51,259,51,0,0.0,0,
15364,50,293,50,0,0.0,0,
15365,55,462,55,0,0.0,0,
15366,57,404,57,0,0.0,0,
15367,47,258,47,0,0.0,0,
15368,37,275,37,0,0.0,0,
15369,35,124,35,0,0.0,0,
1536,53,257,53,0,0.0,0,
15370,36,298,36,0,0.0,0,
15371,56,551,56,0,0.0,0,
15372,56,295,56,0,0.0,0,
15373,36,127,36,0,0.0,0,
15374,22,180,22,0,0.0,0,
15375,42,226,42,0,0.0,0,
15376,67,263,67,0,0.0,0,
15377,68,198,68,0,0.0,0,
15378,73,430,73,0,0.0,0,
15379,42,277,42,0,0.0,0,
1537,26,138,26,0,0.0,0,
15380,55,328,55,0,0.0,0,
15381,54,359,54,0,0.0,0,
15382,36,213,36,0,0.0,0,
15383,56,286,56,0,0.0,0,
15384,54,620,54,0,0.0,0,
15385,42,346,42,0,0.0,0,
15386,64,884,64,0,0.0,0,
15387,59,706,59,0,0.0,0,
15388,43,269,43,0,0.0,0,
15389,28,46,28,0,0.0,0,
1538,35,534,35,0,0.0,0,
15390,54,654,54,0,0.0,0,
15391,38,522,38,0,0.0,0,
15392,31,952,31,0,0.0,0,
15393,48,215,48,0,0.0,0,
15394,46,768,46,0,0.0,0,
15395,62,277,62,0,0.0,0,
15396,30,3168,30,0,0.0,0,
15397,53,507,53,0,0.0,0,
15398,41,324,41,0,0.0,0,
15399,29,458,29,0,0.0,0,
1539,52,245,52,0,0.0,0,
153,36,61,36,0,0.0,0,
15400,65,296,65,0,0.0,0,
15401,55,283,55,0,0.0,0,
15402,49,842,49,0,0.0,0,
15403,54,305,54,0,0.0,0,
15404,40,692,40,0,0.0,0,
15405,43,181,43,0,0.0,0,
15406,42,272,42,0,0.0,0,
15407,42,271,42,0,0.0,0,
15408,48,284,48,0,0.0,0,
15409,55,797,55,0,0.0,0,
1540,43,106,43,0,0.0,0,
15410,39,342,39,0,0.0,0,
15411,47,357,47,0,0.0,0,
15412,54,265,54,0,0.0,0,
15413,97,460,97,0,0.0,0,
15414,66,517,66,0,0.0,0,
15415,44,128,44,0,0.0,0,
15416,56,662,56,0,0.0,0,
15417,51,220,51,0,0.0,0,
15418,50,198,50,0,0.0,0,
15419,43,714,43,0,0.0,0,
1541,43,165,43,0,0.0,0,
15420,62,1618,61,1,0.016129032258064516,0,A_680
15421,58,606,58,0,0.0,0,
15422,46,290,46,0,0.0,0,
15423,45,341,45,0,0.0,0,
15424,36,60,36,0,0.0,0,
15425,49,855,49,0,0.0,0,
15426,11,130,11,0,0.0,0,
15427,47,208,47,0,0.0,0,
15428,38,268,38,0,0.0,0,
15429,52,342,52,0,0.0,0,
1542,53,359,53,0,0.0,0,
15430,55,605,55,0,0.0,0,
15431,39,358,39,0,0.0,0,
15432,29,158,29,0,0.0,0,
15433,71,149,71,0,0.0,0,
15434,30,115,30,0,0.0,0,
15435,46,256,46,0,0.0,0,
15436,52,1108,52,0,0.0,0,
15437,68,517,68,0,0.0,0,
15438,50,697,50,0,0.0,0,
15439,48,468,48,0,0.0,0,
1543,45,168,45,0,0.0,0,
15440,77,240,77,0,0.0,0,
15441,45,261,45,0,0.0,0,
15442,47,258,47,0,0.0,0,
15443,40,396,40,0,0.0,0,
15444,56,1828,56,0,0.0,0,
15445,53,261,53,0,0.0,0,
15446,35,410,35,0,0.0,0,
15447,69,198,69,0,0.0,0,
15448,68,158,68,0,0.0,0,
15449,94,994,94,0,0.0,0,
1544,47,1902,47,0,0.0,0,
15450,62,351,62,0,0.0,0,
15451,53,494,53,0,0.0,0,
15452,47,352,47,0,0.0,0,
15453,29,282,29,0,0.0,0,
15454,46,307,46,0,0.0,0,
15455,73,297,73,0,0.0,0,
15456,77,240,73,4,0.05194805194805195,0,A_354 A_355 A_429 A_458
15457,56,274,56,0,0.0,0,
15458,61,470,61,0,0.0,0,
15459,47,194,47,0,0.0,0,
1545,54,253,54,0,0.0,0,
15460,26,242,26,0,0.0,0,
15461,38,116,38,0,0.0,0,
15462,43,268,43,0,0.0,0,
15463,51,339,51,0,0.0,0,
15464,42,87,42,0,0.0,0,
15465,33,124,33,0,0.0,0,
15466,56,512,56,0,0.0,0,
15467,48,159,48,0,0.0,0,
15468,52,554,52,0,0.0,0,
15469,55,252,55,0,0.0,0,
1546,31,141,31,0,0.0,0,
15470,48,776,48,0,0.0,0,
15471,52,328,52,0,0.0,0,
15472,73,540,73,0,0.0,0,
15473,39,239,39,0,0.0,0,
15474,53,443,53,0,0.0,0,
15475,40,91,40,0,0.0,0,
15476,52,344,52,0,0.0,0,
15477,62,208,62,0,0.0,0,
15478,66,336,66,0,0.0,0,
15479,51,459,51,0,0.0,0,
1547,48,312,48,0,0.0,0,
15480,42,158,42,0,0.0,0,
15481,52,208,52,0,0.0,0,
15482,49,343,49,0,0.0,0,
15483,51,223,51,0,0.0,0,
15484,48,385,47,1,0.020833333333333332,0,B_403
15485,67,1025,67,0,0.0,0,
15486,52,790,52,0,0.0,0,
15487,43,727,43,0,0.0,0,
15488,52,298,52,0,0.0,0,
15489,63,198,63,0,0.0,0,
1548,36,402,36,0,0.0,0,
15490,45,272,45,0,0.0,0,
15491,51,418,51,0,0.0,0,
15492,53,265,53,0,0.0,0,
15493,39,129,39,0,0.0,0,
15494,55,324,55,0,0.0,0,
15495,39,886,39,0,0.0,0,
15496,47,559,47,0,0.0,0,
15497,64,1886,64,0,0.0,0,
15498,44,461,44,0,0.0,0,
15499,40,87,40,0,0.0,0,
1549,57,284,57,0,0.0,0,
154,28,140,28,0,0.0,0,
15500,35,257,35,0,0.0,0,
15501,30,284,30,0,0.0,0,
15502,46,537,46,0,0.0,0,
15503,46,358,46,0,0.0,0,
15504,44,335,44,0,0.0,0,
15505,105,826,105,0,0.0,0,
15506,51,1118,51,0,0.0,0,
15507,22,162,22,0,0.0,0,
15508,46,1060,46,0,0.0,0,
15509,49,258,49,0,0.0,0,
1550,37,223,37,0,0.0,0,
15510,45,358,45,0,0.0,0,
15511,53,1449,53,0,0.0,0,
15512,58,272,58,0,0.0,0,
15513,43,95,43,0,0.0,0,
15514,46,1016,46,0,0.0,0,
15515,50,171,50,0,0.0,0,
15516,73,696,73,0,0.0,0,
15517,39,93,39,0,0.0,0,
15518,40,147,40,0,0.0,0,
15519,35,123,35,0,0.0,0,
1551,54,184,53,1,0.018518518518518517,0,A_111
15520,28,484,28,0,0.0,0,
15521,35,300,35,0,0.0,0,
15522,67,499,67,0,0.0,0,
15523,32,640,32,0,0.0,0,
15524,35,331,35,0,0.0,0,
15525,43,526,43,0,0.0,0,
15526,56,963,56,0,0.0,0,
15527,48,257,48,0,0.0,0,
15528,57,286,57,0,0.0,0,
15529,49,1165,49,0,0.0,0,
1552,33,112,33,0,0.0,0,
15530,22,438,22,0,0.0,0,
15531,50,199,50,0,0.0,0,
15532,26,678,26,0,0.0,0,
15533,54,707,54,0,0.0,0,
15534,47,208,47,0,0.0,0,
15535,47,256,47,0,0.0,0,
15536,51,303,51,0,0.0,0,
15537,60,570,60,0,0.0,0,
15538,52,223,52,0,0.0,0,
15539,32,218,32,0,0.0,0,
1553,43,1042,43,0,0.0,0,
15540,38,288,38,0,0.0,0,
15541,94,495,94,0,0.0,0,
15542,54,354,54,0,0.0,0,
15543,56,370,56,0,0.0,0,
15544,27,338,27,0,0.0,0,
15545,35,178,35,0,0.0,0,
15546,30,122,30,0,0.0,0,
15547,67,1306,67,0,0.0,0,
15548,49,392,49,0,0.0,0,
15549,37,119,37,0,0.0,0,
1554,64,503,64,0,0.0,0,
15550,56,258,56,0,0.0,0,
15551,52,298,52,0,0.0,0,
15552,58,517,58,0,0.0,0,
15553,41,303,41,0,0.0,0,
15554,57,722,57,0,0.0,0,
15555,45,470,45,0,0.0,0,
15556,30,83,30,0,0.0,0,
15557,43,800,43,0,0.0,0,
15558,52,256,52,0,0.0,0,
15559,48,175,48,0,0.0,0,
1555,60,742,60,0,0.0,0,
15560,57,537,57,0,0.0,0,
15561,46,255,46,0,0.0,0,
15562,53,223,53,0,0.0,0,
15563,50,471,50,0,0.0,0,
15564,62,438,62,0,0.0,0,
15565,22,129,22,0,0.0,0,
15566,38,632,38,0,0.0,0,
15567,25,295,25,0,0.0,0,
15568,47,496,47,0,0.0,0,
15569,55,256,55,0,0.0,0,
1556,41,228,41,0,0.0,0,
15570,67,1612,66,1,0.014925373134328358,0,A_680
15571,36,432,36,0,0.0,0,
15572,52,257,52,0,0.0,0,
15573,71,383,71,0,0.0,0,
15574,55,262,55,0,0.0,0,
15575,30,220,30,0,0.0,0,
15576,53,636,52,1,0.018867924528301886,0,A_129
15577,48,424,48,0,0.0,0,
15578,44,752,44,0,0.0,0,
15579,52,257,52,0,0.0,0,
1557,48,257,48,0,0.0,0,
15580,53,716,53,0,0.0,0,
15581,47,1229,47,0,0.0,0,
15582,47,122,47,0,0.0,0,
15583,68,889,68,0,0.0,0,
15584,44,595,44,0,0.0,0,
15585,37,103,37,0,0.0,0,
15586,35,258,35,0,0.0,0,
15587,36,145,36,0,0.0,0,
15588,30,812,30,0,0.0,0,
15589,38,350,36,2,0.05263157894736842,0,A_78 B_20
1558,40,281,40,0,0.0,0,
15590,28,69,28,0,0.0,0,
15591,51,194,51,0,0.0,0,
15592,64,281,64,0,0.0,0,
15593,54,850,54,0,0.0,0,
15594,71,1056,71,0,0.0,0,
15595,53,544,53,0,0.0,0,
15596,38,159,38,0,0.0,0,
15597,48,334,48,0,0.0,0,
15598,69,283,69,0,0.0,0,
15599,32,197,32,0,0.0,0,
1559,70,198,70,0,0.0,0,
155,50,473,50,0,0.0,0,
15600,52,384,52,0,0.0,0,
15601,49,223,49,0,0.0,0,
15602,56,506,56,0,0.0,0,
15603,26,1466,26,0,0.0,0,
15604,69,274,69,0,0.0,0,
15605,58,279,58,0,0.0,0,
15606,53,266,53,0,0.0,0,
15607,93,389,93,0,0.0,0,
15608,53,297,53,0,0.0,0,
15609,51,283,51,0,0.0,0,
1560,45,290,45,0,0.0,0,
15610,47,330,47,0,0.0,0,
15611,65,495,65,0,0.0,0,
15612,38,1056,38,0,0.0,0,
15613,45,431,45,0,0.0,0,
15614,57,369,57,0,0.0,0,
15615,47,164,47,0,0.0,0,
15616,60,258,60,0,0.0,0,
15617,28,99,28,0,0.0,0,
15618,56,278,56,0,0.0,0,
15619,58,288,58,0,0.0,0,
1561,88,212,88,0,0.0,0,
15620,45,524,45,0,0.0,0,
15621,76,237,76,0,0.0,0,
15622,40,302,40,0,0.0,0,
15623,47,260,47,0,0.0,0,
15624,63,365,63,0,0.0,0,
15625,49,312,49,0,0.0,0,
15626,46,128,46,0,0.0,0,
15627,43,268,43,0,0.0,0,
15628,64,618,64,0,0.0,0,
15629,33,430,32,1,0.030303030303030304,0,A_111
1562,52,1014,52,0,0.0,0,
15630,43,274,43,0,0.0,0,
15631,71,667,71,0,0.0,0,
15632,58,213,58,0,0.0,0,
15633,44,128,44,0,0.0,0,
15634,39,98,39,0,0.0,0,
15635,64,1044,64,0,0.0,0,
15636,44,879,44,0,0.0,0,
15637,52,501,52,0,0.0,0,
15638,66,348,66,0,0.0,0,
15639,55,304,55,0,0.0,0,
1563,88,926,88,0,0.0,0,
15640,55,189,55,0,0.0,0,
15641,54,102,54,0,0.0,0,
15642,102,819,102,0,0.0,0,
15643,54,526,54,0,0.0,0,
15644,51,330,51,0,0.0,0,
15645,67,198,67,0,0.0,0,
15646,44,256,44,0,0.0,0,
15647,59,543,59,0,0.0,0,
15648,58,161,58,0,0.0,0,
15649,60,266,60,0,0.0,0,
1564,42,562,42,0,0.0,0,
15650,52,1380,52,0,0.0,0,
15651,56,270,56,0,0.0,0,
15652,29,245,29,0,0.0,0,
15653,51,318,51,0,0.0,0,
15654,39,101,39,0,0.0,0,
15655,44,436,44,0,0.0,0,
15656,57,257,57,0,0.0,0,
15657,47,274,47,0,0.0,0,
15658,52,197,52,0,0.0,0,
15659,63,198,63,0,0.0,0,
1565,39,349,39,0,0.0,0,
15660,69,355,69,0,0.0,0,
15661,51,394,51,0,0.0,0,
15662,39,1272,39,0,0.0,0,
15663,54,1094,54,0,0.0,0,
15664,37,438,37,0,0.0,0,
15665,50,286,50,0,0.0,0,
15666,42,690,42,0,0.0,0,
15667,46,216,46,0,0.0,0,
15668,53,273,53,0,0.0,0,
15669,41,359,41,0,0.0,0,
1566,50,257,50,0,0.0,0,
15670,42,166,42,0,0.0,0,
15671,42,215,42,0,0.0,0,
15672,57,605,57,0,0.0,0,
15673,77,1167,77,0,0.0,0,
15674,53,711,53,0,0.0,0,
15675,44,554,44,0,0.0,0,
15676,108,725,108,0,0.0,0,
15677,52,1094,52,0,0.0,0,
15678,26,116,26,0,0.0,0,
15679,44,462,44,0,0.0,0,
1567,49,718,49,0,0.0,0,
15680,64,144,64,0,0.0,0,
15681,68,349,68,0,0.0,0,
15682,48,256,48,0,0.0,0,
15683,68,371,68,0,0.0,0,
15684,56,152,56,0,0.0,0,
15685,59,339,59,0,0.0,0,
15686,57,646,57,0,0.0,0,
15687,49,1091,49,0,0.0,0,
15688,49,458,49,0,0.0,0,
15689,51,272,51,0,0.0,0,
1568,51,169,51,0,0.0,0,
15690,58,201,58,0,0.0,0,
15691,44,97,44,0,0.0,0,
15692,28,221,28,0,0.0,0,
15693,50,858,50,0,0.0,0,
15694,22,156,22,0,0.0,0,
15695,82,378,82,0,0.0,0,
15696,46,164,46,0,0.0,0,
15697,42,483,42,0,0.0,0,
15698,64,246,64,0,0.0,0,
15699,52,317,52,0,0.0,0,
1569,55,294,55,0,0.0,0,
156,57,779,57,0,0.0,0,
15700,65,446,65,0,0.0,0,
15701,68,198,68,0,0.0,0,
15702,67,265,67,0,0.0,0,
15703,55,247,55,0,0.0,0,
15704,44,256,44,0,0.0,0,
15705,55,150,55,0,0.0,0,
15706,57,250,57,0,0.0,0,
15707,62,292,62,0,0.0,0,
15708,33,52,33,0,0.0,0,
15709,61,809,60,1,0.01639344262295082,0,A_680
1570,35,327,35,0,0.0,0,
15710,54,606,53,1,0.018518518518518517,0,A_145
15711,41,370,41,0,0.0,0,
15712,76,1388,76,0,0.0,0,
15713,59,334,59,0,0.0,0,
15714,45,308,45,0,0.0,0,
15715,43,377,43,0,0.0,0,
15716,46,1032,46,0,0.0,0,
15717,35,294,35,0,0.0,0,
15718,39,157,39,0,0.0,0,
15719,73,244,73,0,0.0,0,
1571,49,254,49,0,0.0,0,
15720,54,436,54,0,0.0,0,
15721,64,338,64,0,0.0,0,
15722,40,807,40,0,0.0,0,
15723,31,300,31,0,0.0,0,
15724,61,456,61,0,0.0,0,
15725,52,253,52,0,0.0,0,
15726,42,181,42,0,0.0,0,
15727,55,238,55,0,0.0,0,
15728,60,198,60,0,0.0,0,
15729,49,162,49,0,0.0,0,
1572,42,442,42,0,0.0,0,
15730,33,231,33,0,0.0,0,
15731,124,816,124,0,0.0,0,
15732,64,289,64,0,0.0,0,
15733,66,533,66,0,0.0,0,
15734,74,259,74,0,0.0,0,
15735,35,123,35,0,0.0,0,
15736,66,198,66,0,0.0,0,
15737,34,520,34,0,0.0,0,
15738,49,510,49,0,0.0,0,
15739,109,610,109,0,0.0,0,
1573,52,806,52,0,0.0,0,
15740,38,199,38,0,0.0,0,
15741,41,948,41,0,0.0,0,
15742,37,443,37,0,0.0,0,
15743,59,327,59,0,0.0,0,
15744,55,1069,55,0,0.0,0,
15745,57,297,57,0,0.0,0,
15746,45,193,45,0,0.0,0,
15747,40,125,40,0,0.0,0,
15748,55,806,55,0,0.0,0,
15749,60,278,60,0,0.0,0,
1574,53,524,53,0,0.0,0,
15750,63,285,63,0,0.0,0,
15751,49,264,49,0,0.0,0,
15752,63,198,63,0,0.0,0,
15753,55,319,55,0,0.0,0,
15754,68,302,68,0,0.0,0,
15755,57,597,57,0,0.0,0,
15756,52,371,52,0,0.0,0,
15757,42,102,42,0,0.0,0,
15758,59,422,59,0,0.0,0,
15759,41,318,41,0,0.0,0,
1575,42,253,42,0,0.0,0,
15760,50,261,50,0,0.0,0,
15761,40,154,40,0,0.0,0,
15762,68,198,68,0,0.0,0,
15763,50,256,50,0,0.0,0,
15764,51,208,51,0,0.0,0,
15765,46,1270,46,0,0.0,0,
15766,19,426,19,0,0.0,0,
15767,55,677,55,0,0.0,0,
15768,69,198,69,0,0.0,0,
15769,51,460,51,0,0.0,0,
1576,64,198,64,0,0.0,0,
15770,48,507,48,0,0.0,0,
15771,34,127,34,0,0.0,0,
15772,53,382,53,0,0.0,0,
15773,39,1704,39,0,0.0,0,
15774,50,305,50,0,0.0,0,
15775,40,158,40,0,0.0,0,
15776,61,327,61,0,0.0,0,
15777,49,275,49,0,0.0,0,
15778,53,2652,53,0,0.0,0,
15779,34,528,34,0,0.0,0,
1577,51,309,51,0,0.0,0,
15780,49,180,49,0,0.0,0,
15781,42,1291,42,0,0.0,0,
15782,51,294,51,0,0.0,0,
15783,67,395,67,0,0.0,0,
15784,39,215,39,0,0.0,0,
15785,52,347,52,0,0.0,0,
15786,52,223,52,0,0.0,0,
15787,48,223,48,0,0.0,0,
15788,47,120,47,0,0.0,0,
15789,59,718,59,0,0.0,0,
1578,40,492,40,0,0.0,0,
15790,42,258,42,0,0.0,0,
15791,50,662,50,0,0.0,0,
15792,54,221,54,0,0.0,0,
15793,47,322,47,0,0.0,0,
15794,60,333,60,0,0.0,0,
15795,29,105,29,0,0.0,0,
15796,62,294,62,0,0.0,0,
15797,64,198,64,0,0.0,0,
15798,65,541,65,0,0.0,0,
15799,61,276,61,0,0.0,0,
1579,64,440,64,0,0.0,0,
157,59,384,59,0,0.0,0,
15800,46,122,46,0,0.0,0,
15801,55,428,55,0,0.0,0,
15802,45,271,45,0,0.0,0,
15803,59,279,59,0,0.0,0,
15804,59,511,59,0,0.0,0,
15805,40,397,40,0,0.0,0,
15806,24,50,24,0,0.0,0,
15807,50,1156,50,0,0.0,0,
15808,68,332,68,0,0.0,0,
15809,60,577,60,0,0.0,0,
1580,42,257,42,0,0.0,0,
15810,55,441,55,0,0.0,0,
15811,67,940,67,0,0.0,0,
15812,49,134,49,0,0.0,0,
15813,54,290,54,0,0.0,0,
15814,50,472,50,0,0.0,0,
15815,35,291,35,0,0.0,0,
15816,49,238,49,0,0.0,0,
15817,53,287,53,0,0.0,0,
15818,66,517,66,0,0.0,0,
15819,35,2076,35,0,0.0,0,
1581,36,268,36,0,0.0,0,
15820,39,288,39,0,0.0,0,
15821,56,431,56,0,0.0,0,
15822,53,1808,53,0,0.0,0,
15823,34,234,34,0,0.0,0,
15824,43,258,43,0,0.0,0,
15825,57,149,57,0,0.0,0,
15826,37,192,37,0,0.0,0,
15827,45,294,45,0,0.0,0,
15828,37,1259,37,0,0.0,0,
15829,51,259,51,0,0.0,0,
1582,39,1092,39,0,0.0,0,
15830,55,861,55,0,0.0,0,
15831,58,321,58,0,0.0,0,
15832,30,193,30,0,0.0,0,
15833,45,296,45,0,0.0,0,
15834,65,283,65,0,0.0,0,
15835,52,198,52,0,0.0,0,
15836,48,258,48,0,0.0,0,
15837,66,198,66,0,0.0,0,
15838,29,123,29,0,0.0,0,
15839,40,116,40,0,0.0,0,
1583,57,463,57,0,0.0,0,
15840,64,534,64,0,0.0,0,
15841,43,459,43,0,0.0,0,
15842,50,208,50,0,0.0,0,
15843,56,338,56,0,0.0,0,
15844,43,326,43,0,0.0,0,
15845,24,443,24,0,0.0,0,
15846,43,723,43,0,0.0,0,
15847,55,284,55,0,0.0,0,
15848,37,223,37,0,0.0,0,
15849,44,357,44,0,0.0,0,
1584,46,286,46,0,0.0,0,
15850,51,226,51,0,0.0,0,
15851,56,382,56,0,0.0,0,
15852,69,256,68,1,0.014492753623188406,0,B_99
15853,61,210,61,0,0.0,0,
15854,37,215,37,0,0.0,0,
15855,58,278,58,0,0.0,0,
15856,33,273,33,0,0.0,0,
15857,50,1230,50,0,0.0,0,
15858,51,316,51,0,0.0,0,
15859,35,129,35,0,0.0,0,
1585,28,112,28,0,0.0,0,
15860,66,198,66,0,0.0,0,
15861,47,160,47,0,0.0,0,
15862,48,170,48,0,0.0,0,
15863,46,228,46,0,0.0,0,
15864,56,265,56,0,0.0,0,
15865,42,178,42,0,0.0,0,
15866,31,190,31,0,0.0,0,
15867,61,265,61,0,0.0,0,
15868,33,158,33,0,0.0,0,
15869,57,273,57,0,0.0,0,
1586,49,332,49,0,0.0,0,
15870,63,223,63,0,0.0,0,
15871,54,186,54,0,0.0,0,
15872,46,562,46,0,0.0,0,
15873,39,145,39,0,0.0,0,
15874,33,1531,33,0,0.0,0,
15875,54,290,54,0,0.0,0,
15876,30,358,30,0,0.0,0,
15877,62,660,62,0,0.0,0,
15878,53,495,53,0,0.0,0,
15879,35,223,35,0,0.0,0,
1587,49,1168,49,0,0.0,0,
15880,54,257,54,0,0.0,0,
15881,38,359,38,0,0.0,0,
15882,50,2360,49,1,0.02,0,A_447
15883,62,214,62,0,0.0,0,
15884,36,116,36,0,0.0,0,
15885,56,710,56,0,0.0,0,
15886,58,337,58,0,0.0,0,
15887,77,903,77,0,0.0,0,
15888,61,287,61,0,0.0,0,
15889,35,438,35,0,0.0,0,
1588,43,1560,43,0,0.0,0,
15890,59,214,59,0,0.0,0,
15891,53,550,53,0,0.0,0,
15892,79,751,79,0,0.0,0,
15893,52,652,52,0,0.0,0,
15894,44,1358,44,0,0.0,0,
15895,45,300,45,0,0.0,0,
15896,37,141,37,0,0.0,0,
15897,52,458,52,0,0.0,0,
15898,72,207,72,0,0.0,0,
15899,60,546,60,0,0.0,0,
1589,57,482,57,0,0.0,0,
158,44,946,44,0,0.0,0,
15900,32,282,32,0,0.0,0,
15901,35,128,35,0,0.0,0,
15902,49,208,49,0,0.0,0,
15903,62,213,62,0,0.0,0,
15904,39,386,39,0,0.0,0,
15905,53,223,53,0,0.0,0,
15906,52,258,52,0,0.0,0,
15907,45,2652,45,0,0.0,0,
15908,44,345,44,0,0.0,0,
15909,39,87,39,0,0.0,0,
1590,42,258,42,0,0.0,0,
15910,50,577,50,0,0.0,0,
15911,31,282,31,0,0.0,0,
15912,74,336,74,0,0.0,0,
15913,55,612,55,0,0.0,0,
15914,81,334,81,0,0.0,0,
15915,43,298,43,0,0.0,0,
15916,38,286,38,0,0.0,0,
15917,52,257,52,0,0.0,0,
15918,52,287,52,0,0.0,0,
15919,50,290,50,0,0.0,0,
1591,106,662,106,0,0.0,0,
15920,65,553,65,0,0.0,0,
15921,61,198,61,0,0.0,0,
15922,49,540,49,0,0.0,0,
15923,40,87,40,0,0.0,0,
15924,44,506,44,0,0.0,0,
15925,64,554,64,0,0.0,0,
15926,53,911,53,0,0.0,0,
15927,56,557,56,0,0.0,0,
15928,43,215,43,0,0.0,0,
15929,25,484,25,0,0.0,0,
1592,61,309,61,0,0.0,0,
15930,43,463,43,0,0.0,0,
15931,52,652,52,0,0.0,0,
15932,44,139,44,0,0.0,0,
15933,69,372,69,0,0.0,0,
15934,55,228,55,0,0.0,0,
15935,47,1203,47,0,0.0,0,
15936,39,515,39,0,0.0,0,
15937,47,327,47,0,0.0,0,
15938,13,190,13,0,0.0,0,
15939,50,257,50,0,0.0,0,
1593,40,260,40,0,0.0,0,
15940,27,193,27,0,0.0,0,
15941,59,430,59,0,0.0,0,
15942,51,354,51,0,0.0,0,
15943,31,357,31,0,0.0,0,
15944,44,350,44,0,0.0,0,
15945,47,858,47,0,0.0,0,
15946,65,137,65,0,0.0,0,
15947,62,286,62,0,0.0,0,
15948,44,105,44,0,0.0,0,
15949,59,165,59,0,0.0,0,
1594,44,560,44,0,0.0,0,
15950,50,150,50,0,0.0,0,
15951,58,278,58,0,0.0,0,
15952,46,258,46,0,0.0,0,
15953,59,864,59,0,0.0,0,
15954,40,503,40,0,0.0,0,
15955,52,546,52,0,0.0,0,
15956,39,197,39,0,0.0,0,
15957,32,197,32,0,0.0,0,
15958,42,494,42,0,0.0,0,
15959,50,602,50,0,0.0,0,
1595,52,482,52,0,0.0,0,
15960,45,249,45,0,0.0,0,
15961,41,355,41,0,0.0,0,
15962,72,538,72,0,0.0,0,
15963,82,262,82,0,0.0,0,
15964,32,381,32,0,0.0,0,
15965,33,196,33,0,0.0,0,
15966,48,2506,48,0,0.0,0,
15967,52,823,52,0,0.0,0,
15968,66,198,66,0,0.0,0,
15969,58,504,58,0,0.0,0,
1596,52,293,52,0,0.0,0,
15970,26,100,26,0,0.0,0,
15971,50,279,50,0,0.0,0,
15972,44,358,44,0,0.0,0,
15973,55,190,55,0,0.0,0,
15974,54,713,54,0,0.0,0,
15975,60,174,60,0,0.0,0,
15976,48,488,48,0,0.0,0,
15977,28,138,28,0,0.0,0,
15978,47,123,47,0,0.0,0,
15979,54,343,54,0,0.0,0,
1597,45,256,45,0,0.0,0,
15980,60,865,60,0,0.0,0,
15981,43,258,43,0,0.0,0,
15982,50,430,50,0,0.0,0,
15983,34,283,34,0,0.0,0,
15984,50,606,50,0,0.0,0,
15985,51,200,51,0,0.0,0,
15986,64,425,64,0,0.0,0,
15987,51,427,51,0,0.0,0,
15988,42,274,42,0,0.0,0,
15989,59,273,59,0,0.0,0,
1598,45,399,45,0,0.0,0,
15990,77,333,77,0,0.0,0,
15991,119,1288,119,0,0.0,0,
15992,63,329,63,0,0.0,0,
15993,54,194,54,0,0.0,0,
15994,46,3112,46,0,0.0,0,
15995,55,201,55,0,0.0,0,
15996,62,1622,61,1,0.016129032258064516,0,A_680
15997,37,126,37,0,0.0,0,
15998,50,502,50,0,0.0,0,
15999,53,696,53,0,0.0,0,
1599,46,492,46,0,0.0,0,
159,65,194,65,0,0.0,0,
15,43,164,43,0,0.0,0,
16000,53,350,53,0,0.0,0,
16001,39,149,39,0,0.0,0,
16002,60,168,60,0,0.0,0,
16003,47,1452,47,0,0.0,0,
16004,54,1458,54,0,0.0,0,
16005,26,289,26,0,0.0,0,
16006,53,280,53,0,0.0,0,
16007,45,203,45,0,0.0,0,
16008,75,495,75,0,0.0,0,
16009,43,299,43,0,0.0,0,
1600,46,277,46,0,0.0,0,
16010,54,207,54,0,0.0,0,
16011,40,284,40,0,0.0,0,
16012,50,263,50,0,0.0,0,
16013,56,255,56,0,0.0,0,
16014,55,286,55,0,0.0,0,
16015,58,274,58,0,0.0,0,
16016,47,319,47,0,0.0,0,
16017,50,159,50,0,0.0,0,
16018,59,158,58,1,0.01694915254237288,0,A_9
16019,40,391,40,0,0.0,0,
1601,67,208,67,0,0.0,0,
16020,47,349,47,0,0.0,0,
16021,40,423,40,0,0.0,0,
16022,41,241,40,1,0.024390243902439025,0,B_73
16023,43,369,42,1,0.023255813953488372,0,B_92
16024,33,141,33,0,0.0,0,
16025,61,456,61,0,0.0,0,
16026,38,371,38,0,0.0,0,
16027,34,327,34,0,0.0,0,
16028,59,438,59,0,0.0,0,
16029,48,1112,48,0,0.0,0,
1602,49,268,49,0,0.0,0,
16030,58,302,58,0,0.0,0,
16031,81,782,81,0,0.0,0,
16032,54,976,54,0,0.0,0,
16033,55,1804,55,0,0.0,0,
16034,47,1540,47,0,0.0,0,
16035,32,124,32,0,0.0,0,
16036,32,185,32,0,0.0,0,
16037,51,257,51,0,0.0,0,
16038,53,286,52,1,0.018867924528301886,0,A_33
16039,36,256,36,0,0.0,0,
1603,57,281,57,0,0.0,0,
16040,43,106,43,0,0.0,0,
16041,61,430,61,0,0.0,0,
16042,46,589,46,0,0.0,0,
16043,46,985,46,0,0.0,0,
16044,54,301,54,0,0.0,0,
16045,60,574,60,0,0.0,0,
16046,47,703,47,0,0.0,0,
16047,67,1093,67,0,0.0,0,
16048,55,294,55,0,0.0,0,
16049,49,306,49,0,0.0,0,
1604,39,2149,39,0,0.0,0,
16050,50,456,50,0,0.0,0,
16051,32,258,32,0,0.0,0,
16052,69,509,69,0,0.0,0,
16053,41,745,41,0,0.0,0,
16054,57,313,57,0,0.0,0,
16055,54,1620,54,0,0.0,0,
16056,69,235,69,0,0.0,0,
16057,69,540,69,0,0.0,0,
16058,77,245,77,0,0.0,0,
16059,51,666,51,0,0.0,0,
1605,43,1212,43,0,0.0,0,
16060,53,273,53,0,0.0,0,
16061,51,730,51,0,0.0,0,
16062,51,328,51,0,0.0,0,
16063,54,416,54,0,0.0,0,
16064,47,349,47,0,0.0,0,
16065,54,1287,54,0,0.0,0,
16066,49,858,49,0,0.0,0,
16067,40,489,39,1,0.025,0,A_70
16068,51,142,51,0,0.0,0,
16069,51,293,51,0,0.0,0,
1606,49,924,49,0,0.0,0,
16070,52,349,52,0,0.0,0,
16071,60,341,60,0,0.0,0,
16072,47,257,47,0,0.0,0,
16073,68,198,68,0,0.0,0,
16074,63,500,63,0,0.0,0,
16075,57,791,57,0,0.0,0,
16076,70,263,70,0,0.0,0,
16077,28,377,28,0,0.0,0,
16078,70,536,70,0,0.0,0,
16079,36,130,36,0,0.0,0,
1607,52,275,52,0,0.0,0,
16080,34,70,34,0,0.0,0,
16081,46,194,46,0,0.0,0,
16082,45,2491,45,0,0.0,0,
16083,40,123,40,0,0.0,0,
16084,50,559,50,0,0.0,0,
16085,62,284,62,0,0.0,0,
16086,32,209,32,0,0.0,0,
16087,57,272,57,0,0.0,0,
16088,37,283,37,0,0.0,0,
16089,50,393,50,0,0.0,0,
1608,39,1320,39,0,0.0,0,
16090,24,1338,24,0,0.0,0,
16091,53,550,53,0,0.0,0,
16092,51,209,51,0,0.0,0,
16093,31,196,31,0,0.0,0,
16094,58,3077,58,0,0.0,0,
16095,57,1362,57,0,0.0,0,
16096,71,231,71,0,0.0,0,
16097,59,213,59,0,0.0,0,
16098,51,343,51,0,0.0,0,
16099,46,321,46,0,0.0,0,
1609,59,274,59,0,0.0,0,
160,66,246,66,0,0.0,0,
16100,43,159,43,0,0.0,0,
16101,45,307,45,0,0.0,0,
16102,50,1552,50,0,0.0,0,
16103,36,968,36,0,0.0,0,
16104,36,285,36,0,0.0,0,
16105,64,278,64,0,0.0,0,
16106,47,507,47,0,0.0,0,
16107,89,2096,88,1,0.011235955056179775,0,X_526
16108,46,90,46,0,0.0,0,
16109,64,246,64,0,0.0,0,
1610,21,104,21,0,0.0,0,
16110,53,296,53,0,0.0,0,
16111,46,305,46,0,0.0,0,
16112,43,307,43,0,0.0,0,
16113,78,334,78,0,0.0,0,
16114,59,1624,59,0,0.0,0,
16115,55,834,55,0,0.0,0,
16116,39,434,39,0,0.0,0,
16117,60,230,60,0,0.0,0,
16118,34,495,34,0,0.0,0,
16119,45,97,45,0,0.0,0,
1611,56,501,56,0,0.0,0,
16120,50,418,50,0,0.0,0,
16121,67,277,67,0,0.0,0,
16122,62,271,62,0,0.0,0,
16123,72,278,72,0,0.0,0,
16124,55,245,55,0,0.0,0,
16125,48,528,48,0,0.0,0,
16126,35,2931,35,0,0.0,0,
16127,44,136,44,0,0.0,0,
16128,46,209,46,0,0.0,0,
16129,71,373,71,0,0.0,0,
1612,47,334,47,0,0.0,0,
16130,39,93,39,0,0.0,0,
16131,72,433,72,0,0.0,0,
16132,32,228,32,0,0.0,0,
16133,31,138,31,0,0.0,0,
16134,53,257,53,0,0.0,0,
16135,35,63,35,0,0.0,0,
16136,52,207,52,0,0.0,0,
16137,59,273,59,0,0.0,0,
16138,51,253,51,0,0.0,0,
16139,46,686,46,0,0.0,0,
1613,53,258,53,0,0.0,0,
16140,62,413,62,0,0.0,0,
16141,44,1584,44,0,0.0,0,
16142,53,228,53,0,0.0,0,
16143,39,349,39,0,0.0,0,
16144,56,221,56,0,0.0,0,
16145,56,375,56,0,0.0,0,
16146,39,223,39,0,0.0,0,
16147,40,487,40,0,0.0,0,
16148,43,183,43,0,0.0,0,
16149,50,327,50,0,0.0,0,
1614,47,837,47,0,0.0,0,
16150,59,238,59,0,0.0,0,
16151,40,686,40,0,0.0,0,
16152,52,263,52,0,0.0,0,
16153,43,487,43,0,0.0,0,
16154,45,181,45,0,0.0,0,
16155,30,226,30,0,0.0,0,
16156,66,198,66,0,0.0,0,
16157,39,1506,39,0,0.0,0,
16158,57,242,57,0,0.0,0,
16159,57,561,57,0,0.0,0,
1615,45,334,45,0,0.0,0,
16160,60,400,60,0,0.0,0,
16161,50,1071,50,0,0.0,0,
16162,54,322,54,0,0.0,0,
16163,62,518,62,0,0.0,0,
16164,54,518,54,0,0.0,0,
16165,38,329,38,0,0.0,0,
16166,23,309,23,0,0.0,0,
16167,35,127,35,0,0.0,0,
16168,40,188,40,0,0.0,0,
16169,37,188,37,0,0.0,0,
1616,38,187,38,0,0.0,0,
16170,20,166,20,0,0.0,0,
16171,40,173,40,0,0.0,0,
16172,56,159,56,0,0.0,0,
16173,26,61,26,0,0.0,0,
16174,38,445,38,0,0.0,0,
16175,35,110,35,0,0.0,0,
16176,53,2646,53,0,0.0,0,
16177,55,286,55,0,0.0,0,
16178,29,617,29,0,0.0,0,
16179,67,198,67,0,0.0,0,
1617,41,352,41,0,0.0,0,
16180,46,157,46,0,0.0,0,
16181,58,306,58,0,0.0,0,
16182,68,198,68,0,0.0,0,
16183,65,230,65,0,0.0,0,
16184,57,1350,57,0,0.0,0,
16185,46,226,46,0,0.0,0,
16186,86,373,86,0,0.0,0,
16187,49,800,49,0,0.0,0,
16188,40,204,40,0,0.0,0,
16189,47,1031,47,0,0.0,0,
1618,60,884,60,0,0.0,0,
16190,49,257,49,0,0.0,0,
16191,47,154,47,0,0.0,0,
16192,91,366,91,0,0.0,0,
16193,33,119,33,0,0.0,0,
16194,46,316,46,0,0.0,0,
16195,36,127,36,0,0.0,0,
16196,79,432,79,0,0.0,0,
16197,60,442,57,3,0.05,0,A_332 A_357 A_371
16198,38,160,38,0,0.0,0,
16199,56,466,56,0,0.0,0,
1619,49,478,49,0,0.0,0,
161,38,101,38,0,0.0,0,
16200,67,304,67,0,0.0,0,
16201,76,598,76,0,0.0,0,
16202,44,384,44,0,0.0,0,
16203,56,131,56,0,0.0,0,
16204,59,466,59,0,0.0,0,
16205,60,414,60,0,0.0,0,
16206,58,480,58,0,0.0,0,
16207,50,230,50,0,0.0,0,
16208,64,452,64,0,0.0,0,
16209,68,779,68,0,0.0,0,
1620,45,370,45,0,0.0,0,
16210,52,586,52,0,0.0,0,
16211,37,173,37,0,0.0,0,
16212,79,822,79,0,0.0,0,
16213,38,542,38,0,0.0,0,
16214,44,816,44,0,0.0,0,
16215,60,292,60,0,0.0,0,
16216,52,257,52,0,0.0,0,
16217,59,1287,59,0,0.0,0,
16218,45,182,45,0,0.0,0,
16219,41,434,41,0,0.0,0,
1621,47,298,47,0,0.0,0,
16220,46,157,46,0,0.0,0,
16221,44,261,44,0,0.0,0,
16222,46,243,45,1,0.021739130434782608,0,A_84
16223,42,215,42,0,0.0,0,
16224,29,129,29,0,0.0,0,
16225,61,295,61,0,0.0,0,
16226,57,1422,57,0,0.0,0,
16227,48,276,48,0,0.0,0,
16228,41,154,41,0,0.0,0,
16229,28,322,28,0,0.0,0,
1622,49,546,49,0,0.0,0,
16230,50,546,50,0,0.0,0,
16231,55,280,55,0,0.0,0,
16232,56,265,56,0,0.0,0,
16233,55,134,55,0,0.0,0,
16234,55,834,55,0,0.0,0,
16235,70,468,70,0,0.0,0,
16236,61,238,61,0,0.0,0,
16237,39,87,39,0,0.0,0,
16238,67,598,67,0,0.0,0,
16239,70,377,70,0,0.0,0,
1623,33,197,33,0,0.0,0,
16240,40,289,40,0,0.0,0,
16241,61,383,61,0,0.0,0,
16242,42,356,42,0,0.0,0,
16243,44,394,44,0,0.0,0,
16244,62,278,62,0,0.0,0,
16245,67,423,67,0,0.0,0,
16246,38,154,38,0,0.0,0,
16247,49,1552,49,0,0.0,0,
16248,68,1614,67,1,0.014705882352941176,0,A_680
16249,37,223,37,0,0.0,0,
1624,58,304,58,0,0.0,0,
16250,42,282,42,0,0.0,0,
16251,45,775,45,0,0.0,0,
16252,43,416,43,0,0.0,0,
16253,52,301,52,0,0.0,0,
16254,67,230,67,0,0.0,0,
16255,60,514,60,0,0.0,0,
16256,42,939,42,0,0.0,0,
16257,51,343,51,0,0.0,0,
16258,52,303,52,0,0.0,0,
16259,12,70,12,0,0.0,0,
1625,35,120,35,0,0.0,0,
16260,54,468,54,0,0.0,0,
16261,28,117,28,0,0.0,0,
16262,43,423,43,0,0.0,0,
16263,58,1004,58,0,0.0,0,
16264,76,1067,76,0,0.0,0,
16265,45,387,45,0,0.0,0,
16266,58,510,58,0,0.0,0,
16267,48,278,48,0,0.0,0,
16268,52,302,52,0,0.0,0,
16269,59,290,59,0,0.0,0,
1626,35,538,35,0,0.0,0,
16270,29,109,29,0,0.0,0,
16271,46,4044,46,0,0.0,0,
16272,51,518,51,0,0.0,0,
16273,52,598,52,0,0.0,0,
16274,44,225,44,0,0.0,0,
16275,39,88,39,0,0.0,0,
16276,50,198,50,0,0.0,0,
16277,42,215,42,0,0.0,0,
16278,47,856,47,0,0.0,0,
16279,67,198,67,0,0.0,0,
1627,47,288,47,0,0.0,0,
16280,56,548,56,0,0.0,0,
16281,48,482,48,0,0.0,0,
16282,40,225,40,0,0.0,0,
16283,29,332,29,0,0.0,0,
16284,52,436,52,0,0.0,0,
16285,51,402,51,0,0.0,0,
16286,50,217,50,0,0.0,0,
16287,65,435,65,0,0.0,0,
16288,47,121,47,0,0.0,0,
16289,69,926,69,0,0.0,0,
1628,42,253,42,0,0.0,0,
16290,42,940,42,0,0.0,0,
16291,65,799,65,0,0.0,0,
16292,49,559,49,0,0.0,0,
16293,45,265,45,0,0.0,0,
16294,47,369,47,0,0.0,0,
16295,44,284,44,0,0.0,0,
16296,59,446,59,0,0.0,0,
16297,51,288,51,0,0.0,0,
16298,35,127,35,0,0.0,0,
16299,50,267,50,0,0.0,0,
1629,52,283,52,0,0.0,0,
162,49,612,49,0,0.0,0,
16300,58,279,58,0,0.0,0,
16301,28,484,28,0,0.0,0,
16302,41,260,41,0,0.0,0,
16303,63,499,63,0,0.0,0,
16304,33,124,33,0,0.0,0,
16305,49,307,49,0,0.0,0,
16306,56,651,56,0,0.0,0,
16307,51,276,51,0,0.0,0,
16308,50,295,50,0,0.0,0,
16309,54,1068,54,0,0.0,0,
1630,51,456,51,0,0.0,0,
16310,52,634,52,0,0.0,0,
16311,44,418,44,0,0.0,0,
16312,41,258,41,0,0.0,0,
16313,37,445,37,0,0.0,0,
16314,56,444,56,0,0.0,0,
16315,56,969,56,0,0.0,0,
16316,54,241,54,0,0.0,0,
16317,41,84,41,0,0.0,0,
16318,45,164,45,0,0.0,0,
16319,32,444,32,0,0.0,0,
1631,39,124,39,0,0.0,0,
16320,58,482,58,0,0.0,0,
16321,51,279,51,0,0.0,0,
16322,51,512,51,0,0.0,0,
16323,65,461,65,0,0.0,0,
16324,63,435,63,0,0.0,0,
16325,37,2068,37,0,0.0,0,
16326,35,216,35,0,0.0,0,
16327,71,1554,70,1,0.014084507042253521,0,B_89
16328,52,257,52,0,0.0,0,
16329,51,257,51,0,0.0,0,
1632,37,928,37,0,0.0,0,
16330,66,197,66,0,0.0,0,
16331,63,198,63,0,0.0,0,
16332,56,203,56,0,0.0,0,
16333,57,684,57,0,0.0,0,
16334,34,326,34,0,0.0,0,
16335,21,284,21,0,0.0,0,
16336,43,297,43,0,0.0,0,
16337,33,477,33,0,0.0,0,
16338,61,742,61,0,0.0,0,
16339,50,282,50,0,0.0,0,
1633,62,332,62,0,0.0,0,
16340,45,265,45,0,0.0,0,
16341,30,257,30,0,0.0,0,
16342,44,169,44,0,0.0,0,
16343,57,314,57,0,0.0,0,
16344,53,261,53,0,0.0,0,
16345,29,114,29,0,0.0,0,
16346,59,131,59,0,0.0,0,
16347,50,131,50,0,0.0,0,
16348,58,518,58,0,0.0,0,
16349,43,213,43,0,0.0,0,
1634,50,233,50,0,0.0,0,
16350,16,75,16,0,0.0,0,
16351,46,261,46,0,0.0,0,
16352,67,488,67,0,0.0,0,
16353,42,119,42,0,0.0,0,
16354,45,388,45,0,0.0,0,
16355,84,539,84,0,0.0,0,
16356,39,127,39,0,0.0,0,
16357,45,916,45,0,0.0,0,
16358,52,2100,52,0,0.0,0,
16359,43,555,43,0,0.0,0,
1635,34,267,34,0,0.0,0,
16360,37,369,37,0,0.0,0,
16361,65,486,65,0,0.0,0,
16362,43,734,43,0,0.0,0,
16363,53,395,53,0,0.0,0,
16364,67,274,67,0,0.0,0,
16365,41,316,41,0,0.0,0,
16366,34,127,34,0,0.0,0,
16367,77,240,77,0,0.0,0,
16368,35,165,35,0,0.0,0,
16369,29,551,29,0,0.0,0,
1636,41,342,41,0,0.0,0,
16370,37,283,37,0,0.0,0,
16371,102,375,102,0,0.0,0,
16372,42,226,42,0,0.0,0,
16373,68,716,68,0,0.0,0,
16374,67,198,67,0,0.0,0,
16375,47,504,47,0,0.0,0,
16376,57,305,57,0,0.0,0,
16377,40,432,40,0,0.0,0,
16378,50,710,50,0,0.0,0,
1637,68,265,68,0,0.0,0,
1638,42,446,42,0,0.0,0,
1639,51,254,51,0,0.0,0,
163,66,426,66,0,0.0,0,
1640,71,378,71,0,0.0,0,
1641,53,254,53,0,0.0,0,
1642,57,452,57,0,0.0,0,
1643,47,368,47,0,0.0,0,
1644,49,259,49,0,0.0,0,
1645,57,280,57,0,0.0,0,
1646,56,672,56,0,0.0,0,
1647,53,652,53,0,0.0,0,
1648,51,712,51,0,0.0,0,
1649,60,387,60,0,0.0,0,
164,54,730,54,0,0.0,0,
1650,30,178,30,0,0.0,0,
1651,43,215,43,0,0.0,0,
1652,25,1020,25,0,0.0,0,
1653,62,636,62,0,0.0,0,
1654,68,351,68,0,0.0,0,
1655,40,525,40,0,0.0,0,
1656,56,591,56,0,0.0,0,
1657,63,305,63,0,0.0,0,
1658,60,322,60,0,0.0,0,
1659,81,325,81,0,0.0,0,
165,67,198,67,0,0.0,0,
1660,43,329,43,0,0.0,0,
1661,59,198,59,0,0.0,0,
1662,47,323,47,0,0.0,0,
1663,45,339,45,0,0.0,0,
1664,69,373,69,0,0.0,0,
1665,52,295,52,0,0.0,0,
1666,72,434,71,1,0.013888888888888888,0,A_198
1667,44,228,44,0,0.0,0,
1668,42,202,42,0,0.0,0,
1669,37,223,37,0,0.0,0,
166,70,198,70,0,0.0,0,
1670,51,434,51,0,0.0,0,
1671,39,453,39,0,0.0,0,
1672,51,311,51,0,0.0,0,
1673,50,529,50,0,0.0,0,
1674,63,304,63,0,0.0,0,
1675,53,324,53,0,0.0,0,
1676,49,602,49,0,0.0,0,
1677,44,173,44,0,0.0,0,
1678,39,1030,39,0,0.0,0,
1679,41,281,41,0,0.0,0,
167,56,248,56,0,0.0,0,
1680,79,329,79,0,0.0,0,
1681,45,208,45,0,0.0,0,
1682,35,115,35,0,0.0,0,
1683,64,707,64,0,0.0,0,
1684,63,252,63,0,0.0,0,
1685,30,214,30,0,0.0,0,
1686,67,289,67,0,0.0,0,
1687,70,436,70,0,0.0,0,
1688,43,388,43,0,0.0,0,
1689,69,331,68,1,0.014492753623188406,0,A_197
168,77,284,77,0,0.0,0,
1690,23,33,23,0,0.0,0,
1691,51,167,51,0,0.0,0,
1692,64,198,64,0,0.0,0,
1693,49,258,49,0,0.0,0,
1694,65,198,65,0,0.0,0,
1695,41,265,41,0,0.0,0,
1696,33,107,33,0,0.0,0,
1697,52,798,52,0,0.0,0,
1698,64,331,64,0,0.0,0,
1699,53,578,53,0,0.0,0,
169,68,323,68,0,0.0,0,
16,58,464,58,0,0.0,0,
1700,39,52,39,0,0.0,0,
1701,29,231,29,0,0.0,0,
1702,49,377,49,0,0.0,0,
1703,32,137,32,0,0.0,0,
1704,42,537,42,0,0.0,0,
1705,45,269,45,0,0.0,0,
1706,53,754,53,0,0.0,0,
1707,58,223,58,0,0.0,0,
1708,44,123,44,0,0.0,0,
1709,51,289,51,0,0.0,0,
170,29,241,28,1,0.034482758620689655,0,A_73
1710,61,290,61,0,0.0,0,
1711,64,328,64,0,0.0,0,
1712,63,198,63,0,0.0,0,
1713,36,58,36,0,0.0,0,
1714,68,304,68,0,0.0,0,
1715,37,297,37,0,0.0,0,
1716,58,289,58,0,0.0,0,
1717,57,285,57,0,0.0,0,
1718,39,152,39,0,0.0,0,
1719,49,430,49,0,0.0,0,
171,55,369,55,0,0.0,0,
1720,58,207,58,0,0.0,0,
1721,47,192,47,0,0.0,0,
1722,47,332,47,0,0.0,0,
1723,46,271,46,0,0.0,0,
1724,40,1064,40,0,0.0,0,
1725,45,266,45,0,0.0,0,
1726,45,303,45,0,0.0,0,
1727,56,646,56,0,0.0,0,
1728,39,165,39,0,0.0,0,
1729,54,261,54,0,0.0,0,
172,51,884,51,0,0.0,0,
1730,66,546,66,0,0.0,0,
1731,52,273,52,0,0.0,0,
1732,59,136,59,0,0.0,0,
1733,49,728,49,0,0.0,0,
1734,40,498,40,0,0.0,0,
1735,55,247,55,0,0.0,0,
1736,68,405,67,1,0.014705882352941176,0,A_255
1737,36,1098,36,0,0.0,0,
1738,62,479,62,0,0.0,0,
1739,59,1064,59,0,0.0,0,
173,34,135,34,0,0.0,0,
1740,41,189,41,0,0.0,0,
1741,48,223,48,0,0.0,0,
1742,60,510,60,0,0.0,0,
1743,58,390,58,0,0.0,0,
1744,61,198,61,0,0.0,0,
1745,57,539,57,0,0.0,0,
1746,54,529,54,0,0.0,0,
1747,45,157,45,0,0.0,0,
1748,56,203,56,0,0.0,0,
1749,50,257,50,0,0.0,0,
174,69,621,69,0,0.0,0,
1750,59,304,59,0,0.0,0,
1751,47,346,47,0,0.0,0,
1752,56,267,56,0,0.0,0,
1753,50,284,50,0,0.0,0,
1754,69,725,69,0,0.0,0,
1755,71,1030,71,0,0.0,0,
1756,27,130,27,0,0.0,0,
1757,42,554,42,0,0.0,0,
1758,36,200,36,0,0.0,0,
1759,60,213,60,0,0.0,0,
175,45,369,45,0,0.0,0,
1760,61,596,61,0,0.0,0,
1761,52,516,52,0,0.0,0,
1762,46,533,46,0,0.0,0,
1763,50,256,50,0,0.0,0,
1764,42,267,42,0,0.0,0,
1765,49,257,49,0,0.0,0,
1766,52,257,52,0,0.0,0,
1767,44,371,44,0,0.0,0,
1768,37,393,37,0,0.0,0,
1769,75,481,75,0,0.0,0,
176,30,116,30,0,0.0,0,
1770,62,460,62,0,0.0,0,
1771,64,261,64,0,0.0,0,
1772,50,501,50,0,0.0,0,
1773,48,275,48,0,0.0,0,
1774,53,269,53,0,0.0,0,
1775,74,495,74,0,0.0,0,
1776,54,1059,54,0,0.0,0,
1777,38,438,38,0,0.0,0,
1778,44,423,44,0,0.0,0,
1779,43,83,43,0,0.0,0,
177,44,663,44,0,0.0,0,
1780,31,606,31,0,0.0,0,
1781,23,612,23,0,0.0,0,
1782,51,169,51,0,0.0,0,
1783,40,763,40,0,0.0,0,
1784,69,564,69,0,0.0,0,
1785,33,140,33,0,0.0,0,
1786,58,368,58,0,0.0,0,
1787,40,435,40,0,0.0,0,
1788,45,1896,45,0,0.0,0,
1789,39,426,39,0,0.0,0,
178,41,272,41,0,0.0,0,
1790,45,265,44,1,0.022222222222222223,0,A_175
1791,60,551,60,0,0.0,0,
1792,33,114,33,0,0.0,0,
1793,51,791,51,0,0.0,0,
1794,42,282,42,0,0.0,0,
1795,78,495,78,0,0.0,0,
1796,57,153,57,0,0.0,0,
1797,64,684,64,0,0.0,0,
1798,38,502,38,0,0.0,0,
1799,54,652,54,0,0.0,0,
179,66,384,66,0,0.0,0,
17,40,684,40,0,0.0,0,
1800,50,161,50,0,0.0,0,
1801,69,503,69,0,0.0,0,
1802,30,520,30,0,0.0,0,
1803,50,220,50,0,0.0,0,
1804,42,349,42,0,0.0,0,
1805,32,90,32,0,0.0,0,
1806,121,799,121,0,0.0,0,
1807,69,245,69,0,0.0,0,
1808,62,460,62,0,0.0,0,
1809,68,198,68,0,0.0,0,
180,72,429,72,0,0.0,0,
1810,55,820,55,0,0.0,0,
1811,63,212,63,0,0.0,0,
1812,40,127,40,0,0.0,0,
1813,52,517,52,0,0.0,0,
1814,38,262,38,0,0.0,0,
1815,52,294,52,0,0.0,0,
1816,37,308,37,0,0.0,0,
1817,53,133,53,0,0.0,0,
1818,44,158,44,0,0.0,0,
1819,50,441,50,0,0.0,0,
181,18,267,18,0,0.0,0,
1820,36,109,36,0,0.0,0,
1821,34,1308,34,0,0.0,0,
1822,46,207,46,0,0.0,0,
1823,76,1553,75,1,0.013157894736842105,0,A_89
1824,45,696,45,0,0.0,0,
1825,41,236,41,0,0.0,0,
1826,50,215,50,0,0.0,0,
1827,34,95,34,0,0.0,0,
1828,53,958,53,0,0.0,0,
1829,66,390,66,0,0.0,0,
182,44,243,43,1,0.022727272727272728,0,A_84
1830,34,474,34,0,0.0,0,
1831,53,166,53,0,0.0,0,
1832,49,388,49,0,0.0,0,
1833,58,1350,58,0,0.0,0,
1834,45,998,45,0,0.0,0,
1835,50,303,50,0,0.0,0,
1836,58,341,58,0,0.0,0,
1837,48,225,48,0,0.0,0,
1838,63,1302,63,0,0.0,0,
1839,47,606,47,0,0.0,0,
183,56,555,56,0,0.0,0,
1840,63,198,63,0,0.0,0,
1841,50,273,50,0,0.0,0,
1842,35,501,35,0,0.0,0,
1843,80,854,79,1,0.0125,0,A_122
1844,41,684,41,0,0.0,0,
1845,73,786,73,0,0.0,0,
1846,38,257,38,0,0.0,0,
1847,47,442,47,0,0.0,0,
1848,38,127,38,0,0.0,0,
1849,69,198,69,0,0.0,0,
184,49,314,49,0,0.0,0,
1850,36,202,36,0,0.0,0,
1851,47,1552,47,0,0.0,0,
1852,50,852,50,0,0.0,0,
1853,57,241,57,0,0.0,0,
1854,47,270,47,0,0.0,0,
1855,52,169,52,0,0.0,0,
1856,35,539,35,0,0.0,0,
1857,37,170,37,0,0.0,0,
1858,35,169,35,0,0.0,0,
1859,47,165,47,0,0.0,0,
185,42,358,42,0,0.0,0,
1860,51,972,51,0,0.0,0,
1861,54,387,54,0,0.0,0,
1862,35,103,35,0,0.0,0,
1863,51,670,51,0,0.0,0,
1864,50,330,50,0,0.0,0,
1865,37,636,37,0,0.0,0,
1866,62,349,62,0,0.0,0,
1867,68,238,68,0,0.0,0,
1868,54,294,54,0,0.0,0,
1869,46,497,46,0,0.0,0,
186,42,516,42,0,0.0,0,
1870,63,262,63,0,0.0,0,
1871,106,3228,106,0,0.0,0,
1872,63,350,63,0,0.0,0,
1873,63,198,63,0,0.0,0,
1874,23,106,23,0,0.0,0,
1875,35,130,35,0,0.0,0,
1876,56,262,56,0,0.0,0,
1877,37,209,37,0,0.0,0,
1878,31,118,31,0,0.0,0,
1879,54,554,54,0,0.0,0,
187,38,127,38,0,0.0,0,
1880,55,833,55,0,0.0,0,
1881,52,357,52,0,0.0,0,
1882,27,262,27,0,0.0,0,
1883,50,258,50,0,0.0,0,
1884,58,460,58,0,0.0,0,
1885,52,430,52,0,0.0,0,
1886,51,304,51,0,0.0,0,
1887,45,525,45,0,0.0,0,
1888,46,1272,46,0,0.0,0,
1889,56,223,56,0,0.0,0,
188,72,198,72,0,0.0,0,
1890,51,298,51,0,0.0,0,
1891,85,369,85,0,0.0,0,
1892,50,494,50,0,0.0,0,
1893,40,111,40,0,0.0,0,
1894,46,251,46,0,0.0,0,
1895,57,577,57,0,0.0,0,
1896,43,209,43,0,0.0,0,
1897,66,237,66,0,0.0,0,
1898,37,439,37,0,0.0,0,
1899,54,369,54,0,0.0,0,
189,83,619,83,0,0.0,0,
18,43,1333,43,0,0.0,0,
1900,49,223,49,0,0.0,0,
1901,61,377,61,0,0.0,0,
1902,36,127,36,0,0.0,0,
1903,54,207,54,0,0.0,0,
1904,50,235,50,0,0.0,0,
1905,33,268,33,0,0.0,0,
1906,56,556,56,0,0.0,0,
1907,57,387,57,0,0.0,0,
1908,51,482,51,0,0.0,0,
1909,48,1451,48,0,0.0,0,
190,39,598,39,0,0.0,0,
1910,68,496,68,0,0.0,0,
1911,94,1791,94,0,0.0,0,
1912,67,532,67,0,0.0,0,
1913,36,101,36,0,0.0,0,
1914,27,131,27,0,0.0,0,
1915,48,464,48,0,0.0,0,
1916,38,159,38,0,0.0,0,
1917,66,572,66,0,0.0,0,
1918,57,763,57,0,0.0,0,
1919,52,1456,52,0,0.0,0,
191,55,278,55,0,0.0,0,
1920,51,1250,51,0,0.0,0,
1921,38,89,38,0,0.0,0,
1922,61,458,61,0,0.0,0,
1923,57,305,57,0,0.0,0,
1924,35,764,35,0,0.0,0,
1925,50,463,50,0,0.0,0,
1926,39,204,39,0,0.0,0,
1927,56,834,56,0,0.0,0,
1928,59,249,59,0,0.0,0,
1929,56,367,56,0,0.0,0,
192,46,372,46,0,0.0,0,
1930,45,498,45,0,0.0,0,
1931,46,220,46,0,0.0,0,
1932,54,215,54,0,0.0,0,
1933,50,658,50,0,0.0,0,
1934,63,377,63,0,0.0,0,
1935,28,716,28,0,0.0,0,
1936,55,272,55,0,0.0,0,
1937,70,1378,70,0,0.0,0,
1938,52,520,52,0,0.0,0,
1939,43,167,43,0,0.0,0,
193,28,105,28,0,0.0,0,
1940,57,816,57,0,0.0,0,
1941,22,64,22,0,0.0,0,
1942,51,1576,51,0,0.0,0,
1943,68,293,68,0,0.0,0,
1944,38,604,38,0,0.0,0,
1945,68,198,68,0,0.0,0,
1946,31,457,31,0,0.0,0,
1947,35,63,35,0,0.0,0,
1948,56,439,56,0,0.0,0,
1949,43,359,43,0,0.0,0,
194,43,801,43,0,0.0,0,
1950,47,507,47,0,0.0,0,
1951,38,229,38,0,0.0,0,
1952,55,274,55,0,0.0,0,
1953,71,200,71,0,0.0,0,
1954,38,657,38,0,0.0,0,
1955,54,394,54,0,0.0,0,
1956,50,387,50,0,0.0,0,
1957,46,258,46,0,0.0,0,
1958,68,198,68,0,0.0,0,
1959,48,803,48,0,0.0,0,
195,52,204,52,0,0.0,0,
1960,51,3090,51,0,0.0,0,
1961,62,135,62,0,0.0,0,
1962,29,113,29,0,0.0,0,
1963,55,361,55,0,0.0,0,
1964,53,370,53,0,0.0,0,
1965,44,133,44,0,0.0,0,
1966,52,1593,52,0,0.0,0,
1967,53,349,53,0,0.0,0,
1968,70,198,70,0,0.0,0,
1969,33,59,33,0,0.0,0,
196,33,228,33,0,0.0,0,
1970,69,198,69,0,0.0,0,
1971,40,1708,40,0,0.0,0,
1972,53,394,53,0,0.0,0,
1973,67,298,67,0,0.0,0,
1974,48,338,48,0,0.0,0,
1975,90,1806,90,0,0.0,0,
1976,33,217,33,0,0.0,0,
1977,53,298,53,0,0.0,0,
1978,37,115,37,0,0.0,0,
1979,74,648,74,0,0.0,0,
197,61,423,61,0,0.0,0,
1980,39,278,39,0,0.0,0,
1981,67,490,67,0,0.0,0,
1982,38,176,38,0,0.0,0,
1983,45,471,45,0,0.0,0,
1984,47,275,47,0,0.0,0,
1985,44,448,44,0,0.0,0,
1986,58,207,58,0,0.0,0,
1987,45,279,45,0,0.0,0,
1988,60,1026,60,0,0.0,0,
1989,58,209,58,0,0.0,0,
198,40,532,40,0,0.0,0,
1990,39,352,39,0,0.0,0,
1991,50,776,50,0,0.0,0,
1992,58,4638,58,0,0.0,0,
1993,37,118,37,0,0.0,0,
1994,50,453,50,0,0.0,0,
1995,45,93,45,0,0.0,0,
1996,52,387,52,0,0.0,0,
1997,17,107,17,0,0.0,0,
1998,47,256,47,0,0.0,0,
1999,45,283,45,0,0.0,0,
199,92,368,92,0,0.0,0,
19,54,303,54,0,0.0,0,
1,39,166,39,0,0.0,0,
2000,53,272,53,0,0.0,0,
2001,64,1423,64,0,0.0,0,
2002,35,323,35,0,0.0,0,
2003,52,784,52,0,0.0,0,
2004,51,154,51,0,0.0,0,
2005,41,833,41,0,0.0,0,
2006,41,223,41,0,0.0,0,
2007,38,438,38,0,0.0,0,
2008,49,546,49,0,0.0,0,
2009,43,258,43,0,0.0,0,
200,39,948,39,0,0.0,0,
2010,37,264,37,0,0.0,0,
2011,32,241,31,1,0.03125,0,A_73
2012,46,843,46,0,0.0,0,
2013,53,377,53,0,0.0,0,
2014,33,241,32,1,0.030303030303030304,0,A_73
2015,58,108,58,0,0.0,0,
2016,52,256,52,0,0.0,0,
2017,45,223,45,0,0.0,0,
2018,58,289,58,0,0.0,0,
2019,62,2173,62,0,0.0,0,
201,54,713,54,0,0.0,0,
2020,68,198,68,0,0.0,0,
2021,33,125,33,0,0.0,0,
2022,63,598,63,0,0.0,0,
2023,41,175,41,0,0.0,0,
2024,40,573,40,0,0.0,0,
2025,34,121,34,0,0.0,0,
2026,58,334,58,0,0.0,0,
2027,71,292,71,0,0.0,0,
2028,48,488,48,0,0.0,0,
2029,54,186,54,0,0.0,0,
202,67,198,67,0,0.0,0,
2030,32,298,32,0,0.0,0,
2031,58,368,58,0,0.0,0,
2032,31,123,31,0,0.0,0,
2033,30,105,30,0,0.0,0,
2034,73,429,73,0,0.0,0,
2035,57,323,57,0,0.0,0,
2036,59,153,59,0,0.0,0,
2037,39,104,39,0,0.0,0,
2038,35,531,35,0,0.0,0,
2039,30,100,30,0,0.0,0,
203,67,304,67,0,0.0,0,
2040,82,269,82,0,0.0,0,
2041,63,380,63,0,0.0,0,
2042,47,225,47,0,0.0,0,
2043,27,116,27,0,0.0,0,
2044,35,242,35,0,0.0,0,
2045,48,181,48,0,0.0,0,
2046,60,256,60,0,0.0,0,
2047,63,638,63,0,0.0,0,
2048,49,193,49,0,0.0,0,
2049,66,198,66,0,0.0,0,
204,58,1287,58,0,0.0,0,
2050,44,682,44,0,0.0,0,
2051,44,257,44,0,0.0,0,
2052,65,424,65,0,0.0,0,
2053,45,256,45,0,0.0,0,
2054,31,116,31,0,0.0,0,
2055,45,1414,45,0,0.0,0,
2056,58,280,58,0,0.0,0,
2057,51,415,51,0,0.0,0,
2058,56,373,56,0,0.0,0,
2059,53,223,53,0,0.0,0,
205,43,829,43,0,0.0,0,
2060,50,302,50,0,0.0,0,
2061,63,304,63,0,0.0,0,
2062,39,247,39,0,0.0,0,
2063,79,508,79,0,0.0,0,
2064,32,453,32,0,0.0,0,
2065,42,123,42,0,0.0,0,
2066,48,274,48,0,0.0,0,
2067,80,360,78,2,0.025,0,A_197 B_24
2068,52,216,52,0,0.0,0,
2069,37,89,37,0,0.0,0,
206,50,333,50,0,0.0,0,
2070,62,840,62,0,0.0,0,
2071,42,181,42,0,0.0,0,
2072,48,258,48,0,0.0,0,
2073,47,323,47,0,0.0,0,
2074,64,848,60,4,0.0625,0,A_103 A_256 A_259 A_368
2075,51,336,51,0,0.0,0,
2076,46,692,46,0,0.0,0,
2077,48,128,48,0,0.0,0,
2078,50,341,50,0,0.0,0,
2079,32,113,32,0,0.0,0,
207,59,281,59,0,0.0,0,
2080,47,358,47,0,0.0,0,
2081,63,221,57,6,0.09523809523809523,1,A_269 A_294 A_332 A_369 A_454 A_456
2082,33,296,33,0,0.0,0,
2083,47,338,47,0,0.0,0,
2084,38,106,38,0,0.0,0,
2085,48,728,48,0,0.0,0,
2086,125,425,125,0,0.0,0,
2087,47,93,47,0,0.0,0,
2088,57,521,57,0,0.0,0,
2089,37,267,37,0,0.0,0,
208,51,164,51,0,0.0,0,
2090,49,257,49,0,0.0,0,
2091,40,297,40,0,0.0,0,
2092,25,484,25,0,0.0,0,
2093,57,962,57,0,0.0,0,
2094,60,277,60,0,0.0,0,
2095,46,216,46,0,0.0,0,
2096,35,903,35,0,0.0,0,
2097,47,559,47,0,0.0,0,
2098,48,261,48,0,0.0,0,
2099,42,453,42,0,0.0,0,
209,58,3628,58,0,0.0,0,
20,57,875,57,0,0.0,0,
2100,64,198,64,0,0.0,0,
2101,33,180,33,0,0.0,0,
2102,51,262,51,0,0.0,0,
2103,29,60,29,0,0.0,0,
2104,64,1017,64,0,0.0,0,
2105,67,403,67,0,0.0,0,
2106,59,286,59,0,0.0,0,
2107,80,374,80,0,0.0,0,
2108,46,628,46,0,0.0,0,
2109,43,265,43,0,0.0,0,
210,42,302,42,0,0.0,0,
2110,41,104,41,0,0.0,0,
2111,52,226,52,0,0.0,0,
2112,53,257,53,0,0.0,0,
2113,26,80,26,0,0.0,0,
2114,55,217,55,0,0.0,0,
2115,50,951,50,0,0.0,0,
2116,49,268,49,0,0.0,0,
2117,57,954,57,0,0.0,0,
2118,42,222,42,0,0.0,0,
2119,56,267,56,0,0.0,0,
211,107,338,107,0,0.0,0,
2120,58,284,58,0,0.0,0,
2121,57,478,57,0,0.0,0,
2122,61,513,61,0,0.0,0,
2123,63,1058,63,0,0.0,0,
2124,67,198,67,0,0.0,0,
2125,24,170,24,0,0.0,0,
2126,36,286,36,0,0.0,0,
2127,55,841,55,0,0.0,0,
2128,61,1456,61,0,0.0,0,
2129,58,516,58,0,0.0,0,
212,49,522,49,0,0.0,0,
2130,42,682,42,0,0.0,0,
2131,38,127,38,0,0.0,0,
2132,44,464,44,0,0.0,0,
2133,23,62,23,0,0.0,0,
2134,66,238,66,0,0.0,0,
2135,56,192,56,0,0.0,0,
2136,59,292,59,0,0.0,0,
2137,23,56,23,0,0.0,0,
2138,46,427,46,0,0.0,0,
2139,64,593,64,0,0.0,0,
213,53,307,53,0,0.0,0,
2140,47,206,47,0,0.0,0,
2141,60,238,60,0,0.0,0,
2142,62,395,62,0,0.0,0,
2143,43,557,43,0,0.0,0,
2144,59,333,59,0,0.0,0,
2145,54,495,54,0,0.0,0,
2146,34,127,34,0,0.0,0,
2147,47,426,47,0,0.0,0,
2148,41,1701,41,0,0.0,0,
2149,61,275,61,0,0.0,0,
214,42,207,42,0,0.0,0,
2150,41,105,41,0,0.0,0,
2151,74,631,74,0,0.0,0,
2152,52,254,52,0,0.0,0,
2153,62,664,62,0,0.0,0,
2154,44,1432,44,0,0.0,0,
2155,57,1290,57,0,0.0,0,
2156,42,265,42,0,0.0,0,
2157,65,708,65,0,0.0,0,
2158,37,328,37,0,0.0,0,
2159,39,211,39,0,0.0,0,
215,60,198,60,0,0.0,0,
2160,71,423,71,0,0.0,0,
2161,54,686,54,0,0.0,0,
2162,62,326,62,0,0.0,0,
2163,58,217,58,0,0.0,0,
2164,49,154,49,0,0.0,0,
2165,47,233,47,0,0.0,0,
2166,49,499,49,0,0.0,0,
2167,59,323,59,0,0.0,0,
2168,66,272,66,0,0.0,0,
2169,43,608,43,0,0.0,0,
216,36,286,36,0,0.0,0,
2170,44,209,44,0,0.0,0,
2171,55,272,55,0,0.0,0,
2172,52,131,52,0,0.0,0,
2173,56,416,56,0,0.0,0,
2174,69,475,66,3,0.043478260869565216,0,A_171 A_399 A_412
2175,30,264,30,0,0.0,0,
2176,61,208,61,0,0.0,0,
2177,62,437,62,0,0.0,0,
2178,60,1456,60,0,0.0,0,
2179,41,939,41,0,0.0,0,
217,51,276,51,0,0.0,0,
2180,45,396,45,0,0.0,0,
2181,48,268,48,0,0.0,0,
2182,15,178,15,0,0.0,0,
2183,67,194,67,0,0.0,0,
2184,40,216,40,0,0.0,0,
2185,35,358,35,0,0.0,0,
2186,43,127,43,0,0.0,0,
2187,49,259,49,0,0.0,0,
2188,54,283,54,0,0.0,0,
2189,49,138,49,0,0.0,0,
218,48,258,48,0,0.0,0,
2190,51,1058,51,0,0.0,0,
2191,72,348,72,0,0.0,0,
2192,37,781,37,0,0.0,0,
2193,55,1317,55,0,0.0,0,
2194,58,281,58,0,0.0,0,
2195,74,207,74,0,0.0,0,
2196,52,134,52,0,0.0,0,
2197,46,1624,46,0,0.0,0,
2198,39,350,39,0,0.0,0,
2199,74,373,74,0,0.0,0,
219,45,1209,45,0,0.0,0,
21,48,202,48,0,0.0,0,
2200,49,430,49,0,0.0,0,
2201,61,277,61,0,0.0,0,
2202,50,433,50,0,0.0,0,
2203,58,779,58,0,0.0,0,
2204,39,241,39,0,0.0,0,
2205,57,3090,57,0,0.0,0,
2206,22,346,22,0,0.0,0,
2207,55,220,55,0,0.0,0,
2208,22,40,22,0,0.0,0,
2209,49,198,49,0,0.0,0,
220,57,494,57,0,0.0,0,
2210,29,195,29,0,0.0,0,
2211,47,526,47,0,0.0,0,
2212,33,339,33,0,0.0,0,
2213,63,460,63,0,0.0,0,
2214,43,546,43,0,0.0,0,
2215,46,1460,46,0,0.0,0,
2216,35,52,35,0,0.0,0,
2217,44,81,44,0,0.0,0,
2218,57,400,57,0,0.0,0,
2219,62,810,62,0,0.0,0,
221,40,443,40,0,0.0,0,
2220,53,838,53,0,0.0,0,
2221,51,549,51,0,0.0,0,
2222,54,257,54,0,0.0,0,
2223,47,370,47,0,0.0,0,
2224,61,109,61,0,0.0,0,
2225,52,161,52,0,0.0,0,
2226,73,544,73,0,0.0,0,
2227,51,1456,51,0,0.0,0,
2228,99,374,99,0,0.0,0,
2229,42,1107,42,0,0.0,0,
222,61,330,61,0,0.0,0,
2230,38,55,38,0,0.0,0,
2231,49,223,49,0,0.0,0,
2232,51,383,51,0,0.0,0,
2233,49,115,49,0,0.0,0,
2234,33,121,33,0,0.0,0,
2235,52,716,52,0,0.0,0,
2236,34,124,34,0,0.0,0,
2237,30,310,28,2,0.06666666666666667,0,A_259 A_260
2238,53,284,53,0,0.0,0,
2239,63,198,63,0,0.0,0,
223,41,269,41,0,0.0,0,
2240,47,223,47,0,0.0,0,
2241,57,303,57,0,0.0,0,
2242,54,166,54,0,0.0,0,
2243,86,374,86,0,0.0,0,
2244,29,847,29,0,0.0,0,
2245,60,304,60,0,0.0,0,
2246,64,228,64,0,0.0,0,
2247,25,145,25,0,0.0,0,
2248,27,210,27,0,0.0,0,
2249,69,325,69,0,0.0,0,
224,69,1618,68,1,0.014492753623188406,0,A_680
2250,53,332,53,0,0.0,0,
2251,50,134,50,0,0.0,0,
2252,67,337,67,0,0.0,0,
2253,53,258,53,0,0.0,0,
2254,41,342,41,0,0.0,0,
2255,69,342,68,1,0.014492753623188406,0,A_969
2256,111,815,111,0,0.0,0,
2257,68,198,68,0,0.0,0,
2258,40,386,40,0,0.0,0,
2259,66,942,66,0,0.0,0,
225,17,80,17,0,0.0,0,
2260,25,678,25,0,0.0,0,
2261,38,395,38,0,0.0,0,
2262,65,349,64,1,0.015384615384615385,0,A_197
2263,73,487,73,0,0.0,0,
2264,46,316,46,0,0.0,0,
2265,68,235,68,0,0.0,0,
2266,52,164,52,0,0.0,0,
2267,44,258,44,0,0.0,0,
2268,61,379,61,0,0.0,0,
2269,56,337,56,0,0.0,0,
226,68,497,68,0,0.0,0,
2270,31,581,31,0,0.0,0,
2271,35,165,35,0,0.0,0,
2272,39,105,39,0,0.0,0,
2273,74,545,74,0,0.0,0,
2274,32,300,32,0,0.0,0,
2275,57,564,57,0,0.0,0,
2276,35,4292,35,0,0.0,0,
2277,37,260,37,0,0.0,0,
2278,62,290,62,0,0.0,0,
2279,48,208,48,0,0.0,0,
227,47,349,47,0,0.0,0,
2280,40,312,40,0,0.0,0,
2281,37,127,37,0,0.0,0,
2282,49,420,49,0,0.0,0,
2283,48,336,48,0,0.0,0,
2284,47,912,47,0,0.0,0,
2285,37,137,37,0,0.0,0,
2286,65,245,65,0,0.0,0,
2287,40,366,40,0,0.0,0,
2288,44,223,44,0,0.0,0,
2289,50,519,49,1,0.02,0,B_108
228,43,998,43,0,0.0,0,
2290,46,601,46,0,0.0,0,
2291,55,562,55,0,0.0,0,
2292,42,259,42,0,0.0,0,
2293,43,165,43,0,0.0,0,
2294,61,667,61,0,0.0,0,
2295,54,790,54,0,0.0,0,
2296,46,79,46,0,0.0,0,
2297,32,358,32,0,0.0,0,
2298,32,232,32,0,0.0,0,
2299,74,860,74,0,0.0,0,
229,58,218,58,0,0.0,0,
22,52,278,52,0,0.0,0,
2300,42,263,42,0,0.0,0,
2301,42,164,42,0,0.0,0,
2302,57,153,57,0,0.0,0,
2303,41,432,41,0,0.0,0,
2304,48,936,48,0,0.0,0,
2305,40,256,40,0,0.0,0,
2306,39,202,39,0,0.0,0,
2307,63,522,63,0,0.0,0,
2308,43,393,43,0,0.0,0,
2309,52,212,52,0,0.0,0,
230,49,1314,49,0,0.0,0,
2310,27,244,27,0,0.0,0,
2311,61,353,61,0,0.0,0,
2312,37,977,37,0,0.0,0,
2313,56,636,56,0,0.0,0,
2314,52,376,52,0,0.0,0,
2315,74,410,71,3,0.04054054054054054,0,A_203 A_39 A_79
2316,23,467,23,0,0.0,0,
2317,51,888,51,0,0.0,0,
2318,40,248,40,0,0.0,0,
2319,67,245,67,0,0.0,0,
231,33,107,33,0,0.0,0,
2320,48,295,48,0,0.0,0,
2321,40,1142,40,0,0.0,0,
2322,84,730,84,0,0.0,0,
2323,33,138,33,0,0.0,0,
2324,28,58,28,0,0.0,0,
2325,38,87,38,0,0.0,0,
2326,70,243,70,0,0.0,0,
2327,25,56,25,0,0.0,0,
2328,13,131,13,0,0.0,0,
2329,52,2140,52,0,0.0,0,
232,28,721,28,0,0.0,0,
2330,58,284,58,0,0.0,0,
2331,33,94,33,0,0.0,0,
2332,39,297,39,0,0.0,0,
2333,59,264,59,0,0.0,0,
2334,50,452,50,0,0.0,0,
2335,34,1232,34,0,0.0,0,
2336,57,433,57,0,0.0,0,
2337,37,145,37,0,0.0,0,
2338,40,684,40,0,0.0,0,
2339,49,534,49,0,0.0,0,
233,39,488,39,0,0.0,0,
2340,56,516,56,0,0.0,0,
2341,45,192,45,0,0.0,0,
2342,54,427,54,0,0.0,0,
2343,63,884,63,0,0.0,0,
2344,93,375,93,0,0.0,0,
2345,57,652,57,0,0.0,0,
2346,36,271,36,0,0.0,0,
2347,55,240,55,0,0.0,0,
2348,50,889,50,0,0.0,0,
2349,49,287,49,0,0.0,0,
234,46,427,46,0,0.0,0,
2350,64,288,64,0,0.0,0,
2351,57,466,57,0,0.0,0,
2352,54,151,54,0,0.0,0,
2353,38,66,38,0,0.0,0,
2354,64,838,64,0,0.0,0,
2355,40,386,40,0,0.0,0,
2356,45,298,45,0,0.0,0,
2357,37,546,37,0,0.0,0,
2358,50,736,50,0,0.0,0,
2359,52,805,52,0,0.0,0,
235,45,350,45,0,0.0,0,
2360,47,460,47,0,0.0,0,
2361,30,2098,30,0,0.0,0,
2362,41,258,41,0,0.0,0,
2363,51,462,51,0,0.0,0,
2364,48,581,48,0,0.0,0,
2365,50,262,50,0,0.0,0,
2366,64,193,64,0,0.0,0,
2367,46,181,46,0,0.0,0,
2368,38,429,38,0,0.0,0,
2369,48,366,48,0,0.0,0,
236,40,291,40,0,0.0,0,
2370,61,286,61,0,0.0,0,
2371,47,521,47,0,0.0,0,
2372,34,137,34,0,0.0,0,
2373,42,525,42,0,0.0,0,
2374,51,277,51,0,0.0,0,
2375,63,408,63,0,0.0,0,
2376,62,241,62,0,0.0,0,
2377,53,470,53,0,0.0,0,
2378,50,263,50,0,0.0,0,
2379,38,54,38,0,0.0,0,
237,54,342,53,1,0.018518518518518517,0,A_197
2380,31,223,31,0,0.0,0,
2381,55,228,55,0,0.0,0,
2382,61,283,61,0,0.0,0,
2383,43,458,43,0,0.0,0,
2384,53,287,53,0,0.0,0,
2385,55,1660,55,0,0.0,0,
2386,43,463,43,0,0.0,0,
2387,50,553,50,0,0.0,0,
2388,54,159,54,0,0.0,0,
2389,63,335,63,0,0.0,0,
238,51,137,51,0,0.0,0,
2390,52,273,52,0,0.0,0,
2391,49,805,49,0,0.0,0,
2392,44,272,44,0,0.0,0,
2393,47,670,47,0,0.0,0,
2394,31,116,31,0,0.0,0,
2395,63,563,63,0,0.0,0,
2396,41,584,41,0,0.0,0,
2397,43,358,43,0,0.0,0,
2398,42,142,42,0,0.0,0,
2399,45,448,45,0,0.0,0,
239,51,532,51,0,0.0,0,
23,66,198,66,0,0.0,0,
2400,60,214,60,0,0.0,0,
2401,38,193,38,0,0.0,0,
2402,39,342,39,0,0.0,0,
2403,66,375,66,0,0.0,0,
2404,64,512,64,0,0.0,0,
2405,46,464,46,0,0.0,0,
2406,43,263,43,0,0.0,0,
2407,52,753,52,0,0.0,0,
2408,49,858,49,0,0.0,0,
2409,102,450,102,0,0.0,0,
240,50,270,50,0,0.0,0,
2410,39,321,39,0,0.0,0,
2411,48,167,48,0,0.0,0,
2412,43,263,43,0,0.0,0,
2413,59,385,59,0,0.0,0,
2414,52,652,52,0,0.0,0,
2415,52,350,50,2,0.038461538461538464,0,A_138 A_145
2416,38,110,38,0,0.0,0,
2417,45,653,45,0,0.0,0,
2418,46,1556,46,0,0.0,0,
2419,60,518,60,0,0.0,0,
241,63,1618,62,1,0.015873015873015872,0,A_680
2420,51,1460,51,0,0.0,0,
2421,48,607,48,0,0.0,0,
2422,55,121,55,0,0.0,0,
2423,65,1668,65,0,0.0,0,
2424,62,345,62,0,0.0,0,
2425,49,214,49,0,0.0,0,
2426,36,138,36,0,0.0,0,
2427,67,551,67,0,0.0,0,
2428,44,257,44,0,0.0,0,
2429,53,391,53,0,0.0,0,
242,74,563,74,0,0.0,0,
2430,65,243,65,0,0.0,0,
2431,59,411,59,0,0.0,0,
2432,60,678,60,0,0.0,0,
2433,55,642,55,0,0.0,0,
2434,20,282,20,0,0.0,0,
2435,61,1618,60,1,0.01639344262295082,0,A_680
2436,39,128,39,0,0.0,0,
2437,47,685,47,0,0.0,0,
2438,53,410,53,0,0.0,0,
2439,63,280,63,0,0.0,0,
243,23,847,23,0,0.0,0,
2440,61,452,61,0,0.0,0,
2441,53,428,53,0,0.0,0,
2442,32,238,32,0,0.0,0,
2443,45,182,45,0,0.0,0,
2444,47,329,47,0,0.0,0,
2445,29,316,29,0,0.0,0,
2446,48,279,48,0,0.0,0,
2447,73,203,73,0,0.0,0,
2448,28,1310,28,0,0.0,0,
2449,42,776,42,0,0.0,0,
244,48,462,48,0,0.0,0,
2450,62,255,62,0,0.0,0,
2451,73,280,73,0,0.0,0,
2452,49,560,49,0,0.0,0,
2453,62,995,62,0,0.0,0,
2454,54,316,54,0,0.0,0,
2455,40,247,40,0,0.0,0,
2456,40,231,40,0,0.0,0,
2457,72,323,72,0,0.0,0,
2458,39,127,39,0,0.0,0,
2459,42,90,42,0,0.0,0,
245,46,171,46,0,0.0,0,
2460,51,632,51,0,0.0,0,
2461,59,453,59,0,0.0,0,
2462,65,448,65,0,0.0,0,
2463,47,984,47,0,0.0,0,
2464,47,441,47,0,0.0,0,
2465,51,264,51,0,0.0,0,
2466,52,262,52,0,0.0,0,
2467,66,1612,65,1,0.015151515151515152,0,A_680
2468,56,530,56,0,0.0,0,
2469,59,1610,59,0,0.0,0,
246,53,174,53,0,0.0,0,
2470,34,126,34,0,0.0,0,
2471,57,286,57,0,0.0,0,
2472,27,67,27,0,0.0,0,
2473,45,652,45,0,0.0,0,
2474,38,117,38,0,0.0,0,
2475,80,330,80,0,0.0,0,
2476,58,331,58,0,0.0,0,
2477,39,397,39,0,0.0,0,
2478,43,582,43,0,0.0,0,
2479,50,358,50,0,0.0,0,
247,53,246,53,0,0.0,0,
2480,51,223,51,0,0.0,0,
2481,44,370,44,0,0.0,0,
2482,63,371,63,0,0.0,0,
2483,44,687,44,0,0.0,0,
2484,57,563,57,0,0.0,0,
2485,54,282,54,0,0.0,0,
2486,60,154,60,0,0.0,0,
2487,56,413,56,0,0.0,0,
2488,37,145,37,0,0.0,0,
2489,44,333,44,0,0.0,0,
248,83,373,83,0,0.0,0,
2490,40,251,40,0,0.0,0,
2491,60,191,60,0,0.0,0,
2492,53,368,53,0,0.0,0,
2493,49,390,49,0,0.0,0,
2494,53,158,53,0,0.0,0,
2495,31,504,31,0,0.0,0,
2496,43,124,43,0,0.0,0,
2497,46,556,46,0,0.0,0,
2498,50,340,50,0,0.0,0,
2499,54,949,54,0,0.0,0,
249,50,285,50,0,0.0,0,
24,49,428,49,0,0.0,0,
2500,89,369,89,0,0.0,0,
2501,44,226,44,0,0.0,0,
2502,54,1317,54,0,0.0,0,
2503,38,456,38,0,0.0,0,
2504,50,799,50,0,0.0,0,
2505,36,490,36,0,0.0,0,
2506,38,285,38,0,0.0,0,
2507,50,179,50,0,0.0,0,
2508,72,434,71,1,0.013888888888888888,0,A_198
2509,20,849,20,0,0.0,0,
250,23,153,23,0,0.0,0,
2510,47,530,47,0,0.0,0,
2511,32,649,32,0,0.0,0,
2512,64,198,64,0,0.0,0,
2513,55,728,55,0,0.0,0,
2514,45,597,45,0,0.0,0,
2515,47,327,47,0,0.0,0,
2516,43,1374,43,0,0.0,0,
2517,27,346,27,0,0.0,0,
2518,71,225,71,0,0.0,0,
2519,53,281,53,0,0.0,0,
251,51,213,51,0,0.0,0,
2520,53,733,53,0,0.0,0,
2521,72,228,72,0,0.0,0,
2522,50,300,50,0,0.0,0,
2523,33,158,33,0,0.0,0,
2524,61,186,61,0,0.0,0,
2525,31,194,31,0,0.0,0,
2526,37,541,37,0,0.0,0,
2527,55,995,55,0,0.0,0,
2528,54,995,54,0,0.0,0,
2529,61,456,61,0,0.0,0,
252,62,384,62,0,0.0,0,
2530,61,248,61,0,0.0,0,
2531,36,109,36,0,0.0,0,
2532,61,276,61,0,0.0,0,
2533,39,454,39,0,0.0,0,
2534,42,899,42,0,0.0,0,
2535,69,198,69,0,0.0,0,
2536,79,716,79,0,0.0,0,
2537,26,56,26,0,0.0,0,
2538,45,262,45,0,0.0,0,
2539,63,768,63,0,0.0,0,
253,29,800,29,0,0.0,0,
2540,54,337,54,0,0.0,0,
2541,46,820,46,0,0.0,0,
2542,48,606,48,0,0.0,0,
2543,54,272,54,0,0.0,0,
2544,49,258,49,0,0.0,0,
2545,45,272,45,0,0.0,0,
2546,67,198,67,0,0.0,0,
2547,65,198,65,0,0.0,0,
2548,100,389,100,0,0.0,0,
2549,51,287,51,0,0.0,0,
254,42,355,42,0,0.0,0,
2550,32,196,32,0,0.0,0,
2551,50,128,50,0,0.0,0,
2552,48,456,48,0,0.0,0,
2553,45,180,45,0,0.0,0,
2554,54,214,54,0,0.0,0,
2555,56,265,56,0,0.0,0,
2556,60,863,60,0,0.0,0,
2557,56,214,56,0,0.0,0,
2558,31,97,31,0,0.0,0,
2559,28,138,28,0,0.0,0,
255,48,686,48,0,0.0,0,
2560,41,993,41,0,0.0,0,
2561,43,164,43,0,0.0,0,
2562,34,101,34,0,0.0,0,
2563,42,493,42,0,0.0,0,
2564,66,198,66,0,0.0,0,
2565,42,276,42,0,0.0,0,
2566,41,393,41,0,0.0,0,
2567,45,1220,45,0,0.0,0,
2568,71,331,71,0,0.0,0,
2569,57,458,57,0,0.0,0,
256,45,344,45,0,0.0,0,
2570,55,263,55,0,0.0,0,
2571,51,678,51,0,0.0,0,
2572,61,238,61,0,0.0,0,
2573,61,2148,60,1,0.01639344262295082,0,A_343
2574,57,573,57,0,0.0,0,
2575,39,289,39,0,0.0,0,
2576,44,178,44,0,0.0,0,
2577,47,528,47,0,0.0,0,
2578,36,123,36,0,0.0,0,
2579,52,287,52,0,0.0,0,
257,39,572,39,0,0.0,0,
2580,53,261,53,0,0.0,0,
2581,51,200,51,0,0.0,0,
2582,57,434,57,0,0.0,0,
2583,48,471,48,0,0.0,0,
2584,40,265,40,0,0.0,0,
2585,50,257,50,0,0.0,0,
2586,43,354,43,0,0.0,0,
2587,47,257,47,0,0.0,0,
2588,49,433,49,0,0.0,0,
2589,51,938,51,0,0.0,0,
258,36,896,36,0,0.0,0,
2590,46,1456,46,0,0.0,0,
2591,41,230,41,0,0.0,0,
2592,40,277,40,0,0.0,0,
2593,51,335,51,0,0.0,0,
2594,58,286,58,0,0.0,0,
2595,51,273,51,0,0.0,0,
2596,55,256,55,0,0.0,0,
2597,44,258,44,0,0.0,0,
2598,39,283,39,0,0.0,0,
2599,55,170,55,0,0.0,0,
259,38,223,38,0,0.0,0,
25,37,613,37,0,0.0,0,
2600,66,338,66,0,0.0,0,
2601,72,281,72,0,0.0,0,
2602,71,517,71,0,0.0,0,
2603,102,376,102,0,0.0,0,
2604,76,377,76,0,0.0,0,
2605,33,833,33,0,0.0,0,
2606,14,435,14,0,0.0,0,
2607,47,298,47,0,0.0,0,
2608,55,968,55,0,0.0,0,
2609,25,212,25,0,0.0,0,
260,37,115,37,0,0.0,0,
2610,64,238,64,0,0.0,0,
2611,46,223,46,0,0.0,0,
2612,43,438,43,0,0.0,0,
2613,26,329,26,0,0.0,0,
2614,55,131,55,0,0.0,0,
2615,51,509,51,0,0.0,0,
2616,47,304,47,0,0.0,0,
2617,41,214,41,0,0.0,0,
2618,30,82,30,0,0.0,0,
2619,53,579,53,0,0.0,0,
261,56,279,56,0,0.0,0,
2620,51,258,51,0,0.0,0,
2621,44,1668,44,0,0.0,0,
2622,51,1560,51,0,0.0,0,
2623,47,889,47,0,0.0,0,
2624,63,943,63,0,0.0,0,
2625,37,154,37,0,0.0,0,
2626,70,487,70,0,0.0,0,
2627,49,219,49,0,0.0,0,
2628,64,291,64,0,0.0,0,
2629,50,330,50,0,0.0,0,
262,33,134,33,0,0.0,0,
2630,45,140,45,0,0.0,0,
2631,53,998,53,0,0.0,0,
2632,40,181,40,0,0.0,0,
2633,59,287,59,0,0.0,0,
2634,48,252,48,0,0.0,0,
2635,61,220,61,0,0.0,0,
2636,59,889,59,0,0.0,0,
2637,59,803,59,0,0.0,0,
2638,37,404,37,0,0.0,0,
2639,56,240,56,0,0.0,0,
263,21,165,21,0,0.0,0,
2640,36,504,36,0,0.0,0,
2641,50,223,50,0,0.0,0,
2642,66,198,66,0,0.0,0,
2643,45,501,45,0,0.0,0,
2644,56,272,56,0,0.0,0,
2645,57,514,57,0,0.0,0,
2646,42,845,42,0,0.0,0,
2647,48,1456,48,0,0.0,0,
2648,32,485,32,0,0.0,0,
2649,36,484,35,1,0.027777777777777776,0,A_73
264,47,330,47,0,0.0,0,
2650,43,287,43,0,0.0,0,
2651,58,1177,58,0,0.0,0,
2652,73,398,73,0,0.0,0,
2653,23,820,23,0,0.0,0,
2654,46,435,46,0,0.0,0,
2655,57,285,57,0,0.0,0,
2656,58,516,58,0,0.0,0,
2657,70,198,70,0,0.0,0,
2658,50,296,50,0,0.0,0,
2659,40,443,40,0,0.0,0,
265,57,455,57,0,0.0,0,
2660,55,213,55,0,0.0,0,
2661,45,214,45,0,0.0,0,
2662,57,786,57,0,0.0,0,
2663,52,1374,52,0,0.0,0,
2664,76,1796,76,0,0.0,0,
2665,51,329,51,0,0.0,0,
2666,59,884,59,0,0.0,0,
2667,60,305,60,0,0.0,0,
2668,74,428,74,0,0.0,0,
2669,33,157,33,0,0.0,0,
266,44,678,44,0,0.0,0,
2670,45,169,45,0,0.0,0,
2671,66,235,66,0,0.0,0,
2672,39,356,39,0,0.0,0,
2673,52,213,52,0,0.0,0,
2674,60,759,60,0,0.0,0,
2675,56,491,56,0,0.0,0,
2676,50,422,50,0,0.0,0,
2677,74,644,74,0,0.0,0,
2678,60,1454,60,0,0.0,0,
2679,44,123,44,0,0.0,0,
267,55,211,55,0,0.0,0,
2680,58,422,58,0,0.0,0,
2681,35,126,35,0,0.0,0,
2682,43,321,43,0,0.0,0,
2683,30,212,30,0,0.0,0,
2684,41,120,41,0,0.0,0,
2685,59,285,59,0,0.0,0,
2686,38,874,38,0,0.0,0,
2687,39,1068,39,0,0.0,0,
2688,53,287,53,0,0.0,0,
2689,63,557,63,0,0.0,0,
268,61,349,61,0,0.0,0,
2690,55,213,55,0,0.0,0,
2691,66,339,66,0,0.0,0,
2692,52,257,52,0,0.0,0,
2693,39,99,39,0,0.0,0,
2694,64,252,64,0,0.0,0,
2695,47,384,47,0,0.0,0,
2696,56,285,56,0,0.0,0,
2697,46,688,46,0,0.0,0,
2698,48,227,48,0,0.0,0,
2699,33,154,33,0,0.0,0,
269,32,150,32,0,0.0,0,
26,35,232,35,0,0.0,0,
2700,64,349,64,0,0.0,0,
2701,48,335,48,0,0.0,0,
2702,53,1130,53,0,0.0,0,
2703,11,192,11,0,0.0,0,
2704,68,716,68,0,0.0,0,
2705,54,279,54,0,0.0,0,
2706,53,238,53,0,0.0,0,
2707,41,349,41,0,0.0,0,
2708,65,238,65,0,0.0,0,
2709,67,538,67,0,0.0,0,
270,57,263,57,0,0.0,0,
2710,74,730,74,0,0.0,0,
2711,39,270,39,0,0.0,0,
2712,70,372,70,0,0.0,0,
2713,34,109,34,0,0.0,0,
2714,49,258,49,0,0.0,0,
2715,47,828,47,0,0.0,0,
2716,42,153,42,0,0.0,0,
2717,57,1298,57,0,0.0,0,
2718,36,772,36,0,0.0,0,
2719,53,291,53,0,0.0,0,
271,44,424,44,0,0.0,0,
2720,53,257,53,0,0.0,0,
2721,61,329,61,0,0.0,0,
2722,38,256,38,0,0.0,0,
2723,36,231,36,0,0.0,0,
2724,53,924,53,0,0.0,0,
2725,57,287,57,0,0.0,0,
2726,43,265,43,0,0.0,0,
2727,55,452,55,0,0.0,0,
2728,61,1054,61,0,0.0,0,
2729,67,1603,67,0,0.0,0,
272,49,271,49,0,0.0,0,
2730,42,489,42,0,0.0,0,
2731,71,432,71,0,0.0,0,
2732,68,1267,68,0,0.0,0,
2733,36,399,36,0,0.0,0,
2734,53,290,53,0,0.0,0,
2735,36,122,36,0,0.0,0,
2736,53,260,53,0,0.0,0,
2737,66,198,66,0,0.0,0,
2738,55,258,55,0,0.0,0,
2739,64,328,64,0,0.0,0,
273,44,250,44,0,0.0,0,
2740,45,263,45,0,0.0,0,
2741,30,116,30,0,0.0,0,
2742,61,848,56,5,0.08196721311475409,0,A_103 A_256 A_259 A_368 A_374
2743,52,111,52,0,0.0,0,
2744,50,1026,50,0,0.0,0,
2745,30,700,30,0,0.0,0,
2746,51,258,51,0,0.0,0,
2747,63,237,63,0,0.0,0,
2748,48,386,48,0,0.0,0,
2749,40,82,40,0,0.0,0,
274,55,286,55,0,0.0,0,
2750,61,468,61,0,0.0,0,
2751,58,354,58,0,0.0,0,
2752,41,217,41,0,0.0,0,
2753,34,101,34,0,0.0,0,
2754,52,557,52,0,0.0,0,
2755,56,337,56,0,0.0,0,
2756,40,1287,40,0,0.0,0,
2757,46,343,46,0,0.0,0,
2758,32,138,32,0,0.0,0,
2759,48,135,48,0,0.0,0,
275,43,424,43,0,0.0,0,
2760,70,198,70,0,0.0,0,
2761,42,668,42,0,0.0,0,
2762,54,307,54,0,0.0,0,
2763,31,232,29,2,0.06451612903225806,0,A_1020 A_863
2764,29,135,29,0,0.0,0,
2765,34,119,34,0,0.0,0,
2766,59,255,59,0,0.0,0,
2767,48,254,48,0,0.0,0,
2768,54,293,54,0,0.0,0,
2769,53,402,53,0,0.0,0,
276,55,507,55,0,0.0,0,
2770,60,375,60,0,0.0,0,
2771,42,127,42,0,0.0,0,
2772,66,198,66,0,0.0,0,
2773,46,312,46,0,0.0,0,
2774,34,217,34,0,0.0,0,
2775,47,127,47,0,0.0,0,
2776,62,822,62,0,0.0,0,
2777,51,263,51,0,0.0,0,
2778,58,238,58,0,0.0,0,
2779,31,172,31,0,0.0,0,
277,66,240,66,0,0.0,0,
2780,53,435,53,0,0.0,0,
2781,35,126,35,0,0.0,0,
2782,59,423,59,0,0.0,0,
2783,42,211,42,0,0.0,0,
2784,45,477,45,0,0.0,0,
2785,33,371,33,0,0.0,0,
2786,39,158,39,0,0.0,0,
2787,43,99,43,0,0.0,0,
2788,47,498,47,0,0.0,0,
2789,46,403,46,0,0.0,0,
278,32,130,32,0,0.0,0,
2790,53,372,53,0,0.0,0,
2791,52,927,52,0,0.0,0,
2792,64,335,64,0,0.0,0,
2793,47,745,47,0,0.0,0,
2794,46,358,46,0,0.0,0,
2795,52,394,52,0,0.0,0,
2796,33,266,33,0,0.0,0,
2797,54,300,54,0,0.0,0,
2798,52,279,52,0,0.0,0,
2799,47,402,47,0,0.0,0,
279,33,127,33,0,0.0,0,
27,62,295,62,0,0.0,0,
2800,61,385,61,0,0.0,0,
2801,47,605,47,0,0.0,0,
2802,61,606,61,0,0.0,0,
2803,52,348,52,0,0.0,0,
2804,55,320,55,0,0.0,0,
2805,36,89,36,0,0.0,0,
2806,102,1388,102,0,0.0,0,
2807,15,256,15,0,0.0,0,
2808,56,368,56,0,0.0,0,
2809,43,1068,43,0,0.0,0,
280,36,60,36,0,0.0,0,
2810,52,223,52,0,0.0,0,
2811,50,294,50,0,0.0,0,
2812,54,452,54,0,0.0,0,
2813,60,230,60,0,0.0,0,
2814,53,952,53,0,0.0,0,
2815,29,213,29,0,0.0,0,
2816,45,142,45,0,0.0,0,
2817,57,297,57,0,0.0,0,
2818,49,810,49,0,0.0,0,
2819,49,520,49,0,0.0,0,
281,53,228,53,0,0.0,0,
2820,43,296,43,0,0.0,0,
2821,61,502,61,0,0.0,0,
2822,47,287,47,0,0.0,0,
2823,29,113,29,0,0.0,0,
2824,33,313,33,0,0.0,0,
2825,57,223,57,0,0.0,0,
2826,54,184,52,2,0.037037037037037035,0,A_43 A_46
2827,53,740,53,0,0.0,0,
2828,45,181,45,0,0.0,0,
2829,50,540,50,0,0.0,0,
282,55,247,55,0,0.0,0,
2830,65,243,65,0,0.0,0,
2831,43,514,43,0,0.0,0,
2832,38,127,38,0,0.0,0,
2833,47,462,47,0,0.0,0,
2834,31,258,31,0,0.0,0,
2835,35,412,35,0,0.0,0,
2836,43,240,43,0,0.0,0,
2837,57,607,57,0,0.0,0,
2838,25,188,25,0,0.0,0,
2839,28,456,28,0,0.0,0,
283,68,357,68,0,0.0,0,
2840,38,168,38,0,0.0,0,
2841,64,267,64,0,0.0,0,
2842,52,276,52,0,0.0,0,
2843,16,180,16,0,0.0,0,
2844,55,1451,55,0,0.0,0,
2845,72,530,72,0,0.0,0,
2846,44,102,44,0,0.0,0,
2847,55,515,55,0,0.0,0,
2848,45,223,45,0,0.0,0,
2849,28,624,28,0,0.0,0,
284,49,1100,49,0,0.0,0,
2850,40,418,40,0,0.0,0,
2851,54,297,54,0,0.0,0,
2852,68,297,68,0,0.0,0,
2853,61,468,61,0,0.0,0,
2854,68,498,68,0,0.0,0,
2855,37,165,37,0,0.0,0,
2856,35,900,35,0,0.0,0,
2857,49,357,49,0,0.0,0,
2858,59,510,59,0,0.0,0,
2859,54,1368,54,0,0.0,0,
285,48,259,48,0,0.0,0,
2860,28,264,28,0,0.0,0,
2861,57,546,57,0,0.0,0,
2862,55,806,55,0,0.0,0,
2863,40,357,40,0,0.0,0,
2864,48,257,48,0,0.0,0,
2865,45,513,45,0,0.0,0,
2866,55,300,55,0,0.0,0,
2867,48,344,48,0,0.0,0,
2868,59,512,59,0,0.0,0,
2869,33,68,33,0,0.0,0,
286,50,569,50,0,0.0,0,
2870,39,162,39,0,0.0,0,
2871,56,638,56,0,0.0,0,
2872,33,79,33,0,0.0,0,
2873,39,174,39,0,0.0,0,
2874,47,226,47,0,0.0,0,
2875,50,289,50,0,0.0,0,
2876,58,416,58,0,0.0,0,
2877,57,283,57,0,0.0,0,
2878,55,337,55,0,0.0,0,
2879,48,262,48,0,0.0,0,
287,37,71,37,0,0.0,0,
2880,61,267,61,0,0.0,0,
2881,37,1268,37,0,0.0,0,
2882,37,836,37,0,0.0,0,
2883,51,357,51,0,0.0,0,
2884,48,242,48,0,0.0,0,
2885,82,1706,82,0,0.0,0,
2886,60,291,60,0,0.0,0,
2887,58,276,58,0,0.0,0,
2888,33,216,33,0,0.0,0,
2889,52,362,52,0,0.0,0,
288,54,792,54,0,0.0,0,
2890,28,266,28,0,0.0,0,
2891,50,249,50,0,0.0,0,
2892,56,458,56,0,0.0,0,
2893,41,410,41,0,0.0,0,
2894,50,335,50,0,0.0,0,
2895,48,223,48,0,0.0,0,
2896,59,884,59,0,0.0,0,
2897,47,863,47,0,0.0,0,
2898,43,246,43,0,0.0,0,
2899,34,439,34,0,0.0,0,
289,43,214,43,0,0.0,0,
28,46,358,46,0,0.0,0,
2900,56,289,56,0,0.0,0,
2901,35,253,35,0,0.0,0,
2902,38,395,38,0,0.0,0,
2903,63,1267,63,0,0.0,0,
2904,46,208,46,0,0.0,0,
2905,59,289,59,0,0.0,0,
2906,47,442,47,0,0.0,0,
2907,52,437,52,0,0.0,0,
2908,34,508,34,0,0.0,0,
2909,121,799,121,0,0.0,0,
290,37,644,37,0,0.0,0,
2910,43,518,43,0,0.0,0,
2911,41,872,41,0,0.0,0,
2912,23,500,23,0,0.0,0,
2913,65,223,65,0,0.0,0,
2914,59,468,59,0,0.0,0,
2915,58,273,58,0,0.0,0,
2916,74,432,74,0,0.0,0,
2917,6,309,6,0,0.0,0,
2918,34,124,34,0,0.0,0,
2919,37,123,37,0,0.0,0,
291,43,482,43,0,0.0,0,
2920,24,156,24,0,0.0,0,
2921,49,285,49,0,0.0,0,
2922,71,1392,71,0,0.0,0,
2923,57,819,57,0,0.0,0,
2924,48,497,48,0,0.0,0,
2925,43,686,43,0,0.0,0,
2926,56,258,56,0,0.0,0,
2927,53,391,53,0,0.0,0,
2928,67,265,67,0,0.0,0,
2929,36,1104,36,0,0.0,0,
292,56,285,56,0,0.0,0,
2930,55,479,55,0,0.0,0,
2931,64,412,64,0,0.0,0,
2932,53,295,53,0,0.0,0,
2933,42,436,42,0,0.0,0,
2934,48,880,48,0,0.0,0,
2935,67,198,67,0,0.0,0,
2936,56,157,56,0,0.0,0,
2937,51,245,51,0,0.0,0,
2938,71,429,71,0,0.0,0,
2939,56,269,56,0,0.0,0,
293,49,172,48,1,0.02040816326530612,0,A_120
2940,37,323,37,0,0.0,0,
2941,45,158,45,0,0.0,0,
2942,51,370,51,0,0.0,0,
2943,36,124,36,0,0.0,0,
2944,37,83,37,0,0.0,0,
2945,53,339,53,0,0.0,0,
2946,57,346,57,0,0.0,0,
2947,55,289,55,0,0.0,0,
2948,42,1185,42,0,0.0,0,
2949,57,560,57,0,0.0,0,
294,91,402,91,0,0.0,0,
2950,48,131,48,0,0.0,0,
2951,61,376,61,0,0.0,0,
2952,41,280,41,0,0.0,0,
2953,33,50,33,0,0.0,0,
2954,24,35,24,0,0.0,0,
2955,55,700,55,0,0.0,0,
2956,40,85,40,0,0.0,0,
2957,50,1226,50,0,0.0,0,
2958,53,776,53,0,0.0,0,
2959,35,438,35,0,0.0,0,
295,41,1078,41,0,0.0,0,
2960,67,259,67,0,0.0,0,
2961,37,290,37,0,0.0,0,
2962,55,287,55,0,0.0,0,
2963,41,408,41,0,0.0,0,
2964,50,258,50,0,0.0,0,
2965,34,113,34,0,0.0,0,
2966,50,223,50,0,0.0,0,
2967,56,550,56,0,0.0,0,
2968,42,329,42,0,0.0,0,
2969,37,439,37,0,0.0,0,
296,69,198,69,0,0.0,0,
2970,35,171,35,0,0.0,0,
2971,74,477,74,0,0.0,0,
2972,46,544,46,0,0.0,0,
2973,46,159,46,0,0.0,0,
2974,36,286,35,1,0.027777777777777776,0,A_518
2975,79,473,79,0,0.0,0,
2976,48,514,48,0,0.0,0,
2977,86,624,86,0,0.0,0,
2978,47,280,47,0,0.0,0,
2979,46,1552,46,0,0.0,0,
297,33,427,31,2,0.06060606060606061,0,A_111 A_113
2980,68,600,68,0,0.0,0,
2981,47,321,47,0,0.0,0,
2982,46,1644,46,0,0.0,0,
2983,30,241,29,1,0.03333333333333333,0,A_73
2984,55,114,55,0,0.0,0,
2985,50,257,50,0,0.0,0,
2986,54,487,54,0,0.0,0,
2987,54,1180,54,0,0.0,0,
2988,52,607,52,0,0.0,0,
2989,25,248,25,0,0.0,0,
298,57,246,57,0,0.0,0,
2990,49,1205,49,0,0.0,0,
2991,71,972,71,0,0.0,0,
2992,31,458,31,0,0.0,0,
2993,33,158,33,0,0.0,0,
2994,49,322,49,0,0.0,0,
2995,48,125,48,0,0.0,0,
2996,52,1060,52,0,0.0,0,
2997,60,351,60,0,0.0,0,
2998,56,1077,56,0,0.0,0,
2999,63,260,63,0,0.0,0,
299,48,360,48,0,0.0,0,
29,36,358,36,0,0.0,0,
2,69,542,69,0,0.0,0,
3000,59,279,59,0,0.0,0,
3001,50,326,50,0,0.0,0,
3002,54,648,54,0,0.0,0,
3003,63,714,63,0,0.0,0,
3004,36,255,36,0,0.0,0,
3005,55,131,55,0,0.0,0,
3006,37,383,37,0,0.0,0,
3007,35,268,35,0,0.0,0,
3008,40,1168,40,0,0.0,0,
3009,52,2576,52,0,0.0,0,
300,40,444,40,0,0.0,0,
3010,37,301,37,0,0.0,0,
3011,56,648,56,0,0.0,0,
3012,48,260,48,0,0.0,0,
3013,46,346,46,0,0.0,0,
3014,60,282,60,0,0.0,0,
3015,21,145,21,0,0.0,0,
3016,43,212,43,0,0.0,0,
3017,58,1458,58,0,0.0,0,
3018,51,716,51,0,0.0,0,
3019,42,118,42,0,0.0,0,
301,45,356,45,0,0.0,0,
3020,56,258,56,0,0.0,0,
3021,52,261,52,0,0.0,0,
3022,53,273,53,0,0.0,0,
3023,48,436,48,0,0.0,0,
3024,54,332,54,0,0.0,0,
3025,68,471,68,0,0.0,0,
3026,76,1992,76,0,0.0,0,
3027,59,163,59,0,0.0,0,
3028,61,446,61,0,0.0,0,
3029,47,717,47,0,0.0,0,
302,38,218,38,0,0.0,0,
3030,27,456,27,0,0.0,0,
3031,79,689,79,0,0.0,0,
3032,50,285,50,0,0.0,0,
3033,58,285,58,0,0.0,0,
3034,65,198,65,0,0.0,0,
3035,38,159,38,0,0.0,0,
3036,47,257,47,0,0.0,0,
3037,58,317,58,0,0.0,0,
3038,48,258,48,0,0.0,0,
3039,57,458,57,0,0.0,0,
303,66,787,66,0,0.0,0,
3040,53,386,53,0,0.0,0,
3041,30,544,30,0,0.0,0,
3042,46,649,46,0,0.0,0,
3043,36,178,36,0,0.0,0,
3044,47,160,47,0,0.0,0,
3045,51,272,51,0,0.0,0,
3046,78,336,78,0,0.0,0,
3047,47,181,47,0,0.0,0,
3048,54,552,54,0,0.0,0,
3049,60,426,60,0,0.0,0,
304,58,216,58,0,0.0,0,
3050,46,326,46,0,0.0,0,
3051,78,373,78,0,0.0,0,
3052,43,253,43,0,0.0,0,
3053,48,822,48,0,0.0,0,
3054,55,303,55,0,0.0,0,
3055,85,375,85,0,0.0,0,
3056,40,510,40,0,0.0,0,
3057,51,253,51,0,0.0,0,
3058,59,357,59,0,0.0,0,
3059,52,953,52,0,0.0,0,
305,42,103,42,0,0.0,0,
3060,44,222,44,0,0.0,0,
3061,64,369,64,0,0.0,0,
3062,52,1096,52,0,0.0,0,
3063,45,123,45,0,0.0,0,
3064,50,191,50,0,0.0,0,
3065,58,377,58,0,0.0,0,
3066,54,695,54,0,0.0,0,
3067,32,330,32,0,0.0,0,
3068,37,429,37,0,0.0,0,
3069,37,112,37,0,0.0,0,
306,41,246,41,0,0.0,0,
3070,39,103,39,0,0.0,0,
3071,51,257,51,0,0.0,0,
3072,56,300,56,0,0.0,0,
3073,58,504,58,0,0.0,0,
3074,49,257,49,0,0.0,0,
3075,54,131,54,0,0.0,0,
3076,29,124,29,0,0.0,0,
3077,40,299,40,0,0.0,0,
3078,33,298,33,0,0.0,0,
3079,68,1304,68,0,0.0,0,
307,38,576,38,0,0.0,0,
3080,34,53,34,0,0.0,0,
3081,39,346,39,0,0.0,0,
3082,27,101,27,0,0.0,0,
3083,37,257,37,0,0.0,0,
3084,53,249,53,0,0.0,0,
3085,47,538,47,0,0.0,0,
3086,60,416,60,0,0.0,0,
3087,49,289,49,0,0.0,0,
3088,39,223,39,0,0.0,0,
3089,75,623,75,0,0.0,0,
308,31,349,31,0,0.0,0,
3090,64,357,64,0,0.0,0,
3091,56,276,56,0,0.0,0,
3092,39,364,39,0,0.0,0,
3093,60,426,60,0,0.0,0,
3094,35,612,35,0,0.0,0,
3095,60,434,60,0,0.0,0,
3096,63,506,63,0,0.0,0,
3097,35,1560,35,0,0.0,0,
3098,68,470,68,0,0.0,0,
3099,44,168,44,0,0.0,0,
309,35,2197,35,0,0.0,0,
30,38,138,38,0,0.0,0,
3100,61,606,61,0,0.0,0,
3101,45,282,45,0,0.0,0,
3102,31,1618,31,0,0.0,0,
3103,48,351,48,0,0.0,0,
3104,55,1646,55,0,0.0,0,
3105,47,272,47,0,0.0,0,
3106,118,807,118,0,0.0,0,
3107,54,942,54,0,0.0,0,
3108,67,138,67,0,0.0,0,
3109,49,615,49,0,0.0,0,
310,60,473,60,0,0.0,0,
3110,48,223,48,0,0.0,0,
3111,46,1034,46,0,0.0,0,
3112,48,272,48,0,0.0,0,
3113,35,276,35,0,0.0,0,
3114,59,1180,59,0,0.0,0,
3115,38,848,38,0,0.0,0,
3116,31,272,31,0,0.0,0,
3117,40,494,40,0,0.0,0,
3118,49,216,49,0,0.0,0,
3119,55,191,55,0,0.0,0,
311,33,231,33,0,0.0,0,
3120,49,488,49,0,0.0,0,
3121,46,260,46,0,0.0,0,
3122,26,532,26,0,0.0,0,
3123,65,376,65,0,0.0,0,
3124,52,223,52,0,0.0,0,
3125,40,301,40,0,0.0,0,
3126,61,335,61,0,0.0,0,
3127,61,154,61,0,0.0,0,
3128,48,520,48,0,0.0,0,
3129,58,292,58,0,0.0,0,
312,69,370,69,0,0.0,0,
3130,36,114,36,0,0.0,0,
3131,30,817,30,0,0.0,0,
3132,74,889,74,0,0.0,0,
3133,19,57,19,0,0.0,0,
3134,50,225,50,0,0.0,0,
3135,51,339,51,0,0.0,0,
3136,50,295,50,0,0.0,0,
3137,38,101,38,0,0.0,0,
3138,27,278,27,0,0.0,0,
3139,56,198,56,0,0.0,0,
313,87,299,87,0,0.0,0,
3140,39,211,39,0,0.0,0,
3141,26,182,26,0,0.0,0,
3142,37,146,37,0,0.0,0,
3143,49,162,49,0,0.0,0,
3144,58,550,58,0,0.0,0,
3145,55,612,55,0,0.0,0,
3146,52,557,52,0,0.0,0,
3147,57,271,57,0,0.0,0,
3148,35,650,35,0,0.0,0,
3149,56,314,56,0,0.0,0,
314,49,426,49,0,0.0,0,
3150,40,240,39,1,0.025,0,A_73
3151,52,309,52,0,0.0,0,
3152,80,632,80,0,0.0,0,
3153,39,129,39,0,0.0,0,
3154,62,460,62,0,0.0,0,
3155,54,464,54,0,0.0,0,
3156,61,292,61,0,0.0,0,
3157,34,1314,34,0,0.0,0,
3158,62,333,61,1,0.016129032258064516,0,A_197
3159,66,198,66,0,0.0,0,
315,29,94,29,0,0.0,0,
3160,53,968,53,0,0.0,0,
3161,50,799,50,0,0.0,0,
3162,51,258,51,0,0.0,0,
3163,53,552,53,0,0.0,0,
3164,46,158,46,0,0.0,0,
3165,46,265,46,0,0.0,0,
3166,19,87,19,0,0.0,0,
3167,70,1178,70,0,0.0,0,
3168,48,261,48,0,0.0,0,
3169,52,1453,52,0,0.0,0,
316,53,223,53,0,0.0,0,
3170,40,1092,40,0,0.0,0,
3171,50,246,50,0,0.0,0,
3172,32,339,32,0,0.0,0,
3173,65,198,65,0,0.0,0,
3174,46,546,46,0,0.0,0,
3175,28,1244,28,0,0.0,0,
3176,6,129,6,0,0.0,0,
3177,40,158,40,0,0.0,0,
3178,69,198,69,0,0.0,0,
3179,38,127,38,0,0.0,0,
317,58,269,58,0,0.0,0,
3180,48,179,48,0,0.0,0,
3181,31,59,31,0,0.0,0,
3182,37,96,37,0,0.0,0,
3183,60,337,60,0,0.0,0,
3184,63,340,63,0,0.0,0,
3185,72,1200,72,0,0.0,0,
3186,53,652,53,0,0.0,0,
3187,32,137,32,0,0.0,0,
3188,77,1067,77,0,0.0,0,
3189,43,642,43,0,0.0,0,
318,51,446,51,0,0.0,0,
3190,53,212,53,0,0.0,0,
3191,51,440,51,0,0.0,0,
3192,59,316,59,0,0.0,0,
3193,38,620,38,0,0.0,0,
3194,54,614,54,0,0.0,0,
3195,45,157,45,0,0.0,0,
3196,41,1015,41,0,0.0,0,
3197,58,430,58,0,0.0,0,
3198,56,287,56,0,0.0,0,
3199,43,257,43,0,0.0,0,
319,50,231,50,0,0.0,0,
31,48,214,48,0,0.0,0,
3200,44,200,44,0,0.0,0,
3201,49,482,49,0,0.0,0,
3202,65,304,65,0,0.0,0,
3203,55,358,55,0,0.0,0,
3204,44,467,44,0,0.0,0,
3205,55,462,55,0,0.0,0,
3206,39,189,39,0,0.0,0,
3207,43,546,43,0,0.0,0,
3208,58,422,58,0,0.0,0,
3209,63,563,63,0,0.0,0,
320,37,54,37,0,0.0,0,
3210,41,598,41,0,0.0,0,
3211,29,728,29,0,0.0,0,
3212,39,360,39,0,0.0,0,
3213,60,423,60,0,0.0,0,
3214,65,457,65,0,0.0,0,
3215,58,386,58,0,0.0,0,
3216,70,1080,70,0,0.0,0,
3217,59,2706,59,0,0.0,0,
3218,39,545,39,0,0.0,0,
3219,27,143,27,0,0.0,0,
321,59,1287,59,0,0.0,0,
3220,49,286,49,0,0.0,0,
3221,50,560,50,0,0.0,0,
3222,70,198,70,0,0.0,0,
3223,53,250,53,0,0.0,0,
3224,44,258,44,0,0.0,0,
3225,65,1035,65,0,0.0,0,
3226,43,684,43,0,0.0,0,
3227,68,198,68,0,0.0,0,
3228,68,374,68,0,0.0,0,
3229,46,236,46,0,0.0,0,
322,47,164,47,0,0.0,0,
3230,48,515,48,0,0.0,0,
3231,33,95,33,0,0.0,0,
3232,44,334,44,0,0.0,0,
3233,40,129,40,0,0.0,0,
3234,38,262,38,0,0.0,0,
3235,60,662,60,0,0.0,0,
3236,48,383,48,0,0.0,0,
3237,41,242,41,0,0.0,0,
3238,61,1364,61,0,0.0,0,
3239,33,71,33,0,0.0,0,
323,52,321,52,0,0.0,0,
3240,41,158,41,0,0.0,0,
3241,45,706,45,0,0.0,0,
3242,40,533,40,0,0.0,0,
3243,43,201,43,0,0.0,0,
3244,33,1310,33,0,0.0,0,
3245,60,1365,60,0,0.0,0,
3246,37,157,37,0,0.0,0,
3247,47,940,47,0,0.0,0,
3248,45,425,45,0,0.0,0,
3249,56,709,56,0,0.0,0,
324,51,358,51,0,0.0,0,
3250,54,710,54,0,0.0,0,
3251,45,337,45,0,0.0,0,
3252,59,492,59,0,0.0,0,
3253,53,830,53,0,0.0,0,
3254,55,1170,55,0,0.0,0,
3255,69,196,69,0,0.0,0,
3256,29,292,29,0,0.0,0,
3257,48,484,48,0,0.0,0,
3258,37,209,37,0,0.0,0,
3259,44,820,44,0,0.0,0,
325,46,2720,46,0,0.0,0,
3260,30,291,30,0,0.0,0,
3261,53,390,53,0,0.0,0,
3262,36,137,36,0,0.0,0,
3263,55,278,55,0,0.0,0,
3264,55,244,55,0,0.0,0,
3265,33,423,33,0,0.0,0,
3266,45,217,45,0,0.0,0,
3267,27,771,27,0,0.0,0,
3268,52,160,52,0,0.0,0,
3269,53,456,53,0,0.0,0,
326,47,264,47,0,0.0,0,
3270,61,532,61,0,0.0,0,
3271,40,144,40,0,0.0,0,
3272,50,719,50,0,0.0,0,
3273,45,436,45,0,0.0,0,
3274,64,257,64,0,0.0,0,
3275,41,166,41,0,0.0,0,
3276,48,825,48,0,0.0,0,
3277,37,104,37,0,0.0,0,
3278,37,312,37,0,0.0,0,
3279,72,613,72,0,0.0,0,
327,86,866,86,0,0.0,0,
3280,57,361,57,0,0.0,0,
3281,45,2040,45,0,0.0,0,
3282,33,1525,33,0,0.0,0,
3283,52,558,52,0,0.0,0,
3284,51,339,51,0,0.0,0,
3285,33,139,33,0,0.0,0,
3286,51,610,51,0,0.0,0,
3287,58,1080,58,0,0.0,0,
3288,43,163,43,0,0.0,0,
3289,51,346,51,0,0.0,0,
328,38,329,38,0,0.0,0,
3290,60,1612,59,1,0.016666666666666666,0,A_680
3291,66,718,66,0,0.0,0,
3292,51,616,51,0,0.0,0,
3293,55,309,55,0,0.0,0,
3294,36,429,36,0,0.0,0,
3295,41,677,41,0,0.0,0,
3296,48,923,48,0,0.0,0,
3297,46,271,46,0,0.0,0,
3298,40,157,40,0,0.0,0,
3299,54,963,54,0,0.0,0,
329,38,357,38,0,0.0,0,
32,55,316,55,0,0.0,0,
3300,35,110,35,0,0.0,0,
3301,50,440,50,0,0.0,0,
3302,49,1380,49,0,0.0,0,
3303,58,289,58,0,0.0,0,
3304,34,828,34,0,0.0,0,
3305,56,277,56,0,0.0,0,
3306,55,1618,55,0,0.0,0,
3307,65,288,65,0,0.0,0,
3308,56,226,56,0,0.0,0,
3309,57,1066,57,0,0.0,0,
330,27,107,27,0,0.0,0,
3310,37,289,37,0,0.0,0,
3311,54,196,54,0,0.0,0,
3312,49,153,49,0,0.0,0,
3313,32,418,32,0,0.0,0,
3314,56,648,56,0,0.0,0,
3315,48,1069,48,0,0.0,0,
3316,36,276,36,0,0.0,0,
3317,52,247,52,0,0.0,0,
3318,62,515,62,0,0.0,0,
3319,43,2491,43,0,0.0,0,
331,55,262,55,0,0.0,0,
3320,35,142,35,0,0.0,0,
3321,60,623,60,0,0.0,0,
3322,69,245,69,0,0.0,0,
3323,40,227,40,0,0.0,0,
3324,69,198,69,0,0.0,0,
3325,52,318,52,0,0.0,0,
3326,39,801,39,0,0.0,0,
3327,57,208,57,0,0.0,0,
3328,43,263,43,0,0.0,0,
3329,62,296,62,0,0.0,0,
332,34,427,34,0,0.0,0,
3330,43,258,43,0,0.0,0,
3331,54,262,54,0,0.0,0,
3332,40,358,40,0,0.0,0,
3333,85,556,85,0,0.0,0,
3334,42,128,42,0,0.0,0,
3335,59,1295,59,0,0.0,0,
3336,37,488,37,0,0.0,0,
3337,43,374,43,0,0.0,0,
3338,50,160,50,0,0.0,0,
3339,54,457,54,0,0.0,0,
333,53,554,53,0,0.0,0,
3340,39,846,39,0,0.0,0,
3341,59,783,59,0,0.0,0,
3342,29,546,29,0,0.0,0,
3343,48,147,48,0,0.0,0,
3344,31,176,31,0,0.0,0,
3345,48,486,48,0,0.0,0,
3346,56,287,56,0,0.0,0,
3347,41,869,41,0,0.0,0,
3348,60,258,60,0,0.0,0,
3349,17,212,17,0,0.0,0,
334,110,816,110,0,0.0,0,
3350,50,272,50,0,0.0,0,
3351,48,728,48,0,0.0,0,
3352,47,256,47,0,0.0,0,
3353,58,364,58,0,0.0,0,
3354,48,275,48,0,0.0,0,
3355,52,279,52,0,0.0,0,
3356,37,308,37,0,0.0,0,
3357,51,266,51,0,0.0,0,
3358,44,272,44,0,0.0,0,
3359,52,733,52,0,0.0,0,
335,78,562,78,0,0.0,0,
3360,35,165,35,0,0.0,0,
3361,54,285,54,0,0.0,0,
3362,37,116,37,0,0.0,0,
3363,57,465,57,0,0.0,0,
3364,56,272,56,0,0.0,0,
3365,39,515,39,0,0.0,0,
3366,47,267,47,0,0.0,0,
3367,47,951,47,0,0.0,0,
3368,53,349,53,0,0.0,0,
3369,33,88,33,0,0.0,0,
336,10,209,10,0,0.0,0,
3370,57,262,57,0,0.0,0,
3371,52,268,52,0,0.0,0,
3372,67,1618,66,1,0.014925373134328358,0,A_680
3373,36,121,36,0,0.0,0,
3374,51,464,51,0,0.0,0,
3375,80,684,80,0,0.0,0,
3376,46,217,46,0,0.0,0,
3377,74,149,74,0,0.0,0,
3378,69,252,69,0,0.0,0,
3379,51,607,51,0,0.0,0,
337,39,416,39,0,0.0,0,
3380,52,335,52,0,0.0,0,
3381,50,280,50,0,0.0,0,
3382,50,846,50,0,0.0,0,
3383,50,1458,50,0,0.0,0,
3384,57,210,57,0,0.0,0,
3385,41,634,41,0,0.0,0,
3386,40,255,40,0,0.0,0,
3387,45,720,45,0,0.0,0,
3388,36,550,36,0,0.0,0,
3389,48,284,45,3,0.0625,0,A_32 A_56 A_78
338,48,431,48,0,0.0,0,
3390,57,307,57,0,0.0,0,
3391,54,472,54,0,0.0,0,
3392,36,121,36,0,0.0,0,
3393,51,1454,51,0,0.0,0,
3394,41,186,41,0,0.0,0,
3395,54,433,54,0,0.0,0,
3396,49,776,49,0,0.0,0,
3397,37,287,37,0,0.0,0,
3398,49,272,49,0,0.0,0,
3399,76,396,76,0,0.0,0,
339,63,333,63,0,0.0,0,
33,45,1015,45,0,0.0,0,
3400,78,379,78,0,0.0,0,
3401,56,284,56,0,0.0,0,
3402,56,406,56,0,0.0,0,
3403,53,258,53,0,0.0,0,
3404,45,318,45,0,0.0,0,
3405,38,228,38,0,0.0,0,
3406,49,738,49,0,0.0,0,
3407,58,577,58,0,0.0,0,
3408,22,214,22,0,0.0,0,
3409,44,104,44,0,0.0,0,
340,59,295,59,0,0.0,0,
3410,43,324,43,0,0.0,0,
3411,56,226,56,0,0.0,0,
3412,49,373,49,0,0.0,0,
3413,67,304,67,0,0.0,0,
3414,52,269,52,0,0.0,0,
3415,27,852,27,0,0.0,0,
3416,53,566,53,0,0.0,0,
3417,29,121,29,0,0.0,0,
3418,37,86,37,0,0.0,0,
3419,67,331,67,0,0.0,0,
341,40,373,40,0,0.0,0,
3420,57,322,57,0,0.0,0,
3421,64,268,64,0,0.0,0,
3422,33,112,33,0,0.0,0,
3423,60,351,60,0,0.0,0,
3424,65,198,65,0,0.0,0,
3425,38,671,38,0,0.0,0,
3426,50,415,50,0,0.0,0,
3427,60,330,60,0,0.0,0,
3428,43,316,43,0,0.0,0,
3429,55,370,55,0,0.0,0,
342,48,339,48,0,0.0,0,
3430,51,522,51,0,0.0,0,
3431,46,292,46,0,0.0,0,
3432,51,642,51,0,0.0,0,
3433,55,208,55,0,0.0,0,
3434,48,582,48,0,0.0,0,
3435,44,128,44,0,0.0,0,
3436,40,280,40,0,0.0,0,
3437,47,348,47,0,0.0,0,
3438,43,381,43,0,0.0,0,
3439,67,142,67,0,0.0,0,
343,74,1056,74,0,0.0,0,
3440,54,223,54,0,0.0,0,
3441,48,276,48,0,0.0,0,
3442,48,462,48,0,0.0,0,
3443,56,254,56,0,0.0,0,
3444,69,329,69,0,0.0,0,
3445,31,102,31,0,0.0,0,
3446,41,296,41,0,0.0,0,
3447,40,269,40,0,0.0,0,
3448,44,258,44,0,0.0,0,
3449,58,585,58,0,0.0,0,
344,60,462,60,0,0.0,0,
3450,45,179,45,0,0.0,0,
3451,35,74,35,0,0.0,0,
3452,47,546,47,0,0.0,0,
3453,60,292,60,0,0.0,0,
3454,68,281,68,0,0.0,0,
3455,55,462,55,0,0.0,0,
3456,50,296,50,0,0.0,0,
3457,43,2384,43,0,0.0,0,
3458,67,198,67,0,0.0,0,
3459,34,313,34,0,0.0,0,
345,69,328,69,0,0.0,0,
3460,92,182,92,0,0.0,0,
3461,48,489,48,0,0.0,0,
3462,56,247,56,0,0.0,0,
3463,32,361,32,0,0.0,0,
3464,38,398,38,0,0.0,0,
3465,39,145,39,0,0.0,0,
3466,32,79,32,0,0.0,0,
3467,53,304,53,0,0.0,0,
3468,47,245,47,0,0.0,0,
3469,27,135,27,0,0.0,0,
346,44,448,44,0,0.0,0,
3470,65,198,65,0,0.0,0,
3471,58,316,58,0,0.0,0,
3472,48,285,48,0,0.0,0,
3473,4,76,4,0,0.0,0,
3474,67,262,67,0,0.0,0,
3475,37,342,37,0,0.0,0,
3476,40,227,40,0,0.0,0,
3477,52,456,52,0,0.0,0,
3478,49,183,49,0,0.0,0,
3479,56,256,56,0,0.0,0,
347,45,147,45,0,0.0,0,
3480,36,329,36,0,0.0,0,
3481,52,396,52,0,0.0,0,
3482,51,393,51,0,0.0,0,
3483,57,299,57,0,0.0,0,
3484,46,500,46,0,0.0,0,
3485,48,1454,48,0,0.0,0,
3486,44,360,44,0,0.0,0,
3487,50,268,50,0,0.0,0,
3488,35,1555,35,0,0.0,0,
3489,43,1318,43,0,0.0,0,
348,50,1451,50,0,0.0,0,
3490,63,198,63,0,0.0,0,
3491,52,1029,52,0,0.0,0,
3492,11,130,11,0,0.0,0,
3493,50,257,50,0,0.0,0,
3494,52,722,52,0,0.0,0,
3495,40,315,40,0,0.0,0,
3496,66,778,66,0,0.0,0,
3497,36,340,36,0,0.0,0,
3498,45,332,45,0,0.0,0,
3499,59,131,59,0,0.0,0,
349,58,830,58,0,0.0,0,
34,67,517,67,0,0.0,0,
3500,58,288,58,0,0.0,0,
3501,56,199,56,0,0.0,0,
3502,43,205,43,0,0.0,0,
3503,47,462,47,0,0.0,0,
3504,42,263,42,0,0.0,0,
3505,47,1552,47,0,0.0,0,
3506,37,125,37,0,0.0,0,
3507,50,822,50,0,0.0,0,
3508,38,471,38,0,0.0,0,
3509,37,237,37,0,0.0,0,
350,58,140,58,0,0.0,0,
3510,32,158,32,0,0.0,0,
3511,35,280,35,0,0.0,0,
3512,51,283,51,0,0.0,0,
3513,71,330,71,0,0.0,0,
3514,33,291,33,0,0.0,0,
3515,53,866,53,0,0.0,0,
3516,47,925,47,0,0.0,0,
3517,51,4032,51,0,0.0,0,
3518,64,395,64,0,0.0,0,
3519,55,241,55,0,0.0,0,
351,62,564,62,0,0.0,0,
3520,51,492,51,0,0.0,0,
3521,37,342,37,0,0.0,0,
3522,79,375,79,0,0.0,0,
3523,39,87,39,0,0.0,0,
3524,26,905,26,0,0.0,0,
3525,51,303,51,0,0.0,0,
3526,58,425,58,0,0.0,0,
3527,43,193,43,0,0.0,0,
3528,29,83,29,0,0.0,0,
3529,56,605,56,0,0.0,0,
352,27,288,27,0,0.0,0,
3530,68,205,68,0,0.0,0,
3531,56,304,56,0,0.0,0,
3532,54,371,54,0,0.0,0,
3533,47,261,47,0,0.0,0,
3534,33,264,33,0,0.0,0,
3535,21,707,21,0,0.0,0,
3536,56,446,56,0,0.0,0,
3537,54,323,54,0,0.0,0,
3538,46,213,46,0,0.0,0,
3539,46,316,46,0,0.0,0,
353,50,194,50,0,0.0,0,
3540,48,283,48,0,0.0,0,
3541,36,127,36,0,0.0,0,
3542,49,208,49,0,0.0,0,
3543,44,370,44,0,0.0,0,
3544,48,245,48,0,0.0,0,
3545,61,384,61,0,0.0,0,
3546,31,600,31,0,0.0,0,
3547,54,499,54,0,0.0,0,
3548,44,82,44,0,0.0,0,
3549,42,102,42,0,0.0,0,
354,79,1388,79,0,0.0,0,
3550,56,120,56,0,0.0,0,
3551,36,960,36,0,0.0,0,
3552,39,358,39,0,0.0,0,
3553,43,363,43,0,0.0,0,
3554,47,270,47,0,0.0,0,
3555,28,123,28,0,0.0,0,
3556,43,559,43,0,0.0,0,
3557,50,466,50,0,0.0,0,
3558,42,1545,42,0,0.0,0,
3559,59,328,59,0,0.0,0,
355,56,209,56,0,0.0,0,
3560,16,59,16,0,0.0,0,
3561,53,418,53,0,0.0,0,
3562,56,1080,56,0,0.0,0,
3563,43,484,43,0,0.0,0,
3564,35,230,35,0,0.0,0,
3565,90,620,89,1,0.011111111111111112,0,A_240
3566,49,281,49,0,0.0,0,
3567,66,429,66,0,0.0,0,
3568,50,217,50,0,0.0,0,
3569,48,885,47,1,0.020833333333333332,0,D_108
356,51,223,51,0,0.0,0,
3570,40,1170,40,0,0.0,0,
3571,54,329,54,0,0.0,0,
3572,39,568,39,0,0.0,0,
3573,42,106,42,0,0.0,0,
3574,55,257,55,0,0.0,0,
3575,47,274,47,0,0.0,0,
3576,48,92,48,0,0.0,0,
3577,53,336,53,0,0.0,0,
3578,56,986,56,0,0.0,0,
3579,67,515,67,0,0.0,0,
357,51,450,51,0,0.0,0,
3580,56,390,56,0,0.0,0,
3581,37,231,37,0,0.0,0,
3582,37,258,37,0,0.0,0,
3583,38,109,38,0,0.0,0,
3584,58,214,58,0,0.0,0,
3585,45,108,45,0,0.0,0,
3586,38,331,36,2,0.05263157894736842,0,A_169 A_171
3587,52,273,52,0,0.0,0,
3588,49,272,49,0,0.0,0,
3589,45,464,45,0,0.0,0,
358,56,277,56,0,0.0,0,
3590,39,180,39,0,0.0,0,
3591,55,329,55,0,0.0,0,
3592,34,152,34,0,0.0,0,
3593,25,346,25,0,0.0,0,
3594,37,329,37,0,0.0,0,
3595,72,328,72,0,0.0,0,
3596,49,185,49,0,0.0,0,
3597,33,430,33,0,0.0,0,
3598,33,257,33,0,0.0,0,
3599,43,572,43,0,0.0,0,
359,79,373,79,0,0.0,0,
35,49,578,49,0,0.0,0,
3600,48,330,48,0,0.0,0,
3601,46,563,46,0,0.0,0,
3602,34,104,34,0,0.0,0,
3603,86,658,86,0,0.0,0,
3604,55,276,55,0,0.0,0,
3605,74,335,74,0,0.0,0,
3606,53,213,53,0,0.0,0,
3607,57,884,57,0,0.0,0,
3608,29,263,29,0,0.0,0,
3609,59,285,59,0,0.0,0,
360,42,224,42,0,0.0,0,
3610,26,240,26,0,0.0,0,
3611,71,798,71,0,0.0,0,
3612,72,246,72,0,0.0,0,
3613,44,165,44,0,0.0,0,
3614,62,223,62,0,0.0,0,
3615,55,542,55,0,0.0,0,
3616,44,305,44,0,0.0,0,
3617,41,199,41,0,0.0,0,
3618,54,950,54,0,0.0,0,
3619,54,237,54,0,0.0,0,
361,49,198,49,0,0.0,0,
3620,74,540,74,0,0.0,0,
3621,36,2736,36,0,0.0,0,
3622,99,450,99,0,0.0,0,
3623,57,315,57,0,0.0,0,
3624,61,815,60,1,0.01639344262295082,0,A_680
3625,46,94,46,0,0.0,0,
3626,43,297,43,0,0.0,0,
3627,76,429,76,0,0.0,0,
3628,111,618,111,0,0.0,0,
3629,72,557,72,0,0.0,0,
362,64,563,64,0,0.0,0,
3630,43,728,43,0,0.0,0,
3631,63,352,63,0,0.0,0,
3632,57,424,57,0,0.0,0,
3633,54,217,54,0,0.0,0,
3634,52,279,52,0,0.0,0,
3635,55,1695,55,0,0.0,0,
3636,56,157,56,0,0.0,0,
3637,35,276,35,0,0.0,0,
3638,58,267,58,0,0.0,0,
3639,65,287,65,0,0.0,0,
363,59,820,59,0,0.0,0,
3640,33,124,33,0,0.0,0,
3641,73,486,73,0,0.0,0,
3642,57,478,57,0,0.0,0,
3643,44,89,44,0,0.0,0,
3644,47,294,47,0,0.0,0,
3645,32,1223,32,0,0.0,0,
3646,43,678,43,0,0.0,0,
3647,46,287,46,0,0.0,0,
3648,60,263,60,0,0.0,0,
3649,46,374,46,0,0.0,0,
364,44,117,44,0,0.0,0,
3650,49,182,49,0,0.0,0,
3651,53,210,53,0,0.0,0,
3652,37,502,37,0,0.0,0,
3653,59,841,59,0,0.0,0,
3654,90,287,90,0,0.0,0,
3655,48,1385,48,0,0.0,0,
3656,48,264,48,0,0.0,0,
3657,34,111,34,0,0.0,0,
3658,45,265,45,0,0.0,0,
3659,54,526,54,0,0.0,0,
365,43,723,43,0,0.0,0,
3660,112,814,112,0,0.0,0,
3661,43,372,43,0,0.0,0,
3662,47,268,47,0,0.0,0,
3663,65,565,65,0,0.0,0,
3664,53,1091,53,0,0.0,0,
3665,44,2646,44,0,0.0,0,
3666,55,559,55,0,0.0,0,
3667,46,371,46,0,0.0,0,
3668,60,586,60,0,0.0,0,
3669,48,135,48,0,0.0,0,
366,47,209,47,0,0.0,0,
3670,49,606,49,0,0.0,0,
3671,60,267,60,0,0.0,0,
3672,48,443,48,0,0.0,0,
3673,34,570,34,0,0.0,0,
3674,43,289,43,0,0.0,0,
3675,54,288,54,0,0.0,0,
3676,50,169,50,0,0.0,0,
3677,50,209,50,0,0.0,0,
3678,49,511,49,0,0.0,0,
3679,33,428,33,0,0.0,0,
367,65,452,65,0,0.0,0,
3680,50,381,50,0,0.0,0,
3681,20,146,20,0,0.0,0,
3682,48,371,48,0,0.0,0,
3683,46,714,46,0,0.0,0,
3684,78,694,78,0,0.0,0,
3685,36,127,36,0,0.0,0,
3686,66,198,66,0,0.0,0,
3687,53,616,53,0,0.0,0,
3688,14,131,14,0,0.0,0,
3689,54,223,54,0,0.0,0,
368,41,267,41,0,0.0,0,
3690,49,135,49,0,0.0,0,
3691,37,341,37,0,0.0,0,
3692,59,285,59,0,0.0,0,
3693,55,342,55,0,0.0,0,
3694,35,401,35,0,0.0,0,
3695,59,173,59,0,0.0,0,
3696,28,371,28,0,0.0,0,
3697,52,384,52,0,0.0,0,
3698,53,446,53,0,0.0,0,
3699,40,200,40,0,0.0,0,
369,47,602,47,0,0.0,0,
36,51,293,51,0,0.0,0,
3700,52,1552,52,0,0.0,0,
3701,70,198,70,0,0.0,0,
3702,47,208,47,0,0.0,0,
3703,66,301,66,0,0.0,0,
3704,52,846,52,0,0.0,0,
3705,72,1356,72,0,0.0,0,
3706,62,1275,62,0,0.0,0,
3707,68,198,68,0,0.0,0,
3708,51,796,51,0,0.0,0,
3709,55,287,55,0,0.0,0,
370,62,346,62,0,0.0,0,
3710,44,391,44,0,0.0,0,
3711,44,321,44,0,0.0,0,
3712,57,276,57,0,0.0,0,
3713,111,815,111,0,0.0,0,
3714,76,557,76,0,0.0,0,
3715,33,489,33,0,0.0,0,
3716,81,336,75,6,0.07407407407407407,1,A_170 A_200 A_268 A_296 A_333 A_92
3717,55,407,55,0,0.0,0,
3718,66,329,66,0,0.0,0,
3719,52,346,52,0,0.0,0,
371,49,370,49,0,0.0,0,
3720,41,350,41,0,0.0,0,
3721,50,169,50,0,0.0,0,
3722,38,252,38,0,0.0,0,
3723,36,570,36,0,0.0,0,
3724,65,248,65,0,0.0,0,
3725,35,124,35,0,0.0,0,
3726,70,198,70,0,0.0,0,
3727,69,198,69,0,0.0,0,
3728,49,1148,49,0,0.0,0,
3729,39,488,39,0,0.0,0,
372,38,124,38,0,0.0,0,
3730,58,2332,58,0,0.0,0,
3731,51,178,51,0,0.0,0,
3732,45,270,45,0,0.0,0,
3733,48,1014,48,0,0.0,0,
3734,27,57,27,0,0.0,0,
3735,76,237,76,0,0.0,0,
3736,68,198,68,0,0.0,0,
3737,56,262,56,0,0.0,0,
3738,56,341,56,0,0.0,0,
3739,42,644,42,0,0.0,0,
373,56,648,56,0,0.0,0,
3740,72,136,72,0,0.0,0,
3741,25,218,25,0,0.0,0,
3742,39,326,39,0,0.0,0,
3743,50,264,50,0,0.0,0,
3744,80,402,80,0,0.0,0,
3745,50,380,50,0,0.0,0,
3746,34,901,34,0,0.0,0,
3747,49,327,49,0,0.0,0,
3748,45,788,45,0,0.0,0,
3749,50,271,50,0,0.0,0,
374,42,179,42,0,0.0,0,
3750,28,358,28,0,0.0,0,
3751,49,700,49,0,0.0,0,
3752,66,290,66,0,0.0,0,
3753,51,428,51,0,0.0,0,
3754,53,241,53,0,0.0,0,
3755,42,178,42,0,0.0,0,
3756,58,322,58,0,0.0,0,
3757,49,519,49,0,0.0,0,
3758,39,257,39,0,0.0,0,
3759,38,126,38,0,0.0,0,
375,71,540,71,0,0.0,0,
3760,56,262,56,0,0.0,0,
3761,41,1008,41,0,0.0,0,
3762,62,288,62,0,0.0,0,
3763,48,475,48,0,0.0,0,
3764,43,305,43,0,0.0,0,
3765,42,263,42,0,0.0,0,
3766,60,304,60,0,0.0,0,
3767,58,286,58,0,0.0,0,
3768,48,320,48,0,0.0,0,
3769,49,424,49,0,0.0,0,
376,67,428,67,0,0.0,0,
3770,77,240,77,0,0.0,0,
3771,56,889,56,0,0.0,0,
3772,64,305,64,0,0.0,0,
3773,35,405,35,0,0.0,0,
3774,47,550,47,0,0.0,0,
3775,76,149,76,0,0.0,0,
3776,38,482,38,0,0.0,0,
3777,49,238,49,0,0.0,0,
3778,55,282,55,0,0.0,0,
3779,45,333,45,0,0.0,0,
377,54,309,53,1,0.018518518518518517,0,X_42
3780,61,577,61,0,0.0,0,
3781,36,135,36,0,0.0,0,
3782,63,198,63,0,0.0,0,
3783,59,516,59,0,0.0,0,
3784,29,277,29,0,0.0,0,
3785,48,848,48,0,0.0,0,
3786,50,258,50,0,0.0,0,
3787,44,558,44,0,0.0,0,
3788,45,1015,45,0,0.0,0,
3789,48,584,48,0,0.0,0,
378,27,267,27,0,0.0,0,
3790,86,372,86,0,0.0,0,
3791,38,225,38,0,0.0,0,
3792,50,268,50,0,0.0,0,
3793,67,561,67,0,0.0,0,
3794,55,705,55,0,0.0,0,
3795,43,130,43,0,0.0,0,
3796,79,375,79,0,0.0,0,
3797,60,276,60,0,0.0,0,
3798,46,288,46,0,0.0,0,
3799,61,365,61,0,0.0,0,
379,59,388,59,0,0.0,0,
37,25,446,25,0,0.0,0,
3800,76,444,76,0,0.0,0,
3801,44,520,44,0,0.0,0,
3802,73,3338,73,0,0.0,0,
3803,24,186,24,0,0.0,0,
3804,32,215,32,0,0.0,0,
3805,63,267,63,0,0.0,0,
3806,44,265,44,0,0.0,0,
3807,63,285,63,0,0.0,0,
3808,61,198,61,0,0.0,0,
3809,55,341,55,0,0.0,0,
380,68,337,68,0,0.0,0,
3810,51,330,51,0,0.0,0,
3811,65,381,65,0,0.0,0,
3812,47,384,47,0,0.0,0,
3813,43,180,43,0,0.0,0,
3814,66,2772,66,0,0.0,0,
3815,46,262,46,0,0.0,0,
3816,46,126,46,0,0.0,0,
3817,49,680,49,0,0.0,0,
3818,39,506,39,0,0.0,0,
3819,46,578,46,0,0.0,0,
381,90,182,90,0,0.0,0,
3820,32,304,32,0,0.0,0,
3821,46,648,46,0,0.0,0,
3822,62,456,62,0,0.0,0,
3823,53,464,53,0,0.0,0,
3824,61,351,61,0,0.0,0,
3825,51,942,51,0,0.0,0,
3826,30,260,30,0,0.0,0,
3827,54,302,54,0,0.0,0,
3828,45,630,45,0,0.0,0,
3829,40,235,40,0,0.0,0,
382,77,557,77,0,0.0,0,
3830,50,448,50,0,0.0,0,
3831,66,490,66,0,0.0,0,
3832,60,304,60,0,0.0,0,
3833,59,1616,58,1,0.01694915254237288,0,A_680
3834,36,354,36,0,0.0,0,
3835,55,263,55,0,0.0,0,
3836,40,371,40,0,0.0,0,
3837,36,127,36,0,0.0,0,
3838,45,359,45,0,0.0,0,
3839,51,352,51,0,0.0,0,
383,47,352,47,0,0.0,0,
3840,42,323,42,0,0.0,0,
3841,52,676,52,0,0.0,0,
3842,53,174,53,0,0.0,0,
3843,60,355,60,0,0.0,0,
3844,63,357,63,0,0.0,0,
3845,23,210,23,0,0.0,0,
3846,42,289,42,0,0.0,0,
3847,40,256,40,0,0.0,0,
3848,49,125,49,0,0.0,0,
3849,62,380,62,0,0.0,0,
384,45,532,45,0,0.0,0,
3850,64,303,64,0,0.0,0,
3851,53,184,52,1,0.018867924528301886,0,A_111
3852,50,347,50,0,0.0,0,
3853,67,929,67,0,0.0,0,
3854,35,177,35,0,0.0,0,
3855,50,432,50,0,0.0,0,
3856,50,216,50,0,0.0,0,
3857,37,919,37,0,0.0,0,
3858,53,257,53,0,0.0,0,
3859,65,247,65,0,0.0,0,
385,67,1618,66,1,0.014925373134328358,0,A_680
3860,48,204,48,0,0.0,0,
3861,75,1253,75,0,0.0,0,
3862,57,370,57,0,0.0,0,
3863,29,515,29,0,0.0,0,
3864,42,281,42,0,0.0,0,
3865,52,858,52,0,0.0,0,
3866,52,662,52,0,0.0,0,
3867,40,258,40,0,0.0,0,
3868,44,281,44,0,0.0,0,
3869,89,367,89,0,0.0,0,
386,53,414,53,0,0.0,0,
3870,57,223,57,0,0.0,0,
3871,61,453,61,0,0.0,0,
3872,37,319,37,0,0.0,0,
3873,52,277,52,0,0.0,0,
3874,49,179,49,0,0.0,0,
3875,53,223,53,0,0.0,0,
3876,57,327,57,0,0.0,0,
3877,52,834,52,0,0.0,0,
3878,51,164,51,0,0.0,0,
3879,50,546,50,0,0.0,0,
387,46,158,46,0,0.0,0,
3880,37,331,37,0,0.0,0,
3881,46,258,46,0,0.0,0,
3882,44,1612,44,0,0.0,0,
3883,35,126,35,0,0.0,0,
3884,49,258,49,0,0.0,0,
3885,55,488,55,0,0.0,0,
3886,61,1584,61,0,0.0,0,
3887,42,364,42,0,0.0,0,
3888,50,1068,50,0,0.0,0,
3889,28,130,28,0,0.0,0,
388,56,238,56,0,0.0,0,
3890,37,266,37,0,0.0,0,
3891,38,342,38,0,0.0,0,
3892,33,124,33,0,0.0,0,
3893,52,305,52,0,0.0,0,
3894,48,952,48,0,0.0,0,
3895,68,208,68,0,0.0,0,
3896,51,296,51,0,0.0,0,
3897,61,607,61,0,0.0,0,
3898,8,308,8,0,0.0,0,
3899,49,725,49,0,0.0,0,
389,55,331,55,0,0.0,0,
38,55,263,55,0,0.0,0,
3900,53,1215,53,0,0.0,0,
3901,44,232,44,0,0.0,0,
3902,53,1456,53,0,0.0,0,
3903,31,493,31,0,0.0,0,
3904,47,323,47,0,0.0,0,
3905,70,1618,69,1,0.014285714285714285,0,A_680
3906,39,1229,39,0,0.0,0,
3907,48,517,48,0,0.0,0,
3908,56,520,56,0,0.0,0,
3909,51,273,51,0,0.0,0,
390,66,263,66,0,0.0,0,
3910,50,256,50,0,0.0,0,
3911,60,504,60,0,0.0,0,
3912,37,593,37,0,0.0,0,
3913,51,324,51,0,0.0,0,
3914,60,423,60,0,0.0,0,
3915,37,172,37,0,0.0,0,
3916,61,454,61,0,0.0,0,
3917,44,240,44,0,0.0,0,
3918,55,195,55,0,0.0,0,
3919,56,354,56,0,0.0,0,
391,48,258,48,0,0.0,0,
3920,55,287,55,0,0.0,0,
3921,31,148,30,1,0.03225806451612903,0,A_137
3922,52,863,52,0,0.0,0,
3923,50,201,50,0,0.0,0,
3924,54,269,54,0,0.0,0,
3925,50,843,50,0,0.0,0,
3926,25,122,25,0,0.0,0,
3927,54,289,54,0,0.0,0,
3928,50,259,50,0,0.0,0,
3929,54,281,54,0,0.0,0,
392,41,439,41,0,0.0,0,
3930,46,265,46,0,0.0,0,
3931,38,164,38,0,0.0,0,
3932,80,240,80,0,0.0,0,
3933,49,530,49,0,0.0,0,
3934,46,255,46,0,0.0,0,
3935,41,271,41,0,0.0,0,
3936,61,213,61,0,0.0,0,
3937,51,377,51,0,0.0,0,
3938,43,822,43,0,0.0,0,
3939,24,39,24,0,0.0,0,
393,68,230,68,0,0.0,0,
3940,47,436,47,0,0.0,0,
3941,27,107,27,0,0.0,0,
3942,68,517,68,0,0.0,0,
3943,29,515,29,0,0.0,0,
3944,70,1624,69,1,0.014285714285714285,0,A_680
3945,50,249,50,0,0.0,0,
3946,39,223,39,0,0.0,0,
3947,53,327,53,0,0.0,0,
3948,53,208,53,0,0.0,0,
3949,70,798,70,0,0.0,0,
394,39,316,39,0,0.0,0,
3950,42,374,42,0,0.0,0,
3951,42,501,42,0,0.0,0,
3952,51,348,51,0,0.0,0,
3953,58,426,58,0,0.0,0,
3954,35,196,35,0,0.0,0,
3955,43,325,43,0,0.0,0,
3956,38,150,38,0,0.0,0,
3957,44,327,44,0,0.0,0,
3958,44,295,43,1,0.022727272727272728,0,A_180
3959,28,241,27,1,0.03571428571428571,0,A_73
395,59,1006,59,0,0.0,0,
3960,58,386,58,0,0.0,0,
3961,36,357,36,0,0.0,0,
3962,64,198,64,0,0.0,0,
3963,87,1388,87,0,0.0,0,
3964,51,292,51,0,0.0,0,
3965,56,885,55,1,0.017857142857142856,0,B_353
3966,38,98,38,0,0.0,0,
3967,46,298,46,0,0.0,0,
3968,52,137,52,0,0.0,0,
3969,52,238,52,0,0.0,0,
396,69,196,69,0,0.0,0,
3970,44,375,44,0,0.0,0,
3971,41,2598,41,0,0.0,0,
3972,43,353,43,0,0.0,0,
3973,48,383,48,0,0.0,0,
3974,58,559,58,0,0.0,0,
3975,60,351,60,0,0.0,0,
3976,50,359,50,0,0.0,0,
3977,70,297,70,0,0.0,0,
3978,50,337,50,0,0.0,0,
3979,65,993,65,0,0.0,0,
397,50,650,50,0,0.0,0,
3980,54,217,54,0,0.0,0,
3981,49,1618,49,0,0.0,0,
3982,44,1212,44,0,0.0,0,
3983,37,159,37,0,0.0,0,
3984,12,374,12,0,0.0,0,
3985,65,519,65,0,0.0,0,
3986,50,341,50,0,0.0,0,
3987,50,632,50,0,0.0,0,
3988,66,582,66,0,0.0,0,
3989,46,331,46,0,0.0,0,
398,53,261,53,0,0.0,0,
3990,38,89,38,0,0.0,0,
3991,62,396,62,0,0.0,0,
3992,39,223,39,0,0.0,0,
3993,43,309,43,0,0.0,0,
3994,41,554,41,0,0.0,0,
3995,42,120,41,1,0.023809523809523808,0,A_85
3996,56,474,56,0,0.0,0,
3997,38,226,38,0,0.0,0,
3998,37,127,37,0,0.0,0,
3999,56,498,56,0,0.0,0,
399,57,466,57,0,0.0,0,
39,57,159,57,0,0.0,0,
3,44,2966,44,0,0.0,0,
4000,42,334,42,0,0.0,0,
4001,57,464,57,0,0.0,0,
4002,57,1660,57,0,0.0,0,
4003,51,199,51,0,0.0,0,
4004,44,770,44,0,0.0,0,
4005,48,698,48,0,0.0,0,
4006,28,275,28,0,0.0,0,
4007,40,256,40,0,0.0,0,
4008,52,487,52,0,0.0,0,
4009,45,252,45,0,0.0,0,
400,73,375,73,0,0.0,0,
4010,59,475,59,0,0.0,0,
4011,63,456,63,0,0.0,0,
4012,71,265,71,0,0.0,0,
4013,53,166,53,0,0.0,0,
4014,41,611,41,0,0.0,0,
4015,49,518,49,0,0.0,0,
4016,32,544,32,0,0.0,0,
4017,44,834,44,0,0.0,0,
4018,48,351,48,0,0.0,0,
4019,43,340,43,0,0.0,0,
401,48,708,48,0,0.0,0,
4020,39,88,39,0,0.0,0,
4021,47,1382,47,0,0.0,0,
4022,43,130,43,0,0.0,0,
4023,69,198,69,0,0.0,0,
4024,60,459,60,0,0.0,0,
4025,51,298,51,0,0.0,0,
4026,55,284,55,0,0.0,0,
4027,48,360,48,0,0.0,0,
4028,66,2697,66,0,0.0,0,
4029,65,248,65,0,0.0,0,
402,40,259,40,0,0.0,0,
4030,50,439,50,0,0.0,0,
4031,58,353,58,0,0.0,0,
4032,66,279,66,0,0.0,0,
4033,61,889,61,0,0.0,0,
4034,44,4060,44,0,0.0,0,
4035,70,472,70,0,0.0,0,
4036,36,214,36,0,0.0,0,
4037,37,221,37,0,0.0,0,
4038,50,285,50,0,0.0,0,
4039,40,608,40,0,0.0,0,
403,35,1120,35,0,0.0,0,
4040,42,285,42,0,0.0,0,
4041,75,301,75,0,0.0,0,
4042,35,500,35,0,0.0,0,
4043,50,276,50,0,0.0,0,
4044,17,466,17,0,0.0,0,
4045,61,277,61,0,0.0,0,
4046,67,280,67,0,0.0,0,
4047,42,452,42,0,0.0,0,
4048,56,274,56,0,0.0,0,
4049,48,1388,48,0,0.0,0,
404,51,1422,51,0,0.0,0,
4050,65,194,65,0,0.0,0,
4051,105,835,105,0,0.0,0,
4052,51,207,51,0,0.0,0,
4053,40,327,40,0,0.0,0,
4054,43,280,43,0,0.0,0,
4055,40,671,40,0,0.0,0,
4056,61,243,61,0,0.0,0,
4057,49,263,49,0,0.0,0,
4058,54,216,54,0,0.0,0,
4059,44,635,44,0,0.0,0,
405,51,886,51,0,0.0,0,
4060,62,240,62,0,0.0,0,
4061,44,297,44,0,0.0,0,
4062,35,139,35,0,0.0,0,
4063,33,90,33,0,0.0,0,
4064,56,411,56,0,0.0,0,
4065,49,257,49,0,0.0,0,
4066,51,159,51,0,0.0,0,
4067,49,484,49,0,0.0,0,
4068,44,56,44,0,0.0,0,
4069,50,432,50,0,0.0,0,
406,48,1094,48,0,0.0,0,
4070,43,526,43,0,0.0,0,
4071,38,129,38,0,0.0,0,
4072,23,511,23,0,0.0,0,
4073,47,304,47,0,0.0,0,
4074,41,254,41,0,0.0,0,
4075,67,287,67,0,0.0,0,
4076,54,2060,54,0,0.0,0,
4077,66,198,66,0,0.0,0,
4078,39,899,39,0,0.0,0,
4079,38,357,38,0,0.0,0,
407,63,376,63,0,0.0,0,
4080,59,284,59,0,0.0,0,
4081,67,198,67,0,0.0,0,
4082,54,501,54,0,0.0,0,
4083,79,619,79,0,0.0,0,
4084,59,858,59,0,0.0,0,
4085,38,214,38,0,0.0,0,
4086,44,261,44,0,0.0,0,
4087,50,210,50,0,0.0,0,
4088,73,3541,73,0,0.0,0,
4089,49,258,49,0,0.0,0,
408,48,221,48,0,0.0,0,
4090,55,829,55,0,0.0,0,
4091,60,300,60,0,0.0,0,
4092,42,257,42,0,0.0,0,
4093,41,181,41,0,0.0,0,
4094,35,1108,35,0,0.0,0,
4095,47,184,47,0,0.0,0,
4096,72,215,72,0,0.0,0,
4097,27,151,27,0,0.0,0,
4098,43,113,43,0,0.0,0,
4099,51,1026,51,0,0.0,0,
409,34,1353,34,0,0.0,0,
40,40,319,40,0,0.0,0,
4100,57,249,57,0,0.0,0,
4101,56,600,56,0,0.0,0,
4102,47,288,47,0,0.0,0,
4103,53,257,53,0,0.0,0,
4104,58,659,58,0,0.0,0,
4105,51,607,51,0,0.0,0,
4106,54,296,54,0,0.0,0,
4107,48,351,48,0,0.0,0,
4108,33,139,33,0,0.0,0,
4109,47,333,47,0,0.0,0,
410,52,774,52,0,0.0,0,
4110,51,443,51,0,0.0,0,
4111,45,262,45,0,0.0,0,
4112,23,126,23,0,0.0,0,
4113,58,422,58,0,0.0,0,
4114,41,351,41,0,0.0,0,
4115,33,109,33,0,0.0,0,
4116,51,658,51,0,0.0,0,
4117,51,918,51,0,0.0,0,
4118,46,285,46,0,0.0,0,
4119,69,926,69,0,0.0,0,
411,44,198,44,0,0.0,0,
4120,66,594,66,0,0.0,0,
4121,57,580,57,0,0.0,0,
4122,44,199,44,0,0.0,0,
4123,52,199,52,0,0.0,0,
4124,41,493,41,0,0.0,0,
4125,61,889,61,0,0.0,0,
4126,51,162,51,0,0.0,0,
4127,52,354,52,0,0.0,0,
4128,52,274,52,0,0.0,0,
4129,52,131,52,0,0.0,0,
412,52,445,52,0,0.0,0,
4130,24,769,24,0,0.0,0,
4131,56,566,56,0,0.0,0,
4132,56,684,56,0,0.0,0,
4133,49,239,49,0,0.0,0,
4134,35,426,35,0,0.0,0,
4135,47,273,47,0,0.0,0,
4136,120,793,120,0,0.0,0,
4137,35,258,35,0,0.0,0,
4138,55,356,55,0,0.0,0,
4139,33,100,33,0,0.0,0,
413,68,1087,68,0,0.0,0,
4140,36,312,36,0,0.0,0,
4141,59,602,59,0,0.0,0,
4142,48,193,48,0,0.0,0,
4143,54,257,54,0,0.0,0,
4144,42,358,42,0,0.0,0,
4145,38,353,38,0,0.0,0,
4146,24,36,24,0,0.0,0,
4147,38,52,38,0,0.0,0,
4148,44,258,44,0,0.0,0,
4149,46,268,46,0,0.0,0,
414,56,562,56,0,0.0,0,
4150,38,390,38,0,0.0,0,
4151,67,532,67,0,0.0,0,
4152,45,358,45,0,0.0,0,
4153,70,330,70,0,0.0,0,
4154,43,364,43,0,0.0,0,
4155,55,648,55,0,0.0,0,
4156,46,493,46,0,0.0,0,
4157,25,1020,25,0,0.0,0,
4158,35,319,35,0,0.0,0,
4159,27,624,27,0,0.0,0,
415,48,257,48,0,0.0,0,
4160,37,1015,37,0,0.0,0,
4161,52,321,52,0,0.0,0,
4162,50,255,50,0,0.0,0,
4163,48,178,48,0,0.0,0,
4164,30,2220,30,0,0.0,0,
4165,40,115,40,0,0.0,0,
4166,45,181,45,0,0.0,0,
4167,35,257,35,0,0.0,0,
4168,54,164,54,0,0.0,0,
4169,58,1025,58,0,0.0,0,
416,40,525,40,0,0.0,0,
4170,72,339,72,0,0.0,0,
4171,31,165,31,0,0.0,0,
4172,69,230,69,0,0.0,0,
4173,43,265,43,0,0.0,0,
4174,68,396,68,0,0.0,0,
4175,34,257,34,0,0.0,0,
4176,37,299,37,0,0.0,0,
4177,30,90,30,0,0.0,0,
4178,62,354,62,0,0.0,0,
4179,54,377,54,0,0.0,0,
417,55,1452,55,0,0.0,0,
4180,64,230,64,0,0.0,0,
4181,62,738,62,0,0.0,0,
4182,62,198,62,0,0.0,0,
4183,25,1020,25,0,0.0,0,
4184,39,403,39,0,0.0,0,
4185,76,345,76,0,0.0,0,
4186,52,498,52,0,0.0,0,
4187,18,257,18,0,0.0,0,
4188,47,274,47,0,0.0,0,
4189,32,124,32,0,0.0,0,
418,31,2193,31,0,0.0,0,
4190,49,183,49,0,0.0,0,
4191,45,608,45,0,0.0,0,
4192,48,226,48,0,0.0,0,
4193,71,862,71,0,0.0,0,
4194,66,339,66,0,0.0,0,
4195,53,215,53,0,0.0,0,
4196,30,99,30,0,0.0,0,
4197,60,516,60,0,0.0,0,
4198,62,693,62,0,0.0,0,
4199,41,264,41,0,0.0,0,
419,50,303,50,0,0.0,0,
41,54,377,54,0,0.0,0,
4200,37,102,37,0,0.0,0,
4201,73,1025,73,0,0.0,0,
4202,54,1016,54,0,0.0,0,
4203,48,256,48,0,0.0,0,
4204,51,671,51,0,0.0,0,
4205,21,246,21,0,0.0,0,
4206,53,207,53,0,0.0,0,
4207,27,57,27,0,0.0,0,
4208,33,78,33,0,0.0,0,
4209,53,157,53,0,0.0,0,
420,49,206,49,0,0.0,0,
4210,73,676,73,0,0.0,0,
4211,56,358,56,0,0.0,0,
4212,58,266,58,0,0.0,0,
4213,49,264,49,0,0.0,0,
4214,58,280,58,0,0.0,0,
4215,57,638,57,0,0.0,0,
4216,73,341,73,0,0.0,0,
4217,79,372,79,0,0.0,0,
4218,77,432,77,0,0.0,0,
4219,57,1404,57,0,0.0,0,
421,59,1572,59,0,0.0,0,
4220,67,961,67,0,0.0,0,
4221,59,662,59,0,0.0,0,
4222,27,176,27,0,0.0,0,
4223,34,361,34,0,0.0,0,
4224,60,706,60,0,0.0,0,
4225,25,476,25,0,0.0,0,
4226,47,1000,47,0,0.0,0,
4227,68,198,68,0,0.0,0,
4228,69,646,69,0,0.0,0,
4229,44,141,44,0,0.0,0,
422,41,665,41,0,0.0,0,
4230,50,131,50,0,0.0,0,
4231,51,307,51,0,0.0,0,
4232,63,329,63,0,0.0,0,
4233,55,824,55,0,0.0,0,
4234,68,517,68,0,0.0,0,
4235,54,390,54,0,0.0,0,
4236,56,637,56,0,0.0,0,
4237,51,185,51,0,0.0,0,
4238,63,667,63,0,0.0,0,
4239,55,926,55,0,0.0,0,
423,42,297,42,0,0.0,0,
4240,60,764,60,0,0.0,0,
4241,56,252,56,0,0.0,0,
4242,37,174,37,0,0.0,0,
4243,56,289,56,0,0.0,0,
4244,33,298,33,0,0.0,0,
4245,51,306,51,0,0.0,0,
4246,52,456,52,0,0.0,0,
4247,56,512,56,0,0.0,0,
4248,44,726,44,0,0.0,0,
4249,47,272,47,0,0.0,0,
424,44,329,44,0,0.0,0,
4250,39,443,39,0,0.0,0,
4251,30,238,30,0,0.0,0,
4252,45,264,45,0,0.0,0,
4253,47,369,47,0,0.0,0,
4254,42,287,42,0,0.0,0,
4255,52,691,52,0,0.0,0,
4256,49,631,49,0,0.0,0,
4257,77,534,77,0,0.0,0,
4258,33,120,33,0,0.0,0,
4259,40,541,40,0,0.0,0,
425,41,333,41,0,0.0,0,
4260,39,342,39,0,0.0,0,
4261,46,258,46,0,0.0,0,
4262,62,446,62,0,0.0,0,
4263,96,599,96,0,0.0,0,
4264,54,299,54,0,0.0,0,
4265,59,460,59,0,0.0,0,
4266,57,349,57,0,0.0,0,
4267,55,274,55,0,0.0,0,
4268,53,672,53,0,0.0,0,
4269,58,309,58,0,0.0,0,
426,48,1037,48,0,0.0,0,
4270,34,72,34,0,0.0,0,
4271,70,377,70,0,0.0,0,
4272,43,388,43,0,0.0,0,
4273,48,180,48,0,0.0,0,
4274,62,255,62,0,0.0,0,
4275,47,259,47,0,0.0,0,
4276,49,1456,49,0,0.0,0,
4277,67,237,67,0,0.0,0,
4278,42,296,42,0,0.0,0,
4279,43,504,43,0,0.0,0,
427,49,437,49,0,0.0,0,
4280,45,258,45,0,0.0,0,
4281,50,249,50,0,0.0,0,
4282,44,780,44,0,0.0,0,
4283,48,536,48,0,0.0,0,
4284,64,286,64,0,0.0,0,
4285,39,330,39,0,0.0,0,
4286,59,247,59,0,0.0,0,
4287,46,466,46,0,0.0,0,
4288,59,1008,59,0,0.0,0,
4289,57,866,57,0,0.0,0,
428,62,426,62,0,0.0,0,
4290,65,566,65,0,0.0,0,
4291,44,463,44,0,0.0,0,
4292,48,328,48,0,0.0,0,
4293,46,578,46,0,0.0,0,
4294,54,986,54,0,0.0,0,
4295,59,389,59,0,0.0,0,
4296,52,285,52,0,0.0,0,
4297,28,346,28,0,0.0,0,
4298,32,246,32,0,0.0,0,
4299,50,330,50,0,0.0,0,
429,54,333,54,0,0.0,0,
42,58,1282,58,0,0.0,0,
4300,34,155,34,0,0.0,0,
4301,55,963,55,0,0.0,0,
4302,0,304,0,0,0.0,0,
4303,43,364,43,0,0.0,0,
4304,55,374,55,0,0.0,0,
4305,49,377,49,0,0.0,0,
4306,58,281,58,0,0.0,0,
4307,36,236,36,0,0.0,0,
4308,56,224,56,0,0.0,0,
4309,72,233,72,0,0.0,0,
430,51,275,51,0,0.0,0,
4310,65,198,65,0,0.0,0,
4311,33,838,33,0,0.0,0,
4312,41,1016,41,0,0.0,0,
4313,29,562,29,0,0.0,0,
4314,73,557,73,0,0.0,0,
4315,46,291,46,0,0.0,0,
4316,56,255,56,0,0.0,0,
4317,48,610,48,0,0.0,0,
4318,37,239,37,0,0.0,0,
4319,61,393,61,0,0.0,0,
431,81,123,81,0,0.0,0,
4320,58,889,58,0,0.0,0,
4321,40,365,40,0,0.0,0,
4322,35,111,35,0,0.0,0,
4323,38,250,38,0,0.0,0,
4324,43,257,43,0,0.0,0,
4325,59,820,59,0,0.0,0,
4326,45,274,45,0,0.0,0,
4327,37,1217,37,0,0.0,0,
4328,46,853,46,0,0.0,0,
4329,53,223,53,0,0.0,0,
432,46,285,46,0,0.0,0,
4330,57,388,57,0,0.0,0,
4331,68,289,68,0,0.0,0,
4332,52,629,52,0,0.0,0,
4333,43,1025,43,0,0.0,0,
4334,51,259,51,0,0.0,0,
4335,39,185,39,0,0.0,0,
4336,45,416,45,0,0.0,0,
4337,66,208,66,0,0.0,0,
4338,42,353,42,0,0.0,0,
4339,77,239,77,0,0.0,0,
433,86,201,77,9,0.10465116279069768,1,A_1 A_131 A_184 A_191 A_196 A_57 A_77 A_84 A_94
4340,44,430,44,0,0.0,0,
4341,51,286,51,0,0.0,0,
4342,81,671,81,0,0.0,0,
4343,62,663,62,0,0.0,0,
4344,59,685,59,0,0.0,0,
4345,41,770,41,0,0.0,0,
4346,60,453,59,1,0.016666666666666666,0,A_312
4347,38,129,38,0,0.0,0,
4348,54,298,54,0,0.0,0,
4349,36,117,36,0,0.0,0,
434,41,304,41,0,0.0,0,
4350,61,278,61,0,0.0,0,
4351,35,159,35,0,0.0,0,
4352,64,276,64,0,0.0,0,
4353,48,530,48,0,0.0,0,
4354,56,358,56,0,0.0,0,
4355,58,462,58,0,0.0,0,
4356,32,158,32,0,0.0,0,
4357,56,286,56,0,0.0,0,
4358,51,374,51,0,0.0,0,
4359,50,292,50,0,0.0,0,
435,73,517,73,0,0.0,0,
4360,23,328,23,0,0.0,0,
4361,62,322,62,0,0.0,0,
4362,53,294,53,0,0.0,0,
4363,18,279,18,0,0.0,0,
4364,43,208,43,0,0.0,0,
4365,38,127,38,0,0.0,0,
4366,40,508,40,0,0.0,0,
4367,43,357,43,0,0.0,0,
4368,39,87,39,0,0.0,0,
4369,58,337,58,0,0.0,0,
436,49,1552,49,0,0.0,0,
4370,59,245,59,0,0.0,0,
4371,52,219,52,0,0.0,0,
4372,65,200,65,0,0.0,0,
4373,51,822,51,0,0.0,0,
4374,64,502,64,0,0.0,0,
4375,56,606,56,0,0.0,0,
4376,25,242,25,0,0.0,0,
4377,45,565,45,0,0.0,0,
4378,56,294,56,0,0.0,0,
4379,46,202,46,0,0.0,0,
437,31,163,31,0,0.0,0,
4380,39,149,39,0,0.0,0,
4381,41,559,41,0,0.0,0,
4382,41,744,41,0,0.0,0,
4383,44,337,44,0,0.0,0,
4384,56,181,56,0,0.0,0,
4385,40,330,40,0,0.0,0,
4386,39,227,39,0,0.0,0,
4387,36,296,36,0,0.0,0,
4388,38,54,38,0,0.0,0,
4389,59,304,59,0,0.0,0,
438,52,243,52,0,0.0,0,
4390,50,296,50,0,0.0,0,
4391,45,461,45,0,0.0,0,
4392,52,249,52,0,0.0,0,
4393,47,265,47,0,0.0,0,
4394,41,127,41,0,0.0,0,
4395,42,394,42,0,0.0,0,
4396,54,1707,54,0,0.0,0,
4397,53,178,53,0,0.0,0,
4398,75,490,75,0,0.0,0,
4399,56,364,56,0,0.0,0,
439,38,140,38,0,0.0,0,
43,67,198,67,0,0.0,0,
4400,44,665,44,0,0.0,0,
4401,50,561,50,0,0.0,0,
4402,50,261,50,0,0.0,0,
4403,42,297,42,0,0.0,0,
4404,57,287,57,0,0.0,0,
4405,43,407,43,0,0.0,0,
4406,48,364,48,0,0.0,0,
4407,66,553,66,0,0.0,0,
4408,36,225,36,0,0.0,0,
4409,59,651,59,0,0.0,0,
440,41,636,41,0,0.0,0,
4410,61,585,61,0,0.0,0,
4411,74,1616,73,1,0.013513513513513514,0,A_680
4412,56,1180,56,0,0.0,0,
4413,57,467,57,0,0.0,0,
4414,43,664,43,0,0.0,0,
4415,34,588,34,0,0.0,0,
4416,84,359,84,0,0.0,0,
4417,77,710,77,0,0.0,0,
4418,70,286,70,0,0.0,0,
4419,50,290,50,0,0.0,0,
441,64,353,64,0,0.0,0,
4420,57,308,57,0,0.0,0,
4421,65,425,65,0,0.0,0,
4422,90,320,89,1,0.011111111111111112,0,A_308
4423,98,460,98,0,0.0,0,
4424,33,90,33,0,0.0,0,
4425,44,258,44,0,0.0,0,
4426,43,106,43,0,0.0,0,
4427,47,342,47,0,0.0,0,
4428,73,1388,73,0,0.0,0,
4429,45,327,45,0,0.0,0,
442,43,159,43,0,0.0,0,
4430,48,819,48,0,0.0,0,
4431,57,125,57,0,0.0,0,
4432,62,1618,61,1,0.016129032258064516,0,A_680
4433,24,151,24,0,0.0,0,
4434,68,198,68,0,0.0,0,
4435,39,123,39,0,0.0,0,
4436,46,265,46,0,0.0,0,
4437,56,422,56,0,0.0,0,
4438,51,1456,51,0,0.0,0,
4439,42,673,42,0,0.0,0,
443,61,238,61,0,0.0,0,
4440,50,289,50,0,0.0,0,
4441,75,431,75,0,0.0,0,
4442,70,655,70,0,0.0,0,
4443,47,330,47,0,0.0,0,
4444,55,314,55,0,0.0,0,
4445,34,603,34,0,0.0,0,
4446,41,547,41,0,0.0,0,
4447,45,463,45,0,0.0,0,
4448,45,271,45,0,0.0,0,
4449,29,136,28,1,0.034482758620689655,0,A_90
444,57,478,57,0,0.0,0,
4450,52,1032,52,0,0.0,0,
4451,47,245,47,0,0.0,0,
4452,79,1388,79,0,0.0,0,
4453,51,180,51,0,0.0,0,
4454,39,217,39,0,0.0,0,
4455,17,31,17,0,0.0,0,
4456,66,542,66,0,0.0,0,
4457,35,453,35,0,0.0,0,
4458,49,557,49,0,0.0,0,
4459,68,433,67,1,0.014705882352941176,0,A_198
445,34,363,34,0,0.0,0,
4460,23,104,23,0,0.0,0,
4461,54,1460,54,0,0.0,0,
4462,60,254,60,0,0.0,0,
4463,49,309,49,0,0.0,0,
4464,47,706,47,0,0.0,0,
4465,50,268,50,0,0.0,0,
4466,53,462,53,0,0.0,0,
4467,38,2856,38,0,0.0,0,
4468,33,303,32,1,0.030303030303030304,0,A_271
4469,41,1449,41,0,0.0,0,
446,49,380,49,0,0.0,0,
4470,27,462,27,0,0.0,0,
4471,43,522,43,0,0.0,0,
4472,36,110,36,0,0.0,0,
4473,54,732,54,0,0.0,0,
4474,47,304,47,0,0.0,0,
4475,51,228,51,0,0.0,0,
4476,85,2051,85,0,0.0,0,
4477,54,691,54,0,0.0,0,
4478,47,650,47,0,0.0,0,
4479,55,1185,55,0,0.0,0,
447,48,287,48,0,0.0,0,
4480,47,994,47,0,0.0,0,
4481,44,347,44,0,0.0,0,
4482,44,299,44,0,0.0,0,
4483,60,328,60,0,0.0,0,
4484,57,227,57,0,0.0,0,
4485,71,258,71,0,0.0,0,
4486,38,172,38,0,0.0,0,
4487,60,339,60,0,0.0,0,
4488,65,194,65,0,0.0,0,
4489,50,714,50,0,0.0,0,
448,64,238,64,0,0.0,0,
4490,43,1624,43,0,0.0,0,
4491,58,282,58,0,0.0,0,
4492,65,337,65,0,0.0,0,
4493,42,784,42,0,0.0,0,
4494,49,687,49,0,0.0,0,
4495,46,316,46,0,0.0,0,
4496,54,281,54,0,0.0,0,
4497,48,133,48,0,0.0,0,
4498,35,610,35,0,0.0,0,
4499,50,277,50,0,0.0,0,
449,52,204,52,0,0.0,0,
44,66,297,66,0,0.0,0,
4500,67,198,67,0,0.0,0,
4501,45,259,45,0,0.0,0,
4502,67,261,67,0,0.0,0,
4503,11,130,11,0,0.0,0,
4504,49,153,49,0,0.0,0,
4505,45,316,45,0,0.0,0,
4506,30,202,30,0,0.0,0,
4507,47,163,47,0,0.0,0,
4508,54,208,54,0,0.0,0,
4509,53,532,53,0,0.0,0,
450,55,251,55,0,0.0,0,
4510,39,228,39,0,0.0,0,
4511,46,4044,46,0,0.0,0,
4512,54,146,54,0,0.0,0,
4513,38,231,38,0,0.0,0,
4514,51,166,51,0,0.0,0,
4515,48,1267,48,0,0.0,0,
4516,33,145,33,0,0.0,0,
4517,42,924,42,0,0.0,0,
4518,53,257,53,0,0.0,0,
4519,70,498,70,0,0.0,0,
451,55,231,55,0,0.0,0,
4520,65,384,65,0,0.0,0,
4521,53,223,53,0,0.0,0,
4522,34,95,34,0,0.0,0,
4523,82,374,82,0,0.0,0,
4524,54,523,54,0,0.0,0,
4525,58,255,58,0,0.0,0,
4526,44,261,44,0,0.0,0,
4527,41,162,41,0,0.0,0,
4528,41,162,41,0,0.0,0,
4529,71,605,71,0,0.0,0,
452,72,557,72,0,0.0,0,
4530,52,1042,52,0,0.0,0,
4531,61,277,61,0,0.0,0,
4532,45,160,45,0,0.0,0,
4533,38,223,38,0,0.0,0,
4534,45,416,45,0,0.0,0,
4535,48,161,48,0,0.0,0,
4536,53,276,53,0,0.0,0,
4537,48,315,48,0,0.0,0,
4538,57,638,57,0,0.0,0,
4539,46,546,46,0,0.0,0,
453,54,1006,54,0,0.0,0,
4540,51,1394,51,0,0.0,0,
4541,69,271,67,2,0.028985507246376812,0,A_184 A_210
4542,48,142,48,0,0.0,0,
4543,21,452,21,0,0.0,0,
4544,57,418,57,0,0.0,0,
4545,51,249,51,0,0.0,0,
4546,61,197,61,0,0.0,0,
4547,41,183,41,0,0.0,0,
4548,43,223,43,0,0.0,0,
4549,94,814,94,0,0.0,0,
454,51,822,51,0,0.0,0,
4550,65,547,65,0,0.0,0,
4551,43,732,43,0,0.0,0,
4552,52,463,52,0,0.0,0,
4553,64,198,64,0,0.0,0,
4554,49,208,49,0,0.0,0,
4555,56,369,56,0,0.0,0,
4556,23,246,23,0,0.0,0,
4557,45,174,44,1,0.022222222222222223,0,B_120
4558,40,342,40,0,0.0,0,
4559,47,993,47,0,0.0,0,
455,39,276,38,1,0.02564102564102564,0,A_1043
4560,36,121,36,0,0.0,0,
4561,73,247,73,0,0.0,0,
4562,47,830,47,0,0.0,0,
4563,44,328,44,0,0.0,0,
4564,33,338,33,0,0.0,0,
4565,46,788,46,0,0.0,0,
4566,49,208,49,0,0.0,0,
4567,60,274,60,0,0.0,0,
4568,36,84,36,0,0.0,0,
4569,41,285,41,0,0.0,0,
456,47,316,47,0,0.0,0,
4570,66,505,66,0,0.0,0,
4571,114,396,114,0,0.0,0,
4572,37,85,37,0,0.0,0,
4573,40,1602,40,0,0.0,0,
4574,38,138,38,0,0.0,0,
4575,47,289,47,0,0.0,0,
4576,56,736,56,0,0.0,0,
4577,65,341,65,0,0.0,0,
4578,45,128,45,0,0.0,0,
4579,41,348,41,0,0.0,0,
457,43,462,43,0,0.0,0,
4580,37,525,37,0,0.0,0,
4581,53,291,53,0,0.0,0,
4582,52,1046,52,0,0.0,0,
4583,53,1458,53,0,0.0,0,
4584,42,317,42,0,0.0,0,
4585,67,372,67,0,0.0,0,
4586,74,297,74,0,0.0,0,
4587,38,245,38,0,0.0,0,
4588,53,583,53,0,0.0,0,
4589,45,273,45,0,0.0,0,
458,42,1923,42,0,0.0,0,
4590,59,518,59,0,0.0,0,
4591,38,607,38,0,0.0,0,
4592,60,884,60,0,0.0,0,
4593,56,223,56,0,0.0,0,
4594,42,423,42,0,0.0,0,
4595,24,693,24,0,0.0,0,
4596,51,360,51,0,0.0,0,
4597,24,670,24,0,0.0,0,
4598,57,261,57,0,0.0,0,
4599,45,284,45,0,0.0,0,
459,55,281,55,0,0.0,0,
45,54,309,54,0,0.0,0,
4600,55,286,55,0,0.0,0,
4601,38,167,38,0,0.0,0,
4602,41,273,41,0,0.0,0,
4603,53,246,53,0,0.0,0,
4604,57,138,57,0,0.0,0,
4605,55,215,55,0,0.0,0,
4606,70,968,70,0,0.0,0,
4607,29,202,29,0,0.0,0,
4608,92,175,92,0,0.0,0,
4609,58,516,58,0,0.0,0,
460,70,330,70,0,0.0,0,
4610,48,612,48,0,0.0,0,
4611,44,843,44,0,0.0,0,
4612,57,257,57,0,0.0,0,
4613,50,344,50,0,0.0,0,
4614,28,178,28,0,0.0,0,
4615,39,115,39,0,0.0,0,
4616,54,387,54,0,0.0,0,
4617,64,209,64,0,0.0,0,
4618,77,228,77,0,0.0,0,
4619,72,1093,72,0,0.0,0,
461,74,1318,74,0,0.0,0,
4620,47,606,47,0,0.0,0,
4621,60,600,60,0,0.0,0,
4622,49,430,49,0,0.0,0,
4623,50,534,50,0,0.0,0,
4624,51,612,51,0,0.0,0,
4625,36,684,35,1,0.027777777777777776,0,A_102
4626,52,540,52,0,0.0,0,
4627,36,248,36,0,0.0,0,
4628,44,147,44,0,0.0,0,
4629,31,452,31,0,0.0,0,
462,62,342,62,0,0.0,0,
4630,58,742,58,0,0.0,0,
4631,44,74,44,0,0.0,0,
4632,51,282,51,0,0.0,0,
4633,31,136,31,0,0.0,0,
4634,47,180,47,0,0.0,0,
4635,62,198,62,0,0.0,0,
4636,70,538,70,0,0.0,0,
4637,55,223,55,0,0.0,0,
4638,52,553,52,0,0.0,0,
4639,53,198,53,0,0.0,0,
463,42,166,42,0,0.0,0,
4640,44,728,44,0,0.0,0,
4641,54,291,54,0,0.0,0,
4642,51,440,51,0,0.0,0,
4643,40,716,40,0,0.0,0,
4644,53,971,53,0,0.0,0,
4645,50,219,50,0,0.0,0,
4646,35,131,35,0,0.0,0,
4647,54,296,54,0,0.0,0,
4648,62,926,62,0,0.0,0,
4649,38,241,37,1,0.02631578947368421,0,C_73
464,37,106,37,0,0.0,0,
4650,50,416,50,0,0.0,0,
4651,53,297,53,0,0.0,0,
4652,51,283,51,0,0.0,0,
4653,66,238,66,0,0.0,0,
4654,81,330,81,0,0.0,0,
4655,49,256,49,0,0.0,0,
4656,46,724,46,0,0.0,0,
4657,52,841,52,0,0.0,0,
4658,60,209,60,0,0.0,0,
4659,44,245,44,0,0.0,0,
465,33,52,33,0,0.0,0,
4660,34,279,34,0,0.0,0,
4661,57,289,57,0,0.0,0,
4662,43,314,43,0,0.0,0,
4663,60,385,60,0,0.0,0,
4664,36,108,36,0,0.0,0,
4665,51,341,51,0,0.0,0,
4666,48,287,48,0,0.0,0,
4667,28,213,28,0,0.0,0,
4668,28,313,28,0,0.0,0,
4669,89,148,89,0,0.0,0,
466,47,231,47,0,0.0,0,
4670,57,715,57,0,0.0,0,
4671,45,285,45,0,0.0,0,
4672,59,746,59,0,0.0,0,
4673,42,128,42,0,0.0,0,
4674,62,1692,62,0,0.0,0,
4675,54,632,54,0,0.0,0,
4676,32,178,32,0,0.0,0,
4677,55,279,55,0,0.0,0,
4678,53,347,53,0,0.0,0,
4679,57,326,57,0,0.0,0,
467,70,198,70,0,0.0,0,
4680,37,1616,37,0,0.0,0,
4681,60,371,60,0,0.0,0,
4682,64,445,64,0,0.0,0,
4683,52,383,52,0,0.0,0,
4684,40,444,40,0,0.0,0,
4685,44,260,44,0,0.0,0,
4686,53,715,53,0,0.0,0,
4687,49,251,49,0,0.0,0,
4688,52,707,52,0,0.0,0,
4689,46,598,46,0,0.0,0,
468,37,224,37,0,0.0,0,
4690,42,1016,42,0,0.0,0,
4691,60,335,60,0,0.0,0,
4692,31,158,31,0,0.0,0,
4693,49,262,49,0,0.0,0,
4694,49,710,49,0,0.0,0,
4695,43,1318,43,0,0.0,0,
4696,50,1555,50,0,0.0,0,
4697,65,1688,65,0,0.0,0,
4698,66,492,66,0,0.0,0,
4699,25,220,25,0,0.0,0,
469,24,223,24,0,0.0,0,
46,60,289,60,0,0.0,0,
4700,65,337,64,1,0.015384615384615385,0,A_197
4701,53,339,53,0,0.0,0,
4702,60,214,60,0,0.0,0,
4703,41,193,41,0,0.0,0,
4704,36,246,36,0,0.0,0,
4705,42,454,41,1,0.023809523809523808,0,A_108
4706,53,80,53,0,0.0,0,
4707,33,641,33,0,0.0,0,
4708,44,512,44,0,0.0,0,
4709,52,274,52,0,0.0,0,
470,87,374,87,0,0.0,0,
4710,59,291,59,0,0.0,0,
4711,49,562,49,0,0.0,0,
4712,58,490,58,0,0.0,0,
4713,42,141,42,0,0.0,0,
4714,29,324,29,0,0.0,0,
4715,51,580,51,0,0.0,0,
4716,67,304,67,0,0.0,0,
4717,41,87,41,0,0.0,0,
4718,61,336,61,0,0.0,0,
4719,33,472,33,0,0.0,0,
471,64,380,64,0,0.0,0,
4720,53,223,53,0,0.0,0,
4721,50,366,50,0,0.0,0,
4722,44,716,44,0,0.0,0,
4723,47,435,47,0,0.0,0,
4724,64,1053,64,0,0.0,0,
4725,51,260,51,0,0.0,0,
4726,50,344,50,0,0.0,0,
4727,57,1053,57,0,0.0,0,
4728,47,1212,47,0,0.0,0,
4729,64,390,64,0,0.0,0,
472,55,276,55,0,0.0,0,
4730,67,198,67,0,0.0,0,
4731,49,1047,49,0,0.0,0,
4732,60,377,60,0,0.0,0,
4733,65,209,65,0,0.0,0,
4734,61,286,61,0,0.0,0,
4735,45,985,45,0,0.0,0,
4736,33,440,33,0,0.0,0,
4737,50,284,50,0,0.0,0,
4738,45,278,45,0,0.0,0,
4739,45,546,45,0,0.0,0,
473,56,268,56,0,0.0,0,
4740,67,374,67,0,0.0,0,
4741,48,247,48,0,0.0,0,
4742,53,470,53,0,0.0,0,
4743,53,291,53,0,0.0,0,
4744,38,426,38,0,0.0,0,
4745,51,301,51,0,0.0,0,
4746,41,605,41,0,0.0,0,
4747,55,217,55,0,0.0,0,
4748,49,648,49,0,0.0,0,
4749,61,662,61,0,0.0,0,
474,54,340,54,0,0.0,0,
4750,9,74,9,0,0.0,0,
4751,44,825,44,0,0.0,0,
4752,67,504,67,0,0.0,0,
4753,46,554,46,0,0.0,0,
4754,37,265,37,0,0.0,0,
4755,49,517,49,0,0.0,0,
4756,40,458,40,0,0.0,0,
4757,54,191,54,0,0.0,0,
4758,55,223,55,0,0.0,0,
4759,63,290,63,0,0.0,0,
475,30,298,30,0,0.0,0,
4760,53,207,53,0,0.0,0,
4761,37,244,37,0,0.0,0,
4762,53,430,53,0,0.0,0,
4763,46,694,46,0,0.0,0,
4764,27,499,27,0,0.0,0,
4765,71,293,71,0,0.0,0,
4766,43,692,43,0,0.0,0,
4767,59,200,59,0,0.0,0,
4768,42,128,42,0,0.0,0,
4769,58,324,58,0,0.0,0,
476,58,473,58,0,0.0,0,
4770,51,294,51,0,0.0,0,
4771,45,93,45,0,0.0,0,
4772,36,219,36,0,0.0,0,
4773,32,193,32,0,0.0,0,
4774,85,553,85,0,0.0,0,
4775,27,178,27,0,0.0,0,
4776,33,167,33,0,0.0,0,
4777,59,217,59,0,0.0,0,
4778,65,592,65,0,0.0,0,
4779,48,475,48,0,0.0,0,
477,47,395,47,0,0.0,0,
4780,38,284,38,0,0.0,0,
4781,49,302,49,0,0.0,0,
4782,57,353,57,0,0.0,0,
4783,53,324,53,0,0.0,0,
4784,54,273,54,0,0.0,0,
4785,35,234,35,0,0.0,0,
4786,80,470,80,0,0.0,0,
4787,44,91,44,0,0.0,0,
4788,34,119,34,0,0.0,0,
4789,47,397,47,0,0.0,0,
478,21,692,21,0,0.0,0,
4790,50,863,50,0,0.0,0,
4791,44,361,44,0,0.0,0,
4792,97,206,97,0,0.0,0,
4793,85,187,85,0,0.0,0,
4794,59,210,59,0,0.0,0,
4795,76,1180,76,0,0.0,0,
4796,43,117,43,0,0.0,0,
4797,59,521,59,0,0.0,0,
4798,58,284,58,0,0.0,0,
4799,44,251,44,0,0.0,0,
479,71,517,71,0,0.0,0,
47,32,113,32,0,0.0,0,
4800,38,336,38,0,0.0,0,
4801,64,376,64,0,0.0,0,
4802,40,259,40,0,0.0,0,
4803,46,323,46,0,0.0,0,
4804,45,477,45,0,0.0,0,
4805,30,264,30,0,0.0,0,
4806,70,198,70,0,0.0,0,
4807,15,268,15,0,0.0,0,
4808,49,256,49,0,0.0,0,
4809,67,2050,67,0,0.0,0,
480,56,1414,56,0,0.0,0,
4810,42,261,42,0,0.0,0,
4811,113,830,113,0,0.0,0,
4812,71,466,71,0,0.0,0,
4813,44,356,44,0,0.0,0,
4814,50,446,50,0,0.0,0,
4815,31,258,31,0,0.0,0,
4816,58,282,58,0,0.0,0,
4817,50,260,50,0,0.0,0,
4818,55,364,55,0,0.0,0,
4819,36,261,36,0,0.0,0,
481,12,242,12,0,0.0,0,
4820,50,198,48,2,0.04,0,A_1042 A_1122
4821,45,322,45,0,0.0,0,
4822,73,335,73,0,0.0,0,
4823,49,144,49,0,0.0,0,
4824,54,333,54,0,0.0,0,
4825,39,257,39,0,0.0,0,
4826,53,394,53,0,0.0,0,
4827,67,198,67,0,0.0,0,
4828,54,162,54,0,0.0,0,
4829,46,212,46,0,0.0,0,
482,41,162,41,0,0.0,0,
4830,39,167,39,0,0.0,0,
4831,79,314,79,0,0.0,0,
4832,64,288,64,0,0.0,0,
4833,68,305,68,0,0.0,0,
4834,54,254,54,0,0.0,0,
4835,53,1556,53,0,0.0,0,
4836,63,270,63,0,0.0,0,
4837,38,135,38,0,0.0,0,
4838,43,483,43,0,0.0,0,
4839,67,198,67,0,0.0,0,
483,51,958,51,0,0.0,0,
4840,47,324,47,0,0.0,0,
4841,61,705,61,0,0.0,0,
4842,44,208,44,0,0.0,0,
4843,22,150,22,0,0.0,0,
4844,52,430,52,0,0.0,0,
4845,46,239,46,0,0.0,0,
4846,37,162,37,0,0.0,0,
4847,48,299,48,0,0.0,0,
4848,53,598,53,0,0.0,0,
4849,52,221,52,0,0.0,0,
484,55,243,55,0,0.0,0,
4850,44,165,44,0,0.0,0,
4851,72,348,72,0,0.0,0,
4852,80,317,80,0,0.0,0,
4853,75,250,75,0,0.0,0,
4854,51,554,51,0,0.0,0,
4855,56,131,56,0,0.0,0,
4856,74,444,74,0,0.0,0,
4857,35,127,35,0,0.0,0,
4858,64,208,64,0,0.0,0,
4859,62,170,62,0,0.0,0,
485,66,142,66,0,0.0,0,
4860,106,614,106,0,0.0,0,
4861,58,460,58,0,0.0,0,
4862,55,585,55,0,0.0,0,
4863,57,284,57,0,0.0,0,
4864,34,119,34,0,0.0,0,
4865,57,263,57,0,0.0,0,
4866,62,209,62,0,0.0,0,
4867,55,474,55,0,0.0,0,
4868,58,1024,58,0,0.0,0,
4869,81,747,81,0,0.0,0,
486,65,347,65,0,0.0,0,
4870,39,440,39,0,0.0,0,
4871,47,115,47,0,0.0,0,
4872,48,350,48,0,0.0,0,
4873,34,104,34,0,0.0,0,
4874,46,434,46,0,0.0,0,
4875,60,276,60,0,0.0,0,
4876,53,1760,53,0,0.0,0,
4877,41,201,41,0,0.0,0,
4878,61,284,61,0,0.0,0,
4879,50,4008,48,2,0.04,0,A_25 V_25
487,50,360,50,0,0.0,0,
4880,103,814,103,0,0.0,0,
4881,40,231,40,0,0.0,0,
4882,50,246,50,0,0.0,0,
4883,55,171,55,0,0.0,0,
4884,57,545,57,0,0.0,0,
4885,45,864,45,0,0.0,0,
4886,63,304,63,0,0.0,0,
4887,63,496,63,0,0.0,0,
4888,29,107,29,0,0.0,0,
4889,78,582,78,0,0.0,0,
488,35,197,35,0,0.0,0,
4890,39,234,39,0,0.0,0,
4891,58,340,58,0,0.0,0,
4892,50,367,50,0,0.0,0,
4893,49,1556,49,0,0.0,0,
4894,49,337,49,0,0.0,0,
4895,41,95,41,0,0.0,0,
4896,71,253,71,0,0.0,0,
4897,60,227,60,0,0.0,0,
4898,60,280,60,0,0.0,0,
4899,63,418,63,0,0.0,0,
489,33,49,33,0,0.0,0,
48,54,984,54,0,0.0,0,
4900,21,438,21,0,0.0,0,
4901,56,202,56,0,0.0,0,
4902,57,521,57,0,0.0,0,
4903,47,498,47,0,0.0,0,
4904,41,121,41,0,0.0,0,
4905,83,340,83,0,0.0,0,
4906,44,388,44,0,0.0,0,
4907,48,218,48,0,0.0,0,
4908,52,547,52,0,0.0,0,
4909,59,884,59,0,0.0,0,
490,58,239,58,0,0.0,0,
4910,51,480,51,0,0.0,0,
4911,39,358,39,0,0.0,0,
4912,69,380,67,2,0.028985507246376812,0,A_157 A_59
4913,44,386,44,0,0.0,0,
4914,49,740,49,0,0.0,0,
4915,51,155,51,0,0.0,0,
4916,31,100,31,0,0.0,0,
4917,65,248,65,0,0.0,0,
4918,52,137,52,0,0.0,0,
4919,59,284,59,0,0.0,0,
491,65,365,65,0,0.0,0,
4920,42,223,42,0,0.0,0,
4921,31,406,31,0,0.0,0,
4922,57,368,57,0,0.0,0,
4923,45,586,45,0,0.0,0,
4924,52,484,52,0,0.0,0,
4925,52,585,52,0,0.0,0,
4926,62,250,62,0,0.0,0,
4927,47,304,47,0,0.0,0,
4928,67,425,67,0,0.0,0,
4929,54,327,54,0,0.0,0,
492,24,355,24,0,0.0,0,
4930,64,198,64,0,0.0,0,
4931,62,291,62,0,0.0,0,
4932,66,329,66,0,0.0,0,
4933,41,116,41,0,0.0,0,
4934,64,381,64,0,0.0,0,
4935,51,272,51,0,0.0,0,
4936,44,738,44,0,0.0,0,
4937,61,275,61,0,0.0,0,
4938,19,257,19,0,0.0,0,
4939,61,313,61,0,0.0,0,
493,47,411,47,0,0.0,0,
4940,64,248,64,0,0.0,0,
4941,49,294,49,0,0.0,0,
4942,50,558,50,0,0.0,0,
4943,52,646,52,0,0.0,0,
4944,56,348,56,0,0.0,0,
4945,50,215,50,0,0.0,0,
4946,40,175,40,0,0.0,0,
4947,29,334,29,0,0.0,0,
4948,33,241,33,0,0.0,0,
4949,42,439,42,0,0.0,0,
494,73,1672,73,0,0.0,0,
4950,64,198,64,0,0.0,0,
4951,64,198,64,0,0.0,0,
4952,31,128,31,0,0.0,0,
4953,59,1294,59,0,0.0,0,
4954,33,330,33,0,0.0,0,
4955,48,198,48,0,0.0,0,
4956,64,198,64,0,0.0,0,
4957,33,130,33,0,0.0,0,
4958,52,697,52,0,0.0,0,
4959,37,1506,37,0,0.0,0,
495,44,1342,44,0,0.0,0,
4960,122,517,122,0,0.0,0,
4961,53,322,53,0,0.0,0,
4962,52,223,52,0,0.0,0,
4963,33,228,33,0,0.0,0,
4964,46,128,46,0,0.0,0,
4965,57,1068,57,0,0.0,0,
4966,47,257,47,0,0.0,0,
4967,50,263,50,0,0.0,0,
4968,43,435,43,0,0.0,0,
4969,70,198,70,0,0.0,0,
496,41,273,41,0,0.0,0,
4970,58,652,58,0,0.0,0,
4971,77,230,77,0,0.0,0,
4972,102,335,102,0,0.0,0,
4973,37,528,37,0,0.0,0,
4974,32,93,32,0,0.0,0,
4975,27,56,27,0,0.0,0,
4976,35,291,35,0,0.0,0,
4977,46,1552,46,0,0.0,0,
4978,62,644,62,0,0.0,0,
4979,66,208,66,0,0.0,0,
497,53,321,53,0,0.0,0,
4980,51,307,51,0,0.0,0,
4981,30,138,30,0,0.0,0,
4982,33,267,33,0,0.0,0,
4983,48,410,48,0,0.0,0,
4984,69,1618,68,1,0.014492753623188406,0,A_680
4985,59,308,59,0,0.0,0,
4986,44,177,44,0,0.0,0,
4987,44,682,44,0,0.0,0,
4988,60,860,60,0,0.0,0,
4989,33,250,33,0,0.0,0,
498,47,243,47,0,0.0,0,
4990,41,258,41,0,0.0,0,
4991,75,576,75,0,0.0,0,
4992,38,464,38,0,0.0,0,
4993,61,335,61,0,0.0,0,
4994,69,944,69,0,0.0,0,
4995,35,440,35,0,0.0,0,
4996,53,283,53,0,0.0,0,
4997,49,169,49,0,0.0,0,
4998,55,162,55,0,0.0,0,
4999,54,712,54,0,0.0,0,
499,36,260,36,0,0.0,0,
49,43,513,43,0,0.0,0,
4,48,807,48,0,0.0,0,
5000,30,719,30,0,0.0,0,
5001,51,209,51,0,0.0,0,
5002,48,624,48,0,0.0,0,
5003,44,1014,44,0,0.0,0,
5004,57,207,57,0,0.0,0,
5005,75,239,75,0,0.0,0,
5006,39,196,39,0,0.0,0,
5007,56,286,56,0,0.0,0,
5008,40,850,40,0,0.0,0,
5009,37,282,37,0,0.0,0,
500,42,604,42,0,0.0,0,
5010,85,139,85,0,0.0,0,
5011,77,598,77,0,0.0,0,
5012,43,744,43,0,0.0,0,
5013,70,339,70,0,0.0,0,
5014,61,421,61,0,0.0,0,
5015,34,572,34,0,0.0,0,
5016,66,610,66,0,0.0,0,
5017,53,255,53,0,0.0,0,
5018,49,219,49,0,0.0,0,
5019,45,379,45,0,0.0,0,
501,71,388,71,0,0.0,0,
5020,58,263,58,0,0.0,0,
5021,14,163,14,0,0.0,0,
5022,55,218,55,0,0.0,0,
5023,57,254,57,0,0.0,0,
5024,64,368,64,0,0.0,0,
5025,45,154,45,0,0.0,0,
5026,43,348,43,0,0.0,0,
5027,65,667,65,0,0.0,0,
5028,35,260,35,0,0.0,0,
5029,40,256,40,0,0.0,0,
502,51,270,51,0,0.0,0,
5030,32,241,31,1,0.03125,0,A_73
5031,39,114,39,0,0.0,0,
5032,41,291,41,0,0.0,0,
5033,48,215,48,0,0.0,0,
5034,64,1170,64,0,0.0,0,
5035,59,292,59,0,0.0,0,
5036,48,217,48,0,0.0,0,
5037,71,239,71,0,0.0,0,
5038,31,257,31,0,0.0,0,
5039,44,249,44,0,0.0,0,
503,49,1456,49,0,0.0,0,
5040,77,1574,77,0,0.0,0,
5041,68,466,68,0,0.0,0,
5042,29,216,29,0,0.0,0,
5043,54,384,54,0,0.0,0,
5044,44,230,44,0,0.0,0,
5045,68,224,68,0,0.0,0,
5046,49,2040,49,0,0.0,0,
5047,33,1457,33,0,0.0,0,
5048,42,330,42,0,0.0,0,
5049,55,285,55,0,0.0,0,
504,57,684,57,0,0.0,0,
5050,55,286,55,0,0.0,0,
5051,61,1836,61,0,0.0,0,
5052,45,954,45,0,0.0,0,
5053,67,262,67,0,0.0,0,
5054,53,954,53,0,0.0,0,
5055,43,128,43,0,0.0,0,
5056,67,1603,67,0,0.0,0,
5057,47,566,47,0,0.0,0,
5058,53,602,52,1,0.018867924528301886,0,B_192
5059,50,339,50,0,0.0,0,
505,48,147,48,0,0.0,0,
5060,46,783,46,0,0.0,0,
5061,41,121,41,0,0.0,0,
5062,56,390,56,0,0.0,0,
5063,72,384,72,0,0.0,0,
5064,54,254,54,0,0.0,0,
5065,31,158,31,0,0.0,0,
5066,47,564,47,0,0.0,0,
5067,45,92,45,0,0.0,0,
5068,45,664,45,0,0.0,0,
5069,59,238,59,0,0.0,0,
506,53,264,53,0,0.0,0,
5070,45,689,45,0,0.0,0,
5071,58,471,58,0,0.0,0,
5072,41,182,41,0,0.0,0,
5073,26,1020,26,0,0.0,0,
5074,62,277,62,0,0.0,0,
5075,118,643,118,0,0.0,0,
5076,41,223,41,0,0.0,0,
5077,62,198,62,0,0.0,0,
5078,60,570,60,0,0.0,0,
5079,58,471,58,0,0.0,0,
507,40,591,40,0,0.0,0,
5080,45,647,45,0,0.0,0,
5081,61,390,61,0,0.0,0,
5082,49,307,49,0,0.0,0,
5083,65,344,65,0,0.0,0,
5084,45,216,45,0,0.0,0,
5085,38,208,38,0,0.0,0,
5086,61,409,61,0,0.0,0,
5087,58,708,58,0,0.0,0,
5088,24,330,24,0,0.0,0,
5089,33,122,33,0,0.0,0,
508,64,379,64,0,0.0,0,
5090,49,1856,49,0,0.0,0,
5091,56,316,56,0,0.0,0,
5092,41,517,41,0,0.0,0,
5093,46,327,46,0,0.0,0,
5094,50,150,50,0,0.0,0,
5095,65,1623,65,0,0.0,0,
5096,52,1552,52,0,0.0,0,
5097,57,501,57,0,0.0,0,
5098,53,713,53,0,0.0,0,
5099,49,270,49,0,0.0,0,
509,26,132,26,0,0.0,0,
50,35,351,35,0,0.0,0,
5100,39,193,39,0,0.0,0,
5101,63,270,63,0,0.0,0,
5102,53,277,53,0,0.0,0,
5103,52,294,52,0,0.0,0,
5104,54,3080,54,0,0.0,0,
5105,58,372,58,0,0.0,0,
5106,29,105,29,0,0.0,0,
5107,55,339,55,0,0.0,0,
5108,53,276,53,0,0.0,0,
5109,51,273,51,0,0.0,0,
510,58,556,58,0,0.0,0,
5110,47,330,47,0,0.0,0,
5111,33,126,33,0,0.0,0,
5112,51,1416,51,0,0.0,0,
5113,62,215,62,0,0.0,0,
5114,29,172,29,0,0.0,0,
5115,34,113,34,0,0.0,0,
5116,54,321,54,0,0.0,0,
5117,40,123,40,0,0.0,0,
5118,42,1456,42,0,0.0,0,
5119,46,256,46,0,0.0,0,
511,59,562,59,0,0.0,0,
5120,48,438,48,0,0.0,0,
5121,44,106,44,0,0.0,0,
5122,51,289,51,0,0.0,0,
5123,51,124,51,0,0.0,0,
5124,73,520,73,0,0.0,0,
5125,38,258,38,0,0.0,0,
5126,23,1702,23,0,0.0,0,
5127,53,204,53,0,0.0,0,
5128,61,498,61,0,0.0,0,
5129,56,1068,56,0,0.0,0,
512,38,92,38,0,0.0,0,
5130,32,124,32,0,0.0,0,
5131,46,361,46,0,0.0,0,
5132,86,372,86,0,0.0,0,
5133,44,83,44,0,0.0,0,
5134,54,349,54,0,0.0,0,
5135,55,1208,55,0,0.0,0,
5136,38,1157,38,0,0.0,0,
5137,41,247,41,0,0.0,0,
5138,52,266,52,0,0.0,0,
5139,66,263,66,0,0.0,0,
513,46,347,46,0,0.0,0,
5140,43,1458,43,0,0.0,0,
5141,38,441,38,0,0.0,0,
5142,38,329,38,0,0.0,0,
5143,37,435,37,0,0.0,0,
5144,61,333,61,0,0.0,0,
5145,48,466,48,0,0.0,0,
5146,47,264,47,0,0.0,0,
5147,37,127,37,0,0.0,0,
5148,59,517,59,0,0.0,0,
5149,31,157,31,0,0.0,0,
514,37,277,37,0,0.0,0,
5150,45,265,45,0,0.0,0,
5151,55,896,55,0,0.0,0,
5152,42,4032,42,0,0.0,0,
5153,54,286,54,0,0.0,0,
5154,47,862,47,0,0.0,0,
5155,27,512,27,0,0.0,0,
5156,34,239,34,0,0.0,0,
5157,48,385,48,0,0.0,0,
5158,59,285,59,0,0.0,0,
5159,82,374,82,0,0.0,0,
515,47,142,47,0,0.0,0,
5160,47,179,47,0,0.0,0,
5161,51,288,51,0,0.0,0,
5162,38,145,38,0,0.0,0,
5163,72,281,72,0,0.0,0,
5164,47,258,47,0,0.0,0,
5165,73,230,73,0,0.0,0,
5166,46,304,46,0,0.0,0,
5167,56,370,56,0,0.0,0,
5168,57,1254,57,0,0.0,0,
5169,67,1247,67,0,0.0,0,
516,65,340,65,0,0.0,0,
5170,47,598,47,0,0.0,0,
5171,31,268,31,0,0.0,0,
5172,53,510,53,0,0.0,0,
5173,48,208,48,0,0.0,0,
5174,66,189,66,0,0.0,0,
5175,69,370,69,0,0.0,0,
5176,60,357,60,0,0.0,0,
5177,48,864,48,0,0.0,0,
5178,51,258,51,0,0.0,0,
5179,59,281,59,0,0.0,0,
517,36,437,36,0,0.0,0,
5180,50,149,50,0,0.0,0,
5181,38,222,38,0,0.0,0,
5182,59,209,59,0,0.0,0,
5183,43,858,43,0,0.0,0,
5184,46,1452,46,0,0.0,0,
5185,13,475,13,0,0.0,0,
5186,56,336,56,0,0.0,0,
5187,47,342,47,0,0.0,0,
5188,65,939,65,0,0.0,0,
5189,56,447,56,0,0.0,0,
518,24,264,24,0,0.0,0,
5190,44,672,44,0,0.0,0,
5191,52,342,52,0,0.0,0,
5192,48,567,48,0,0.0,0,
5193,38,251,38,0,0.0,0,
5194,51,839,51,0,0.0,0,
5195,55,387,55,0,0.0,0,
5196,58,287,58,0,0.0,0,
5197,59,166,59,0,0.0,0,
5198,33,298,33,0,0.0,0,
5199,69,468,69,0,0.0,0,
519,74,723,74,0,0.0,0,
51,50,342,50,0,0.0,0,
5200,40,559,40,0,0.0,0,
5201,47,462,47,0,0.0,0,
5202,50,776,50,0,0.0,0,
5203,29,298,29,0,0.0,0,
5204,44,165,44,0,0.0,0,
5205,59,282,59,0,0.0,0,
5206,63,1009,63,0,0.0,0,
5207,39,241,38,1,0.02564102564102564,0,C_73
5208,61,1065,61,0,0.0,0,
5209,70,198,70,0,0.0,0,
520,74,557,74,0,0.0,0,
5210,42,296,42,0,0.0,0,
5211,57,215,57,0,0.0,0,
5212,45,558,45,0,0.0,0,
5213,67,1656,67,0,0.0,0,
5214,52,422,52,0,0.0,0,
5215,57,286,57,0,0.0,0,
5216,51,235,51,0,0.0,0,
5217,70,560,70,0,0.0,0,
5218,30,107,30,0,0.0,0,
5219,48,274,48,0,0.0,0,
521,62,355,62,0,0.0,0,
5220,52,588,52,0,0.0,0,
5221,81,545,81,0,0.0,0,
5222,43,160,43,0,0.0,0,
5223,68,349,67,1,0.014705882352941176,0,A_197
5224,41,248,41,0,0.0,0,
5225,58,540,58,0,0.0,0,
5226,62,198,62,0,0.0,0,
5227,58,234,58,0,0.0,0,
5228,42,296,42,0,0.0,0,
5229,48,326,48,0,0.0,0,
522,44,1986,44,0,0.0,0,
5230,41,258,41,0,0.0,0,
5231,59,286,59,0,0.0,0,
5232,62,446,62,0,0.0,0,
5233,47,208,47,0,0.0,0,
5234,38,127,38,0,0.0,0,
5235,56,828,56,0,0.0,0,
5236,70,517,70,0,0.0,0,
5237,49,1618,49,0,0.0,0,
5238,52,1173,52,0,0.0,0,
5239,55,368,55,0,0.0,0,
523,41,250,41,0,0.0,0,
5240,53,504,53,0,0.0,0,
5241,66,213,66,0,0.0,0,
5242,29,134,29,0,0.0,0,
5243,70,198,70,0,0.0,0,
5244,34,153,34,0,0.0,0,
5245,66,304,66,0,0.0,0,
5246,58,307,58,0,0.0,0,
5247,36,298,36,0,0.0,0,
5248,46,716,46,0,0.0,0,
5249,51,736,51,0,0.0,0,
524,45,815,45,0,0.0,0,
5250,61,240,61,0,0.0,0,
5251,54,107,54,0,0.0,0,
5252,41,352,41,0,0.0,0,
5253,52,278,52,0,0.0,0,
5254,59,427,59,0,0.0,0,
5255,43,269,43,0,0.0,0,
5256,45,354,45,0,0.0,0,
5257,52,150,52,0,0.0,0,
5258,44,357,44,0,0.0,0,
5259,47,223,47,0,0.0,0,
525,52,631,52,0,0.0,0,
5260,49,532,49,0,0.0,0,
5261,49,219,49,0,0.0,0,
5262,39,127,39,0,0.0,0,
5263,35,124,35,0,0.0,0,
5264,36,468,36,0,0.0,0,
5265,46,168,46,0,0.0,0,
5266,32,110,32,0,0.0,0,
5267,52,297,52,0,0.0,0,
5268,64,129,64,0,0.0,0,
5269,47,902,47,0,0.0,0,
526,65,339,65,0,0.0,0,
5270,56,968,56,0,0.0,0,
5271,37,298,37,0,0.0,0,
5272,53,350,53,0,0.0,0,
5273,46,373,46,0,0.0,0,
5274,40,223,40,0,0.0,0,
5275,61,503,61,0,0.0,0,
5276,49,855,49,0,0.0,0,
5277,44,692,44,0,0.0,0,
5278,41,265,41,0,0.0,0,
5279,53,4512,52,1,0.018867924528301886,0,A_201
527,62,286,62,0,0.0,0,
5280,61,253,61,0,0.0,0,
5281,50,159,50,0,0.0,0,
5282,60,754,60,0,0.0,0,
5283,64,198,64,0,0.0,0,
5284,32,231,32,0,0.0,0,
5285,78,619,78,0,0.0,0,
5286,44,199,44,0,0.0,0,
5287,68,309,68,0,0.0,0,
5288,45,303,45,0,0.0,0,
5289,80,586,80,0,0.0,0,
528,57,608,57,0,0.0,0,
5290,54,217,54,0,0.0,0,
5291,33,495,33,0,0.0,0,
5292,68,326,68,0,0.0,0,
5293,47,1460,47,0,0.0,0,
5294,17,39,17,0,0.0,0,
5295,57,275,57,0,0.0,0,
5296,53,408,53,0,0.0,0,
5297,50,431,50,0,0.0,0,
5298,41,1246,41,0,0.0,0,
5299,53,163,53,0,0.0,0,
529,36,283,36,0,0.0,0,
52,43,106,43,0,0.0,0,
5300,37,115,37,0,0.0,0,
5301,41,332,41,0,0.0,0,
5302,52,226,52,0,0.0,0,
5303,54,718,54,0,0.0,0,
5304,58,276,58,0,0.0,0,
5305,29,495,29,0,0.0,0,
5306,47,258,47,0,0.0,0,
5307,39,557,39,0,0.0,0,
5308,41,1244,41,0,0.0,0,
5309,36,436,36,0,0.0,0,
530,69,716,69,0,0.0,0,
5310,46,377,46,0,0.0,0,
5311,58,597,58,0,0.0,0,
5312,46,220,46,0,0.0,0,
5313,50,175,50,0,0.0,0,
5314,40,329,40,0,0.0,0,
5315,51,416,51,0,0.0,0,
5316,70,335,70,0,0.0,0,
5317,37,114,37,0,0.0,0,
5318,56,1419,56,0,0.0,0,
5319,59,657,59,0,0.0,0,
531,47,223,47,0,0.0,0,
5320,33,173,33,0,0.0,0,
5321,37,133,37,0,0.0,0,
5322,41,85,41,0,0.0,0,
5323,55,564,55,0,0.0,0,
5324,54,334,54,0,0.0,0,
5325,42,464,42,0,0.0,0,
5326,49,141,49,0,0.0,0,
5327,46,335,46,0,0.0,0,
5328,52,362,52,0,0.0,0,
5329,21,840,21,0,0.0,0,
532,95,599,95,0,0.0,0,
5330,103,337,103,0,0.0,0,
5331,45,300,45,0,0.0,0,
5332,43,253,43,0,0.0,0,
5333,60,250,60,0,0.0,0,
5334,53,278,53,0,0.0,0,
5335,40,222,40,0,0.0,0,
5336,76,236,76,0,0.0,0,
5337,36,127,36,0,0.0,0,
5338,28,371,28,0,0.0,0,
5339,46,480,46,0,0.0,0,
533,67,656,67,0,0.0,0,
5340,80,360,80,0,0.0,0,
5341,47,489,47,0,0.0,0,
5342,45,537,45,0,0.0,0,
5343,58,1855,58,0,0.0,0,
5344,42,954,42,0,0.0,0,
5345,45,101,45,0,0.0,0,
5346,37,128,37,0,0.0,0,
5347,85,388,85,0,0.0,0,
5348,50,625,50,0,0.0,0,
5349,39,457,39,0,0.0,0,
534,66,210,66,0,0.0,0,
5350,48,286,48,0,0.0,0,
5351,47,304,47,0,0.0,0,
5352,45,329,45,0,0.0,0,
5353,29,83,29,0,0.0,0,
5354,49,267,49,0,0.0,0,
5355,36,410,36,0,0.0,0,
5356,45,485,45,0,0.0,0,
5357,85,335,85,0,0.0,0,
5358,36,325,36,0,0.0,0,
5359,56,279,56,0,0.0,0,
535,64,586,64,0,0.0,0,
5360,51,531,51,0,0.0,0,
5361,78,557,78,0,0.0,0,
5362,73,551,73,0,0.0,0,
5363,60,286,60,0,0.0,0,
5364,43,682,43,0,0.0,0,
5365,52,223,52,0,0.0,0,
5366,55,944,55,0,0.0,0,
5367,47,1602,47,0,0.0,0,
5368,67,198,67,0,0.0,0,
5369,45,245,45,0,0.0,0,
536,63,198,63,0,0.0,0,
5370,47,281,47,0,0.0,0,
5371,57,333,57,0,0.0,0,
5372,55,441,55,0,0.0,0,
5373,33,158,33,0,0.0,0,
5374,78,854,78,0,0.0,0,
5375,42,257,42,0,0.0,0,
5376,77,329,77,0,0.0,0,
5377,90,148,90,0,0.0,0,
5378,54,1296,54,0,0.0,0,
5379,43,313,43,0,0.0,0,
537,36,127,36,0,0.0,0,
5380,53,481,53,0,0.0,0,
5381,39,358,39,0,0.0,0,
5382,65,200,65,0,0.0,0,
5383,57,909,57,0,0.0,0,
5384,46,1062,46,0,0.0,0,
5385,62,879,62,0,0.0,0,
5386,40,395,40,0,0.0,0,
5387,48,266,48,0,0.0,0,
5388,47,1092,47,0,0.0,0,
5389,41,569,41,0,0.0,0,
538,55,459,55,0,0.0,0,
5390,49,820,49,0,0.0,0,
5391,49,369,49,0,0.0,0,
5392,50,590,50,0,0.0,0,
5393,47,142,47,0,0.0,0,
5394,64,273,64,0,0.0,0,
5395,39,342,39,0,0.0,0,
5396,67,940,67,0,0.0,0,
5397,48,256,48,0,0.0,0,
5398,51,330,51,0,0.0,0,
5399,53,335,53,0,0.0,0,
539,56,261,56,0,0.0,0,
53,48,319,48,0,0.0,0,
5400,48,270,48,0,0.0,0,
5401,33,307,33,0,0.0,0,
5402,43,346,43,0,0.0,0,
5403,73,304,73,0,0.0,0,
5404,57,247,57,0,0.0,0,
5405,59,135,59,0,0.0,0,
5406,53,155,53,0,0.0,0,
5407,44,329,44,0,0.0,0,
5408,41,329,40,1,0.024390243902439025,0,A_83
5409,59,421,59,0,0.0,0,
540,50,280,50,0,0.0,0,
5410,48,241,48,0,0.0,0,
5411,66,198,66,0,0.0,0,
5412,46,193,46,0,0.0,0,
5413,50,258,50,0,0.0,0,
5414,70,198,70,0,0.0,0,
5415,53,358,53,0,0.0,0,
5416,49,229,49,0,0.0,0,
5417,38,534,38,0,0.0,0,
5418,41,374,41,0,0.0,0,
5419,33,127,33,0,0.0,0,
541,57,302,57,0,0.0,0,
5420,70,198,70,0,0.0,0,
5421,42,260,42,0,0.0,0,
5422,46,387,46,0,0.0,0,
5423,32,50,32,0,0.0,0,
5424,67,430,67,0,0.0,0,
5425,60,889,60,0,0.0,0,
5426,55,245,55,0,0.0,0,
5427,65,632,65,0,0.0,0,
5428,39,779,39,0,0.0,0,
5429,48,988,48,0,0.0,0,
542,35,112,35,0,0.0,0,
5430,37,147,37,0,0.0,0,
5431,43,200,43,0,0.0,0,
5432,69,198,69,0,0.0,0,
5433,50,385,50,0,0.0,0,
5434,43,257,43,0,0.0,0,
5435,53,808,53,0,0.0,0,
5436,49,760,49,0,0.0,0,
5437,48,207,48,0,0.0,0,
5438,37,546,37,0,0.0,0,
5439,74,648,74,0,0.0,0,
543,43,161,43,0,0.0,0,
5440,56,212,56,0,0.0,0,
5441,67,198,67,0,0.0,0,
5442,76,495,76,0,0.0,0,
5443,70,368,70,0,0.0,0,
5444,72,237,72,0,0.0,0,
5445,54,244,54,0,0.0,0,
5446,46,1030,46,0,0.0,0,
5447,47,561,47,0,0.0,0,
5448,46,249,46,0,0.0,0,
5449,40,222,40,0,0.0,0,
544,56,446,56,0,0.0,0,
5450,37,1014,37,0,0.0,0,
5451,54,250,54,0,0.0,0,
5452,37,133,37,0,0.0,0,
5453,34,164,34,0,0.0,0,
5454,41,310,41,0,0.0,0,
5455,27,438,27,0,0.0,0,
5456,29,115,29,0,0.0,0,
5457,50,260,50,0,0.0,0,
5458,78,559,78,0,0.0,0,
5459,57,291,57,0,0.0,0,
545,46,277,46,0,0.0,0,
5460,49,258,49,0,0.0,0,
5461,46,257,46,0,0.0,0,
5462,63,654,63,0,0.0,0,
5463,36,248,36,0,0.0,0,
5464,52,1238,52,0,0.0,0,
5465,55,372,55,0,0.0,0,
5466,56,457,56,0,0.0,0,
5467,50,462,50,0,0.0,0,
5468,48,773,48,0,0.0,0,
5469,47,226,47,0,0.0,0,
546,47,1665,47,0,0.0,0,
5470,35,124,35,0,0.0,0,
5471,42,416,42,0,0.0,0,
5472,25,180,25,0,0.0,0,
5473,56,328,56,0,0.0,0,
5474,62,511,62,0,0.0,0,
5475,67,198,67,0,0.0,0,
5476,76,158,76,0,0.0,0,
5477,50,338,50,0,0.0,0,
5478,47,369,47,0,0.0,0,
5479,34,212,34,0,0.0,0,
547,48,342,48,0,0.0,0,
5480,43,223,43,0,0.0,0,
5481,25,119,25,0,0.0,0,
5482,48,1612,47,1,0.020833333333333332,0,A_680
5483,69,829,69,0,0.0,0,
5484,59,289,59,0,0.0,0,
5485,28,375,28,0,0.0,0,
5486,55,324,55,0,0.0,0,
5487,73,291,73,0,0.0,0,
5488,38,1325,38,0,0.0,0,
5489,56,405,56,0,0.0,0,
548,57,295,57,0,0.0,0,
5490,40,283,40,0,0.0,0,
5491,49,458,49,0,0.0,0,
5492,73,337,72,1,0.0136986301369863,0,A_197
5493,53,297,53,0,0.0,0,
5494,47,1008,47,0,0.0,0,
5495,48,343,48,0,0.0,0,
5496,70,271,70,0,0.0,0,
5497,46,165,46,0,0.0,0,
5498,81,239,81,0,0.0,0,
5499,63,1409,63,0,0.0,0,
549,72,757,72,0,0.0,0,
54,43,223,43,0,0.0,0,
5500,54,522,54,0,0.0,0,
5501,48,1232,48,0,0.0,0,
5502,28,119,28,0,0.0,0,
5503,57,979,57,0,0.0,0,
5504,71,1566,71,0,0.0,0,
5505,47,1988,47,0,0.0,0,
5506,29,309,29,0,0.0,0,
5507,26,121,26,0,0.0,0,
5508,29,232,29,0,0.0,0,
5509,53,698,53,0,0.0,0,
550,45,262,45,0,0.0,0,
5510,61,442,61,0,0.0,0,
5511,56,470,56,0,0.0,0,
5512,51,283,51,0,0.0,0,
5513,50,289,50,0,0.0,0,
5514,52,184,52,0,0.0,0,
5515,67,245,67,0,0.0,0,
5516,41,93,41,0,0.0,0,
5517,66,508,66,0,0.0,0,
5518,48,470,48,0,0.0,0,
5519,63,304,63,0,0.0,0,
551,33,160,33,0,0.0,0,
5520,69,1388,69,0,0.0,0,
5521,52,418,52,0,0.0,0,
5522,57,1031,57,0,0.0,0,
5523,29,97,29,0,0.0,0,
5524,50,1015,50,0,0.0,0,
5525,35,329,35,0,0.0,0,
5526,50,208,50,0,0.0,0,
5527,57,275,57,0,0.0,0,
5528,46,302,46,0,0.0,0,
5529,46,284,46,0,0.0,0,
552,45,316,45,0,0.0,0,
5530,48,910,48,0,0.0,0,
5531,56,357,56,0,0.0,0,
5532,35,215,35,0,0.0,0,
5533,43,266,43,0,0.0,0,
5534,47,504,47,0,0.0,0,
5535,44,633,44,0,0.0,0,
5536,36,223,36,0,0.0,0,
5537,67,551,67,0,0.0,0,
5538,41,862,41,0,0.0,0,
5539,50,425,50,0,0.0,0,
553,49,584,49,0,0.0,0,
5540,34,138,34,0,0.0,0,
5541,41,757,41,0,0.0,0,
5542,39,610,38,1,0.02564102564102564,0,B_46
5543,43,215,43,0,0.0,0,
5544,53,342,53,0,0.0,0,
5545,58,257,58,0,0.0,0,
5546,49,223,49,0,0.0,0,
5547,54,866,54,0,0.0,0,
5548,45,127,45,0,0.0,0,
5549,50,751,50,0,0.0,0,
554,44,322,44,0,0.0,0,
5550,63,198,63,0,0.0,0,
5551,42,223,42,0,0.0,0,
5552,39,632,39,0,0.0,0,
5553,36,324,36,0,0.0,0,
5554,48,287,48,0,0.0,0,
5555,46,1016,46,0,0.0,0,
5556,37,269,37,0,0.0,0,
5557,38,400,38,0,0.0,0,
5558,46,427,46,0,0.0,0,
5559,51,281,51,0,0.0,0,
555,44,253,44,0,0.0,0,
5560,45,1324,45,0,0.0,0,
5561,67,383,67,0,0.0,0,
5562,67,198,67,0,0.0,0,
5563,68,1620,67,1,0.014705882352941176,0,A_680
5564,61,334,61,0,0.0,0,
5565,56,322,56,0,0.0,0,
5566,43,365,43,0,0.0,0,
5567,54,559,54,0,0.0,0,
5568,53,440,53,0,0.0,0,
5569,40,200,40,0,0.0,0,
556,38,257,38,0,0.0,0,
5570,39,342,39,0,0.0,0,
5571,51,290,51,0,0.0,0,
5572,27,58,27,0,0.0,0,
5573,54,292,54,0,0.0,0,
5574,69,678,67,2,0.028985507246376812,0,A_157 A_83
5575,48,199,48,0,0.0,0,
5576,56,524,56,0,0.0,0,
5577,55,572,55,0,0.0,0,
5578,35,396,35,0,0.0,0,
5579,52,349,52,0,0.0,0,
557,67,993,67,0,0.0,0,
5580,51,822,51,0,0.0,0,
5581,60,566,60,0,0.0,0,
5582,53,356,53,0,0.0,0,
5583,60,287,60,0,0.0,0,
5584,56,309,56,0,0.0,0,
5585,38,134,38,0,0.0,0,
5586,61,159,61,0,0.0,0,
5587,28,132,28,0,0.0,0,
5588,56,201,56,0,0.0,0,
5589,39,146,39,0,0.0,0,
558,69,331,69,0,0.0,0,
5590,47,231,47,0,0.0,0,
5591,51,710,51,0,0.0,0,
5592,51,314,51,0,0.0,0,
5593,31,992,31,0,0.0,0,
5594,31,191,31,0,0.0,0,
5595,60,355,60,0,0.0,0,
5596,30,371,30,0,0.0,0,
5597,37,127,37,0,0.0,0,
5598,74,265,74,0,0.0,0,
5599,28,514,28,0,0.0,0,
559,53,592,53,0,0.0,0,
55,47,1270,47,0,0.0,0,
5600,40,374,40,0,0.0,0,
5601,26,346,26,0,0.0,0,
5602,34,76,33,1,0.029411764705882353,0,A_625
5603,60,257,60,0,0.0,0,
5604,51,289,51,0,0.0,0,
5605,55,174,55,0,0.0,0,
5606,51,532,51,0,0.0,0,
5607,67,261,67,0,0.0,0,
5608,58,281,58,0,0.0,0,
5609,48,491,48,0,0.0,0,
560,64,198,64,0,0.0,0,
5610,51,294,51,0,0.0,0,
5611,52,109,52,0,0.0,0,
5612,57,510,57,0,0.0,0,
5613,53,435,53,0,0.0,0,
5614,57,386,57,0,0.0,0,
5615,49,159,49,0,0.0,0,
5616,33,495,33,0,0.0,0,
5617,54,953,54,0,0.0,0,
5618,61,223,61,0,0.0,0,
5619,42,265,42,0,0.0,0,
561,38,223,38,0,0.0,0,
5620,39,519,39,0,0.0,0,
5621,61,303,61,0,0.0,0,
5622,56,976,56,0,0.0,0,
5623,37,474,37,0,0.0,0,
5624,54,811,54,0,0.0,0,
5625,48,261,48,0,0.0,0,
5626,47,174,47,0,0.0,0,
5627,47,513,47,0,0.0,0,
5628,48,260,48,0,0.0,0,
5629,48,270,48,0,0.0,0,
562,25,127,25,0,0.0,0,
5630,76,475,76,0,0.0,0,
5631,44,434,44,0,0.0,0,
5632,58,108,58,0,0.0,0,
5633,67,467,67,0,0.0,0,
5634,44,601,44,0,0.0,0,
5635,55,238,55,0,0.0,0,
5636,52,330,52,0,0.0,0,
5637,58,295,58,0,0.0,0,
5638,48,2054,48,0,0.0,0,
5639,67,351,67,0,0.0,0,
563,68,250,68,0,0.0,0,
5640,57,871,57,0,0.0,0,
5641,50,256,50,0,0.0,0,
5642,35,72,35,0,0.0,0,
5643,45,335,45,0,0.0,0,
5644,52,639,52,0,0.0,0,
5645,51,289,51,0,0.0,0,
5646,54,560,54,0,0.0,0,
5647,52,258,52,0,0.0,0,
5648,43,493,43,0,0.0,0,
5649,48,660,48,0,0.0,0,
564,36,127,36,0,0.0,0,
5650,37,261,37,0,0.0,0,
5651,35,2211,35,0,0.0,0,
5652,46,247,46,0,0.0,0,
5653,44,288,44,0,0.0,0,
5654,21,184,21,0,0.0,0,
5655,48,283,48,0,0.0,0,
5656,37,868,37,0,0.0,0,
5657,44,298,44,0,0.0,0,
5658,47,258,47,0,0.0,0,
5659,50,257,50,0,0.0,0,
565,51,800,51,0,0.0,0,
5660,25,264,25,0,0.0,0,
5661,30,55,30,0,0.0,0,
5662,60,339,60,0,0.0,0,
5663,52,549,52,0,0.0,0,
5664,57,284,57,0,0.0,0,
5665,56,290,56,0,0.0,0,
5666,31,241,30,1,0.03225806451612903,0,A_73
5667,67,460,67,0,0.0,0,
5668,75,237,75,0,0.0,0,
5669,43,546,43,0,0.0,0,
566,44,252,44,0,0.0,0,
5670,60,258,60,0,0.0,0,
5671,52,380,52,0,0.0,0,
5672,34,716,34,0,0.0,0,
5673,97,376,97,0,0.0,0,
5674,62,564,62,0,0.0,0,
5675,31,351,31,0,0.0,0,
5676,54,437,54,0,0.0,0,
5677,66,249,66,0,0.0,0,
5678,89,182,89,0,0.0,0,
5679,49,272,49,0,0.0,0,
567,34,89,34,0,0.0,0,
5680,64,345,64,0,0.0,0,
5681,57,262,57,0,0.0,0,
5682,44,315,44,0,0.0,0,
5683,32,478,32,0,0.0,0,
5684,62,365,62,0,0.0,0,
5685,65,276,65,0,0.0,0,
5686,49,266,49,0,0.0,0,
5687,47,402,47,0,0.0,0,
5688,62,222,62,0,0.0,0,
5689,44,337,44,0,0.0,0,
568,35,2598,35,0,0.0,0,
5690,50,276,50,0,0.0,0,
5691,56,552,56,0,0.0,0,
5692,55,256,55,0,0.0,0,
5693,65,198,65,0,0.0,0,
5694,49,471,49,0,0.0,0,
5695,55,554,55,0,0.0,0,
5696,33,262,33,0,0.0,0,
5697,53,608,53,0,0.0,0,
5698,50,628,50,0,0.0,0,
5699,40,223,40,0,0.0,0,
569,35,250,35,0,0.0,0,
56,48,204,48,0,0.0,0,
5700,52,168,52,0,0.0,0,
5701,27,493,27,0,0.0,0,
5702,46,285,46,0,0.0,0,
5703,33,155,33,0,0.0,0,
5704,38,712,38,0,0.0,0,
5705,67,243,67,0,0.0,0,
5706,49,1584,49,0,0.0,0,
5707,46,273,46,0,0.0,0,
5708,61,376,61,0,0.0,0,
5709,48,286,47,1,0.020833333333333332,0,A_33
570,42,522,42,0,0.0,0,
5710,64,1350,64,0,0.0,0,
5711,45,252,45,0,0.0,0,
5712,44,220,44,0,0.0,0,
5713,55,361,55,0,0.0,0,
5714,29,256,29,0,0.0,0,
5715,56,247,56,0,0.0,0,
5716,49,1454,49,0,0.0,0,
5717,31,355,31,0,0.0,0,
5718,59,379,59,0,0.0,0,
5719,41,347,41,0,0.0,0,
571,37,2904,37,0,0.0,0,
5720,28,195,28,0,0.0,0,
5721,52,547,52,0,0.0,0,
5722,48,257,48,0,0.0,0,
5723,37,708,37,0,0.0,0,
5724,49,288,49,0,0.0,0,
5725,62,349,62,0,0.0,0,
5726,45,402,45,0,0.0,0,
5727,49,515,49,0,0.0,0,
5728,51,1070,51,0,0.0,0,
5729,52,476,52,0,0.0,0,
572,23,81,23,0,0.0,0,
5730,39,159,39,0,0.0,0,
5731,47,440,47,0,0.0,0,
5732,92,366,92,0,0.0,0,
5733,69,408,69,0,0.0,0,
5734,37,1016,37,0,0.0,0,
5735,47,1212,47,0,0.0,0,
5736,88,1592,88,0,0.0,0,
5737,55,880,55,0,0.0,0,
5738,51,258,51,0,0.0,0,
5739,45,305,45,0,0.0,0,
573,45,512,45,0,0.0,0,
5740,33,135,33,0,0.0,0,
5741,51,337,51,0,0.0,0,
5742,34,102,34,0,0.0,0,
5743,55,223,55,0,0.0,0,
5744,53,300,53,0,0.0,0,
5745,32,346,32,0,0.0,0,
5746,40,902,40,0,0.0,0,
5747,52,268,52,0,0.0,0,
5748,59,949,59,0,0.0,0,
5749,71,428,71,0,0.0,0,
574,48,244,48,0,0.0,0,
5750,54,487,54,0,0.0,0,
5751,62,300,62,0,0.0,0,
5752,86,330,86,0,0.0,0,
5753,83,856,83,0,0.0,0,
5754,30,366,30,0,0.0,0,
5755,38,140,38,0,0.0,0,
5756,66,198,66,0,0.0,0,
5757,32,96,32,0,0.0,0,
5758,49,257,49,0,0.0,0,
5759,39,401,39,0,0.0,0,
575,29,592,29,0,0.0,0,
5760,36,127,36,0,0.0,0,
5761,33,146,33,0,0.0,0,
5762,49,262,49,0,0.0,0,
5763,26,214,26,0,0.0,0,
5764,50,256,50,0,0.0,0,
5765,39,553,39,0,0.0,0,
5766,30,1072,30,0,0.0,0,
5767,50,348,50,0,0.0,0,
5768,59,252,59,0,0.0,0,
5769,49,1161,49,0,0.0,0,
576,32,330,32,0,0.0,0,
5770,48,223,48,0,0.0,0,
5771,47,504,47,0,0.0,0,
5772,88,367,88,0,0.0,0,
5773,20,325,20,0,0.0,0,
5774,46,244,46,0,0.0,0,
5775,35,231,35,0,0.0,0,
5776,49,447,49,0,0.0,0,
5777,31,1327,31,0,0.0,0,
5778,34,302,34,0,0.0,0,
5779,46,208,46,0,0.0,0,
577,49,2100,49,0,0.0,0,
5780,46,1560,46,0,0.0,0,
5781,45,296,45,0,0.0,0,
5782,43,532,43,0,0.0,0,
5783,77,358,77,0,0.0,0,
5784,47,257,47,0,0.0,0,
5785,53,304,53,0,0.0,0,
5786,48,155,48,0,0.0,0,
5787,59,134,59,0,0.0,0,
5788,100,813,100,0,0.0,0,
5789,64,198,64,0,0.0,0,
578,46,264,46,0,0.0,0,
5790,65,351,65,0,0.0,0,
5791,46,257,46,0,0.0,0,
5792,49,916,49,0,0.0,0,
5793,47,792,47,0,0.0,0,
5794,51,339,51,0,0.0,0,
5795,37,360,37,0,0.0,0,
5796,37,439,37,0,0.0,0,
5797,25,125,25,0,0.0,0,
5798,30,152,30,0,0.0,0,
5799,46,162,46,0,0.0,0,
579,52,1071,52,0,0.0,0,
57,67,454,67,0,0.0,0,
5800,42,162,42,0,0.0,0,
5801,48,192,48,0,0.0,0,
5802,53,368,53,0,0.0,0,
5803,35,86,35,0,0.0,0,
5804,53,265,53,0,0.0,0,
5805,48,314,48,0,0.0,0,
5806,66,371,66,0,0.0,0,
5807,41,454,41,0,0.0,0,
5808,50,956,50,0,0.0,0,
5809,48,214,48,0,0.0,0,
580,63,282,63,0,0.0,0,
5810,52,1382,52,0,0.0,0,
5811,36,1664,36,0,0.0,0,
5812,64,968,64,0,0.0,0,
5813,64,241,64,0,0.0,0,
5814,56,407,56,0,0.0,0,
5815,47,258,47,0,0.0,0,
5816,38,264,38,0,0.0,0,
5817,54,148,54,0,0.0,0,
5818,32,143,32,0,0.0,0,
5819,34,922,34,0,0.0,0,
581,52,301,52,0,0.0,0,
5820,52,294,52,0,0.0,0,
5821,33,298,33,0,0.0,0,
5822,29,154,29,0,0.0,0,
5823,69,266,69,0,0.0,0,
5824,41,435,41,0,0.0,0,
5825,49,218,49,0,0.0,0,
5826,49,516,49,0,0.0,0,
5827,53,532,53,0,0.0,0,
5828,38,405,38,0,0.0,0,
5829,34,467,34,0,0.0,0,
582,29,292,29,0,0.0,0,
5830,61,582,61,0,0.0,0,
5831,61,319,61,0,0.0,0,
5832,53,215,53,0,0.0,0,
5833,42,527,42,0,0.0,0,
5834,56,785,56,0,0.0,0,
5835,66,667,66,0,0.0,0,
5836,50,177,50,0,0.0,0,
5837,54,337,54,0,0.0,0,
5838,33,302,33,0,0.0,0,
5839,55,223,55,0,0.0,0,
583,68,198,68,0,0.0,0,
5840,76,1380,76,0,0.0,0,
5841,43,285,43,0,0.0,0,
5842,46,381,46,0,0.0,0,
5843,43,2304,43,0,0.0,0,
5844,45,266,45,0,0.0,0,
5845,38,98,38,0,0.0,0,
5846,50,396,50,0,0.0,0,
5847,57,504,57,0,0.0,0,
5848,49,1452,49,0,0.0,0,
5849,51,1454,51,0,0.0,0,
584,52,275,52,0,0.0,0,
5850,35,1316,35,0,0.0,0,
5851,38,244,38,0,0.0,0,
5852,34,280,34,0,0.0,0,
5853,46,128,46,0,0.0,0,
5854,49,1276,49,0,0.0,0,
5855,52,298,52,0,0.0,0,
5856,53,634,53,0,0.0,0,
5857,52,1171,52,0,0.0,0,
5858,48,374,48,0,0.0,0,
5859,59,287,59,0,0.0,0,
585,46,3409,46,0,0.0,0,
5860,45,437,45,0,0.0,0,
5861,40,341,40,0,0.0,0,
5862,44,744,44,0,0.0,0,
5863,50,284,50,0,0.0,0,
5864,65,194,65,0,0.0,0,
5865,41,57,41,0,0.0,0,
5866,47,606,47,0,0.0,0,
5867,58,238,58,0,0.0,0,
5868,44,199,44,0,0.0,0,
5869,39,323,39,0,0.0,0,
586,39,329,39,0,0.0,0,
5870,77,239,77,0,0.0,0,
5871,42,147,42,0,0.0,0,
5872,45,678,45,0,0.0,0,
5873,48,454,48,0,0.0,0,
5874,68,198,68,0,0.0,0,
5875,47,957,47,0,0.0,0,
5876,52,218,52,0,0.0,0,
5877,80,1737,80,0,0.0,0,
5878,54,358,54,0,0.0,0,
5879,55,391,55,0,0.0,0,
587,52,284,52,0,0.0,0,
5880,63,428,63,0,0.0,0,
5881,41,163,41,0,0.0,0,
5882,52,1548,52,0,0.0,0,
5883,50,464,50,0,0.0,0,
5884,42,930,42,0,0.0,0,
5885,49,257,49,0,0.0,0,
5886,63,386,63,0,0.0,0,
5887,66,198,66,0,0.0,0,
5888,53,223,53,0,0.0,0,
5889,52,219,52,0,0.0,0,
588,62,198,62,0,0.0,0,
5890,61,650,61,0,0.0,0,
5891,43,255,43,0,0.0,0,
5892,49,294,49,0,0.0,0,
5893,69,798,69,0,0.0,0,
5894,63,563,63,0,0.0,0,
5895,49,227,49,0,0.0,0,
5896,53,135,53,0,0.0,0,
5897,69,536,69,0,0.0,0,
5898,38,146,38,0,0.0,0,
5899,34,728,34,0,0.0,0,
589,50,256,50,0,0.0,0,
58,59,436,59,0,0.0,0,
5900,52,942,52,0,0.0,0,
5901,62,356,62,0,0.0,0,
5902,44,516,44,0,0.0,0,
5903,48,128,48,0,0.0,0,
5904,71,198,71,0,0.0,0,
5905,62,198,62,0,0.0,0,
5906,68,329,68,0,0.0,0,
5907,28,149,28,0,0.0,0,
5908,65,374,65,0,0.0,0,
5909,52,258,52,0,0.0,0,
590,52,501,52,0,0.0,0,
5910,59,283,59,0,0.0,0,
5911,62,312,62,0,0.0,0,
5912,31,196,31,0,0.0,0,
5913,38,1336,38,0,0.0,0,
5914,50,346,50,0,0.0,0,
5915,42,201,42,0,0.0,0,
5916,48,271,48,0,0.0,0,
5917,56,884,56,0,0.0,0,
5918,64,484,64,0,0.0,0,
5919,54,441,54,0,0.0,0,
591,39,128,39,0,0.0,0,
5920,59,311,59,0,0.0,0,
5921,25,327,25,0,0.0,0,
5922,80,326,80,0,0.0,0,
5923,67,337,67,0,0.0,0,
5924,50,377,50,0,0.0,0,
5925,35,127,35,0,0.0,0,
5926,41,335,41,0,0.0,0,
5927,51,658,51,0,0.0,0,
5928,54,304,54,0,0.0,0,
5929,38,189,38,0,0.0,0,
592,59,568,59,0,0.0,0,
5930,57,256,57,0,0.0,0,
5931,30,214,30,0,0.0,0,
5932,59,865,59,0,0.0,0,
5933,44,260,44,0,0.0,0,
5934,49,819,49,0,0.0,0,
5935,58,254,58,0,0.0,0,
5936,51,350,51,0,0.0,0,
5937,49,262,49,0,0.0,0,
5938,58,277,58,0,0.0,0,
5939,61,473,61,0,0.0,0,
593,36,138,36,0,0.0,0,
5940,72,238,72,0,0.0,0,
5941,52,808,52,0,0.0,0,
5942,46,1380,46,0,0.0,0,
5943,75,550,75,0,0.0,0,
5944,47,1016,47,0,0.0,0,
5945,53,277,53,0,0.0,0,
5946,52,1456,52,0,0.0,0,
5947,46,257,46,0,0.0,0,
5948,63,337,62,1,0.015873015873015872,0,A_197
5949,40,1334,40,0,0.0,0,
594,62,252,62,0,0.0,0,
5950,51,551,51,0,0.0,0,
5951,79,149,79,0,0.0,0,
5952,65,304,65,0,0.0,0,
5953,42,201,42,0,0.0,0,
5954,28,244,28,0,0.0,0,
5955,54,553,54,0,0.0,0,
5956,48,326,48,0,0.0,0,
5957,59,275,59,0,0.0,0,
5958,68,666,67,1,0.014705882352941176,0,A_315
5959,17,605,17,0,0.0,0,
595,50,707,50,0,0.0,0,
5960,23,40,23,0,0.0,0,
5961,56,413,56,0,0.0,0,
5962,72,337,72,0,0.0,0,
5963,45,223,45,0,0.0,0,
5964,23,582,23,0,0.0,0,
5965,35,285,35,0,0.0,0,
5966,46,257,46,0,0.0,0,
5967,32,223,32,0,0.0,0,
5968,72,290,72,0,0.0,0,
5969,40,86,40,0,0.0,0,
596,50,259,50,0,0.0,0,
5970,53,515,53,0,0.0,0,
5971,58,435,58,0,0.0,0,
5972,33,129,33,0,0.0,0,
5973,74,868,74,0,0.0,0,
5974,59,417,59,0,0.0,0,
5975,50,298,50,0,0.0,0,
5976,54,118,54,0,0.0,0,
5977,55,305,55,0,0.0,0,
5978,64,1069,64,0,0.0,0,
5979,68,198,68,0,0.0,0,
597,51,491,51,0,0.0,0,
5980,66,328,66,0,0.0,0,
5981,48,724,48,0,0.0,0,
5982,55,334,55,0,0.0,0,
5983,73,207,73,0,0.0,0,
5984,53,567,53,0,0.0,0,
5985,72,1618,71,1,0.013888888888888888,0,A_680
5986,49,257,49,0,0.0,0,
5987,51,339,51,0,0.0,0,
5988,40,546,40,0,0.0,0,
5989,39,157,39,0,0.0,0,
598,45,358,45,0,0.0,0,
5990,47,191,47,0,0.0,0,
5991,46,704,46,0,0.0,0,
5992,42,377,42,0,0.0,0,
5993,62,394,62,0,0.0,0,
5994,70,336,70,0,0.0,0,
5995,37,159,37,0,0.0,0,
5996,56,474,56,0,0.0,0,
5997,50,868,50,0,0.0,0,
5998,25,161,25,0,0.0,0,
5999,66,610,66,0,0.0,0,
599,41,2106,41,0,0.0,0,
59,58,372,58,0,0.0,0,
5,41,224,41,0,0.0,0,
6000,62,333,62,0,0.0,0,
6001,28,454,28,0,0.0,0,
6002,36,228,36,0,0.0,0,
6003,40,260,40,0,0.0,0,
6004,46,314,46,0,0.0,0,
6005,52,271,52,0,0.0,0,
6006,31,532,31,0,0.0,0,
6007,57,312,57,0,0.0,0,
6008,49,386,49,0,0.0,0,
6009,45,257,45,0,0.0,0,
600,38,327,38,0,0.0,0,
6010,52,388,52,0,0.0,0,
6011,49,331,49,0,0.0,0,
6012,76,1388,76,0,0.0,0,
6013,49,464,49,0,0.0,0,
6014,62,257,62,0,0.0,0,
6015,39,298,39,0,0.0,0,
6016,46,262,46,0,0.0,0,
6017,37,262,37,0,0.0,0,
6018,35,690,35,0,0.0,0,
6019,37,50,37,0,0.0,0,
601,66,1616,65,1,0.015151515151515152,0,A_680
6020,41,1092,41,0,0.0,0,
6021,64,248,64,0,0.0,0,
6022,53,291,53,0,0.0,0,
6023,35,134,35,0,0.0,0,
6024,44,200,44,0,0.0,0,
6025,59,696,59,0,0.0,0,
6026,47,278,47,0,0.0,0,
6027,43,346,43,0,0.0,0,
6028,55,275,55,0,0.0,0,
6029,41,297,41,0,0.0,0,
602,48,712,48,0,0.0,0,
6030,41,363,41,0,0.0,0,
6031,66,454,66,0,0.0,0,
6032,41,257,41,0,0.0,0,
6033,42,236,42,0,0.0,0,
6034,58,546,58,0,0.0,0,
6035,47,1743,47,0,0.0,0,
6036,47,702,47,0,0.0,0,
6037,58,432,58,0,0.0,0,
6038,42,524,42,0,0.0,0,
6039,55,224,55,0,0.0,0,
603,39,171,39,0,0.0,0,
6040,50,257,50,0,0.0,0,
6041,31,195,31,0,0.0,0,
6042,47,380,47,0,0.0,0,
6043,40,164,40,0,0.0,0,
6044,34,267,34,0,0.0,0,
6045,77,389,77,0,0.0,0,
6046,36,94,36,0,0.0,0,
6047,51,292,51,0,0.0,0,
6048,67,198,67,0,0.0,0,
6049,52,563,52,0,0.0,0,
604,90,1080,90,0,0.0,0,
6050,58,215,58,0,0.0,0,
6051,63,462,63,0,0.0,0,
6052,67,223,67,0,0.0,0,
6053,63,875,63,0,0.0,0,
6054,41,458,41,0,0.0,0,
6055,55,213,55,0,0.0,0,
6056,54,670,54,0,0.0,0,
6057,47,309,47,0,0.0,0,
6058,48,224,48,0,0.0,0,
6059,42,345,42,0,0.0,0,
605,38,338,38,0,0.0,0,
6060,37,492,37,0,0.0,0,
6061,51,382,51,0,0.0,0,
6062,58,241,58,0,0.0,0,
6063,41,1185,41,0,0.0,0,
6064,58,284,58,0,0.0,0,
6065,51,201,51,0,0.0,0,
6066,66,328,66,0,0.0,0,
6067,44,466,44,0,0.0,0,
6068,39,1018,39,0,0.0,0,
6069,59,385,59,0,0.0,0,
606,61,319,61,0,0.0,0,
6070,71,339,71,0,0.0,0,
6071,40,121,40,0,0.0,0,
6072,66,427,66,0,0.0,0,
6073,60,208,60,0,0.0,0,
6074,49,603,49,0,0.0,0,
6075,34,243,34,0,0.0,0,
6076,58,282,58,0,0.0,0,
6077,45,1456,45,0,0.0,0,
6078,68,356,68,0,0.0,0,
6079,51,558,51,0,0.0,0,
607,46,736,46,0,0.0,0,
6080,51,214,51,0,0.0,0,
6081,64,198,64,0,0.0,0,
6082,24,1312,24,0,0.0,0,
6083,56,455,56,0,0.0,0,
6084,50,1622,50,0,0.0,0,
6085,49,510,49,0,0.0,0,
6086,44,426,44,0,0.0,0,
6087,63,166,63,0,0.0,0,
6088,52,605,52,0,0.0,0,
6089,53,298,53,0,0.0,0,
608,55,402,55,0,0.0,0,
6090,70,198,70,0,0.0,0,
6091,59,898,58,1,0.01694915254237288,0,B_311
6092,41,853,41,0,0.0,0,
6093,64,379,64,0,0.0,0,
6094,44,329,44,0,0.0,0,
6095,68,227,68,0,0.0,0,
6096,42,288,42,0,0.0,0,
6097,67,564,67,0,0.0,0,
6098,57,422,57,0,0.0,0,
6099,60,572,60,0,0.0,0,
609,47,828,47,0,0.0,0,
60,36,660,36,0,0.0,0,
6100,46,245,46,0,0.0,0,
6101,35,52,35,0,0.0,0,
6102,71,329,71,0,0.0,0,
6103,51,516,51,0,0.0,0,
6104,56,245,56,0,0.0,0,
6105,53,258,53,0,0.0,0,
6106,65,223,65,0,0.0,0,
6107,69,198,69,0,0.0,0,
6108,36,792,36,0,0.0,0,
6109,38,262,36,2,0.05263157894736842,0,A_34 A_36
610,32,158,32,0,0.0,0,
6110,53,264,53,0,0.0,0,
6111,28,37,28,0,0.0,0,
6112,83,360,83,0,0.0,0,
6113,53,297,53,0,0.0,0,
6114,89,242,89,0,0.0,0,
6115,43,438,43,0,0.0,0,
6116,71,1618,70,1,0.014084507042253521,0,A_680
6117,66,628,66,0,0.0,0,
6118,62,652,62,0,0.0,0,
6119,63,728,63,0,0.0,0,
611,56,862,56,0,0.0,0,
6120,54,163,54,0,0.0,0,
6121,53,310,53,0,0.0,0,
6122,83,336,83,0,0.0,0,
6123,35,428,35,0,0.0,0,
6124,52,1560,52,0,0.0,0,
6125,41,266,41,0,0.0,0,
6126,60,534,60,0,0.0,0,
6127,35,218,35,0,0.0,0,
6128,32,599,32,0,0.0,0,
6129,56,296,56,0,0.0,0,
612,67,517,67,0,0.0,0,
6130,35,135,35,0,0.0,0,
6131,38,102,38,0,0.0,0,
6132,59,516,59,0,0.0,0,
6133,47,259,47,0,0.0,0,
6134,43,370,43,0,0.0,0,
6135,47,953,47,0,0.0,0,
6136,67,466,67,0,0.0,0,
6137,38,115,38,0,0.0,0,
6138,72,386,72,0,0.0,0,
6139,50,207,50,0,0.0,0,
613,69,372,69,0,0.0,0,
6140,63,239,63,0,0.0,0,
6141,68,131,68,0,0.0,0,
6142,79,608,79,0,0.0,0,
6143,43,316,43,0,0.0,0,
6144,35,228,35,0,0.0,0,
6145,31,165,31,0,0.0,0,
6146,39,157,39,0,0.0,0,
6147,38,135,38,0,0.0,0,
6148,47,557,47,0,0.0,0,
6149,49,198,49,0,0.0,0,
614,67,256,67,0,0.0,0,
6150,39,353,39,0,0.0,0,
6151,46,266,46,0,0.0,0,
6152,21,473,21,0,0.0,0,
6153,14,235,14,0,0.0,0,
6154,57,512,57,0,0.0,0,
6155,35,118,35,0,0.0,0,
6156,38,342,38,0,0.0,0,
6157,34,299,34,0,0.0,0,
6158,53,298,53,0,0.0,0,
6159,45,167,45,0,0.0,0,
615,45,520,45,0,0.0,0,
6160,50,535,50,0,0.0,0,
6161,57,865,57,0,0.0,0,
6162,52,309,52,0,0.0,0,
6163,41,229,41,0,0.0,0,
6164,39,87,39,0,0.0,0,
6165,52,926,52,0,0.0,0,
6166,67,490,67,0,0.0,0,
6167,50,331,50,0,0.0,0,
6168,49,226,49,0,0.0,0,
6169,35,255,35,0,0.0,0,
616,29,180,29,0,0.0,0,
6170,43,119,43,0,0.0,0,
6171,39,101,39,0,0.0,0,
6172,54,209,54,0,0.0,0,
6173,48,217,48,0,0.0,0,
6174,57,284,57,0,0.0,0,
6175,53,333,53,0,0.0,0,
6176,41,496,41,0,0.0,0,
6177,47,470,47,0,0.0,0,
6178,56,833,56,0,0.0,0,
6179,65,448,65,0,0.0,0,
617,41,176,41,0,0.0,0,
6180,44,121,44,0,0.0,0,
6181,52,254,52,0,0.0,0,
6182,61,251,61,0,0.0,0,
6183,34,338,34,0,0.0,0,
6184,34,54,34,0,0.0,0,
6185,47,354,47,0,0.0,0,
6186,32,241,31,1,0.03125,0,A_73
6187,52,349,52,0,0.0,0,
6188,43,256,43,0,0.0,0,
6189,50,201,50,0,0.0,0,
618,48,271,48,0,0.0,0,
6190,65,198,65,0,0.0,0,
6191,20,407,20,0,0.0,0,
6192,50,193,50,0,0.0,0,
6193,39,316,39,0,0.0,0,
6194,47,354,47,0,0.0,0,
6195,83,630,83,0,0.0,0,
6196,29,492,29,0,0.0,0,
6197,26,129,26,0,0.0,0,
6198,49,257,49,0,0.0,0,
6199,65,256,65,0,0.0,0,
619,56,238,56,0,0.0,0,
61,59,585,59,0,0.0,0,
6200,26,1248,26,0,0.0,0,
6201,86,375,86,0,0.0,0,
6202,47,498,47,0,0.0,0,
6203,55,504,55,0,0.0,0,
6204,51,269,51,0,0.0,0,
6205,46,297,46,0,0.0,0,
6206,32,130,32,0,0.0,0,
6207,65,236,65,0,0.0,0,
6208,57,284,57,0,0.0,0,
6209,59,847,54,5,0.0847457627118644,0,A_103 A_256 A_259 A_368 A_374
620,45,355,45,0,0.0,0,
6210,58,286,58,0,0.0,0,
6211,67,198,67,0,0.0,0,
6212,61,608,61,0,0.0,0,
6213,51,304,51,0,0.0,0,
6214,51,432,51,0,0.0,0,
6215,53,294,53,0,0.0,0,
6216,47,143,47,0,0.0,0,
6217,53,438,53,0,0.0,0,
6218,46,1340,46,0,0.0,0,
6219,54,219,54,0,0.0,0,
621,50,257,50,0,0.0,0,
6220,98,425,98,0,0.0,0,
6221,43,328,43,0,0.0,0,
6222,65,337,65,0,0.0,0,
6223,40,297,40,0,0.0,0,
6224,39,1555,39,0,0.0,0,
6225,49,250,49,0,0.0,0,
6226,42,337,42,0,0.0,0,
6227,56,604,56,0,0.0,0,
6228,38,224,38,0,0.0,0,
6229,39,192,39,0,0.0,0,
622,49,259,49,0,0.0,0,
6230,34,712,34,0,0.0,0,
6231,57,340,57,0,0.0,0,
6232,42,123,42,0,0.0,0,
6233,49,326,49,0,0.0,0,
6234,50,1402,50,0,0.0,0,
6235,46,257,46,0,0.0,0,
6236,63,375,63,0,0.0,0,
6237,36,292,36,0,0.0,0,
6238,68,492,68,0,0.0,0,
6239,54,980,54,0,0.0,0,
623,58,846,53,5,0.08620689655172414,0,A_103 A_256 A_259 A_368 A_374
6240,48,310,48,0,0.0,0,
6241,35,508,35,0,0.0,0,
6242,45,273,45,0,0.0,0,
6243,63,1304,63,0,0.0,0,
6244,38,489,37,1,0.02631578947368421,0,A_70
6245,53,271,53,0,0.0,0,
6246,39,159,39,0,0.0,0,
6247,59,3646,59,0,0.0,0,
6248,31,567,31,0,0.0,0,
6249,71,997,71,0,0.0,0,
624,67,245,67,0,0.0,0,
6250,62,692,62,0,0.0,0,
6251,34,137,34,0,0.0,0,
6252,41,1069,41,0,0.0,0,
6253,49,291,49,0,0.0,0,
6254,62,468,62,0,0.0,0,
6255,66,1724,66,0,0.0,0,
6256,56,284,56,0,0.0,0,
6257,50,416,50,0,0.0,0,
6258,50,168,50,0,0.0,0,
6259,57,290,57,0,0.0,0,
625,46,244,46,0,0.0,0,
6260,41,127,41,0,0.0,0,
6261,47,1452,47,0,0.0,0,
6262,38,961,38,0,0.0,0,
6263,43,249,43,0,0.0,0,
6264,43,686,43,0,0.0,0,
6265,53,369,53,0,0.0,0,
6266,38,782,38,0,0.0,0,
6267,27,155,27,0,0.0,0,
6268,43,1302,43,0,0.0,0,
6269,55,257,55,0,0.0,0,
626,61,495,61,0,0.0,0,
6270,24,418,24,0,0.0,0,
6271,45,279,45,0,0.0,0,
6272,50,170,50,0,0.0,0,
6273,28,342,28,0,0.0,0,
6274,63,345,63,0,0.0,0,
6275,34,72,34,0,0.0,0,
6276,55,395,55,0,0.0,0,
6277,43,247,43,0,0.0,0,
6278,47,462,47,0,0.0,0,
6279,58,356,58,0,0.0,0,
627,49,155,49,0,0.0,0,
6280,55,464,55,0,0.0,0,
6281,70,187,70,0,0.0,0,
6282,92,367,92,0,0.0,0,
6283,47,439,47,0,0.0,0,
6284,57,289,57,0,0.0,0,
6285,33,262,33,0,0.0,0,
6286,57,570,57,0,0.0,0,
6287,46,291,46,0,0.0,0,
6288,62,577,62,0,0.0,0,
6289,43,272,43,0,0.0,0,
628,52,612,52,0,0.0,0,
6290,74,1388,74,0,0.0,0,
6291,65,223,65,0,0.0,0,
6292,48,682,48,0,0.0,0,
6293,47,489,47,0,0.0,0,
6294,61,355,61,0,0.0,0,
6295,43,371,43,0,0.0,0,
6296,51,718,51,0,0.0,0,
6297,32,1618,32,0,0.0,0,
6298,56,224,56,0,0.0,0,
6299,56,256,56,0,0.0,0,
629,17,221,17,0,0.0,0,
62,66,277,65,1,0.015151515151515152,0,A_285
6300,57,245,57,0,0.0,0,
6301,44,330,44,0,0.0,0,
6302,55,355,55,0,0.0,0,
6303,36,604,36,0,0.0,0,
6304,40,236,40,0,0.0,0,
6305,46,187,46,0,0.0,0,
6306,48,260,48,0,0.0,0,
6307,35,135,35,0,0.0,0,
6308,51,287,51,0,0.0,0,
6309,38,85,38,0,0.0,0,
630,60,820,60,0,0.0,0,
6310,45,616,45,0,0.0,0,
6311,44,256,44,0,0.0,0,
6312,51,553,51,0,0.0,0,
6313,70,239,70,0,0.0,0,
6314,32,158,32,0,0.0,0,
6315,48,586,48,0,0.0,0,
6316,35,283,35,0,0.0,0,
6317,49,527,49,0,0.0,0,
6318,34,278,34,0,0.0,0,
6319,39,154,39,0,0.0,0,
631,43,456,43,0,0.0,0,
6320,52,349,52,0,0.0,0,
6321,46,688,46,0,0.0,0,
6322,58,480,58,0,0.0,0,
6323,46,243,45,1,0.021739130434782608,0,A_84
6324,87,377,87,0,0.0,0,
6325,38,1535,38,0,0.0,0,
6326,54,335,54,0,0.0,0,
6327,51,1052,51,0,0.0,0,
6328,74,351,74,0,0.0,0,
6329,44,338,44,0,0.0,0,
632,59,247,59,0,0.0,0,
6330,36,111,36,0,0.0,0,
6331,33,127,33,0,0.0,0,
6332,43,329,43,0,0.0,0,
6333,42,427,42,0,0.0,0,
6334,55,648,55,0,0.0,0,
6335,27,158,27,0,0.0,0,
6336,31,456,31,0,0.0,0,
6337,44,288,44,0,0.0,0,
6338,34,274,34,0,0.0,0,
6339,41,541,41,0,0.0,0,
633,64,198,64,0,0.0,0,
6340,72,198,72,0,0.0,0,
6341,44,375,44,0,0.0,0,
6342,47,510,47,0,0.0,0,
6343,33,575,33,0,0.0,0,
6344,49,597,49,0,0.0,0,
6345,128,528,128,0,0.0,0,
6346,51,312,51,0,0.0,0,
6347,51,260,51,0,0.0,0,
6348,46,551,46,0,0.0,0,
6349,51,780,51,0,0.0,0,
634,39,905,39,0,0.0,0,
6350,50,754,50,0,0.0,0,
6351,54,247,54,0,0.0,0,
6352,45,225,45,0,0.0,0,
6353,28,220,28,0,0.0,0,
6354,57,279,57,0,0.0,0,
6355,90,595,90,0,0.0,0,
6356,44,358,44,0,0.0,0,
6357,54,375,54,0,0.0,0,
6358,38,330,38,0,0.0,0,
6359,38,898,38,0,0.0,0,
635,40,782,40,0,0.0,0,
6360,61,263,61,0,0.0,0,
6361,44,187,44,0,0.0,0,
6362,49,211,49,0,0.0,0,
6363,59,286,59,0,0.0,0,
6364,45,304,45,0,0.0,0,
6365,55,326,55,0,0.0,0,
6366,45,632,45,0,0.0,0,
6367,29,123,29,0,0.0,0,
6368,64,780,64,0,0.0,0,
6369,55,280,55,0,0.0,0,
636,51,257,51,0,0.0,0,
6370,46,603,46,0,0.0,0,
6371,63,233,63,0,0.0,0,
6372,36,1070,36,0,0.0,0,
6373,58,171,58,0,0.0,0,
6374,57,572,57,0,0.0,0,
6375,50,121,50,0,0.0,0,
6376,33,1461,33,0,0.0,0,
6377,65,198,65,0,0.0,0,
6378,25,237,25,0,0.0,0,
6379,56,285,56,0,0.0,0,
637,31,116,31,0,0.0,0,
6380,66,198,66,0,0.0,0,
6381,58,2539,58,0,0.0,0,
6382,68,799,68,0,0.0,0,
6383,72,329,72,0,0.0,0,
6384,41,363,41,0,0.0,0,
6385,34,198,34,0,0.0,0,
6386,51,460,51,0,0.0,0,
6387,47,274,47,0,0.0,0,
6388,48,208,48,0,0.0,0,
6389,33,508,33,0,0.0,0,
638,50,106,50,0,0.0,0,
6390,38,228,38,0,0.0,0,
6391,65,198,65,0,0.0,0,
6392,44,434,44,0,0.0,0,
6393,48,254,48,0,0.0,0,
6394,36,146,36,0,0.0,0,
6395,46,355,46,0,0.0,0,
6396,56,431,56,0,0.0,0,
6397,43,269,43,0,0.0,0,
6398,54,377,54,0,0.0,0,
6399,35,300,35,0,0.0,0,
639,62,201,62,0,0.0,0,
63,73,648,73,0,0.0,0,
6400,49,374,49,0,0.0,0,
6401,28,139,28,0,0.0,0,
6402,59,259,59,0,0.0,0,
6403,37,530,37,0,0.0,0,
6404,57,552,57,0,0.0,0,
6405,23,64,23,0,0.0,0,
6406,45,151,45,0,0.0,0,
6407,28,263,28,0,0.0,0,
6408,43,498,43,0,0.0,0,
6409,66,198,66,0,0.0,0,
640,53,214,53,0,0.0,0,
6410,68,428,67,1,0.014705882352941176,0,A_198
6411,42,143,42,0,0.0,0,
6412,50,208,50,0,0.0,0,
6413,32,301,32,0,0.0,0,
6414,44,559,44,0,0.0,0,
6415,58,262,58,0,0.0,0,
6416,34,118,34,0,0.0,0,
6417,57,325,57,0,0.0,0,
6418,46,414,46,0,0.0,0,
6419,41,271,41,0,0.0,0,
641,62,361,62,0,0.0,0,
6420,58,253,58,0,0.0,0,
6421,54,439,54,0,0.0,0,
6422,65,590,65,0,0.0,0,
6423,24,80,24,0,0.0,0,
6424,55,295,55,0,0.0,0,
6425,52,273,52,0,0.0,0,
6426,51,613,51,0,0.0,0,
6427,28,484,28,0,0.0,0,
6428,61,1287,61,0,0.0,0,
6429,53,163,53,0,0.0,0,
642,41,260,41,0,0.0,0,
6430,45,717,45,0,0.0,0,
6431,58,1800,58,0,0.0,0,
6432,36,127,36,0,0.0,0,
6433,46,223,46,0,0.0,0,
6434,55,323,55,0,0.0,0,
6435,57,889,57,0,0.0,0,
6436,35,545,35,0,0.0,0,
6437,33,291,33,0,0.0,0,
6438,21,37,21,0,0.0,0,
6439,52,113,52,0,0.0,0,
643,39,662,39,0,0.0,0,
6440,47,301,47,0,0.0,0,
6441,45,274,45,0,0.0,0,
6442,39,1181,39,0,0.0,0,
6443,48,453,48,0,0.0,0,
6444,40,312,40,0,0.0,0,
6445,66,237,66,0,0.0,0,
6446,54,290,54,0,0.0,0,
6447,42,262,42,0,0.0,0,
6448,67,351,67,0,0.0,0,
6449,31,241,30,1,0.03225806451612903,0,A_73
644,59,636,58,1,0.01694915254237288,0,A_51
6450,53,454,53,0,0.0,0,
6451,12,150,12,0,0.0,0,
6452,43,693,43,0,0.0,0,
6453,49,305,49,0,0.0,0,
6454,59,289,59,0,0.0,0,
6455,48,445,48,0,0.0,0,
6456,48,1552,48,0,0.0,0,
6457,60,316,60,0,0.0,0,
6458,32,126,32,0,0.0,0,
6459,54,430,54,0,0.0,0,
645,42,230,42,0,0.0,0,
6460,51,1560,51,0,0.0,0,
6461,53,322,53,0,0.0,0,
6462,50,962,50,0,0.0,0,
6463,59,418,59,0,0.0,0,
6464,55,1054,55,0,0.0,0,
6465,49,258,49,0,0.0,0,
6466,42,297,42,0,0.0,0,
6467,52,612,52,0,0.0,0,
6468,50,293,50,0,0.0,0,
6469,61,552,61,0,0.0,0,
646,67,246,67,0,0.0,0,
6470,25,117,25,0,0.0,0,
6471,48,532,48,0,0.0,0,
6472,46,325,46,0,0.0,0,
6473,50,209,50,0,0.0,0,
6474,53,261,53,0,0.0,0,
6475,54,223,54,0,0.0,0,
6476,62,198,62,0,0.0,0,
6477,65,371,65,0,0.0,0,
6478,43,266,43,0,0.0,0,
6479,37,92,37,0,0.0,0,
647,56,1399,56,0,0.0,0,
6480,31,244,31,0,0.0,0,
6481,48,1101,48,0,0.0,0,
6482,66,198,66,0,0.0,0,
6483,41,293,41,0,0.0,0,
6484,56,513,56,0,0.0,0,
6485,70,275,70,0,0.0,0,
6486,48,536,48,0,0.0,0,
6487,33,430,32,1,0.030303030303030304,0,A_111
6488,57,822,57,0,0.0,0,
6489,45,762,45,0,0.0,0,
648,53,284,53,0,0.0,0,
6490,32,309,32,0,0.0,0,
6491,54,149,54,0,0.0,0,
6492,58,843,58,0,0.0,0,
6493,42,289,42,0,0.0,0,
6494,66,209,66,0,0.0,0,
6495,47,112,47,0,0.0,0,
6496,68,198,68,0,0.0,0,
6497,32,217,32,0,0.0,0,
6498,40,988,40,0,0.0,0,
6499,37,771,37,0,0.0,0,
649,50,526,50,0,0.0,0,
64,48,427,48,0,0.0,0,
6500,56,570,56,0,0.0,0,
6501,36,4032,36,0,0.0,0,
6502,62,282,62,0,0.0,0,
6503,56,363,56,0,0.0,0,
6504,57,302,57,0,0.0,0,
6505,77,325,77,0,0.0,0,
6506,80,375,80,0,0.0,0,
6507,28,74,28,0,0.0,0,
6508,29,202,29,0,0.0,0,
6509,56,243,56,0,0.0,0,
650,58,358,58,0,0.0,0,
6510,55,224,55,0,0.0,0,
6511,52,344,52,0,0.0,0,
6512,55,286,55,0,0.0,0,
6513,45,993,45,0,0.0,0,
6514,43,1624,43,0,0.0,0,
6515,37,93,37,0,0.0,0,
6516,33,51,33,0,0.0,0,
6517,45,954,45,0,0.0,0,
6518,39,423,39,0,0.0,0,
6519,43,1602,43,0,0.0,0,
651,57,527,57,0,0.0,0,
6520,53,455,53,0,0.0,0,
6521,56,337,55,1,0.017857142857142856,0,A_197
6522,48,1552,48,0,0.0,0,
6523,66,275,66,0,0.0,0,
6524,68,712,68,0,0.0,0,
6525,48,208,48,0,0.0,0,
6526,36,125,36,0,0.0,0,
6527,46,464,46,0,0.0,0,
6528,52,580,52,0,0.0,0,
6529,40,297,40,0,0.0,0,
652,17,720,17,0,0.0,0,
6530,50,456,50,0,0.0,0,
6531,55,532,55,0,0.0,0,
6532,52,257,52,0,0.0,0,
6533,35,241,34,1,0.02857142857142857,0,C_73
6534,38,277,38,0,0.0,0,
6535,70,372,70,0,0.0,0,
6536,37,113,37,0,0.0,0,
6537,62,360,62,0,0.0,0,
6538,64,714,64,0,0.0,0,
6539,51,208,51,0,0.0,0,
653,40,501,40,0,0.0,0,
6540,51,918,51,0,0.0,0,
6541,37,677,36,1,0.02702702702702703,0,A_102
6542,56,373,56,0,0.0,0,
6543,70,326,70,0,0.0,0,
6544,35,487,35,0,0.0,0,
6545,66,141,66,0,0.0,0,
6546,31,104,31,0,0.0,0,
6547,52,329,52,0,0.0,0,
6548,47,298,47,0,0.0,0,
6549,51,1271,51,0,0.0,0,
654,42,266,42,0,0.0,0,
6550,67,460,67,0,0.0,0,
6551,54,207,54,0,0.0,0,
6552,55,385,55,0,0.0,0,
6553,43,411,43,0,0.0,0,
6554,84,619,84,0,0.0,0,
6555,63,222,63,0,0.0,0,
6556,71,598,71,0,0.0,0,
6557,40,217,40,0,0.0,0,
6558,60,285,60,0,0.0,0,
6559,30,154,30,0,0.0,0,
655,120,818,120,0,0.0,0,
6560,38,341,38,0,0.0,0,
6561,54,376,54,0,0.0,0,
6562,66,488,66,0,0.0,0,
6563,77,444,77,0,0.0,0,
6564,35,948,35,0,0.0,0,
6565,49,288,49,0,0.0,0,
6566,63,291,63,0,0.0,0,
6567,28,1196,28,0,0.0,0,
6568,51,954,51,0,0.0,0,
6569,56,1456,56,0,0.0,0,
656,26,202,26,0,0.0,0,
6570,53,324,53,0,0.0,0,
6571,65,198,65,0,0.0,0,
6572,63,198,63,0,0.0,0,
6573,62,198,62,0,0.0,0,
6574,27,79,26,1,0.037037037037037035,0,A_14
6575,69,226,69,0,0.0,0,
6576,28,224,28,0,0.0,0,
6577,50,257,50,0,0.0,0,
6578,60,428,60,0,0.0,0,
6579,49,768,49,0,0.0,0,
657,59,570,59,0,0.0,0,
6580,59,1482,59,0,0.0,0,
6581,35,109,35,0,0.0,0,
6582,41,250,41,0,0.0,0,
6583,52,274,52,0,0.0,0,
6584,43,269,43,0,0.0,0,
6585,54,258,54,0,0.0,0,
6586,31,241,30,1,0.03225806451612903,0,A_73
6587,57,593,57,0,0.0,0,
6588,47,606,47,0,0.0,0,
6589,59,430,59,0,0.0,0,
658,33,70,33,0,0.0,0,
6590,55,279,55,0,0.0,0,
6591,65,667,65,0,0.0,0,
6592,51,321,51,0,0.0,0,
6593,42,1008,42,0,0.0,0,
6594,64,429,64,0,0.0,0,
6595,87,434,87,0,0.0,0,
6596,57,612,57,0,0.0,0,
6597,67,1267,67,0,0.0,0,
6598,50,274,50,0,0.0,0,
6599,51,1004,51,0,0.0,0,
659,48,120,48,0,0.0,0,
65,67,198,67,0,0.0,0,
6600,58,336,58,0,0.0,0,
6601,53,403,53,0,0.0,0,
6602,51,564,51,0,0.0,0,
6603,54,338,54,0,0.0,0,
6604,41,266,41,0,0.0,0,
6605,77,276,77,0,0.0,0,
6606,62,1170,62,0,0.0,0,
6607,41,130,41,0,0.0,0,
6608,52,257,52,0,0.0,0,
6609,57,349,57,0,0.0,0,
660,16,1041,16,0,0.0,0,
6610,50,104,50,0,0.0,0,
6611,32,223,32,0,0.0,0,
6612,50,393,50,0,0.0,0,
6613,71,562,71,0,0.0,0,
6614,50,257,50,0,0.0,0,
6615,37,111,37,0,0.0,0,
6616,45,240,45,0,0.0,0,
6617,72,284,72,0,0.0,0,
6618,57,244,57,0,0.0,0,
6619,57,288,57,0,0.0,0,
661,44,239,44,0,0.0,0,
6620,38,792,38,0,0.0,0,
6621,26,209,26,0,0.0,0,
6622,25,688,25,0,0.0,0,
6623,37,377,37,0,0.0,0,
6624,52,395,52,0,0.0,0,
6625,46,325,46,0,0.0,0,
6626,42,588,42,0,0.0,0,
6627,57,264,57,0,0.0,0,
6628,52,207,52,0,0.0,0,
6629,72,198,72,0,0.0,0,
662,56,592,56,0,0.0,0,
6630,57,263,57,0,0.0,0,
6631,38,1792,38,0,0.0,0,
6632,57,286,57,0,0.0,0,
6633,42,885,42,0,0.0,0,
6634,52,491,52,0,0.0,0,
6635,50,257,50,0,0.0,0,
6636,35,222,35,0,0.0,0,
6637,57,162,57,0,0.0,0,
6638,45,1183,45,0,0.0,0,
6639,37,252,37,0,0.0,0,
663,66,390,66,0,0.0,0,
6640,30,215,30,0,0.0,0,
6641,63,239,63,0,0.0,0,
6642,38,435,38,0,0.0,0,
6643,57,186,57,0,0.0,0,
6644,63,359,63,0,0.0,0,
6645,48,1452,48,0,0.0,0,
6646,40,146,40,0,0.0,0,
6647,55,648,55,0,0.0,0,
6648,59,282,59,0,0.0,0,
6649,51,827,51,0,0.0,0,
664,50,606,50,0,0.0,0,
6650,114,799,114,0,0.0,0,
6651,37,329,37,0,0.0,0,
6652,42,78,42,0,0.0,0,
6653,59,293,59,0,0.0,0,
6654,57,1250,57,0,0.0,0,
6655,66,337,66,0,0.0,0,
6656,38,466,38,0,0.0,0,
6657,53,826,53,0,0.0,0,
6658,43,372,43,0,0.0,0,
6659,58,709,58,0,0.0,0,
665,64,198,64,0,0.0,0,
6660,44,278,44,0,0.0,0,
6661,37,309,37,0,0.0,0,
6662,46,323,46,0,0.0,0,
6663,44,146,44,0,0.0,0,
6664,49,460,49,0,0.0,0,
6665,50,258,50,0,0.0,0,
6666,43,639,43,0,0.0,0,
6667,55,305,55,0,0.0,0,
6668,71,544,71,0,0.0,0,
6669,54,371,54,0,0.0,0,
666,46,1025,46,0,0.0,0,
6670,52,263,52,0,0.0,0,
6671,33,241,32,1,0.030303030303030304,0,A_73
6672,46,726,46,0,0.0,0,
6673,33,1155,33,0,0.0,0,
6674,54,331,54,0,0.0,0,
6675,62,509,62,0,0.0,0,
6676,49,416,49,0,0.0,0,
6677,51,290,51,0,0.0,0,
6678,46,256,46,0,0.0,0,
6679,61,330,61,0,0.0,0,
667,49,223,49,0,0.0,0,
6680,33,254,33,0,0.0,0,
6681,45,258,45,0,0.0,0,
6682,29,429,29,0,0.0,0,
6683,47,379,47,0,0.0,0,
6684,52,222,52,0,0.0,0,
6685,59,2004,59,0,0.0,0,
6686,45,326,45,0,0.0,0,
6687,48,318,48,0,0.0,0,
6688,41,278,41,0,0.0,0,
6689,66,198,66,0,0.0,0,
668,55,830,55,0,0.0,0,
6690,49,432,49,0,0.0,0,
6691,116,527,116,0,0.0,0,
6692,43,557,43,0,0.0,0,
6693,58,262,58,0,0.0,0,
6694,60,207,60,0,0.0,0,
6695,39,396,39,0,0.0,0,
6696,21,656,21,0,0.0,0,
6697,61,552,61,0,0.0,0,
6698,28,56,28,0,0.0,0,
6699,53,259,53,0,0.0,0,
669,41,2532,41,0,0.0,0,
66,43,322,43,0,0.0,0,
6700,65,396,65,0,0.0,0,
6701,35,515,35,0,0.0,0,
6702,49,124,49,0,0.0,0,
6703,38,528,38,0,0.0,0,
6704,57,442,57,0,0.0,0,
6705,52,1618,52,0,0.0,0,
6706,18,426,18,0,0.0,0,
6707,53,710,53,0,0.0,0,
6708,53,386,53,0,0.0,0,
6709,38,1015,38,0,0.0,0,
670,22,325,22,0,0.0,0,
6710,58,286,58,0,0.0,0,
6711,46,553,46,0,0.0,0,
6712,55,386,55,0,0.0,0,
6713,39,200,39,0,0.0,0,
6714,50,993,50,0,0.0,0,
6715,54,192,54,0,0.0,0,
6716,41,942,41,0,0.0,0,
6717,51,287,51,0,0.0,0,
6718,51,287,51,0,0.0,0,
6719,44,551,44,0,0.0,0,
671,60,257,60,0,0.0,0,
6720,34,56,34,0,0.0,0,
6721,56,350,56,0,0.0,0,
6722,40,566,40,0,0.0,0,
6723,60,861,60,0,0.0,0,
6724,37,2096,37,0,0.0,0,
6725,60,271,60,0,0.0,0,
6726,56,327,56,0,0.0,0,
6727,59,374,59,0,0.0,0,
6728,78,596,78,0,0.0,0,
6729,51,282,51,0,0.0,0,
672,50,276,50,0,0.0,0,
6730,60,774,60,0,0.0,0,
6731,23,190,23,0,0.0,0,
6732,40,258,40,0,0.0,0,
6733,69,198,69,0,0.0,0,
6734,42,202,42,0,0.0,0,
6735,38,163,37,1,0.02631578947368421,0,A_73
6736,57,289,57,0,0.0,0,
6737,57,240,57,0,0.0,0,
6738,73,925,72,1,0.0136986301369863,0,B_368
6739,29,258,29,0,0.0,0,
673,21,631,20,1,0.047619047619047616,0,A_176
6740,43,645,43,0,0.0,0,
6741,67,269,67,0,0.0,0,
6742,69,264,69,0,0.0,0,
6743,54,254,54,0,0.0,0,
6744,36,129,36,0,0.0,0,
6745,38,697,38,0,0.0,0,
6746,47,170,47,0,0.0,0,
6747,82,367,82,0,0.0,0,
6748,46,180,46,0,0.0,0,
6749,62,395,62,0,0.0,0,
674,52,535,52,0,0.0,0,
6750,42,316,42,0,0.0,0,
6751,44,227,44,0,0.0,0,
6752,42,684,42,0,0.0,0,
6753,57,993,57,0,0.0,0,
6754,51,261,51,0,0.0,0,
6755,74,325,74,0,0.0,0,
6756,40,445,40,0,0.0,0,
6757,35,92,35,0,0.0,0,
6758,41,223,41,0,0.0,0,
6759,52,280,52,0,0.0,0,
675,74,713,74,0,0.0,0,
6760,33,396,33,0,0.0,0,
6761,50,281,50,0,0.0,0,
6762,30,83,30,0,0.0,0,
6763,52,982,52,0,0.0,0,
6764,32,225,32,0,0.0,0,
6765,68,264,68,0,0.0,0,
6766,56,289,56,0,0.0,0,
6767,45,1016,45,0,0.0,0,
6768,67,198,67,0,0.0,0,
6769,41,2608,41,0,0.0,0,
676,71,240,71,0,0.0,0,
6770,49,512,49,0,0.0,0,
6771,43,227,43,0,0.0,0,
6772,34,283,34,0,0.0,0,
6773,42,3194,42,0,0.0,0,
6774,46,150,46,0,0.0,0,
6775,47,828,47,0,0.0,0,
6776,42,150,42,0,0.0,0,
6777,56,548,56,0,0.0,0,
6778,40,578,40,0,0.0,0,
6779,40,275,40,0,0.0,0,
677,65,281,65,0,0.0,0,
6780,57,384,57,0,0.0,0,
6781,64,466,64,0,0.0,0,
6782,39,1399,39,0,0.0,0,
6783,57,263,57,0,0.0,0,
6784,18,198,18,0,0.0,0,
6785,49,482,49,0,0.0,0,
6786,69,198,69,0,0.0,0,
6787,63,1263,63,0,0.0,0,
6788,49,1169,49,0,0.0,0,
6789,67,370,67,0,0.0,0,
678,49,837,49,0,0.0,0,
6790,49,168,49,0,0.0,0,
6791,36,86,36,0,0.0,0,
6792,27,151,27,0,0.0,0,
6793,66,291,66,0,0.0,0,
6794,64,198,64,0,0.0,0,
6795,47,558,47,0,0.0,0,
6796,45,300,45,0,0.0,0,
6797,52,492,52,0,0.0,0,
6798,27,727,27,0,0.0,0,
6799,59,1396,59,0,0.0,0,
679,64,196,64,0,0.0,0,
67,64,276,64,0,0.0,0,
6800,44,463,44,0,0.0,0,
6801,30,249,30,0,0.0,0,
6802,66,2004,66,0,0.0,0,
6803,123,817,123,0,0.0,0,
6804,42,163,42,0,0.0,0,
6805,85,148,85,0,0.0,0,
6806,42,790,41,1,0.023809523809523808,0,A_258
6807,54,648,54,0,0.0,0,
6808,46,577,46,0,0.0,0,
6809,70,198,70,0,0.0,0,
680,53,942,53,0,0.0,0,
6810,55,1372,55,0,0.0,0,
6811,60,239,60,0,0.0,0,
6812,44,178,44,0,0.0,0,
6813,50,210,50,0,0.0,0,
6814,68,230,68,0,0.0,0,
6815,84,377,84,0,0.0,0,
6816,34,936,34,0,0.0,0,
6817,40,555,40,0,0.0,0,
6818,65,1315,65,0,0.0,0,
6819,37,89,37,0,0.0,0,
681,38,223,38,0,0.0,0,
6820,68,940,68,0,0.0,0,
6821,47,259,47,0,0.0,0,
6822,42,208,42,0,0.0,0,
6823,38,217,38,0,0.0,0,
6824,45,2658,45,0,0.0,0,
6825,69,270,69,0,0.0,0,
6826,57,307,57,0,0.0,0,
6827,42,4044,42,0,0.0,0,
6828,51,223,51,0,0.0,0,
6829,57,402,57,0,0.0,0,
682,67,198,67,0,0.0,0,
6830,43,59,43,0,0.0,0,
6831,39,544,39,0,0.0,0,
6832,37,356,37,0,0.0,0,
6833,59,693,59,0,0.0,0,
6834,56,834,56,0,0.0,0,
6835,57,828,57,0,0.0,0,
6836,33,258,33,0,0.0,0,
6837,52,918,52,0,0.0,0,
6838,39,328,39,0,0.0,0,
6839,26,434,26,0,0.0,0,
683,57,538,57,0,0.0,0,
6840,49,1552,49,0,0.0,0,
6841,25,106,25,0,0.0,0,
6842,50,382,50,0,0.0,0,
6843,45,602,45,0,0.0,0,
6844,32,223,32,0,0.0,0,
6845,57,859,57,0,0.0,0,
6846,51,566,51,0,0.0,0,
6847,37,168,37,0,0.0,0,
6848,40,813,40,0,0.0,0,
6849,50,163,50,0,0.0,0,
684,48,377,48,0,0.0,0,
6850,50,331,50,0,0.0,0,
6851,40,141,40,0,0.0,0,
6852,38,62,38,0,0.0,0,
6853,25,390,25,0,0.0,0,
6854,54,357,54,0,0.0,0,
6855,35,223,35,0,0.0,0,
6856,54,798,54,0,0.0,0,
6857,49,720,49,0,0.0,0,
6858,53,683,50,3,0.05660377358490566,0,A_174 A_213 A_216
6859,26,135,26,0,0.0,0,
685,51,218,51,0,0.0,0,
6860,46,158,46,0,0.0,0,
6861,42,416,42,0,0.0,0,
6862,32,246,32,0,0.0,0,
6863,64,458,64,0,0.0,0,
6864,27,570,27,0,0.0,0,
6865,36,918,36,0,0.0,0,
6866,53,1456,53,0,0.0,0,
6867,77,297,77,0,0.0,0,
6868,61,1147,61,0,0.0,0,
6869,38,89,38,0,0.0,0,
686,36,228,36,0,0.0,0,
6870,47,340,47,0,0.0,0,
6871,40,238,40,0,0.0,0,
6872,58,326,58,0,0.0,0,
6873,50,1552,50,0,0.0,0,
6874,52,1552,52,0,0.0,0,
6875,38,316,38,0,0.0,0,
6876,61,263,61,0,0.0,0,
6877,47,245,47,0,0.0,0,
6878,50,154,50,0,0.0,0,
6879,59,243,59,0,0.0,0,
687,37,258,37,0,0.0,0,
6880,50,1024,50,0,0.0,0,
6881,42,921,42,0,0.0,0,
6882,50,371,50,0,0.0,0,
6883,50,263,50,0,0.0,0,
6884,49,635,49,0,0.0,0,
6885,16,996,16,0,0.0,0,
6886,23,330,23,0,0.0,0,
6887,49,277,49,0,0.0,0,
6888,57,289,57,0,0.0,0,
6889,74,901,73,1,0.013513513513513514,0,A_311
688,39,96,39,0,0.0,0,
6890,34,188,34,0,0.0,0,
6891,68,807,68,0,0.0,0,
6892,49,865,49,0,0.0,0,
6893,56,822,56,0,0.0,0,
6894,39,1969,39,0,0.0,0,
6895,41,219,41,0,0.0,0,
6896,35,156,35,0,0.0,0,
6897,38,127,38,0,0.0,0,
6898,33,223,33,0,0.0,0,
6899,25,264,25,0,0.0,0,
689,47,454,47,0,0.0,0,
68,55,299,55,0,0.0,0,
6900,45,375,45,0,0.0,0,
6901,46,435,46,0,0.0,0,
6902,53,836,53,0,0.0,0,
6903,60,207,60,0,0.0,0,
6904,36,257,36,0,0.0,0,
6905,57,656,57,0,0.0,0,
6906,46,339,46,0,0.0,0,
6907,32,1942,32,0,0.0,0,
6908,43,297,43,0,0.0,0,
6909,55,245,55,0,0.0,0,
690,43,174,43,0,0.0,0,
6910,42,135,40,2,0.047619047619047616,0,B_17 B_26
6911,50,330,50,0,0.0,0,
6912,48,306,48,0,0.0,0,
6913,35,196,35,0,0.0,0,
6914,54,285,54,0,0.0,0,
6915,43,265,43,0,0.0,0,
6916,50,258,50,0,0.0,0,
6917,24,352,24,0,0.0,0,
6918,49,1396,49,0,0.0,0,
6919,59,249,59,0,0.0,0,
691,66,304,66,0,0.0,0,
6920,63,563,62,1,0.015873015873015872,0,A_195
6921,53,265,53,0,0.0,0,
6922,57,140,57,0,0.0,0,
6923,53,350,53,0,0.0,0,
6924,54,736,54,0,0.0,0,
6925,51,274,51,0,0.0,0,
6926,37,432,37,0,0.0,0,
6927,44,1391,44,0,0.0,0,
6928,31,158,31,0,0.0,0,
6929,35,955,35,0,0.0,0,
692,41,1448,41,0,0.0,0,
6930,80,557,80,0,0.0,0,
6931,42,466,42,0,0.0,0,
6932,73,648,73,0,0.0,0,
6933,44,429,44,0,0.0,0,
6934,43,546,43,0,0.0,0,
6935,60,254,60,0,0.0,0,
6936,21,358,21,0,0.0,0,
6937,70,375,70,0,0.0,0,
6938,47,569,47,0,0.0,0,
6939,36,359,36,0,0.0,0,
693,33,366,33,0,0.0,0,
6940,37,159,37,0,0.0,0,
6941,34,109,34,0,0.0,0,
6942,64,258,64,0,0.0,0,
6943,32,752,32,0,0.0,0,
6944,42,541,42,0,0.0,0,
6945,54,954,54,0,0.0,0,
6946,71,378,71,0,0.0,0,
6947,40,341,40,0,0.0,0,
6948,67,208,67,0,0.0,0,
6949,52,286,52,0,0.0,0,
694,47,178,47,0,0.0,0,
6950,34,452,34,0,0.0,0,
6951,52,954,52,0,0.0,0,
6952,51,558,51,0,0.0,0,
6953,47,281,47,0,0.0,0,
6954,69,345,69,0,0.0,0,
6955,28,81,28,0,0.0,0,
6956,49,276,49,0,0.0,0,
6957,61,1025,61,0,0.0,0,
6958,52,353,52,0,0.0,0,
6959,30,380,30,0,0.0,0,
695,53,843,53,0,0.0,0,
6960,38,396,38,0,0.0,0,
6961,34,285,34,0,0.0,0,
6962,30,721,30,0,0.0,0,
6963,61,173,61,0,0.0,0,
6964,59,804,59,0,0.0,0,
6965,53,297,53,0,0.0,0,
6966,35,117,35,0,0.0,0,
6967,39,123,39,0,0.0,0,
6968,38,87,38,0,0.0,0,
6969,38,127,38,0,0.0,0,
696,55,692,55,0,0.0,0,
6970,65,499,65,0,0.0,0,
6971,46,222,46,0,0.0,0,
6972,48,260,48,0,0.0,0,
6973,40,167,40,0,0.0,0,
6974,52,553,52,0,0.0,0,
6975,26,180,26,0,0.0,0,
6976,28,262,28,0,0.0,0,
6977,49,223,49,0,0.0,0,
6978,55,647,55,0,0.0,0,
6979,42,370,42,0,0.0,0,
697,37,183,37,0,0.0,0,
6980,30,802,30,0,0.0,0,
6981,72,630,72,0,0.0,0,
6982,42,342,42,0,0.0,0,
6983,50,272,50,0,0.0,0,
6984,46,257,46,0,0.0,0,
6985,68,242,68,0,0.0,0,
6986,59,810,59,0,0.0,0,
6987,71,238,71,0,0.0,0,
6988,42,570,42,0,0.0,0,
6989,0,305,0,0,0.0,0,
698,43,300,43,0,0.0,0,
6990,63,510,63,0,0.0,0,
6991,45,286,45,0,0.0,0,
6992,45,254,45,0,0.0,0,
6993,58,281,58,0,0.0,0,
6994,37,126,37,0,0.0,0,
6995,124,816,124,0,0.0,0,
6996,47,728,47,0,0.0,0,
6997,49,713,49,0,0.0,0,
6998,76,270,76,0,0.0,0,
6999,32,1626,32,0,0.0,0,
699,35,115,35,0,0.0,0,
69,40,430,40,0,0.0,0,
6,45,2872,45,0,0.0,0,
7000,44,2296,44,0,0.0,0,
7001,49,303,49,0,0.0,0,
7002,57,288,57,0,0.0,0,
7003,29,105,29,0,0.0,0,
7004,62,1286,62,0,0.0,0,
7005,46,248,46,0,0.0,0,
7006,38,330,38,0,0.0,0,
7007,50,254,50,0,0.0,0,
7008,47,178,47,0,0.0,0,
7009,78,999,78,0,0.0,0,
700,87,968,87,0,0.0,0,
7010,47,252,47,0,0.0,0,
7011,63,381,63,0,0.0,0,
7012,59,1666,59,0,0.0,0,
7013,43,91,43,0,0.0,0,
7014,37,87,37,0,0.0,0,
7015,61,1322,61,0,0.0,0,
7016,54,322,54,0,0.0,0,
7017,59,124,59,0,0.0,0,
7018,26,124,26,0,0.0,0,
7019,53,834,53,0,0.0,0,
701,70,538,70,0,0.0,0,
7020,49,395,49,0,0.0,0,
7021,66,198,66,0,0.0,0,
7022,55,287,55,0,0.0,0,
7023,43,1028,43,0,0.0,0,
7024,36,118,36,0,0.0,0,
7025,36,635,36,0,0.0,0,
7026,42,1830,42,0,0.0,0,
7027,40,332,40,0,0.0,0,
7028,62,198,62,0,0.0,0,
7029,31,415,31,0,0.0,0,
702,38,243,38,0,0.0,0,
7030,47,257,47,0,0.0,0,
7031,46,416,46,0,0.0,0,
7032,58,107,58,0,0.0,0,
7033,54,273,54,0,0.0,0,
7034,48,256,48,0,0.0,0,
7035,44,120,44,0,0.0,0,
7036,68,198,68,0,0.0,0,
7037,49,411,49,0,0.0,0,
7038,57,302,57,0,0.0,0,
7039,41,305,41,0,0.0,0,
703,23,181,23,0,0.0,0,
7040,50,180,50,0,0.0,0,
7041,51,433,51,0,0.0,0,
7042,38,396,38,0,0.0,0,
7043,36,1007,36,0,0.0,0,
7044,52,969,52,0,0.0,0,
7045,59,274,59,0,0.0,0,
7046,46,258,46,0,0.0,0,
7047,34,221,33,1,0.029411764705882353,0,A_198
7048,54,215,54,0,0.0,0,
7049,66,372,66,0,0.0,0,
704,42,169,42,0,0.0,0,
7050,29,100,29,0,0.0,0,
7051,46,326,46,0,0.0,0,
7052,51,554,51,0,0.0,0,
7053,37,67,37,0,0.0,0,
7054,60,105,60,0,0.0,0,
7055,47,164,47,0,0.0,0,
7056,41,834,41,0,0.0,0,
7057,52,274,52,0,0.0,0,
7058,81,320,81,0,0.0,0,
7059,59,610,59,0,0.0,0,
705,50,464,50,0,0.0,0,
7060,51,496,51,0,0.0,0,
7061,51,924,51,0,0.0,0,
7062,64,238,64,0,0.0,0,
7063,49,394,49,0,0.0,0,
7064,54,722,54,0,0.0,0,
7065,63,621,63,0,0.0,0,
7066,50,1552,50,0,0.0,0,
7067,46,187,45,1,0.021739130434782608,0,A_1042
7068,48,356,48,0,0.0,0,
7069,54,686,54,0,0.0,0,
706,43,267,43,0,0.0,0,
7070,49,208,49,0,0.0,0,
7071,53,245,53,0,0.0,0,
7072,57,434,57,0,0.0,0,
7073,27,513,27,0,0.0,0,
7074,53,379,53,0,0.0,0,
7075,43,852,43,0,0.0,0,
7076,60,1618,59,1,0.016666666666666666,0,A_680
7077,53,652,53,0,0.0,0,
7078,60,585,60,0,0.0,0,
7079,46,373,46,0,0.0,0,
707,55,223,55,0,0.0,0,
7080,48,208,48,0,0.0,0,
7081,47,549,47,0,0.0,0,
7082,38,223,38,0,0.0,0,
7083,64,284,64,0,0.0,0,
7084,67,610,67,0,0.0,0,
7085,51,215,51,0,0.0,0,
7086,53,310,53,0,0.0,0,
7087,40,989,40,0,0.0,0,
7088,41,863,41,0,0.0,0,
7089,62,377,62,0,0.0,0,
708,57,957,57,0,0.0,0,
7090,46,525,46,0,0.0,0,
7091,73,166,73,0,0.0,0,
7092,24,132,24,0,0.0,0,
7093,45,327,45,0,0.0,0,
7094,30,318,30,0,0.0,0,
7095,51,1556,51,0,0.0,0,
7096,51,516,51,0,0.0,0,
7097,42,968,42,0,0.0,0,
7098,55,845,55,0,0.0,0,
7099,52,225,52,0,0.0,0,
709,63,232,63,0,0.0,0,
70,44,504,44,0,0.0,0,
7100,52,1199,52,0,0.0,0,
7101,65,214,65,0,0.0,0,
7102,64,209,64,0,0.0,0,
7103,57,304,57,0,0.0,0,
7104,46,429,46,0,0.0,0,
7105,57,458,57,0,0.0,0,
7106,38,438,38,0,0.0,0,
7107,36,343,36,0,0.0,0,
7108,47,254,47,0,0.0,0,
7109,38,1252,38,0,0.0,0,
710,63,257,63,0,0.0,0,
7110,53,436,53,0,0.0,0,
7111,32,58,32,0,0.0,0,
7112,46,250,46,0,0.0,0,
7113,49,326,49,0,0.0,0,
7114,40,356,40,0,0.0,0,
7115,37,205,37,0,0.0,0,
7116,47,347,47,0,0.0,0,
7117,46,245,46,0,0.0,0,
7118,37,619,37,0,0.0,0,
7119,52,325,52,0,0.0,0,
711,79,2681,79,0,0.0,0,
7120,48,582,48,0,0.0,0,
7121,65,367,65,0,0.0,0,
7122,46,201,46,0,0.0,0,
7123,33,454,33,0,0.0,0,
7124,51,223,51,0,0.0,0,
7125,68,277,67,1,0.014705882352941176,0,A_150
7126,60,208,60,0,0.0,0,
7127,41,330,41,0,0.0,0,
7128,49,326,49,0,0.0,0,
7129,52,141,52,0,0.0,0,
712,54,572,54,0,0.0,0,
7130,45,180,45,0,0.0,0,
7131,41,454,41,0,0.0,0,
7132,39,266,39,0,0.0,0,
7133,59,585,59,0,0.0,0,
7134,39,579,39,0,0.0,0,
7135,47,297,47,0,0.0,0,
7136,61,370,61,0,0.0,0,
7137,68,459,68,0,0.0,0,
7138,57,428,57,0,0.0,0,
7139,43,154,43,0,0.0,0,
713,34,296,34,0,0.0,0,
7140,39,127,39,0,0.0,0,
7141,18,771,18,0,0.0,0,
7142,53,806,53,0,0.0,0,
7143,51,223,51,0,0.0,0,
7144,20,153,20,0,0.0,0,
7145,46,208,46,0,0.0,0,
7146,55,684,55,0,0.0,0,
7147,45,705,45,0,0.0,0,
7148,70,239,70,0,0.0,0,
7149,46,298,46,0,0.0,0,
714,27,241,26,1,0.037037037037037035,0,A_73
7150,36,291,36,0,0.0,0,
7151,62,416,62,0,0.0,0,
7152,34,585,34,0,0.0,0,
7153,55,242,55,0,0.0,0,
7154,48,866,48,0,0.0,0,
7155,38,703,38,0,0.0,0,
7156,48,772,48,0,0.0,0,
7157,41,197,41,0,0.0,0,
7158,44,408,44,0,0.0,0,
7159,49,223,49,0,0.0,0,
715,51,136,51,0,0.0,0,
7160,51,558,51,0,0.0,0,
7161,56,426,56,0,0.0,0,
7162,39,80,39,0,0.0,0,
7163,43,1552,43,0,0.0,0,
7164,40,275,40,0,0.0,0,
7165,64,194,64,0,0.0,0,
7166,66,343,66,0,0.0,0,
7167,36,230,36,0,0.0,0,
7168,69,464,69,0,0.0,0,
7169,63,277,63,0,0.0,0,
716,56,279,56,0,0.0,0,
7170,52,298,52,0,0.0,0,
7171,49,294,49,0,0.0,0,
7172,39,396,39,0,0.0,0,
7173,92,832,92,0,0.0,0,
7174,47,148,47,0,0.0,0,
7175,65,198,65,0,0.0,0,
7176,47,264,47,0,0.0,0,
7177,59,1023,59,0,0.0,0,
7178,60,1081,60,0,0.0,0,
7179,44,94,44,0,0.0,0,
717,70,198,70,0,0.0,0,
7180,54,1112,54,0,0.0,0,
7181,60,209,60,0,0.0,0,
7182,47,866,46,1,0.02127659574468085,0,A_83
7183,35,94,35,0,0.0,0,
7184,50,338,50,0,0.0,0,
7185,52,553,52,0,0.0,0,
7186,49,271,49,0,0.0,0,
7187,53,258,53,0,0.0,0,
7188,32,83,32,0,0.0,0,
7189,22,58,22,0,0.0,0,
718,61,438,61,0,0.0,0,
7190,64,280,64,0,0.0,0,
7191,70,230,70,0,0.0,0,
7192,47,312,47,0,0.0,0,
7193,46,634,46,0,0.0,0,
7194,69,255,69,0,0.0,0,
7195,63,293,63,0,0.0,0,
7196,48,728,48,0,0.0,0,
7197,45,103,45,0,0.0,0,
7198,77,693,77,0,0.0,0,
7199,51,351,51,0,0.0,0,
719,62,198,62,0,0.0,0,
71,58,458,58,0,0.0,0,
7200,39,484,39,0,0.0,0,
7201,54,638,54,0,0.0,0,
7202,47,280,47,0,0.0,0,
7203,46,726,46,0,0.0,0,
7204,66,243,66,0,0.0,0,
7205,47,578,47,0,0.0,0,
7206,50,258,50,0,0.0,0,
7207,49,288,49,0,0.0,0,
7208,53,223,53,0,0.0,0,
7209,50,147,50,0,0.0,0,
720,46,468,46,0,0.0,0,
7210,24,1307,24,0,0.0,0,
7211,59,157,59,0,0.0,0,
7212,51,290,51,0,0.0,0,
7213,56,323,56,0,0.0,0,
7214,54,715,54,0,0.0,0,
7215,77,198,77,0,0.0,0,
7216,41,367,41,0,0.0,0,
7217,56,869,56,0,0.0,0,
7218,58,430,58,0,0.0,0,
7219,42,844,42,0,0.0,0,
721,59,234,59,0,0.0,0,
7220,52,1178,52,0,0.0,0,
7221,26,105,26,0,0.0,0,
7222,67,198,67,0,0.0,0,
7223,25,180,25,0,0.0,0,
7224,46,450,46,0,0.0,0,
7225,26,103,26,0,0.0,0,
7226,59,135,59,0,0.0,0,
7227,56,279,56,0,0.0,0,
7228,45,359,45,0,0.0,0,
7229,40,202,40,0,0.0,0,
722,50,294,50,0,0.0,0,
7230,65,349,65,0,0.0,0,
7231,42,249,42,0,0.0,0,
7232,53,302,53,0,0.0,0,
7233,48,246,48,0,0.0,0,
7234,66,756,66,0,0.0,0,
7235,60,251,60,0,0.0,0,
7236,62,528,62,0,0.0,0,
7237,60,288,60,0,0.0,0,
7238,71,561,71,0,0.0,0,
7239,43,939,43,0,0.0,0,
723,37,124,37,0,0.0,0,
7240,43,92,43,0,0.0,0,
7241,55,318,55,0,0.0,0,
7242,38,287,38,0,0.0,0,
7243,51,257,51,0,0.0,0,
7244,51,259,51,0,0.0,0,
7245,27,162,27,0,0.0,0,
7246,39,127,39,0,0.0,0,
7247,83,330,83,0,0.0,0,
7248,48,921,48,0,0.0,0,
7249,46,172,46,0,0.0,0,
724,38,1273,38,0,0.0,0,
7250,40,223,40,0,0.0,0,
7251,30,206,30,0,0.0,0,
7252,59,238,59,0,0.0,0,
7253,54,262,54,0,0.0,0,
7254,56,645,56,0,0.0,0,
7255,33,86,33,0,0.0,0,
7256,48,982,48,0,0.0,0,
7257,58,246,58,0,0.0,0,
7258,72,290,72,0,0.0,0,
7259,44,245,44,0,0.0,0,
725,40,289,40,0,0.0,0,
7260,56,275,56,0,0.0,0,
7261,72,1318,72,0,0.0,0,
7262,41,466,41,0,0.0,0,
7263,64,2004,64,0,0.0,0,
7264,57,315,57,0,0.0,0,
7265,42,296,42,0,0.0,0,
7266,54,318,54,0,0.0,0,
7267,42,394,42,0,0.0,0,
7268,47,186,47,0,0.0,0,
7269,84,658,84,0,0.0,0,
726,54,800,53,1,0.018518518518518517,0,B_108
7270,48,594,48,0,0.0,0,
7271,45,353,45,0,0.0,0,
7272,51,223,51,0,0.0,0,
7273,68,198,68,0,0.0,0,
7274,52,780,52,0,0.0,0,
7275,49,187,49,0,0.0,0,
7276,50,1706,50,0,0.0,0,
7277,55,292,55,0,0.0,0,
7278,57,474,57,0,0.0,0,
7279,36,388,36,0,0.0,0,
727,52,1150,52,0,0.0,0,
7280,46,698,46,0,0.0,0,
7281,46,234,46,0,0.0,0,
7282,54,295,54,0,0.0,0,
7283,34,223,34,0,0.0,0,
7284,55,387,55,0,0.0,0,
7285,80,171,72,8,0.1,1,A_105 A_125 A_130 A_137 A_38 A_47 A_55 A_57
7286,42,107,42,0,0.0,0,
7287,48,312,48,0,0.0,0,
7288,44,524,44,0,0.0,0,
7289,66,546,66,0,0.0,0,
728,43,104,43,0,0.0,0,
7290,50,329,50,0,0.0,0,
7291,42,96,42,0,0.0,0,
7292,58,322,58,0,0.0,0,
7293,37,855,37,0,0.0,0,
7294,41,306,41,0,0.0,0,
7295,31,219,31,0,0.0,0,
7296,64,434,64,0,0.0,0,
7297,57,886,57,0,0.0,0,
7298,39,127,39,0,0.0,0,
7299,54,342,54,0,0.0,0,
729,77,427,77,0,0.0,0,
72,51,339,51,0,0.0,0,
7300,33,124,33,0,0.0,0,
7301,30,984,30,0,0.0,0,
7302,49,337,49,0,0.0,0,
7303,29,496,29,0,0.0,0,
7304,38,467,38,0,0.0,0,
7305,68,207,68,0,0.0,0,
7306,50,283,50,0,0.0,0,
7307,60,294,60,0,0.0,0,
7308,68,365,68,0,0.0,0,
7309,64,701,64,0,0.0,0,
730,49,198,49,0,0.0,0,
7310,66,1321,66,0,0.0,0,
7311,55,246,55,0,0.0,0,
7312,47,438,47,0,0.0,0,
7313,61,509,61,0,0.0,0,
7314,60,247,60,0,0.0,0,
7315,36,125,36,0,0.0,0,
7316,48,253,48,0,0.0,0,
7317,54,268,54,0,0.0,0,
7318,51,449,51,0,0.0,0,
7319,61,648,61,0,0.0,0,
731,60,255,60,0,0.0,0,
7320,47,405,47,0,0.0,0,
7321,86,568,86,0,0.0,0,
7322,53,347,53,0,0.0,0,
7323,35,585,35,0,0.0,0,
7324,46,358,46,0,0.0,0,
7325,72,271,72,0,0.0,0,
7326,44,4061,44,0,0.0,0,
7327,62,307,62,0,0.0,0,
7328,33,57,33,0,0.0,0,
7329,81,642,81,0,0.0,0,
732,47,84,47,0,0.0,0,
7330,53,335,53,0,0.0,0,
7331,50,253,50,0,0.0,0,
7332,58,294,58,0,0.0,0,
7333,50,238,50,0,0.0,0,
7334,65,386,65,0,0.0,0,
7335,60,577,60,0,0.0,0,
7336,49,530,49,0,0.0,0,
7337,43,1055,43,0,0.0,0,
7338,30,532,30,0,0.0,0,
7339,55,548,55,0,0.0,0,
733,47,208,47,0,0.0,0,
7340,51,737,51,0,0.0,0,
7341,68,428,68,0,0.0,0,
7342,39,234,39,0,0.0,0,
7343,43,394,43,0,0.0,0,
7344,51,167,51,0,0.0,0,
7345,25,598,25,0,0.0,0,
7346,36,363,36,0,0.0,0,
7347,37,265,37,0,0.0,0,
7348,52,282,52,0,0.0,0,
7349,50,2652,50,0,0.0,0,
734,35,771,35,0,0.0,0,
7350,48,354,48,0,0.0,0,
7351,38,572,38,0,0.0,0,
7352,27,142,27,0,0.0,0,
7353,31,298,31,0,0.0,0,
7354,46,99,46,0,0.0,0,
7355,59,253,59,0,0.0,0,
7356,62,1612,61,1,0.016129032258064516,0,A_680
7357,45,268,45,0,0.0,0,
7358,42,176,42,0,0.0,0,
7359,51,213,51,0,0.0,0,
735,76,339,76,0,0.0,0,
7360,65,198,65,0,0.0,0,
7361,43,360,43,0,0.0,0,
7362,39,266,39,0,0.0,0,
7363,61,638,61,0,0.0,0,
7364,64,278,64,0,0.0,0,
7365,58,862,58,0,0.0,0,
7366,41,465,41,0,0.0,0,
7367,30,330,30,0,0.0,0,
7368,52,400,52,0,0.0,0,
7369,48,857,48,0,0.0,0,
736,37,245,37,0,0.0,0,
7370,11,256,11,0,0.0,0,
7371,58,587,58,0,0.0,0,
7372,87,1008,87,0,0.0,0,
7373,51,358,51,0,0.0,0,
7374,44,801,44,0,0.0,0,
7375,42,258,42,0,0.0,0,
7376,47,280,47,0,0.0,0,
7377,41,264,41,0,0.0,0,
7378,46,123,46,0,0.0,0,
7379,104,602,104,0,0.0,0,
737,50,258,50,0,0.0,0,
7380,78,198,78,0,0.0,0,
7381,58,296,58,0,0.0,0,
7382,44,341,44,0,0.0,0,
7383,33,459,33,0,0.0,0,
7384,25,223,25,0,0.0,0,
7385,34,64,34,0,0.0,0,
7386,86,375,86,0,0.0,0,
7387,52,576,52,0,0.0,0,
7388,59,1755,59,0,0.0,0,
7389,23,414,23,0,0.0,0,
738,50,258,50,0,0.0,0,
7390,51,522,51,0,0.0,0,
7391,35,114,35,0,0.0,0,
7392,40,305,40,0,0.0,0,
7393,59,284,59,0,0.0,0,
7394,51,255,51,0,0.0,0,
7395,40,289,40,0,0.0,0,
7396,70,143,70,0,0.0,0,
7397,72,246,72,0,0.0,0,
7398,76,612,76,0,0.0,0,
7399,49,948,49,0,0.0,0,
739,36,142,36,0,0.0,0,
73,45,156,45,0,0.0,0,
7400,40,604,40,0,0.0,0,
7401,47,942,47,0,0.0,0,
7402,59,284,59,0,0.0,0,
7403,50,223,50,0,0.0,0,
7404,56,574,56,0,0.0,0,
7405,54,293,54,0,0.0,0,
7406,46,572,46,0,0.0,0,
7407,55,277,55,0,0.0,0,
7408,66,517,66,0,0.0,0,
7409,48,176,48,0,0.0,0,
740,39,1520,39,0,0.0,0,
7410,30,289,30,0,0.0,0,
7411,61,287,61,0,0.0,0,
7412,66,395,66,0,0.0,0,
7413,55,386,55,0,0.0,0,
7414,42,258,42,0,0.0,0,
7415,59,462,59,0,0.0,0,
7416,64,730,64,0,0.0,0,
7417,52,602,52,0,0.0,0,
7418,46,182,46,0,0.0,0,
7419,45,257,45,0,0.0,0,
741,52,274,52,0,0.0,0,
7420,40,200,40,0,0.0,0,
7421,70,540,70,0,0.0,0,
7422,58,322,58,0,0.0,0,
7423,68,266,68,0,0.0,0,
7424,55,416,55,0,0.0,0,
7425,42,351,42,0,0.0,0,
7426,49,331,49,0,0.0,0,
7427,47,161,47,0,0.0,0,
7428,38,180,38,0,0.0,0,
7429,58,419,58,0,0.0,0,
742,52,185,52,0,0.0,0,
7430,47,105,47,0,0.0,0,
7431,40,334,40,0,0.0,0,
7432,58,295,58,0,0.0,0,
7433,52,639,52,0,0.0,0,
7434,52,530,52,0,0.0,0,
7435,66,1340,66,0,0.0,0,
7436,51,257,51,0,0.0,0,
7437,38,849,38,0,0.0,0,
7438,71,1737,71,0,0.0,0,
7439,59,309,59,0,0.0,0,
743,45,892,45,0,0.0,0,
7440,36,196,36,0,0.0,0,
7441,36,288,36,0,0.0,0,
7442,52,863,52,0,0.0,0,
7443,29,495,29,0,0.0,0,
7444,44,275,44,0,0.0,0,
7445,38,1014,38,0,0.0,0,
7446,57,526,57,0,0.0,0,
7447,77,517,77,0,0.0,0,
7448,61,264,61,0,0.0,0,
7449,40,354,40,0,0.0,0,
744,34,126,34,0,0.0,0,
7450,34,298,34,0,0.0,0,
7451,56,745,56,0,0.0,0,
7452,36,106,36,0,0.0,0,
7453,66,694,66,0,0.0,0,
7454,76,557,76,0,0.0,0,
7455,44,297,44,0,0.0,0,
7456,45,494,45,0,0.0,0,
7457,37,107,33,4,0.10810810810810811,0,A_121 A_123 A_148 A_165
7458,46,215,46,0,0.0,0,
7459,31,443,31,0,0.0,0,
745,51,273,51,0,0.0,0,
7460,57,238,57,0,0.0,0,
7461,30,100,30,0,0.0,0,
7462,45,355,45,0,0.0,0,
7463,36,113,36,0,0.0,0,
7464,61,249,61,0,0.0,0,
7465,47,258,47,0,0.0,0,
7466,31,58,31,0,0.0,0,
7467,60,453,60,0,0.0,0,
7468,48,460,48,0,0.0,0,
7469,13,140,13,0,0.0,0,
746,60,414,60,0,0.0,0,
7470,60,257,60,0,0.0,0,
7471,37,438,37,0,0.0,0,
7472,70,338,70,0,0.0,0,
7473,35,124,35,0,0.0,0,
7474,48,305,48,0,0.0,0,
7475,57,2730,57,0,0.0,0,
7476,59,341,59,0,0.0,0,
7477,38,898,38,0,0.0,0,
7478,50,331,50,0,0.0,0,
7479,49,682,49,0,0.0,0,
747,43,566,43,0,0.0,0,
7480,51,254,51,0,0.0,0,
7481,47,395,47,0,0.0,0,
7482,50,273,50,0,0.0,0,
7483,51,672,50,1,0.0196078431372549,0,B_58
7484,43,485,43,0,0.0,0,
7485,47,196,47,0,0.0,0,
7486,44,695,44,0,0.0,0,
7487,44,352,44,0,0.0,0,
7488,39,901,39,0,0.0,0,
7489,51,336,51,0,0.0,0,
748,35,731,35,0,0.0,0,
7490,45,257,45,0,0.0,0,
7491,46,312,46,0,0.0,0,
7492,30,241,29,1,0.03333333333333333,0,A_73
7493,29,317,29,0,0.0,0,
7494,48,219,48,0,0.0,0,
7495,61,646,61,0,0.0,0,
7496,53,219,53,0,0.0,0,
7497,40,290,40,0,0.0,0,
7498,39,621,39,0,0.0,0,
7499,45,180,45,0,0.0,0,
749,38,750,38,0,0.0,0,
74,73,370,73,0,0.0,0,
7500,48,253,48,0,0.0,0,
7501,46,498,46,0,0.0,0,
7502,66,292,66,0,0.0,0,
7503,55,778,55,0,0.0,0,
7504,57,280,57,0,0.0,0,
7505,36,125,36,0,0.0,0,
7506,71,1618,70,1,0.014084507042253521,0,A_680
7507,49,917,49,0,0.0,0,
7508,56,718,56,0,0.0,0,
7509,46,269,46,0,0.0,0,
750,43,112,43,0,0.0,0,
7510,34,74,34,0,0.0,0,
7511,66,799,66,0,0.0,0,
7512,37,430,37,0,0.0,0,
7513,27,158,27,0,0.0,0,
7514,56,852,56,0,0.0,0,
7515,43,296,43,0,0.0,0,
7516,64,694,64,0,0.0,0,
7517,67,551,67,0,0.0,0,
7518,64,351,64,0,0.0,0,
7519,40,230,40,0,0.0,0,
751,63,809,62,1,0.015873015873015872,0,A_680
7520,45,245,45,0,0.0,0,
7521,61,287,61,0,0.0,0,
7522,63,744,63,0,0.0,0,
7523,43,328,43,0,0.0,0,
7524,81,238,81,0,0.0,0,
7525,41,321,41,0,0.0,0,
7526,20,301,20,0,0.0,0,
7527,69,1724,69,0,0.0,0,
7528,36,210,36,0,0.0,0,
7529,47,554,47,0,0.0,0,
752,48,1055,48,0,0.0,0,
7530,45,782,45,0,0.0,0,
7531,63,544,63,0,0.0,0,
7532,43,500,43,0,0.0,0,
7533,55,442,55,0,0.0,0,
7534,51,342,51,0,0.0,0,
7535,46,494,46,0,0.0,0,
7536,57,2778,57,0,0.0,0,
7537,48,282,48,0,0.0,0,
7538,60,223,60,0,0.0,0,
7539,37,316,37,0,0.0,0,
753,62,416,62,0,0.0,0,
7540,53,116,53,0,0.0,0,
7541,65,2160,65,0,0.0,0,
7542,30,146,30,0,0.0,0,
7543,61,507,61,0,0.0,0,
7544,49,285,49,0,0.0,0,
7545,60,292,60,0,0.0,0,
7546,30,728,30,0,0.0,0,
7547,46,157,46,0,0.0,0,
7548,34,278,34,0,0.0,0,
7549,47,533,47,0,0.0,0,
754,46,742,46,0,0.0,0,
7550,56,465,56,0,0.0,0,
7551,57,293,57,0,0.0,0,
7552,51,652,51,0,0.0,0,
7553,42,259,42,0,0.0,0,
7554,61,256,61,0,0.0,0,
7555,31,492,31,0,0.0,0,
7556,44,272,44,0,0.0,0,
7557,51,257,51,0,0.0,0,
7558,61,582,61,0,0.0,0,
7559,54,1071,54,0,0.0,0,
755,34,130,34,0,0.0,0,
7560,83,238,83,0,0.0,0,
7561,82,377,82,0,0.0,0,
7562,43,325,43,0,0.0,0,
7563,48,225,48,0,0.0,0,
7564,34,250,34,0,0.0,0,
7565,52,266,52,0,0.0,0,
7566,41,128,41,0,0.0,0,
7567,49,215,49,0,0.0,0,
7568,33,162,33,0,0.0,0,
7569,58,214,58,0,0.0,0,
756,41,416,41,0,0.0,0,
7570,50,464,50,0,0.0,0,
7571,53,245,53,0,0.0,0,
7572,68,319,68,0,0.0,0,
7573,51,400,51,0,0.0,0,
7574,71,198,71,0,0.0,0,
7575,51,660,51,0,0.0,0,
7576,77,619,77,0,0.0,0,
7577,49,228,49,0,0.0,0,
7578,43,105,43,0,0.0,0,
7579,48,556,48,0,0.0,0,
757,116,799,116,0,0.0,0,
7580,62,336,62,0,0.0,0,
7581,56,697,56,0,0.0,0,
7582,60,304,60,0,0.0,0,
7583,48,133,48,0,0.0,0,
7584,42,376,42,0,0.0,0,
7585,47,861,47,0,0.0,0,
7586,40,123,40,0,0.0,0,
7587,59,345,59,0,0.0,0,
7588,40,1590,40,0,0.0,0,
7589,69,198,69,0,0.0,0,
758,61,295,61,0,0.0,0,
7590,47,577,47,0,0.0,0,
7591,49,332,49,0,0.0,0,
7592,38,816,38,0,0.0,0,
7593,63,198,63,0,0.0,0,
7594,41,580,41,0,0.0,0,
7595,67,517,67,0,0.0,0,
7596,54,370,54,0,0.0,0,
7597,54,394,54,0,0.0,0,
7598,54,186,54,0,0.0,0,
7599,56,728,56,0,0.0,0,
759,56,954,56,0,0.0,0,
75,56,346,56,0,0.0,0,
7600,45,1552,45,0,0.0,0,
7601,40,467,40,0,0.0,0,
7602,56,244,56,0,0.0,0,
7603,55,353,55,0,0.0,0,
7604,65,198,65,0,0.0,0,
7605,39,140,39,0,0.0,0,
7606,47,863,47,0,0.0,0,
7607,46,267,46,0,0.0,0,
7608,40,266,40,0,0.0,0,
7609,51,289,51,0,0.0,0,
760,33,967,33,0,0.0,0,
7610,55,185,55,0,0.0,0,
7611,45,223,45,0,0.0,0,
7612,38,874,38,0,0.0,0,
7613,62,288,62,0,0.0,0,
7614,74,557,74,0,0.0,0,
7615,57,580,57,0,0.0,0,
7616,60,464,60,0,0.0,0,
7617,67,278,67,0,0.0,0,
7618,68,323,68,0,0.0,0,
7619,49,465,49,0,0.0,0,
761,49,217,49,0,0.0,0,
7620,61,577,61,0,0.0,0,
7621,57,276,57,0,0.0,0,
7622,44,525,44,0,0.0,0,
7623,41,304,41,0,0.0,0,
7624,44,71,43,1,0.022727272727272728,0,A_246
7625,51,245,51,0,0.0,0,
7626,47,353,47,0,0.0,0,
7627,35,298,35,0,0.0,0,
7628,67,215,67,0,0.0,0,
7629,34,466,34,0,0.0,0,
762,45,166,45,0,0.0,0,
7630,68,198,68,0,0.0,0,
7631,54,190,54,0,0.0,0,
7632,56,358,56,0,0.0,0,
7633,57,256,57,0,0.0,0,
7634,28,124,28,0,0.0,0,
7635,56,363,56,0,0.0,0,
7636,44,1014,44,0,0.0,0,
7637,64,468,64,0,0.0,0,
7638,36,494,36,0,0.0,0,
7639,56,261,56,0,0.0,0,
763,41,316,41,0,0.0,0,
7640,59,190,59,0,0.0,0,
7641,46,779,46,0,0.0,0,
7642,54,301,54,0,0.0,0,
7643,32,86,32,0,0.0,0,
7644,64,1525,64,0,0.0,0,
7645,48,572,48,0,0.0,0,
7646,26,105,26,0,0.0,0,
7647,56,788,56,0,0.0,0,
7648,39,391,39,0,0.0,0,
7649,47,286,47,0,0.0,0,
764,36,163,36,0,0.0,0,
7650,91,214,91,0,0.0,0,
7651,66,246,66,0,0.0,0,
7652,56,820,56,0,0.0,0,
7653,54,700,54,0,0.0,0,
7654,46,299,46,0,0.0,0,
7655,42,689,42,0,0.0,0,
7656,54,1616,54,0,0.0,0,
7657,64,198,64,0,0.0,0,
7658,46,1456,46,0,0.0,0,
7659,56,288,56,0,0.0,0,
765,61,198,61,0,0.0,0,
7660,46,577,46,0,0.0,0,
7661,30,333,30,0,0.0,0,
7662,50,436,50,0,0.0,0,
7663,49,272,49,0,0.0,0,
7664,75,867,75,0,0.0,0,
7665,42,748,42,0,0.0,0,
7666,61,255,61,0,0.0,0,
7667,53,666,53,0,0.0,0,
7668,74,337,73,1,0.013513513513513514,0,A_197
7669,44,1374,44,0,0.0,0,
766,20,119,20,0,0.0,0,
7670,51,154,51,0,0.0,0,
7671,17,1377,17,0,0.0,0,
7672,35,370,35,0,0.0,0,
7673,54,240,54,0,0.0,0,
7674,46,294,46,0,0.0,0,
7675,50,283,50,0,0.0,0,
7676,37,237,37,0,0.0,0,
7677,118,833,118,0,0.0,0,
7678,61,441,61,0,0.0,0,
7679,28,285,28,0,0.0,0,
767,40,223,40,0,0.0,0,
7680,48,271,48,0,0.0,0,
7681,52,438,52,0,0.0,0,
7682,76,230,76,0,0.0,0,
7683,46,273,46,0,0.0,0,
7684,45,443,45,0,0.0,0,
7685,73,1064,73,0,0.0,0,
7686,39,245,39,0,0.0,0,
7687,69,198,69,0,0.0,0,
7688,72,621,72,0,0.0,0,
7689,16,198,16,0,0.0,0,
768,48,326,48,0,0.0,0,
7690,60,270,60,0,0.0,0,
7691,61,428,61,0,0.0,0,
7692,65,248,65,0,0.0,0,
7693,41,223,41,0,0.0,0,
7694,77,926,77,0,0.0,0,
7695,38,164,38,0,0.0,0,
7696,53,491,53,0,0.0,0,
7697,52,653,52,0,0.0,0,
7698,46,1838,46,0,0.0,0,
7699,72,230,72,0,0.0,0,
769,50,354,50,0,0.0,0,
76,20,152,20,0,0.0,0,
7700,33,432,33,0,0.0,0,
7701,74,338,74,0,0.0,0,
7702,31,124,31,0,0.0,0,
7703,38,210,38,0,0.0,0,
7704,31,358,31,0,0.0,0,
7705,51,245,51,0,0.0,0,
7706,38,98,38,0,0.0,0,
7707,68,418,68,0,0.0,0,
7708,30,154,30,0,0.0,0,
7709,32,87,32,0,0.0,0,
770,46,385,46,0,0.0,0,
7710,62,696,62,0,0.0,0,
7711,56,822,56,0,0.0,0,
7712,42,780,42,0,0.0,0,
7713,51,325,51,0,0.0,0,
7714,36,110,36,0,0.0,0,
7715,29,456,29,0,0.0,0,
7716,40,223,40,0,0.0,0,
7717,40,345,40,0,0.0,0,
7718,34,610,34,0,0.0,0,
7719,31,432,31,0,0.0,0,
771,37,401,37,0,0.0,0,
7720,59,820,59,0,0.0,0,
7721,41,954,41,0,0.0,0,
7722,54,198,54,0,0.0,0,
7723,59,263,59,0,0.0,0,
7724,70,574,70,0,0.0,0,
7725,43,288,43,0,0.0,0,
7726,58,1028,58,0,0.0,0,
7727,48,480,48,0,0.0,0,
7728,53,273,53,0,0.0,0,
7729,19,256,19,0,0.0,0,
772,67,338,67,0,0.0,0,
7730,40,180,40,0,0.0,0,
7731,37,848,37,0,0.0,0,
7732,76,690,76,0,0.0,0,
7733,55,258,55,0,0.0,0,
7734,53,954,53,0,0.0,0,
7735,48,80,48,0,0.0,0,
7736,48,556,48,0,0.0,0,
7737,50,274,50,0,0.0,0,
7738,36,568,36,0,0.0,0,
7739,41,444,41,0,0.0,0,
773,37,123,37,0,0.0,0,
7740,19,527,19,0,0.0,0,
7741,51,889,51,0,0.0,0,
7742,53,330,53,0,0.0,0,
7743,32,158,32,0,0.0,0,
7744,40,107,40,0,0.0,0,
7745,49,193,49,0,0.0,0,
7746,63,414,63,0,0.0,0,
7747,40,297,40,0,0.0,0,
7748,37,165,37,0,0.0,0,
7749,62,1612,61,1,0.016129032258064516,0,A_680
774,51,241,51,0,0.0,0,
7750,40,375,40,0,0.0,0,
7751,47,311,47,0,0.0,0,
7752,42,636,42,0,0.0,0,
7753,49,280,49,0,0.0,0,
7754,50,296,50,0,0.0,0,
7755,56,426,56,0,0.0,0,
7756,56,666,56,0,0.0,0,
7757,38,1104,38,0,0.0,0,
7758,66,198,66,0,0.0,0,
7759,48,327,48,0,0.0,0,
775,46,500,46,0,0.0,0,
7760,61,1332,61,0,0.0,0,
7761,33,417,33,0,0.0,0,
7762,47,432,47,0,0.0,0,
7763,52,978,52,0,0.0,0,
7764,32,124,32,0,0.0,0,
7765,50,404,50,0,0.0,0,
7766,45,339,45,0,0.0,0,
7767,35,418,35,0,0.0,0,
7768,61,368,61,0,0.0,0,
7769,56,364,56,0,0.0,0,
776,58,408,58,0,0.0,0,
7770,38,259,38,0,0.0,0,
7771,44,4032,44,0,0.0,0,
7772,56,455,56,0,0.0,0,
7773,37,434,37,0,0.0,0,
7774,53,246,53,0,0.0,0,
7775,54,351,54,0,0.0,0,
7776,44,348,44,0,0.0,0,
7777,60,271,60,0,0.0,0,
7778,39,215,39,0,0.0,0,
7779,40,546,40,0,0.0,0,
777,40,294,40,0,0.0,0,
7780,29,74,29,0,0.0,0,
7781,49,293,49,0,0.0,0,
7782,58,372,58,0,0.0,0,
7783,44,686,44,0,0.0,0,
7784,39,1509,39,0,0.0,0,
7785,46,989,46,0,0.0,0,
7786,54,500,54,0,0.0,0,
7787,53,348,53,0,0.0,0,
7788,48,900,48,0,0.0,0,
7789,59,752,59,0,0.0,0,
778,37,123,37,0,0.0,0,
7790,44,1938,44,0,0.0,0,
7791,33,640,33,0,0.0,0,
7792,56,155,56,0,0.0,0,
7793,36,252,36,0,0.0,0,
7794,33,526,33,0,0.0,0,
7795,49,181,49,0,0.0,0,
7796,50,285,50,0,0.0,0,
7797,48,252,48,0,0.0,0,
7798,30,493,30,0,0.0,0,
7799,45,94,45,0,0.0,0,
779,63,304,63,0,0.0,0,
77,49,219,49,0,0.0,0,
7800,59,1025,59,0,0.0,0,
7801,61,372,61,0,0.0,0,
7802,47,294,47,0,0.0,0,
7803,43,125,43,0,0.0,0,
7804,36,901,36,0,0.0,0,
7805,56,285,56,0,0.0,0,
7806,63,287,63,0,0.0,0,
7807,31,56,31,0,0.0,0,
7808,25,502,25,0,0.0,0,
7809,58,288,58,0,0.0,0,
780,50,282,50,0,0.0,0,
7810,41,165,41,0,0.0,0,
7811,25,2896,25,0,0.0,0,
7812,29,196,29,0,0.0,0,
7813,50,546,50,0,0.0,0,
7814,42,387,42,0,0.0,0,
7815,31,248,31,0,0.0,0,
7816,45,258,45,0,0.0,0,
7817,61,287,61,0,0.0,0,
7818,44,358,44,0,0.0,0,
7819,49,208,49,0,0.0,0,
781,37,116,37,0,0.0,0,
7820,50,454,50,0,0.0,0,
7821,50,258,50,0,0.0,0,
7822,57,349,56,1,0.017543859649122806,0,A_189
7823,67,198,67,0,0.0,0,
7824,63,446,63,0,0.0,0,
7825,45,245,45,0,0.0,0,
7826,69,198,69,0,0.0,0,
7827,26,120,26,0,0.0,0,
7828,46,2772,46,0,0.0,0,
7829,46,309,46,0,0.0,0,
782,64,278,64,0,0.0,0,
7830,61,517,61,0,0.0,0,
7831,37,301,37,0,0.0,0,
7832,38,106,38,0,0.0,0,
7833,61,331,61,0,0.0,0,
7834,52,672,52,0,0.0,0,
7835,23,82,23,0,0.0,0,
7836,111,407,111,0,0.0,0,
7837,56,1082,56,0,0.0,0,
7838,58,387,58,0,0.0,0,
7839,105,816,105,0,0.0,0,
783,47,335,47,0,0.0,0,
7840,51,276,51,0,0.0,0,
7841,29,493,29,0,0.0,0,
7842,61,282,61,0,0.0,0,
7843,46,306,46,0,0.0,0,
7844,23,46,23,0,0.0,0,
7845,39,300,39,0,0.0,0,
7846,61,653,61,0,0.0,0,
7847,73,928,73,0,0.0,0,
7848,40,156,39,1,0.025,0,A_137
7849,67,891,67,0,0.0,0,
784,57,469,57,0,0.0,0,
7850,62,238,62,0,0.0,0,
7851,45,590,45,0,0.0,0,
7852,68,208,68,0,0.0,0,
7853,51,335,51,0,0.0,0,
7854,64,426,64,0,0.0,0,
7855,57,330,57,0,0.0,0,
7856,51,798,51,0,0.0,0,
7857,65,198,65,0,0.0,0,
7858,71,692,71,0,0.0,0,
7859,54,430,54,0,0.0,0,
785,56,345,56,0,0.0,0,
7860,50,283,50,0,0.0,0,
7861,52,258,52,0,0.0,0,
7862,55,318,55,0,0.0,0,
7863,31,115,31,0,0.0,0,
7864,51,162,51,0,0.0,0,
7865,43,436,43,0,0.0,0,
7866,48,257,48,0,0.0,0,
7867,51,327,51,0,0.0,0,
7868,28,84,28,0,0.0,0,
7869,46,126,46,0,0.0,0,
786,49,258,49,0,0.0,0,
7870,79,389,79,0,0.0,0,
7871,54,338,54,0,0.0,0,
7872,56,516,56,0,0.0,0,
7873,70,259,70,0,0.0,0,
7874,71,644,71,0,0.0,0,
7875,39,2598,39,0,0.0,0,
7876,76,373,76,0,0.0,0,
7877,42,236,42,0,0.0,0,
7878,35,1216,35,0,0.0,0,
7879,52,369,52,0,0.0,0,
787,32,130,32,0,0.0,0,
7880,37,972,37,0,0.0,0,
7881,37,350,37,0,0.0,0,
7882,52,1088,52,0,0.0,0,
7883,48,692,48,0,0.0,0,
7884,50,288,50,0,0.0,0,
7885,51,997,51,0,0.0,0,
7886,80,357,80,0,0.0,0,
7887,38,358,38,0,0.0,0,
7888,36,341,36,0,0.0,0,
7889,36,241,35,1,0.027777777777777776,0,A_73
788,65,343,65,0,0.0,0,
7890,70,328,70,0,0.0,0,
7891,56,156,56,0,0.0,0,
7892,53,266,53,0,0.0,0,
7893,41,358,41,0,0.0,0,
7894,48,449,48,0,0.0,0,
7895,35,125,35,0,0.0,0,
7896,55,3077,55,0,0.0,0,
7897,71,256,71,0,0.0,0,
7898,20,103,19,1,0.05,0,A_1
7899,56,131,56,0,0.0,0,
789,48,242,48,0,0.0,0,
78,47,517,47,0,0.0,0,
7900,58,275,58,0,0.0,0,
7901,49,359,49,0,0.0,0,
7902,31,152,31,0,0.0,0,
7903,49,260,49,0,0.0,0,
7904,90,211,90,0,0.0,0,
7905,50,460,50,0,0.0,0,
7906,44,350,44,0,0.0,0,
7907,44,96,44,0,0.0,0,
7908,35,69,35,0,0.0,0,
7909,54,339,53,1,0.018518518518518517,0,A_197
790,48,258,48,0,0.0,0,
7910,54,341,54,0,0.0,0,
7911,54,484,54,0,0.0,0,
7912,43,358,43,0,0.0,0,
7913,50,867,50,0,0.0,0,
7914,47,154,47,0,0.0,0,
7915,62,563,62,0,0.0,0,
7916,72,409,72,0,0.0,0,
7917,62,517,62,0,0.0,0,
7918,32,270,32,0,0.0,0,
7919,46,221,46,0,0.0,0,
791,67,265,67,0,0.0,0,
7920,49,257,49,0,0.0,0,
7921,54,1144,54,0,0.0,0,
7922,28,117,28,0,0.0,0,
7923,48,221,47,1,0.020833333333333332,0,A_101
7924,47,502,47,0,0.0,0,
7925,52,346,52,0,0.0,0,
7926,47,302,47,0,0.0,0,
7927,49,209,49,0,0.0,0,
7928,56,598,56,0,0.0,0,
7929,34,127,34,0,0.0,0,
792,45,283,45,0,0.0,0,
7930,31,662,31,0,0.0,0,
7931,51,258,51,0,0.0,0,
7932,53,643,53,0,0.0,0,
7933,49,532,49,0,0.0,0,
7934,34,244,34,0,0.0,0,
7935,47,226,47,0,0.0,0,
7936,42,2111,42,0,0.0,0,
7937,42,83,42,0,0.0,0,
7938,47,1008,47,0,0.0,0,
7939,54,253,54,0,0.0,0,
793,39,327,39,0,0.0,0,
7940,44,261,44,0,0.0,0,
7941,43,170,43,0,0.0,0,
7942,46,127,46,0,0.0,0,
7943,40,215,40,0,0.0,0,
7944,48,325,48,0,0.0,0,
7945,39,446,39,0,0.0,0,
7946,40,327,40,0,0.0,0,
7947,46,230,46,0,0.0,0,
7948,41,872,41,0,0.0,0,
7949,36,243,36,0,0.0,0,
794,39,1473,39,0,0.0,0,
7950,35,114,35,0,0.0,0,
7951,30,201,30,0,0.0,0,
7952,29,961,29,0,0.0,0,
7953,46,257,46,0,0.0,0,
7954,25,598,25,0,0.0,0,
7955,37,431,37,0,0.0,0,
7956,42,686,42,0,0.0,0,
7957,49,215,49,0,0.0,0,
7958,48,394,48,0,0.0,0,
7959,48,257,48,0,0.0,0,
795,68,198,68,0,0.0,0,
7960,34,214,34,0,0.0,0,
7961,55,279,55,0,0.0,0,
7962,36,223,36,0,0.0,0,
7963,55,224,55,0,0.0,0,
7964,67,198,67,0,0.0,0,
7965,50,278,50,0,0.0,0,
7966,38,2622,38,0,0.0,0,
7967,57,553,57,0,0.0,0,
7968,62,374,62,0,0.0,0,
7969,58,288,58,0,0.0,0,
796,26,720,26,0,0.0,0,
7970,33,241,32,1,0.030303030303030304,0,A_73
7971,69,332,69,0,0.0,0,
7972,53,1199,53,0,0.0,0,
7973,49,1171,49,0,0.0,0,
7974,58,316,58,0,0.0,0,
7975,57,684,57,0,0.0,0,
7976,61,354,61,0,0.0,0,
7977,37,435,37,0,0.0,0,
7978,38,268,37,1,0.02631578947368421,0,B_22
7979,56,854,56,0,0.0,0,
797,58,610,58,0,0.0,0,
7980,125,768,125,0,0.0,0,
7981,38,495,38,0,0.0,0,
7982,31,112,31,0,0.0,0,
7983,36,204,36,0,0.0,0,
7984,33,103,33,0,0.0,0,
7985,51,728,51,0,0.0,0,
7986,45,264,45,0,0.0,0,
7987,43,544,43,0,0.0,0,
7988,46,348,46,0,0.0,0,
7989,49,1050,49,0,0.0,0,
798,42,762,42,0,0.0,0,
7990,43,439,43,0,0.0,0,
7991,49,265,49,0,0.0,0,
7992,43,182,43,0,0.0,0,
7993,47,563,47,0,0.0,0,
7994,40,241,39,1,0.025,0,A_73
7995,34,113,34,0,0.0,0,
7996,84,378,84,0,0.0,0,
7997,34,113,34,0,0.0,0,
7998,51,294,51,0,0.0,0,
7999,58,284,58,0,0.0,0,
799,71,802,71,0,0.0,0,
79,42,147,42,0,0.0,0,
7,56,205,56,0,0.0,0,
8000,26,242,26,0,0.0,0,
8001,54,331,54,0,0.0,0,
8002,40,432,40,0,0.0,0,
8003,59,450,59,0,0.0,0,
8004,65,271,65,0,0.0,0,
8005,56,664,56,0,0.0,0,
8006,43,787,43,0,0.0,0,
8007,54,550,54,0,0.0,0,
8008,53,609,53,0,0.0,0,
8009,55,866,55,0,0.0,0,
800,52,465,52,0,0.0,0,
8010,55,223,55,0,0.0,0,
8011,50,504,50,0,0.0,0,
8012,65,198,65,0,0.0,0,
8013,31,471,31,0,0.0,0,
8014,31,119,31,0,0.0,0,
8015,42,330,42,0,0.0,0,
8016,38,154,38,0,0.0,0,
8017,62,278,62,0,0.0,0,
8018,19,231,19,0,0.0,0,
8019,56,336,56,0,0.0,0,
801,42,449,42,0,0.0,0,
8020,43,274,43,0,0.0,0,
8021,51,397,51,0,0.0,0,
8022,48,286,48,0,0.0,0,
8023,78,3086,78,0,0.0,0,
8024,41,1520,41,0,0.0,0,
8025,59,257,59,0,0.0,0,
8026,57,301,57,0,0.0,0,
8027,53,273,53,0,0.0,0,
8028,44,552,44,0,0.0,0,
8029,49,330,49,0,0.0,0,
802,50,1718,50,0,0.0,0,
8030,40,297,40,0,0.0,0,
8031,48,629,48,0,0.0,0,
8032,43,387,43,0,0.0,0,
8033,48,208,48,0,0.0,0,
8034,53,207,53,0,0.0,0,
8035,61,251,61,0,0.0,0,
8036,55,197,55,0,0.0,0,
8037,59,238,59,0,0.0,0,
8038,49,612,49,0,0.0,0,
8039,37,299,37,0,0.0,0,
803,77,391,77,0,0.0,0,
8040,58,277,58,0,0.0,0,
8041,37,342,37,0,0.0,0,
8042,54,1069,54,0,0.0,0,
8043,47,1054,47,0,0.0,0,
8044,55,1452,55,0,0.0,0,
8045,32,223,32,0,0.0,0,
8046,46,261,46,0,0.0,0,
8047,46,316,46,0,0.0,0,
8048,38,282,38,0,0.0,0,
8049,66,198,66,0,0.0,0,
804,34,253,34,0,0.0,0,
8050,47,1556,47,0,0.0,0,
8051,42,723,42,0,0.0,0,
8052,59,259,59,0,0.0,0,
8053,53,296,53,0,0.0,0,
8054,50,1114,50,0,0.0,0,
8055,39,55,39,0,0.0,0,
8056,46,278,46,0,0.0,0,
8057,50,1028,50,0,0.0,0,
8058,33,736,33,0,0.0,0,
8059,40,156,40,0,0.0,0,
805,50,197,48,2,0.04,0,A_1042 A_1122
8060,30,115,30,0,0.0,0,
8061,52,370,52,0,0.0,0,
8062,67,207,67,0,0.0,0,
8063,48,434,48,0,0.0,0,
8064,43,244,43,0,0.0,0,
8065,35,200,35,0,0.0,0,
8066,39,145,39,0,0.0,0,
8067,68,346,68,0,0.0,0,
8068,33,305,33,0,0.0,0,
8069,80,843,80,0,0.0,0,
806,35,126,35,0,0.0,0,
8070,46,373,46,0,0.0,0,
8071,31,433,31,0,0.0,0,
8072,42,89,42,0,0.0,0,
8073,53,496,53,0,0.0,0,
8074,48,416,48,0,0.0,0,
8075,62,428,62,0,0.0,0,
8076,28,484,28,0,0.0,0,
8077,21,216,21,0,0.0,0,
8078,46,168,46,0,0.0,0,
8079,55,290,55,0,0.0,0,
807,63,278,63,0,0.0,0,
8080,25,105,25,0,0.0,0,
8081,32,172,32,0,0.0,0,
8082,33,104,33,0,0.0,0,
8083,56,545,56,0,0.0,0,
8084,34,478,34,0,0.0,0,
8085,59,275,59,0,0.0,0,
8086,46,392,46,0,0.0,0,
8087,46,164,46,0,0.0,0,
8088,42,267,42,0,0.0,0,
8089,59,815,59,0,0.0,0,
808,36,298,36,0,0.0,0,
8090,38,326,38,0,0.0,0,
8091,49,261,49,0,0.0,0,
8092,35,125,35,0,0.0,0,
8093,50,516,50,0,0.0,0,
8094,33,226,33,0,0.0,0,
8095,31,158,31,0,0.0,0,
8096,60,554,60,0,0.0,0,
8097,53,652,53,0,0.0,0,
8098,64,238,64,0,0.0,0,
8099,39,2272,39,0,0.0,0,
809,37,226,37,0,0.0,0,
80,43,782,43,0,0.0,0,
8100,37,224,37,0,0.0,0,
8101,58,666,58,0,0.0,0,
8102,60,426,60,0,0.0,0,
8103,45,297,45,0,0.0,0,
8104,49,194,49,0,0.0,0,
8105,60,279,60,0,0.0,0,
8106,63,574,63,0,0.0,0,
8107,26,94,26,0,0.0,0,
8108,55,247,55,0,0.0,0,
8109,52,526,52,0,0.0,0,
810,70,198,70,0,0.0,0,
8110,48,495,48,0,0.0,0,
8111,47,644,47,0,0.0,0,
8112,63,544,63,0,0.0,0,
8113,53,588,53,0,0.0,0,
8114,55,337,55,0,0.0,0,
8115,52,1544,52,0,0.0,0,
8116,61,245,61,0,0.0,0,
8117,49,670,49,0,0.0,0,
8118,38,106,38,0,0.0,0,
8119,61,198,61,0,0.0,0,
811,49,519,49,0,0.0,0,
8120,50,204,50,0,0.0,0,
8121,58,466,58,0,0.0,0,
8122,66,172,66,0,0.0,0,
8123,48,418,48,0,0.0,0,
8124,70,198,70,0,0.0,0,
8125,39,495,39,0,0.0,0,
8126,42,283,42,0,0.0,0,
8127,53,287,53,0,0.0,0,
8128,59,1064,59,0,0.0,0,
8129,38,2598,38,0,0.0,0,
812,28,130,28,0,0.0,0,
8130,43,1653,43,0,0.0,0,
8131,39,1006,39,0,0.0,0,
8132,47,135,47,0,0.0,0,
8133,59,277,59,0,0.0,0,
8134,49,304,49,0,0.0,0,
8135,60,513,60,0,0.0,0,
8136,50,212,50,0,0.0,0,
8137,51,272,51,0,0.0,0,
8138,29,192,29,0,0.0,0,
8139,43,86,43,0,0.0,0,
813,34,426,34,0,0.0,0,
8140,40,200,40,0,0.0,0,
8141,27,241,26,1,0.037037037037037035,0,A_73
8142,37,359,37,0,0.0,0,
8143,45,507,45,0,0.0,0,
8144,39,670,39,0,0.0,0,
8145,56,653,56,0,0.0,0,
8146,54,285,54,0,0.0,0,
8147,45,251,45,0,0.0,0,
8148,69,517,69,0,0.0,0,
8149,66,607,66,0,0.0,0,
814,17,495,17,0,0.0,0,
8150,34,241,33,1,0.029411764705882353,0,A_73
8151,72,945,72,0,0.0,0,
8152,25,117,25,0,0.0,0,
8153,54,572,54,0,0.0,0,
8154,58,634,58,0,0.0,0,
8155,52,257,52,0,0.0,0,
8156,47,158,47,0,0.0,0,
8157,47,821,47,0,0.0,0,
8158,91,281,91,0,0.0,0,
8159,38,686,38,0,0.0,0,
815,38,250,38,0,0.0,0,
8160,63,889,63,0,0.0,0,
8161,51,434,51,0,0.0,0,
8162,45,768,45,0,0.0,0,
8163,66,1652,66,0,0.0,0,
8164,41,113,41,0,0.0,0,
8165,44,864,44,0,0.0,0,
8166,43,369,43,0,0.0,0,
8167,72,433,72,0,0.0,0,
8168,29,223,29,0,0.0,0,
8169,46,389,46,0,0.0,0,
816,54,252,54,0,0.0,0,
8170,50,266,50,0,0.0,0,
8171,64,993,64,0,0.0,0,
8172,50,267,50,0,0.0,0,
8173,77,338,77,0,0.0,0,
8174,45,247,45,0,0.0,0,
8175,45,213,45,0,0.0,0,
8176,67,144,67,0,0.0,0,
8177,56,553,56,0,0.0,0,
8178,51,283,51,0,0.0,0,
8179,37,133,37,0,0.0,0,
817,67,309,67,0,0.0,0,
8180,47,358,47,0,0.0,0,
8181,48,281,48,0,0.0,0,
8182,38,231,38,0,0.0,0,
8183,65,166,65,0,0.0,0,
8184,44,358,44,0,0.0,0,
8185,57,312,57,0,0.0,0,
8186,55,285,55,0,0.0,0,
8187,23,299,23,0,0.0,0,
8188,41,431,41,0,0.0,0,
8189,38,329,38,0,0.0,0,
818,40,607,40,0,0.0,0,
8190,59,276,59,0,0.0,0,
8191,43,181,43,0,0.0,0,
8192,44,335,44,0,0.0,0,
8193,72,265,72,0,0.0,0,
8194,34,256,34,0,0.0,0,
8195,40,570,40,0,0.0,0,
8196,51,578,51,0,0.0,0,
8197,50,333,50,0,0.0,0,
8198,39,842,39,0,0.0,0,
8199,42,264,42,0,0.0,0,
819,78,1384,78,0,0.0,0,
81,65,325,65,0,0.0,0,
8200,45,289,45,0,0.0,0,
8201,57,253,57,0,0.0,0,
8202,84,1089,84,0,0.0,0,
8203,60,411,60,0,0.0,0,
8204,31,504,31,0,0.0,0,
8205,69,198,69,0,0.0,0,
8206,35,344,35,0,0.0,0,
8207,49,303,49,0,0.0,0,
8208,46,428,46,0,0.0,0,
8209,52,262,52,0,0.0,0,
820,44,358,44,0,0.0,0,
8210,54,240,54,0,0.0,0,
8211,53,588,53,0,0.0,0,
8212,57,401,57,0,0.0,0,
8213,31,495,31,0,0.0,0,
8214,24,394,24,0,0.0,0,
8215,130,508,130,0,0.0,0,
8216,35,135,35,0,0.0,0,
8217,25,466,25,0,0.0,0,
8218,29,96,29,0,0.0,0,
8219,39,140,39,0,0.0,0,
821,40,284,40,0,0.0,0,
8220,42,246,42,0,0.0,0,
8221,81,239,81,0,0.0,0,
8222,61,375,61,0,0.0,0,
8223,47,1800,47,0,0.0,0,
8224,47,245,47,0,0.0,0,
8225,37,1334,37,0,0.0,0,
8226,60,311,60,0,0.0,0,
8227,50,734,50,0,0.0,0,
8228,40,1016,40,0,0.0,0,
8229,49,208,49,0,0.0,0,
822,48,257,48,0,0.0,0,
8230,57,546,57,0,0.0,0,
8231,28,64,28,0,0.0,0,
8232,46,191,46,0,0.0,0,
8233,67,194,67,0,0.0,0,
8234,63,198,63,0,0.0,0,
8235,37,519,37,0,0.0,0,
8236,38,720,38,0,0.0,0,
8237,44,265,44,0,0.0,0,
8238,56,928,56,0,0.0,0,
8239,43,300,43,0,0.0,0,
823,52,993,52,0,0.0,0,
8240,31,255,31,0,0.0,0,
8241,50,158,50,0,0.0,0,
8242,40,479,40,0,0.0,0,
8243,65,249,65,0,0.0,0,
8244,60,387,60,0,0.0,0,
8245,51,230,51,0,0.0,0,
8246,64,214,64,0,0.0,0,
8247,31,181,31,0,0.0,0,
8248,52,957,52,0,0.0,0,
8249,78,284,78,0,0.0,0,
824,49,264,49,0,0.0,0,
8250,37,51,37,0,0.0,0,
8251,75,870,75,0,0.0,0,
8252,57,409,57,0,0.0,0,
8253,64,240,64,0,0.0,0,
8254,52,301,52,0,0.0,0,
8255,51,258,51,0,0.0,0,
8256,53,282,53,0,0.0,0,
8257,71,176,71,0,0.0,0,
8258,67,198,67,0,0.0,0,
8259,56,162,56,0,0.0,0,
825,56,349,56,0,0.0,0,
8260,53,257,53,0,0.0,0,
8261,49,484,49,0,0.0,0,
8262,107,816,107,0,0.0,0,
8263,65,198,65,0,0.0,0,
8264,43,431,43,0,0.0,0,
8265,49,244,49,0,0.0,0,
8266,36,114,36,0,0.0,0,
8267,59,581,59,0,0.0,0,
8268,36,934,36,0,0.0,0,
8269,39,1276,39,0,0.0,0,
826,46,862,46,0,0.0,0,
8270,58,501,58,0,0.0,0,
8271,45,1456,45,0,0.0,0,
8272,50,476,50,0,0.0,0,
8273,28,222,28,0,0.0,0,
8274,47,154,47,0,0.0,0,
8275,39,443,39,0,0.0,0,
8276,58,239,58,0,0.0,0,
8277,26,249,26,0,0.0,0,
8278,44,154,44,0,0.0,0,
8279,58,633,58,0,0.0,0,
827,46,258,46,0,0.0,0,
8280,52,438,52,0,0.0,0,
8281,49,257,49,0,0.0,0,
8282,42,148,42,0,0.0,0,
8283,46,262,46,0,0.0,0,
8284,52,223,52,0,0.0,0,
8285,51,256,51,0,0.0,0,
8286,65,335,65,0,0.0,0,
8287,48,346,48,0,0.0,0,
8288,20,108,20,0,0.0,0,
8289,36,546,36,0,0.0,0,
828,45,223,45,0,0.0,0,
8290,78,240,78,0,0.0,0,
8291,61,439,61,0,0.0,0,
8292,38,1014,38,0,0.0,0,
8293,55,240,55,0,0.0,0,
8294,53,189,53,0,0.0,0,
8295,59,361,59,0,0.0,0,
8296,60,382,60,0,0.0,0,
8297,46,293,46,0,0.0,0,
8298,40,248,40,0,0.0,0,
8299,45,594,45,0,0.0,0,
829,57,277,57,0,0.0,0,
82,60,1028,60,0,0.0,0,
8300,52,870,52,0,0.0,0,
8301,25,138,25,0,0.0,0,
8302,46,267,45,1,0.021739130434782608,0,A_95
8303,65,281,65,0,0.0,0,
8304,54,302,54,0,0.0,0,
8305,66,198,66,0,0.0,0,
8306,63,244,63,0,0.0,0,
8307,38,126,38,0,0.0,0,
8308,23,298,23,0,0.0,0,
8309,66,690,66,0,0.0,0,
830,41,462,41,0,0.0,0,
8310,53,654,53,0,0.0,0,
8311,38,993,38,0,0.0,0,
8312,38,127,38,0,0.0,0,
8313,0,305,0,0,0.0,0,
8314,51,560,51,0,0.0,0,
8315,52,552,52,0,0.0,0,
8316,49,836,49,0,0.0,0,
8317,49,608,49,0,0.0,0,
8318,46,433,46,0,0.0,0,
8319,44,346,44,0,0.0,0,
831,51,416,51,0,0.0,0,
8320,55,258,55,0,0.0,0,
8321,41,790,40,1,0.024390243902439025,0,A_258
8322,47,194,47,0,0.0,0,
8323,48,175,48,0,0.0,0,
8324,38,259,38,0,0.0,0,
8325,38,268,38,0,0.0,0,
8326,55,291,55,0,0.0,0,
8327,39,1449,39,0,0.0,0,
8328,54,648,54,0,0.0,0,
8329,59,364,59,0,0.0,0,
832,40,833,40,0,0.0,0,
8330,59,250,59,0,0.0,0,
8331,59,253,59,0,0.0,0,
8332,55,368,55,0,0.0,0,
8333,65,198,65,0,0.0,0,
8334,57,267,57,0,0.0,0,
8335,47,555,47,0,0.0,0,
8336,32,52,32,0,0.0,0,
8337,40,677,40,0,0.0,0,
8338,52,652,52,0,0.0,0,
8339,58,276,58,0,0.0,0,
833,66,198,66,0,0.0,0,
8340,32,181,32,0,0.0,0,
8341,50,369,50,0,0.0,0,
8342,51,438,51,0,0.0,0,
8343,75,972,75,0,0.0,0,
8344,52,363,52,0,0.0,0,
8345,38,357,38,0,0.0,0,
8346,38,278,38,0,0.0,0,
8347,44,780,44,0,0.0,0,
8348,71,308,71,0,0.0,0,
8349,48,666,48,0,0.0,0,
834,62,372,62,0,0.0,0,
8350,59,404,59,0,0.0,0,
8351,62,497,62,0,0.0,0,
8352,45,227,45,0,0.0,0,
8353,39,310,39,0,0.0,0,
8354,59,365,59,0,0.0,0,
8355,52,549,52,0,0.0,0,
8356,66,261,66,0,0.0,0,
8357,33,218,33,0,0.0,0,
8358,34,328,34,0,0.0,0,
8359,54,564,54,0,0.0,0,
835,42,751,42,0,0.0,0,
8360,58,249,58,0,0.0,0,
8361,58,268,58,0,0.0,0,
8362,59,223,59,0,0.0,0,
8363,66,198,66,0,0.0,0,
8364,52,260,52,0,0.0,0,
8365,56,343,56,0,0.0,0,
8366,34,105,34,0,0.0,0,
8367,76,557,76,0,0.0,0,
8368,86,1797,86,0,0.0,0,
8369,47,516,47,0,0.0,0,
836,34,123,34,0,0.0,0,
8370,46,152,46,0,0.0,0,
8371,36,830,36,0,0.0,0,
8372,67,1018,67,0,0.0,0,
8373,42,208,42,0,0.0,0,
8374,37,342,37,0,0.0,0,
8375,61,286,61,0,0.0,0,
8376,53,302,53,0,0.0,0,
8377,35,257,35,0,0.0,0,
8378,43,257,43,0,0.0,0,
8379,37,265,37,0,0.0,0,
837,50,1172,50,0,0.0,0,
8380,49,164,49,0,0.0,0,
8381,50,567,50,0,0.0,0,
8382,48,895,48,0,0.0,0,
8383,58,429,58,0,0.0,0,
8384,49,559,49,0,0.0,0,
8385,40,1658,40,0,0.0,0,
8386,37,368,37,0,0.0,0,
8387,59,207,59,0,0.0,0,
8388,69,708,69,0,0.0,0,
8389,50,276,50,0,0.0,0,
838,48,432,48,0,0.0,0,
8390,49,304,49,0,0.0,0,
8391,47,282,47,0,0.0,0,
8392,41,320,41,0,0.0,0,
8393,45,272,45,0,0.0,0,
8394,78,240,78,0,0.0,0,
8395,61,266,61,0,0.0,0,
8396,56,1362,56,0,0.0,0,
8397,67,2700,67,0,0.0,0,
8398,45,1456,45,0,0.0,0,
8399,42,162,42,0,0.0,0,
839,42,618,42,0,0.0,0,
83,54,264,54,0,0.0,0,
8400,50,327,50,0,0.0,0,
8401,26,582,26,0,0.0,0,
8402,53,829,53,0,0.0,0,
8403,58,247,58,0,0.0,0,
8404,108,2089,108,0,0.0,0,
8405,52,251,52,0,0.0,0,
8406,49,249,49,0,0.0,0,
8407,42,920,42,0,0.0,0,
8408,39,497,39,0,0.0,0,
8409,70,247,70,0,0.0,0,
840,6,121,6,0,0.0,0,
8410,47,488,47,0,0.0,0,
8411,57,236,57,0,0.0,0,
8412,65,198,65,0,0.0,0,
8413,50,137,50,0,0.0,0,
8414,36,344,36,0,0.0,0,
8415,45,257,45,0,0.0,0,
8416,48,294,48,0,0.0,0,
8417,32,101,32,0,0.0,0,
8418,69,198,69,0,0.0,0,
8419,48,905,48,0,0.0,0,
841,51,251,50,1,0.0196078431372549,0,A_18
8420,57,254,57,0,0.0,0,
8421,55,353,55,0,0.0,0,
8422,46,282,46,0,0.0,0,
8423,26,46,26,0,0.0,0,
8424,34,1280,34,0,0.0,0,
8425,59,284,59,0,0.0,0,
8426,24,180,24,0,0.0,0,
8427,33,325,33,0,0.0,0,
8428,49,286,49,0,0.0,0,
8429,61,322,61,0,0.0,0,
842,66,198,66,0,0.0,0,
8430,55,575,55,0,0.0,0,
8431,59,1177,59,0,0.0,0,
8432,38,155,38,0,0.0,0,
8433,37,277,37,0,0.0,0,
8434,40,92,40,0,0.0,0,
8435,18,155,18,0,0.0,0,
8436,44,300,44,0,0.0,0,
8437,63,636,63,0,0.0,0,
8438,43,559,43,0,0.0,0,
8439,81,2028,81,0,0.0,0,
843,47,128,47,0,0.0,0,
8440,49,217,49,0,0.0,0,
8441,47,263,47,0,0.0,0,
8442,54,552,54,0,0.0,0,
8443,47,128,47,0,0.0,0,
8444,49,1004,49,0,0.0,0,
8445,58,241,58,0,0.0,0,
8446,77,165,77,0,0.0,0,
8447,54,956,54,0,0.0,0,
8448,50,1380,50,0,0.0,0,
8449,49,516,49,0,0.0,0,
844,39,1069,39,0,0.0,0,
8450,53,361,53,0,0.0,0,
8451,33,345,33,0,0.0,0,
8452,81,333,81,0,0.0,0,
8453,29,458,29,0,0.0,0,
8454,66,375,66,0,0.0,0,
8455,66,304,66,0,0.0,0,
8456,52,314,52,0,0.0,0,
8457,43,223,43,0,0.0,0,
8458,50,402,50,0,0.0,0,
8459,61,1060,61,0,0.0,0,
845,54,164,54,0,0.0,0,
8460,38,687,38,0,0.0,0,
8461,34,278,34,0,0.0,0,
8462,58,585,58,0,0.0,0,
8463,60,258,60,0,0.0,0,
8464,66,257,65,1,0.015151515151515152,0,A_99
8465,46,248,46,0,0.0,0,
8466,49,223,49,0,0.0,0,
8467,68,198,68,0,0.0,0,
8468,32,228,32,0,0.0,0,
8469,44,207,44,0,0.0,0,
846,66,994,66,0,0.0,0,
8470,50,822,50,0,0.0,0,
8471,35,124,35,0,0.0,0,
8472,37,129,37,0,0.0,0,
8473,56,355,56,0,0.0,0,
8474,39,140,39,0,0.0,0,
8475,82,372,82,0,0.0,0,
8476,61,227,61,0,0.0,0,
8477,48,337,48,0,0.0,0,
8478,54,198,54,0,0.0,0,
8479,57,803,57,0,0.0,0,
847,46,258,46,0,0.0,0,
8480,41,100,41,0,0.0,0,
8481,42,320,42,0,0.0,0,
8482,45,546,45,0,0.0,0,
8483,65,602,65,0,0.0,0,
8484,57,290,57,0,0.0,0,
8485,32,90,32,0,0.0,0,
8486,67,202,67,0,0.0,0,
8487,49,399,49,0,0.0,0,
8488,46,694,43,3,0.06521739130434782,0,A_101 A_106 A_253
8489,59,351,59,0,0.0,0,
848,70,434,69,1,0.014285714285714285,0,A_198
8490,49,395,49,0,0.0,0,
8491,56,181,56,0,0.0,0,
8492,67,245,67,0,0.0,0,
8493,48,850,48,0,0.0,0,
8494,45,326,45,0,0.0,0,
8495,34,138,34,0,0.0,0,
8496,82,274,82,0,0.0,0,
8497,45,1041,45,0,0.0,0,
8498,41,422,41,0,0.0,0,
8499,41,233,41,0,0.0,0,
849,57,416,57,0,0.0,0,
84,37,127,37,0,0.0,0,
8500,55,181,55,0,0.0,0,
8501,58,958,58,0,0.0,0,
8502,20,831,20,0,0.0,0,
8503,38,213,38,0,0.0,0,
8504,43,1060,43,0,0.0,0,
8505,56,286,56,0,0.0,0,
8506,49,162,49,0,0.0,0,
8507,51,340,51,0,0.0,0,
8508,38,271,38,0,0.0,0,
8509,44,329,43,1,0.022727272727272728,0,A_83
850,51,342,51,0,0.0,0,
8510,37,159,37,0,0.0,0,
8511,49,209,49,0,0.0,0,
8512,62,264,62,0,0.0,0,
8513,37,172,37,0,0.0,0,
8514,41,293,41,0,0.0,0,
8515,44,254,44,0,0.0,0,
8516,47,1666,47,0,0.0,0,
8517,48,324,48,0,0.0,0,
8518,56,952,56,0,0.0,0,
8519,44,281,44,0,0.0,0,
851,67,407,67,0,0.0,0,
8520,42,110,42,0,0.0,0,
8521,49,323,49,0,0.0,0,
8522,74,198,74,0,0.0,0,
8523,57,792,57,0,0.0,0,
8524,39,155,39,0,0.0,0,
8525,48,532,48,0,0.0,0,
8526,81,431,81,0,0.0,0,
8527,56,326,56,0,0.0,0,
8528,22,64,22,0,0.0,0,
8529,51,470,51,0,0.0,0,
852,54,356,54,0,0.0,0,
8530,52,823,52,0,0.0,0,
8531,46,820,46,0,0.0,0,
8532,43,548,43,0,0.0,0,
8533,60,304,60,0,0.0,0,
8534,65,667,65,0,0.0,0,
8535,36,359,36,0,0.0,0,
8536,38,108,38,0,0.0,0,
8537,24,137,24,0,0.0,0,
8538,25,367,25,0,0.0,0,
8539,71,591,71,0,0.0,0,
853,62,232,62,0,0.0,0,
8540,51,184,51,0,0.0,0,
8541,31,123,31,0,0.0,0,
8542,39,101,39,0,0.0,0,
8543,55,1178,55,0,0.0,0,
8544,45,258,45,0,0.0,0,
8545,51,624,51,0,0.0,0,
8546,37,127,37,0,0.0,0,
8547,56,241,56,0,0.0,0,
8548,40,223,40,0,0.0,0,
8549,46,1456,46,0,0.0,0,
854,57,1620,57,0,0.0,0,
8550,29,82,29,0,0.0,0,
8551,53,484,53,0,0.0,0,
8552,43,322,43,0,0.0,0,
8553,52,219,52,0,0.0,0,
8554,54,286,54,0,0.0,0,
8555,57,316,57,0,0.0,0,
8556,57,445,57,0,0.0,0,
8557,69,387,69,0,0.0,0,
8558,25,659,25,0,0.0,0,
8559,95,203,86,9,0.09473684210526316,1,A_1 A_131 A_184 A_191 A_196 A_57 A_77 A_84 A_94
855,44,497,44,0,0.0,0,
8560,48,418,48,0,0.0,0,
8561,69,196,69,0,0.0,0,
8562,50,1063,50,0,0.0,0,
8563,55,416,55,0,0.0,0,
8564,69,388,69,0,0.0,0,
8565,53,498,53,0,0.0,0,
8566,57,332,57,0,0.0,0,
8567,53,558,53,0,0.0,0,
8568,54,273,54,0,0.0,0,
8569,60,464,60,0,0.0,0,
856,53,453,53,0,0.0,0,
8570,67,188,67,0,0.0,0,
8571,38,227,38,0,0.0,0,
8572,63,257,63,0,0.0,0,
8573,50,257,50,0,0.0,0,
8574,46,316,46,0,0.0,0,
8575,52,295,52,0,0.0,0,
8576,55,790,55,0,0.0,0,
8577,45,385,45,0,0.0,0,
8578,34,187,34,0,0.0,0,
8579,50,1270,50,0,0.0,0,
857,47,268,47,0,0.0,0,
8580,49,553,49,0,0.0,0,
8581,76,337,76,0,0.0,0,
8582,44,94,44,0,0.0,0,
8583,36,126,36,0,0.0,0,
8584,63,244,63,0,0.0,0,
8585,50,259,50,0,0.0,0,
8586,56,526,56,0,0.0,0,
8587,32,230,32,0,0.0,0,
8588,45,321,45,0,0.0,0,
8589,38,622,38,0,0.0,0,
858,56,137,56,0,0.0,0,
8590,65,1672,65,0,0.0,0,
8591,59,284,59,0,0.0,0,
8592,47,263,47,0,0.0,0,
8593,83,330,83,0,0.0,0,
8594,30,756,29,1,0.03333333333333333,0,B_129
8595,44,488,44,0,0.0,0,
8596,38,134,38,0,0.0,0,
8597,36,657,36,0,0.0,0,
8598,52,380,52,0,0.0,0,
8599,67,943,67,0,0.0,0,
859,54,328,54,0,0.0,0,
85,59,220,59,0,0.0,0,
8600,38,126,38,0,0.0,0,
8601,34,197,34,0,0.0,0,
8602,56,289,56,0,0.0,0,
8603,51,440,51,0,0.0,0,
8604,70,431,70,0,0.0,0,
8605,45,944,45,0,0.0,0,
8606,70,259,70,0,0.0,0,
8607,71,1552,71,0,0.0,0,
8608,41,272,41,0,0.0,0,
8609,75,230,75,0,0.0,0,
860,42,482,42,0,0.0,0,
8610,63,462,63,0,0.0,0,
8611,61,916,61,0,0.0,0,
8612,39,176,39,0,0.0,0,
8613,46,228,46,0,0.0,0,
8614,25,110,25,0,0.0,0,
8615,58,208,58,0,0.0,0,
8616,72,329,72,0,0.0,0,
8617,38,716,38,0,0.0,0,
8618,64,1028,64,0,0.0,0,
8619,65,159,65,0,0.0,0,
861,58,706,58,0,0.0,0,
8620,68,1164,68,0,0.0,0,
8621,48,692,48,0,0.0,0,
8622,40,323,40,0,0.0,0,
8623,72,198,72,0,0.0,0,
8624,74,161,74,0,0.0,0,
8625,47,165,47,0,0.0,0,
8626,48,358,48,0,0.0,0,
8627,23,756,23,0,0.0,0,
8628,24,1020,24,0,0.0,0,
8629,44,106,44,0,0.0,0,
862,62,456,62,0,0.0,0,
8630,51,340,51,0,0.0,0,
8631,56,900,56,0,0.0,0,
8632,58,542,58,0,0.0,0,
8633,46,359,46,0,0.0,0,
8634,48,1144,48,0,0.0,0,
8635,42,258,42,0,0.0,0,
8636,57,136,57,0,0.0,0,
8637,46,438,46,0,0.0,0,
8638,34,640,34,0,0.0,0,
8639,47,209,47,0,0.0,0,
863,50,327,50,0,0.0,0,
8640,47,543,47,0,0.0,0,
8641,42,220,42,0,0.0,0,
8642,53,278,53,0,0.0,0,
8643,65,418,65,0,0.0,0,
8644,67,305,67,0,0.0,0,
8645,47,209,47,0,0.0,0,
8646,67,1236,67,0,0.0,0,
8647,54,280,54,0,0.0,0,
8648,39,101,39,0,0.0,0,
8649,40,381,40,0,0.0,0,
864,35,787,35,0,0.0,0,
8650,38,510,38,0,0.0,0,
8651,52,261,52,0,0.0,0,
8652,40,257,40,0,0.0,0,
8653,47,331,47,0,0.0,0,
8654,52,97,52,0,0.0,0,
8655,52,321,52,0,0.0,0,
8656,62,208,62,0,0.0,0,
8657,49,899,49,0,0.0,0,
8658,64,630,64,0,0.0,0,
8659,48,258,48,0,0.0,0,
865,46,288,46,0,0.0,0,
8660,67,381,67,0,0.0,0,
8661,40,263,40,0,0.0,0,
8662,63,278,63,0,0.0,0,
8663,50,259,50,0,0.0,0,
8664,66,513,66,0,0.0,0,
8665,47,1548,47,0,0.0,0,
8666,55,1618,55,0,0.0,0,
8667,49,257,49,0,0.0,0,
8668,45,374,45,0,0.0,0,
8669,43,388,43,0,0.0,0,
866,56,370,56,0,0.0,0,
8670,40,736,40,0,0.0,0,
8671,75,230,75,0,0.0,0,
8672,30,112,30,0,0.0,0,
8673,60,405,60,0,0.0,0,
8674,48,258,48,0,0.0,0,
8675,61,664,61,0,0.0,0,
8676,59,198,59,0,0.0,0,
8677,38,87,38,0,0.0,0,
8678,63,563,63,0,0.0,0,
8679,25,188,25,0,0.0,0,
867,55,1092,55,0,0.0,0,
8680,26,106,26,0,0.0,0,
8681,31,155,31,0,0.0,0,
8682,26,261,26,0,0.0,0,
8683,41,454,41,0,0.0,0,
8684,34,105,34,0,0.0,0,
8685,44,225,44,0,0.0,0,
8686,60,416,60,0,0.0,0,
8687,70,627,70,0,0.0,0,
8688,45,276,45,0,0.0,0,
8689,47,1128,47,0,0.0,0,
868,65,198,65,0,0.0,0,
8690,25,105,25,0,0.0,0,
8691,41,208,41,0,0.0,0,
8692,39,123,39,0,0.0,0,
8693,53,839,53,0,0.0,0,
8694,30,220,30,0,0.0,0,
8695,79,432,79,0,0.0,0,
8696,54,469,54,0,0.0,0,
8697,59,284,59,0,0.0,0,
8698,52,291,52,0,0.0,0,
8699,42,396,42,0,0.0,0,
869,76,704,76,0,0.0,0,
86,40,377,40,0,0.0,0,
8700,70,198,70,0,0.0,0,
8701,35,572,35,0,0.0,0,
8702,36,501,36,0,0.0,0,
8703,30,264,30,0,0.0,0,
8704,60,517,60,0,0.0,0,
8705,70,607,70,0,0.0,0,
8706,33,127,33,0,0.0,0,
8707,47,490,47,0,0.0,0,
8708,38,243,37,1,0.02631578947368421,0,A_84
8709,42,223,42,0,0.0,0,
870,72,198,72,0,0.0,0,
8710,49,294,49,0,0.0,0,
8711,45,257,45,0,0.0,0,
8712,51,339,51,0,0.0,0,
8713,44,1138,44,0,0.0,0,
8714,48,521,48,0,0.0,0,
8715,38,494,38,0,0.0,0,
8716,67,1655,67,0,0.0,0,
8717,59,301,59,0,0.0,0,
8718,44,305,44,0,0.0,0,
8719,56,2624,56,0,0.0,0,
871,48,300,48,0,0.0,0,
8720,82,377,82,0,0.0,0,
8721,48,717,48,0,0.0,0,
8722,38,101,38,0,0.0,0,
8723,47,285,47,0,0.0,0,
8724,38,330,38,0,0.0,0,
8725,65,198,65,0,0.0,0,
8726,56,207,56,0,0.0,0,
8727,60,131,60,0,0.0,0,
8728,50,260,50,0,0.0,0,
8729,20,258,20,0,0.0,0,
872,42,144,42,0,0.0,0,
8730,48,218,48,0,0.0,0,
8731,52,854,52,0,0.0,0,
8732,29,246,29,0,0.0,0,
8733,51,1540,51,0,0.0,0,
8734,38,1612,38,0,0.0,0,
8735,52,173,52,0,0.0,0,
8736,53,537,53,0,0.0,0,
8737,39,109,39,0,0.0,0,
8738,65,216,65,0,0.0,0,
8739,38,159,38,0,0.0,0,
873,76,230,76,0,0.0,0,
8740,83,619,83,0,0.0,0,
8741,49,304,49,0,0.0,0,
8742,92,144,92,0,0.0,0,
8743,37,290,37,0,0.0,0,
8744,54,514,54,0,0.0,0,
8745,54,284,54,0,0.0,0,
8746,31,95,31,0,0.0,0,
8747,37,1744,37,0,0.0,0,
8748,13,121,13,0,0.0,0,
8749,63,198,63,0,0.0,0,
874,69,1311,69,0,0.0,0,
8750,59,334,59,0,0.0,0,
8751,86,371,86,0,0.0,0,
8752,70,564,70,0,0.0,0,
8753,52,259,52,0,0.0,0,
8754,42,297,42,0,0.0,0,
8755,41,437,41,0,0.0,0,
8756,50,240,50,0,0.0,0,
8757,29,898,29,0,0.0,0,
8758,82,329,82,0,0.0,0,
8759,50,364,50,0,0.0,0,
875,48,366,48,0,0.0,0,
8760,36,338,36,0,0.0,0,
8761,46,1092,46,0,0.0,0,
8762,46,2102,46,0,0.0,0,
8763,29,364,29,0,0.0,0,
8764,52,327,52,0,0.0,0,
8765,53,335,53,0,0.0,0,
8766,50,456,50,0,0.0,0,
8767,40,214,40,0,0.0,0,
8768,66,209,66,0,0.0,0,
8769,45,554,45,0,0.0,0,
876,61,428,61,0,0.0,0,
8770,28,592,28,0,0.0,0,
8771,37,131,37,0,0.0,0,
8772,65,245,65,0,0.0,0,
8773,49,258,49,0,0.0,0,
8774,42,325,42,0,0.0,0,
8775,43,271,43,0,0.0,0,
8776,70,333,70,0,0.0,0,
8777,49,214,49,0,0.0,0,
8778,37,256,37,0,0.0,0,
8779,56,589,56,0,0.0,0,
877,41,256,41,0,0.0,0,
8780,29,143,29,0,0.0,0,
8781,44,586,44,0,0.0,0,
8782,65,632,65,0,0.0,0,
8783,45,94,45,0,0.0,0,
8784,48,148,48,0,0.0,0,
8785,30,847,30,0,0.0,0,
8786,68,198,68,0,0.0,0,
8787,49,190,49,0,0.0,0,
8788,50,422,50,0,0.0,0,
8789,65,198,65,0,0.0,0,
878,68,704,68,0,0.0,0,
8790,60,296,60,0,0.0,0,
8791,22,189,22,0,0.0,0,
8792,48,289,48,0,0.0,0,
8793,48,268,48,0,0.0,0,
8794,116,399,116,0,0.0,0,
8795,73,727,73,0,0.0,0,
8796,47,282,47,0,0.0,0,
8797,41,350,41,0,0.0,0,
8798,38,223,38,0,0.0,0,
8799,53,290,53,0,0.0,0,
879,28,330,28,0,0.0,0,
87,24,138,24,0,0.0,0,
8800,68,497,68,0,0.0,0,
8801,54,846,54,0,0.0,0,
8802,53,293,53,0,0.0,0,
8803,48,1563,48,0,0.0,0,
8804,48,578,48,0,0.0,0,
8805,50,820,50,0,0.0,0,
8806,35,355,35,0,0.0,0,
8807,69,319,69,0,0.0,0,
8808,44,166,44,0,0.0,0,
8809,48,359,48,0,0.0,0,
880,55,113,55,0,0.0,0,
8810,51,248,51,0,0.0,0,
8811,63,1263,63,0,0.0,0,
8812,46,280,46,0,0.0,0,
8813,33,129,33,0,0.0,0,
8814,41,802,41,0,0.0,0,
8815,43,512,43,0,0.0,0,
8816,64,406,64,0,0.0,0,
8817,56,465,56,0,0.0,0,
8818,49,259,49,0,0.0,0,
8819,59,304,59,0,0.0,0,
881,56,282,56,0,0.0,0,
8820,37,110,37,0,0.0,0,
8821,57,368,57,0,0.0,0,
8822,62,822,62,0,0.0,0,
8823,60,373,60,0,0.0,0,
8824,49,984,49,0,0.0,0,
8825,58,250,58,0,0.0,0,
8826,27,731,27,0,0.0,0,
8827,45,220,45,0,0.0,0,
8828,56,313,56,0,0.0,0,
8829,44,801,44,0,0.0,0,
882,49,298,49,0,0.0,0,
8830,50,329,50,0,0.0,0,
8831,73,861,73,0,0.0,0,
8832,69,194,69,0,0.0,0,
8833,37,257,37,0,0.0,0,
8834,45,366,45,0,0.0,0,
8835,44,263,44,0,0.0,0,
8836,73,319,73,0,0.0,0,
8837,36,244,36,0,0.0,0,
8838,60,138,60,0,0.0,0,
8839,40,1166,39,1,0.025,0,A_447
883,36,554,36,0,0.0,0,
8840,47,179,47,0,0.0,0,
8841,52,208,52,0,0.0,0,
8842,26,64,26,0,0.0,0,
8843,71,628,71,0,0.0,0,
8844,45,200,45,0,0.0,0,
8845,70,423,70,0,0.0,0,
8846,64,295,64,0,0.0,0,
8847,37,257,37,0,0.0,0,
8848,51,979,51,0,0.0,0,
8849,53,259,53,0,0.0,0,
884,39,107,39,0,0.0,0,
8850,37,288,37,0,0.0,0,
8851,49,208,49,0,0.0,0,
8852,56,442,56,0,0.0,0,
8853,54,369,54,0,0.0,0,
8854,48,251,48,0,0.0,0,
8855,44,300,44,0,0.0,0,
8856,58,507,58,0,0.0,0,
8857,35,241,34,1,0.02857142857142857,0,A_73
8858,63,229,63,0,0.0,0,
8859,54,1706,54,0,0.0,0,
885,40,365,40,0,0.0,0,
8860,76,595,76,0,0.0,0,
8861,69,198,69,0,0.0,0,
8862,36,2850,36,0,0.0,0,
8863,58,304,58,0,0.0,0,
8864,59,705,59,0,0.0,0,
8865,47,546,47,0,0.0,0,
8866,58,277,58,0,0.0,0,
8867,54,297,54,0,0.0,0,
8868,45,1644,45,0,0.0,0,
8869,52,458,52,0,0.0,0,
886,54,648,54,0,0.0,0,
8870,44,526,44,0,0.0,0,
8871,26,106,26,0,0.0,0,
8872,64,1716,64,0,0.0,0,
8873,55,552,55,0,0.0,0,
8874,42,374,42,0,0.0,0,
8875,41,71,41,0,0.0,0,
8876,23,208,23,0,0.0,0,
8877,50,287,50,0,0.0,0,
8878,32,139,32,0,0.0,0,
8879,43,216,43,0,0.0,0,
887,47,544,47,0,0.0,0,
8880,34,514,34,0,0.0,0,
8881,74,236,74,0,0.0,0,
8882,45,1244,45,0,0.0,0,
8883,63,390,63,0,0.0,0,
8884,64,192,64,0,0.0,0,
8885,28,390,28,0,0.0,0,
8886,26,118,26,0,0.0,0,
8887,47,815,47,0,0.0,0,
8888,50,288,50,0,0.0,0,
8889,56,465,56,0,0.0,0,
888,49,247,49,0,0.0,0,
8890,56,299,56,0,0.0,0,
8891,48,837,48,0,0.0,0,
8892,52,274,52,0,0.0,0,
8893,52,341,52,0,0.0,0,
8894,87,373,87,0,0.0,0,
8895,42,93,42,0,0.0,0,
8896,49,445,49,0,0.0,0,
8897,29,1298,29,0,0.0,0,
8898,51,289,51,0,0.0,0,
8899,48,505,48,0,0.0,0,
889,85,338,85,0,0.0,0,
88,58,299,58,0,0.0,0,
8900,57,257,57,0,0.0,0,
8901,38,355,38,0,0.0,0,
8902,70,821,70,0,0.0,0,
8903,43,428,43,0,0.0,0,
8904,45,159,45,0,0.0,0,
8905,57,606,57,0,0.0,0,
8906,30,154,30,0,0.0,0,
8907,33,2538,33,0,0.0,0,
8908,48,258,48,0,0.0,0,
8909,60,602,60,0,0.0,0,
890,56,742,56,0,0.0,0,
8910,55,339,55,0,0.0,0,
8911,51,330,51,0,0.0,0,
8912,49,1552,49,0,0.0,0,
8913,74,293,74,0,0.0,0,
8914,53,639,53,0,0.0,0,
8915,38,598,38,0,0.0,0,
8916,34,622,34,0,0.0,0,
8917,41,490,41,0,0.0,0,
8918,43,259,43,0,0.0,0,
8919,62,453,62,0,0.0,0,
891,39,86,39,0,0.0,0,
8920,65,862,65,0,0.0,0,
8921,33,441,33,0,0.0,0,
8922,52,1055,52,0,0.0,0,
8923,57,224,57,0,0.0,0,
8924,47,955,47,0,0.0,0,
8925,57,289,57,0,0.0,0,
8926,34,652,34,0,0.0,0,
8927,62,492,62,0,0.0,0,
8928,71,1602,71,0,0.0,0,
8929,45,308,45,0,0.0,0,
892,35,471,35,0,0.0,0,
8930,59,401,59,0,0.0,0,
8931,50,100,50,0,0.0,0,
8932,44,181,44,0,0.0,0,
8933,36,752,36,0,0.0,0,
8934,46,243,45,1,0.021739130434782608,0,A_84
8935,53,180,53,0,0.0,0,
8936,46,165,46,0,0.0,0,
8937,51,289,51,0,0.0,0,
8938,34,109,34,0,0.0,0,
8939,46,337,46,0,0.0,0,
893,39,377,39,0,0.0,0,
8940,53,256,53,0,0.0,0,
8941,61,372,61,0,0.0,0,
8942,54,830,54,0,0.0,0,
8943,10,657,10,0,0.0,0,
8944,50,863,50,0,0.0,0,
8945,32,258,32,0,0.0,0,
8946,56,284,56,0,0.0,0,
8947,61,719,61,0,0.0,0,
8948,55,876,55,0,0.0,0,
8949,51,197,51,0,0.0,0,
894,42,102,42,0,0.0,0,
8950,33,79,33,0,0.0,0,
8951,44,274,44,0,0.0,0,
8952,62,238,62,0,0.0,0,
8953,59,296,59,0,0.0,0,
8954,40,267,40,0,0.0,0,
8955,45,1108,45,0,0.0,0,
8956,47,454,46,1,0.02127659574468085,0,X_108
8957,58,280,58,0,0.0,0,
8958,52,556,52,0,0.0,0,
8959,44,257,44,0,0.0,0,
895,78,274,78,0,0.0,0,
8960,69,272,69,0,0.0,0,
8961,52,566,52,0,0.0,0,
8962,62,327,62,0,0.0,0,
8963,48,368,48,0,0.0,0,
8964,34,214,34,0,0.0,0,
8965,53,133,53,0,0.0,0,
8966,29,248,29,0,0.0,0,
8967,47,516,47,0,0.0,0,
8968,69,198,69,0,0.0,0,
8969,40,216,40,0,0.0,0,
896,52,290,52,0,0.0,0,
8970,53,296,53,0,0.0,0,
8971,46,1256,46,0,0.0,0,
8972,48,161,48,0,0.0,0,
8973,48,308,48,0,0.0,0,
8974,52,434,52,0,0.0,0,
8975,40,684,40,0,0.0,0,
8976,71,658,71,0,0.0,0,
8977,35,284,35,0,0.0,0,
8978,66,517,66,0,0.0,0,
8979,15,92,15,0,0.0,0,
897,54,840,54,0,0.0,0,
8980,49,458,49,0,0.0,0,
8981,55,690,55,0,0.0,0,
8982,51,258,51,0,0.0,0,
8983,29,419,29,0,0.0,0,
8984,47,303,47,0,0.0,0,
8985,55,279,55,0,0.0,0,
8986,29,197,29,0,0.0,0,
8987,45,116,45,0,0.0,0,
8988,47,377,47,0,0.0,0,
8989,55,257,55,0,0.0,0,
898,64,198,64,0,0.0,0,
8990,54,467,54,0,0.0,0,
8991,70,253,70,0,0.0,0,
8992,34,181,34,0,0.0,0,
8993,47,209,47,0,0.0,0,
8994,49,630,49,0,0.0,0,
8995,45,455,45,0,0.0,0,
8996,45,726,45,0,0.0,0,
8997,56,562,56,0,0.0,0,
8998,51,1456,51,0,0.0,0,
8999,48,318,48,0,0.0,0,
899,52,632,52,0,0.0,0,
89,53,1458,53,0,0.0,0,
8,41,351,41,0,0.0,0,
9000,63,547,63,0,0.0,0,
9001,34,312,34,0,0.0,0,
9002,45,325,45,0,0.0,0,
9003,63,377,63,0,0.0,0,
9004,56,295,56,0,0.0,0,
9005,61,387,61,0,0.0,0,
9006,44,514,44,0,0.0,0,
9007,33,240,32,1,0.030303030303030304,0,C_73
9008,50,298,50,0,0.0,0,
9009,62,2061,62,0,0.0,0,
900,59,684,59,0,0.0,0,
9010,45,498,45,0,0.0,0,
9011,42,385,42,0,0.0,0,
9012,60,287,60,0,0.0,0,
9013,49,298,49,0,0.0,0,
9014,77,667,77,0,0.0,0,
9015,80,258,80,0,0.0,0,
9016,69,330,69,0,0.0,0,
9017,45,246,45,0,0.0,0,
9018,50,274,50,0,0.0,0,
9019,35,585,35,0,0.0,0,
901,66,388,66,0,0.0,0,
9020,46,826,46,0,0.0,0,
9021,66,293,66,0,0.0,0,
9022,71,692,71,0,0.0,0,
9023,50,263,50,0,0.0,0,
9024,36,223,36,0,0.0,0,
9025,60,198,60,0,0.0,0,
9026,50,300,50,0,0.0,0,
9027,34,109,34,0,0.0,0,
9028,61,527,61,0,0.0,0,
9029,62,211,62,0,0.0,0,
902,47,297,47,0,0.0,0,
9030,44,217,44,0,0.0,0,
9031,44,256,44,0,0.0,0,
9032,44,165,44,0,0.0,0,
9033,50,215,50,0,0.0,0,
9034,44,358,44,0,0.0,0,
9035,57,936,57,0,0.0,0,
9036,52,136,52,0,0.0,0,
9037,23,113,23,0,0.0,0,
9038,64,198,64,0,0.0,0,
9039,48,172,48,0,0.0,0,
903,79,238,79,0,0.0,0,
9040,22,60,22,0,0.0,0,
9041,65,307,65,0,0.0,0,
9042,69,350,69,0,0.0,0,
9043,57,843,57,0,0.0,0,
9044,44,737,44,0,0.0,0,
9045,28,116,28,0,0.0,0,
9046,59,370,59,0,0.0,0,
9047,59,574,59,0,0.0,0,
9048,50,211,48,2,0.04,0,A_147 A_59
9049,58,213,58,0,0.0,0,
904,50,1046,50,0,0.0,0,
9050,44,433,44,0,0.0,0,
9051,51,279,51,0,0.0,0,
9052,40,168,40,0,0.0,0,
9053,55,720,55,0,0.0,0,
9054,43,124,43,0,0.0,0,
9055,54,273,54,0,0.0,0,
9056,30,299,30,0,0.0,0,
9057,78,495,78,0,0.0,0,
9058,26,515,26,0,0.0,0,
9059,37,87,37,0,0.0,0,
905,65,601,65,0,0.0,0,
9060,50,273,50,0,0.0,0,
9061,45,498,45,0,0.0,0,
9062,30,165,30,0,0.0,0,
9063,45,223,45,0,0.0,0,
9064,39,587,39,0,0.0,0,
9065,32,90,32,0,0.0,0,
9066,59,286,59,0,0.0,0,
9067,59,434,59,0,0.0,0,
9068,36,801,36,0,0.0,0,
9069,31,932,31,0,0.0,0,
906,40,791,40,0,0.0,0,
9070,50,274,50,0,0.0,0,
9071,51,161,51,0,0.0,0,
9072,36,920,36,0,0.0,0,
9073,43,258,43,0,0.0,0,
9074,38,257,38,0,0.0,0,
9075,62,238,62,0,0.0,0,
9076,76,232,76,0,0.0,0,
9077,38,219,38,0,0.0,0,
9078,45,441,45,0,0.0,0,
9079,33,358,33,0,0.0,0,
907,46,660,46,0,0.0,0,
9080,49,223,49,0,0.0,0,
9081,58,956,58,0,0.0,0,
9082,48,640,48,0,0.0,0,
9083,69,428,69,0,0.0,0,
9084,63,326,63,0,0.0,0,
9085,57,282,57,0,0.0,0,
9086,58,659,58,0,0.0,0,
9087,54,304,54,0,0.0,0,
9088,43,334,43,0,0.0,0,
9089,42,430,42,0,0.0,0,
908,50,341,50,0,0.0,0,
9090,60,1308,60,0,0.0,0,
9091,45,812,45,0,0.0,0,
9092,43,763,43,0,0.0,0,
9093,36,127,36,0,0.0,0,
9094,41,1014,41,0,0.0,0,
9095,27,346,27,0,0.0,0,
9096,42,754,42,0,0.0,0,
9097,48,264,48,0,0.0,0,
9098,44,720,44,0,0.0,0,
9099,64,426,64,0,0.0,0,
909,57,653,57,0,0.0,0,
90,14,256,14,0,0.0,0,
9100,34,942,34,0,0.0,0,
9101,54,1456,54,0,0.0,0,
9102,69,337,69,0,0.0,0,
9103,57,208,57,0,0.0,0,
9104,48,262,48,0,0.0,0,
9105,45,558,45,0,0.0,0,
9106,41,295,41,0,0.0,0,
9107,68,418,68,0,0.0,0,
9108,33,662,33,0,0.0,0,
9109,32,180,32,0,0.0,0,
910,51,376,51,0,0.0,0,
9110,88,1287,88,0,0.0,0,
9111,44,465,44,0,0.0,0,
9112,34,116,34,0,0.0,0,
9113,40,60,40,0,0.0,0,
9114,52,889,52,0,0.0,0,
9115,49,257,49,0,0.0,0,
9116,48,524,48,0,0.0,0,
9117,51,254,51,0,0.0,0,
9118,74,180,74,0,0.0,0,
9119,40,267,40,0,0.0,0,
911,30,264,30,0,0.0,0,
9120,66,1650,66,0,0.0,0,
9121,32,534,32,0,0.0,0,
9122,49,305,49,0,0.0,0,
9123,58,256,58,0,0.0,0,
9124,48,269,48,0,0.0,0,
9125,47,832,47,0,0.0,0,
9126,58,884,58,0,0.0,0,
9127,54,648,54,0,0.0,0,
9128,37,262,37,0,0.0,0,
9129,67,331,67,0,0.0,0,
912,47,215,47,0,0.0,0,
9130,36,127,36,0,0.0,0,
9131,35,60,35,0,0.0,0,
9132,51,512,51,0,0.0,0,
9133,43,763,43,0,0.0,0,
9134,46,454,46,0,0.0,0,
9135,41,316,41,0,0.0,0,
9136,50,159,50,0,0.0,0,
9137,47,1552,47,0,0.0,0,
9138,56,1620,56,0,0.0,0,
9139,43,426,43,0,0.0,0,
913,31,57,31,0,0.0,0,
9140,46,592,46,0,0.0,0,
9141,51,356,51,0,0.0,0,
9142,58,372,58,0,0.0,0,
9143,49,468,49,0,0.0,0,
9144,39,364,39,0,0.0,0,
9145,81,373,81,0,0.0,0,
9146,36,360,36,0,0.0,0,
9147,28,484,28,0,0.0,0,
9148,50,225,50,0,0.0,0,
9149,63,350,63,0,0.0,0,
914,18,108,18,0,0.0,0,
9150,57,309,56,1,0.017543859649122806,0,X_42
9151,50,263,50,0,0.0,0,
9152,25,141,25,0,0.0,0,
9153,50,134,50,0,0.0,0,
9154,67,158,67,0,0.0,0,
9155,59,279,59,0,0.0,0,
9156,46,380,46,0,0.0,0,
9157,42,1976,42,0,0.0,0,
9158,41,225,41,0,0.0,0,
9159,40,298,40,0,0.0,0,
915,59,658,59,0,0.0,0,
9160,55,524,55,0,0.0,0,
9161,32,231,32,0,0.0,0,
9162,38,223,38,0,0.0,0,
9163,61,371,61,0,0.0,0,
9164,56,687,56,0,0.0,0,
9165,60,397,60,0,0.0,0,
9166,51,294,51,0,0.0,0,
9167,63,333,63,0,0.0,0,
9168,40,446,40,0,0.0,0,
9169,43,347,43,0,0.0,0,
916,59,203,59,0,0.0,0,
9170,46,316,46,0,0.0,0,
9171,48,482,48,0,0.0,0,
9172,48,360,48,0,0.0,0,
9173,42,280,42,0,0.0,0,
9174,59,490,59,0,0.0,0,
9175,41,268,41,0,0.0,0,
9176,55,490,55,0,0.0,0,
9177,46,1068,46,0,0.0,0,
9178,32,330,32,0,0.0,0,
9179,58,526,58,0,0.0,0,
917,67,198,67,0,0.0,0,
9180,56,460,56,0,0.0,0,
9181,49,159,49,0,0.0,0,
9182,58,528,58,0,0.0,0,
9183,67,198,67,0,0.0,0,
9184,36,1458,36,0,0.0,0,
9185,38,112,38,0,0.0,0,
9186,50,259,50,0,0.0,0,
9187,60,567,60,0,0.0,0,
9188,36,281,36,0,0.0,0,
9189,30,174,30,0,0.0,0,
918,77,1618,76,1,0.012987012987012988,0,A_680
9190,58,261,58,0,0.0,0,
9191,39,654,39,0,0.0,0,
9192,72,692,72,0,0.0,0,
9193,50,265,50,0,0.0,0,
9194,70,240,70,0,0.0,0,
9195,34,191,33,1,0.029411764705882353,0,A_2014
9196,67,438,66,1,0.014925373134328358,0,A_198
9197,48,281,48,0,0.0,0,
9198,37,85,37,0,0.0,0,
9199,57,426,57,0,0.0,0,
919,40,740,40,0,0.0,0,
91,55,257,55,0,0.0,0,
9200,53,272,53,0,0.0,0,
9201,49,124,49,0,0.0,0,
9202,56,468,56,0,0.0,0,
9203,60,150,60,0,0.0,0,
9204,73,265,73,0,0.0,0,
9205,54,712,54,0,0.0,0,
9206,48,204,48,0,0.0,0,
9207,70,548,70,0,0.0,0,
9208,48,238,48,0,0.0,0,
9209,30,532,30,0,0.0,0,
920,56,263,56,0,0.0,0,
9210,45,316,45,0,0.0,0,
9211,44,2598,44,0,0.0,0,
9212,26,127,26,0,0.0,0,
9213,79,354,79,0,0.0,0,
9214,47,574,47,0,0.0,0,
9215,39,156,39,0,0.0,0,
9216,39,89,39,0,0.0,0,
9217,60,322,60,0,0.0,0,
9218,54,713,54,0,0.0,0,
9219,59,286,59,0,0.0,0,
921,59,416,59,0,0.0,0,
9220,40,575,40,0,0.0,0,
9221,54,206,54,0,0.0,0,
9222,38,127,38,0,0.0,0,
9223,49,842,49,0,0.0,0,
9224,52,436,52,0,0.0,0,
9225,41,612,41,0,0.0,0,
9226,20,256,20,0,0.0,0,
9227,56,237,56,0,0.0,0,
9228,43,318,43,0,0.0,0,
9229,53,258,53,0,0.0,0,
922,38,784,38,0,0.0,0,
9230,31,223,31,0,0.0,0,
9231,29,174,29,0,0.0,0,
9232,60,585,60,0,0.0,0,
9233,52,294,52,0,0.0,0,
9234,32,158,32,0,0.0,0,
9235,68,860,68,0,0.0,0,
9236,49,456,49,0,0.0,0,
9237,77,240,77,0,0.0,0,
9238,59,159,59,0,0.0,0,
9239,54,434,54,0,0.0,0,
923,49,946,49,0,0.0,0,
9240,41,446,41,0,0.0,0,
9241,49,704,49,0,0.0,0,
9242,38,402,38,0,0.0,0,
9243,36,173,36,0,0.0,0,
9244,43,329,43,0,0.0,0,
9245,42,606,42,0,0.0,0,
9246,42,732,42,0,0.0,0,
9247,73,239,73,0,0.0,0,
9248,56,289,56,0,0.0,0,
9249,47,939,47,0,0.0,0,
924,34,734,34,0,0.0,0,
9250,40,905,40,0,0.0,0,
9251,43,300,43,0,0.0,0,
9252,28,365,28,0,0.0,0,
9253,42,179,42,0,0.0,0,
9254,60,288,60,0,0.0,0,
9255,45,155,45,0,0.0,0,
9256,54,258,54,0,0.0,0,
9257,43,75,43,0,0.0,0,
9258,37,125,37,0,0.0,0,
9259,46,107,46,0,0.0,0,
925,43,221,43,0,0.0,0,
9260,37,126,37,0,0.0,0,
9261,49,198,49,0,0.0,0,
9262,50,252,50,0,0.0,0,
9263,47,297,47,0,0.0,0,
9264,47,208,47,0,0.0,0,
9265,45,278,45,0,0.0,0,
9266,33,1220,33,0,0.0,0,
9267,58,322,58,0,0.0,0,
9268,66,900,66,0,0.0,0,
9269,55,278,55,0,0.0,0,
926,70,198,70,0,0.0,0,
9270,38,229,38,0,0.0,0,
9271,43,127,43,0,0.0,0,
9272,48,387,48,0,0.0,0,
9273,55,271,55,0,0.0,0,
9274,41,269,41,0,0.0,0,
9275,44,358,44,0,0.0,0,
9276,82,374,82,0,0.0,0,
9277,58,418,58,0,0.0,0,
9278,47,516,46,1,0.02127659574468085,0,A_463
9279,58,300,58,0,0.0,0,
927,42,755,42,0,0.0,0,
9280,50,788,50,0,0.0,0,
9281,56,275,56,0,0.0,0,
9282,53,307,53,0,0.0,0,
9283,44,223,44,0,0.0,0,
9284,100,375,100,0,0.0,0,
9285,47,257,47,0,0.0,0,
9286,57,968,57,0,0.0,0,
9287,43,716,43,0,0.0,0,
9288,48,345,48,0,0.0,0,
9289,46,603,46,0,0.0,0,
928,74,307,74,0,0.0,0,
9290,55,313,55,0,0.0,0,
9291,74,349,74,0,0.0,0,
9292,28,205,28,0,0.0,0,
9293,55,708,55,0,0.0,0,
9294,67,529,67,0,0.0,0,
9295,56,606,56,0,0.0,0,
9296,50,661,49,1,0.02,0,A_146
9297,52,285,52,0,0.0,0,
9298,55,258,55,0,0.0,0,
9299,53,551,53,0,0.0,0,
929,46,201,46,0,0.0,0,
92,37,2598,37,0,0.0,0,
9300,106,814,106,0,0.0,0,
9301,47,258,47,0,0.0,0,
9302,55,1052,55,0,0.0,0,
9303,47,388,47,0,0.0,0,
9304,69,4720,69,0,0.0,0,
9305,54,225,54,0,0.0,0,
9306,56,287,56,0,0.0,0,
9307,62,584,62,0,0.0,0,
9308,55,367,55,0,0.0,0,
9309,48,462,48,0,0.0,0,
930,57,252,57,0,0.0,0,
9310,117,809,117,0,0.0,0,
9311,59,692,59,0,0.0,0,
9312,45,223,45,0,0.0,0,
9313,36,248,36,0,0.0,0,
9314,68,198,68,0,0.0,0,
9315,61,884,61,0,0.0,0,
9316,67,265,67,0,0.0,0,
9317,54,224,54,0,0.0,0,
9318,58,822,58,0,0.0,0,
9319,61,198,61,0,0.0,0,
931,55,244,55,0,0.0,0,
9320,34,611,34,0,0.0,0,
9321,26,390,26,0,0.0,0,
9322,21,643,21,0,0.0,0,
9323,45,228,45,0,0.0,0,
9324,34,575,34,0,0.0,0,
9325,52,828,52,0,0.0,0,
9326,44,254,44,0,0.0,0,
9327,27,363,27,0,0.0,0,
9328,45,464,45,0,0.0,0,
9329,38,435,38,0,0.0,0,
932,61,460,61,0,0.0,0,
9330,52,261,52,0,0.0,0,
9331,38,141,38,0,0.0,0,
9332,42,87,42,0,0.0,0,
9333,72,198,72,0,0.0,0,
9334,33,112,33,0,0.0,0,
9335,50,67,50,0,0.0,0,
9336,60,304,60,0,0.0,0,
9337,35,580,35,0,0.0,0,
9338,35,238,35,0,0.0,0,
9339,42,2904,42,0,0.0,0,
933,54,369,54,0,0.0,0,
9340,46,158,46,0,0.0,0,
9341,61,713,61,0,0.0,0,
9342,50,336,50,0,0.0,0,
9343,34,157,34,0,0.0,0,
9344,54,413,54,0,0.0,0,
9345,59,300,59,0,0.0,0,
9346,41,223,41,0,0.0,0,
9347,42,297,42,0,0.0,0,
9348,48,1268,48,0,0.0,0,
9349,64,563,64,0,0.0,0,
934,50,194,50,0,0.0,0,
9350,43,1287,43,0,0.0,0,
9351,59,276,59,0,0.0,0,
9352,39,546,39,0,0.0,0,
9353,35,236,35,0,0.0,0,
9354,65,356,65,0,0.0,0,
9355,69,490,69,0,0.0,0,
9356,51,265,51,0,0.0,0,
9357,51,219,51,0,0.0,0,
9358,66,295,66,0,0.0,0,
9359,46,257,46,0,0.0,0,
935,45,1743,45,0,0.0,0,
9360,59,881,59,0,0.0,0,
9361,55,214,55,0,0.0,0,
9362,43,164,43,0,0.0,0,
9363,64,221,64,0,0.0,0,
9364,49,199,49,0,0.0,0,
9365,50,214,50,0,0.0,0,
9366,38,342,38,0,0.0,0,
9367,39,736,39,0,0.0,0,
9368,67,525,66,1,0.014925373134328358,0,A_108
9369,52,207,52,0,0.0,0,
936,79,722,79,0,0.0,0,
9370,32,123,32,0,0.0,0,
9371,48,867,48,0,0.0,0,
9372,22,50,22,0,0.0,0,
9373,37,114,37,0,0.0,0,
9374,54,789,54,0,0.0,0,
9375,51,1101,51,0,0.0,0,
9376,31,327,31,0,0.0,0,
9377,38,512,38,0,0.0,0,
9378,52,716,52,0,0.0,0,
9379,52,226,52,0,0.0,0,
937,76,1095,76,0,0.0,0,
9380,44,1326,44,0,0.0,0,
9381,33,262,33,0,0.0,0,
9382,32,159,32,0,0.0,0,
9383,37,143,37,0,0.0,0,
9384,45,208,45,0,0.0,0,
9385,53,271,53,0,0.0,0,
9386,41,98,41,0,0.0,0,
9387,47,394,47,0,0.0,0,
9388,53,195,53,0,0.0,0,
9389,48,564,48,0,0.0,0,
938,45,367,45,0,0.0,0,
9390,46,305,46,0,0.0,0,
9391,48,285,48,0,0.0,0,
9392,68,262,68,0,0.0,0,
9393,23,123,23,0,0.0,0,
9394,40,293,40,0,0.0,0,
9395,59,957,59,0,0.0,0,
9396,37,502,37,0,0.0,0,
9397,32,342,32,0,0.0,0,
9398,58,551,58,0,0.0,0,
9399,58,548,58,0,0.0,0,
939,47,246,47,0,0.0,0,
93,47,458,47,0,0.0,0,
9400,31,302,31,0,0.0,0,
9401,77,597,77,0,0.0,0,
9402,44,297,44,0,0.0,0,
9403,68,323,68,0,0.0,0,
9404,31,116,31,0,0.0,0,
9405,44,367,44,0,0.0,0,
9406,53,489,53,0,0.0,0,
9407,67,373,67,0,0.0,0,
9408,63,297,63,0,0.0,0,
9409,54,251,54,0,0.0,0,
940,47,223,47,0,0.0,0,
9410,64,884,64,0,0.0,0,
9411,25,162,25,0,0.0,0,
9412,48,1069,48,0,0.0,0,
9413,35,105,35,0,0.0,0,
9414,70,379,70,0,0.0,0,
9415,38,581,38,0,0.0,0,
9416,52,305,52,0,0.0,0,
9417,36,262,36,0,0.0,0,
9418,64,1476,64,0,0.0,0,
9419,32,724,32,0,0.0,0,
941,63,244,63,0,0.0,0,
9420,63,198,63,0,0.0,0,
9421,36,169,36,0,0.0,0,
9422,61,295,61,0,0.0,0,
9423,72,293,72,0,0.0,0,
9424,52,556,52,0,0.0,0,
9425,57,467,57,0,0.0,0,
9426,52,231,52,0,0.0,0,
9427,51,223,51,0,0.0,0,
9428,55,155,55,0,0.0,0,
9429,55,240,55,0,0.0,0,
942,30,130,30,0,0.0,0,
9430,55,368,55,0,0.0,0,
9431,50,291,50,0,0.0,0,
9432,48,208,48,0,0.0,0,
9433,60,286,60,0,0.0,0,
9434,33,112,33,0,0.0,0,
9435,54,1040,54,0,0.0,0,
9436,32,158,32,0,0.0,0,
9437,58,558,58,0,0.0,0,
9438,72,207,72,0,0.0,0,
9439,36,866,36,0,0.0,0,
943,57,422,57,0,0.0,0,
9440,53,954,53,0,0.0,0,
9441,42,352,42,0,0.0,0,
9442,59,236,59,0,0.0,0,
9443,48,280,48,0,0.0,0,
9444,43,358,43,0,0.0,0,
9445,43,341,43,0,0.0,0,
9446,66,941,66,0,0.0,0,
9447,46,262,46,0,0.0,0,
9448,33,94,33,0,0.0,0,
9449,60,213,60,0,0.0,0,
944,43,630,43,0,0.0,0,
9450,47,560,47,0,0.0,0,
9451,47,158,47,0,0.0,0,
9452,46,660,46,0,0.0,0,
9453,41,424,41,0,0.0,0,
9454,38,387,38,0,0.0,0,
9455,54,298,54,0,0.0,0,
9456,116,811,116,0,0.0,0,
9457,72,1566,72,0,0.0,0,
9458,48,822,48,0,0.0,0,
9459,37,123,37,0,0.0,0,
945,71,198,71,0,0.0,0,
9460,41,113,41,0,0.0,0,
9461,57,1388,57,0,0.0,0,
9462,58,287,58,0,0.0,0,
9463,53,253,53,0,0.0,0,
9464,35,393,35,0,0.0,0,
9465,72,230,72,0,0.0,0,
9466,35,483,35,0,0.0,0,
9467,24,244,24,0,0.0,0,
9468,51,559,51,0,0.0,0,
9469,57,218,57,0,0.0,0,
946,56,282,56,0,0.0,0,
9470,47,440,47,0,0.0,0,
9471,56,262,56,0,0.0,0,
9472,55,612,55,0,0.0,0,
9473,56,374,56,0,0.0,0,
9474,46,169,46,0,0.0,0,
9475,56,1618,56,0,0.0,0,
9476,63,384,63,0,0.0,0,
9477,64,365,64,0,0.0,0,
9478,57,2803,57,0,0.0,0,
9479,64,268,64,0,0.0,0,
947,54,257,54,0,0.0,0,
9480,36,231,36,0,0.0,0,
9481,43,307,43,0,0.0,0,
9482,52,259,52,0,0.0,0,
9483,33,241,32,1,0.030303030303030304,0,A_73
9484,69,389,69,0,0.0,0,
9485,62,448,62,0,0.0,0,
9486,69,280,69,0,0.0,0,
9487,34,216,34,0,0.0,0,
9488,60,741,60,0,0.0,0,
9489,23,58,23,0,0.0,0,
948,62,443,62,0,0.0,0,
9490,47,684,47,0,0.0,0,
9491,42,2850,42,0,0.0,0,
9492,49,254,49,0,0.0,0,
9493,34,500,34,0,0.0,0,
9494,30,100,30,0,0.0,0,
9495,67,230,67,0,0.0,0,
9496,39,298,39,0,0.0,0,
9497,51,258,51,0,0.0,0,
9498,46,263,46,0,0.0,0,
9499,66,779,66,0,0.0,0,
949,34,157,34,0,0.0,0,
94,55,213,55,0,0.0,0,
9500,46,559,46,0,0.0,0,
9501,57,282,57,0,0.0,0,
9502,59,441,59,0,0.0,0,
9503,56,295,56,0,0.0,0,
9504,42,147,42,0,0.0,0,
9505,59,448,59,0,0.0,0,
9506,50,1548,50,0,0.0,0,
9507,73,248,73,0,0.0,0,
9508,44,243,44,0,0.0,0,
9509,61,309,61,0,0.0,0,
950,61,367,61,0,0.0,0,
9510,48,207,48,0,0.0,0,
9511,51,424,51,0,0.0,0,
9512,47,239,47,0,0.0,0,
9513,52,432,52,0,0.0,0,
9514,45,261,45,0,0.0,0,
9515,61,281,61,0,0.0,0,
9516,38,276,38,0,0.0,0,
9517,37,356,37,0,0.0,0,
9518,42,305,42,0,0.0,0,
9519,58,934,58,0,0.0,0,
951,58,712,58,0,0.0,0,
9520,47,147,47,0,0.0,0,
9521,25,58,25,0,0.0,0,
9522,50,250,50,0,0.0,0,
9523,48,520,48,0,0.0,0,
9524,50,258,50,0,0.0,0,
9525,55,275,55,0,0.0,0,
9526,48,921,48,0,0.0,0,
9527,48,507,48,0,0.0,0,
9528,37,225,37,0,0.0,0,
9529,56,460,56,0,0.0,0,
952,43,83,43,0,0.0,0,
9530,45,258,45,0,0.0,0,
9531,50,290,50,0,0.0,0,
9532,62,198,62,0,0.0,0,
9533,67,332,67,0,0.0,0,
9534,50,281,50,0,0.0,0,
9535,64,265,64,0,0.0,0,
9536,26,325,26,0,0.0,0,
9537,65,292,65,0,0.0,0,
9538,42,782,42,0,0.0,0,
9539,38,253,38,0,0.0,0,
953,48,279,48,0,0.0,0,
9540,71,410,71,0,0.0,0,
9541,55,418,55,0,0.0,0,
9542,49,329,49,0,0.0,0,
9543,73,560,73,0,0.0,0,
9544,46,441,46,0,0.0,0,
9545,35,103,35,0,0.0,0,
9546,75,254,75,0,0.0,0,
9547,42,338,42,0,0.0,0,
9548,30,241,29,1,0.03333333333333333,0,B_73
9549,60,238,60,0,0.0,0,
954,46,509,46,0,0.0,0,
9550,23,678,23,0,0.0,0,
9551,55,357,55,0,0.0,0,
9552,63,271,63,0,0.0,0,
9553,62,655,62,0,0.0,0,
9554,27,141,27,0,0.0,0,
9555,42,271,42,0,0.0,0,
9556,37,624,37,0,0.0,0,
9557,54,2149,54,0,0.0,0,
9558,39,127,39,0,0.0,0,
9559,59,274,59,0,0.0,0,
955,52,257,52,0,0.0,0,
9560,58,863,58,0,0.0,0,
9561,85,375,85,0,0.0,0,
9562,67,230,67,0,0.0,0,
9563,45,602,45,0,0.0,0,
9564,55,289,55,0,0.0,0,
9565,37,122,37,0,0.0,0,
9566,55,273,55,0,0.0,0,
9567,52,273,52,0,0.0,0,
9568,55,284,55,0,0.0,0,
9569,64,528,64,0,0.0,0,
956,37,169,37,0,0.0,0,
9570,37,124,37,0,0.0,0,
9571,45,217,45,0,0.0,0,
9572,38,456,38,0,0.0,0,
9573,51,264,51,0,0.0,0,
9574,37,721,37,0,0.0,0,
9575,61,655,61,0,0.0,0,
9576,51,369,51,0,0.0,0,
9577,65,374,65,0,0.0,0,
9578,72,247,72,0,0.0,0,
9579,70,230,70,0,0.0,0,
957,64,204,64,0,0.0,0,
9580,49,256,49,0,0.0,0,
9581,45,215,45,0,0.0,0,
9582,71,301,71,0,0.0,0,
9583,45,1022,45,0,0.0,0,
9584,61,2706,61,0,0.0,0,
9585,55,356,55,0,0.0,0,
9586,30,138,30,0,0.0,0,
9587,39,184,39,0,0.0,0,
9588,57,390,57,0,0.0,0,
9589,52,335,52,0,0.0,0,
958,42,297,42,0,0.0,0,
9590,37,397,37,0,0.0,0,
9591,58,653,58,0,0.0,0,
9592,60,427,60,0,0.0,0,
9593,67,1618,66,1,0.014925373134328358,0,A_680
9594,74,379,74,0,0.0,0,
9595,46,263,46,0,0.0,0,
9596,26,389,25,1,0.038461538461538464,0,A_86
9597,49,437,49,0,0.0,0,
9598,36,900,36,0,0.0,0,
9599,29,84,29,0,0.0,0,
959,34,474,34,0,0.0,0,
95,77,326,77,0,0.0,0,
9600,10,313,10,0,0.0,0,
9601,66,656,66,0,0.0,0,
9602,51,294,51,0,0.0,0,
9603,58,255,58,0,0.0,0,
9604,45,266,45,0,0.0,0,
9605,42,555,42,0,0.0,0,
9606,55,438,55,0,0.0,0,
9607,33,147,33,0,0.0,0,
9608,33,153,33,0,0.0,0,
9609,43,271,43,0,0.0,0,
960,58,304,58,0,0.0,0,
9610,45,185,45,0,0.0,0,
9611,36,160,36,0,0.0,0,
9612,53,826,53,0,0.0,0,
9613,50,257,50,0,0.0,0,
9614,47,271,47,0,0.0,0,
9615,55,1212,55,0,0.0,0,
9616,66,249,66,0,0.0,0,
9617,47,259,47,0,0.0,0,
9618,50,256,50,0,0.0,0,
9619,52,221,52,0,0.0,0,
961,61,275,61,0,0.0,0,
9620,45,245,45,0,0.0,0,
9621,47,361,47,0,0.0,0,
9622,61,698,61,0,0.0,0,
9623,45,682,45,0,0.0,0,
9624,59,304,59,0,0.0,0,
9625,60,346,60,0,0.0,0,
9626,46,174,46,0,0.0,0,
9627,52,1103,52,0,0.0,0,
9628,70,517,70,0,0.0,0,
9629,63,375,63,0,0.0,0,
962,62,449,62,0,0.0,0,
9630,43,435,43,0,0.0,0,
9631,61,455,61,0,0.0,0,
9632,42,258,42,0,0.0,0,
9633,51,256,51,0,0.0,0,
9634,58,218,58,0,0.0,0,
9635,68,392,68,0,0.0,0,
9636,63,443,63,0,0.0,0,
9637,37,329,37,0,0.0,0,
9638,60,865,60,0,0.0,0,
9639,65,375,65,0,0.0,0,
963,38,1452,38,0,0.0,0,
9640,66,257,66,0,0.0,0,
9641,65,198,65,0,0.0,0,
9642,67,928,67,0,0.0,0,
9643,49,264,49,0,0.0,0,
9644,43,1552,43,0,0.0,0,
9645,42,265,42,0,0.0,0,
9646,74,146,74,0,0.0,0,
9647,49,369,49,0,0.0,0,
9648,42,1068,42,0,0.0,0,
9649,51,508,51,0,0.0,0,
964,44,383,44,0,0.0,0,
9650,37,327,37,0,0.0,0,
9651,49,255,49,0,0.0,0,
9652,35,1092,35,0,0.0,0,
9653,63,392,63,0,0.0,0,
9654,57,231,57,0,0.0,0,
9655,35,127,35,0,0.0,0,
9656,48,197,48,0,0.0,0,
9657,36,515,36,0,0.0,0,
9658,52,330,52,0,0.0,0,
9659,51,612,51,0,0.0,0,
965,34,430,34,0,0.0,0,
9660,49,546,49,0,0.0,0,
9661,42,222,42,0,0.0,0,
9662,69,198,69,0,0.0,0,
9663,42,165,42,0,0.0,0,
9664,74,994,74,0,0.0,0,
9665,52,708,52,0,0.0,0,
9666,70,254,70,0,0.0,0,
9667,69,517,69,0,0.0,0,
9668,29,582,29,0,0.0,0,
9669,65,198,65,0,0.0,0,
966,60,521,60,0,0.0,0,
9670,54,466,54,0,0.0,0,
9671,58,200,58,0,0.0,0,
9672,47,273,47,0,0.0,0,
9673,47,740,47,0,0.0,0,
9674,42,145,42,0,0.0,0,
9675,67,427,67,0,0.0,0,
9676,43,305,43,0,0.0,0,
9677,57,282,57,0,0.0,0,
9678,40,472,40,0,0.0,0,
9679,34,330,34,0,0.0,0,
967,117,818,117,0,0.0,0,
9680,49,307,49,0,0.0,0,
9681,52,131,52,0,0.0,0,
9682,43,306,43,0,0.0,0,
9683,65,1653,65,0,0.0,0,
9684,54,445,54,0,0.0,0,
9685,77,1533,77,0,0.0,0,
9686,63,282,63,0,0.0,0,
9687,27,288,27,0,0.0,0,
9688,28,391,28,0,0.0,0,
9689,44,346,44,0,0.0,0,
968,33,220,33,0,0.0,0,
9690,66,223,66,0,0.0,0,
9691,36,223,36,0,0.0,0,
9692,33,191,33,0,0.0,0,
9693,49,319,49,0,0.0,0,
9694,50,342,50,0,0.0,0,
9695,63,733,63,0,0.0,0,
9696,38,245,38,0,0.0,0,
9697,53,703,53,0,0.0,0,
9698,61,321,61,0,0.0,0,
9699,37,398,37,0,0.0,0,
969,58,469,58,0,0.0,0,
96,54,942,54,0,0.0,0,
9700,54,125,54,0,0.0,0,
9701,51,257,51,0,0.0,0,
9702,60,275,60,0,0.0,0,
9703,40,246,40,0,0.0,0,
9704,63,278,63,0,0.0,0,
9705,34,431,34,0,0.0,0,
9706,34,126,34,0,0.0,0,
9707,50,163,50,0,0.0,0,
9708,60,286,60,0,0.0,0,
9709,34,962,34,0,0.0,0,
970,26,390,26,0,0.0,0,
9710,55,841,55,0,0.0,0,
9711,48,285,48,0,0.0,0,
9712,67,557,67,0,0.0,0,
9713,50,653,50,0,0.0,0,
9714,35,356,35,0,0.0,0,
9715,55,192,55,0,0.0,0,
9716,44,2850,44,0,0.0,0,
9717,74,416,74,0,0.0,0,
9718,30,58,30,0,0.0,0,
9719,74,210,74,0,0.0,0,
971,65,191,65,0,0.0,0,
9720,63,198,63,0,0.0,0,
9721,44,178,44,0,0.0,0,
9722,38,399,38,0,0.0,0,
9723,67,335,67,0,0.0,0,
9724,64,371,64,0,0.0,0,
9725,39,117,39,0,0.0,0,
9726,47,197,47,0,0.0,0,
9727,44,287,44,0,0.0,0,
9728,54,955,54,0,0.0,0,
9729,53,225,53,0,0.0,0,
972,51,563,51,0,0.0,0,
9730,47,470,47,0,0.0,0,
9731,56,323,56,0,0.0,0,
9732,44,845,44,0,0.0,0,
9733,34,539,34,0,0.0,0,
9734,53,282,53,0,0.0,0,
9735,72,433,72,0,0.0,0,
9736,65,198,65,0,0.0,0,
9737,53,342,53,0,0.0,0,
9738,55,298,55,0,0.0,0,
9739,60,343,60,0,0.0,0,
973,36,581,36,0,0.0,0,
9740,56,302,56,0,0.0,0,
9741,54,714,54,0,0.0,0,
9742,57,521,57,0,0.0,0,
9743,61,435,61,0,0.0,0,
9744,35,573,35,0,0.0,0,
9745,42,94,42,0,0.0,0,
9746,49,736,49,0,0.0,0,
9747,55,417,55,0,0.0,0,
9748,39,230,39,0,0.0,0,
9749,36,438,36,0,0.0,0,
974,65,993,65,0,0.0,0,
9750,50,378,50,0,0.0,0,
9751,43,522,43,0,0.0,0,
9752,42,658,42,0,0.0,0,
9753,57,465,57,0,0.0,0,
9754,67,285,67,0,0.0,0,
9755,48,537,48,0,0.0,0,
9756,45,261,45,0,0.0,0,
9757,66,517,66,0,0.0,0,
9758,36,403,36,0,0.0,0,
9759,46,340,46,0,0.0,0,
975,53,254,53,0,0.0,0,
9760,40,939,40,0,0.0,0,
9761,47,844,47,0,0.0,0,
9762,70,198,70,0,0.0,0,
9763,52,304,52,0,0.0,0,
9764,43,358,43,0,0.0,0,
9765,49,325,49,0,0.0,0,
9766,55,498,55,0,0.0,0,
9767,56,235,56,0,0.0,0,
9768,52,277,52,0,0.0,0,
9769,24,24,24,0,0.0,0,
976,39,106,39,0,0.0,0,
9770,48,274,48,0,0.0,0,
9771,45,801,45,0,0.0,0,
9772,64,442,64,0,0.0,0,
9773,37,413,37,0,0.0,0,
9774,29,251,29,0,0.0,0,
9775,49,257,49,0,0.0,0,
9776,59,1074,59,0,0.0,0,
9777,41,663,41,0,0.0,0,
9778,58,1458,58,0,0.0,0,
9779,43,546,43,0,0.0,0,
977,63,354,63,0,0.0,0,
9780,41,256,41,0,0.0,0,
9781,52,157,52,0,0.0,0,
9782,73,196,73,0,0.0,0,
9783,55,305,55,0,0.0,0,
9784,24,151,24,0,0.0,0,
9785,52,430,52,0,0.0,0,
9786,46,229,46,0,0.0,0,
9787,60,708,60,0,0.0,0,
9788,57,269,57,0,0.0,0,
9789,28,262,28,0,0.0,0,
978,46,215,46,0,0.0,0,
9790,58,1364,58,0,0.0,0,
9791,56,210,56,0,0.0,0,
9792,48,160,48,0,0.0,0,
9793,50,396,50,0,0.0,0,
9794,64,247,64,0,0.0,0,
9795,50,214,50,0,0.0,0,
9796,60,214,60,0,0.0,0,
9797,46,77,46,0,0.0,0,
9798,59,243,59,0,0.0,0,
9799,32,438,32,0,0.0,0,
979,71,670,71,0,0.0,0,
97,67,484,67,0,0.0,0,
9800,33,213,33,0,0.0,0,
9801,59,369,59,0,0.0,0,
9802,39,867,39,0,0.0,0,
9803,44,302,44,0,0.0,0,
9804,56,578,56,0,0.0,0,
9805,57,324,57,0,0.0,0,
9806,48,102,48,0,0.0,0,
9807,52,198,52,0,0.0,0,
9808,35,312,35,0,0.0,0,
9809,62,304,62,0,0.0,0,
980,70,517,70,0,0.0,0,
9810,71,495,71,0,0.0,0,
9811,57,344,57,0,0.0,0,
9812,50,935,50,0,0.0,0,
9813,38,515,38,0,0.0,0,
9814,36,305,36,0,0.0,0,
9815,48,294,48,0,0.0,0,
9816,61,392,61,0,0.0,0,
9817,37,372,37,0,0.0,0,
9818,23,309,23,0,0.0,0,
9819,61,287,61,0,0.0,0,
981,48,135,48,0,0.0,0,
9820,51,257,51,0,0.0,0,
9821,79,405,79,0,0.0,0,
9822,44,118,44,0,0.0,0,
9823,38,562,38,0,0.0,0,
9824,41,358,41,0,0.0,0,
9825,66,198,66,0,0.0,0,
9826,26,439,26,0,0.0,0,
9827,49,712,49,0,0.0,0,
9828,44,506,44,0,0.0,0,
9829,56,370,56,0,0.0,0,
982,46,427,46,0,0.0,0,
9830,38,434,38,0,0.0,0,
9831,34,233,34,0,0.0,0,
9832,35,238,35,0,0.0,0,
9833,38,329,38,0,0.0,0,
9834,48,137,48,0,0.0,0,
9835,49,1240,49,0,0.0,0,
9836,48,255,48,0,0.0,0,
9837,43,2598,43,0,0.0,0,
9838,43,352,43,0,0.0,0,
9839,42,264,42,0,0.0,0,
983,59,322,59,0,0.0,0,
9840,58,600,58,0,0.0,0,
9841,27,230,27,0,0.0,0,
9842,54,276,54,0,0.0,0,
9843,43,331,43,0,0.0,0,
9844,54,626,54,0,0.0,0,
9845,60,337,60,0,0.0,0,
9846,43,127,43,0,0.0,0,
9847,43,94,43,0,0.0,0,
9848,66,994,66,0,0.0,0,
9849,48,257,48,0,0.0,0,
984,50,710,50,0,0.0,0,
9850,64,238,64,0,0.0,0,
9851,63,198,63,0,0.0,0,
9852,63,269,62,1,0.015873015873015872,0,A_285
9853,34,257,34,0,0.0,0,
9854,40,712,40,0,0.0,0,
9855,22,429,22,0,0.0,0,
9856,38,98,38,0,0.0,0,
9857,62,1653,62,0,0.0,0,
9858,69,367,69,0,0.0,0,
9859,70,631,70,0,0.0,0,
985,54,350,54,0,0.0,0,
9860,50,315,50,0,0.0,0,
9861,60,259,60,0,0.0,0,
9862,38,127,38,0,0.0,0,
9863,46,1656,46,0,0.0,0,
9864,49,271,49,0,0.0,0,
9865,47,488,47,0,0.0,0,
9866,39,216,39,0,0.0,0,
9867,56,279,56,0,0.0,0,
9868,33,730,33,0,0.0,0,
9869,30,948,30,0,0.0,0,
986,44,249,44,0,0.0,0,
9870,32,399,32,0,0.0,0,
9871,31,231,31,0,0.0,0,
9872,48,260,48,0,0.0,0,
9873,33,339,33,0,0.0,0,
9874,42,580,42,0,0.0,0,
9875,50,278,50,0,0.0,0,
9876,51,260,51,0,0.0,0,
9877,63,325,63,0,0.0,0,
9878,50,697,50,0,0.0,0,
9879,71,206,71,0,0.0,0,
987,50,389,50,0,0.0,0,
9880,40,232,40,0,0.0,0,
9881,46,334,46,0,0.0,0,
9882,68,271,68,0,0.0,0,
9883,54,1264,49,5,0.09259259259259259,0,A_14 A_23 A_79 H_110 H_79
9884,61,820,61,0,0.0,0,
9885,76,581,76,0,0.0,0,
9886,35,124,35,0,0.0,0,
9887,41,326,41,0,0.0,0,
9888,33,119,33,0,0.0,0,
9889,50,288,50,0,0.0,0,
988,41,380,41,0,0.0,0,
9890,53,223,53,0,0.0,0,
9891,54,572,54,0,0.0,0,
9892,31,430,30,1,0.03225806451612903,0,A_111
9893,41,237,41,0,0.0,0,
9894,53,338,53,0,0.0,0,
9895,47,486,47,0,0.0,0,
9896,48,4032,48,0,0.0,0,
9897,52,253,52,0,0.0,0,
9898,53,155,53,0,0.0,0,
9899,58,334,58,0,0.0,0,
989,62,304,62,0,0.0,0,
98,62,261,62,0,0.0,0,
9900,42,115,42,0,0.0,0,
9901,46,421,46,0,0.0,0,
9902,49,258,49,0,0.0,0,
9903,42,545,42,0,0.0,0,
9904,41,2646,41,0,0.0,0,
9905,56,324,56,0,0.0,0,
9906,56,228,56,0,0.0,0,
9907,100,738,100,0,0.0,0,
9908,61,198,61,0,0.0,0,
9909,41,388,41,0,0.0,0,
990,59,299,59,0,0.0,0,
9910,52,712,52,0,0.0,0,
9911,35,215,35,0,0.0,0,
9912,67,734,67,0,0.0,0,
9913,42,780,42,0,0.0,0,
9914,37,358,37,0,0.0,0,
9915,42,284,42,0,0.0,0,
9916,34,475,34,0,0.0,0,
9917,53,163,53,0,0.0,0,
9918,43,293,43,0,0.0,0,
9919,52,798,52,0,0.0,0,
991,51,556,51,0,0.0,0,
9920,61,247,61,0,0.0,0,
9921,59,464,59,0,0.0,0,
9922,34,564,34,0,0.0,0,
9923,50,342,50,0,0.0,0,
9924,21,452,21,0,0.0,0,
9925,51,225,51,0,0.0,0,
9926,41,202,41,0,0.0,0,
9927,22,257,22,0,0.0,0,
9928,45,173,45,0,0.0,0,
9929,62,246,62,0,0.0,0,
992,36,418,36,0,0.0,0,
9930,44,1203,44,0,0.0,0,
9931,67,196,67,0,0.0,0,
9932,38,436,38,0,0.0,0,
9933,45,158,45,0,0.0,0,
9934,48,157,48,0,0.0,0,
9935,43,122,43,0,0.0,0,
9936,50,256,50,0,0.0,0,
9937,46,217,46,0,0.0,0,
9938,49,930,49,0,0.0,0,
9939,52,962,52,0,0.0,0,
993,54,1094,54,0,0.0,0,
9940,46,357,46,0,0.0,0,
9941,67,198,67,0,0.0,0,
9942,34,546,34,0,0.0,0,
9943,57,308,57,0,0.0,0,
9944,74,377,74,0,0.0,0,
9945,44,257,44,0,0.0,0,
9946,72,305,72,0,0.0,0,
9947,43,255,43,0,0.0,0,
9948,59,329,59,0,0.0,0,
9949,47,99,47,0,0.0,0,
994,48,368,48,0,0.0,0,
9950,44,4059,44,0,0.0,0,
9951,45,257,45,0,0.0,0,
9952,43,756,43,0,0.0,0,
9953,50,257,50,0,0.0,0,
9954,67,698,67,0,0.0,0,
9955,47,119,47,0,0.0,0,
9956,67,198,67,0,0.0,0,
9957,54,278,54,0,0.0,0,
9958,56,265,56,0,0.0,0,
9959,63,250,63,0,0.0,0,
995,51,1460,51,0,0.0,0,
9960,57,181,57,0,0.0,0,
9961,65,460,65,0,0.0,0,
9962,51,458,51,0,0.0,0,
9963,45,248,45,0,0.0,0,
9964,45,498,45,0,0.0,0,
9965,63,377,63,0,0.0,0,
9966,43,437,43,0,0.0,0,
9967,55,700,55,0,0.0,0,
9968,38,1825,38,0,0.0,0,
9969,60,527,60,0,0.0,0,
996,47,810,47,0,0.0,0,
9970,58,1029,58,0,0.0,0,
9971,43,256,43,0,0.0,0,
9972,29,297,29,0,0.0,0,
9973,39,114,39,0,0.0,0,
9974,68,198,68,0,0.0,0,
9975,64,209,64,0,0.0,0,
9976,38,716,38,0,0.0,0,
9977,72,336,71,1,0.013888888888888888,0,A_197
9978,47,164,47,0,0.0,0,
9979,56,490,56,0,0.0,0,
997,33,337,33,0,0.0,0,
9980,44,257,44,0,0.0,0,
9981,33,639,33,0,0.0,0,
9982,48,147,48,0,0.0,0,
9983,57,372,57,0,0.0,0,
9984,41,229,41,0,0.0,0,
9985,50,178,50,0,0.0,0,
9986,50,282,50,0,0.0,0,
9987,47,1560,47,0,0.0,0,
9988,49,257,49,0,0.0,0,
9989,45,510,45,0,0.0,0,
998,46,258,46,0,0.0,0,
9990,58,880,58,0,0.0,0,
9991,56,336,56,0,0.0,0,
9992,42,364,42,0,0.0,0,
9993,60,240,60,0,0.0,0,
9994,75,1058,75,0,0.0,0,
9995,64,293,64,0,0.0,0,
9996,50,216,50,0,0.0,0,
9997,53,302,53,0,0.0,0,
9998,51,1205,51,0,0.0,0,
9999,53,285,53,0,0.0,0,
999,60,305,60,0,0.0,0,
99,43,357,43,0,0.0,0,
9,52,274,52,0,0.0,0,
