id,prediction
0, A_136 A_137 A_23 A_38 A_389 A_39 A_390 A_393 A_394 A_40 A_408 A_409
1, A_199 A_202 A_214 A_227 A_262 A_264 A_305
2, A_738 A_739 A_740 A_745 A_746 A_751 A_753 A_754 A_755 A_756 A_826 A_869 A_871 A_873 A_874 A_875
3,
4, A_37 A_41 A_43 A_44 A_58 A_85 A_86 A_89
5,
6, A_135 A_136 A_137 A_140 A_186 A_23 A_38 A_389 A_390 A_393 A_394 A_40 A_408 A_409 A_411
7, A_142 A_144 A_163 A_164 A_184 A_187
8, A_301 A_302 A_327 A_328 A_331 A_338 A_341 A_342
9, A_127 A_131 A_133 A_138 A_167 A_261 A_262 A_68 A_69 A_72 A_73 A_74
10, A_59 A_60 A_61 A_64 A_65 A_71 A_95 A_98 B_162 B_165
11, A_11 A_170 A_231 A_239 A_242 A_4 A_5 A_6 A_63 A_64 A_7 A_8
12, B_10 B_11 B_113 B_114 B_116 B_12 B_13 B_157 B_159 B_162 B_163 B_164 B_165 B_166 B_169 B_171 B_203 B_204 B_209 B_233 B_234 B_235 B_236 B_237 B_238 B_239 B_276 B_278 B_287 B_288 B_289 B_290 B_292 B_294 B_295 B_296 B_338 B_340 B_342 B_344 B_347 B_370 B_381 B_382 B_383 B_384 B_417 B_420 B_437 B_438 B_441 B_444 B_446 B_82 B_83 B_84 B_87 B_9
13, A_681 A_685 A_688 A_761 A_764 A_765 A_768 A_804 B_681 B_685 B_688 B_761 B_764 B_765 B_768 B_804
14, A_397 A_398 A_399 A_462 A_463 A_535 A_536 A_539 A_540 A_543
15, A_16 A_26 A_29 A_54 A_58 A_64 A_85 A_86 A_87
16, A_117 A_156 A_158 A_159 A_167 A_168 A_17 A_18 A_19 A_195 A_197 A_20 A_223 A_224 A_225 A_227 A_27 A_291 A_320 A_321 B_104 B_106 B_81 B_83 B_90 B_91
17, A_279 A_283 A_301 A_304 A_305 A_308 A_452 A_455 A_456
18, B_342 B_441 B_470 B_471 B_472 B_479 B_480 B_488 B_489 B_493 B_497 B_505
19, A_177 A_178 A_192 A_227 A_228 A_229 A_230 A_231 A_232 A_49 A_50 B_110 B_112 B_193 B_89 B_90
20, A_111 A_112 A_57 A_61 A_80 A_85
21, A_478 A_524 A_526 A_528 A_529 A_532 A_533 A_674 A_677 A_684 A_688
22, B_119 B_122 B_123 B_126 B_127 B_167 B_168 B_171 B_174 B_175 B_219 B_42 B_45 B_49
23, A_770 A_772 A_774 A_778 A_780 A_800 A_802 A_836 A_848 A_849 A_850 A_851 A_854 A_856 A_859 A_919 A_922 A_932 A_933
24, B_101 B_144 B_154 B_155 B_156 B_23 B_24 B_31 B_44 B_46 B_75 B_91 B_92 B_94 B_95 B_97
25, A_132 A_135 A_137 A_138 A_50 A_51 A_54
26, A_175 A_179 A_182 A_195 A_196 A_197 A_198 A_200 A_201 A_225 A_226 A_227 A_236 A_38 A_39 A_40 A_41 A_43 A_48 A_50 A_51 A_53 A_54 A_71 A_76 A_81 A_85
27, A_36 A_37 A_40 A_41 A_56 A_60 A_64 A_67 A_68 A_69 A_70 A_71 A_72 A_73 A_74 A_75 A_78 B_37 B_40 B_41 B_56 B_60 B_64 B_67 B_68 B_69 B_70 B_71 B_72 B_73 B_74 B_78 C_36 C_37 C_40 C_41 C_42 C_46 C_56 C_60 C_64 C_67 C_68 C_69 C_70 C_71 C_72 C_73 C_74 C_75 C_78
28,
29,
30,
31, A_163 A_167 A_214 A_217 A_218 A_343 A_410 A_412 A_458 A_462 A_466 A_527
32, D_114 D_116 D_147 D_152 D_155 D_156 D_159 D_163 D_167 D_171 D_45 D_5 D_58 D_59 D_63 D_66 D_67 D_69 D_7 D_70 D_73 D_77 D_9 D_97 D_99
33, A_317 A_321 A_324 A_325 A_328 A_354 A_358 A_480 A_483 A_484 A_487
34,
35, B_261 B_262 B_263 B_291 B_310 B_312 B_313 B_314 B_316 B_317 B_318 B_320 B_321 B_324 B_325 B_327 B_358 B_359 B_360 B_361 B_380 B_381 B_382 B_383 B_408 B_409 B_431 B_57 B_59 D_489
36, A_120 A_122 A_163 A_36 A_37 A_39 A_42
37, A_157 A_159 A_160 A_162 A_168 A_170 A_181 A_182 A_183 A_184 A_206 A_209 A_212 A_218 A_221 A_226 A_229 A_23 A_24 A_27 A_66 A_88 A_89 A_90 A_91 A_92 A_93 F_44 F_45 F_47 F_6 F_7 F_73 F_9
38, A_364 A_365 A_368 A_372 A_58 A_60 A_64 A_67 A_68
39, A_102 A_103 A_104 A_107 A_111 A_126 A_127 A_129 A_141 A_146 A_156 A_267
40, A_102 A_105 A_106 A_109 A_110 A_140 A_25 A_30 A_33 D_124 D_127 D_128 D_129 D_132 D_134
41, A_898 A_915 A_927 A_933 A_951
42, A_160 A_162 A_163 A_286 A_290 A_355
43, B_100 B_103 B_104 B_107 B_109 B_111 B_112 B_113 B_168 B_172 B_175 B_212 B_213 B_216 B_217 B_218 B_251 B_252 B_255 B_256 B_259 B_267 B_269 B_270 B_272 B_273 B_278 B_279 B_280 B_358 B_361 B_362 B_367 B_46 B_47 B_48 B_49 B_50 B_93 B_96 B_99
44, A_178 A_180 A_181 A_182 A_6 A_7 A_8 A_9 B_42 B_68 B_69 B_71 B_72 B_73
45, B_343 B_346 B_347 B_349 B_350 B_353 B_383 B_384 B_387 B_388 B_391 B_404 B_421 B_424 B_428 B_521 B_524 B_525
46, A_131 A_141 A_268 A_271 A_272 A_274 A_275 A_326 A_329 A_331 A_332 A_63 A_66 A_68 A_69 A_72
47,
48, A_178 A_180 A_181 A_196 A_198 A_202 A_204 A_207 A_208 A_240 A_242 A_243 A_258 A_264 A_305 A_308 A_323 A_405 A_406 A_407 A_422 A_424 A_476 A_477 A_512 A_540
49, A_279 A_280 A_282 A_283 A_903 A_904 A_905 A_906 A_907 A_908 B_44 B_45 B_46 B_47 B_6 B_64 B_65 B_66 B_68
50, A_124 A_125 A_128 A_138 A_139 A_141 A_232 A_233 A_236 A_237 A_299 A_301 A_57 A_58 A_60 A_61 A_62 A_63
51,
52, A_126 A_127 A_427 A_429 A_443 A_448 A_454 A_456 A_77 A_81
53, C_686 C_687 C_688 C_689 C_694 C_707 C_709 C_725 C_729 C_754 C_755 C_757 C_760 C_761 C_807 C_808 C_810 C_821 C_822 C_823
54, A_147 A_150 A_156 A_158 A_159 A_319 A_320 A_321 A_344 A_345 A_346 A_366
55, A_210 A_222 A_224 A_237 A_239 A_240 A_271 A_272 A_273 A_274 A_358 A_378 A_379
56,
57, A_211 A_232 A_233 A_235 A_237 A_239 A_240 A_241 A_27 A_30 A_32 A_4 A_5 A_6 A_8 B_1026 B_1028 B_1029 B_1052 B_1053 B_1055 B_1056 B_1057 B_1058 B_1063 B_1065
58,
59,
60, A_127 A_128 A_129 A_132 A_161 A_170 A_171 A_172 A_218 A_221
61, A_139 A_142 A_146 A_149 A_150 A_74 A_76 C_100 C_104 C_105 C_106 C_98
62, B_117 B_120 B_121 B_124 B_125 B_128 B_165 B_166 B_169 B_172 B_173 B_217 B_42 B_45 B_46 B_49
63, B_276 B_284 B_287 B_300 B_302 B_305 B_306 B_309 B_330 B_332 B_337 B_338 B_339 B_342 B_344 B_346 B_379 B_380 B_381 B_382 B_383 B_384 B_387 B_389 B_396 B_397 B_399 B_401 B_405 B_407 B_408 B_411 B_413 B_417 B_419 B_420 B_421 B_422 B_423 B_425 B_426
64, A_560 A_563 A_564 A_567 A_572 A_641 A_646 A_648 A_666 A_667 A_668
65,
66,
67, A_183 A_186 A_187 A_190 B_180 B_183 B_184 B_187 B_188 B_367 B_370 B_374 B_378 B_381 B_382 B_385 B_499 B_500
68, A_176 A_179 A_182 A_212 A_213 A_214 A_215 A_216 A_218 A_220 A_247 A_249 A_250 A_251 A_252 A_253 A_254 A_255 A_262 A_305 A_307 A_328 A_332 B_349 B_351
69, A_117 A_119 A_121 A_126 A_18 A_43 A_44 A_45 A_46 A_80 A_82 A_83 A_84 B_104 B_105 B_106 B_107 B_108 B_110 B_24 B_52 B_53 B_54 B_55 B_56 B_58 B_59 B_74 B_76
70, A_1127 A_1150 A_1151 A_1152 A_1160 A_1163 A_1164 A_1167 A_1270 A_1272 A_1275 A_1276
71, A_177 A_180 A_184 A_264 A_265 A_281 A_284 A_285 A_458 A_459 A_460 A_474 A_475
72, A_151 A_152 A_155 A_341 A_347 A_349 A_62 A_65 A_66 A_69
73, A_111 A_7 A_8 A_80 A_82 A_85 A_88 A_9 C_111 C_7 C_80 C_82 C_85 C_88 C_9
74, A_102 A_112 A_114 A_116 A_12 A_146 A_171 A_172 A_173 A_195 A_196 A_198 A_223 A_225 A_226 A_228 A_243 A_244 A_246 A_249 A_252 A_253 A_254 A_255 A_256 A_257 A_259 A_260 A_281 A_284 A_285 A_288 A_48 A_49 A_52 A_8 B_34 B_36 B_37 B_38
75, B_101 B_102 B_105 B_150 B_151 B_153 B_163 B_164 B_24 B_25 B_27 B_29 B_30 B_32 B_45 B_47 B_79 B_93 B_95 B_97 B_98
76, B_133 B_134 B_135 B_136 B_138 B_139 B_279 B_280 B_282 B_283 B_284 B_285 B_286 B_287 B_288 B_289 B_292 B_339 B_340 B_341 B_376 B_377 B_378 B_380 B_383 B_385 B_455 B_484 B_491 B_567 B_568 B_569 B_571 B_573 B_574 B_648 B_650 B_653 B_657 B_665 B_667 B_671 B_672 B_673 B_674 B_675 B_676 B_677 B_678 B_680 B_696 B_88 B_90
77, A_163 A_166 A_170 A_182 A_183 A_185 A_186 A_187 A_206 A_257 A_260 A_268 A_269 A_270 A_271 A_41 B_42 B_69 B_70 B_72 C_40 C_42 C_69 C_70 C_72 D_163 D_170 D_182 D_183 D_185 D_186 D_187 D_257 D_260 D_268 D_269 D_270 D_271
78, B_101 B_103 B_108 B_110 B_113 B_121 B_122 B_148 B_151 B_152 B_155 B_156 B_162 B_98 B_99
79, A_19 A_27 A_32 A_52 A_54 A_55 A_63 A_67 A_68
80, A_219 A_220 A_221 A_222 A_226 A_245 A_264 A_267 A_268 A_269 A_273
81,
82, A_1000 A_1105 A_1107 A_1113 A_1144 A_1148
83, A_150 A_151 A_153 A_190 A_192 A_199 A_200 A_201 A_95
84, A_29 A_30 A_4 A_42 A_45 A_77 A_8
85, A_537 A_553 A_555 A_568 A_571 A_572 A_575 A_600 A_602 A_663 A_664 A_668 A_669
86, A_133 A_138 A_151 A_153 A_166 A_209
87, A_119 A_120 A_21 A_24 A_26 A_27 A_30 A_4 A_94 A_95
88,
89, A_256 A_257 A_258 A_259 A_261 A_262 A_263 A_349 A_350 A_353 A_365 A_373 A_377
90, A_11 A_170 A_231 A_239 A_3 A_5 A_6 A_63 A_64 A_7 A_8 A_9
91,
92, A_100 A_33 A_50 A_52 A_56 A_57 A_58 A_97
93, A_108 B_109 B_17 B_36 B_47 B_48 B_50 B_56 B_57 B_58 B_59 B_60 B_67 B_68 B_69 B_71
94, B_101 B_102 B_24 B_28 B_29 B_30 B_31 B_32 B_33 B_34 B_53 B_75 B_77
95,
96, A_10 A_11C A_11E A_11G A_200 A_201 A_231 A_232 A_238 A_239 A_4 A_5 A_62 A_63 A_64
97, A_143 A_195 A_198 A_199 A_202 A_203 A_206 A_233 A_234 A_236 A_238 A_239 A_240 A_67 A_70 A_71
98, C_1 C_100 C_101 C_102 C_103 C_104 C_107 C_220 C_221 C_224 C_3 C_74 C_75 C_76 C_80 C_81 C_82 C_95 C_96 C_97 C_98 C_99 D_157 D_164 D_165 D_166 D_167 D_170 D_171 D_174 D_175
99, A_118 A_119 A_121 A_122 A_125 A_126 A_308 A_356 A_357 A_358 A_85 A_89 A_93
100, A_114 A_116 A_135 A_137 A_138 A_170 B_124 B_129 B_131 B_158 B_160 B_178 B_180
101, A_1663 A_1666 A_1667 A_1670 A_1769 A_1770 A_1771 A_1787 A_1790
102, A_119 A_120 A_122 A_26 A_30 A_31 A_44 A_47 A_48 A_51
103, A_209 A_211 A_232 A_233 A_235 A_237 A_239 A_241 A_27 A_30 A_32 B_26 B_28 B_29 B_52 B_53 B_55 B_56 B_57 B_58 B_63 B_65
104, A_167 A_168 A_169 A_318 A_321 A_322 A_325 A_6 A_95 A_97
105, F_115 F_116 F_117 F_119 F_120 F_121 F_128 F_197 F_198 F_231 F_285 F_286 F_287 F_288 F_328 F_329 F_332 F_398 F_430 F_438 F_439 F_440 F_442 F_70 F_79 F_82 F_83
106, A_104 A_107 A_109 A_115 B_10 B_12 B_13 B_152 B_153 B_154 B_172 B_173 B_174 B_175 B_198 B_208 B_209 B_52 B_78 B_79 B_80 B_9
107, A_102 A_113 A_115 A_211 A_212 A_232 A_233 A_235 A_237 A_239 A_241 A_27 A_29 A_30 A_31 A_32 A_4 A_48 A_6 A_8 A_98 B_26 B_52 B_53 B_55 B_56 B_57 B_58 B_63 B_65 B_67
108, A_223 A_224 A_225 A_228 A_266 A_268 A_272 A_288 A_289
109, A_162 A_166 A_63 A_66 A_88 A_92 A_95 A_96
110, A_208 A_209 A_210 A_212 A_214 A_236 A_239 A_240 A_243
111, A_118 A_119 A_143 A_144 A_145 A_166 A_169 A_171 A_172 A_42
112,
113, M_156 M_159 M_160 M_163 M_378 M_389 M_390 M_393 M_397
114, B_226 B_228 B_250 B_251 B_252 B_253 B_265 B_267 B_269 B_280 B_282 B_293 B_294 B_307 B_308 B_335 B_336 B_338 B_366 B_368 B_370 B_371 B_372 B_379 B_380 B_381 B_384 B_389 B_390 B_392 B_417 B_418 B_419 B_420 B_421 B_423 B_424 B_427
115,
116,
117, C_12 C_15 C_28 C_35 C_50 C_52 C_57 C_68 C_75 C_90 C_99
118, A_107 A_265 A_72 A_73 B_107 B_108 B_11 B_110 B_115 B_118 B_12 B_128 B_13 B_198 B_224 B_226 B_228 B_229 B_230 B_231 B_232 B_235 B_30 B_32 B_329 B_332 B_34 B_35 B_71 B_72 B_74
119, A_172 A_191 A_193 A_199 A_202 A_203 A_206 A_288 A_290 A_293 A_325 A_327 A_328 A_342
120,
121, A_277 A_333 A_334 A_337 A_340 A_341 A_342 A_347 A_351 A_392 A_394 A_404 A_407 A_408 A_411 A_415
122, A_101 A_11 A_12 A_140 A_142 A_143 A_144 A_145 A_146 A_15 A_16 A_171 A_173 A_177 A_178 A_179 A_180 A_183 A_206 A_224 A_228 A_69 A_71 A_98 A_99 B_248 B_249 B_254
123, A_134 A_160 A_161 A_162 A_163 A_25 A_65 A_66 A_67 A_68
124,
125, A_26 A_27 A_28 A_303 A_304 A_305 A_5 A_53 A_57 A_58 A_59 A_8 A_9
126, A_169 A_170 A_171 A_172 A_194 A_223 A_226 A_227 A_230 A_508 A_525 A_526 A_527 A_530 A_531
127,
128, A_244 A_245 A_275 A_329 A_389 A_416 A_418
129, A_10 A_101 A_11 A_12 A_140 A_142 A_143 A_144 A_145 A_146 A_16 A_171 A_173 A_177 A_179 A_183 A_206 A_224 A_228 A_69 A_71 A_98 B_248 B_249 B_254
130, A_112 A_113 B_100 B_103 B_21 B_22 B_23 B_24 B_95 B_96 B_97 B_98
131, A_262 A_263 A_264 A_265 A_343 A_344 A_346 A_507 A_508 A_509 A_510 A_512 A_564 A_614 A_615 A_617 A_681 A_682
132, A_113 A_114 A_115 A_116 A_139 A_143 A_160 A_163 A_187
133, A_21 A_24 A_25 A_28 A_7 A_87 A_9
134, C_106 C_107 C_110 C_111 C_114 C_156 C_159 C_160 C_163 C_164 D_106 D_107 D_110 D_111 D_114 D_156 D_159 D_160 D_163 D_164
135, A_10 A_13 A_14 A_15 A_19 A_24 A_27 A_28 A_31 A_36 A_37 A_93 A_94 A_95 B_29 B_32 B_33 B_34
136,
137, A_374 A_377 A_378 A_381 A_382 A_384 A_389 A_392 A_406 A_417 A_418 A_419 A_524 A_554 A_556
138, A_48 A_512 A_527 A_529 A_545 A_546 A_547 A_554 A_556 A_560 A_562 A_563 A_564 A_565 A_575 A_577 A_627 A_629 A_748 A_752
139, A_248 A_251 A_33 A_38 A_39 A_40 A_41 A_507 A_508 A_509 A_58
140,
141, A_1408 A_1409 A_1412 A_1413 A_1418 A_1421 A_1456 A_1460 A_1470
142,
143, A_1 A_97 A_98 B_43 B_45 B_46 B_47 B_60 B_62
144,
145, A_109 A_110 A_111 A_112 A_113 A_114 A_116 A_130 A_131 A_133 A_136 A_138 A_139 A_140 A_141 A_144 A_82 A_83 A_84 A_85 B_180 B_181 B_182 B_183 B_218
146, B_276 B_278 B_284 B_287 B_300 B_302 B_305 B_306 B_309 B_330 B_332 B_337 B_338 B_339 B_342 B_344 B_346 B_348 B_379 B_380 B_381 B_382 B_383 B_384 B_387 B_389 B_396 B_397 B_399 B_401 B_405 B_407 B_408 B_411 B_413 B_417 B_419 B_420 B_421 B_422 B_423 B_425 B_426
147,
148, A_218 A_220 A_222 A_229 A_256 A_26 A_260 A_36 A_42 A_43
149, A_419 A_422 A_423 A_426 A_568 A_667 A_668 A_670 A_671 A_697 A_698 A_701 A_702 A_705 A_706 A_709 A_937 A_940 A_941 A_944
150, A_125 A_128 A_155 A_158 A_162 A_164 A_180 A_194 A_29 A_30 A_60 A_61 A_64 A_697
151,
152, A_337 A_340 A_341 A_344 A_429 A_432 A_433 A_463 A_465 A_468
153, A_106 A_109 A_110 A_113 A_114 A_117 A_120 A_125 A_128 A_129 A_131 A_132
154, A_352 A_353 A_356 A_376 A_380 A_383
155, B_121 B_122 B_165 B_166 B_168 B_169 B_173 B_177 B_179 B_180 B_20 B_222 B_223 B_224 B_225 B_242 B_246 B_296 B_297 B_299 B_301 B_307 B_309 B_310 B_312 B_314 B_326 B_352 B_398 B_405 B_406 B_408
156, A_126 A_128 A_198 A_228 A_32 A_34 A_35 A_37 A_69 A_70 A_71 A_72
157, A_259 A_260 A_261 A_311 A_312 A_314 A_407 A_492 A_493 A_494
158, A_10 A_11 A_16 A_161 A_162 A_164 A_166 A_167 A_180 A_181 A_198 A_199 A_201 A_229 A_234 A_237 A_242 A_243 A_244 A_269 A_271 A_40 A_55 A_88 A_90 A_91 A_92 A_93 B_101 B_102 B_131 B_77
159, P_150 P_151 Q_110 Q_114 Q_116 Q_118 Q_120 Q_122 Q_124 Q_136 Q_138 Q_140 Q_144 Q_157 Q_161 Q_162 Q_164 Q_166 Q_187 Q_188 Q_189 Q_190 Q_192 Q_193 Q_194 Q_196 Q_199 Q_201 Q_204 Q_320 Q_322 Q_323 Q_326 Q_435 Q_482 Q_483 Q_76 Q_77 Q_78 Q_80 Q_95 Q_96 Q_97
160, B_114 B_116 B_118 B_124 B_127 B_129 B_142 B_147 B_159 B_193 B_194 B_195 B_203 B_205 B_207 B_209 B_82 B_83
161, A_132 A_133 A_169 A_17 A_18 A_19 A_20 A_21 A_22 A_23 A_36 A_37 A_41 A_43 A_44 A_66
162, D_101 D_102 D_117 D_118 D_119 D_144 D_145 D_146 D_147 D_162 D_163 D_164 D_166 D_171 D_173 D_176 D_311 D_312 D_345 D_54 D_55 D_56 D_57 D_62 D_63 D_65 D_66 D_67 D_72 D_96 D_97 D_98
163, A_134 A_137 A_145 A_146 A_176 A_205 A_24 A_27 A_274 A_94
164, A_313 A_315 A_317 A_360 A_362 A_410 A_413 A_417
165, A_245 C_10 C_108 C_109 C_11 C_110 C_111 C_12 C_144 C_145 C_146 C_15 C_161 C_162 C_172 C_176 C_196 C_198 C_199 C_200 C_203 C_223 C_224 C_225 C_226 C_227 C_25 C_26 C_8 C_82 C_85 C_88
166, A_137 A_157 A_158 A_159 A_203 A_21 A_22 A_23 A_26
167, A_34 A_38 A_66 A_70 A_73 A_75 A_76 A_80 A_82
168, A_127 A_129 A_144 A_145 A_171 A_172 A_173 A_175 A_176 A_221 A_268 A_269 A_271 A_273 A_274 A_30 A_32 A_73 A_76 A_78 A_79 A_98
169, A_224 A_226 A_241 A_245 A_250 A_267 A_270 A_280 A_286 A_287 A_288 A_303
170,
171, A_366 A_367 A_368 A_369 A_418 A_419 A_420 A_465 A_466 A_467 A_512 A_513 A_514 A_559 A_560 A_561 A_606 A_607 A_608
172,
173, A_121 A_123 A_125 A_152 A_179 A_182 A_183 A_212 A_228 A_229 A_230 A_241 A_243 A_259 A_261 A_262 A_263 A_68 A_70 A_92 B_128 B_129 B_131 B_132 B_135
174,
175, A_114 A_149 A_152 A_154 A_162 A_320 A_321 A_393 A_396 A_397 A_398 A_400 A_401
176, A_11 A_170 A_231 A_232 A_236 A_239 A_242 A_4 A_5 A_6 A_62 A_63 A_64 A_7 A_8
177, A_172 A_173 A_174 A_175 A_176 A_180 A_242 A_264 A_44 A_65 A_66 A_67
178, H_22 H_27 I_103 I_104 I_105 I_106 I_122 I_123 I_124 I_125 I_130 I_137 I_138 I_139 I_140 I_142 I_146 I_4 I_53 I_54
179, A_220 A_223 A_224 A_296 A_298 A_299 A_330 A_336 A_338 A_341 A_343 A_344 A_347
180,
181, A_143 A_145 A_158 A_159 A_169 A_206 A_207
182, A_192 A_193 A_195 A_41 A_42 A_57
183, C_10 C_15 C_17 C_28 C_30 C_32 C_37 C_40 C_59 C_61 C_76 C_81
184, A_205 A_206 A_210 A_211 A_212 A_213 A_214 A_220 A_223 A_224 A_227 A_244 A_245
185, A_300 A_301 A_302 A_326 A_330 A_332 A_333 A_409 A_410 A_423 A_514 A_517
186, B_584 B_587 B_588 B_606 B_607 B_634 B_635 B_637 B_638 B_642
187, C_125 D_103 D_12 D_13 D_14 D_15 D_16 D_17 D_18 D_36 D_37 D_41 D_56 D_57 D_77 D_78 D_79 D_80 D_81 D_84 H_108
188, A_455 A_456 A_460 A_464 A_466 A_467 A_468 A_469 A_472 A_495 A_496 A_598 A_599 A_619 A_620 A_622 A_623 A_624 A_625 A_628 A_629 A_666 A_833 A_834 A_864 A_866 A_87 A_885
189, A_131 A_132 A_436 A_438 A_452 A_457 A_463 A_465 A_81 A_85
190, A_136 A_158 A_159 A_203 A_205 A_222 A_223 A_225 A_85
191, A_210 A_212 A_62 A_66 A_74 A_85
192,
193, C_108 C_109 C_110 C_132 C_133 C_135 C_136 C_138 C_140 C_250 C_64 C_66 C_68 C_71 C_79 C_85
194, A_125 A_126 A_289 A_292 A_322 A_323 A_325 A_326 A_328 A_414 A_603 A_606 A_631 A_634 A_635 A_636 A_637
195, A_539 A_549 A_553 A_554 A_557
196, D_2000 D_2003 F_1974 F_1975 F_1976 F_2024 F_2052 F_2055 F_2084 F_2085 F_2086 F_2145 F_2146 F_2148 F_2184 F_2185
197, A_143 A_147 A_150 A_151 A_154 A_174 A_175 A_178 A_179 A_182 A_210 A_211 A_214 A_218 A_221 A_230 A_231 A_232 A_233 A_236 A_238 A_38 A_39 A_40 A_43 A_44 A_47 A_69 A_73 A_76 A_77 A_80 A_81 A_84 A_86 A_88 A_89 A_90
198, A_752 A_760 A_777 A_779 A_784 A_787 A_813 A_825 A_826 A_827 A_828 A_831 A_832 A_833 A_897 A_900 A_908 A_910 A_911
199,
200, A_-1 A_-2 A_-8 A_-9 A_1 A_2
201, A_256 A_258 A_259 A_260 A_279 A_280 A_281 A_282 A_284 A_341 A_342 A_355 A_357 A_358 A_359 B_279 B_281
202, A_1 A_1C A_1D B_121 B_123 B_235 B_239 B_242 B_243 B_247 B_47 B_48 B_49 B_51
203, A_135 A_137 A_279 B_16 B_177 B_18 B_194 B_195 B_196 B_197 B_220 B_222 B_233 B_236 B_237 B_240 B_60 B_61 B_65 B_67 B_69 B_92 B_93 B_94 B_95 B_96
204, A_382 A_402 A_416 A_420 A_494 A_498 A_512 A_514 A_515
205, D_208 D_211 D_212 D_215 D_217 D_240 D_242 D_245 D_246 D_247 D_26 D_29 D_30 D_61 D_62 D_63
206, A_123 B_105 B_107 B_108 B_114 B_18 B_19 B_22 B_29 B_41 B_42 B_43 B_44 B_45 B_51 B_53 B_99
207, A_178 A_179 B_144 B_145 B_146 B_149 B_150 B_195 B_197 B_198 B_199 B_202 B_218 B_219 B_220 B_221 B_224 B_225 B_228 B_229 B_23 B_232 B_233 B_24 B_259 B_261 B_314 B_315 B_60 B_61 B_64 B_81 B_82 B_85
208, A_1006 A_1009 A_1010 A_1013 A_520 A_524 A_637 A_736 A_737 A_740 A_741 A_770 A_771 A_774 A_775 A_778 A_972
209, D_10 D_108 D_11 D_110 D_111 D_12 D_144 D_145 D_146 D_15 D_161 D_162 D_172 D_173 D_174 D_176 D_196 D_198 D_199 D_200 D_223 D_224 D_225 D_226 D_227 D_25 D_26 D_8 D_82 D_85 D_87 D_88
210, A_104 A_120 A_121 A_122 A_123 A_43 A_44 A_45 A_66 A_83 A_85
211, C_1156 C_1157 C_1183 C_1185 C_1188 C_12 C_14 C_18 C_20 C_22 C_23 C_24 C_578 C_656 C_657 C_658 C_702 C_703 C_704 C_707
212, B_179 B_288 B_291 B_292 B_37 B_40 B_41 B_42 B_44 B_45 B_74 B_78 B_80
213, A_217 A_218 A_219 A_220 A_222 A_364 A_365 A_367 A_369 A_400 A_422 A_70 A_71
214, A_336 A_339 A_397 A_399 A_410 A_411 A_461 A_463
215, A_291 A_292 A_293 A_294 A_298 A_300 A_304 A_308 A_444 A_447 A_448 A_451 A_452 A_454
216, A_128 A_131 A_132 A_157 A_160 A_161 A_164 A_216 A_219 A_93
217, A_250 A_251 A_252 A_43 A_50 A_52 A_60 A_62 A_74 A_76
218, B_102 B_103 B_106 B_71 B_72 B_74 B_84 B_87 B_88 B_91 B_99
219,
220, A_168 A_169 A_170 A_171 A_173 A_174 A_178 B_102 B_125 B_128 B_129 B_95 B_98 B_99
221, A_374 A_377 A_378 A_381 A_382 A_384 A_385 A_386 A_389 A_392 A_406 A_417 A_418 A_419 A_524 A_554 A_556
222, A_252 A_253 A_256 A_259 A_262 A_263 A_264 A_265 A_266 A_267 A_268 A_302 A_322 A_323 A_325 A_329 A_333 A_344 A_347 A_348 A_351 A_356 A_362 A_387 A_388 A_389 A_392 A_440 A_442 A_443
223,
224, A_265 A_268 A_269 A_271 A_272 A_275 A_276 A_305 A_306 A_309 A_313 A_316 A_324 A_326 A_327 A_328 A_330 A_332 A_433 A_437 A_438 A_439 A_441 A_442 A_444 A_447 A_450 C_265 C_268 C_269 C_272 C_275 C_276 C_302 C_305 C_306 C_309 C_432 C_433 C_436 C_437 C_438 C_439 C_442 C_447
225, A_126 A_127 A_428 A_429 A_443 A_448 A_454 A_455 A_456 A_77 A_81
226,
227, A_133 A_138 A_151 A_153 A_166 A_209
228, C_101 C_114 C_117 C_50 C_51 C_56 C_77 C_78 C_79 C_85 C_87 C_96 C_99
229, A_174 A_175 A_178 A_391 A_392 A_395
230, A_102 A_169 A_73 A_76 A_77 A_81
231,
232, A_129 A_132 A_162 A_163 A_165 A_178 A_180 A_181 A_210 A_230
233, A_13 A_147 A_149 A_150 A_154 A_204 A_206 A_226 A_71 A_72 A_76 A_82
234,
235, A_934 A_937 A_938 A_962 A_963 A_965 A_971 A_974 A_975
236, H_172 H_175 H_176 H_179 H_181 H_182 H_183 H_184 H_185 H_19 H_218 H_26 H_28 H_29 Y_175 Y_176 Y_179 Y_18 Y_181 Y_182 Y_183 Y_184 Y_185 Y_187 Y_188 Y_19 Y_26 Y_28 Y_29
237, A_126 A_205 A_207 A_210 A_223 A_225 A_226 A_243 A_91 A_92
238, A_12 A_13 A_14 A_51 A_56 A_57 A_58 A_61 A_88 A_91 B_33
239, B_166 B_168 B_197 B_198 B_200 B_203 B_213 B_215 B_216 B_272
240, B_100 B_126 B_130 B_134 B_137 B_138 B_141 B_142 B_163 B_164 B_167 B_168 B_195 B_70 B_74 B_77 B_93 B_96 B_97
241,
242, A_147 A_148 A_177 A_180 A_181 A_246 A_247
243, A_559 A_616 A_648 A_649 A_650 A_651 A_654 A_655 A_681 A_688 A_689
244, A_188 A_189 A_196 A_201 A_203 A_342 A_345 A_368 A_371 A_372 A_380 A_381 A_382
245, B_486 B_488 B_489 B_490 B_491 B_492 B_494 B_532 B_534 B_535 B_537 B_538 B_578 B_579 B_580 B_581 B_582 B_620 B_621 B_622 B_623 B_624 B_636 B_661 B_662 B_663 B_664 B_665 B_667 B_677 B_700 B_702 B_703 B_704 B_705 B_706 B_708 B_718 B_741 B_743 B_744 B_745 B_746 B_747 B_749
246, A_313 A_314 A_317 A_322 A_323 A_377 A_382 A_383 A_384 A_402 A_404
247, A_173 A_174 A_175 A_180 A_266 A_267 A_43 A_65 A_67
248, H_137 H_162 H_163 H_164 H_166 H_181 H_183 L_117 L_119 L_138 L_140 L_141 L_170 L_172
249, A_130 A_133 A_134 A_170 A_171 A_206 A_207 A_234 A_238 A_239 A_240
250,
251, C_345 C_379 C_382 C_383 C_386 C_403 C_404 C_407 C_430 C_434 C_487 C_488 C_490 C_491 C_509 C_510 C_511 C_513 C_517 C_520 C_521 C_524 C_525 C_551 C_553
252, A_280 A_319 A_321 A_353 A_354 A_355 A_356 A_383 A_387 A_388 A_389 A_392 A_483
253, A_11 A_13 A_216 A_237 A_239 A_240 A_241 A_243 A_245 A_31 A_33 A_34 A_36 B_26 B_28 B_29 B_52 B_53 B_56 B_57 B_58 B_62 B_63 B_65
254, A_1007 A_1044 A_1047 A_1073 A_1083 A_1085 A_965
255,
256, A_228 A_231 A_249 A_250 A_253 A_254 A_263 A_266 A_267 A_270
257, A_160 A_163 A_169 A_170 A_171 A_217 A_218 A_219
258, A_204 A_205 A_206 A_235 A_236 A_260 A_261 A_263 A_266 A_294 A_295 A_298
259, C_101 C_104 C_21 C_22 C_23 C_24 C_45 C_96 C_97 C_99 D_113 D_114
260,
261, B_10 B_11 B_113 B_114 B_14 B_182 B_183 B_186 B_20 B_204 B_207 B_21 B_59 B_7 B_8 B_86 B_89 B_9 B_97
262,
263, A_104 A_105 A_130 A_132 A_167 A_170 A_216 A_235 A_236 A_237 A_238 A_244 A_272 A_70
264, A_113 A_136 A_137 A_166 A_168 A_169 B_135 B_159 B_160 B_162 B_180
265, D_300 D_304 D_309 D_311 D_312 D_314 D_315 D_319 D_324 D_326 D_327 D_328 D_333 D_334 D_365 D_366 D_367 D_370 D_371 D_391 D_392 D_393 D_394 D_419 D_420 D_435 D_436 D_437 D_438 D_439 D_443 D_444 D_449 D_503 D_577 D_578 D_579 D_580
266, B_111 B_114 B_120 B_125 B_127 B_143 B_145 B_146 B_147 B_170 B_172 B_96
267, A_804 A_808 A_876 A_879 A_880 A_932 A_935 A_936 A_939 A_943 A_971 A_974 A_976 A_978
268, B_293 B_294 B_298 B_306 B_310 B_311 B_312 B_313 B_507 B_513 B_514 B_515
269, A_182 A_185 A_188 A_199 A_203 A_290 A_293 A_294 A_297 A_298 A_306 C_297
270,
271, A_350 A_351 A_352 A_394 A_395 A_407 A_413 A_415 A_419 A_470 A_472
272, A_130 A_45 A_75 A_76 A_79 A_80 A_81 A_82 A_91
273, A_318 A_319 A_343 A_345 A_348 A_361 A_362 A_363 A_364 A_707 A_728 A_731 A_735
274, A_10 A_11 A_13 A_14 A_218 A_219 A_220 A_221 A_324 A_328 A_9
275, B_121 B_122 B_165 B_166 B_168 B_169 B_173 B_177 B_179 B_180 B_222 B_223 B_224 B_242 B_246 B_296 B_297 B_299 B_301 B_307 B_308 B_309 B_310 B_312 B_314 B_324 B_326 B_352 B_398 B_405 B_406 B_407 B_408
276, H_1 H_128 H_129 H_21 H_46 H_47 H_97 Z_33
277, A_195 A_196 A_197 A_311 A_313 A_329 A_331 A_332
278, A_191 A_192 A_193 A_194 A_238 A_239 A_241 A_244 A_335 A_372 A_373 A_376 A_377 A_380 A_381 A_401 A_403 A_404 A_406 A_407 A_410 A_418 A_422 A_428 A_429 A_432 A_433 A_484 A_485 A_486 A_488 A_489 A_491 A_495 A_530 A_531
279,
280, A_594 A_597 A_598 A_601 A_603 A_605 A_606 A_613 A_615 A_631 A_633 A_635 A_645 A_646 A_680
281, A_11 A_170 A_231 A_239 A_4 A_5 A_6 A_62 A_63 A_64 A_7 A_8
282, A_110 A_152 A_154 A_159 A_165 A_167 A_175 A_177 A_61 A_62 A_64 A_66 A_68 A_69 A_70 A_73 A_74 A_77 A_78 A_81
283,
284, B_102 B_139 B_141 B_146 B_191 B_47 B_53 B_54 B_74 B_76 B_98 B_99 C_112 C_113 C_114 C_162 C_163 C_164 C_191 C_192 C_193 C_194 C_195 C_198 C_220 C_222 C_224 C_225 C_226 C_287 C_84 C_85 C_87
285, A_11 A_170 A_231 A_239 A_242 A_4 A_5 A_6 A_63 A_64 A_7 A_8
286, A_143 A_144 A_145 A_173 A_192 A_194 A_196 A_197 A_198 A_199 A_200 A_201 A_203 A_234 A_235 A_236 A_237 A_238 A_255 A_257 A_258 A_281 A_283 A_284 A_285 A_318 A_68 A_69 A_70 A_93 D_347
287, A_103 A_105 A_113 A_118 A_119 A_124 A_127 A_128 A_131 A_55
288, A_100 A_101 A_103 A_111 A_121 A_123 A_94 A_96 A_97
289, B_126 B_127 B_128 B_138 B_142 B_144 B_146 B_150 B_154 B_155 B_156 B_157 B_158 B_172 B_241 B_242 B_245
290, A_242 A_248 A_275 A_310 A_318 A_319 A_321 A_323 A_358 A_360 A_400 A_414
291, B_190 B_194 B_195 B_233 B_236 B_237 B_240 B_310 B_311 B_340 B_341 B_347 B_348 B_350 B_352 B_355
292, A_17 A_21 A_29 A_33 A_34 A_35 A_38 A_40 A_57
293, A_381 A_383 A_384 A_385 A_386 A_387 A_430 A_431 A_432 A_433 A_434 A_436 A_474 A_475 A_476 A_477 A_478 A_540 A_541 A_542 A_543 A_544 A_545 A_546 A_580 A_582 A_583 A_584 A_585 A_586 A_605 A_641 A_643 A_644 A_645 A_646 A_647 A_649 A_660 A_686 A_687 A_688 A_689 A_690 A_692
294, H_46 H_47 H_59 H_60 H_61 H_64 I_92 I_95 I_95A I_95B I_96 I_97
295, A_1158 A_1161 A_1162 A_1165 A_1182 A_1185 A_1186
296, A_157 A_158 A_159 A_189 A_190 A_191 A_244 A_245 A_246 A_28 A_29 A_32
297, A_115 A_211 A_212 A_232 A_233 A_235 A_237 A_239 A_241 A_27 A_29 A_30 A_32 A_6 A_8 A_98 B_46 B_48 B_72 B_73 B_76 B_77 B_78 B_83 B_85 B_87
298, A_105 A_113 A_118 A_119 A_124 A_128 A_48 A_49 A_55
299, A_106 A_379 A_41 A_42 A_43 A_44 A_46 A_464 A_466 A_469 A_470 A_471 A_500 A_502 A_65 A_66 A_67 A_68 A_69 A_70
300, A_483 A_487 A_525 A_550 A_558 A_559 A_560 A_563 A_589 A_595 A_596 A_597 A_603
301,
302, B_117 B_120 B_121 B_124 B_125 B_127 B_128 B_165 B_166 B_169 B_172 B_173 B_217 B_220 B_41 B_42 B_45 B_49 B_56
303, A_1125 A_1126 A_1127 A_1167 A_1249 A_1253 A_1254 A_1270 A_1272 A_1273 A_1275 A_1276
304, A_146 A_182 A_184 A_223 A_224 A_227
305, A_11 A_170 A_231 A_239 A_4 A_5 A_6 A_63 A_64 A_7 A_8
306, A_100 A_103 A_104 A_144 A_145 A_148 A_198 A_201 A_202 A_205 A_209
307, A_129 A_130 A_133 A_28 A_32 A_33 A_46 A_49 A_50 A_53
308, A_117 A_158 A_159 A_167 A_168 A_17 A_19 A_195 A_197 A_20 A_223 A_224 A_225 A_227 A_27 A_290 A_291 A_293 A_323 B_104 B_106 B_81 B_83 B_90 B_91
309, B_177 B_181 B_183 B_191 B_192 B_193 B_194 B_199 B_200 B_202 B_204 B_205 B_207 B_215 B_217 B_227 B_229 B_230 B_231 B_261 B_292 B_294 B_295 B_332 B_338 B_347 B_348 B_349 B_360 B_362 B_366
310,
311, A_112 A_114 A_130 A_150 A_55 A_64 A_65 A_85
312, A_142 A_145 A_148 A_377 A_380 A_381 A_387 A_406 A_409 A_410 A_413 A_417 A_506 A_510 A_514
313, A_148 A_178 A_180 A_187 A_188 A_189 A_197 A_198 A_201 A_205 A_206 A_209
314, A_297 A_301 A_303 A_321 A_407 A_410 A_411 A_412 A_413 A_415 A_416 A_417 A_492 A_505 A_66 A_69 A_70
315, A_209 A_224 A_225 A_234 A_326 A_434 A_435 A_436 A_437 A_438 A_440 A_448 A_449 A_452 A_453 A_456 A_496 A_90 A_91 A_92 A_93 A_94
316, H_172 H_175 H_176 H_179 H_181 H_183 H_184 H_185 H_19 H_26 H_28 H_29 Y_175 Y_176 Y_178 Y_179 Y_18 Y_181 Y_182 Y_183 Y_184 Y_185 Y_187 Y_188 Y_19 Y_26 Y_29
317, A_106 A_133 A_140 A_162 A_189 A_190 A_195 A_196 A_227 A_229 A_231 A_248 A_249 A_274 A_275 A_278 A_321 A_323 A_63 A_65 A_73
318,
319, A_104 A_105 A_106 A_107 A_109 A_110 A_113 A_161 A_165 A_184 A_185 A_187 A_227 A_228 A_230 A_231 A_297 A_298 A_299 A_300 A_301 A_345 A_371 A_376 A_80 A_81 A_83 A_85
320, B_102 B_139 B_141 B_142 B_146 B_191 B_46 B_53 B_54 B_74 B_76 B_98 B_99 C_112 C_113 C_114 C_146 C_149 C_162 C_164 C_192 C_193 C_194 C_195 C_198 C_220 C_222 C_224 C_225 C_226 C_291 C_292 C_293 C_294 C_295 C_84 C_85 C_87
321, B_56 B_57 B_60 B_64 B_67 I_108 I_109 I_110 I_111 I_148 I_149 I_150 I_151 I_177 I_179 I_183 I_184 I_185 J_129 J_130 J_131 J_132 J_133 J_134 J_137 J_82 J_83 J_85 J_86 J_87 J_89 J_90 J_92
322, A_195 A_198 A_199 A_298 A_299 A_302 A_304
323, A_162 A_165 A_166 A_167 A_180 A_181 A_556 A_559 A_560 A_561 A_567 A_569 A_571
324,
325, A_106 A_109 A_110 A_113 A_122 A_125 A_126 A_222 A_84
326, A_465 A_467 A_484 A_507 A_509 A_526 A_550 A_551 A_568 A_593 A_594 A_595
327, A_182 A_185 A_188 A_199 A_290 A_293 A_294 A_297 A_298 A_306 C_297
328,
329, B_100 B_101 B_104 B_105 B_108 B_112 B_115 B_117 B_118 B_121 B_130 B_133 B_134 B_141 B_142 B_145 B_149 B_153 B_172 B_173 B_176 B_177 B_180 B_71 B_74 B_75 B_78 B_79 B_82 B_83 B_85 B_86 B_90
330, A_10 A_11 A_12 A_13 A_14 A_15 A_16 A_37 A_39 A_53 A_55 A_56 A_9
331, A_219 A_222 A_384
332, A_112 A_261 A_263 A_303 A_310 A_323 A_326 A_327 A_331 A_92 A_94 A_95
333, A_156 A_158 A_160 A_161 A_175 A_177 A_178 A_48 A_49 A_50 A_51 A_68 A_70 A_73 A_77 A_81
334, A_137 A_143 A_161 A_162 A_184 A_19 A_20 A_23 A_25
335, E_13 E_144 E_147 E_15 E_164 E_168 E_169 E_172 E_174 E_19
336, A_105 A_113 A_118 A_119 A_124 A_127 A_128 A_48 A_49 A_55
337, A_124 A_125 A_126 A_137 A_139 A_140 A_143 A_190 A_316 A_317 A_319B
338, A_122 A_124 A_125 A_140 A_142 A_158 A_159 A_160 A_161 A_190 A_191 A_73 A_74 B_116 B_118 B_134 B_136 B_137 B_152 B_154 B_155 B_156 B_170 B_171 B_172 B_173 B_174 B_188
339, A_149 A_16 A_18 A_391 A_392 A_393 A_396 A_397 A_398 A_399 A_40 A_400 A_415 A_423 B_184 B_185 B_188 B_189 B_191 B_193 B_196 B_197 B_219 B_240 B_241 B_242 B_244 B_246 B_247 B_273 B_275 B_304 B_305 B_307 B_309 B_311 B_313 B_346 B_349 B_350 B_351 B_353 B_354 B_355 B_356 B_357 B_376 B_377 B_378 B_379 B_383 B_384 B_385 B_389
340, A_487 A_490 A_491 A_492 A_519 A_521 A_523 A_524 A_525 A_527 A_529 A_557 A_560 A_562 A_564 A_672 A_673 A_677 A_678 A_679 A_680 A_825 A_826 A_828 B_576
341, A_13 A_17 A_24 A_26 A_27 A_28 A_33 A_36 A_37 A_40 A_401 A_402 A_63 A_65 A_83 A_84
342, A_116 A_118 A_129 A_38 A_56 A_59 A_71 A_84 A_86
343, A_268 A_340 A_341 A_344 A_557 A_561
344, A_135 A_137 A_146 A_148 A_212 A_237 A_240 A_241 A_246 A_248
345, A_146 A_148 A_192 A_194 A_211 A_238 A_364 A_365 A_414 A_97
346, A_108 A_109 A_112 A_140 A_143 A_17 A_18 A_189 A_191 A_194 A_222 A_224 A_225 A_228 A_255 A_257 A_259 A_261 A_263 A_266 A_326 A_359 A_360 A_37 A_38 A_386 A_40 B_292 B_296 B_70
347, E_121 E_122 E_14 E_161 E_52 E_69 E_70 E_77
348, A_189 A_191 A_194 A_210 A_212 A_214 A_218 A_220
349,
350, A_1131 A_1140 A_1142 A_1157 A_1223 A_1225 A_1226
351, A_136 A_137 A_138 A_140 A_23 A_38 A_389 A_39 A_390 A_393 A_394 A_40 A_408 A_409 A_411
352, A_116 A_119 A_120 A_123 A_124 A_147 A_150 A_151 A_154 A_65
353, A_25 A_29 A_37 A_392 A_393 A_45 A_47 A_49 A_51 A_52 A_59
354, B_159 B_160 B_201 B_204 B_206 B_207 B_208 B_209 B_210 B_229 B_230 B_271 B_272 B_273 B_318 B_319 B_321 B_332 B_336 B_339 B_340 B_343 B_355 B_356 B_357 B_369 B_372 B_376
355, A_109 A_110 A_113 A_119 A_162 A_163 A_165 A_167
356, A_110 A_111 A_112 A_113 A_3 A_4 A_5 C_147 C_148 C_149 C_32 C_92 C_93 C_94 C_95 D_31 D_32
357, A_102 A_113 A_211 A_232 A_233 A_235 A_237 A_239 A_241 A_27 A_29 A_30 A_32 A_4 A_48 A_6 A_8 A_98 B_26 B_28 B_29 B_52 B_53 B_55 B_56 B_57 B_58 B_59 B_6 B_61 B_63 B_65 B_67
358, A_100 A_101 A_102 A_108 A_110 A_99
359,
360, A_280 A_315 A_403 A_404 A_407 A_408 A_409 A_410 A_411 A_412
361, A_106 A_108 A_109 A_110 A_117 A_119 A_121 A_13 A_15 A_17 A_24 A_54 C_106 C_108 C_109 C_110 C_117 C_119 C_121 C_13 C_15 C_17 C_24 C_54
362, A_130 A_133 A_134 A_170 A_171 A_207 A_234 A_238 A_239 A_240
363, B_290 B_293 B_294 B_306 B_310 B_312 B_313 B_507 B_514 B_515
364, A_1988 A_1989 A_2077 A_2078 A_2079 A_2080 A_2106 A_2107 A_2108 A_2122 A_2124 A_2131 A_2132 A_2135 A_2165 A_2166 A_2168 A_2169 A_2170 A_2174 B_1988 B_1989 B_2077 B_2078 B_2079 B_2106 B_2108 B_2122 B_2124 B_2131 B_2132 B_2165 B_2166 B_2168 B_2169 B_2170 B_2174
365, A_160 A_163 B_120 B_138 B_140 B_142 B_147 B_30 B_31 B_33 B_38 B_41 B_42 B_45 B_52 B_53 B_62 B_64 B_70 B_73 B_74 B_76 B_77 B_81 B_84 B_86
366, B_110 B_113 B_114 B_117 B_118 B_121 B_37 B_39 B_40 B_43 B_47 E_20 E_21 E_318 F_1 F_105 F_108 F_109 F_2 F_4 F_7 F_8 F_9
367, A_207 A_209 A_210 A_232 A_233 A_256 A_257 A_258 A_279 A_281 A_309 A_391 A_395 A_80 A_82 A_84 A_85 D_177 D_199 D_200 D_222 D_223
368, A_139 A_140 A_141 A_191 A_194 A_195 A_337 A_347 A_349 A_350 A_351
369, A_152 A_176 A_177 A_179 A_181 A_243 A_246 A_247 A_251 A_252 A_253 A_294 A_295 A_296 A_84 A_85
370, A_227 A_259 A_262 A_263 A_266 A_56 A_63 A_64 A_91 A_92 A_93
371, A_120 A_122 A_177 A_423 A_44 A_45 A_451 A_453 A_457 A_459 A_461 A_462 A_47 A_48
372, A_272 A_275 A_279 A_280 A_306 A_351 A_354 B_272 B_275 B_279 B_280 B_282 B_307 B_347 B_350 B_351 B_354
373, A_105 A_106 A_107 A_191 A_195 A_198 A_199 A_205 A_206 A_210 A_238 A_239 A_241 A_243 A_244 A_247 A_248 B_112 B_122 B_123 B_145 B_151 B_154 B_207 B_208 B_209 B_210 B_211 B_212 B_213
374, A_366 A_367 A_368 A_369 A_416 A_417 A_418 A_419 A_420 A_465 A_466 A_467 A_512 A_513 A_514 A_559 A_560 A_561 A_606 A_607 A_608
375, A_119 A_120B A_139 A_140 A_141 A_156 A_157 A_19 A_29
376,
377, C_217 C_252 C_253 C_66 C_68 C_81 C_84
378,
379, A_42 A_68 A_69 A_71 A_73 B_178 B_180 B_181 B_182 B_6 B_7 B_8 B_9
380, A_104 A_107 A_109 A_110 A_138 A_139 A_145 A_147 A_153 A_169 A_171 A_179 A_181 A_184 A_185 A_186 A_188 A_221 A_223 A_225 A_227 A_229 A_230 A_232 A_233 A_236 A_237 A_240
381, A_136 A_137 A_167 A_91 A_96
382, A_189 B_163 B_166 B_167 B_193 B_194 B_196 B_229 B_230 B_233 B_258 B_262 B_267 B_271 B_274 B_275
383, A_180 A_181 A_184 A_264 A_265 A_281 A_284 A_285 A_458 A_459 A_460 A_473 A_474
384, A_213 A_214 A_215 A_29 B_157 B_283 B_284 B_29 B_30 B_31 B_32 B_33 B_34 B_354 B_356 B_358 B_359 B_360 B_369 B_56 B_58 B_61
385, A_102 A_113 A_211 A_232 A_233 A_235 A_237 A_239 A_241 A_27 A_29 A_30 A_31 A_32 A_4 A_48 A_6 A_8 A_98 C_26 C_51 C_52 C_53 C_56 C_57 C_58 C_63 C_65 C_67
386,
387, A_61 A_63 A_64
388, A_100 A_117 A_284 A_331 A_347 A_350 A_351 A_97 A_99
389, A_620 A_629 A_632 A_667 A_668 A_671 A_676
390, A_109 A_111 A_118 A_119 A_121 A_65 A_67 A_69 A_71
391,
392, A_150 A_155 A_157 A_158 A_160 A_166 A_167 A_168 A_179 A_180 A_181 A_182 A_2 A_230 A_73
393, A_116 A_118 A_129 A_38 A_40 A_56 A_59 A_71 A_84 A_86
394, A_367 A_368 A_369 A_418 A_419 A_420 A_465 A_466 A_467 A_559 A_560 A_606 A_607 A_608
395, B_116 B_157 B_159 B_164 B_165 B_166 B_169 B_171 B_201 B_203 B_204 B_207 B_209 B_230 B_233 B_236 B_237 B_238 B_276 B_278 B_287 B_288 B_290 B_292 B_294 B_295 B_296 B_338 B_382 B_384 B_437 B_438 B_441 B_82 B_83 B_87
396, C_132 C_135 C_136 C_137 C_139 C_156 C_157 C_41 C_42 C_43 C_57 C_58
397, A_404 A_406 A_430 A_431 A_507 A_509 A_532 A_533 A_534 A_535 B_258 B_259 B_421 B_422 B_424 B_425 B_426
398, A_412 A_413 A_414 A_490 A_491 A_493 A_533 A_534 A_535 A_538 A_540
399, B_110 B_127 B_128 B_129 B_130 B_131 B_132 B_133 B_135 B_136 B_65 B_66 B_67 B_88
400,
401, B_1032 B_1036 B_1037 B_1039 B_1103 B_1105 B_1107 B_1108 B_1109 B_1110 B_1199 B_1204 B_1205 B_1206 B_1217 B_1218 B_1219
402, A_11 A_170 A_231 A_239 A_242 A_4 A_5 A_6 A_63 A_64 A_7 A_8
403, A_104 A_107 A_108 A_37 A_50 A_51 A_52 A_55 A_57 A_59
404, A_103 A_105 A_107 A_123 A_126 A_127 A_370 A_371 A_4 A_5 A_57 A_58 A_8 A_817 A_820 A_821 A_857 A_858 A_859 A_860
405, C_101 C_50 C_51 C_56 C_76 C_77 C_78 C_79 C_85 C_87 C_96 C_99
406, A_16 A_20 A_24 A_38 A_41 A_42 A_80 A_81 A_82 A_84
407, A_498 A_499 A_500 A_501 A_502 A_504 A_531 A_534 A_541 A_542 A_543 A_545 A_548 A_551 A_552 A_553 A_586 A_617 A_618 A_621 A_623 A_624
408, A_149 A_16 A_18 A_392 A_393 A_396 A_398 A_399 A_40 A_400 A_401 A_415 A_423 A_91 A_92 B_185 B_188 B_189 B_191 B_193 B_196 B_197 B_219 B_240 B_241 B_242 B_244 B_245 B_246 B_247 B_248 B_273 B_275 B_304 B_307 B_309 B_311 B_313 B_346 B_349 B_351 B_353 B_354 B_355 B_356 B_357 B_376 B_377 B_378 B_379 B_383 B_384 B_385 B_389
409,
410, A_103 A_105 A_113 A_118 A_119 A_124 A_128 A_48 A_55
411, A_143 A_212 A_213 A_394 A_396 A_397 A_425 A_426 A_428 A_430
412, A_1110 A_1127 A_1130 A_1131 A_1134 A_1139 A_1157 A_1195 A_1200 A_1202 A_1220 A_1221 A_1222
413, A_108 A_146 A_148 A_184 A_185 A_211 A_215 A_216 A_217
414, A_128 A_152 A_155 A_157 A_159 A_197 A_209
415, A_11 A_170 A_231 A_239 A_242 A_4 A_5 A_6 A_63 A_64 A_7 A_8
416, A_244 A_245 A_248 A_365 A_488 A_492 A_495
417, A_108 A_111 A_112 A_115 A_116 A_74 A_75 A_77 A_84
418, A_113 A_115 A_211 A_232 A_233 A_235 A_237 A_239 A_240 A_241 A_27 A_29 A_30 A_32 A_48 A_6 A_8 A_98 B_26 B_52 B_53 B_55 B_56 B_57 B_58 B_63 B_65 B_67
419, A_465 A_467 A_484 A_507 A_509 A_526 A_550 A_551 A_568 A_593 A_594 A_595
420, A_265 A_269 A_270 A_273 A_295 A_297 A_391 A_414 A_429
421, A_348 A_351 A_352 A_355 A_356 A_378 A_379 A_380 A_504 A_507 A_508 A_536 A_537 A_540 A_544 A_565 A_568 A_569 A_572 A_573 A_606
422, A_11 A_170 A_2 A_231 A_232 A_239 A_3 A_5 A_6 A_63 A_64 A_7 A_8
423, A_10 A_11 A_155 A_156 A_157 A_158 A_159 A_160 A_161 A_303 A_304 A_307 A_308 A_309 A_339 A_359 A_360 A_361 A_8 A_9
424, A_420 A_423 A_447 A_463 A_466 A_467 A_469
425, A_1126 A_1127 A_1150 A_1151 A_1152 A_1160 A_1163 A_1164 A_1167 A_1249 A_1254 A_1270 A_1272 A_1273 A_1275 A_1276 A_1290
426, X_100 X_104 X_122 X_48 X_75 X_77 X_78 X_80 X_82 X_93 X_94 X_95 X_96 X_97
427, H_169 H_170B H_170C H_170E H_170H H_170I H_176 H_215 H_216 H_217 H_224 H_225 H_227
428, A_141 A_146 A_147 A_148 A_166 A_167 A_168 A_70 A_71 A_74 A_75 A_78 A_83 A_84
429,
430, A_152 A_282 A_286 A_289 A_72 A_76 A_79 A_83
431, B_103 B_104 B_105 B_107 B_111 B_112 B_161 B_162 B_163 B_169 B_45 B_46 B_47 B_48 B_71 B_72 B_73
432, A_122 A_246 A_247 A_248 A_249 A_79 A_80 A_82
433, B_268 B_269 B_272 B_275 B_306 B_309 B_310 B_313 B_316 B_326 B_342 B_345 B_346 B_349 B_431 B_435 B_450
434, B_140 B_141 B_142 B_143 B_144 B_145 B_163 B_164 B_165 B_166 B_189 B_24 B_25 B_26 B_27 B_41 B_49
435, A_38 A_41 A_42 B_105 B_106 B_108 B_149 B_39 B_41 B_42 B_89 B_91
436, A_229 A_231 A_247 A_248 A_300 A_302 A_316 A_318 A_332 A_334 A_342 A_343 A_344 A_346 A_361 A_364 A_366 A_367 A_370 A_373 A_374 A_377 A_390 A_393 A_395 A_415
437, A_228 A_229 A_230 A_236 A_239 A_265 A_266 B_157 B_161 B_89 B_90 B_91
438, A_217 A_218 A_219 A_220 A_221 A_222 A_364 A_365 A_368 A_369 A_370 A_400 A_422 A_70 A_71 A_72
439, A_298 A_301 A_304 A_305 A_335 A_336 A_338 D_298 D_301 D_304 D_305 D_308 D_335 D_336 D_338 D_345
440, A_131B A_162 A_163 A_165 A_168 A_181 A_182 A_230
441, A_141 A_160 A_162 A_168 A_282 A_283 A_446 A_556 A_557 A_558 A_559 A_96 A_97
442, A_383 A_397 A_399 A_404 A_425 A_484 A_485 A_486 A_487 A_67 A_683 A_684 A_686 A_689 A_692 A_693 A_71 A_73 A_74 A_75 A_76 A_77 A_91 A_96 A_97 A_98
443, A_298 A_302 A_306 A_360 A_361 A_362 A_363 B_298 B_302 B_306 B_310 B_360 B_361 B_362 B_363 B_364 B_377
444, A_223 A_224 A_225 A_228 A_266 A_267 A_268 A_272 A_288 A_289
445, A_103 A_104 A_107 A_386 A_387 A_388 A_389 A_390 A_392 A_393 A_79
446, A_100 A_117 A_331 A_350 A_351 A_97 A_99
447, A_103 A_105 A_107 A_123 A_126 A_127 A_370 A_371 A_372 A_4 A_5 A_55 A_57 A_58 A_6 A_8 A_817 A_820 A_821 A_857 A_858 A_859 A_860
448, A_140 A_141 A_143 A_144 A_145 A_146 A_149 A_174 A_176 A_238 A_239 A_282 A_284 A_323 A_342
449, A_49 A_53 A_56 A_70 A_81 A_82 A_85 A_87 A_94
450, A_107 A_108 A_110 A_111 A_112 A_113 A_118 A_232 A_233 A_26 A_265
451, A_305 A_306 A_309 A_432 A_435 A_436 A_456 A_457
452, A_105 A_180 A_181 A_182 A_183 A_234 A_235 A_236 A_285 A_286 A_345 A_346 A_347 A_348 A_349 A_41 A_42 A_43
453,
454, A_160 A_162 A_163 A_177 A_178 A_179 A_182 B_10 B_101 B_102 B_103 B_105 B_106 B_109 B_11 B_125 B_127 B_128 B_129 B_13 B_131 B_140 B_145 B_214 B_215 B_216 B_217 B_232 B_235 B_236 B_25 B_27 B_6 B_62 B_8 B_9 B_96
455, A_1002 A_1003 A_1007 A_1008 A_1021 A_1023 A_1024 A_1026 A_1039 A_1042 A_882 A_883 A_884 A_885 A_886 A_887 A_888 A_889 A_908 A_910 A_918 A_921 A_925
456, A_162 A_188 A_190 A_350 A_354 A_355 A_356
457, B_104 B_107 B_108 B_111 B_114 B_21 B_22 B_24 B_245 B_246 B_249 B_25 B_253 B_254 B_256 B_259 B_26 B_29 B_30 B_319 B_320 B_324 B_34 B_355 B_359 B_400 B_401 B_404 B_408 B_409 B_413 B_463 B_467
458, A_211 A_212 A_232 A_233 A_235 A_237 A_239 A_241 A_27 A_29 A_30 A_31 A_32 A_4 A_48 A_6 A_8 A_98 B_26 B_51 B_52 B_53 B_56 B_57 B_58 B_63 B_65 B_67
459, A_122 A_17 A_18 A_20 A_21 A_22 A_23 A_38 A_65
460, A_193 A_195 A_209 A_211 A_217 A_231 A_233 A_241
461, B_108 B_110 B_112 B_121 B_122 B_124 B_128 B_23 B_25 B_27 B_43 B_45 B_47 B_48 B_49 B_50 B_79 B_86 B_88 B_90 B_92 C_120 C_121
462, A_152 C_105 C_112 C_113 C_115 C_118 C_119 C_12 C_121 C_124 C_125 C_128 C_129 C_51 C_52 C_54 C_55 C_60 C_63 C_64 C_67 C_88 C_91 C_92 C_94
463, A_102 A_110 A_112 A_114 A_116 A_12 A_121 A_146 A_171 A_172 A_173 A_176 A_195 A_198 A_223 A_225 A_226 A_228 A_229 A_243 A_246 A_249 A_252 A_253 A_254 A_255 A_256 A_257 A_259 A_260 A_281 A_284 A_285 A_288 A_48 A_49 A_52 A_8 B_34 B_35 B_36 B_38
464, A_312 A_316 A_319 A_380 A_383 A_451 A_454 A_495 A_498 A_499 A_502 A_558 A_561 A_615 A_616 A_619 A_623
465, A_46 A_47 A_51 A_52 A_55 A_70 A_71 A_73 A_76 B_187 B_188 B_189 B_190 C_187 C_189 C_190 D_43 D_46 D_47 D_51 D_52 D_54 D_55 D_59 D_76
466,
467, A_420 A_423 A_424 A_447 A_450 A_463 A_466 A_467 A_469
468, A_152 A_176 A_180 A_181 A_243 A_246 A_247 A_251 A_252 A_253 A_294 A_295 A_296 A_297 A_84 A_85 A_86
469, A_250 A_251 A_252 A_43 A_50 A_52 A_60 A_62 A_74 A_76
470, A_126 A_127 A_427 A_428 A_429 A_443 A_448 A_455 A_77 A_81
471,
472, A_102 A_109 A_110 A_111 A_19 A_22 A_23 A_38 A_40 A_41 A_52 A_72 A_73 A_75 A_77
473, A_111 A_130 A_131 A_132 A_133 A_134 A_142 A_144 A_254 A_384 A_65 A_67 A_73 A_75 A_86
474, A_103 A_105 A_107 A_122 A_15 A_38 A_39 A_41 A_43 A_46 A_54 A_56 A_58 A_60 A_69 A_71 A_84 A_85 A_86 A_90 A_92 A_94
475, A_103 A_105 A_129 A_130 A_131 A_132 A_134 A_49 A_50 A_51 A_68 A_69 A_70 A_86 A_88 A_92
476, A_160 A_162 A_176 A_178 A_180 B_149 B_173 B_175 B_177 B_183 B_184
477, A_11 A_170 A_231 A_239 A_242 A_3 A_4 A_5 A_6 A_63 A_64 A_7 A_8
478, A_126 A_136 A_61 A_76 A_78
479, A_420 A_438 A_445 A_447 A_460 A_461 A_478 A_480 A_490 A_503 A_504 A_515 A_522 A_538 A_541
480,
481, A_250 A_251 A_252 A_43 A_50 A_52 A_60 A_62 A_74 A_76
482, B_102 B_139 B_141 B_142 B_146 B_191 B_195 B_47 B_53 B_54 B_74 B_76 B_98 B_99 C_112 C_113 C_114 C_146 C_162 C_164 C_191 C_192 C_193 C_194 C_195 C_198 C_220 C_222 C_224 C_225 C_226 C_287 C_84 C_85 C_87
483,
484, A_105 A_130 A_132 A_167 A_170 A_216 A_219 A_220 A_235 A_236 A_237 A_238 A_244 A_272 A_70
485,
486, A_137 A_141 A_180 A_330 A_331 A_332 A_351 A_354 A_356 A_357 A_359
487, A_107 A_110 A_191 A_192 A_195 A_196 A_199 A_200 A_229 A_230 A_232 A_233
488, A_129 A_132 A_162 A_165 A_181 A_210 A_230
489, A_284 A_285 A_287 A_288 A_289 A_307 A_308 A_309 A_310 A_314 A_315 A_316 A_317 A_588 A_589 A_590 A_624 A_625 A_626 A_629 A_636 A_637 A_756 A_760 A_800 A_801 A_802 A_810 A_811 A_814
490, A_117 A_149 A_60 A_87 A_88 A_89 A_90
491, A_105 A_106 A_108 A_109 A_110 A_112 A_113 A_116 A_165 A_168 A_177 A_183 A_184 A_187 A_188 A_191 A_330 A_331 A_334 A_350 A_354 A_84 A_88 A_91 A_92 A_96 A_98
492, A_258 A_259 A_297 A_298 A_300 A_302 A_305 A_310 A_311 A_312 A_313 A_317 A_318 A_320
493, A_19 B_102 B_105 B_106 B_109 B_2 C_19 D_102 D_105 D_106 D_109 D_2 E_19 F_102 F_105 F_106 F_109 F_2
494, B_207 B_209 B_212 B_215 B_216 B_261 B_314 B_316 B_323 B_325
495, A_111 A_113 A_174 A_176 A_178 A_256 A_283 A_285 A_318 B_13 B_15
496,
497, A_102 A_109 A_110 A_111 A_19 A_22 A_38 A_40 A_52 A_54 A_72 A_73 A_75 A_77
498, A_356 A_357 A_358 A_359 B_100 B_101 B_102 B_105 B_135 B_136 B_137 B_168 B_282 B_284 B_296 B_298 B_302 B_307 B_378 B_379 B_380 B_381 B_383 B_384 B_403 B_405 B_407 B_431 B_433 B_602
499, B_129 B_130 B_131 B_132 B_133 B_145 B_148 B_153 B_155 B_157 B_174 B_175 B_176 B_204 B_205 B_273 B_274 B_276 B_289 B_307 B_308 B_309 B_310 B_311 B_312 B_313 B_314 B_316 B_317 B_320 B_84 B_87 B_88
500, A_374 A_377 A_378 A_381 A_382 A_384 A_386 A_389 A_392 A_406 A_417 A_418 A_419 A_524 A_554 A_556
501, A_397 A_496 A_517 A_520 A_521 A_524 A_632 A_633 A_636 A_638 A_639
502,
503, A_239 A_240 A_241 B_121 B_122 B_124 B_125 B_126 B_127 B_13 B_130 B_14 B_144 B_15 B_160 B_162 B_18 B_186 B_190 B_21 B_22 B_58 B_61 B_62 B_73 B_74 B_75 B_76 B_77 B_82 B_95 B_97
504, A_185 A_186 A_192 A_193 A_221 A_222 A_223 A_243 A_244 A_300 A_477 A_559 A_561 A_562 A_563 A_564 A_565 A_566 A_60 A_64 A_67 A_68 A_71 A_72 A_73 A_74 A_75 A_79 A_86
505, C_718 C_721 C_726 C_743 C_745 C_790 C_791 C_792 C_793 C_794 C_796 C_797 C_800 C_841 C_842 C_844 C_854 C_855
506, A_262 A_265 A_269 A_304 A_305 A_306 B_101 B_102 B_103 B_104 B_82 B_83
507, C_50 C_51 C_56 C_76 C_77 C_78 C_79 C_85 C_87 C_96 C_99
508,
509,
510, D_12 D_13 F_1 F_21 F_23 F_28 F_3
511, A_468 A_514 A_516 A_518 A_519 A_522 A_523 A_664 A_667 A_670 A_674 A_678 A_681
512, A_152 A_176 A_177 A_179 A_180 A_181 A_243 A_246 A_247 A_251 A_252 A_253 A_294 A_295 A_296 A_297 A_84 A_85
513,
514, A_468 A_513 A_514 A_516 A_518 A_519 A_522 A_666 A_667 A_670 A_674 A_677 A_678 A_681
515, A_152 A_282 A_285 A_286 A_289 A_290 A_72 A_76 A_79 A_83
516, A_127 A_128 A_130 A_131 A_132 A_133 A_135 A_137 A_138 A_47 A_48 A_49 A_50 A_98 B_100 B_127 B_128 B_131 B_132 B_133 B_135 B_137 B_138 B_47 B_48 B_49 B_50 B_98
517, A_116 A_118 A_129 A_38 A_40 A_56 A_59 A_71 A_84 A_86
518, A_218 A_219 A_221 A_239 A_280 A_282 A_294 A_295 A_296 A_48 A_49 A_51
519, A_130 A_134 A_45 A_72 A_75 A_76 A_79 A_80 A_91
520, A_10 A_12 A_16 A_37 A_58 A_60 A_61 A_62 A_68 A_71 A_9 A_95 A_96 A_99
521, A_1067 A_1113 A_977 A_980 B_1129 B_1132 B_1135 B_1138
522,
523,
524, A_20 A_28 A_33 A_36 A_37 A_40 A_52 A_72 A_73
525, A_1313 A_1317 A_1330 A_1347 A_1348 A_1366
526,
527, A_103 A_209 A_211 A_213 A_233 A_234
528, A_587 A_588 A_603 A_738 A_739 A_741 A_760
529, A_224 A_227 A_228 A_231 A_235 A_246 A_249 A_250 A_253 A_254 A_266 A_267 A_270 A_271 A_274 A_290 A_294
530, A_207 A_209 A_215 A_216 A_261 A_316 A_323 A_325
531,
532, B_273 B_275 B_278 B_424 B_428 B_500 B_501 B_502 B_520 B_526
533, B_100 B_104 B_109 B_113 B_114 B_126 B_130 B_134 B_137 B_138 B_141 B_163 B_164 B_167 B_168 B_70 B_73 B_74 B_77 B_93 B_96
534, A_299 A_336 A_344 A_347
535, A_278 A_279 A_295 A_302 A_306 A_307 A_310 A_386 A_404 A_406 A_407
536, A_135 E_102 E_106 E_156 E_234 E_235 E_236 E_261 E_283 E_285 E_286 E_292 E_54 E_55 E_75 E_77 E_78 E_81
537, A_191 A_192 A_195 A_197 A_199 A_200 A_201 A_232 A_236 A_242 A_246 A_249 A_250 A_259 A_262 A_291 A_292 A_293 A_294
538, A_128 A_131 A_132 A_188 A_189 A_190 A_192 A_225 A_226 A_227 A_252 A_253 A_254 A_255 A_256 A_259 A_263
539, A_1030 A_1031 A_1033 A_775 A_776 A_777 A_834 A_837 A_838 A_841 A_990 A_994 A_995 A_996
540,
541, A_157 A_158 A_161 A_177 A_202 A_203 A_204 A_236 A_238 A_239 A_240 A_245 A_260 A_261 A_264 A_265 A_266 A_273 A_84 B_214 B_222
542, A_126 A_127 A_427 A_428 A_429 A_440 A_443 A_448 A_454 A_77 A_81
543, A_113 A_115 A_116 A_190 A_194 A_34 A_38 A_41 A_45
544, A_1018 A_1041 A_1044 A_1060 A_1063 A_1065 A_1080
545, H_1 H_128 H_129 H_21 H_46 H_47 H_97 Z_33
546, A_137 A_138 A_140 A_142 A_60 A_61 C_111 C_112 C_114 C_116 C_45 C_94 E_33 E_47 E_50 E_52
547, A_284 A_285 A_287 A_289 A_303 A_305 A_313 A_352 A_380
548, A_181 A_185 A_243 A_246 A_247 A_250 A_297 A_300 A_301 A_304 A_355 A_414 A_418 A_480 A_518 A_519 A_522
549, A_101 A_102 A_103 A_107 A_109 A_111 A_72 A_73 A_74 A_75 A_81 A_82
550, A_242 A_243 A_244 A_245 A_246 A_275 A_329 A_330 A_389 A_416 A_418
551, A_102 A_106 A_155 A_156 A_206 A_207 A_208 A_234 A_235 A_236 A_260 A_265 A_283 A_285 A_286 A_292 A_295 A_54 A_55 A_58 A_75 A_76 A_77 A_78 A_81 A_99 B_135
552, A_139 A_154 A_157 A_158 A_161 A_162 A_165 A_304 A_308 A_312 A_80 A_81 A_84 A_88
553, A_1068 A_1072 A_1076 A_1079 A_974 A_978
554, A_162 A_166 A_167 A_181 A_556 A_559 A_560 A_561 A_569 A_571
555, A_421 A_425 A_429 A_436 A_439 A_440 A_443 A_445 A_498 A_540 A_572 A_575 A_579 A_601
556, A_133 A_136 A_138 A_153 A_166 A_202 A_209
557, A_273 A_274 A_275 A_276 A_281 A_293 A_295 A_323 A_338 A_339 A_341 A_344 A_345 A_348 A_390 A_391 A_393 A_403 A_404
558, A_305 A_308 A_309 A_312 A_317 A_318 A_373 A_378 A_379 A_380 A_398 A_399 A_400
559, H_126 H_127 H_129 H_130 H_131 H_133 H_135 H_136 H_137 L_114 L_115 L_116 L_117 L_207 L_208 L_209 L_214
560, A_100 A_104 A_108 A_143 A_144 A_145 A_148 A_188 A_192 A_198 A_201 A_202 A_209 A_213 A_216
561,
562, A_102 A_142 A_145 A_157 A_28 A_31 A_43 A_45 A_92 A_95 A_98 A_99
563,
564, A_146 A_149 A_150 A_16 A_160 A_162 A_58 A_60 A_62
565, A_362 A_364 A_372 A_373 A_374 A_388 A_389 A_390 A_392 A_393 A_395 A_396 A_398 A_666 A_668
566, A_126 A_127 A_425 A_427 A_428 A_429 A_440 A_443 A_448 A_454 A_77 A_81
567, B_119 B_122 B_126 B_127 B_167 B_168 B_171 B_174 B_175 B_219 B_42 B_45 B_46 B_49
568, A_116 A_118 A_129 A_38 A_40 A_56 A_59 A_71 A_86
569, C_221 C_224 C_225 C_228 C_323 C_327 C_374 C_401
570, A_161 A_162 A_163 A_164 A_179 A_201 A_202 A_203 A_204 A_215 A_219 A_65 A_66 A_68
571,
572, B_111 B_114 B_120 B_127 B_143 B_145 B_146 B_147 B_170 B_172
573, A_155 C_416 C_456 C_458 C_459 C_464 C_468 C_471 C_492 C_495 C_496 C_497 C_498 C_509 C_516 C_517 C_519 C_521 C_522 C_523 C_525 C_529 C_533
574, A_133 A_138 A_151 A_153 A_166 A_209
575, B_1510 B_1513 B_1515 B_1518 B_1531 B_1533 B_1534
576, U_179 U_233 U_234 U_236 U_237 U_91 U_92 U_93
577, H_201 H_202 H_203 H_204 H_205 H_206 Z_153 Z_156 Z_159 Z_170 Z_175 Z_179
578, A_1066 A_1069 A_1070 A_977 A_978 A_979 A_981 A_982 A_983 A_986 A_987 A_988 A_989
579,
580, B_100 B_113 B_126 B_130 B_134 B_137 B_138 B_141 B_142 B_151 B_163 B_164 B_167 B_168 B_195 B_198 B_199 B_70 B_74 B_77 B_93 B_96 B_97
581, A_119 A_121 A_124 A_125 A_128 A_136 A_140 A_159 A_162 A_164 A_221 A_224 A_225 A_230
582, A_34 A_36 A_37 A_39 A_40 A_41 A_7 A_9 A_94 A_95 A_96 A_97 A_99 C_106 C_108 C_26 C_27 C_28 C_45 C_47
583, A_163 A_166 A_167 A_170 A_443 A_446 A_450 A_454 A_465 A_468 A_469 A_472 A_473
584, A_138 A_139 A_140 A_174 A_175 A_176 A_177 A_192 A_4 A_43 A_44 A_47 A_90 A_91 A_92
585, A_111 A_57 A_61 A_80 A_85
586, D_151 F_104 F_11 F_111 F_112 F_114 F_116 F_117 F_118 F_120 F_124 F_127 F_128 F_50 F_51 F_53 F_54 F_59 F_63 F_66 F_87 F_90 F_91 F_93
587, A_11 A_14 A_15 A_311 A_312 A_314 A_344 A_346
588, A_756 A_760 A_763 A_773 A_777 A_780 A_785 A_806 A_807 A_808 A_809 A_810 A_833 A_880 A_882
589, A_118 A_120 A_125 A_126 A_131 A_134 A_135 A_138 A_145 A_146 A_149 A_150 A_153
590, D_10 D_11 D_12 D_120 D_124 D_127 D_128 D_129 D_130 D_133 D_15 D_17 D_18 D_21 D_7 D_88 D_89 D_9 D_91 D_95 D_98 D_99
591, C_141 C_143 C_144 C_145 C_173 C_192 C_194 C_195 C_196 C_197 C_198 C_199 C_200 C_201 C_203 C_234 C_235 C_236 C_237 C_255 C_257 C_258 C_281 C_283 C_284 C_285 C_318 C_319 C_68 C_69 C_70
592, A_101 A_102 A_103 A_107 A_109 A_111 A_72 A_73 A_74 A_75 A_81 A_82
593, A_12 A_24 A_26 A_28 A_39 A_53
594, A_312 A_313 A_314 A_315 A_374 A_390 A_392
595,
596, A_343 A_346 A_347 A_349 A_350 A_351 A_353 A_383 A_384 A_387 A_388 A_391 A_404 A_421 A_424 A_428 A_521 A_524 A_525
597, C_102 C_165 C_169 C_170 C_171 C_172 C_175 C_176 C_182 C_266 C_267 C_32 C_40 C_41 C_42 C_44 C_45 C_84 C_87 C_88 C_91 C_92 C_97 C_98
598,
599,
600, A_178 A_179 A_180 A_183 A_197 A_199 A_20 A_200 A_202 A_21 A_22 A_23 A_258 A_262
601, A_110 A_111 A_130 A_133 A_134 A_234 A_236 A_25 A_250
602, A_259 A_260 A_261 A_262 A_263 A_264 A_265 A_266 A_423 A_424 A_427 A_428 A_431 A_466 A_467 A_470 A_583 A_586 A_587 A_590 A_617 A_618 A_619 A_620 A_630 A_633 A_634 A_637
603, A_216 A_217 A_218 A_219 A_220 A_222 A_364 A_365 A_369 A_400 A_422 A_70 A_71
604, C_118 C_119 C_121 C_126 C_199 C_203 C_24 C_26 C_27 C_28 C_32 C_33 C_36 C_37 C_40 C_401 C_402 C_63 C_65 C_82 C_83 C_84 C_85
605,
606, A_130 A_133 A_134 A_170 A_171 A_207 A_234 A_238 A_239 A_240
607, A_110 A_114 A_136 A_137 A_140 A_15 A_21 A_25
608, A_208 A_216 A_334 A_389 A_395 A_487 A_488 A_489 A_491 A_502 A_506 A_700
609, A_103 A_105 A_109 A_127 A_132 A_133 A_134 B_110 B_113 B_114 B_118 B_134 B_136 B_138
610, A_26 A_36 A_37 A_46 A_55 A_56 A_59 A_82 A_91 A_99
611, A_128 A_429 A_430 A_431 A_442 A_445 A_450 A_456 A_458 A_79 A_83
612,
613, A_117 A_118 A_120 A_162 A_164 A_165 A_184 A_185 A_186 A_187 A_192 A_20 A_21 A_23 A_301
614, A_118 A_119 A_121 A_124 A_65 A_66 A_69 A_70
615, A_121 A_122 A_124 A_125 A_152 A_153 A_20 A_23 A_33
616, A_110 A_114 A_149 A_152 A_154 A_162 A_320 A_393 A_397 A_398 A_400 A_401
617, B_207 B_209 B_210 B_230 B_233 B_256 B_257 B_258 B_281 B_309 B_387 B_391 B_80 B_82 B_84 B_85
618, B_1951 B_1952 B_1954 B_1955 B_1959 B_1978 B_1980 B_2026 B_2027 B_2029 B_2032 B_2033 B_2083 B_2084 B_2086 B_2101 B_2102
619, A_136 A_137 A_23 A_38 A_389 A_39 A_390 A_393 A_394 A_40 A_408 A_409
620, A_161 A_162 A_333 A_344 A_345 A_347 A_348 A_352 A_368 A_369 A_372 A_375 A_376 A_379 A_380 A_469 A_470 A_473 A_507
621, A_119 A_120 A_121 A_124 A_52 A_56 A_71 A_74 A_76 A_77 A_80
622,
623, A_135 A_137 A_207 A_26 A_27
624, A_107 A_108 A_110 A_111 A_112 A_113 A_118 A_232 A_233 A_235 A_26 A_265 A_266
625,
626, A_100 A_117 A_350 A_351 A_97 A_99
627,
628, A_163 A_186 A_187 A_222 A_223 A_224 A_241 A_245 A_249
629, A_595 A_596 A_597 A_598 A_599 A_601 A_603 A_640 A_642 A_687 A_688 A_689 A_690 A_693 A_694 A_696 A_700 A_734 A_736 A_738 A_739 A_741 A_758 A_759 A_761 A_762 A_774 A_775 A_778 A_806 A_811 A_813 A_816 A_823
630, A_100 A_11 A_12 A_14 A_15 A_152 A_155 A_156 A_18 A_289 A_292 A_293 A_302 A_303 A_306 A_8
631, A_365 A_366 A_368 A_371 A_372 A_373 A_374 A_395 A_412 A_413 A_414 A_458 A_487 B_506 B_509 B_510 B_522 B_523 B_524 B_525 B_526 B_549 B_572 B_573 B_574 B_575 B_577 B_579 B_580 B_602 B_603 B_604 B_605 B_606 B_625 B_626 B_627 B_628 B_630 B_670
632, E_43 E_53 E_54 E_55 E_56 E_57 E_64 E_66 E_67
633, A_61 A_63 A_7 A_94 A_95 B_61 B_63 B_7 B_94 B_95 C_61 C_63 C_7 C_94 C_95
634, A_123 B_107 B_108 B_112 B_114 B_18 B_19 B_22 B_29 B_41 B_42 B_43 B_44 B_45 B_53
635, H_22 H_25 H_27 I_103 I_104 I_105 I_106 I_122 I_123 I_124 I_125 I_130 I_136 I_137 I_138 I_139 I_140 I_142 I_143 I_146 I_4 I_53 I_54
636,
637,
638, A_1105 A_1107 A_1124 A_1141 A_1142 A_1143 A_1144 A_1166 A_1168 A_1169 A_1170 A_1209 A_1211 A_1215 A_1216 A_1223 A_1224 A_1225 A_1226
639, A_139 A_140 A_142 A_205 B_100 B_173 B_175 B_245 B_246 B_247 B_249 B_251 B_252 B_253 B_256 B_64 B_65 B_74 B_75 B_77 B_78 B_98
640, A_227 A_246 A_247 A_248 A_249 A_252 A_325 A_326 A_327 A_330 A_333 A_334 A_335 A_336 A_338 A_342 A_344 A_345 A_416
641, A_16 A_32 A_33 A_49 A_52 A_54 A_77 A_79 A_81 A_83
642, A_131 A_267 A_271 A_272 A_274 A_275 A_326 A_329 A_331 A_332 A_66 A_68 A_69 A_72
643, A_129 A_132 A_162 A_163 A_164 A_165 A_181 A_210 A_230
644, A_218 A_219 A_221 A_223 A_237 A_239 A_280 A_282 A_294 A_295 A_296 A_34 A_36 A_49 A_50 A_51
645, A_520 A_521 A_522 A_569 A_571 A_598 A_599 A_602 A_633 A_636 A_640 B_106 B_108 B_109 B_140 B_142 B_192 B_193 B_194 B_229 B_232 B_260 B_262 B_263 B_264 B_392
646, A_136 A_138 A_166 A_168 A_169 A_194 A_196 A_198 A_199 A_200 A_259 A_262 A_60 A_61 A_63 A_68 A_87 A_88 A_89 A_90 D_117 D_119 D_121 D_124 D_128 D_173 D_28 D_29 D_36 D_37 D_57 D_59 D_81 D_82 D_85 D_88
647, A_162 A_166 A_167 A_181 A_556 A_559 A_560 A_561 A_569 A_571
648, B_128 B_132 B_135 B_139 B_142 B_143 B_146 B_157 B_158 B_160 B_161 B_164 B_184 B_185 B_186 B_187 B_195 B_196 B_197 B_198 B_280 B_38 B_39 B_40 B_44 B_46 B_47 B_50 B_65 B_67 B_72 B_73
649,
650, A_102 A_103 A_105 A_106 A_107 A_110 A_114 A_138 A_142 A_145 A_148 A_149 A_152 A_155 A_156 A_176 A_179 A_180 A_183 A_207 A_87 A_90 A_91 A_94
651, A_-2 A_-5 A_100 A_158 A_2 A_3 A_64 A_68 A_71 A_72 A_75 A_88 A_93 A_97
652, B_268 B_271 B_272 B_275 B_306 B_309 B_310 B_313 B_326 B_342 B_345 B_346 B_349 B_435 B_450
653, A_122 A_145 A_148
654, A_612 A_615 A_616 A_619 A_628 A_629 A_630 A_658 A_661 A_662 A_665 A_697 A_698 A_699 A_700 A_701 A_702 A_715 A_716 A_717
655, A_11 A_110 A_13 A_14 A_149 A_152 A_153 A_154 A_155 A_209 A_229 A_329 A_339 A_343 A_41 A_43 A_44 A_61 A_62 A_64 A_65
656, A_104 A_107 A_108 A_110 A_111 A_114 A_147 A_149 A_152 A_153 A_154 A_158 A_162 A_163 A_196 A_197 A_199 A_200 A_245 A_247
657, B_437 B_440 B_441 B_444 B_445 B_448 B_449 B_452 B_453 D_437 D_440 D_441 D_444 D_445 D_448 D_449 D_453 F_325 F_437 F_440 F_441 F_444 F_445 F_448 F_449 F_451 F_453
658, A_1019 A_1024 A_1026 A_1029 A_1030 A_1031 A_911 A_915 A_953 A_990 A_993
659, A_285 A_286 A_288 A_289 A_290 A_293 A_297 A_306 A_309 A_311 A_312 B_285 B_286 B_287 B_288 B_289 B_290 B_293 B_306 B_309 B_311 B_312
660,
661, W_104 W_105 W_123 W_124 W_137 W_138 W_139 W_140 W_142 W_4 W_53 W_54
662, A_136 A_139 A_149 A_150 A_17 A_18 A_19 A_25 A_38 A_40 A_57 A_61 A_70 A_86 A_87 A_88 A_89 A_90 A_93
663, A_11 A_170 A_231 A_239 A_242 A_4 A_5 A_6 A_63 A_64 A_7 A_8
664, A_182 A_183 A_185 A_213 A_215 A_57 A_58 A_61 A_62 A_65
665, A_109 A_110 A_111 A_112 A_113 A_114 A_116 A_130 A_131 A_133 A_136 A_138 A_139 A_140 A_141 A_144 A_82 A_83 A_84 A_85
666, A_123 A_124 A_125 A_153 A_156 A_157 A_160 A_162 A_167 A_95 A_98
667, B_230 B_232 B_362 B_398 B_403 B_524 B_525 B_528 B_529 B_532
668, A_856 A_858 A_899 A_929 A_949 A_955 A_956 A_958 A_961 A_970
669,
670, A_100 A_111 A_112 A_115 A_116 A_119 A_32 A_332 A_333 A_334 A_335 A_336 A_35 A_36 A_39 A_42 A_43 A_490 A_494 A_495 A_496 A_54 A_58 A_61 A_62
671, A_205 A_207 A_209 A_215 A_261 A_314 A_316 A_320 A_323 A_325
672, A_118 A_120 A_131 A_135 A_137 A_139 A_140 A_143 A_150 A_153 A_154 A_159 A_160 A_195 A_196 A_198 A_200
673, A_196 A_198 A_200 A_243 A_245 A_246 A_296 A_297 A_338 A_341 A_342 A_345 A_376 A_378 A_379 A_386 A_42 A_43 A_44 A_69 A_70 A_71 A_72 A_73 A_74 A_75 A_78 D_263 D_307 D_309 D_310 D_311 D_315
674, A_160 A_164 B_100 B_101 B_103 B_104 B_111 B_117 B_118 B_120 B_122 B_125 B_158 B_161 B_162 B_165 B_187 B_188 B_193 B_195 B_196 B_31 B_32 B_35 B_39 B_71 B_75 B_76 B_79 B_80
675, A_248 A_251 A_252 A_255 A_356 A_357 A_398 A_400 A_403
676, A_434 A_435 A_436 A_437 A_457 A_458 A_470 A_471 A_474 A_475 A_500 A_567 A_568
677, A_159 A_163 C_115 C_116 C_117 C_118 C_200 C_201 C_217 C_218 C_219 C_220 C_242 C_243 C_244 C_245 C_246 C_255 C_257 C_260 C_261 C_31 C_32 C_33 C_83 C_84 C_86 C_88
678, A_115 A_226 A_268 A_269 A_270 A_271 A_4 A_88 A_91 A_93
679, A_94 B_102 B_104 B_52 B_58
680,
681, H_100 H_101 H_102 H_96 H_97 L_46 L_55 L_56 L_58
682, A_114 A_116 A_118 A_134 A_135 A_161 A_21 A_22 A_25 A_4 A_49 A_51 A_54 A_55 A_56 A_57 A_58 A_63 A_65 A_67 A_68 A_69 A_86 A_87
683, F_100 F_103 F_107 F_112 F_167 F_171 F_174 F_175 F_178 F_193 F_196 F_197 F_200 F_201 F_204 F_205 F_240 F_243 F_244 F_247 F_261 F_264 F_266 F_267 F_268 F_60 F_96 F_99
684, A_312 A_313 A_314 A_317 A_374 A_389 A_390 A_392
685, A_366 A_367 A_368 A_369 A_418 A_419 A_420 A_465 A_466 A_467 A_512 A_513 A_514 A_559 A_560 A_561 A_606 A_607
686,
687, A_190 A_191 A_192 A_193 A_217 A_236 A_238 A_241 A_257 A_259 A_263 A_264 A_266 A_267 A_268 A_269 A_270 A_271 A_272 A_273 A_274 A_275 A_276 A_277 A_278 A_306 A_308 A_380 A_388 A_448 A_451 A_452 A_455 A_456 A_499 A_501 A_556 B_259 B_263 B_266 B_268 B_270 B_271 B_272 B_273 B_274 B_275 B_277 B_278 B_308 B_448 B_451 B_452 B_455 B_456 B_499 B_501 B_556
688, A_113 A_211 A_232 A_233 A_235 A_237 A_239 A_241 A_27 A_29 A_30 A_32 A_4 A_48 A_6 A_8 A_98 A_99 B_26 B_52 B_53 B_55 B_56 B_57 B_58 B_63 B_65 B_67
689, A_135 A_136 A_77 A_80 A_81 A_85 A_88 A_95 A_98 A_99
690, A_124 A_171 A_173 A_34 A_37 A_40 A_41 A_44 A_77 A_79 A_82 A_83 A_84 A_92 A_93
691, A_118 A_119 A_120 A_121 A_122 A_123 A_125 A_128 A_135 A_143 A_145 A_146 A_91 A_92 A_93 A_94 A_95 B_182 B_183 B_184 B_185 B_220
692, A_115 A_16 A_33 A_35 A_37 A_40 A_72 G_105 G_107 G_113 G_115 G_116 G_117
693, A_191 A_194 A_195 A_198 A_219 A_220 A_221 A_223 A_234 A_246
694, B_124 B_127 B_128 B_131 B_183 B_222 B_225 B_226 B_229 B_237 B_29 B_31 B_32 B_33 B_34 B_56 B_57 B_71 B_72
695,
696, B_132 B_133 B_155 B_157 B_175 B_176 B_204 B_205 B_276 B_313 B_316 B_317 B_320 B_84 B_87 B_88
697,
698,
699,
700, A_103 A_105 A_113 A_118 A_124 A_128 A_131 A_48 A_49 A_55
701, C_149 C_57 C_59 C_61 C_63 C_67 C_68 C_69 C_70 C_72 C_75 C_77 C_79 C_91 C_96
702, A_1054 A_1055 A_1067 A_1111 A_1112 A_977 A_979 A_980 I_1127 I_1128 I_1129 I_1132 I_1135 I_1136 I_1138
703, B_159 B_160 B_201 B_204 B_206 B_207 B_208 B_209 B_210 B_229 B_230 B_271 B_273 B_318 B_319 B_321 B_322 B_329 B_332 B_336 B_337 B_339 B_340 B_343 B_355 B_356 B_357 B_358 B_368 B_369 B_372 B_376
704, A_253 A_256 A_259 A_260 A_313 A_320 A_368 A_372 A_375 A_376 A_431 A_444 A_445 A_447 A_448 A_449 A_450
705, A_1806 A_1812 A_1814 A_1815 A_1818 A_1825 A_1826 A_1880 A_1881 A_1924
706, B_133 B_134 B_135 B_136 B_138 B_279 B_280 B_282 B_283 B_285 B_286 B_287 B_292 B_339 B_340 B_341 B_377 B_378 B_380 B_383 B_384 B_385 B_455 B_484 B_486 B_491 B_567 B_568 B_569 B_571 B_573 B_574 B_648 B_650 B_653 B_657 B_665 B_672 B_673 B_674 B_675 B_676 B_677 B_679 B_681 B_88 B_90
707,
708,
709, A_116 A_117 A_119 A_147 A_15 A_18
710, B_108 B_109 B_112 B_192 B_195 B_196 B_214 B_215 B_216 B_218 B_221 B_222 B_224 B_225 B_226 B_256 B_258 B_311 B_312 B_49 B_50 B_51 B_77 B_78 B_79 B_80 B_87 D_175
711,
712, A_227 A_230 A_237 A_240 A_242 A_243 A_83
713, A_102 A_103 A_106 A_107 A_110 A_138 A_142 A_145 A_148 A_149 A_152 A_176 A_179 A_180 A_183 A_184 A_207 A_87 A_90 A_91
714, A_1082 A_1083 A_892 A_894 A_899 A_903 A_913 A_916 A_917 A_920 A_945 A_949
715, A_111 A_7 A_8 A_80 A_82 A_85 A_88 A_9 D_111 D_7 D_80 D_82 D_85 D_88 D_9
716, A_172 A_177 A_179 A_180 A_181 A_227 A_228 A_229 A_233 A_234 A_271 A_272
717,
718, A_804 A_880 A_932 A_935 A_936 A_939 A_943 A_971 A_976 A_978
719, A_126 A_128 A_130 A_135 A_136 A_137 A_139 A_141 A_142 A_181 A_183 A_186 A_20 A_21 A_232 A_246
720, A_139 A_140 A_141 A_178 A_180 A_189 A_193 A_195 A_385 A_386 A_387 A_411 A_413
721, A_382 A_383 A_386 A_387 A_389 A_390 A_397 A_401 A_473
722, A_215 B_155 B_283 B_284 B_29 B_30 B_31 B_32 B_33 B_34 B_356 B_359 B_360 B_56 B_58
723, A_211 A_212 A_232 A_233 A_235 A_237 A_239 A_240 A_241 A_27 A_29 A_30 A_32 A_4 A_48 A_6 A_8 A_98 B_26 B_52 B_53 B_57 B_58 B_63 B_65 B_67
724,
725, A_10 A_11 A_12 A_370 A_377 A_378 A_382 A_384 A_82 A_83 A_84 A_9
726, A_463 A_464 A_465 A_466 A_471 A_481 A_483 A_501 A_505 A_514 A_527 A_529 A_530 A_531 A_532 A_534 A_536 A_580 A_583 A_593 A_594 A_595
727, X_245 X_248 X_266 X_270 X_337
728, A_172 A_177 A_179 A_180 A_181 A_227 A_228 A_229 A_233 A_271 A_272
729, A_152 A_153 A_155 A_159 A_215 A_216 A_217 A_224 A_227
730, A_606 A_631 A_634 A_655 A_657 A_676 A_678
731, C_147 C_150 C_151 C_154 C_158 C_167 C_169 C_170 C_171 C_226 C_96 C_98 D_133 D_139 D_140 D_142 D_145 D_179 D_181 D_182
732, A_123 A_164 A_166 A_167 A_168 A_172 A_195 A_198 A_200
733, A_243 A_244 A_245 A_246 A_275 A_389 A_416 A_418
734, A_594 A_598 A_601 A_603 A_605 A_606 A_613 A_615 A_631 A_633 A_645 A_646 A_680
735, F_115 F_116 F_117 F_119 F_120 F_121 F_125 F_128 F_197 F_198 F_231 F_285 F_286 F_287 F_288 F_328 F_329 F_332 F_430 F_438 F_439 F_440 F_70 F_79 F_82 F_83
736, A_14 A_206 A_207 A_234 A_236 A_259 A_261 A_263
737, A_116 A_122 A_124 A_144 A_146 A_180 A_184 A_194 A_204 A_206 A_207 A_208 A_209 A_211 A_213 A_313 A_329 A_330 A_331 A_332
738, A_137 A_139 A_157 A_200 A_202 A_207 A_26 A_29 L_135
739,
740,
741, A_167 A_168 A_27 A_31 A_32 A_35 A_44 A_45 A_48 A_49 B_143 B_173 C_397 C_399
742,
743,
744, B_484 B_485 B_486 B_488 B_526 B_527 B_528 B_531 B_659 B_662 B_663 B_688 B_692
745, A_258 A_369 A_372 A_374 A_390 A_391 A_394 A_395 A_414 A_415 A_422 A_425 A_426 A_429
746, A_180 A_184 A_234 A_242 A_245 A_246 A_247 A_284 A_296 A_300 A_303 A_304 A_366
747, A_234 A_240 A_241 A_242 A_243 A_244 A_246 A_247 A_250 B_131 B_132 B_134 B_136 B_138 B_139 B_140 B_175 B_176 B_177 B_179 B_180 B_181 B_215 B_216 B_217 B_218 B_227 B_260 B_95 B_96
748, A_381 A_443 A_444 A_511 A_512 A_513
749, A_76 A_77 A_81 A_84 A_90 A_95
750,
751, A_193 A_195 A_209 A_211 A_217 A_231 A_233 A_239 A_241
752, A_335 A_370 A_376 A_377 A_382 A_386 A_391 A_393 A_399 A_402
753, A_10 A_11 A_156 A_157 A_158 A_159 A_160 A_161 A_303 A_304 A_307 A_308 A_336 A_339 A_361 A_9
754, A_155 A_157 A_168 A_169 A_171 A_173 A_207 A_209 A_294 A_295 A_296 A_327 A_330 A_371 A_390 A_391
755, A_319 A_322 B_10 B_110 B_111 B_114 B_12 B_13 B_131 B_14 B_144 B_145 B_146 B_154 B_157 B_171 B_172 B_173 B_203 B_205 B_206 B_207 B_252 B_253 B_254 B_42 B_63 B_64 B_7 B_9
756, A_10 A_213 A_215 A_216 A_217 A_218 A_22 A_23 A_25 A_26 A_27 A_28 A_29 A_37 A_8 B_101 B_102 B_104 B_105 B_106 B_107 B_76
757, B_123 B_127 B_130 B_131 B_133 B_135 B_137 B_147 B_148 B_150 B_168 B_171 B_172
758, A_129 A_132 A_162 A_163 A_165 A_181 A_230
759, A_111 A_113 A_138 A_139 A_373 A_57 A_58 A_597 A_598 A_601 A_78 A_81
760, A_356 A_357 A_358 A_372 A_373 A_399 A_401 A_586 A_587 A_602 A_604 A_605 A_606 A_770 A_771 A_772 A_775
761, A_145 A_157 A_22 A_29 A_31 A_43 A_45 A_92 A_94 A_95 A_98
762, A_106 A_62 A_70 A_72 A_95
763, A_136 A_137 A_138 A_142 A_143 A_290 A_291 A_87
764, A_129 A_132 A_133 A_136 A_205 A_213 A_245
765, A_122 A_145 A_148
766, A_100 A_101 A_102 A_105 A_124 A_129 A_130 A_134 A_141 A_182 A_183 A_184 A_208 A_210 A_232 A_234 A_236 A_237 A_34 A_354 A_355 A_356 A_357 A_364 A_367 A_371 B_266 B_267 B_270 B_271 B_272 B_54 B_56 B_63 B_64
767, A_213 A_215 A_216 A_25 A_26 A_27 A_28 A_29 B_101 B_102 B_104 B_105 B_106 B_107 B_76
768, D_119 D_120 D_149 D_150 D_152 D_153 D_180 D_181 D_224 D_226 D_227 D_229 D_248 D_278 D_279 D_294 D_296 D_348 D_372 D_403 D_406 D_429 D_431 D_433 D_434 D_441
769,
770, A_193 A_209 A_214 A_215 A_217 A_231 A_233 A_239 A_241
771, A_268 A_271 A_272 A_275 A_306 A_309 A_310 A_313 A_326 A_342 A_345 A_349 A_435 A_450
772, D_60 D_64 D_67 D_68 G_108 G_110 G_111 G_148 G_150 G_177 G_179 G_183 G_184 H_129 H_131 H_132 H_133 H_134 H_137 H_85 H_86 H_87 H_89
773, A_101 A_141 A_142 A_144 A_154 A_23 A_24 A_31 A_44 A_46 A_75 A_91 A_92 A_93 A_94 A_95 A_97 A_98 B_167
774, A_637 A_640 A_641 A_644 A_647 A_648 A_651 A_655 A_666 A_667 A_670 A_671 A_674 A_677 A_678 B_644 B_647 B_648 B_651 B_655 B_663 B_666 B_667 B_670 B_671 B_674
775, A_142 A_144 A_150 A_200 A_45 A_46 A_48 A_49 A_50 A_51 A_63 A_64 A_65 A_68 A_70
776, U_189 U_190 U_191 U_192 U_195 U_213 U_214 U_215 U_216 U_219 U_220 U_224 U_225 U_226
777, A_146 A_165 A_172 A_173 A_175 A_180 A_181 A_182 A_183 A_184 A_193 A_194 A_196
778, A_166 A_168 A_205 A_206 A_208 A_210 A_249
779, A_141 A_142 A_145 A_155 B_401 B_404
780, A_10 A_16 A_58 A_59 A_60 A_68 A_71 A_72 A_9 A_95 A_96 A_99
781, C_141 C_143 C_144 C_145 C_173 C_192 C_194 C_195 C_196 C_197 C_198 C_199 C_200 C_201 C_203 C_234 C_235 C_236 C_237 C_255 C_257 C_258 C_281 C_283 C_284 C_285 C_318 C_319 C_68 C_69 C_70
782, A_100 A_101 A_102 A_111 A_115 A_118 A_119 A_72 A_73 A_74 A_75 A_78 A_95 A_99 G_638
783, A_265 A_270 A_273 A_295 A_297 A_414 A_429
784, A_262 A_289 A_320 A_321 A_326 A_329
785, A_107 A_108 A_109 A_110 A_150 A_153 A_178 A_179 A_180 A_181 A_183 A_184 A_255 A_256 A_257 A_258 A_259 A_32 A_351 A_352 A_505 A_508 A_514 A_515 A_518
786, A_263 A_264 A_265 A_270 A_271 A_273 A_276 A_293
787, A_681 A_682 A_683 A_685 A_711 A_714 A_715 A_718 A_744 A_745 A_748 A_752 A_808
788, A_101 A_105 A_13 A_155 A_233 A_234 A_235 A_259 A_264 A_282 A_284 A_285 A_286 A_288 A_291 A_53 A_54 A_74 A_75 A_77 A_78 A_80 A_98 B_134 B_135 B_137 B_138
789, B_108 B_110 B_198 B_199 B_202 B_203 B_292 B_294 B_296 B_300 B_303 B_338 B_341 B_342 B_345 B_360
790, A_284 A_286 A_312 A_313 A_315 A_316 A_317 A_318 A_319 A_338
791, A_101 A_103 A_26 A_27 A_28 A_29 A_62 A_64 A_99 D_36 D_37 D_38 D_39 D_58 D_7 D_87 D_89 D_90 D_92
792, A_148 A_151 A_152 A_52 A_82 A_85 A_86
793, B_595 B_596 B_597 B_598 B_599 B_601 B_603 B_640 B_642 B_687 B_688 B_689 B_690 B_693 B_694 B_734 B_736 B_738 B_739 B_741 B_758 B_761 B_762 B_775
794, A_180 A_181 A_183 A_206 A_208 A_211 A_214 A_227 A_60 A_61
795, A_230 A_232 A_248 A_250 A_251 A_266 A_267 A_268 A_269 A_286 A_287 A_302 B_310 B_313 C_183 C_192 C_236 C_238 C_239 C_254 C_255 C_256 C_257 C_272 C_274 C_276 C_290 C_291 C_292
796,
797, A_465 A_467 A_484 A_507 A_509 A_526 A_550 A_551 A_568 A_593 A_594 A_595
798,
799, A_116 A_119 A_122 A_123 A_126 A_127 A_130 A_132 A_134 A_135 A_136 A_191 A_195 A_198 A_243 A_244 A_247 A_248 A_249 A_283 A_284 A_286 A_287 A_288 A_290 A_291 A_298 A_299 A_301 A_302 A_303 A_304 A_305 A_310 A_311 A_388 A_392 A_393 A_79 A_80 A_81 A_83 A_84 A_87
800,
801, A_331 A_379 A_380 A_414 A_417 A_418 A_434
802, A_11 A_170 A_231 A_232 A_236 A_239 A_242 A_4 A_5 A_6 A_63 A_64 A_7 A_8
803,
804, A_176 A_179 A_180 A_197 A_201 A_202 A_206 A_208 A_251 A_254 A_255 A_297 A_298 A_299
805, B_101 B_102 B_103 B_104 B_133 B_134 B_135 B_137 B_138 B_139 B_140 B_141 B_165 B_186 B_187 B_192 B_193 B_195 B_196 B_199 B_67 B_68 B_69
806, B_21 B_22 B_24 B_395 B_399 B_402 B_414 B_416 B_59 B_61 B_76 B_78
807, A_182 A_185 A_220 B_118 B_119 B_120 B_121 B_122 B_123 B_125 B_128 B_135 B_143 B_144 B_145 B_146 B_149 B_91 B_92 B_94 B_95
808, A_103 A_105 A_113 A_118 A_119 A_124 A_127 A_128 A_131 A_48 A_49 A_55
809, A_127 A_132 A_135 A_136 A_137 A_138 A_139 A_261 A_262 A_265 B_122 B_125 B_126 B_127 B_129 B_256 B_257 B_260
810, B_115 B_119 B_122 B_126 B_127 B_129 B_130 B_133 B_167 B_168 B_171 B_174 B_175 B_178 B_182 B_219 B_38 B_41 B_42 B_45 B_46 B_49 B_53 B_56
811, A_103 A_105 A_113 A_118 A_119 A_124 A_128 A_48 A_49 A_55
812, B_159 B_160 B_201 B_204 B_206 B_207 B_208 B_209 B_210 B_229 B_230 B_271 B_273 B_274 B_318 B_319 B_321 B_329 B_332 B_336 B_339 B_340 B_343 B_355 B_356 B_357 B_368 B_369 B_372
813, A_144 A_145 A_146 A_158 A_160 A_237 A_238
814,
815, A_398 A_399 A_521 A_522 A_523 A_539 A_540 A_541 A_544 A_80 A_81
816, A_216 A_217 A_218 A_219 A_220 A_222 A_364 A_365 A_367 A_369 A_400 A_422 A_69 A_70 A_71
817, A_226 A_234 A_247 A_249 A_301 A_302 A_303 A_304 A_307 A_308 A_351 A_352 A_354 A_367 A_368
818, A_102 A_109 A_110 A_111 A_19 A_22 A_38 A_40 A_52 A_54 A_72 A_73 A_75 A_77
819, A_10 A_11 A_12 A_13 A_14 A_170 A_230 A_232 A_307 A_335 A_336 A_339
820, A_145 A_146 A_147 A_153 A_154 A_155 A_156 A_158 A_206 A_207 A_39 A_41 A_42 A_43 A_80 A_81 D_145 D_147 D_153 D_154 D_156 D_158 D_206 D_207 D_39 D_41 D_42 D_43 D_80 D_81
821, A_131 A_141 A_267 A_268 A_271 A_272 A_274 A_275 A_326 A_329 A_330 A_331 A_332 A_66 A_68 A_69 A_72
822, A_103 A_105 A_113 A_118 A_119 A_124 A_127 A_128 A_131 A_48 A_49
823,
824, A_443 A_491 A_518 A_520 A_525 A_687 A_690 A_691 A_692 A_722 A_738 A_739 A_742
825, B_140 B_141 B_142 B_143 B_144 B_145 B_163 B_164 B_165 B_166 B_187 B_188 B_189 B_25 B_26 B_27 B_41 B_49
826, A_125 A_205 A_206 A_209 A_357 A_358 A_547 A_549 A_550 A_629 A_630 A_631 A_656 A_662 A_666 A_710 A_740
827, A_802 A_804 A_805 A_806 A_810 A_812 A_831 A_833 A_841 A_867 A_879 A_880 A_881 A_882 A_885 A_887 A_890 A_950 A_953 A_961 A_963 A_964
828, A_1002 A_1037 A_1039 A_1041 A_1043 A_1045 A_1048 A_1052 A_1053 A_1056 A_1058 A_1101
829, A_155 A_157 B_228 B_229 B_230 B_312 B_316 B_319 B_330 B_331 B_334 B_417 B_418
830, A_123 B_105 B_107 B_108 B_114 B_18 B_19 B_22 B_29 B_41 B_42 B_43 B_44 B_45 B_53 B_99
831,
832, A_262 A_263 A_264 A_307 A_308 A_309 A_342 A_343 A_344 B_167 B_194 B_196 B_227 B_228 B_229 B_237 B_303 B_304 B_305 B_320 B_322 B_342 B_96
833, A_408 A_409 A_410 A_411 A_414 A_416 A_428 A_430 A_477 A_480 A_481 A_525 A_526 A_528 A_538 A_539
834, A_113 A_114 A_177 A_178 A_180 A_211 A_213 A_214 A_230 A_232 A_266 A_267 A_270 A_271 A_324 A_327 A_328
835, B_115 B_119 B_122 B_126 B_127 B_129 B_130 B_133 B_167 B_168 B_171 B_174 B_175 B_178 B_219 B_38 B_41 B_42 B_45 B_46 B_49 B_53 B_56 B_60
836, A_378 A_382 A_383 A_384 A_387 A_409 A_413 A_414 A_417
837, A_120 A_126 A_138 A_140 A_142 A_147 A_30 A_33 A_38 A_41 A_42 A_52 A_53 A_62 A_64 A_70 A_73 A_74 A_76 A_77 A_81 A_84 A_86 B_160 B_163
838,
839, A_101 A_107 A_111 A_173 A_175 A_176 A_201 A_224 A_226 A_227 A_229 A_231 A_251 A_252 A_255 A_256 A_259 A_293 A_296 A_297 A_300 A_34 A_36 A_363 A_364 A_365 A_367 A_368 A_37 A_38 A_39 A_390 A_391 A_394 A_61 A_81 A_96 A_97
840, E_10 E_62 E_63 E_64 E_73 E_75 E_77 E_82 E_9 K_36
841,
842, A_118 A_122 A_125 A_126 A_153 A_157 A_160 A_161 A_164 A_197 A_201
843, A_415 A_416 A_417 A_420 A_421 A_478 A_481 A_482 A_485
844, A_106 A_379 A_42 A_43 A_44 A_447 A_449 A_45 A_464 A_468 A_469 A_470 A_500 A_502 A_65 A_66 A_67 A_68 A_69 A_70
845, A_101 A_30 A_31 A_33 A_52 A_53 A_54 H_160 H_161 H_162 H_163 H_182 L_112 L_139 L_168 L_170 L_171 L_173
846, A_151 A_152 A_153 A_154 A_177 A_178 A_315 A_317 A_319 A_74
847, A_227 A_246 A_247 A_248 A_325 A_326 A_327 A_330 A_331 A_334 A_335 A_336 A_342 A_344 A_416
848,
849, B_90 B_91 D_30 D_31 D_5 D_65 D_98
850, A_158 A_159 A_161 A_25 A_280 A_284 A_293 A_295 A_299
851, A_362 A_390 A_411 B_370 B_399 B_400 B_401
852, A_133 A_138 A_151 A_153 A_166 A_209
853, A_100 A_14 A_63 A_65 A_93 A_96 A_97 B_100 B_14 B_63 B_64 B_65 B_93 B_96 B_97
854, A_153 A_154 A_155 A_158 A_187 A_196 A_197 A_198 A_244 A_247
855, A_11 A_170 A_231 A_232 A_239 A_242 A_4 A_5 A_6 A_63 A_64 A_7 A_8
856, A_143 A_195 A_196 A_198 A_199 A_202 A_203 A_206 A_233 A_234 A_236 A_238 A_240 A_67 A_70 A_71
857, A_120 A_122 A_123 A_140 A_285 A_329 A_332 A_346 A_350
858, A_106 A_109 A_110 A_113 A_119 A_162 A_163 A_165 A_167
859, B_101 B_102 B_123 B_141 B_145 B_146 B_73 B_85 B_89 B_95 B_97 B_98
860, A_111 A_112 A_113 A_114 A_126 A_130 A_234 A_253
861, A_181 A_182 A_183 B_109 B_110 B_111 B_112 B_113 B_114 B_116 B_130 B_133 B_134 B_136 B_138 B_139 B_140 B_141 B_144 B_82 B_83 B_84 B_85
862,
863,
864, A_150 A_151 A_176 A_177 A_178 A_179 A_183 A_185 A_186 A_189 A_75 A_78 B_150 B_151 B_176 B_177 B_178 B_179 B_183 B_185 B_186 B_189 B_193 B_75 B_78
865, A_104 A_105 A_107 A_122 A_127 A_53 A_60 A_62 A_73 A_75 A_77 A_82 A_83 A_84 A_85
866, A_300 A_301 A_302 A_326 A_330 A_332 A_333 A_409 A_410 A_422 A_423 A_514 A_517
867, A_128 A_133 A_152 A_157 A_159 A_197 A_209
868, A_213 A_216 A_232 A_238 A_241 A_245 A_333 A_335 A_337 A_338 A_351 A_353 A_354 A_374 A_375
869, A_167 A_169 A_171 A_172 A_186 A_187 A_188 A_189 A_202 A_203 A_204 A_48 A_49 A_67 A_69 A_73 A_74 A_75 A_76 A_88 A_89
870, F_100 F_103 F_104 F_107 F_109 F_112 F_171 F_174 F_196 F_197 F_200 F_201 F_204 F_205 F_206 F_239 F_240 F_242 F_243 F_244 F_246 F_247 F_255 F_257 F_261 F_266 F_267 F_268 F_344 F_347 F_348 F_59 F_60 F_63 F_96 F_99
871,
872, A_15 A_16 A_17 A_18 A_20 A_295 A_296 A_297 A_298 A_310 A_74 A_84 A_85 A_87
873, A_109 A_111 A_118 A_119 A_121 A_67 A_69 A_71
874, A_172 A_175 A_176 A_177 A_179 A_180 A_20 A_21 A_24 A_319 A_320 A_322 A_323 A_326
875,
876, A_14 A_203 A_227 A_231 A_68 A_69 A_72 A_86 A_89
877, A_132 A_159 A_161 A_164 A_171 A_173 A_237 A_240 A_249 A_252 A_253 A_254 A_273 A_278 A_282
878,
879, A_587 A_606 A_623 A_631 A_635 A_640 A_641 A_659
880, H_201 H_202 H_203 H_204 H_205 H_206 Z_153 Z_156 Z_159 Z_170 Z_175 Z_179 Z_183
881, A_10 A_11 A_12 A_13 A_146 A_15 A_174 A_203 A_205 A_206 A_208 A_234 A_238 A_272 A_275 A_276 A_279 A_342 A_343 A_344 A_346 A_347 A_35 A_369 A_372 A_69 A_8 B_33
882, A_127 A_129 A_130 A_131 A_132 A_133 A_135 A_136
883, F_120 F_133 F_137 F_139 F_141 F_142 F_143 F_48 F_61 F_62
884, A_101 A_102 A_105 A_153 A_154 A_155 A_174 A_205 A_206 A_207 A_233 A_234 A_235 A_264 A_282 A_284 A_285 A_286 A_291 A_53 A_54 A_74 A_75 A_76 A_77 A_78 A_80 A_98 A_99 B_132 B_134 B_135 B_138
885, A_118 A_119 A_121 A_122 A_123 A_125 A_126 A_162 A_186 A_189 A_190 A_208 A_209 A_212 A_213 A_215 A_216 A_219 A_220 A_266 A_92 A_95 A_96 A_99
886, A_213 A_243 A_244 A_245 A_252 A_253 A_254 A_255 A_258 A_321 A_322 A_323 A_325 A_370
887, A_61 A_65 A_68 A_70 A_71 B_61 B_65 B_68 B_70 B_71 C_61 C_65 C_68 C_70 C_71 D_65 D_68 D_70 D_71 E_61 E_65 E_68 E_70
888, A_520 A_543 A_544 A_551 A_552 A_559 A_560 A_564 A_574
889, A_112 A_113 A_120 A_124 A_126 A_138 A_140 A_142 A_147 A_30 A_33 A_38 A_41 A_42 A_45 A_52 A_53 A_62 A_64 A_70 A_73 A_74 A_76 A_77 A_80 A_81 A_84 A_86 B_160 B_161 B_163
890, A_412 A_413 A_521 A_525 A_526 A_539 A_542 A_543 A_546 A_551 A_558 A_560
891, A_141 A_160 A_162 A_168 A_283 A_404 A_405 A_444 A_446 A_449 A_451 A_556 A_557 A_559 A_560 A_93 A_95 A_96 A_97
892, A_146 A_149 A_150 A_152 A_154 A_216 A_217 A_220 C_146 C_149 C_150 C_154 C_216 C_217 C_220
893, B_119 B_120 B_121 B_122 B_200 B_207 B_26 B_27 B_28 B_29
894, B_165 B_169 B_174 B_176 B_366 B_392 B_393 B_394 B_395
895, A_245 A_246 A_247 A_248 A_275 A_279 A_308 A_309 A_312 A_315 A_316 A_363 A_366 A_370
896, A_12 A_13 A_15 A_16 A_17 A_18 A_57 A_58 A_59 A_60 A_61
897, A_189 A_190 A_191 A_192 A_193 A_195 A_213 A_214 A_215 A_216 A_219
898, D_106 D_379 D_41 D_42 D_43 D_44 D_464 D_466 D_469 D_470 D_500 D_502 D_65 D_66 D_68 D_70
899, A_181 A_195 A_197 A_199 A_203 A_204 A_206 A_213 A_214 A_217 A_222 A_356
900, A_1785 A_1873 A_1874 A_1901 A_1903 A_1919 A_1926 A_1927 A_1961 A_1964 A_1965 A_1966 A_1970 B_1785 B_1873 B_1874 B_1901 B_1903 B_1919 B_1926 B_1927 B_1961 B_1964 B_1965 B_1966 B_1970
901, A_321 A_324 A_325 A_329 A_331 A_71 A_72 A_75 A_76 A_80
902, A_101 A_102 A_105 A_150 A_153 A_163 A_164 A_24 A_25 A_29 A_30 A_32 A_45 A_47 A_66 A_70 A_79 A_93 A_95 A_96 A_97 A_98
903,
904, A_226 A_227 A_248 A_285 A_286 A_288 A_290
905, B_133 B_134 B_135 B_136 B_138 B_142 B_280 B_282 B_283 B_284 B_285 B_287 B_292 B_339 B_341 B_377 B_378 B_383 B_384 B_385 B_455 B_484 B_485 B_486 B_491 B_567 B_568 B_569 B_574 B_648 B_650 B_653 B_657 B_665 B_671 B_672 B_673 B_674 B_675 B_676 B_677 B_679 B_681 B_684 B_88 B_90
906, A_1007 A_1047 A_1073 A_1078 A_1080 A_1083 A_1084 A_1085 A_965
907, A_30 A_45 A_5 B_30 B_45 B_5 C_30 C_45 C_5
908, A_172 A_174 A_175 A_177 A_242 A_247 A_360 A_362
909, A_856 A_858 A_899 A_929 A_931 A_949 A_951 A_955 A_956 A_958 A_961 A_968 A_970 A_977 A_979 A_987 A_989
910, A_201 A_205 A_208 A_209 A_240 A_243 A_247 A_282 A_283 A_286
911, A_228 A_229 A_230 A_326 A_338 A_339 A_341 A_342 A_345 A_381 A_383 A_384 A_432 A_433 A_434 A_436 A_437
912,
913, A_1018 A_1021 A_1038 A_1042 A_1061 A_1087 A_1088 A_1106
914, A_102 A_104 A_12 A_130 A_131 A_14 A_15 A_152 A_16 A_169 A_17 A_170 A_54 A_55 A_56 A_73 A_75 A_76
915, A_33 A_37 A_40 A_47 A_50 A_51 A_54 A_55 A_58 A_63
916, A_129 A_132 A_133 A_136 A_205 A_211 A_213 A_245 A_246
917, A_123 A_126 A_127 A_159 A_291 A_294 A_299 A_302 A_77
918, A_349 A_350 A_368 A_370 A_375 A_378 A_380 A_383 A_384 A_387 A_481 A_483 A_484
919, A_771 A_772 A_776 A_791 A_846 A_850 A_852
920, A_11 A_169 A_230 A_238 A_241 A_5 A_6 A_63 A_64 A_7 A_8
921, A_502 A_514 A_515 A_516 A_517 A_518 A_750 A_751 A_752 A_772 A_775 A_776 A_780 A_781 A_784 B_502 B_514 B_515 B_516 B_517 B_518 B_750 B_751 B_752 B_772 B_775 B_776 B_780 B_781 B_784
922, A_100 A_139 A_221 A_25 A_28 A_43 A_46 A_47 A_50 A_51 A_69 A_70 A_71 A_85 A_86 A_89 A_92 A_93 A_96
923, B_111 B_7 B_80 B_82 B_85 B_88 B_9 C_111 C_7 C_8 C_80 C_82 C_85 C_86 C_88 C_9
924, A_102 A_109 A_110 A_111 A_19 A_22 A_23 A_38 A_40 A_41 A_52 A_72 A_73 A_75 A_77
925, A_216 A_217 A_220 A_380 A_383 A_384 A_387 A_410 A_414 A_439
926, A_103 A_105 A_113 A_118 A_119 A_124 A_127 A_128 A_131 A_48 A_49 A_55
927, A_293 A_348 A_350 A_351 A_352 A_390 A_392 A_407 A_409
928, A_10 A_100 A_58 A_59 A_61 A_62 A_63 A_64 A_65 A_68 A_69 A_72 A_9 A_95 A_96 A_99
929,
930, A_14 A_15 A_202 A_203 A_227 A_231 A_232 A_234 A_235 A_261 A_264 A_265 A_268 A_41 A_56 A_59 A_63 A_68 A_69 A_72 A_89 A_91
931, B_102 B_114 B_118 B_121 B_125 B_195 B_198 B_199 B_202 B_217 B_220 B_221 B_228 B_265 B_266 B_269 B_270 B_28 B_281 B_282 B_285 B_286 B_289 B_32 B_35 B_55 B_58 B_59 B_95 B_96 B_98 B_99
932, A_395 B_337 B_375 B_379 B_384 B_388 B_389 B_392 B_396
933, A_193 A_195 A_41 A_57 A_58 A_60A
934,
935, A_135 A_138 A_139 A_143 A_86 A_89 A_90
936, A_109 A_110 A_111 A_112 A_113 A_114 A_116 A_130 A_131 A_138 A_139 A_140 A_141 A_144 A_82 A_83 A_84 A_85 B_180 B_181 B_182 B_183 B_218
937, A_605 A_607 B_511 B_512 B_513 B_558 B_559 B_592 B_594
938, A_323 A_324 A_325 A_326 A_353 A_357 A_360 A_386 A_390 A_393 A_394 A_445 A_449
939,
940, C_145 C_147 C_149 C_154 C_155 C_156 C_158 C_160 C_161 C_200 C_202 C_205 C_251 C_253 C_265 C_296
941,
942, A_232 A_272 A_273 A_274 A_309 A_310 A_349 A_352 B_279 B_281 B_282 B_283 B_289 B_293 B_294 B_33 B_35 B_36 B_48 B_52
943, A_351 A_353 A_380 A_395 A_396 A_397 A_401 A_425 A_426 A_596 A_605 A_607 A_654 A_658 A_659 A_662 A_663 A_666 A_718 A_719 A_720
944, A_227 A_230 A_237 A_240 A_242 A_243 A_83
945, A_164 A_242 A_25 A_34 A_37 A_41
946, A_275 A_278 A_281 A_287 A_288 A_291 A_294 A_295 A_781 A_782 A_871 A_872 A_874 A_875
947, A_102 A_103 A_104 A_270 A_75 A_83 A_85
948, E_119 E_120 E_121 E_123 E_124 E_190 E_56 E_76 E_77 E_80
949, A_136 A_141 A_148 A_150 A_173 A_175 A_237 A_66 A_68 A_69 A_87 A_88
950,
951, A_103 A_105 A_113 A_118 A_124 A_128 A_131 A_48 A_49 A_55
952, A_127 A_141 A_142 A_143 A_144 A_145 A_156 A_157 A_160 A_161 A_164 A_169 A_173 A_176 A_199 A_200 A_201 A_202 A_232 A_234 A_236 A_262 A_263 A_285 A_286 A_319 A_320 A_339 A_340 A_341 A_346
953, A_12 A_127 A_129 A_13 A_131 A_132 A_145 A_147 A_148 A_15 A_33 A_34 A_35 A_47 A_51
954, A_145 A_147 A_151 A_220 A_221 A_223
955,
956, A_101 A_104 A_105 A_123 A_136 A_137 A_140 A_141 A_144 A_15 A_181 A_182 A_183 A_264 A_266 A_267 A_268 A_269 A_293 A_294 A_296 A_297 A_322 A_323 A_324 A_75 A_99
957, E_236 E_359 E_360 E_361 F_205 F_206 F_207 F_209 F_212 F_213 F_216 F_248 F_249 F_250 F_251 F_252 F_253 F_254 F_304 F_369 F_370 F_372 F_380 F_383 F_384 F_408 F_409 F_412
958, A_406 A_410 A_411 A_414 A_487 A_491 A_494 A_89 A_92 A_93 A_96 A_99
959, A_169 A_172 A_247 A_248 A_285 A_286 A_287 A_288 A_291 A_295
960, A_227 A_230 A_237 A_240 A_242 A_243 A_83
961, A_111 A_130 A_131 A_132 A_133 A_134 A_142 A_144 A_254 A_384 A_385 A_65 A_67 A_73 A_75 A_86
962, A_227 A_230 A_237 A_240 A_242 A_243 A_83
963, A_173 A_174 A_175 A_266 A_267 A_43 A_65 A_67
964, A_209 A_224 A_225 A_234 A_435 A_436 A_437 A_438 A_448 A_449 A_452 A_453 A_456 A_496 A_90 A_91 A_92 A_93 A_94
965, A_156 A_157 A_158 A_159 A_187 A_188 A_192 B_100 B_101 B_102 B_103 B_153 B_183 B_184 B_236 B_238 B_239 B_253 B_50 B_51 B_52 B_53 B_54 B_55 B_56 B_57
966, A_123 A_125 A_126 A_127 A_154 A_156 A_158 A_160 A_163 A_165 A_19 A_20 A_207 A_208 A_209 A_21 A_210 A_232 A_234 A_267 A_271 A_85 A_86 A_88 B_123 B_125 B_126 B_145 B_146 B_147 B_148 B_150 B_162 B_164 B_167 B_168 B_169
967,
968, A_114 A_116 A_117 A_52 A_53 A_89 B_11 B_13 B_14 B_17 B_18 B_21
969, A_312 A_313 A_315 A_316 A_320 A_323 B_248 B_249 B_250 B_251 B_270 B_271 B_272 B_273 B_274 B_276 B_277 B_298 B_310 B_314 B_317 B_318 B_321 B_48 B_51 B_52 B_55 B_56
970,
971, B_124 B_127 B_128 B_131 B_183 B_222 B_225 B_226 B_229 B_237 B_29 B_31 B_32 B_33 B_34 B_56 B_57 B_71 B_72
972, A_18 A_21 A_23 A_25 A_31 A_71 A_72 A_73
973, A_135 A_137 A_157 A_207 A_26 A_27
974, A_108 A_111 B_109 B_17 B_36 B_47 B_48 B_50 B_56 B_57 B_58 B_59 B_60 B_67 B_68 B_69
975, D_152 F_10 F_105 F_112 F_113 F_115 F_118 F_119 F_12 F_121 F_129 F_133 F_51 F_52 F_55 F_60 F_63 F_64 F_67 F_68 F_8 F_88 F_94
976,
977, A_131 A_141 A_267 A_268 A_271 A_272 A_274 A_275 A_326 A_329 A_330 A_331 A_332 A_63 A_66 A_68 A_69 A_72
978, A_190 A_202 A_38 A_42 A_72 A_75 A_76 A_79 A_82 A_86 D_202 D_38 D_42 D_72 D_75 D_76 D_79 D_82 D_86
979,
980, A_159 A_216 A_217 A_237 A_238 A_243 A_26 A_42 A_44 A_97
981, B_103 B_104 B_109 B_110 B_137 B_139 B_16 B_177 B_18 B_20 B_221 B_222 B_250 B_252 B_266 B_267 B_42 B_44
982, A_404 A_406 A_431 A_507 A_509 A_532 A_533 A_534 A_535 B_255 B_258 B_259 B_421 B_422 B_424 B_425 B_426
983, A_520 A_521 A_522 A_525 A_569 A_571 A_598 A_599 A_602 A_633 A_634 A_635 A_636 A_640 A_693 B_102 B_103 B_104 B_105 B_106 B_108 B_109 B_140 B_142 B_192 B_193 B_194 B_229 B_231 B_232 B_235 B_260 B_262 B_263 B_264 B_392
984, A_127 A_130 A_76 A_79 A_80 A_81 A_82 A_91
985, B_108 B_110 B_115 B_117 B_120 B_159 B_160 B_163 B_164 B_167 B_59 B_60 B_61 B_62 B_81 B_83 B_87 B_88 B_89 B_92 B_94
986, A_1054 A_1055 A_1067 A_1111 A_1112 A_1127 A_1129 A_1132 A_1135 A_1138 A_977 A_979 A_980
987, A_234 A_235 A_237 A_251 A_252 A_253 A_260 A_262 A_263 A_266 A_271 A_324
988, A_133 A_134 A_135 A_136 A_138 A_142 A_280 A_282 A_283 A_284 A_285 A_286 A_292 A_339 A_340 A_341 A_377 A_378 A_383 A_384 A_385 A_455 A_484 A_486 A_491 A_567 A_568 A_569 A_574 A_608 A_648 A_649 A_650 A_653 A_657 A_671 A_672 A_673 A_674 A_675 A_676 A_677 A_681 A_684 A_88 A_90
989, H_2 H_22 H_24 H_27 H_30 H_31 H_33 H_34 H_4 H_51 H_52A H_71 H_76 H_78 H_94
990, A_242 A_252 A_255 A_256 A_259 A_275 A_276 A_277 A_281 A_302 A_305 A_306 A_307
991, A_190 A_191 A_192 A_195 A_214 A_215 A_216 A_57 A_99
992,
993, A_460 A_498 A_499 A_515 A_516 A_518 A_556 A_628 A_629 A_654 A_655 A_656 A_658 A_686 A_689 A_690
994, A_178 A_180 A_181 A_196 A_198 A_202 A_203 A_205 A_242 A_243 A_258 A_264 A_305 A_323 A_405 A_406 A_407 A_422 A_424 A_476 A_477 A_512 A_540
995, A_141 A_147 A_152 A_153 A_157 A_158 A_161 A_162 A_190 A_192 A_194
996, A_1806 A_1810 A_1812 A_1813 A_1814 A_1815 A_1818 A_1825 A_1826 A_1830 A_1880 A_1881 A_1924
997, A_145 A_146 A_148 A_15 A_152 A_33 A_36 A_41 A_44 A_45 A_48 A_49 A_52 A_55 A_64 A_66 A_69 A_76 A_78 A_80
998, A_102 A_112 A_114 A_116 A_12 A_121 A_146 A_171 A_172 A_173 A_176 A_195 A_196 A_197 A_198 A_223 A_225 A_226 A_228 A_243 A_246 A_249 A_252 A_253 A_254 A_255 A_256 A_257 A_259 A_260 A_281 A_284 A_288 A_48 A_49 A_52 A_8 B_34 B_36 B_38
999, A_192 A_195 A_196 A_26 A_28 A_36 A_375 A_376 A_377 A_379 A_38 A_380 A_383 A_388 A_39 A_393 A_394 A_395 A_396 A_42
1000,
1001, A_104 A_107 A_181 A_184 A_189 A_262 A_265 A_266
1002,
1003, B_102 B_107 B_108 B_109 B_132 B_135 B_137 B_138 B_184 B_186 B_47 B_48 B_50 B_51 B_52 B_54 B_55 B_58 B_91 B_93 B_96 B_97 B_98
1004, A_204 A_208 A_211 A_243 A_247 A_248 A_249 A_253 A_254 A_255
1005, A_137 A_172 A_178 A_179 A_180 A_198 A_200 A_235
1006, A_119 A_12 A_120 A_122 A_123 A_126 A_48 A_9
1007, H_162 H_164 H_183 L_138 L_167 L_169 L_170
1008, A_153 A_154 A_157 A_188 A_189 A_196 A_22 A_23 A_233 A_236 A_237 A_24 A_53 A_54 A_55 A_56
1009, A_103 A_121 A_122 A_137 A_139 A_141 A_145 A_146
1010, A_750 A_752 A_758 A_759 A_760 A_777 A_779 A_787 A_813 A_825 A_826 A_828 A_831 A_833 A_897 A_900 A_910 A_911
1011, D_530 D_576 D_579 D_581 D_617 D_621 D_644 D_646 D_648
1012, A_14 A_17 A_273 A_324 A_326 A_35 A_37 A_54 A_55 A_84 A_85 A_86
1013, A_130 A_134 A_45 A_66 A_72 A_75 A_76 A_79 A_80 A_91
1014, A_137 A_176 A_178 A_179 A_182 A_184 A_239 A_241 A_242 A_243
1015, H_1 H_128 H_129 H_19 H_20 H_21 H_47 H_97 Z_33
1016, A_1099 A_1100 A_1101 A_1170 A_1173 A_1174 A_1243 A_1244 A_1245 A_1278
1017, A_200 A_201 A_218 A_221 A_222 A_375 A_376 A_379 A_381 B_101 B_102
1018, B_247 B_248 B_249 B_250 B_256 B_257 B_258 B_259 B_262 B_287 B_289 B_290 B_291 B_292 B_368 B_472 B_473 B_474 B_477 B_478 B_480 B_481 B_516 B_518 B_519 B_522 B_523 B_545 B_546 B_547 B_548 B_555
1019, B_117 B_119 B_129 B_130 B_133 B_139 B_141 B_197 B_198 B_199 B_200 B_201 B_208 B_4 B_64 B_66 B_67 B_69 B_88 B_89 B_91 B_93
1020, B_197 B_204 B_205 B_208 B_209 B_216 B_218 B_219 B_46 B_57 B_60 B_61
1021,
1022, A_117 A_119 A_120 A_125 A_126 A_129 A_130 A_138 A_151 A_155 A_95 A_96 A_97 A_98
1023, A_268 A_271 A_287 A_290 A_291 A_294 A_332 A_335 A_336 A_337 A_342
1024, A_36 A_67 A_69 B_46 B_50 B_51 B_68 B_70 D_64 D_65 D_66
1025, A_259 A_260 A_261 A_263 A_264 A_266 A_267 A_270 A_291 A_292 A_293 A_294 B_180 B_181 B_183 B_185 B_186 B_200 B_202 B_203 B_205 B_214 B_216 B_217 B_64 B_65 B_66 B_67 B_85 B_87 B_88 B_90 B_93 B_95 B_96 B_97
1026,
1027, A_150 A_151 A_152 A_154 A_156 A_277 A_279 A_32 A_64 A_65 A_69 A_71 A_87 A_88
1028, A_101 A_103 A_117 A_74 A_78 A_79 A_92 A_93 A_94
1029, A_630 A_667 A_669 A_672 A_674 A_675 A_791 A_792 A_797
1030, A_249 A_255 A_258 A_259 A_262 A_280 A_281 A_284 A_285 A_341 A_342 A_348
1031, A_11 A_16 A_170 A_171 A_18 A_19 A_20 A_202 A_204 A_220 A_221 A_40 A_41 A_43 A_44 A_45 A_46 A_49 A_54 A_55 A_89 A_90 A_91 B_1137 B_1138 B_1141 B_1144 B_1145 B_1146 B_1147 B_1148 B_1149 B_1150 B_1151 B_1175
1032, A_807 A_808 A_811 A_819 A_821 A_825 A_826 A_829 A_945 A_949 A_952 A_961 A_962
1033, B_100 B_101 B_103 B_104 B_111 B_121 B_122 B_125 B_158 B_161 B_162 B_165 B_183 B_187 B_188 B_192 B_193 B_195 B_196 B_31 B_32 B_35 B_39 B_43 B_68 B_71 B_75 B_76 B_79 B_80
1034, A_42 A_43 A_51 A_55 A_80 A_84 A_89 A_97 B_20
1035, A_284 A_341 A_345 A_347 A_362 A_521 A_523 A_524
1036, A_126 A_155 A_168 A_169 A_174 A_177 A_199 A_200 A_203 A_208
1037, C_50 C_51 C_56 C_77 C_79 C_85 C_87 C_96 C_99
1038,
1039, A_158 A_160 A_206 A_208 A_211 A_213 A_254 A_256 A_258 A_262 A_264 A_267 A_98 A_99
1040, A_788 A_830 A_832 A_847 A_849 A_858 A_859 A_864 A_867 A_868 A_886 A_890
1041,
1042,
1043, A_127 A_130 A_131 A_134 A_176 A_179 A_180 A_184
1044, A_238 A_246 A_252 A_253 A_254 A_274 A_276 A_284
1045, B_100 B_101 B_102 B_141 B_145 B_146 B_147 B_52 B_71 B_73 B_80 B_82 B_88 B_89 B_90 B_91 B_98
1046, A_238 A_241 A_242 A_247 A_249 A_257 A_260 A_261
1047, A_1007 A_1047 A_1073 A_1078 A_1080 A_1083 A_1085 A_965
1048, A_123 A_125 A_194 A_242 A_271 A_272 A_301 A_341 A_46
1049, A_10 A_11 A_155 A_156 A_157 A_158 A_159 A_160 A_161 A_303 A_304 A_306 A_307 A_308 A_339 A_361 A_8 A_9
1050, A_11 A_13 A_216 A_237 A_239 A_240 A_241 A_243 A_245 A_31 A_33 A_34 A_36 B_26 B_28 B_29 B_52 B_53 B_56 B_57 B_58 B_63 B_65
1051, A_807 A_808 A_811 A_819 A_821 A_825 A_829 A_945 A_946 A_949 A_960 A_961 A_962
1052, B_112 B_115 B_116 B_28 B_280 B_281 B_284 B_285 B_29 B_30 B_31 B_336 B_34 B_370 B_375 B_379
1053, A_113 A_211 A_212 A_232 A_233 A_235 A_237 A_239 A_241 A_27 A_29 A_30 A_32 A_48 A_6 A_8 A_98 B_26 B_52 B_53 B_55 B_57 B_58 B_63 B_65 B_67
1054,
1055, A_128 A_133 A_152 A_157 A_159 A_197 A_209
1056, A_193 A_195 A_209 A_210 A_213 A_215 A_217 A_231 A_233 A_235 A_239 A_241
1057,
1058, B_1408 B_1409 B_1412 B_1413 B_1418 B_1421 B_1429 B_1430 B_1456 B_1460 B_1463 B_1464 B_1470
1059, A_101 A_102 A_125 A_126 A_53 A_84 A_85 A_88 A_89 A_97 A_98
1060, A_125 A_289 A_292 A_297 A_325 A_326 A_327 A_328 A_414 A_603 A_606 A_631 A_634 A_635 A_636 A_637
1061,
1062, A_159 A_160 A_164 A_201 A_204 A_206 A_207 A_208 A_209 A_210 A_229 A_230 A_271 A_272 A_273 A_274 A_318 A_319 A_321 A_322 A_329 A_332 A_336 A_339 A_340 A_343 A_355 A_356 A_357 A_358 A_369 A_372 A_376
1063, A_109 A_131 A_134 A_135 A_192 A_90
1064, B_1105 B_1141 B_1142 B_1166 B_1168 B_1169 B_1170 B_1211 B_1215 B_1216 B_1223 B_1224 B_1225 B_1226
1065,
1066,
1067, A_149 A_16 A_18 A_392 A_393 A_396 A_397 A_398 A_399 A_40 A_400 A_401 A_415 A_42 A_423 B_184 B_185 B_188 B_189 B_191 B_193 B_196 B_197 B_219 B_240 B_241 B_242 B_244 B_246 B_247 B_248 B_273 B_275 B_304 B_307 B_309 B_311 B_313 B_349 B_351 B_353 B_354 B_355 B_356 B_357 B_376 B_379 B_383 B_384 B_385 B_389
1068, B_117 B_119 B_129 B_130 B_133 B_139 B_141 B_197 B_198 B_199 B_2 B_200 B_201 B_208 B_4 B_64 B_66 B_67 B_69 B_88 B_89 B_91 B_93
1069, A_255 A_256 A_258 A_277 A_285 A_290 A_291 A_292 A_293 A_296 A_300 A_306
1070, B_119 B_122 B_126 B_127 B_167 B_168 B_171 B_174 B_175 B_219 B_42 B_45 B_49
1071, A_367 A_370 A_371 A_412 A_415 A_450 A_460
1072, A_16 A_19 A_20 A_23 A_25 A_29 A_33 A_38 A_40 A_51 A_53 A_55 C_104 C_106 C_108 C_117 C_119 C_128 C_57 C_58 C_60 C_62 C_76 C_77 C_97
1073, A_11 A_170 A_231 A_232 A_233 A_236 A_239 A_3 A_4 A_5 A_6 A_63 A_64 A_7 A_8
1074, B_125 B_205 B_206 B_209 B_357 B_547 B_552 B_630 B_631 B_656 B_659 B_662 B_666 B_740
1075, A_126 A_127 A_427 A_428 A_429 A_440 A_443 A_448 A_454 A_456 A_77 A_81
1076, A_520 A_543 A_551 A_552 A_554 A_559 A_560 A_572 A_574
1077, A_117 A_142 A_143 A_144 A_275 A_303 A_335 A_337 A_339 A_341 A_343 A_356 A_357 A_366 A_368 A_369 A_370 A_371 A_373 A_414 A_416 A_418
1078, A_219 A_221 A_223 A_234 A_237 A_240 A_278 A_280 A_282 A_294 A_295 A_296 A_298 A_36 A_51
1079, A_13 A_15 A_172 A_175 A_176 A_178 A_289 A_291 A_340 A_378 A_414 A_415 A_448 A_449 A_451 A_454 A_456 A_458 A_48 A_85 A_87
1080, A_250 A_251 A_252 A_43 A_50 A_52 A_60 A_62 A_74 A_76
1081, A_163 A_166 A_167 A_170 A_193 A_194 A_196 A_229 A_230 A_233 A_258 A_262 A_267 A_268 A_271 A_274 D_189
1082, A_130 A_132 A_187 A_189 A_95 A_96 A_98
1083, A_300 A_301 A_326 A_330 A_332 A_409 A_410 A_422 A_423 A_514 A_517
1084,
1085, A_180 A_181 A_182 A_185 A_75 A_77 A_79 A_81 A_92 A_94
1086, A_824 A_825 A_828 A_829 A_832 A_869 A_872 A_873 A_876 A_929 A_930 A_931 A_934 A_935
1087, A_112 A_114 A_130 A_150 A_176 A_55 A_61 A_64 A_65 A_85
1088,
1089, A_311 A_316 A_317 A_319 A_322 A_324 A_325 A_340 A_343 A_344 A_347 A_349 A_350 A_374 A_377 A_378 B_322 B_324 B_325 B_327 B_328 B_333
1090, A_52 A_55 A_58 A_59 A_97 A_98 B_131 B_134 B_137 B_138 B_142
1091, A_109 A_130 A_133 A_242 A_244 A_379 A_381 A_382 A_383 A_384 A_408 A_410 A_415 A_417
1092, A_28 A_30 A_325 A_326 A_327 A_328 A_329 A_36 A_38 A_388 A_389 A_394 A_395 A_44 A_47 A_49 A_50 A_51 A_52
1093, A_102 A_133 A_137 A_304 A_307 A_308 A_95 A_98 A_99
1094, A_179 A_235 A_236 A_239 A_83 A_85 A_95
1095, A_100 A_58 A_68 A_72 A_9 A_96 A_99
1096, A_109 A_111 A_114 A_152 A_153 A_154 A_17 A_18 A_182 A_183 A_185 A_186 A_187 A_188 A_205 A_208 A_211 A_244 A_251 A_340 A_341 A_345 A_346
1097, A_178 A_180 A_181 A_182 A_185 A_77 A_79 A_81 A_92 A_94
1098, A_183 A_184 A_185 A_192 A_195 A_197 A_219 A_220 A_221 A_236 A_238 A_239 A_240 A_254 A_255 A_256 A_257 A_258 A_272 A_274 A_275 A_276 B_232 B_248 B_250 B_251 B_266 B_267 B_268 B_269 B_284 B_285 B_286 B_287 B_30 B_31 B_32 B_41 B_43 B_80 B_83
1099, A_130 A_133 A_134 A_169 A_170 A_171 A_204 A_206 A_207 A_234 A_238 A_239 A_240
1100, A_229 A_232 A_233 A_244 A_247 A_248 A_284
1101,
1102,
1103, A_367 A_370 A_371 A_405 A_406 A_408 A_409 A_429 A_431 A_432 A_433 A_436 A_501 A_502 A_506 A_507 A_508 A_509 A_510 A_512 A_513
1104, A_631 A_687 A_689 A_691 A_714 A_717 B_631 B_687 B_689 B_691 B_714 B_717
1105, A_268 A_271 A_272 A_275 A_306 A_309 A_310 A_313 A_326 A_342 A_345 A_346 A_349 A_435 A_450
1106, A_374 A_377 A_378 A_381 A_382 A_384 A_385 A_386 A_389 A_392 A_406 A_417 A_418 A_419 A_524 A_554 A_556
1107, A_11 A_37 A_7 A_74 A_76 A_81 A_83 A_9
1108,
1109, A_1128 A_1150 A_1151 A_1152 A_1156 A_1160 A_1164 A_1167 A_1270 A_1272 A_1275
1110, A_595 A_710 A_712 A_715 A_732 A_736 A_753 A_754
1111, C_101 C_102 C_103 C_105 C_108 C_112 C_12 C_13 C_16 C_19 C_20 C_24 C_75 C_77 C_81 D_84 D_88 D_91
1112, A_148 A_150 A_151 A_172 A_174 A_175 A_223 A_226 A_230
1113, A_43 A_55 A_56 A_57 A_66 A_67
1114, A_143 A_144 A_164 A_169 A_174 A_178 A_275
1115, A_224 A_227 A_228 A_231 A_235 A_249 A_250 A_253 A_254 A_263 A_266 A_267 A_270
1116, A_170 A_609 A_610 A_642 A_646 A_650 A_735 A_736 A_737 A_788 A_791 A_792 A_795 A_812 A_813 A_814 A_815 A_826
1117, A_88 C_101 C_102 C_103 C_115 C_116 C_2 C_24 C_27 C_28 C_29 C_30 C_31 C_32 C_33 C_34 C_53 C_55 C_56 C_75 C_77 C_80
1118, A_143 A_146 A_147 A_150 A_366 A_367 A_370 A_46 A_47 A_49 A_51 A_53 A_54
1119, A_412 A_413 A_430 A_521 A_525 A_526 A_539 A_543 A_546 A_551 A_558 A_560
1120, H_22 H_27 I_104 I_105 I_106 I_122 I_123 I_124 I_125 I_130 I_137 I_138 I_139 I_140 I_142 I_146 I_4 I_53 I_54
1121, A_109 A_110 A_111 A_112 A_113 A_114 A_116 A_130 A_131 A_136 A_138 A_139 A_140 A_141 A_144 A_82 A_83 A_84 A_85 A_86 B_180 B_181 B_182 B_183 B_218
1122, A_100 A_102 A_103 A_104 A_106 A_107 A_145 A_147 A_184 A_186 A_188 A_196 A_199 A_201 A_202 A_205 A_207 A_237 A_238 A_239 A_279 A_281 A_294 A_296 A_93
1123, A_636 A_639 A_640 A_643 A_648 A_649 A_802 A_839 A_844 A_845 A_846 A_847 A_864 A_865 A_866
1124,
1125,
1126,
1127, H_20 H_21 H_22 H_27 I_103 I_104 I_105 I_106 I_122 I_123 I_124 I_125 I_128 I_130 I_137 I_138 I_139 I_140 I_142 I_146 I_4 I_53 I_54
1128, A_345 A_367 A_372 A_390 A_392 A_393 A_394
1129,
1130, A_772 A_774 A_778 A_780 A_800 A_802 A_807 A_810 A_814 A_836 A_848 A_849 A_850 A_851 A_854 A_856 A_859 A_922 A_932 A_933
1131, B_104 B_13 B_15 B_18 B_40 B_86 B_89 B_91 B_92 B_93 B_96
1132, A_207 A_208 A_209 A_213 A_216 A_236 A_237 A_239 A_268 A_270 A_282 A_283 A_284 A_287 A_289 A_291 A_328 A_332 A_334 A_335 A_336 A_337 A_340 A_355 A_356 A_357 A_358 A_360 A_389 A_391 A_394 A_396 A_397
1133, A_143 A_144 A_146 B_108 B_11 B_110 B_111 B_115 B_116 B_12 B_14 B_15 B_16 B_17 B_201 B_37 B_40 B_41 B_45 B_47 B_49 B_72 B_73 B_74
1134, A_133 A_134 A_135 A_136 A_138 A_283 A_284 A_339 A_341 A_377 A_378 A_455 A_484 A_491 A_567 A_568 A_569 A_574 A_648 A_649 A_650 A_653 A_665 A_672 A_673 A_674 A_675 A_676 A_677 A_680 A_88 A_90
1135, A_223 A_224 A_225 A_228 A_266 A_267 A_268 A_272 A_288 A_289
1136, A_1 A_106 A_108 A_113 A_2 A_32 A_36 A_62 A_63 A_64 C_95 C_97
1137,
1138, A_198 A_224 A_226 A_228 A_231 A_32 A_329 A_332 A_34 A_70 A_71 A_72 A_73
1139, A_102 A_110 A_112 A_116 A_146 A_171 A_172 A_173 A_195 A_196 A_198 A_223 A_224 A_225 A_226 A_228 A_229 A_243 A_244 A_246 A_249 A_252 A_253 A_254 A_255 A_256 A_257 A_259 A_260 A_281 A_284 A_285 A_288 A_48 A_49 A_52 A_8 B_31 B_32 B_34 B_36
1140, A_114 A_115 A_116 A_117 A_124 A_143 A_144 A_145 A_149 A_151 A_152 A_153
1141, A_309 A_352 A_385 A_387 A_388 A_414 A_420
1142, B_113 B_114 B_78 B_80 B_84 G_237 G_240 G_241 G_244 G_42 G_43 G_44 G_50 G_51 G_52 G_55 G_78 G_81
1143,
1144,
1145, A_144 A_145 A_146 A_158 A_160 A_237 A_238
1146,
1147, A_407 A_408 A_409 A_500 A_527 A_529 A_544 A_546 A_547
1148, A_498 A_503 A_519 A_543 A_544 A_545 A_554 A_555 A_556 A_557 A_575 A_576 A_578 A_580 A_581 A_585 A_586 A_588 A_589 A_590
1149,
1150, B_268 B_272 B_275 B_306 B_309 B_310 B_313 B_326 B_342 B_345 B_346 B_349 B_431 B_435 B_450
1151, A_289 A_290 A_319 A_323 A_369 A_392 A_395
1152,
1153, C_11 C_12 C_124 C_126 C_127 C_17 C_178 C_18 C_19 C_21 C_214 C_215 C_218 C_47 C_48 C_49 C_50 C_51 C_52 C_53 C_56 C_7 C_92 C_94 C_96 D_160 D_161 D_162 D_163 D_164 D_168
1154, B_113 B_114 B_115 B_117 B_121 B_166 B_172 B_173 B_175 B_176 B_179 B_53 B_54 B_55 B_81
1155, A_381 A_383 A_384 A_385 A_386 A_387 A_389 A_430 A_431 A_432 A_433 A_434 A_436 A_472 A_474 A_475 A_476 A_477 A_478 A_540 A_541 A_542 A_543 A_544 A_580 A_582 A_583 A_584 A_585 A_586 A_641 A_643 A_644 A_645 A_646 A_647 A_660 A_686 A_687 A_688 A_689
1156, A_152 A_176 A_179 A_180 A_181 A_243 A_246 A_247 A_251 A_252 A_253 A_294 A_295 A_296 A_297 A_84 A_85
1157, A_752 A_760 A_777 A_779 A_813 A_825 A_826 A_828 A_831 A_833 A_897 A_900 A_910 A_911
1158,
1159, B_119 B_122 B_123 B_126 B_127 B_129 B_130 B_133 B_167 B_168 B_171 B_174 B_175 B_178 B_182 B_219 B_222 B_42 B_45 B_46 B_49 B_52 B_53 B_56
1160, A_206 A_207 A_210 A_357 A_358 A_365 A_368 A_390 A_392 A_394 A_423
1161, A_114 A_118 A_133 A_209 A_210 A_211 A_212 A_286 A_308 A_309 A_312 A_57 A_61 A_65
1162, A_224 A_227 A_228 A_231 A_235 A_249 A_250 A_253 A_263 A_266 A_267 A_270
1163, A_183 A_184 A_185 A_192 A_195 A_197 A_219 A_220 A_221 A_236 A_238 A_239 A_240 A_254 A_255 A_256 A_257 A_258 A_272 A_273 A_274 A_275 A_276 B_230 B_232 B_248 B_250 B_251 B_266 B_267 B_268 B_269 B_284 B_285 B_286 B_287 B_30 B_31 B_32 B_41 B_43 B_80 B_83
1164, A_516 A_517 A_524 A_591 A_592 A_593 A_595 A_596 A_599 A_654 A_657 A_668 A_669 A_671 A_672 A_675
1165, A_502 A_514 A_515 A_516 A_517 A_518 A_750 A_751 A_752 A_772 A_775 A_776 B_502 B_514 B_515 B_516 B_517 B_518 B_750 B_751 B_752 B_772 B_775 B_776
1166, A_120 A_121 A_124 A_162 A_163 A_166 A_343 A_345 A_72 A_76
1167, A_609 A_610 A_613 A_642 A_646 A_650 A_735 A_736 A_788 A_791 A_792 A_795 A_812 A_813 A_814 A_815 A_816 A_826
1168, A_105 A_107 A_108 A_112 A_114 A_18 A_19 A_22 A_41 A_43 A_44 A_45 A_47 A_53 A_99 B_121 B_123
1169, A_595 A_596 A_597 A_598 A_599 A_601 A_603 A_640 A_642 A_655 A_687 A_688 A_689 A_690 A_693 A_694 A_696 A_700 A_734 A_736 A_738 A_739 A_741 A_758 A_759 A_760 A_761 A_762 A_771 A_774 A_775 A_778 A_806 A_811 A_813
1170, B_268 B_272 B_275 B_306 B_309 B_310 B_313 B_326 B_345 B_349 B_435 B_450
1171, A_126 A_179 A_195 A_196 A_197 A_198 A_200 A_201 A_225 A_227 A_228 A_236 A_38 A_39 A_40 A_41 A_43 A_48 A_50 A_51 A_53 A_54 A_71 A_76 A_81 A_83 A_85
1172,
1173, A_133 A_135 A_136 A_157 A_158 A_16 A_160 A_161 A_17 A_18 A_19 A_20 A_21 A_23 A_39 A_41 A_46 A_51 A_52 A_53 A_55 A_56 B_174 B_175 B_176
1174, A_139 A_141 A_142 A_143 A_61 A_63 A_68 A_69 A_70 A_71 A_95
1175, A_686 A_689 A_690 A_719 A_722 A_723 A_762 A_765 A_770
1176, A_434 A_438 A_506 A_510 A_513 A_514 A_517 A_518 A_542 A_546 A_547 A_555 A_557 A_560 A_561 A_562 A_572 A_573 A_574 A_576 A_577 A_601 A_603
1177, B_159 B_160 B_201 B_204 B_206 B_208 B_209 B_229 B_230 B_271 B_273 B_318 B_319 B_321 B_332 B_336 B_339 B_340 B_343 B_355 B_356 B_357 B_358 B_369 B_372
1178, A_103 A_29 A_30 A_31 A_32 A_64 B_10 B_39 B_40 B_89
1179, A_122 A_146 A_147 A_148 A_193 A_195 A_197 A_203 A_206 A_56 A_83
1180, A_134 A_136 A_137 A_145 A_146 A_174 A_176 A_204 A_205 A_24 A_27 A_274 A_305 A_307 A_94
1181, A_100 A_103 A_104 A_108 A_145 A_148 A_198 A_201 A_202 A_209
1182, A_102 A_112 A_114 A_116 A_12 A_121 A_146 A_171 A_172 A_173 A_176 A_195 A_196 A_198 A_223 A_225 A_226 A_228 A_229 A_243 A_249 A_252 A_253 A_254 A_255 A_256 A_257 A_259 A_260 A_281 A_284 A_285 A_288 A_48 A_49 A_52 A_8 B_34 B_35 B_36 B_38
1183,
1184,
1185, A_1859 A_1863 A_1890 A_1891 A_1894
1186,
1187, B_102 B_105 B_146 B_46 B_47 B_74 B_76 B_98 B_99 C_112 C_113 C_114 C_162 C_163 C_164 C_192 C_193 C_194 C_195 C_198 C_220 C_222 C_224 C_225 C_226 C_287 C_85 C_87 C_90
1188,
1189, A_100 A_103 A_104 A_107 A_109 A_111 A_112 A_167 A_174 A_175 A_178 A_180 A_196 A_197 A_200 A_201 A_204 A_240 A_243 A_244 A_247 A_260 A_261 A_264 A_266 A_267 A_96 A_99
1190, B_101 B_120 B_122 B_145 B_184 B_189 B_216 B_218 B_220 B_25 B_254 B_256 B_26 B_67 B_68 B_69
1191,
1192, A_115 A_197 A_198 A_201 A_75 A_78 A_79 A_85
1193, A_206 A_247 A_249 A_315 A_316 A_317 A_66 A_69 A_70 A_73
1194,
1195, A_138 A_144
1196, A_419 A_422 A_423 A_426 A_568 A_664 A_667 A_668 A_670 A_698 A_701 A_702 A_705 A_706 A_709 A_937 A_940 A_941 A_944
1197, A_101 A_118 A_119 A_120 A_134 A_142 A_144 A_99
1198, A_109 A_110 A_113 A_27 A_35 A_38 A_39 A_42
1199, A_-1 A_0 A_157 A_159 A_2 A_230 A_233 A_234
1200, A_25 A_27 A_28 A_60 A_61 A_62 A_63 A_64 A_86 A_87 A_88 A_90 A_91 A_92 A_94 A_98 E_118 E_119 E_121 E_122 E_123 E_124 E_133 E_142 E_145 E_146 E_149
1201, A_16 A_207 A_258 A_259 A_262 A_62
1202, A_12 A_13 A_14 A_140 A_141 A_142 A_143 A_149 A_152 A_155 A_159 A_185 A_186 A_187 A_188 A_190 A_218 A_221 A_222 A_225 A_226 A_256 A_258 A_259 A_262 A_279 A_282 A_283 A_9 A_90 A_92 A_93 A_94 A_95 A_96
1203, A_195 A_214 A_215 A_57 A_96 A_97 A_99
1204, A_307 A_310 A_311 A_314 A_375 A_378 A_379 B_307 B_310 B_311 B_314 B_375 B_378 B_379 B_427
1205, A_196 A_197 A_214 A_218 A_219 A_223 A_225 A_269 A_271 A_272 A_313 A_314 A_315 A_316
1206, A_1213 A_1216 A_1217 A_1220 A_1221 A_1224 A_1227 A_1231 A_1286 A_1287 A_1290 A_1291 A_1292
1207, B_101 B_104 B_105 B_108 B_109 B_112 B_120 B_80 B_81 B_83 B_84 B_87
1208, A_191 A_192 A_194 A_210 A_212 A_294 A_295 A_296 A_298
1209,
1210,
1211,
1212, H_137 H_162 H_164 H_166 H_181 H_183 L_114 L_116 L_135 L_137 L_138
1213, I_88 I_91 I_92 J_101 J_102 J_103 J_105 J_108 J_11 J_112 J_12 J_13 J_15 J_16 J_19 J_20 J_24 J_75 J_77 J_78 J_81
1214, A_145 A_148 A_169 A_171 A_172 A_177 A_179 A_190 A_193 A_195 A_4 A_6 A_8 A_9
1215, A_100 A_104 A_48 A_56 A_57 A_75 A_77 A_78 A_80 A_82 A_93 A_94 A_95 A_96
1216,
1217, A_831 A_832 A_851 A_852 A_916 A_922 A_925 A_926 A_946 A_949
1218, A_523 A_564 A_566 A_798 A_801 A_814 A_817 A_818 A_821
1219, B_230 B_232 B_362 B_398 B_403 B_524 B_525 B_528 B_529 B_532
1220, A_206 A_207 A_208 A_253 A_255 A_257 A_258 A_261 A_43 B_369 B_370 B_388 B_390
1221, A_284 A_287 A_289 A_303 A_305 A_313 A_352 A_380 A_381
1222, F_136 F_137 F_138 F_179 F_182 F_183 F_186 F_346 F_66 F_70
1223, A_12 A_14 A_15 A_16 A_17 A_20 A_485 A_488 A_489 A_506 A_9
1224, A_420 A_423 A_447 A_450 A_451 A_463 A_466 A_468 A_469
1225, A_597 A_598 A_599 A_658 A_661 A_662 A_665 A_690 A_692 A_821 A_825 A_831 A_832 A_833 A_834
1226, A_101 A_102 A_103 A_104 A_107 A_108 A_109 A_110 A_111 A_114 A_115 A_116 A_117 A_119 A_120 A_123 A_129 A_130 A_131 A_133 B_120 B_123 B_124 B_127 B_153 B_154 B_279 B_304 B_306 B_307 B_310 B_89 B_90 B_92 C_101 C_102 C_103 C_107 C_108 C_110 C_114 C_115 C_116 C_117 C_119 C_120 C_123 C_127 C_128 C_129 C_130 C_131 C_133 C_148 C_151 C_152 C_153 C_160
1227, A_11 A_169 A_230 A_238 A_5 A_6 A_63 A_64 A_7 A_8
1228, C_147 C_150 C_151 C_154 C_169 C_170 C_171 C_226 C_98 D_133 D_139 D_140 D_142 D_145 D_179 D_181 D_182
1229, A_104 A_105 A_106 A_107 A_116 A_191 A_195 A_198 A_199 A_204 A_205 A_206 A_210 A_238 A_243 A_244 A_247 A_248 A_251 A_35 B_121 B_122 B_123 B_124 B_153 B_154 B_207 B_208 B_209 B_210 B_211 B_212 B_213
1230, A_366 A_368 A_369 A_370 A_373 A_413 A_422 A_424 A_458 A_460
1231, A_137 A_176 A_178 A_179 A_182 A_184 A_239 A_241 A_242 A_243
1232, A_106 A_125 A_126 A_128 A_156 A_165 A_167 A_168 A_170 A_172 A_174 A_314 A_316 A_319 A_335 A_336 A_337 A_338 A_359 A_360 A_361 A_363 A_365 A_366
1233, A_1006 A_1033 A_1037 A_1114 A_1115 A_1116 A_965 A_968
1234,
1235, A_104 A_105 A_108 A_110 A_140 A_142 A_147 A_69 A_70 A_74
1236, A_110 A_114 A_148 A_149 A_152 A_154 A_162 A_319 A_320 A_321 A_393 A_397 A_398 A_400 A_401
1237, B_13 B_138 B_141 B_142 B_143 B_16 B_174 B_190 B_192 B_193 B_195 B_196 B_220 B_61 B_89 B_91
1238, A_587 A_588 A_603 A_738 A_739 A_741 A_760
1239, A_1005 A_1007 A_1044 A_1047 A_1073 A_1078 A_1079 A_1080 A_1083 A_1085 A_965
1240, A_135 A_149 A_151 A_231 A_247 A_250 A_252 A_253 A_256 A_257 A_260 A_428 A_432
1241, A_11 A_12 A_145 A_148 A_211 A_212 A_215 A_314 A_315 A_316 A_9
1242, A_184 A_236 A_238 A_253 A_51 A_52 A_53 A_56 A_57 B_157 B_158 B_187 B_192
1243, A_100 A_117 A_347 A_350 A_351 A_97 A_99
1244, A_1066 A_1069 A_1070 A_977 A_978 A_979 A_982 A_983 A_986 A_987 A_988 A_989
1245, A_108 A_109 A_110 A_132 A_133 A_135 A_136 A_138 A_140 A_250 A_61 A_64 A_66 A_68 A_71 A_79
1246,
1247, A_195 A_196 A_197 A_213 A_311 A_313 A_315 A_316 A_329 A_331 A_332
1248, A_16 A_20 A_24 A_38 A_41 A_42 A_80 A_81 A_82
1249, A_128 A_129 A_130 A_145 A_146 A_149 A_195 A_319
1250, A_100 A_13 A_15 A_16 A_18 A_82 A_83 A_84
1251, A_135 A_136 A_77 A_80 A_85 A_86 A_88 A_95 A_98 A_99
1252, E_10 E_158 E_250 E_271 E_274 E_275 E_276 E_277 E_282 E_283 E_9
1253, A_1000 A_1001 A_882 A_883 A_884 A_885 A_973 A_988
1254, A_237 A_246 A_248 A_335 A_337 A_347 A_349
1255, H_100I H_98 L_28 L_30 L_32 L_50
1256, A_103 A_108 A_110 A_31 A_32 A_34 A_73 A_76 A_79 A_80
1257, A_420 A_423 A_424 A_447 A_450 A_451 A_466 A_467 A_469 A_472
1258, A_145 A_149 A_194 A_196 A_198 A_216 A_218 A_220 A_224 A_227 A_228 A_231 A_232 A_59 A_63 A_80 A_81
1259, A_185 A_188 A_189 A_191 A_193 A_196 A_197 A_219 A_240 A_241 A_242 A_244 A_246 A_247 A_273 A_275 A_304 A_305 A_307 A_309 A_311 A_313 A_346 A_349 A_350 A_351 A_353 A_354 A_355 A_356 A_357 A_376 A_378 A_379 A_381 A_383 A_384 A_385 A_389 B_149 B_16 B_18 B_391 B_392 B_393 B_396 B_397 B_398 B_40 B_400 B_415 B_423 B_92
1260, A_420 A_423 A_424 A_443 A_447 A_450 A_451 A_463 A_466 A_467 A_469 A_472
1261,
1262, A_203 A_206 A_208 A_213 A_220 A_236 A_240 A_244 A_283 A_285
1263, A_681 A_682 A_683 A_685 A_711 A_714 A_715 A_718 A_744 A_748 A_752 A_808
1264, A_231 A_232 A_233 A_234 A_235 A_260 A_293 A_294 A_297 A_300 A_301 A_352 A_356
1265, A_178 A_180 A_181 A_6 A_7 A_8 A_9 B_42 B_68 B_71 B_72 B_73
1266, A_133 A_135 A_136 A_185 A_186 A_187 A_241 A_242 A_72 A_74 A_87
1267, A_128 A_160 A_163 A_169 A_170 A_171 A_217 A_219
1268, A_182 A_52 A_55 A_56 A_65 A_66
1269, B_159 B_160 B_201 B_204 B_206 B_207 B_208 B_209 B_210 B_229 B_230 B_271 B_273 B_318 B_319 B_321 B_329 B_332 B_336 B_339 B_340 B_343 B_355 B_356 B_357 B_358 B_368 B_369 B_372 B_376
1270, B_128 B_133 B_137 B_140 B_141 B_144 B_146 B_197 B_200 B_201 B_204 B_30 B_34 B_53 B_55 B_56 B_59 B_82 B_85 B_86 B_89 B_96 B_97
1271,
1272, A_124 A_125 A_128 A_139 A_141 A_232 A_233 A_236 A_237 A_57 A_60
1273, A_11 A_3 A_5 A_6 A_76 A_81 A_83
1274, A_189 B_163 B_166 B_167 B_170 B_172 B_193 B_194 B_196 B_229 B_230 B_233 B_258 B_262 B_267 B_271 B_274 B_275 B_278
1275, A_107 A_110 A_376 A_377 A_381 A_448 A_451 A_452 A_455
1276, A_111 A_112 A_118 A_120 A_137 A_148 A_151 A_155
1277,
1278, A_21 A_22 A_242 A_243 A_244 A_245 A_246 A_25 A_259 A_278 A_279 A_281 A_282 A_283 A_285 A_286 A_299 A_301 A_303 A_304 A_305 A_306 A_307 A_308 A_328 A_73 B_242 B_244 B_245 B_246 B_25 B_259 B_281 B_282 B_283 B_285 B_286 B_299 B_301 B_303 B_304 B_305 B_306 B_307 B_308
1279, F_165 F_29 F_30 F_32 F_33 F_34 F_35
1280, A_109 A_110 A_111 A_112 A_113 A_114 A_116 A_130 A_131 A_132 A_133 A_136 A_138 A_139 A_140 A_141 A_144 A_82 A_83 A_84 A_85 B_180 B_181 B_182 B_183 B_218
1281,
1282, B_114 B_130 B_132 B_133 B_148 B_150 B_151 B_152 B_166 B_168 B_169 B_184 B_185 C_118 C_121 C_136 C_138 C_156 C_157 C_172 C_174 C_186 C_187 C_68 C_69 C_70 C_71
1283, B_124 B_134 B_136 B_140 B_142 B_145 B_24 B_25 B_26 B_31 B_33 B_54 B_56 B_58 B_66 B_69 B_75 B_77
1284, A_100 A_102 A_176 A_35 A_37 A_80 A_82 A_87
1285, A_168 A_206 A_207 A_208 A_209 A_276 A_279 A_280 A_283 A_284 A_287 A_293 A_295 A_318 A_322 A_323 A_351 A_356
1286, A_100 A_103 A_104 A_107 A_112 A_171 A_174 A_196 A_200 A_201 A_204 A_240 A_243 A_244 A_247 A_261 A_266 A_267 A_268 A_60 A_96 A_99
1287, A_126 A_130 A_133 A_229 A_231 A_248 A_251 A_300
1288, A_133 A_134 A_135 A_136 A_138 A_279 A_280 A_282 A_283 A_285 A_286 A_287 A_288 A_292 A_339 A_340 A_341 A_377 A_378 A_380 A_383 A_384 A_385 A_455 A_484 A_491 A_567 A_568 A_569 A_571 A_573 A_574 A_648 A_649 A_650 A_653 A_657 A_665 A_672 A_673 A_674 A_675 A_676 A_677 A_680 A_681 A_88 A_90
1289, A_100 A_111 A_115 A_178 A_182 A_186 A_194 A_197 A_198 A_201 A_24 A_28 A_31 A_32 A_338 A_35 A_36 A_377 A_378 A_495 A_497 A_58 A_61 A_62 A_64 A_65 A_94 A_95 A_97 A_98 A_99
1290, A_301 A_302 A_332 A_333 A_422 A_514 A_517
1291, C_124 C_127 C_128 C_131 C_132 C_134 C_135 C_180 C_183 C_184 C_187 C_188 C_248 C_249 C_251 C_252 C_253 C_256 C_257 C_272 C_274 C_45 C_46 C_49 C_50 C_52 C_53 C_56 C_64 C_67 C_68 C_70 C_71 C_72 C_78 C_81 C_82 C_84 C_85 C_86 C_88 C_91 D_115 D_118 D_194 D_195 D_196 D_197
1292, A_536 A_537 A_553 A_555 A_568 A_571 A_572 A_600 A_668
1293, A_140 A_143 A_144 A_147 A_241 A_269 A_310 A_312
1294,
1295, A_135 A_137 A_157 A_202 A_207 A_26 A_27
1296, A_375 B_258 B_286 B_287 B_288 B_289 B_292 B_411 B_413 B_414 B_415 B_418 B_419 B_423 B_424 B_426 B_429 B_430 B_432 B_433 B_496 B_499 B_500
1297, A_190 A_191 A_192 A_195 A_213 A_214 A_215 A_216 A_217 A_218 A_220 A_57 A_99
1298, A_475 A_476 A_480 A_484 A_486 A_487 A_488 A_489 A_492 A_515 A_516 A_618 A_619 A_639 A_640 A_642 A_643 A_644 A_645 A_649 A_686 A_853 A_854 A_884 A_886 A_905
1299, B_144 B_149 B_15 B_150 B_30 B_33 B_35 B_36 B_37
1300, A_108 A_193 A_249 A_250 A_252 A_253 A_256 A_257 A_96 A_97 A_98
1301,
1302, A_129 A_132 A_133 A_136 A_205 A_213 A_245 A_246
1303, H_139 H_169 H_171 H_172 H_192 L_114 L_138 L_167 L_169 L_170
1304, A_493 A_515 A_517 A_526 A_528 A_529 A_531
1305, A_311 A_312 A_313 A_314 A_374 A_389 A_390 A_392
1306, H_130 H_132 H_162 H_163 H_165 H_181 H_230
1307, A_250 A_251 A_332 A_494 A_495 A_496 A_497 A_499 A_544 A_545 A_595 A_596 A_597 A_599 A_657 A_658
1308, A_170 A_260 A_609 A_610 A_642 A_646 A_650 A_735 A_736 A_788 A_791 A_792 A_795 A_812 A_813 A_814 A_815 A_816
1309, A_105 A_124 A_126 A_129 A_134 A_194 A_219 A_223 A_228 A_237 A_240 A_241
1310, B_106 B_107 B_108 B_109 B_110 B_111 B_112 B_114 B_115 B_116 B_117 B_118 B_119 B_120 B_135 B_137 B_138 B_139 B_140 B_143 B_144 B_145 B_146 B_147 B_148 B_176 B_251 B_252
1311, A_100 A_11 A_14 A_15 A_152 A_155 A_18 A_19 A_292 A_302 A_303 A_306
1312, B_119 B_122 B_126 B_127 B_129 B_130 B_167 B_168 B_171 B_174 B_175 B_219 B_222 B_42 B_45 B_46 B_49
1313, A_137 A_138 A_282 A_331
1314, B_6 B_93 C_68 C_71 C_72 C_75 C_99
1315, A_21 A_22 A_33 A_36 A_37 A_52 A_53 A_54 A_55 A_56 A_57 A_58
1316, A_126 A_127 A_427 A_443 A_448 A_456 A_77 A_81
1317, A_377 A_378 A_381 A_382 A_384 A_386 A_389 A_392 A_406 A_417 A_419 A_524 A_554 A_556
1318, A_819 A_938 A_939 A_965 A_971
1319, A_10 A_100 A_103 A_58 A_59 A_61 A_62 A_63 A_64 A_65 A_68 A_69 A_72 A_9 A_92 A_95 A_96 A_99
1320, A_117 A_118 A_121 A_122 A_124 A_125 A_128 A_181 A_187 A_188 A_189 A_191 A_204 A_207 A_208 A_211 A_212 A_264 A_265 A_268 A_269 A_272 A_292 A_295 A_296 A_298 A_302 A_86
1321, C_146 C_149 C_153 C_166 C_167 C_170 C_208 C_211 C_212 C_215 C_229 C_230 C_233 C_235 C_237 C_84
1322,
1323, A_10 A_11 A_13 A_14 A_229 A_230 A_232 A_307 A_335 A_339
1324, A_180 A_181 A_194 A_253 A_254 A_255 A_256 A_331 A_34 A_35 A_359 A_363 A_37 A_38
1325,
1326, A_128 A_313 A_67 A_68 A_69 A_70 A_93
1327, A_105 A_106 A_114 A_115 A_118 A_119 A_122 A_201 A_202 A_203 A_204 A_367 A_368 A_370 A_372 A_396 A_397
1328, H_135 H_137 H_162 H_163 H_164 H_182 L_114 L_138 L_167 L_169 L_170
1329, A_148 A_151 A_152 A_52 A_82 A_85 A_86
1330, E_13 E_144 E_147 E_15 E_168 E_172 E_174 E_19
1331, A_210 A_212 A_215 A_231 A_233 A_235 A_239 A_241 A_248
1332, A_109 A_111 A_119 A_121 A_67 A_69 A_71
1333, A_524 A_528 A_529 A_532 A_533 A_674 A_676 A_677 A_688
1334, A_10 A_11 A_12 A_13 A_14 A_170 A_229 A_230 A_231 A_232 A_30 A_307 A_339
1335, A_58 A_60 A_62 A_68 A_7 A_71 A_72 A_9 A_95 A_96 A_99
1336, A_126 A_127 B_143 B_144 B_146 B_147 B_165 B_166 B_167 B_169 B_172 B_173 B_176 B_177 B_207 B_209 B_21 B_22 B_258 B_259 B_260 B_262 B_263 B_48 B_49 B_50 B_51 B_54 B_58 B_78 B_79 B_80 B_83 B_94
1337, A_104 A_105 A_107 A_109 A_110 A_113 A_173 A_317 A_320 A_321 A_324 A_325 A_380 A_383 A_384 A_386 A_387
1338, A_11 A_39 A_40 A_41 A_42 A_57 A_59 A_88 A_89 A_90 B_101 B_102 B_103 B_30 B_31 B_32 B_33 B_65
1339, B_114 B_116 B_131 B_167 B_186 B_188 B_191 B_193 B_195 B_196
1340, A_193 A_195 A_209 A_211 A_215 A_217 A_231 A_233 A_239 A_241
1341, A_332 A_370 A_371 A_372 A_373 A_374 A_375 A_378 A_379 A_380 A_383 A_388 A_390 A_396 A_399
1342, A_113 A_115 A_124 A_125 A_127 A_136 A_141 A_144
1343, A_-1 A_1 A_101 A_115 A_154 A_2 A_3 A_4 A_99
1344, A_510 A_511 A_512 A_558 A_559 A_592 A_594 B_605 B_607
1345, A_331 A_379 A_380 A_414 A_417 A_418 A_434
1346, A_24 A_37 A_41 A_43 A_44 A_58 A_76 A_85 A_86 A_89
1347, A_12 A_13 A_14 A_16 A_34 A_35 A_36 A_42 A_44 A_82 A_91
1348, A_252 A_255 A_256 A_259 A_260 A_275 A_276 A_277 A_278 A_281 A_302 A_305 A_306 A_307
1349, A_211 A_232 A_233 A_235 A_237 A_239 A_240 A_241 A_27 A_30 A_32 B_26 B_28 B_52 B_53 B_55 B_57 B_58 B_63 B_65 B_67
1350, A_250 A_251 A_252 A_43 A_52 A_60 A_62 A_74 A_76
1351, A_681 A_682 A_683 A_685 A_711 A_714 A_715 A_718 A_744 A_748 A_752 A_808
1352, A_424 A_425 A_426 A_430 A_434 A_457 A_460 A_462 A_463 A_464 A_487 A_488 A_489 A_490 A_491 A_492 A_493 A_501 A_502 A_530 A_531 A_532 A_546 A_547 A_548 A_572 A_573 A_574 A_595 A_597 A_600 A_621
1353, A_11 A_170 A_231 A_239 A_242 A_4 A_5 A_6 A_63 A_64 A_7 A_8
1354, A_137 A_141 A_182 A_330 A_331 A_332 A_351 A_354 A_356 A_357
1355, X_118 X_122 X_263 X_264 X_558 X_559 X_560 X_561 X_562 X_571 X_591 X_594 X_595
1356, A_146 A_147 A_148 A_149 A_326 A_330 D_325 D_328 D_329 D_344 D_345 D_347 D_350
1357, B_363 B_364 B_426 B_429 B_430 B_431 B_473 B_474 B_476 B_477 B_480 B_482 B_483
1358, A_266 A_268 A_340 A_341 A_344 A_557 A_558 A_561
1359, B_100 B_127 B_128 B_133 B_137 B_140 B_141 B_144 B_146 B_192 B_194 B_196 B_197 B_200 B_201 B_204 B_30 B_31 B_33 B_34 B_35 B_36 B_53 B_55 B_56 B_59 B_82 B_85 B_86 B_89 B_96 B_97
1360, A_1110 A_1124 A_1127 A_1128 A_1130 A_1131 A_1134 A_1139 A_1140 A_1145 A_1155 A_1157 A_1195 A_1200 A_1202 A_1220 A_1221 A_1222 A_1224
1361, A_589 A_590 A_591 A_592 A_596 A_641 A_645 A_646 A_649 A_650
1362, A_128 A_129 A_132 A_133 A_135 A_136 A_137 A_156 A_159 A_160 A_161 A_163 A_164 A_167 A_214 A_215 A_219 A_76 A_77 A_78 D_128 D_129 D_132 D_133 D_135 D_136 D_137 D_156 D_159 D_160 D_161 D_163 D_164 D_213 D_214 D_215 D_219 D_75 D_76 D_77 D_78
1363, A_105 A_113 A_117 A_120 A_121 A_124 A_335 A_337 A_338 A_339 A_340 A_341 A_352 A_43 A_47 A_496 A_50 A_500 A_502 A_51 A_62 A_63 A_66
1364, A_11 A_170 A_231 A_232 A_236 A_239 A_242 A_5 A_6 A_62 A_63 A_64 A_7 A_8
1365, A_283 A_284 A_319 A_322 A_407 A_411 A_414 A_427 A_428
1366, A_211 A_214 A_216 A_227 A_228 A_229 A_321 A_360 A_362 A_378 A_380 A_383 A_384 A_436 A_439
1367, A_11 A_170 A_231 A_239 A_4 A_5 A_6 A_62 A_63 A_64 A_7 A_8
1368, A_100 A_15 A_152 A_155 A_18 A_19 A_292 A_302 A_303 A_306
1369, A_312 A_313 A_314 A_315 A_317 A_374 A_389 A_390 A_392
1370, A_407 A_408 A_409 A_500 A_527 A_529 A_544 A_545 A_546 A_547
1371, A_19 B_323 B_324 B_423 B_426 B_427 B_430 C_19 D_323 D_324 D_423 D_426 D_427 D_430 E_19 F_323 F_324 F_423 F_426 F_427 F_430
1372, A_118 A_119 A_120 A_121 A_122 A_123 A_125 A_128 A_142 A_143 A_145 A_146 A_149 A_91 A_92 A_93 A_94 A_95 B_174 B_182 B_184 B_185
1373,
1374, A_178 A_180 A_207 A_208 A_297 A_301 A_306 A_317
1375, A_104 A_107 A_181 A_184 A_189 A_262 A_265 A_266
1376, A_310 A_313 A_314 A_317 A_322 A_323 A_377 A_382 A_383 A_384 A_402 A_403 A_404
1377, B_152 B_153 B_156 B_160 B_282 B_285 B_286 B_289 B_290 B_72 B_76 B_79 B_83
1378, A_100 A_101 A_103 A_111 A_121 A_123 A_94 A_96 A_97
1379, A_172 A_177 A_179 A_180 A_181 A_227 A_228 A_229 A_233 A_270 A_271
1380, C_150 C_154 C_158 C_166 C_167 C_172 C_175 C_26 C_27 C_28 C_29 C_30 C_59 C_61 C_64
1381, A_224 A_227 A_228 A_231 A_249 A_250 A_253 A_263 A_266 A_267 A_270
1382, H_111 H_119 H_121 H_77 H_80 H_81 H_84
1383, A_11 A_170 A_231 A_239 A_5 A_6 A_63 A_64 A_7 A_8
1384, A_14 A_15 A_158 A_17 A_205 A_206 A_207 A_39 A_398 A_40 A_59 A_61 B_189 B_190 B_193 B_194 B_203 B_204 B_205 B_211 B_397
1385, A_128 A_129 A_131 A_132 A_133 A_162 A_163 A_164 A_165 A_178 A_180 A_181 A_230 A_232
1386, A_404 A_406 A_430 A_431 A_507 A_509 A_532 A_533 A_534 A_535 B_255 B_259 B_420 B_421 B_422 B_424 B_425 B_426
1387, A_342 A_344 A_345 A_348 A_384 A_387 A_388 A_391 A_403 A_407 A_410 A_411 A_415 A_423 A_426 A_427 A_430 A_433 A_446 A_449 A_450 A_453 A_457 A_460 A_485 A_488 A_489
1388, D_110 D_111 D_114 D_115 D_116 D_130 D_131 D_132 D_134 D_138 D_166 D_169 D_170 D_173 D_70 D_74
1389,
1390, A_1320 A_1346 A_1362 A_1369 A_1370 A_1371 A_1383 A_1385 A_1386 A_1400 A_1401 A_1402 A_1417 A_1425 A_1430 A_1432 A_1446 A_1447 A_1448 A_1451
1391, A_566 A_569 A_640 A_641 A_643 A_674 A_692 A_694 A_761 A_799
1392, E_109 E_45 E_47 E_62 E_65 F_57 F_61 F_62 F_77
1393, A_1408 A_1409 A_1411 A_1412 A_1413 A_1418 A_1421 A_1429 A_1430 A_1456 A_1460 A_1463 A_1464 A_1470
1394, A_1015 A_812 A_816 A_819 A_820 A_823 A_969 A_972 A_973
1395, A_100 A_103 A_106 A_107 A_108 A_122 A_123 A_126 A_128 A_129 A_130 A_131 A_133 A_134 A_137 A_200 A_205 A_206 A_220 A_232 A_58 A_59 A_60 A_62 A_71 A_72 A_75 A_76 A_79 A_80 A_83 A_98 A_99
1396, H_22 H_27 I_104 I_105 I_106 I_122 I_123 I_124 I_125 I_130 I_136 I_137 I_138 I_139 I_140 I_142 I_146 I_4 I_53 I_54
1397, A_156 A_158 A_160 A_175 A_177 A_178 A_193 A_194 A_48 A_49 A_50 A_51 A_68 A_70 A_77 A_81
1398, A_158 A_159 A_160 A_198 A_199 A_200 A_201 A_205 A_206 A_207 A_208 A_209 A_212 A_248 A_249 A_250 A_251 A_252 A_253 A_256 A_304 A_305 A_347 A_348 A_370 A_371 A_372 A_380 A_383 A_384 A_386 A_387 A_388 A_408 A_409 A_412 A_415 A_416 E_234 E_235 E_236 E_359 E_360
1399, A_170 A_260 A_606 A_609 A_610 A_642 A_646 A_650 A_735 A_736 A_791 A_792 A_795 A_799 A_812 A_813 A_814 A_815 A_816 A_826
1400, A_808 A_811 A_819 A_821 A_825 A_828 A_829 A_945 A_949 A_960 A_961 A_962
1401, A_190 A_191 A_192 A_193 A_195 A_213 A_214 A_215 A_216 A_35 A_41 A_42 A_57 A_58 A_60A A_97B A_99
1402, A_1054 A_1067 A_1070 A_1113 A_977 A_980 A_981 B_1129 B_1132 B_1135 B_1138
1403, A_109 A_111 A_112 A_113 A_114 A_116 A_130 A_131 A_133 A_136 A_138 A_139 A_140 A_141 A_144 A_82 A_83 A_84 A_85 A_86 B_180 B_181 B_182 B_183 B_218
1404, B_284 B_285 B_286 B_287 B_306 B_308 B_330 B_332 B_337 B_338 B_339 B_340 B_342 B_344 B_346 B_403 B_446 B_450 B_454 B_458 B_475 B_476 B_477 B_478 B_491 B_493 B_495 B_500 B_501 B_503 B_505 B_552 B_553 B_554 B_555 B_556 B_558 B_559
1405, A_160 A_215 A_216 A_218 A_219 A_220 A_221 A_269
1406, A_1110 A_1123 A_1127 A_1130 A_1131 A_1134 A_1140 A_1155 A_1157 A_1200 A_1202 A_1220 A_1221 A_1222 A_1224
1407, A_11 A_170 A_231 A_232 A_236 A_239 A_4 A_5 A_6 A_63 A_64 A_7 A_8
1408,
1409, A_252 A_253 A_256 A_259 A_262 A_263 A_264 A_265 A_266 A_267 A_268 A_302 A_322 A_323 A_325 A_333 A_344 A_347 A_348 A_351 A_356 A_362 A_387 A_388 A_389 A_392 A_440 A_442 A_443
1410, A_104 A_105 A_110 A_111 A_130 A_131 A_132 A_133 A_146 A_147 A_148 A_149 A_81 A_83
1411, A_110 A_112 A_128 A_129 A_130 A_131 A_62 A_65 A_68 A_70
1412, A_213 A_243 A_244 A_245 A_252 A_253 A_254 A_255 A_258 A_321 A_322 A_323 A_325 A_370
1413, A_146 A_160 A_163 A_164 A_167 A_179 A_250 A_385 A_387 A_388 A_78 A_82
1414, A_177 A_180 A_181 A_184 A_185 A_188 A_35 A_36 A_37 A_40 A_59 A_61 A_63 A_64 A_74
1415, A_594 A_597 A_598 A_601 A_603 A_605 A_606 A_613 A_615 A_631 A_633 A_645 A_646 A_680
1416, A_1001 A_1004 A_1006 A_1105 A_1106 A_1107 A_1141 A_1142 A_1166 A_1167 A_1169
1417, A_150 A_172 A_173 A_176 A_177 A_178 A_180 A_181 A_184 A_211 A_213
1418, U_129 U_130 U_162 U_163 U_165 U_178 U_180 U_181 U_182 U_230
1419, A_127 A_132 A_135 A_136 A_137 A_138 A_139 A_140 A_143 A_246 A_247 A_248 A_249 A_261 A_262 A_265 A_269 B_122 B_126 B_127 B_129 B_130 B_131 B_132 B_133 B_256 B_257 B_260 B_261 B_264 B_267
1420, A_193 A_195 A_209 A_213 A_215 A_217 A_231 A_233 A_239 A_241
1421, A_594 A_595 A_710 A_711 A_712 A_715 A_732 A_733 A_736 A_753
1422, A_113 A_114 A_115 A_116 A_52 A_53 A_54 A_55 A_58 A_89 B_11 B_13 B_14 B_17 B_18 B_21
1423, A_136 A_137 A_139 A_176 A_22 A_24 A_27
1424, A_197 A_213 A_215 A_233 A_311 A_329 A_331 A_332
1425, A_471 A_475 A_503 A_504 A_505 A_506 A_509 A_510 A_512 A_514 A_599 A_602 A_603 A_606 A_607 A_692
1426,
1427, A_4 A_42 A_49 A_51 A_64 A_84 A_91
1428, A_102 A_103 A_168 A_172 A_176 A_177 A_75 A_90 A_92 A_94 C_245 C_246
1429, A_139 A_140 A_142 A_144 A_170 A_31 A_32 C_100 C_146 C_150 C_22 C_23 C_24 C_63 C_64 C_66 C_67 C_90 C_92 C_93 C_95 C_96 C_99 D_148 D_149 D_150 D_151 D_96 D_97 D_98
1430,
1431, A_1162 A_1165 A_1170 A_1175 A_1179 A_1182
1432, A_231 A_233 A_236 A_239 A_286 A_290 A_293 A_306 A_308
1433, B_101 B_109 B_123 B_124 B_125 B_153 B_155 B_156 B_181 B_183 B_185 B_186 B_187 B_289 B_301 B_302 B_304 B_305 B_347 B_348 B_349 B_351 B_352 B_371 B_373 B_395 B_398 B_401 B_423 B_427 B_430 B_434 B_480 B_49 B_50 B_51 B_54 B_80 B_82 B_83
1434, A_162 A_166 A_167 A_181 A_556 A_559 A_560 A_561 A_569 A_571
1435,
1436, A_103 A_105 A_113 A_118 A_119 A_124 A_127 A_128 A_48 A_49 A_55
1437, A_110 A_111 A_114 A_115 A_184 A_83 A_84
1438,
1439, A_1097 A_1098 A_1099 A_1243 A_1244 A_1245 A_1246 A_1248 A_1274 A_1277 A_1278
1440, B_276 B_284 B_287 B_300 B_302 B_306 B_309 B_330 B_332 B_337 B_338 B_339 B_342 B_344 B_346 B_379 B_380 B_381 B_382 B_383 B_384 B_387 B_389 B_396 B_397 B_399 B_401 B_405 B_407 B_408 B_411 B_413 B_417 B_419 B_421 B_422 B_423 B_425 B_426 B_437
1441, A_102 A_105 A_112 A_113 A_116 A_152 A_155 A_156 A_159 A_22 A_25 A_26
1442, A_1019 A_1024 A_1026 A_1029 A_1030 A_1031 A_911 A_953 A_990 A_993
1443, A_103 A_105 A_106 A_108 A_347 A_350 A_352 A_355 A_359 A_360 A_620 A_624 A_627 A_628 A_631 A_632 A_643 A_644 A_654 A_657 A_658 A_929 A_932 A_933
1444,
1445, A_140 A_174 A_251 A_254 A_255 A_258 B_138 B_144 B_145 B_146 B_158 B_161 B_162 B_165 B_166
1446, A_142 A_190 A_193 A_194 A_274 A_307 A_308 A_376 A_378 A_383 A_384 A_385 A_388 A_41 A_43 A_44 A_74 A_75 A_77 A_78 A_92 A_93 A_95 A_96 A_97 A_98
1447, A_157 A_158 A_159 A_273 A_275 A_277 A_303 A_306 A_318 A_320 A_361 A_362
1448, A_116 A_119 A_120 A_121 A_122 A_123 A_124 B_105 B_106 B_107 B_128 B_129 B_93 B_95 C_108 C_110 C_112 C_121 C_122 C_124 C_125 C_126 C_127 C_128 C_24 C_25 C_27 C_43 C_45 C_47 C_48 C_49 C_50 C_79 C_86 C_88 C_92
1449, A_122 A_124 A_146 A_147 A_148 A_193 A_195 A_197 A_203 A_206 A_54 A_56 A_57 A_83
1450, A_672 A_675 A_676 A_679 A_685 A_757 A_762 A_764 A_782 A_783 A_784
1451, A_180 A_181 A_183 A_218 B_109 B_110 B_111 B_112 B_113 B_114 B_115 B_116 B_130 B_132 B_133 B_134 B_136 B_138 B_139 B_140 B_141 B_144 B_82 B_83 B_84 B_85 B_86
1452,
1453, A_111 A_132 A_154 A_170 A_197 A_199 A_200 A_236 A_237 A_274 A_276 A_277 A_327 A_331 A_332 A_333 A_389 A_390 A_391 A_67 A_69 A_88 B_323 B_360 B_361 B_362
1454, A_136 A_137 A_158 A_159 A_203 A_205 A_222 A_223 A_225 A_85
1455, A_146 A_160 A_163 A_164 A_167 A_177 A_179 A_196 A_250 A_385 A_387 A_388 A_78 A_82
1456, A_14 A_17 A_323 A_324 A_325 A_326 A_35 A_36 A_37 A_54 A_55 A_86
1457, A_223 A_224 A_225 A_228 A_240 A_266 A_267 A_268 A_272 A_288 A_289
1458, A_105 A_109 A_115 A_205
1459, A_300 A_301 A_302 A_326 A_330 A_332 A_333 A_409 A_410 A_422 A_423 A_514 A_517
1460, A_140 A_141 A_142 A_159 A_160 A_164 A_166 A_168 A_170 A_172 A_174 A_192 A_193
1461, B_294 B_295 B_298 B_299 B_301 B_302 B_305 B_336 B_339 B_340 B_343 B_346 B_356 B_373 B_376 B_380 B_472 B_475 B_476 B_487
1462, A_606 A_623 A_635 A_641 A_659
1463, A_200 A_64 A_65 A_94 A_96
1464, A_17 A_177 A_18 A_19 A_194 A_195 A_196 A_197 A_21 A_219 A_220 A_231 A_233 A_236 A_237 A_60 A_61 A_63 A_65 A_69 A_93 A_94 A_95 A_96 C_137 C_279
1465, B_267 B_268 B_271 B_272 B_275 B_288 B_289 B_290 B_305 B_309 B_318 B_332 B_334 B_335 B_336 B_337 B_338 B_340 B_341 B_389 B_399 B_400 B_401
1466, B_1021 B_1022 B_1024 B_1059 B_1061 B_1076 B_1078 B_1079 B_1395 B_1399 B_1402 B_1413 B_1414
1467,
1468, A_11 A_170 A_231 A_239 A_5 A_6 A_63 A_64 A_7 A_8
1469,
1470, A_305 A_306 A_309 A_310 A_383 A_384 A_429 A_432 A_433 A_435 A_436 A_456 A_457 A_459
1471,
1472, A_143 A_144 A_145 A_146 A_147 A_148 A_164 A_168 A_268 A_269 A_270 A_281 A_283 A_284 A_285 A_58 A_61 A_62
1473, A_11 A_170 A_231 A_239 A_242 A_3 A_4 A_5 A_6 A_63 A_64 A_7 A_8
1474, B_152 B_155 B_159 B_183 B_239 B_289 B_316 B_318 B_337 B_61 B_64 B_65 B_66 B_95 B_97
1475, C_134 C_135 C_136 C_137 C_141 C_144 C_218 C_222 C_225 C_226 C_227 C_228 C_229 C_51 C_53 C_78 C_80 C_81 D_134 D_135 D_136 D_137 D_141 D_144 D_222 D_225 D_226 D_227 D_229 D_53 D_80 D_81 F_134 F_135 F_136 F_137 F_141 F_144 F_218 F_222 F_225 F_226 F_227 F_229 F_51 F_53 F_54 F_78 F_80 F_81
1476, B_743 B_745 B_747 B_759 B_763 B_766 B_775 B_776 B_777 B_788 B_790 B_854 B_855 B_856 B_858 B_861
1477, A_143 A_145 A_150 A_153 A_17 A_19 A_24 A_27 A_42
1478, A_319 A_320 A_323 A_324 A_397 A_443 A_446 A_447 A_450 A_472 A_473
1479,
1480,
1481, A_36 A_67 A_69 B_46 B_50 B_51 B_68 B_70 D_64 D_65 D_66
1482, A_151 A_24 A_26 A_33 A_36 A_37 A_41 A_43 A_44 A_56 A_58 A_85 A_86 A_89 A_93
1483, A_155 A_156 A_159 A_163 A_177 A_179 A_194 A_261 A_269 A_270 A_297 A_300 A_301 A_302
1484,
1485, A_103 A_104 A_105 A_113 A_118 A_124 A_128 A_131 A_48 A_49 A_55
1486,
1487, A_858 A_899 A_949 A_955 A_956 A_958 A_961 A_970
1488, B_101 B_120 B_122 B_145 B_184 B_189 B_216 B_218 B_220 B_25 B_254 B_256
1489, A_141 A_147 A_152 A_153 A_158 A_162 A_190 A_191 A_192 A_194
1490, A_181 A_194 A_253 A_254 A_255 A_256 A_33 A_331 A_34 A_35 A_359 A_363 A_37 A_38
1491, A_123 A_140 A_159 A_160 A_175 A_176 A_196 A_197 A_198 A_200 A_33 A_35 A_38 A_50 A_52
1492,
1493, 1_168 1_184 1_185 1_188 1_224 1_225 1_226 1_239 1_245 1_304
1494, A_659 A_660 A_663 A_664 A_676 A_677 A_680 A_681 A_684 A_748
1495, A_139 A_140 A_191 A_194 A_195 A_337 A_347 A_348 A_349 A_350 A_351
1496,
1497, B_525 B_526 B_528 B_529 B_530 B_531 B_534 B_582 B_629 B_689
1498, A_137 A_177 A_178 A_179 B_125 B_16 B_17 B_18 B_180 B_181 B_182 B_186 B_188 B_189 B_19 B_190 B_20 B_21 B_22 B_23 B_249 B_252 B_253 B_256 B_261 B_262 B_28 B_335 B_336 B_337
1499, A_609 A_610 A_613 A_642 A_646 A_650 A_735 A_736 A_788 A_791 A_792 A_795 A_812 A_813 A_814 A_815 A_816 A_826
1500, A_11 A_170 A_231 A_239 A_242 A_3 A_5 A_6 A_63 A_64 A_7 A_8
1501, A_420 A_423 A_424 A_447 A_450 A_451 A_463 A_466 A_467 A_469
1502, A_234 A_235 A_237 A_240 A_272 A_275 A_276 A_279 A_309 A_312 A_313 A_316 A_326 A_365 A_368 A_372
1503, A_21 A_23 A_345 A_346 A_348 A_350 A_45 A_6 A_8 A_88 A_89 A_90 A_91
1504, A_121 A_122 A_123 B_105 B_107 B_108 B_112 B_114 B_18 B_19 B_22 B_29 B_41 B_42 B_43 B_44 B_45 B_47 B_53 B_99
1505, A_10 A_116 A_118 A_119 A_12 A_123 A_13 A_14 A_15 A_35 A_38 A_39 A_40 A_48 A_49 A_50 A_53 A_78 A_79 A_8 A_80 A_9 B_150 B_151 B_153 B_187
1506, A_101 A_62 A_66 A_77 A_80 A_81 A_84 A_98
1507, A_236 A_237 A_245 A_248 A_249 A_258 A_262 A_267 A_270 A_271 A_274 A_275 A_278 A_287 A_291 A_331
1508, A_119 A_122 A_126 A_38 A_72 A_75 A_76 A_77 A_78 A_87 A_88 A_89
1509, A_290 A_316 A_319 A_322 A_323 A_369 A_371 A_392 A_395
1510, A_560 A_563 A_564 A_567 A_572 A_646 A_648 A_666 A_667 A_668
1511, A_461 A_475 A_477 A_533 A_595 A_596 A_616 A_617 A_651 A_652 A_671
1512, A_103 A_105 A_113 A_118 A_124 A_127 A_128 A_131 A_48 A_49 A_55
1513, A_233 A_236 A_237 A_245 A_246 A_262 A_302 A_307 A_308 A_309 A_327 A_328 A_329
1514, A_11 A_170 A_231 A_239 A_3 A_4 A_5 A_6 A_63 A_64 A_7 A_8
1515, B_343 B_346 B_347 B_349 B_350 B_353 B_383 B_384 B_387 B_388 B_391 B_394 B_404 B_421 B_424 B_428 B_521 B_524 B_525 B_540
1516, A_192 A_193 A_195 A_41 A_42 A_57
1517, A_101 A_107 A_108 A_110 A_111 A_286 A_289 A_290 A_98 A_99 C_137 C_138 C_139 C_142 C_162 C_163 C_164 C_165 C_207 C_211 C_212 C_236 C_238 C_239 C_256 C_258 C_260 C_261 C_387 C_388 C_389 C_399 C_403 C_404 C_406 C_417 C_423
1518, A_856 A_858 A_899 A_929 A_931 A_949 A_955 A_956 A_958 A_961 A_970
1519, A_10 A_104 A_105 A_106 A_108 A_109 A_110 A_117 A_119 A_121 A_123 A_13 A_15 A_17 A_24 A_52 A_54 C_10 C_104 C_105 C_106 C_108 C_109 C_110 C_117 C_119 C_121 C_123 C_13 C_15 C_17 C_24 C_52 C_54
1520,
1521, A_265 A_267 A_268 A_271 A_272 A_275 A_277 A_288 A_290 A_305 A_309 A_318 A_332 A_334 A_335 A_336 A_337 A_338 A_339 A_340 A_341 A_344 A_389 A_399 A_400 A_401
1522,
1523, A_273 A_277 A_282 A_314 A_339 A_340 A_341 A_344 A_464 A_468 A_469 A_470
1524, H_201 H_202 H_203 H_204 H_205 H_206 Z_153 Z_156 Z_159 Z_170 Z_173 Z_175 Z_179 Z_183
1525,
1526, A_141 A_160 A_162 A_168 A_283 A_404 A_405 A_446 A_449 A_451 A_556 A_557 A_559 A_560 A_93 A_95 A_96 A_97
1527, A_559 A_560 A_563 A_564 A_567 A_572 A_573 A_641 A_646 A_648 A_666 A_667 A_668
1528, A_157 A_159 A_161 A_190 A_194 A_196 A_199 A_201 A_238 A_240 A_242 A_260 A_262 A_319 A_320 A_322 A_328 A_98
1529, F_109 F_110 F_111 F_112 F_113 F_114 F_130 F_131 F_132 F_134 F_167 F_168 F_173 F_174 F_177 F_178 F_182 F_185 F_186 F_187 F_188 F_189 F_191 F_192 F_196 F_200 F_22 F_24 F_25 F_259 F_26 F_261 F_268 F_27 F_270 F_272 F_274 F_288 F_290 F_299 F_302 F_303 F_306 F_311 F_319 F_33 F_341 F_342 F_343 F_344 F_54 F_55 F_56 F_57 F_79 F_80 F_81 F_82 F_83 F_86
1530, A_108 A_109 A_112 A_135 A_192 A_195 A_196 A_214 A_215 A_216 A_218 A_221 A_222 A_224 A_225 A_226 A_256 A_258 A_306 A_307 A_309 A_311 A_312 A_50 A_77 A_78 A_79 A_80 A_87 C_175 C_176
1531, E_119 E_120 E_121 E_123 E_124 E_190 E_52 E_53 E_56 E_74 E_76 E_77 E_80
1532, A_-2 A_-5 A_1 A_100 A_158 A_2 A_3 A_68 A_71 A_72 A_75 A_88 A_93 A_96 A_97
1533, A_105 A_113 A_118 A_119 A_124 A_128 A_48 A_49 A_55
1534, A_311 A_312 A_313 A_314 A_315 A_317 A_374 A_389 A_390 A_392
1535, A_420 A_423 A_424 A_447 A_450 A_451 A_463 A_466 A_467 A_469
1536, A_122 A_148 A_197 A_54 A_55 A_56 A_83
1537, A_119 A_156 A_160 A_162 A_168 A_169 A_170 A_190 A_192 A_194 A_196
1538, A_1127 A_1150 A_1151 A_1160 A_1163 A_1164 A_1167 A_1249 A_1254 A_1270 A_1272 A_1273 A_1275 A_1276
1539, A_807 A_811 A_819 A_821 A_825 A_829 A_945 A_946 A_949 A_952 A_961 A_962
1540, A_138 A_167 A_169 A_170 B_161 B_162 B_163 B_181
1541, B_133 B_134 B_135 B_136 B_138 B_283 B_284 B_339 B_377 B_378 B_484 B_491 B_567 B_568 B_569 B_574 B_648 B_650 B_653 B_657 B_665 B_667 B_672 B_673 B_674 B_675 B_676 B_677 B_678 B_680 B_693 B_696 B_90
1542, A_146 A_149 A_150 A_154 A_216 A_220 C_149 C_150 C_154 C_216 C_217 C_220
1543, G_246 H_100 H_101 H_102 H_103 H_104 H_105 H_106 H_108 H_110 H_169 H_170 H_171 H_173 H_174 H_175 H_177 H_178 H_179 H_181 H_182 H_184 H_185 H_187 H_254 H_257 H_260 H_262 H_310 H_312 H_316 H_410 H_413 H_414 H_422 H_424 H_457 H_459 H_468 H_470 H_503 H_504 H_505 H_507 H_510 H_542 H_545 H_98 H_99
1544, A_100 A_11 A_14 A_15 A_152 A_155 A_18 A_19 A_292 A_302 A_303 A_306
1545, A_36 B_10 B_62 B_63 B_64 B_65 B_66 B_68 B_73 B_75
1546,
1547,
1548, A_165 A_167 A_181 A_619 A_620 A_623 A_627 A_64 A_67 A_68 A_71 A_712 A_715 A_716 A_719 A_72
1549, B_268 B_269 B_272 B_275 B_306 B_309 B_310 B_313 B_316 B_326 B_342 B_345 B_346 B_349 B_431 B_435 B_450
1550, A_11 A_170 A_231 A_239 A_4 A_5 A_6 A_63 A_64 A_7 A_8
1551, A_107 A_165 A_351 A_78 A_79 A_80 A_81 A_83 A_85 A_86 A_87
1552, A_1127 A_1130 A_1131 A_1134 A_1139 A_1140 A_1195 A_1200 A_1202 A_1203 A_1220 A_1221 A_1222 A_1224
1553, A_180 A_210 A_211 A_213 A_216 A_217 A_220 A_222 A_246 A_247 A_252 A_254 A_256 A_263 A_266
1554, A_268 A_271 A_272 A_274 A_275 A_278 A_309 A_312 A_313 A_315 A_316 A_327 A_329 A_340 A_345 A_349 A_353 A_435 A_438 A_439 A_442 A_449 A_457
1555, A_250 A_251 A_252 A_52 A_60 A_62 A_74 A_76
1556, A_131 A_141 A_143 A_267 A_268 A_271 A_272 A_274 A_275 A_326 A_329 A_330 A_331 A_332 A_63 A_66 A_68 A_69 A_72
1557, A_1000 A_1001 A_1006 A_1100 A_1148 A_1150 A_999
1558,
1559, A_130 A_133 A_134 A_170 A_171 A_206 A_207 A_234 A_238 A_239 A_240
1560, A_192 A_195 A_214 A_215 A_57 A_96 A_99
1561, A_11 A_169 A_230 A_238 A_241 A_4 A_5 A_6 A_63 A_7 A_8
1562, A_110 A_259 A_301 A_308 A_321 A_324 A_325 A_329 A_90 A_92
1563, A_213 A_243 A_244 A_245 A_252 A_253 A_254 A_255 A_258 A_321 A_322 A_323 A_325 A_370
1564, A_113 A_114 A_115 A_116 A_139 A_143 A_160 A_163 A_164 A_187
1565, E_192 E_193 E_195 E_41 E_42 E_57 E_58 E_61
1566, A_166 A_168 A_171 A_177 A_189 A_191 A_193 A_195 A_199 A_201 A_203 A_225 A_227 A_229 A_245 A_247 A_251
1567, H_175 H_176 H_179 H_18 H_181 H_182 H_183 H_184 H_185 H_187 H_188 H_19 H_26 H_28 H_29 Y_172 Y_175 Y_176 Y_178 Y_179 Y_18 Y_181 Y_182 Y_183 Y_184 Y_185 Y_19 Y_190 Y_218 Y_26 Y_29
1568, A_103 A_105 A_113 A_118 A_124 A_128 A_131 A_48 A_49 A_55
1569, B_276 B_278 B_284 B_287 B_300 B_302 B_305 B_306 B_309 B_330 B_332 B_337 B_338 B_339 B_342 B_344 B_346 B_379 B_380 B_381 B_382 B_383 B_384 B_387 B_389 B_396 B_397 B_399 B_401 B_405 B_407 B_408 B_411 B_413 B_417 B_419 B_421 B_422 B_423 B_425 B_426 B_437
1570, A_154 A_192 A_193 A_226 A_228 A_229 A_255 A_261
1571, C_13 C_138 C_141 C_142 C_143 C_174 C_190 C_191 C_192 C_193 C_196 C_61 C_89 C_91
1572, A_113 A_114 A_161 A_164 A_200 A_226 A_228 A_229
1573, A_210 A_214 A_215 A_216 A_218 A_227 A_380 A_383 A_384 A_387 A_388 A_407 A_410 A_411 A_414 A_435 A_436 A_439
1574, A_711 A_715 A_743 A_745 A_748 A_749 A_751 A_758 A_761 A_764 A_765 A_768 A_772 A_785 A_787
1575, A_194 A_195 A_205 A_208 A_232 A_248 A_255 A_51
1576, E_1 E_106 E_108 E_113 E_2 E_32 E_35 E_36 E_62 E_64 F_49 F_95 F_97
1577, A_117 A_118 A_119 A_121 A_122 A_123 A_129 A_199 A_200 A_279 A_282 A_286 A_287 A_288 A_289 A_290 A_330 A_331 A_334 A_335 A_426 A_427 A_429 A_430 A_431 A_432 A_437 A_439 A_440 A_442 A_445 A_450 A_456 A_458 A_69 A_70 A_72 A_74 A_79 A_81 A_83 A_84 A_85
1578, A_137 A_157 A_158 A_159 A_23 A_26
1579, A_192 A_193 A_195 A_41 A_42 A_57 A_58
1580, A_145 A_148 A_149 A_150 A_191 A_192 A_195 A_196 A_34 A_87 A_88 A_90
1581, A_804 A_808 A_880 A_932 A_935 A_936 A_939 A_940 A_967 A_971 A_976 A_978
1582, A_245 A_248 A_251 A_252 A_33 A_34 A_38 A_39 A_40 A_41 A_507 A_508 A_9
1583, C_101 C_102 C_103 C_104 C_17 C_18 C_19 C_2 C_20 C_22 C_3 C_51 C_52 C_53 C_54 D_100 D_101 D_102 D_103 D_104 D_119 D_120 D_121 D_127 D_2 D_3 D_53 D_54
1584, A_254 A_255 A_256 A_316 A_320 A_323 A_324 A_354 A_357 A_361 A_371
1585,
1586, A_115 A_116 A_117 A_121 A_125 A_128 A_52 A_55 A_56
1587, A_146 A_160 A_164 A_179 A_250 A_385 A_387 A_388 A_78 A_82
1588, D_89 D_92 D_93 E_10 E_102 E_103 E_104 E_106 E_109 E_11 E_113 E_14 E_17 E_18 E_21 E_22 E_76 E_78 E_79 E_82 E_9
1589, A_137 A_138 A_167 A_170 B_167 B_168 B_170 B_189
1590,
1591, A_670 A_673 A_674 A_677 A_682 A_683 A_737 A_742 A_744 A_762 A_763 A_764
1592, A_109 A_110 A_111 A_112 A_113 A_114 A_131 A_132 A_133 A_136 A_138 A_139 A_140 A_141 A_144 A_82 A_83 A_84 A_85
1593, A_178 A_180 A_182 A_185 A_221 A_77 A_79 A_81 A_92 A_94
1594, A_168 A_169 A_170 A_171 A_173 A_174 A_178 B_102 B_125 B_128 B_129 B_131 B_132 B_95 B_98 B_99
1595, A_228 A_229 A_230 A_233 A_310 A_311 A_312 A_329 A_330 A_409 A_410 A_411 A_66 A_67 A_70 A_96 A_97 A_98
1596, A_117 A_156 A_158 A_159 A_167 A_168 A_17 A_18 A_19 A_196 A_197 A_20 A_223 A_224 A_225 A_227 A_284 A_291 A_292 A_293 A_321 A_323 B_104 B_106 B_78 B_81 B_83 B_88 B_90
1597, A_1054 A_1055 A_1067 A_1070 A_1111 A_1112 A_977 A_979 A_980 C_1127 C_1128 C_1129 C_1132 C_1135 C_1136 C_1138
1598, A_10 A_11 A_13 A_14 A_157 A_170 A_229 A_230 A_231 A_232 A_307 A_308 A_335 A_336 A_339
1599, A_11 A_13 A_216 A_237 A_239 A_240 A_241 A_243 A_245 A_31 A_33 A_34 A_36 B_26 B_28 B_29 B_52 B_53 B_56 B_57 B_58 B_63 B_65
1600, A_159 A_160 A_164 A_201 A_204 A_206 A_207 A_208 A_209 A_229 A_230 A_271 A_273 A_276 A_315 A_318 A_319 A_321 A_329 A_332 A_336 A_339 A_340 A_343 A_355 A_356 A_357 A_358 A_369 A_372 A_376
1601, A_10 A_100 A_103 A_58 A_60 A_61 A_62 A_63 A_68 A_72 A_9 A_95 A_96 A_99
1602, C_304 C_307 C_338 C_339 C_340 C_372 C_373 C_374 C_375 C_401 C_403 D_304 D_305 D_306 D_307 D_335 D_337 D_339 D_340 D_371 D_372 D_373 D_374 D_375 D_401 D_403
1603, A_128 A_129 A_130 A_160 A_161 A_163 A_178 A_179 A_226
1604,
1605, A_420 A_423 A_424 A_427 A_443 A_447 A_450 A_451 A_463 A_466 A_467 A_468 A_469 A_472
1606, H_110 H_111 H_112 H_146 H_148 H_170 H_174 H_176 H_41 H_84 H_87
1607, A_227 A_230 A_237 A_240 A_242 A_243 A_83
1608, A_130 A_131 A_132 A_136 A_141 A_240 A_242 A_250 A_286 A_287 A_64 A_66 B_137 B_67 B_68
1609, A_136 A_137 A_166 A_168 A_169 B_159 B_160 B_161 B_162 B_180
1610, A_14 A_227 A_231 A_232 A_234 A_235 A_257 A_260 A_261 A_264 A_40 A_41 A_43 A_55 A_56 A_58 A_60 A_63 A_65 A_67 A_68 A_69 A_72 A_86 A_89 A_90 A_91
1611, E_43 E_45 E_53 E_55 E_56 E_57 E_66 E_67
1612, A_250 A_251 A_252 A_40 A_43 A_50 A_52 A_60 A_62 A_74 A_76
1613, A_136 A_137 A_138 A_139 A_167 A_169 A_175 A_213 A_237 A_240 A_241 A_32 A_33
1614, A_135 A_137 A_42 A_43 A_46 A_48 A_50 A_56 A_59 A_63 A_70 A_72 A_80 A_83
1615, B_100 B_104 B_105 B_11 B_13 B_14 B_152 B_155 B_156 B_159 B_199 B_36 B_39 B_43 B_50 B_51 B_8 B_9 B_99
1616, A_104 A_105 A_130 A_132 A_166 A_170 A_216 A_235 A_236 A_237 A_70
1617, A_123 A_164 A_166 A_172 A_173 A_174 A_189 A_195 A_198 A_200
1618, A_10 A_11 A_170 A_231 A_232 A_236 A_240 A_241 A_242 A_243 A_4 A_5 A_6 A_64 A_7 A_8
1619, E_10 E_128 E_131 E_2 E_3 E_4 E_41 E_42 E_45 E_46 F_111 F_115 F_12 F_14 F_15 F_50 F_51 F_54
1620, A_127 A_129 A_130 A_195 A_197 A_198 A_202 A_205 A_206 A_223
1621, E_10 E_158 E_250 E_252 E_271 E_274 E_275 E_276 E_277 E_282 E_283
1622, A_119 A_123 A_166 A_59 A_87 A_88 A_89
1623,
1624, B_343 B_345 B_385 B_386 B_387 B_388 B_389 B_390 B_441 B_509 B_517 B_546 B_547 B_550
1625, A_339 A_344 A_349 A_350 A_356 A_364 A_387 A_442 A_443
1626, A_243 A_244 A_245 A_246 A_275 A_329 A_330 A_389 A_416 A_418
1627,
1628, A_576 A_580 A_581 B_676 B_685 B_688 B_690 D_650 D_674 D_675 D_676 D_685 D_687 D_688 D_690
1629, A_123 A_124 A_125 A_78 A_82 A_89 A_92
1630, A_193 A_196 A_199 A_205 A_210 A_213
1631, A_75 A_76 A_78 B_120 B_121 B_122 B_124 B_125 B_126 B_130 B_133 B_202 B_203 B_282 B_283 B_286 B_287 B_289 B_293 B_294 B_295 B_296 B_297 B_337 B_338 B_341 B_447 B_448 B_72 B_74 B_75 B_83 B_86 B_87
1632,
1633, A_348 A_351 A_352 A_355 A_380 A_504 A_507 A_508 A_536 A_537 A_540 A_544 A_565 A_569 A_572 A_573
1634, A_254 A_255 A_257 A_258 A_259 A_261 A_262 A_293 A_295 A_297 A_298 A_306 A_311 A_312 A_313 A_327 A_328 A_329 A_330 A_331 A_332 A_333 A_334 A_350 A_358 A_360
1635, W_30 W_33 W_35 W_6 W_7 X_1 X_101 X_118 X_120 X_121 X_122 X_124 X_132 X_133 X_134 X_138
1636, A_105 A_107 A_109 A_110 A_113 A_173 A_317 A_320 A_321 A_324 A_325 A_380 A_383 A_384 A_386 A_387
1637, A_109 A_110 A_111 A_112 A_113 A_114 A_116 A_130 A_133 A_136 A_138 A_139 A_140 A_141 A_144 A_82 A_83 A_84 A_85 B_180 B_181 B_182 B_183 B_218
1638, A_116 A_119 A_120 A_182 A_183 A_271 A_274 A_275 A_276 A_277 A_278
1639, A_132 A_133 A_135 A_137 A_138 A_151 A_154 A_155 A_158 A_160 A_161 A_165 A_166 A_169 A_173 A_177 A_180 A_26 A_28 A_45
1640, A_100 A_156 A_157 A_158 A_159 A_166 A_168 A_185 A_186 A_99
1641, B_102 B_103 B_129 B_133 B_139 B_142 B_143 B_152 B_155 B_156 B_159 B_170 B_174 B_199 B_202 B_226 B_227 B_252 B_253 B_255 B_256 B_33 B_34 B_35 B_36 B_38 B_42 B_43 B_45
1642, A_210 A_244 A_245 A_246 A_247 A_249 A_284 A_315 A_316 A_317 A_318
1643, A_1148 A_1150 A_1164 A_1167 A_1168 A_1170
1644, A_160 A_162 A_163 A_164 A_183 B_138 B_167 B_170
1645, A_307 A_308 A_311 A_339 A_340 A_343
1646, A_11 A_15 A_5 A_6 C_11 C_127 C_15 C_5
1647,
1648, B_547 B_552 B_563 B_564 B_567 B_606
1649, A_124 A_125 A_130 A_133 A_135 A_138 A_139 A_82
1650, A_10 A_15 A_16 A_232 A_236 A_239 A_26 A_27 A_28 A_49 A_50 A_51 A_6 A_7 A_71 A_77 A_9
1651, A_123 A_238 A_239 A_242 A_243 A_47 A_48 A_51
1652, A_211 A_232 A_233 A_235 A_237 A_239 A_240 A_241 A_27 A_29 A_30 A_32 A_4 A_48 A_6 A_8 B_27 B_53 B_54 B_56 B_57 B_58 B_59 B_64 B_66 B_68
1653, A_12 A_15 A_157 A_159 A_16 A_4 A_5 A_8 A_9 A_97 A_99
1654, A_141 A_158 A_159 A_161 A_193 A_223 A_224 A_225 A_226 A_280 A_282 A_287 A_288 A_291 A_316 A_317 A_318 A_4 A_48 A_52 A_556 A_557
1655, A_302 A_304 A_307 A_319 A_321 A_322
1656, A_115 A_226 A_268 A_269 A_270 A_271 A_4 A_88 A_91 A_93
1657, A_11 A_169 A_230 A_238 A_239 A_241 A_5 A_6 A_63 A_7 A_8
1658, A_478 A_524 A_528 A_529 A_532 A_677 A_680 A_688
1659, A_223 A_224 A_225 A_228 A_266 A_267 A_268 A_272 A_288 A_289
1660, A_116 A_117 A_118 A_119 A_61 A_96 A_97 A_98 B_100 B_116 B_117 B_118 B_119 B_96 B_98 C_100 C_115 C_116 C_117 C_119 C_98 C_99
1661,
1662, A_125 A_127 A_128 A_155 A_160 A_239 A_240 A_261 A_265
1663, A_193 A_194 A_204 A_207 A_208 A_211 A_229 A_249
1664, A_238 A_240 A_241 A_243 A_278 A_281 A_355 A_359 A_360 A_364 A_436 A_437 A_438 A_441 A_447 A_451
1665, A_11 A_170 A_231 A_239 A_242 A_4 A_5 A_6 A_63 A_64 A_7 A_8
1666,
1667, A_108 A_109 A_112 A_135 A_192 A_195 A_196 A_214 A_215 A_216 A_218 A_221 A_222 A_225 A_226 A_256 A_258 A_50 A_51 A_80 A_87 B_175 B_176
1668,
1669, A_197 A_198 A_199 A_200 A_201 A_246 A_249 A_250 A_251 A_292 A_293 A_294
1670, A_226 A_227 A_228 A_288 A_289 A_292 A_295 A_296 A_326 A_329 A_330 A_333 A_340
1671, A_109 A_110 A_111 A_112 A_113 A_114 A_116 A_130 A_131 A_132 A_133 A_136 A_138 A_139 A_140 A_141 A_144 A_82 A_83 A_84 A_85 B_180 B_181 B_182 B_183 B_218
1672, A_128 A_152 A_176 A_180 A_181 A_243 A_246 A_247 A_251 A_252 A_253 A_294 A_295 A_296 A_297 A_84 A_85 A_86
1673, A_70 A_73 A_74 A_82 A_89 C_69 C_72 C_73 C_81 C_88 C_92
1674, A_116 A_117 A_119 A_12 A_120 A_13 A_146 A_147 A_15 A_16 A_17 A_18 A_28 A_29 A_30 A_31 A_32 A_33 A_35 A_58 A_60 A_61
1675,
1676,
1677, A_272 A_274 A_279 A_297 A_300 A_301 A_304 A_313 A_316 A_66 A_67 A_82 A_86 A_88 A_89 A_90 A_91 A_92
1678, A_136 A_152 A_159 A_162 A_165 A_176 A_188 A_190 A_254 A_255 A_256
1679, A_104 A_107 A_109 A_115 B_10 B_12 B_13 B_152 B_153 B_154 B_172 B_173 B_174 B_175 B_198 B_208 B_209 B_52 B_78 B_79 B_80 B_9
1680, A_204 A_205 A_206 A_207 A_209 A_351 A_352 A_355 A_356 A_357 A_387 A_409 A_57 A_58 A_59 A_60
1681, B_103 B_105 B_12 B_14 B_20 B_21 B_22 B_63 B_74 B_76 B_79 B_83 B_84 B_87 B_9
1682, A_112 A_113 A_114 A_115 A_116 A_118 A_144 A_145 A_146 A_148 A_149 A_150 A_151 A_152 A_176 A_197 A_198 A_203 A_204 A_206 A_207 A_210 A_75 A_77 A_78
1683,
1684, F_115 F_116 F_117 F_119 F_120 F_121 F_197 F_198 F_231 F_285 F_286 F_287 F_288 F_328 F_329 F_332 F_430 F_438 F_439 F_440 F_67 F_70 F_72 F_79 F_82 F_83 F_84
1685, D_109 D_110 D_111 D_112 D_114 D_115 D_138 D_166 D_189 D_190 D_233 D_234 D_235 D_236 D_302 D_303 D_304 D_305 D_306 D_350 D_377 D_378 D_382 D_84 D_85 D_86 D_87
1686, A_108 A_111 A_112 A_115 A_118 A_119 A_173 A_176 A_179 A_180 A_186 A_187 A_188 A_189 A_194 A_198
1687, A_168 A_171 A_172 A_173 A_244 A_255 A_259 A_66 A_67 A_68 T_111 T_114
1688, A_1902 A_1906 A_1909 A_1910 A_1916 A_1918 A_1926 A_1939 A_1940 A_1974
1689, A_133 A_134 A_137 A_46 A_90
1690, A_110 A_114 A_136 A_137 A_140 A_15 A_153 A_154 A_21 A_25
1691, A_115 A_116 A_147 A_148 A_149 A_156 A_159 A_160 A_163 A_166 A_167 A_217 A_221 A_222 A_225 A_226 A_227 A_240 A_66 A_95 A_97
1692, A_891 A_893 A_898 A_912 A_915 A_916 A_944 A_948
1693, A_11 A_170 A_231 A_236 A_239 A_242 A_3 A_4 A_5 A_6 A_63 A_64 A_7 A_8
1694, A_130 A_132 A_133 A_134 A_135 A_173 A_175
1695, B_102 B_197 B_201 B_202 B_204 B_216 B_217 B_219 B_220 B_271 B_274 B_278 B_28 B_281 B_282 B_287 B_29 B_30 B_31 B_32 B_33 B_34 B_36 B_38 B_44 B_46 B_52 B_53 B_56 B_60 B_96 B_97 B_98
1696, A_720 A_724 A_762 A_783 A_784 A_785 A_789 A_791 A_804 A_830 A_835 A_836 A_837 A_838
1697, A_11 A_170 A_231 A_239 A_242 A_4 A_5 A_6 A_63 A_64 A_7 A_8
1698, A_179 A_180 A_184 A_228 A_230 A_239 A_241 A_293 A_31 A_32 A_33 A_34 A_35 A_44
1699, A_125 A_128 A_129 A_132 A_133 A_28 A_29 A_35 A_78 A_79 A_80 A_82 A_83
1700,
1701, A_193 A_195 A_209 A_215 A_217 A_231 A_233 A_239 A_241
1702, A_460 A_461 A_462 A_493 A_494 A_495 A_500 A_501 A_504 A_508 A_574 A_581
1703, A_185 B_118 B_119 B_120 B_121 B_122 B_123 B_143 B_145 B_146 B_149 B_91 B_92 B_93 B_94 B_95
1704, A_183 A_184 A_185 A_192 A_195 A_197 A_219 A_220 A_221 A_236 A_238 A_239 A_240 A_254 A_255 A_256 A_257 A_258 A_272 A_274 A_275 A_276 B_232 B_248 B_250 B_251 B_266 B_267 B_268 B_269 B_284 B_285 B_286 B_287 B_30 B_31 B_32 B_41 B_43 B_80 B_83
1705, A_127 A_131 A_83 A_84 A_87 A_88
1706, A_134 A_138 A_142 A_173 A_174 A_177 A_181 A_222 A_225 A_226 A_228 A_229
1707, A_128 A_129 A_130 A_131 A_132 A_143 A_145 A_146 A_149 A_195 A_319 A_320 A_321 A_323
1708, A_174 A_186 A_189 A_193 A_201 A_203 A_227 A_229 A_230 A_231 A_232 B_107 B_109 B_187 B_190 B_191 B_86 B_87
1709, B_460 B_462 B_484 B_486 B_487 B_506 B_508 B_510 B_529 B_531 B_533 B_555
1710, A_133 A_134 A_135 A_136 A_138 A_139 A_279 A_280 A_282 A_283 A_284 A_285 A_286 A_287 A_292 A_339 A_341 A_377 A_378 A_383 A_385 A_455 A_484 A_486 A_491 A_567 A_568 A_569 A_574 A_608 A_648 A_649 A_650 A_653 A_657 A_665 A_671 A_672 A_673 A_674 A_675 A_676 A_677 A_679 A_681 A_684 A_88 A_90
1711, A_109 A_110 A_111 A_112 A_113 A_114 A_116 A_119 A_130 A_138 A_139 A_140 A_141 A_82 A_83 A_84 A_85 B_180 B_181 B_182 B_183 B_218
1712, B_514 B_515 B_554 B_557 B_559 B_561 B_562 B_581 B_582 B_623 B_624 B_625 B_626 B_664 B_665 B_667 B_668 B_675 B_678 B_679 B_682 B_683 B_686 B_703 B_711 B_712 B_715 B_716 B_719
1713, A_173 A_174 A_193 A_195 A_201 A_204 A_205 A_208 A_290 A_292 A_327 A_329 A_330 A_344
1714, A_567 A_571 A_573 A_575 A_577 A_580 A_674 A_676 A_703 A_704 A_705
1715, A_69 A_70 A_72 B_163 B_166 B_170 B_182 B_183 B_185 B_187 B_257 B_260 B_268 B_269 B_270 B_271 B_41 C_69 C_70 C_72 D_163 D_166 D_167 D_170 D_182 D_183 D_185 D_187 D_206 D_257 D_260 D_268 D_269 D_270 D_271 D_41
1716, H_137 H_139 H_157 H_207 H_22 H_26 H_27 H_29 L_138 L_141
1717, A_118 A_119 A_143 A_144 A_145 A_166 A_169 A_172 A_42
1718, A_131 A_133 A_135 A_136 A_138 A_15 A_157 A_158 A_16 A_160 A_161 A_17 A_18 A_19 A_20 A_21 A_23 A_37 A_39 A_41 A_46 A_51 A_52 A_53 A_56 A_69 A_85 A_86 A_87 A_88 A_91 A_92 B_171 B_174 B_175
1719, A_101 A_102 A_103 A_107 A_109 A_110 A_111 A_72 A_73 A_74 A_75 A_81
1720, A_109 A_110 A_111 A_112 A_113 A_114 A_116 A_119 A_130 A_138 A_140 A_141 A_82 A_83 A_84 A_85 A_86 B_180 B_181 B_218
1721, A_410 A_411 A_412 A_415 A_416 A_417 A_418 A_429 A_431 A_471 A_472 A_473 A_474 A_477 A_478 A_521 A_522 A_524 A_535 A_536
1722, A_137 A_139 A_157 A_159 A_200 A_207 A_26 A_27 A_29 L_135
1723, A_154 A_39 E_36 E_37 E_38 E_39 E_52 E_53
1724, A_183 A_186 A_187 A_208 A_212 A_213 A_214 A_215 A_226 A_227 A_228
1725,
1726, A_223 A_224 A_225 A_228 A_240 A_266 A_268 A_272 A_288 A_289
1727, A_140 A_142 A_146 A_147 A_150 A_157 A_158 A_162 A_48 A_62 A_63
1728,
1729, A_100 A_29 A_31 A_97 B_148 B_149 B_150 B_151 B_27 B_30 B_31 B_32 B_63 B_64
1730, A_1000 A_1094 A_1105 A_1107 A_1113 A_1144 A_1148
1731, A_100 A_123 A_124 A_125 A_126 A_183 A_184 A_82 A_84 A_86 A_91 A_94 A_96 A_97 A_98 A_99 B_100 B_123 B_124 B_125 B_126 B_183 B_184 B_187 B_84 B_86 B_91 B_94 B_96 B_97 B_98 B_99
1732, H_129 H_130 H_132 H_162 H_163 H_165 H_178 H_181 H_230
1733, A_240 A_241 A_243 A_271 A_272 A_276 A_277 A_278 A_279
1734,
1735, B_343 B_346 B_347 B_350 B_353 B_383 B_384 B_387 B_388 B_391 B_394 B_404 B_421 B_424 B_425 B_428 B_521 B_524 B_525 B_540
1736, B_101 B_120 B_122 B_145 B_184 B_189 B_216 B_218 B_220 B_25 B_254 B_256
1737, A_11 A_170 A_231 A_239 A_242 A_4 A_5 A_6 A_63 A_64 A_7 A_8
1738, A_206 A_208 A_236 A_244 A_283 A_285
1739, A_123 B_107 B_108 B_112 B_114 B_18 B_19 B_22 B_29 B_41 B_42 B_43 B_44 B_45 B_53
1740, A_128 A_131 A_157 A_160 A_161 A_164 A_216 A_219 A_93 A_95
1741, A_192 A_193 A_195 A_198 A_215 A_217 A_220 A_221 A_222 A_231 A_235 A_238 A_239 A_242
1742, A_10 A_11 A_113 A_114 A_13 A_14 A_18 A_182 A_183 A_186 A_19 A_20 A_204 A_205 A_207 A_21 A_59 A_7 A_8 A_86 A_87 A_89 A_9 A_97
1743, A_243 A_244 A_245 A_246 A_275 A_329 A_330 A_389 A_416 A_418 A_434
1744, A_105 A_125 A_128 A_129 A_131 A_132 A_200 A_214 A_217 A_274 A_277 A_278 A_281 A_300 A_304 A_307 A_308 A_98
1745,
1746, A_190 A_191 A_192 A_193 A_195 A_213 A_214 A_215 A_216 A_57
1747, A_227 A_230 A_237 A_240 A_242 A_243 A_83
1748, A_615 A_618 A_667 A_670 A_672 A_839
1749, A_10 A_12 A_13 A_152 A_153 A_154 A_172 A_173 A_174 A_175 A_197 A_198 A_208 A_209 A_52 A_78 A_79 A_80 B_104 B_107 B_109 B_115
1750,
1751, A_115 A_117 A_118 A_119 A_122 A_124 A_127 A_128 A_131 A_143 A_145 A_159 A_162 A_164 A_166 A_168 A_170 A_171 A_181
1752, A_343 A_346 A_347 A_349 A_350 A_351 A_353 A_383 A_384 A_387 A_388 A_391 A_404 A_421 A_424 A_425 A_428 A_521 A_524 A_525
1753,
1754, A_122 A_123 A_125 A_155 A_156 A_157 A_22 A_23 A_24 A_25 A_26 A_27 A_28 A_41 A_42 A_43 A_44 A_66 A_67
1755,
1756, A_162 A_163 A_186 A_187 A_223 A_224 A_241 A_245 A_249
1757, A_224 A_225 A_227 A_228 A_254 A_257 A_258 B_227 B_228 B_261 B_262 B_320 B_321 B_324
1758, C_124 C_127 C_128 C_131 C_183 C_187 C_222 C_225 C_226 C_229 C_29 C_31 C_32 C_33 C_34 C_56 C_57
1759,
1760, A_11 A_13 A_216 A_236 A_237 A_239 A_240 A_241 A_243 A_245 A_31 A_33 A_34 A_36 B_26 B_28 B_29 B_52 B_53 B_56 B_57 B_58 B_62 B_63 B_65 B_8
1761, B_10 B_11 B_12 B_120 B_124 B_127 B_128 B_129 B_130 B_133 B_15 B_17 B_18 B_21 B_42 B_7 B_8 B_88 B_89 B_9 B_90 B_91 B_95 B_98 B_99
1762, A_217 A_37 A_41 A_95 A_98 A_99 E_217 E_37 E_41 E_95 E_98 E_99
1763, A_207 A_210 A_211 A_213 A_234 A_238 A_241 A_242 A_245 A_246 A_268 A_270 A_273 A_276 A_277 A_280 A_281 A_290 A_293 A_294
1764, A_116 A_119 A_120 A_121 A_123 A_19 A_22 A_25 A_26 A_29 A_30 A_312 A_404 A_405 A_408 A_67 A_70 A_71 A_74 A_78 A_82 B_705 B_708 B_712 B_715 B_716 B_719
1765, A_114 A_115 A_116 A_117 A_123 A_143 A_144 A_145 A_149 A_151 A_152 A_153
1766, B_132 B_136 B_137 B_142 B_144 B_148 B_151 B_152 B_155 B_156 B_201 B_207 B_208 B_209
1767, A_1 A_64 B_228 B_231 B_232 B_234 B_235 B_275 B_276 B_277 B_278 B_279 B_280 B_349 C_379 C_380 C_381 C_382 C_429 C_431
1768, H_111 H_112 H_113 H_114 H_154 H_155 H_157 H_207 H_40 H_42 H_5 H_7 H_9 H_93 L_42
1769,
1770, A_121 A_122 A_210 A_211 A_212 A_32 A_33 A_35 A_39 A_40
1771, A_119 A_121 A_131 A_132 A_135 A_141 A_143 A_198 A_199 A_200 A_201 A_202 A_209 A_5 A_62 A_64 A_65 A_67 A_7 A_91 A_92 A_94 A_96
1772, A_1066 A_1070 A_977 A_978 A_979 A_981 A_986 A_987 A_988 A_989
1773, A_176 A_179 A_180 A_197 A_201 A_202 A_206 A_208 A_251 A_254 A_255 A_297 A_298 A_299
1774, A_10 A_100 A_58 A_59 A_60 A_68 A_71 A_72 A_9 A_96 A_99
1775, G_127 G_128 G_129 G_130 G_131 G_134 G_137 G_139 G_140 G_145 G_148 G_149 G_152 G_192 G_197 G_220 G_221 G_224
1776, D_109 D_110 D_111 D_112 D_114 D_115 D_166 D_189 D_190 D_232 D_233 D_234 D_235 D_236 D_303 D_304 D_306 D_350 D_377 D_378 D_382 D_84 D_85 D_86 D_87
1777, A_145 A_148 A_149 A_152 A_58 A_59 A_60 A_8
1778, A_11 A_170 A_231 A_232 A_239 A_4 A_5 A_6 A_63 A_64 A_7 A_8
1779, A_104 A_105 A_133 A_134 A_136 A_375 A_379
1780, M_111 M_299 M_34 M_37 M_40 M_41 M_439 M_442 M_443 M_446
1781, A_152 A_153 A_155 A_159 A_168 A_215 A_216 A_217 A_224 A_227
1782, A_142 A_145 A_146 A_150 A_152 A_155 A_191 A_194
1783, A_145 A_146 A_147 A_148 A_162 A_188 A_189 A_191 A_192 A_195 A_213
1784, A_193 A_195 A_196 A_197 A_200 A_316 A_366 A_367 A_368 A_384 A_386 A_390 A_391 A_394 A_405 A_407 A_410 A_411 A_414 A_415 A_446 A_447 A_448 A_449
1785, A_102 A_109 A_110 A_111 A_19 A_22 A_38 A_40 A_52 A_72 A_73 A_75 A_77
1786,
1787, A_10 A_11 A_136 A_137 A_138 A_141 A_143 A_25 A_28 A_31 A_57 A_6 A_7 A_8 A_9 D_1 D_10 D_11 D_14 D_141 D_143 D_145 D_148 D_17 D_3 D_6 D_7 D_8 D_9 E_1 E_10 E_11 E_136 E_137 E_138 E_143 E_145 E_17 E_25 E_27 E_28 E_3 E_31 E_57 E_6 E_7 E_8 E_9
1788, A_109 A_110 A_111 A_112 A_113 A_114 A_116 A_119 A_130 A_131 A_132 A_133 A_136 A_137 A_138 A_139 A_140 A_141 A_144 A_82 A_83 A_84 A_85 B_180 B_181 B_182 B_183 B_218
1789, B_251 B_252 B_293 B_296 B_298 B_300 B_301 B_321 B_322 B_363 B_364 B_365 B_366 B_402 B_403 B_405 B_406 B_416 B_417 B_420 B_423 B_424 B_427 B_441 B_442 B_452 B_453 B_456 B_460
1790, A_104 A_105 A_107 A_108 A_111 A_129 A_130 A_132 A_170 A_215 A_216 A_235 A_236 A_237 A_238 A_240 A_245 A_274 A_276 A_70 B_212 B_218 B_222 B_223 B_226 B_227 B_229 B_230 B_231
1791, A_1007 A_1047 A_1073 A_1078 A_1080 A_1083 A_1085 A_965
1792, A_109 A_110 A_111 A_112 A_113 A_114 A_116 A_130 A_131 A_138 A_139 A_140 A_141 A_144 A_82 A_83 A_84 A_85 A_86 B_180 B_181 B_182 B_183 B_218
1793, A_1115 A_1118 A_1122 A_1150 A_1153 A_1157
1794,
1795, A_174 A_192 A_195 A_214 A_215 A_216 A_39 A_40 A_41 A_42 A_57 A_60A A_60D A_60F A_96 A_99
1796, A_10 A_11 A_156 A_157 A_158 A_159 A_160 A_161 A_303 A_304 A_306 A_308 A_309 A_339 A_361 A_9
1797, A_12 A_31 A_34 A_35 A_41 A_7 A_8 A_81 A_82 A_83
1798, A_134 A_136 A_137 A_158 A_159 A_203 A_205 A_223 A_225 A_85
1799, A_114 A_115 A_116 A_147 A_148 A_149 A_151 A_155 A_180 A_201 A_202 A_207 A_208 A_214 A_85 A_86 A_87 A_88
1800, A_124 A_125 A_126 A_130 A_133 A_134 A_135 A_138 A_139 A_179
1801, B_10 B_11 B_114 B_115 B_116 B_12 B_13 B_157 B_159 B_162 B_163 B_164 B_165 B_166 B_167 B_169 B_193 B_195 B_201 B_202 B_203 B_204 B_209 B_233 B_236 B_237 B_238 B_276 B_278 B_287 B_288 B_290 B_292 B_294 B_295 B_296 B_338 B_340 B_370 B_375 B_377 B_378 B_381 B_382 B_383 B_384 B_385 B_437 B_56 B_82 B_83 B_84 B_87 B_88 B_9
1802,
1803, A_11 A_13 A_216 A_236 A_237 A_239 A_240 A_241 A_243 A_245 A_31 A_33 A_34 A_36 B_26 B_28 B_29 B_52 B_53 B_56 B_57 B_58 B_62 B_63 B_65 B_8
1804, A_20 A_24 A_38 A_42 A_80 A_81 A_82 A_84
1805,
1806, D_151 D_154 D_166 D_167 D_207 D_208 D_247 D_316 D_317 D_341 D_369 D_370 D_371 D_392 D_40 D_41 D_46
1807, A_307 A_308 A_309 A_310 A_314 A_319 A_322 A_323 F_248
1808, B_109 B_111 B_112 B_113 B_114 B_132 B_133 B_134 B_136 B_138 B_139 B_140 B_141 B_144 B_82 B_83 B_84 B_85
1809, A_81 A_83 B_113 B_114 B_115 B_116 B_133 B_136 B_15 B_157 B_185 B_186 B_187 B_188 B_190 B_192 B_214 B_215 B_216 B_217 B_219 B_22 B_240 B_241 B_242 B_257 B_258 B_52 B_53 B_54 B_57 B_61 B_62 B_63 B_64 B_65 B_66 B_67 B_68 B_69 B_70 B_71 B_82 B_86
1810, A_1067 A_1113 A_977 A_980 B_1132 B_1135 B_1138
1811, A_120 A_121 A_122 A_123 A_26 A_31 A_44 A_47
1812, A_156 A_158 A_175 A_177 A_178 A_194 A_48 A_49 A_50 A_77
1813, A_102 A_217 A_218 A_219 A_229 A_230 A_233 A_234 A_291 A_293 A_329 A_354 A_355 A_356 A_370 A_371 A_373 A_374 A_53 A_55
1814,
1815, A_350 A_352 A_353 A_367 A_381 A_443 A_449 A_450 A_452 A_532 A_534 A_536 A_542
1816, A_1136 A_1137 A_1140 A_1144 A_1147 A_1151 A_1152 A_1191 A_1192 A_1193 A_1194 A_1196 A_1197 A_1200 A_1204 A_1208 C_1075 C_1076 C_1079 C_1097 C_1100 C_1101 C_1104 C_1107 C_1110 C_1111 C_1120 C_1123 C_1124
1817,
1818, A_311 A_312 A_313 A_314 A_317 A_374 A_389 A_390 A_392
1819, A_588 A_592 A_595 A_598 A_599 A_600 A_601 A_609 A_615 A_616 A_617 A_618 A_619 A_620
1820,
1821, A_11 A_26 A_35 A_37 A_7 A_71 A_74 A_76 A_81 A_83 A_9
1822, A_136 A_138 A_73 A_74 A_94 A_95 A_98 A_99
1823, B_102 B_104 B_30 B_31 B_32 B_33 B_63 B_65 C_11 C_39 C_40 C_41 C_42 C_43 C_44 C_45 C_50 C_52 C_59 C_88 C_89 C_90
1824, A_176 A_179 A_180 A_197 A_201 A_202 A_206 A_208 A_254 A_255 A_298 A_299
1825, A_103 A_106 A_107 A_358 A_359 A_362 A_363 A_404 A_406 A_75
1826, A_350 A_351 A_352 A_378 A_391 A_393 A_394 A_406 A_412 A_414 A_418 A_469 A_471
1827,
1828, A_131 A_267 A_268 A_271 A_274 A_275 A_326 A_329 A_331 A_332 A_63 A_64 A_66 A_68 A_69 A_72
1829, A_100 A_101 A_102 A_122 B_140 B_141 B_155 B_156 B_40 B_41 B_44 B_77 B_78
1830, A_1785 A_1786 A_1872 A_1873 A_1874 A_1875 A_1901 A_1903 A_1917 A_1919 A_1925 A_1926 A_1927 A_1930 A_1961 A_1962 A_1964 A_1965 A_1966 A_1970 B_1785 B_1786 B_1872 B_1873 B_1874 B_1875 B_1901 B_1903 B_1917 B_1919 B_1925 B_1926 B_1927 B_1930 B_1961 B_1962 B_1964 B_1965 B_1966 B_1970
1831, A_163 A_176 A_177 A_180 A_283 A_287 A_383 A_384 A_386
1832, B_230 B_233 B_234 B_316 B_317 B_319 B_357 B_360 B_363 B_366 B_367 B_368 B_369 B_370 B_371 B_374 B_399 B_400 B_403 B_404 B_407
1833,
1834, C_549 C_552 C_556 C_557 C_558 C_586 C_587 C_590 C_591 C_595 C_619 C_621 C_628 C_652 C_654 C_680 C_682 C_717 C_719 C_720 C_747 C_749 C_841 C_843 C_844 C_847 C_881 C_882 C_885 C_886
1835, B_101 B_103 B_108 B_110 B_113 B_121 B_122 B_148 B_151 B_152 B_155 B_156 B_162 B_98 B_99
1836, A_11 A_170 A_231 A_239 A_242 A_5 A_6 A_63 A_64 A_7 A_8
1837, A_137 A_157 A_158 A_159 A_21 A_22 A_23 A_26 A_29
1838, A_222 A_248 A_250 A_252 A_254 A_255 A_259 A_353 A_56 A_58 A_59 A_95
1839, A_725 A_726 A_727 A_738 A_753 A_754 A_757 A_792 A_793 A_794 A_795 A_868 A_869 A_900 A_902
1840, A_204 A_206 A_208 A_214 A_260 A_313 A_315 A_322 A_324
1841, A_124 A_125 A_128 A_138 A_139 A_141 A_233 A_236 A_237 A_57 A_60 A_63
1842, A_123 A_203 A_204 A_355 A_548 A_550 A_551 A_630 A_631 A_632 A_657 A_663 A_667 A_711 A_741
1843, A_10 A_12 A_21 A_23 A_35 A_37 B_30 B_33 B_34 B_35 B_37 B_51 B_54 B_62 B_64
1844,
1845, A_530 A_576 A_579 A_580 A_581 A_617 A_621 A_644 A_646 A_648
1846, B_268 B_269 B_272 B_275 B_306 B_309 B_310 B_313 B_316 B_326 B_342 B_345 B_346 B_349 B_431 B_435 B_450
1847, A_150 A_151 A_156 A_159 A_161 A_165 A_169 A_197 A_198 A_199 A_201
1848, A_107 A_131 A_133 A_149 A_175 A_191 A_259 A_260 A_261 A_263 A_305 A_321 A_47 A_48 A_49 A_65 A_89 A_90 A_91
1849, A_10 A_11 A_114 A_115 A_116 A_12 A_13 A_157 A_159 A_160 A_161 A_162 A_163 A_164 A_165 A_166 A_167 A_169 A_171 A_193 A_195 A_201 A_202 A_203 A_209 A_233 A_236 A_237 A_238 A_276 A_278 A_287 A_288 A_290 A_292 A_294 A_295 A_296 A_338 A_370 A_377 A_378 A_381 A_382 A_384 A_385 A_437 A_438 A_441 A_56 A_61 A_82 A_83 A_84 A_87 A_88 A_9
1850, A_120 A_123 A_124 A_125 A_126 A_127 A_187 A_189 A_191 A_192 A_194 A_231 A_288 A_289 A_290 A_291 A_292 A_314 A_35 A_441 A_443 A_444 A_445 A_446 A_447 A_581 A_64 A_66 A_67 A_69 A_70 A_78 A_79
1851, B_192 B_223 B_227 B_55 B_69 B_73
1852, A_123 A_125 A_141 A_160 A_62 A_71 A_72 A_96
1853, A_434 A_435 A_436 A_437 B_143 B_144 B_145 B_148 B_149 B_152 B_156 B_174 B_177 B_181 B_182 B_183 B_184 B_186 B_206 B_210 B_356 B_357 B_359 B_371 B_373 B_376 B_380 B_381 B_383 B_404 B_405 B_406 B_410 B_412 B_456 B_457 B_458 B_459 B_460 B_462 B_463 B_481 B_482 B_484 B_485 B_486 B_510 B_512 B_59 B_675 B_685 B_748 B_749 B_750
1854, A_129 A_155 A_157 A_160 A_164 A_166 A_83 A_85 A_97
1855, A_117 A_156 A_158 A_159 A_167 A_168 A_17 A_18 A_19 A_195 A_196 A_197 A_20 A_223 A_224 A_225 A_227 A_251 A_284 A_291 A_292 A_293 A_321 A_323 B_104 B_106 B_109 B_78 B_83 B_88 B_90
1856, C_102 C_103 C_104 C_166 C_36 C_38 D_101 D_123 D_27 D_96 D_97 D_98
1857, B_428 B_429 B_430 B_436 B_452 B_454 B_484 B_499 B_500 B_501 B_502 B_505 B_506 B_551 B_553 B_563 B_564 B_567
1858,
1859, B_223 B_230 B_233 B_333 B_410 B_412 B_422 B_424 B_426
1860, A_157 A_168 A_169 A_171 A_173 A_207 A_209 A_295 A_296 A_327 A_330 A_371 A_390 A_391
1861, A_252 A_253 A_256 A_259 A_262 A_263 A_264 A_265 A_266 A_267 A_268 A_302 A_322 A_323 A_325 A_329 A_333 A_336 A_343 A_344 A_347 A_348 A_351 A_356 A_387 A_388 A_389 A_392 A_440 A_442
1862,
1863, A_468 A_469 A_471 A_473 A_491 A_498 A_500 A_537 A_539 A_542
1864,
1865, A_118 A_120 A_121 A_122 A_123 A_125 A_128 A_135 A_142 A_143 A_145 A_146 A_149 A_91 A_92 A_93 A_94 A_95 B_174 B_182 B_184 B_185
1866, A_10 A_11 A_170 A_231 A_239 A_4 A_5 A_6 A_62 A_63 A_64 A_7 A_8
1867, A_396 A_423 A_424 A_427 A_430 A_431 A_454 A_458 A_494 A_496 A_499
1868,
1869, A_1097 A_1100 A_1101 A_1118 A_1151 A_1173
1870,
1871, A_133 A_134 A_135 A_136 A_138 A_139 A_283 A_284 A_377 A_378 A_455 A_484 A_486 A_491 A_567 A_568 A_569 A_573 A_574 A_648 A_649 A_650 A_653 A_657 A_665 A_671 A_672 A_673 A_674 A_675 A_676 A_677 A_679 A_681 A_684 A_88 A_90
1872, A_104 A_105 A_106 A_110 A_111 A_112 A_113 A_114 A_117 A_383 A_384 A_385 A_387 A_465 A_482 A_483 A_484 A_511 A_514 A_515 A_516 A_517 A_533 A_534 A_535 A_536 A_537 A_540 A_541 A_544 A_71 A_729 A_777 A_781 A_794 A_795 A_796 A_797 A_798
1873,
1874, A_350 A_351 A_376 A_391 A_393 A_394 A_412 A_414 A_418 A_469 A_471
1875, A_111 A_7 A_80 A_82 A_85 A_86 A_88 A_9 D_111 D_7 D_8 D_80 D_82 D_85 D_88 D_9
1876, B_150 B_151 B_154 B_157 B_183 B_186 B_188 B_196 B_199 B_77 B_79 B_81 B_82
1877, A_190 A_191 A_192 A_195 A_213 A_214 A_215 A_216 A_218 A_57 A_99
1878, A_124 A_127 A_128 A_131 A_179 A_180 A_183 A_222 A_225 A_226 A_229 A_230 A_29 A_31 A_32 A_33 A_34 A_56 A_71 A_72
1879, A_125 A_126 A_289 A_292 A_297 A_323 A_324 A_325 A_326 A_327 A_328 A_414 A_482 A_483 A_602 A_603 A_606 A_611 A_631 A_632 A_634 A_635 A_636 A_637
1880, A_168 A_169 A_170 A_171 A_174 A_178 B_102 B_125 B_128 B_129 B_132 B_95 B_98 B_99
1881, A_105 A_107 A_112 A_127 A_128 A_135 A_139 A_141 A_171 A_34 A_37 A_40 A_41 A_42 A_56 A_58 A_59 A_65 A_67 A_80 A_82
1882, A_212 A_215 A_216 A_217 A_220 A_221 A_224 A_226 A_253 A_255 A_267 A_268 A_275 A_276 A_278 A_280
1883, A_150 A_171 A_172 A_174 A_178 A_179 A_180 A_181 A_182 A_344 A_346 A_68 A_69 A_72
1884, A_637 A_640 A_641 A_644 A_647 A_648 A_651 A_655 A_663 A_666 A_667 A_670 A_671 A_674 A_677 A_678 A_681 B_644 B_647 B_651 B_655 B_663 B_666 B_667 B_670 B_671 B_674
1885, A_516 A_517 A_524 A_591 A_592 A_593 A_595 A_596 A_599 A_654 A_657 A_668 A_669 A_671 A_672 A_675 A_676
1886, A_100 A_101 A_103 A_104 A_150 A_151 A_152 A_195 A_196 A_197 A_198 A_199 A_200 A_243 A_244 A_313 A_369 A_370 A_371 A_372 A_374 A_415 A_417
1887, B_120 B_122 B_123 B_124 B_126 B_127 B_139 B_174 B_176 B_36 B_37 B_40 B_41 B_43 B_44 B_47 B_82 B_85 B_86 B_87 B_92 B_95 B_96 B_98 B_99
1888, B_104 B_105 B_107 B_108 B_109 B_110 B_130 B_135 B_209 B_210 B_393 B_509 B_510 B_511 B_512 B_570 B_574 B_81 B_84 B_87
1889, A_122 A_124 A_125 A_140 A_142 A_143 A_156 A_158 A_160 A_161 A_176 A_190 A_191 A_73 A_74 A_75 X_116 X_118 X_134 X_136 X_137 X_152 X_154 X_155 X_170 X_171 X_172 X_173 X_174 X_188
1890,
1891, A_25 A_26 A_27 A_28 A_29 A_30 A_52 A_54 A_69 A_70 A_71 A_72 A_82
1892, A_11 A_12 A_15 A_312 A_314 A_344 A_345 A_346 A_4 A_48 A_6
1893, A_415 A_416 A_417 A_421 A_478 A_481 A_482 A_485
1894, A_205 A_206 A_207 A_209 A_210 A_211 A_224 A_227 A_230 A_297 A_298 A_299
1895, B_102 B_106 B_107 B_156 B_158 B_229 B_230 B_231 B_232 B_260 B_261 B_280 B_281 B_282 B_45 B_47 B_68 B_70
1896, A_802 A_804 A_806 A_807 A_808 A_812 A_831 A_833 A_836 A_867 A_879 A_880 A_881 A_882 A_885 A_886 A_887 A_890 A_950 A_951 A_953 A_963 A_964
1897, A_107 A_175 A_176 A_216 A_244 A_275 A_278 A_279 A_307 A_314 A_316
1898, A_415 A_418 A_439 A_441 A_470 A_472 A_480 A_481 A_482 A_485 A_487 A_489 A_491 A_532 A_534 A_555 A_556 A_557 A_558 A_560 A_588 A_589 A_590 A_591 A_592 A_594 A_796
1899, B_227 B_230 B_233 B_234 B_284 B_285 B_288 B_289 B_328 B_329 B_331 B_332 B_335 B_346 B_347 B_348 B_349 B_350 B_352 B_718 B_722 B_723 B_725 B_726 B_729 B_730 B_770 B_789 B_791
1900, B_139 B_140 B_147 B_160 B_162 B_194 B_210 B_211 B_212 B_213 B_216 B_260 B_261 B_263 B_273 B_275
1901,
1902, D_114 D_147 D_148 D_149 D_151 D_155 D_201 D_202 D_206 D_207 D_208 D_214 D_85 D_86 D_87 D_88
1903, A_100 A_102 A_104 A_105 A_155 A_205 A_206 A_233 A_234 A_235 A_282 A_284 A_285 A_290 A_294
1904, A_11 A_170 A_231 A_239 A_242 A_4 A_5 A_6 A_63 A_64 A_7 A_8
1905, A_618 A_647 A_662 A_663 A_664 A_665 A_667 A_668 A_692 A_693 A_696 A_924 A_927 A_928 A_931 A_984 A_985 A_986
1906, A_628 A_633 A_660 A_679 A_685 A_688
1907, A_122 A_123 A_152 A_153 A_154 A_155 A_42 A_43 A_45
1908, A_151 A_221 A_224 A_268 A_272 A_281 A_282 A_287 A_288 A_291 A_297
1909, A_467 A_472 A_503 A_509 A_510 A_511 A_513 A_514 A_515 A_516 A_521 A_531 A_586 A_587 A_589 A_593 A_594 A_595 A_596 A_600
1910, A_116 A_118 A_129 A_38 A_40 A_56 A_59 A_71 A_84 A_86
1911, A_287 A_305 A_306 A_308 A_328 A_330 A_332 A_337 A_338 A_339 A_342 A_344 A_346 A_348 A_475 A_476 A_477 A_478 A_491 A_500 A_501 A_502 A_503 A_505 A_552 A_553 A_554 A_555 A_556 A_558 A_559 A_570
1912, B_117 B_120 B_121 B_124 B_125 B_128 B_165 B_166 B_169 B_172 B_173 B_217 B_220 B_42 B_45 B_49
1913, A_135 A_137 A_279 B_16 B_177 B_194 B_195 B_196 B_197 B_220 B_222 B_233 B_236 B_237 B_240 B_60 B_61 B_66 B_67 B_69 B_92 B_93 B_94 B_95 B_96
1914, A_691 A_707 A_708 A_710 A_713 A_721 A_725 A_728
1915,
1916, A_102 A_112 A_116 A_118 A_12 A_121 A_146 A_147 A_149 A_169 A_171 A_172 A_173 A_176 A_195 A_198 A_223 A_225 A_226 A_228 A_229 A_243 A_244 A_252 A_253 A_254 A_255 A_256 A_257 A_259 A_260 A_281 A_284 A_285 A_288 A_48 A_49 A_52 A_8 B_34 B_35 B_36 B_38
1917, A_153 A_154 A_158 A_160 A_161 A_163 A_169 A_170 A_171 A_180 A_182 A_183 A_184 A_185 A_2 A_235 A_36 A_66 A_71
1918, A_136 A_141 A_148 A_150 A_173 A_175 A_237 A_66 A_68 A_69 A_87 A_88
1919, A_317 A_321 A_324 A_325 A_328 A_329 A_353 A_354 A_357 A_358 A_480 A_483 A_484 A_487 A_492 A_494 A_495 A_496 A_497 A_498 A_501 A_502 A_505 A_506
1920, A_24 A_25 B_151 B_154 B_155 B_158 B_206 B_210 B_214 B_218 B_227 B_232 B_233 B_235 B_236
1921,
1922, A_478 A_524 A_526 A_528 A_529 A_532 A_533 A_674 A_676 A_677 A_680 A_684 A_688 A_691
1923, A_360 A_365 A_425 A_428 A_430
1924, A_142 A_171 A_172 A_174 A_175 A_204 A_207 A_208 A_211 A_45 A_47 A_48 A_77 A_80 A_81
1925, A_283 A_284 A_319 A_322 A_407 A_411 A_414 A_427 A_428 A_429
1926, A_612 A_615 A_616 A_619 A_628 A_629 A_630 A_658 A_661 A_662 A_665 A_697 A_698 A_699 A_700 A_701 A_702 A_715 A_716 A_717
1927, B_21 B_24 B_395 B_399 B_402 B_413 B_414 B_416 B_76 B_78 B_79 B_82
1928, H_1 H_128 H_129 H_19 H_20 H_21 H_23 H_46 H_47 H_97 Z_33
1929, A_11 A_12 A_13 A_14 A_170 A_229 A_230 A_231 A_232 A_335 A_339
1930, B_463 B_464 B_471 B_481 B_483 B_505 B_514 B_516 B_527 B_529 B_530 B_531 B_532 B_534 B_535 B_536 B_580 B_581 B_583 B_593 B_594 B_595 B_596
1931, A_209 A_210 A_216 A_218 A_225 A_226 A_227 A_228 A_229 A_243 A_245 A_246 A_248 A_374 A_375 A_376 A_441 A_443 A_460 A_799 A_803 A_805
1932, A_10 A_101 A_11 A_12 A_140 A_142 A_143 A_144 A_145 A_146 A_16 A_171 A_173 A_174 A_177 A_178 A_179 A_183 A_206 A_224 A_228 A_69 A_71 A_98 B_246 B_247 B_252
1933, H_137 H_139 H_157 H_198 H_20 H_200 H_207 H_22 H_26 H_27 H_29 L_138 L_141
1934, A_596 A_598 A_604 A_605 A_607 A_659 A_695 A_721 A_722 A_723 A_853 A_854 A_869 A_870 A_894 A_895 A_896 A_897
1935, A_193 A_195 A_209 A_210 A_213 A_215 A_217 A_231 A_233 A_239 A_241
1936,
1937,
1938, A_136 A_181 A_394 A_40 A_409 A_411
1939, A_207 A_209 A_212 A_215 A_216 A_261 A_314 A_316 A_325
1940, A_102 A_177 A_32 A_35 A_37 A_87
1941, B_226 B_228 B_265 B_267 B_280 B_282 B_293 B_296 B_307 B_308 B_335 B_336 B_338 B_366 B_368 B_379 B_380 B_381 B_382 B_384 B_389 B_390 B_392 B_394 B_419 B_420 B_421 B_423 B_424 B_427
1942,
1943, A_393 A_396 B_216 B_218 B_233 B_234 B_237 B_238 B_242 B_254 B_255 B_256 B_265 B_267 E_44 E_46
1944, C_101 C_117 C_50 C_51 C_56 C_76 C_77 C_78 C_79 C_85 C_87 C_96 C_99
1945, A_290 A_319 A_322 A_323 A_367 A_369 A_371 A_395
1946, A_128 A_131 A_157 A_160 A_161 A_164 A_170 A_216 A_219 A_92 A_93
1947, A_10 A_11 A_113 A_115 A_116 A_117 A_118 A_119 A_12 A_121 A_13 A_130 A_133 A_134 A_135 A_136 A_140 A_195 A_246 A_247 A_248 A_277 A_35 A_37 A_38 A_68 A_69 A_71 A_8 A_95 A_99 B_188 B_189 B_192
1948, A_169 A_170 A_171 A_172 A_191 A_193 A_198 A_199 A_202 A_203 A_206 A_288 A_290 A_292 A_293 A_325 A_327 A_328 A_339 A_340 A_341 A_342
1949, A_567 A_571 A_573 A_575 A_577 A_580 A_674 A_676 A_703 A_704 A_705
1950, B_191 B_192 B_213 B_219 B_222 B_223 B_244 B_245 B_246 B_248 B_249 B_250 B_252 B_253 B_255 B_256 B_259 B_287 B_290 B_291 B_293 B_294 B_296 B_297 B_303 B_304 B_305 B_306 B_307 B_308 B_312 B_317 B_327 B_328 B_331 B_332 B_413 B_417 B_433 B_437
1951, A_137 A_138 A_141 A_195 A_93 A_96
1952, A_1001 A_1004 A_1006 A_1007 A_1008 A_1186 A_1187 A_1199 A_1201 A_1208 A_1213 A_1214
1953, X_131 X_133 X_134 X_152 X_154 X_218 X_243 X_246 X_247 X_250 X_258
1954, A_102 A_103 A_107 A_109 A_110 A_111 A_63 A_72 A_73 A_74 A_75 A_81
1955, A_143 A_146 A_149 A_150 A_153 A_194 A_195 A_197 A_207 A_208 A_74 A_75 A_76 A_77 A_82 A_95
1956, A_11 A_112 A_114 A_12 A_15 A_16 A_19 A_32 A_36 A_51 A_68 A_71 A_72
1957, A_11 A_124 A_159 A_160 A_161 A_186 A_189 A_19 A_20 A_41 A_42 A_46 A_50 A_51 A_54 A_9
1958, A_192 A_193 A_195 A_41 A_57 A_58
1959, A_172 A_173 A_174 A_248 A_288 A_289 A_292 A_311 A_313
1960, A_1001 A_1002 A_1007 A_1010 A_1012 A_741 A_792 A_794 A_846 A_998
1961, A_118 A_119 A_121 A_250 A_251 A_253 A_319 A_320 A_322 A_323 A_326 A_90 A_93 A_94 A_97
1962, A_11 A_170 A_231 A_232 A_236 A_239 A_242 A_4 A_5 A_6 A_62 A_63 A_64 A_7 A_8
1963, A_11 A_170 A_231 A_239 A_242 A_4 A_5 A_6 A_62 A_63 A_64 A_7 A_8
1964,
1965, A_126 A_130 A_132 A_133 A_134 A_248 A_280 A_282 A_283 A_284 A_306 A_337 A_369 A_372 A_380 A_411 A_440 A_441 A_87 A_88
1966, A_140 A_141 A_143 A_144 A_145 A_146 A_174 A_176 A_238 A_239 A_284 A_323 A_342
1967,
1968, B_478 B_479 B_480 B_482 B_520 B_522 B_523 B_526 B_527 B_648 B_652 B_655 B_656 B_659 B_660 B_684 B_685 B_688
1969, R_197 R_201 R_202 R_204 R_205 R_206 R_208 R_209 R_236 R_239 R_240 R_241 R_243 R_244 R_247 R_248 R_275 R_278 R_279 R_282 R_283 R_286
1970, H_125 H_126 H_127 H_128 H_129 H_214 L_117 L_119 L_209 L_213 L_214
1971,
1972, 1_146 1_149 1_150 1_183 1_185
1973, A_114 A_118 A_127 A_128 A_129 A_130 A_24 A_25 A_255 A_256 A_27 A_29 A_319 A_322 A_323 A_324 A_77 A_80
1974, A_13 A_131 A_134 A_136 A_87 A_88 A_89 A_90 A_94 B_107 B_108 B_109 B_110 B_39
1975, A_35 A_36 A_37 A_38 A_39 A_41 A_43 A_56 A_58 A_7 A_86 A_87 A_88 A_89 A_90 A_92 B_101 B_103 B_112 B_26 B_27 B_28 B_29 B_62 B_64
1976, A_253 A_254 A_255 A_256 A_331 A_35 A_359 A_363 A_37 A_38
1977, A_128 A_129 A_130 A_131 A_132 A_135 A_136 A_139 A_140 A_160 A_161 A_210 A_256 A_257 A_259 A_360 A_364 A_368
1978, C_308 C_309 C_310 C_311 C_314 C_319 C_322 C_323
1979, A_134 A_136 A_137 A_145 A_146 A_174 A_176 A_205 A_23 A_24 A_267 A_27 A_274 A_305 A_307 A_94
1980, E_135 E_137 E_14 E_16 E_177 E_18 E_180 E_182 E_183 E_191 E_75 E_76 E_79
1981, B_115 B_118 B_119 B_122 B_123 B_126 B_130 B_145 B_146 B_149 B_150 B_153 B_154 B_174 B_2 B_221 B_224 B_225 B_229 B_232 B_45 B_61 B_62 B_63 B_64 B_66 B_67
1982,
1983, B_120 B_121 B_122 B_124 B_125 B_126 B_130 B_133 B_202 B_203 B_286 B_289 B_293 B_294 B_295 B_296 B_297 B_337 B_338 B_341 B_447 B_448 B_72 B_74 B_76 B_83 B_86 B_87
1984, A_659 A_663 A_676 A_677 A_680 A_681 A_684 A_748
1985,
1986, A_471 A_499 A_671 A_674 A_675 A_676 A_707 A_723 A_724 A_725 A_726 A_729
1987, A_218 A_220 A_222 A_229 A_256 A_26 A_260 A_36 A_41 A_42 A_43
1988, H_122 H_143 L_124 L_127 L_128 L_129 L_130 L_180 L_181 L_182
1989, A_101 A_103 A_106 A_203 A_204 A_206 A_207 A_234 A_235
1990,
1991,
1992,
1993, A_106 A_107 A_359 A_362 A_363 A_404 A_405 A_406 A_75
1994, A_137 A_157 A_158 A_159 A_23 A_26
1995, A_110 A_259 A_321 A_324 A_325 A_329 A_92
1996, A_145 A_146 A_147 A_148 A_162 A_188 A_189 A_191 A_192 A_195 A_209 A_213
1997,
1998, B_101 B_105 B_114 B_128 B_130 B_132 B_133 B_136 B_140 B_180 B_183 B_194 B_59 B_60 B_61 B_62 B_67 B_80 B_82
1999, B_101 B_102 B_103 B_105 B_108 B_109 B_11 B_112 B_12 B_13 B_15 B_16 B_19 B_20 B_24 B_75 B_77 B_81 E_88 E_91 E_92
2000, A_141 A_158 A_159 A_193 A_223 A_224 A_225 A_226 A_280 A_282 A_287 A_288 A_291 A_316 A_317 A_318 A_319 A_366 A_4 A_48 A_52 A_556
2001,
2002, A_190 A_193 A_194 A_195 A_196 A_255 A_262 A_263 A_264 A_334 A_75
2003, A_101 A_121 A_124 A_125 A_126 A_127 A_128 A_36 A_39 A_40 A_43 A_95
2004, B_159 B_160 B_201 B_204 B_206 B_207 B_208 B_209 B_229 B_230 B_271 B_273 B_318 B_319 B_321 B_329 B_332 B_336 B_339 B_340 B_343 B_355 B_356 B_357 B_369 B_372
2005, A_162 A_166 A_167 A_181 A_556 A_559 A_560 A_561 A_567 A_569 A_571
2006, A_100 A_103 A_133 A_135 A_171 A_174 A_176 A_184 A_187 A_189 A_190 A_195 A_197 A_267 A_273 A_275 A_285 A_287
2007, A_366 A_368 A_369 A_370 A_373 A_413 A_424 A_459 A_460
2008, A_17 A_36 A_47 A_48 A_50 A_55 A_56 A_57 A_58 A_59 A_60 A_65 A_66 A_67 A_68 A_69 D_108
2009,
2010, A_134 A_136 A_145 A_146 A_174 A_176 A_204 A_205 A_24 A_274 A_305 A_307 A_94
2011,
2012, A_100 A_103 A_104 A_107 A_109 A_112 A_174 A_175 A_178 A_180 A_196 A_200 A_201 A_240 A_243 A_244 A_247 A_260 A_261 A_264 A_266 A_267
2013, A_11 A_231 A_239 A_5 A_6 A_63 A_64 A_7
2014, A_1034 A_174 A_175 A_176 A_810 A_811 A_812 A_813 A_833 A_913 A_914 A_919 A_922 A_923 A_926 A_927 A_958 A_960 A_980 A_982 A_983
2015, A_128 A_133 A_152 A_157 A_159 A_197 A_209
2016, A_119 A_120 A_122 A_188 A_189 A_205 A_206 A_207 A_208 A_231 A_241 A_243 A_246 A_36 A_88 A_90 A_92 B_153
2017, B_115 B_116 B_136 B_141 B_142 B_143 B_165 B_168 B_169 B_172 B_174 B_176 B_179 B_195 B_197 B_95 B_97 B_99
2018, A_145 A_157 A_31 A_43 A_45 A_92 A_94 A_95 A_98 A_99
2019, A_35 A_36 A_37 A_38 A_39 A_54 A_56 A_58 A_7 A_86 A_87 A_88 A_89 A_90 A_92 B_101 B_103 B_112 B_24 B_25 B_26 B_27 B_28 B_29 B_62 B_64
2020, A_119 A_150 A_151 A_154 A_289 A_290 A_291
2021, A_804 A_805 A_808 A_876 A_879 A_880 A_932 A_935 A_936 A_939 A_940 A_943 A_971 A_976 A_978
2022, A_269 A_270 A_271 A_272 B_116 B_117 B_119 B_121 B_123 B_128 B_130 B_133 B_135 B_137 B_138 B_139 B_153 B_157 B_170 B_209 B_211 B_212 B_213 B_222 B_224 B_226 B_228 B_230 B_237 B_68 B_72 B_78
2023, A_126 A_127 A_427 A_428 A_429 A_440 A_443 A_448 A_454 A_456 A_77 A_81
2024, A_16 A_17 A_18 A_20 B_72 B_76 B_79 B_80 B_83 C_17 C_20 D_72 D_75 D_76 D_79
2025, A_174 A_179 A_181 A_192 A_197 A_6 A_8
2026, A_15 A_16 A_17 A_232 A_236 A_239 A_26 A_27 A_28 A_51 A_7 A_71 A_77 A_9
2027,
2028, A_12 A_13 A_16 A_17 A_38 A_39 A_41 A_56 A_58 A_59 A_73
2029, B_333 B_351 B_366 B_368 B_369 B_384 B_385 B_386 B_387 B_388 B_389 B_390 B_392 B_393 B_411 C_360 C_362 C_363 C_377 C_378 C_379 C_402 C_405 C_423
2030, B_0 B_152 B_153 B_154 B_157 B_158 B_161 B_195 B_2 B_3 B_5 B_6 B_60
2031, A_145 A_146 A_148 A_149 A_150 A_191 A_192 A_195 A_196 A_34 A_87 A_88 A_90
2032, A_107 A_189 A_191 A_194 A_207 A_210 A_225 A_226 A_74 A_75
2033, A_139 A_143 A_155 A_156 A_157 A_158 A_71 A_72 A_89
2034, A_193 A_195 A_209 A_214 A_215 A_217 A_231 A_233 A_239 A_241
2035, A_560 A_563 A_564 A_567 A_572 A_573 A_641 A_646 A_648 A_666 A_667 A_668
2036, A_226 A_228 A_265 A_267 A_280 A_282 A_293 A_294 A_307 A_308 A_335 A_336 A_338 A_366 A_368 A_379 A_380 A_381 A_392 A_394 A_419 A_420 A_421 A_423 A_424 A_427
2037, A_6 A_93 B_68 B_71 B_72 B_75 B_96
2038, E_13 E_144 E_147 E_148 E_15 E_168 E_169 E_172 E_174 E_19
2039,
2040, A_182 A_185 A_186 A_241 A_242 A_243 A_244 A_245 A_246 A_249 A_267 A_268 A_269 A_270 A_273 A_274 A_394 A_395 A_397 A_398
2041, A_2244 A_2266 A_2303 A_2304 A_2333 A_2335 A_2497 A_2500
2042, A_150 A_16 A_160 A_19 B_110 B_12 B_139 B_142 B_9
2043, A_11 A_13 A_216 A_237 A_239 A_240 A_241 A_243 A_245 A_31 A_33 A_34 A_36 B_26 B_28 B_29 B_52 B_53 B_56 B_57 B_58 B_63 B_65
2044, A_1 A_118 A_137 A_29 A_3 A_31 A_34
2045, A_405 A_407 A_408 A_409 A_500 A_509 A_527 A_529 A_544 A_546
2046, B_251 B_252 B_256 B_293 B_296 B_298 B_299 B_300 B_301 B_321 B_322 B_363 B_364 B_365 B_366 B_402 B_403 B_405 B_417 B_420 B_421 B_423 B_424 B_427 B_441 B_452 B_453 B_456
2047, A_109 A_111 A_112 A_114 A_146 A_150 A_278 A_93
2048, A_202 A_209 A_231 A_239 A_256 A_257
2049, A_100 A_113 A_126 A_130 A_134 A_137 A_138 A_141 A_142 A_163 A_164 A_167 A_168 A_195 A_70 A_73 A_74 A_77 A_93 A_96 A_97
2050, A_11 A_170 A_231 A_239 A_5 A_6 A_62 A_63 A_64 A_7
2051, A_126 A_128 A_133 A_152 A_155 A_157 A_159 A_197 A_209
2052, A_473 A_475 A_493 A_494 A_497 A_503 A_577 A_579 A_581 A_592
2053, A_471 A_499 A_501 A_671 A_674 A_675 A_676 A_707 A_723 A_724 A_725 A_726 A_729
2054, A_213 A_243 A_244 A_245 A_252 A_253 A_254 A_255 A_258 A_321 A_322 A_323 A_325 A_370
2055,
2056, A_115 A_128 A_131 A_132 A_136 A_137 A_138 A_816 A_817 A_820 A_833 A_834 C_27 C_28
2057, C_10 C_101 C_11 C_12 C_140 C_142 C_143 C_144 C_145 C_146 C_15 C_16 C_171 C_173 C_174 C_177 C_178 C_179 C_183 C_206 C_224 C_228 C_69 C_71 C_73 C_98 D_2 D_246 D_247 D_250 D_251 D_254 D_48
2058, A_100 A_103 A_108 A_163 A_188 A_191 A_192 A_207 A_210 A_78 A_80 A_98
2059, B_133 B_134 B_135 B_136 B_139 B_143 B_148 B_168 B_342 B_345 B_346 B_349 B_351 B_352 B_355 B_374
2060, A_102 A_104 A_106 A_107 A_108 A_163 A_167 A_170 A_203 A_207 A_208 A_211 A_212 A_246 A_247 A_250 A_251 A_254 A_262 A_264 A_265 A_266 A_267 A_268 A_271 A_273 A_274 A_275 A_360 A_362 A_47 A_48 A_49 A_50 A_51 A_88 A_91 A_94 A_95 A_98 A_99
2061, A_102 A_111 A_19 A_22 A_38 A_40 A_72 A_73 A_75 A_77
2062, A_251 A_252 A_43 A_50 A_52 A_60 A_62 A_74 A_76
2063, A_154 A_193 A_194 A_197 A_227 A_253 A_254 A_255 A_258 A_292 A_294 A_295 A_363 A_364 A_365 A_366 A_367 A_368
2064, A_245 A_246 A_247 A_248 A_249 A_275 A_278 A_279 A_308 A_312 A_315 A_316 A_326 A_370
2065, A_117 A_127 A_259 A_260 A_261 A_275 A_276 A_277
2066, A_11 A_170 A_231 A_239 A_4 A_5 A_6 A_63 A_64 A_7 A_8
2067, A_143 A_145 A_158 A_159 A_160 A_169 A_206 A_207
2068, A_166 A_167 A_168 A_27 A_30 A_31 A_34
2069, B_723 B_745 B_747 B_749 B_750 B_751 B_755 B_759 B_763 B_766 B_775 B_777 B_788 B_790 B_854 B_855 B_856 B_858 B_861 B_862
2070, B_163 B_166 B_167 B_168 B_203 B_204 B_206 B_219 B_222 B_278 B_280 B_281
2071, A_333 A_335 A_370 A_373 A_374 A_384 A_386 A_387 A_388 A_389 A_645 A_646 A_649 A_652 A_653 A_656 A_668 A_676 A_677 A_678 A_679 A_697 A_699 A_718 A_722 A_883 A_886 A_887 A_892 A_896
2072, A_1129 A_1130 A_1131 A_1132 A_1134 A_1135 A_1136 A_1140 A_1141 A_1142 A_1223
2073, B_118 B_14 B_16 B_33 B_35 B_36 B_38 B_70 B_72 B_73 B_75 B_77 B_79 B_97 B_99 D_110
2074, A_750 A_752 A_758 A_760 A_777 A_779 A_813 A_825 A_826 A_827 A_828 A_831 A_832 A_833 A_897 A_900 A_910 A_911
2075, A_596 A_599 A_600 A_603 A_613 A_614 A_642 A_645 A_646 A_649 A_681 A_683 A_685 A_686 A_699 A_700 A_701
2076, A_106 A_109 A_110 A_113 A_116 A_274 A_275 A_276 A_343 A_358 A_361 A_362 A_410 A_412 A_415 A_417 A_420
2077, A_133 A_134 A_173 A_200 A_204 A_205 A_206 A_93 A_96 A_98
2078, A_223 A_224 A_225 A_228 A_266 A_267 A_268 A_272 A_288 A_289
2079,
2080, A_123 A_129 A_167 A_170 A_171 A_24 A_26 A_39 A_395 A_396 A_397 A_63 A_65 A_66
2081, K_1 K_19 K_20 K_21 K_22 K_27 K_28 K_31 K_33 K_45 K_46 K_47 K_48 K_49 K_52 K_53 L_124 L_125 L_129 L_131
2082, A_132 A_134 A_136 A_137 A_280 A_312 A_318 A_319 A_320 A_338 A_339 A_341 A_344
2083, A_129 A_132 A_133 A_161 A_162 A_165 A_169 A_170 A_93 A_94 A_95 A_96
2084, A_15 B_132 B_133 B_140 B_25 B_55 B_58 B_59 B_62
2085, A_211 A_213 A_220 A_221 A_222 A_224 A_225 A_226 A_229 A_233 A_390 A_392 A_396 A_397 A_398 A_399 A_400 A_404 A_408 A_409 A_412 A_566 A_567
2086,
2087,
2088, A_317 A_321 A_324 A_325 A_328 A_354 A_357 A_358 A_480 A_483 A_484 A_487
2089,
2090, A_141 A_155 A_158 A_159 A_160 A_161 A_193 A_223 A_225 A_226 A_280 A_282 A_287 A_288 A_291 A_316 A_317 A_318 A_4 A_448 A_449 A_48 A_52 A_554 A_555 A_556 A_557
2091,
2092, A_312 A_313 A_314 A_317 A_374 A_389 A_390 A_392
2093, B_102 B_109 B_110 B_112 B_115 B_116 B_118 B_122 B_125 B_126 B_48 B_49 B_51 B_52 B_57 B_61 B_85 B_88 B_89 B_9 B_91
2094, A_100 A_101 A_103 A_111 A_121 A_123 A_94 A_96 A_97
2095, A_136 A_137 A_138 A_140 A_16 A_162 A_163 A_164 A_165 A_17 A_196 A_200 A_206 A_209 A_210 A_211 A_44 A_52 A_55 A_56 A_59 A_60 A_63 A_65
2096, A_186 A_196 A_199 A_203 A_277 A_278 A_281 A_282 A_285 A_74
2097, A_1089 A_1112 A_1115 A_1124 A_1127 A_1153 A_1224 A_1225 A_1227
2098, A_11 A_170 A_231 A_239 A_4 A_5 A_6 A_63 A_64 A_7 A_8
2099, B_119 B_122 B_123 B_126 B_127 B_129 B_130 B_167 B_168 B_171 B_174 B_175 B_219 B_222 B_42 B_45 B_46 B_49
2100, A_145 A_157 A_31 A_43 A_92 A_94 A_95 A_98
2101, B_103 B_105 B_137 B_153 B_154 B_156 B_160 B_202 B_205 B_215 B_216 B_368 B_82 B_83 B_90
2102, A_100 A_173 A_175 A_245 A_246 A_247 A_248 A_249 A_251 A_252 A_253 A_254 A_256 A_64 A_65 A_66 A_74 A_75 A_77 A_78 A_98 A_99 B_139 B_140 B_142 B_204 B_205
2103,
2104, B_104 B_105 B_106 B_107 B_109 B_110 B_161 B_165 B_184 B_185 B_187 B_227 B_228 B_229 B_230 B_231 B_298 B_299 B_301 B_345 B_371 B_372 B_80 B_81 B_82
2105, A_146 A_151 A_152 A_153 A_160 A_163 A_164 A_167 A_179 A_250 A_385 A_387 A_388 A_78 A_82
2106, A_271 A_629 A_630 A_633 A_662 A_666 A_670 A_755 A_756 A_811 A_814 A_815 A_818 A_836 A_837 A_838 A_839
2107, C_152 C_154 C_155 C_156 C_181 C_182 C_271 C_272 D_177 D_178 D_179 D_182
2108, B_165 B_192 B_200 B_78 B_82 B_85 B_86
2109, A_292 A_296 A_70 B_108 B_109 B_140 B_17 B_18 B_189 B_191 B_192 B_194 B_222 B_224 B_225 B_255 B_257 B_258 B_360 B_37 B_38 B_386
2110, A_620 A_621 A_629 A_632 A_667 A_668 A_671 A_676
2111, A_118 A_119 A_121 A_122 A_123 A_124 A_132 A_136 A_358 A_360 A_400 A_402 A_403 A_51 A_59 A_62 A_63 A_66 A_85 A_88 A_89 A_91 A_92
2112, A_1158 A_1161 A_1162 A_1165 A_1182
2113, B_478 B_524 B_528 B_529 B_532 B_677 B_680 B_684 B_688
2114, A_103 A_104 A_105 A_36 A_37 A_39 A_43 A_54 A_55 A_74 A_76 A_78 A_83
2115, A_136 A_137 A_138 A_140 A_23 A_38 A_389 A_39 A_390 A_391 A_393 A_394 A_40 A_408 A_409 A_41 A_411
2116, A_11 A_170 A_231 A_239 A_242 A_4 A_5 A_6 A_63 A_64 A_7 A_8
2117, A_1128 A_1150 A_1151 A_1152 A_1156 A_1164 A_1167 A_1270 A_1272 A_1275
2118, A_107 A_108 A_110 A_111 A_112 A_113 A_116 A_118 A_162 A_221 A_222 A_225 A_231 A_232 A_233 A_235 A_237 A_26 A_265 B_222 B_225 B_226
2119,
2120, A_120 A_122 A_125 A_128 A_158 A_161 A_226 A_229 A_233
2121, A_103 A_105 A_106 A_13 A_14 A_379 A_43 A_44 A_46 A_464 A_466 A_469 A_470 A_471 A_472 A_496 A_500 A_65 A_66 A_68 A_70
2122, A_124 A_125 A_126 A_130 A_133 A_135 A_138 A_139 A_179 A_82
2123, B_119 B_122 B_126 B_127 B_130 B_167 B_168 B_171 B_174 B_175 B_219 B_222 B_42 B_45 B_46 B_49
2124, H_10 H_108 H_11 H_9 M_11 M_12 M_13 M_148 M_16 M_178 M_183 M_185
2125, A_374 A_377 A_378 A_381 A_382 A_384 A_386 A_389 A_392 A_406 A_417 A_418 A_419 A_524 A_554 A_556
2126, A_1037 A_1038 A_1041 A_1044 A_1076 A_1077 A_1080 A_550 A_554 A_558 A_559 A_560 A_561 A_562 A_565 A_566 A_567 A_568 A_569 A_570 A_573 A_574 A_575 A_576 A_577 A_680
2127, H_130 H_132 H_162 H_163 H_165 H_178 H_181 H_230
2128, A_227 A_230 A_237 A_240 A_242 A_243 A_83
2129, B_139 B_140 B_141 B_142 B_151 B_170 B_177 B_179 B_184 B_187 B_189 B_95
2130, B_244 C_118 C_146 C_171 C_173 C_200 C_201 C_202 C_203 C_285 C_286 C_302 C_303 C_304 C_305 C_328 C_330 C_340 C_342 C_345
2131,
2132, A_777 A_815 A_817 A_819 A_820 A_855 A_858
2133, A_606 A_635 A_659
2134, A_21 A_23 A_33 A_34 A_36 A_44 A_46 A_47 A_49 A_52 A_55 K_24 K_25 K_27 K_30 K_53 K_54
2135, A_1484 A_1485 A_1487 A_1488 A_1489 A_1494 A_1497 A_1505 A_1532 A_1536 A_1540 A_1546
2136, A_158 A_159 A_161 A_193 A_223 A_225 A_226 A_280 A_282 A_287 A_288 A_291 A_316 A_317 A_318 A_4 A_48 A_52 A_556
2137, A_189 A_199 A_202 A_203 A_216 A_237 A_243
2138, A_104 A_106 A_108 A_109 A_169 A_170 A_171 A_30 A_31 A_33 A_34 A_38 A_51 A_53 A_75 A_86
2139, A_377 A_378 A_381 A_382 A_384 A_386 A_389 A_392 A_406 A_417 A_419 A_524 A_554 A_556
2140, A_264 A_299 A_303 A_306 A_367 A_370 A_371 A_374
2141, A_103 A_106 A_203 A_204 A_206 A_207 A_235
2142, B_116 B_117 B_147 B_149 B_150 B_177 B_178 B_221 B_223 B_226 B_245 B_273 B_275 B_276 B_292 B_294 B_347 B_374 B_408 B_409 B_432
2143, A_330 A_334 A_338 A_341 A_364 A_367 A_368 A_371 A_372 A_388 A_389 A_435 A_436 A_437 A_438 A_440
2144, A_306 A_307 A_313 A_314 A_316 A_317 A_370 A_371 A_372 A_373 A_479 A_52 A_526 A_528 A_529 A_57 A_58
2145, A_121 A_122 A_123 A_124 A_41 A_74 A_75 A_77 A_83 A_84 B_122 B_139 B_140 B_141 B_142 B_176 B_40 B_41
2146, A_108 A_110 A_112 A_128 A_23 A_25 A_27 A_43 A_44 A_45 A_52 A_54 A_79 A_86 A_88 A_90 A_92 C_120
2147, B_343 B_346 B_347 B_350 B_353 B_383 B_384 B_387 B_388 B_391 B_394 B_404 B_421 B_424 B_425 B_428 B_521 B_524 B_525 B_540
2148, A_104 A_106 A_108 A_176 A_178 A_180 A_189 A_193 A_194 A_195 A_297 A_298 A_299 A_300 A_33 A_341 A_35 A_367 A_368 A_369 A_372 A_375 A_411 A_414 A_415
2149, A_226 A_245 A_264 A_267 A_268 A_269 A_273
2150, A_102 A_103 A_105 A_177 A_179 A_185 A_206 A_209 A_210 A_213 A_223 A_224 A_226 A_227 A_89 A_92 A_93 A_96 A_97
2151, A_193 A_195 A_209 A_210 A_215 A_217 A_233 A_235 A_239 A_241
2152, A_100 A_102 A_33 A_49 A_51 A_52 A_55 A_58 A_61 A_63 A_65 A_82 A_90 A_91 A_98
2153, A_251 A_252 A_293 A_296 A_298 A_300 A_301 A_321 A_322 A_363 A_364 A_365 A_366 A_402 A_403 A_405 A_406 A_420 A_423 A_424 A_427 A_441 A_452 A_453 A_456
2154, A_224 A_227 A_228 A_231 A_235 A_246 A_249 A_250 A_253 A_263 A_266 A_267 A_270
2155,
2156, A_112 A_113 A_123 A_125 A_127 A_147 A_154 A_156 A_175 A_177
2157, A_115 A_116 A_117 A_121 A_122 A_123 A_54 A_56 B_115 B_116 B_117 B_121 B_122 B_54 B_56
2158, A_146 A_152 A_153 A_156 A_160 A_163 A_164 A_250 A_385 A_387 A_388 A_78 A_81 A_82
2159, A_16 A_20 A_23 A_26 A_27 A_30 A_37 A_38 A_50 A_53 B_104 B_105 B_108 B_109 B_112 B_115 B_116 B_119 B_51 B_55 B_58 B_59 B_62 B_90 B_93 B_97
2160, A_105 A_109 A_127 A_133 B_110 B_113 B_114 B_117 B_118 B_134 B_136 B_138
2161, A_100 A_113 A_114 A_126 A_130 A_134 A_137 A_138 A_141 A_163 A_167 A_168 A_195 A_70 A_73 A_74 A_77 A_93 A_96 A_97 B_123
2162, E_119 E_120 E_121 E_123 E_124 E_190 E_56 E_74 E_76 E_77 E_80
2163, A_165 A_189 A_195 A_196 A_198 A_199 A_215 A_83 A_84 A_86 A_87 A_90 I_22 I_23 I_24
2164, A_366 A_367 A_368 A_369 A_370 A_373 A_413 A_424 A_459 A_460
2165, A_10 A_11 A_13 A_14 A_170 A_229 A_232 A_307 A_335 A_339 A_9
2166, B_188 B_191 B_192 B_195 B_224 B_232 B_264 B_267 B_268 B_271
2167,
2168, A_11 A_169 A_230 A_231 A_238 A_4 A_5 A_6 A_62 A_63 A_64 A_7 A_8
2169, A_136 A_158 A_159 A_203 A_205 A_222 A_223 A_225 A_85
2170,
2171, A_256 A_257 A_258 A_316 A_320 A_323 A_354 A_357 A_358 A_361 A_368 A_369 A_370 A_371
2172, A_343 A_346 A_347 A_350 A_353 A_383 A_384 A_387 A_388 A_391 A_394 A_404 A_421 A_424 A_425 A_428 A_521 A_525 A_528 A_536 A_540
2173, A_724 A_725 A_726 A_727 A_738 A_753 A_754 A_757 A_792 A_794 A_795 A_868 A_869 A_900 A_902
2174,
2175, A_1005 A_1007 A_1044 A_1047 A_1073 A_1078 A_1079 A_1080 A_1083 A_1085 A_965
2176, A_11 A_170 A_231 A_239 A_242 A_4 A_5 A_6 A_63 A_64 A_7 A_8
2177, A_193 A_195 A_209 A_211 A_214 A_215 A_217 A_231 A_233 A_239 A_241
2178, A_1806 A_1812 A_1814 A_1815 A_1825 A_1826 A_1827 A_1880 A_1881 A_1924
2179, A_478 A_524 A_528 A_529 A_532 A_674 A_677 A_680 A_684 A_688
2180, A_204 A_205 A_207 A_212 A_219 A_220 A_222 A_269 A_270
2181, A_109 A_110 A_111 A_112 A_113 A_114 A_116 A_130 A_131 A_138 A_139 A_140 A_141 A_144 A_82 A_83 A_84 A_85 B_181 B_182 B_183 B_218
2182, A_109 A_111 A_118 A_119 A_121 A_65 A_67 A_69 A_71
2183, A_109 A_111 A_118 A_119 A_121 A_67 A_69 A_71
2184, A_115 A_116 A_117 A_119 A_120 A_121 A_123 A_19 A_22 A_26 A_29 A_30 A_312 A_404 A_405 A_408 A_67 A_70 A_71 A_74 A_78 A_82 B_705 B_708 B_709 B_711 B_712 B_715 B_716 B_719
2185, B_807 B_808 B_811 B_819 B_820 B_821 B_825 B_829 B_942 B_945 B_946 B_949 B_952 B_960 B_961 B_963
2186, A_108 A_133 A_151 B_108 B_133
2187, A_10 A_12 A_138 A_151 A_19 A_21 A_22
2188,
2189, A_100 A_101 A_102 A_323 A_325 A_326 A_327 A_329 A_54 A_57 A_59
2190, A_108 A_111 A_142 A_143 A_144 A_145 A_189 A_193 A_199 A_202 A_205 A_206 A_215 A_219 A_220 A_364 A_365 A_366 A_367 A_370 A_372 A_96 A_97
2191, A_322 B_10 B_110 B_111 B_12 B_129 B_13 B_131 B_14 B_144 B_145 B_146 B_147 B_150 B_154 B_157 B_172 B_173 B_19 B_20 B_203 B_204 B_205 B_206 B_207 B_210 B_252 B_253 B_254 B_6 B_62 B_63 B_64 B_7 B_9
2192, A_367 A_368 A_369 A_418 A_419 A_420 A_465 A_466 A_467 A_512 A_513 A_514 A_559 A_560 A_561 A_606 A_607 A_608
2193, A_258 C_111 C_112 C_115 C_122 C_124 C_74 C_78 C_82 C_85 C_86 C_93 C_97
2194,
2195, A_112 A_59 A_61 A_94 A_96 A_98
2196, A_40 A_41 A_42 A_68 A_69 A_71 A_73 B_178 B_180 B_181 B_182 B_7 B_9
2197, A_227 A_230 A_237 A_240 A_242 A_243 A_83
2198, A_143 A_144 A_146 A_147 A_150 A_178 A_181 A_182 A_185 B_108 B_11 B_110 B_111 B_114 B_115 B_116 B_12 B_14 B_15 B_16 B_17 B_37 B_40 B_41 B_45 B_47 B_49 B_71 B_72 B_73 B_74 B_75 B_76
2199, A_142 A_145 A_146 A_150 A_152 A_155 A_191
2200, A_560 A_767 A_770 A_771 A_834 A_835 A_902 A_903 A_904
2201,
2202,
2203, A_48 A_512 A_527 A_529 A_545 A_546 A_547 A_554 A_558 A_560 A_562 A_563 A_564 A_565 A_575 A_577 A_627 A_629 A_748 A_752
2204, A_1019 A_1024 A_1025 A_1026 A_1029 A_1030 A_1031 A_911 A_953 A_990 A_992 A_993
2205, A_170 A_260 A_609 A_610 A_642 A_646 A_735 A_736 A_792 A_795 A_812 A_813 A_814 A_815 A_826
2206, A_124 A_136 A_137 A_138 A_141 A_166 A_167 A_168 A_169 A_194 A_196 A_198 A_199 A_200 A_259 A_263 A_264 A_266 A_60 A_61 A_63 A_88 A_89 A_90 D_117 D_119 D_121 D_124 D_128 D_173 D_28 D_36 D_37 D_57 D_59 D_81 D_82 D_85 D_88
2207, A_622 A_623 A_627 A_628 A_641 A_644 A_646 A_647 A_648 A_650 A_651 A_652 A_653 A_655 A_657 A_663 A_664 A_667 A_677
2208, A_101 A_102 A_105 A_150 A_151 A_153 A_163 A_164 A_24 A_25 A_28 A_32 A_45 A_46 A_47 A_66 A_79 A_93 A_95 A_96 A_97 A_98
2209, A_145 A_149 A_152 A_58 A_59 A_60 A_8
2210, A_300 A_301 A_302 A_326 A_330 A_332 A_333 A_409 A_410 A_422 A_423 A_514 A_517
2211, A_681 A_682 A_683 A_685 A_711 A_715 A_718 A_744 A_745 A_748 A_752 A_808
2212,
2213, A_36 B_10 B_62 B_63 B_64 B_65 B_66 B_68 B_73 B_75
2214, A_297 A_322 A_323 A_325 A_326 A_327 A_328 A_358 A_359 A_362 A_366 A_558 A_577 A_578 A_579 A_580
2215, B_295 B_298 B_299 B_301 B_302 B_305 B_336 B_339 B_340 B_343 B_356 B_373 B_376 B_377 B_380 B_472 B_475 B_476 B_491
2216, A_226 A_239 A_240 A_243 A_333 A_337 A_341
2217, A_100 A_101 A_106 A_110 A_111 A_112 A_116 A_120 A_148 A_149 A_150 A_152
2218, A_143 A_146 A_147 A_165 A_166 A_167 A_169 A_172 A_173 A_176 A_177 A_180 A_207 A_209 A_21 A_22 A_258 A_259 A_260 A_262 A_263 A_48 A_49 A_50 A_51 A_54 A_58 A_78 A_79 A_80 A_83 A_94 B_122 B_125 B_126 B_127
2219, B_114 B_116 B_118 B_135 B_161 B_21 B_22 B_25 B_35 B_4 B_49 B_51 B_54 B_55 B_56 B_57 B_63 B_64 B_65 B_66 B_67 B_68 B_69 B_83 B_87
2220, A_619 A_621 A_634 A_637 A_638 A_641 A_669 A_671 A_741 A_742
2221,
2222, A_17 A_172 A_177 A_18 A_194 A_195 A_196 A_197 A_220 A_222 A_233 A_236 A_237 A_60 A_61 A_65 A_69 A_93 A_94 A_95 A_96 C_135 C_137 C_279
2223, A_218 A_231 A_290 A_291 A_292 A_293 A_368 A_396 A_400 A_70 A_71 A_72 A_74 A_75
2224, A_407 A_408 A_409 A_500 A_503 A_505 A_506 A_507 A_527 A_529 A_544 A_546 A_547
2225, A_50 B_47 B_50 C_47 C_50
2226,
2227,
2228,
2229, A_215 A_29 B_155 B_28 B_283 B_284 B_29 B_30 B_31 B_32 B_33 B_34 B_356 B_358 B_359 B_360 B_56
2230, B_134 B_142 B_143 B_168 B_170 B_172 B_203 B_206 B_207 B_227 B_231 B_267 B_47 B_52 B_92 B_93
2231, E_166 E_168 E_171 E_184 E_186 E_187 E_51 E_52 E_53 E_54 E_55 E_56 E_72 E_73 E_91
2232, A_290 A_291 A_294 A_332 A_335 A_336 A_337 A_342
2233, A_227 A_230 A_237 A_240 A_242 A_243 A_83 A_85
2234,
2235,
2236, A_173 A_174 A_177 A_310 A_311 A_312 A_313
2237, A_122 A_125 A_126 A_129 A_130 A_133 A_170 A_171 A_174 A_178 A_222 A_43 A_44 A_47 A_51
2238, A_263 A_264 A_265 A_268 A_276 A_277 A_278 A_279 A_280 A_311 A_313 A_56 A_60
2239, A_144 A_145 A_146 A_147 A_153 A_177 A_178 A_179 A_182 A_314 A_320 A_327 A_330 A_331 A_334 A_362 A_363 A_366
2240, A_103 A_106 A_107 A_358 A_359 A_362 A_363 A_404 A_406 A_75
2241, A_467 A_484 A_507 A_509 A_526 A_550 A_551 A_568 A_593 A_594 A_595
2242, B_10 B_11 B_12 B_138 B_140 B_141 B_142 B_143 B_144 B_15 B_169 B_171 B_175 B_177 B_181 B_204 B_222 B_226 B_67 B_69 B_9 B_97 B_98 B_99
2243, B_126 B_128 B_130 B_135 B_136 B_137 B_139 B_141 B_142 B_17 B_176 B_178 B_181 B_225 B_227 B_239 B_270
2244, A_179 A_180 A_185 A_196 A_271 A_273 A_274 A_302 A_303 A_305 A_345 A_348 A_349
2245, A_501 A_504 A_505 A_508 A_513 A_514 A_567 A_572 A_573 A_574 A_592 A_593 A_594 A_601
2246, C_78 C_84 D_123 D_165 D_166 D_167 D_74
2247, B_10 B_126 B_13 B_14 B_15 B_159 B_16 B_160 B_161 B_163 B_166 B_167 B_168 B_171 B_174 B_175 B_178 B_204 B_205 B_206 B_207 B_208 B_209 B_210 B_213 B_221 B_263 B_33 B_35 B_36 B_37 B_62 B_63 B_93 B_94 B_95 B_96 B_97
2248, A_130 A_131 A_132 A_137 A_187 A_189 A_95 A_96 A_98
2249, A_241 A_242 A_243 A_244 A_245 A_329 A_330 A_389 A_416 A_418
2250, B_568 B_571 B_574 B_580 B_604 B_605 B_609
2251, A_199 A_200 A_217 A_220 A_222 A_278 A_282 A_40 A_41 A_42 A_43
2252, A_102 A_109 A_110 A_111 A_19 A_22 A_38 A_40 A_41 A_52 A_72 A_73 A_75 A_77
2253, A_570 A_623 A_625 A_627 A_628 A_663 A_666
2254, A_388 A_391 A_442 A_443 A_444 A_445 A_475 A_477 A_510 A_511 A_512 A_513 A_516 A_575
2255, A_180 A_181 A_182 A_183 B_109 B_110 B_111 B_112 B_113 B_114 B_116 B_119 B_130 B_132 B_133 B_134 B_136 B_138 B_139 B_140 B_141 B_144 B_82 B_83 B_84 B_85
2256, A_856 A_858 A_899 A_929 A_931 A_949 A_951 A_955 A_956 A_958 A_961 A_968 A_970 A_977 A_979 A_987 A_989
2257, A_422 A_424 A_465 A_495 A_497 A_516 A_518 A_523 A_525 A_528 A_544 A_557
2258, A_139 A_140 A_154 A_157 A_158 A_164 A_209 A_359 D_196 D_204 D_254 D_256 D_258 D_259 D_260 D_261
2259, A_143 A_144 A_162 A_164 A_174 A_177 A_178 A_181 A_275
2260, A_11 A_169 A_230 A_231 A_235 A_238 A_4 A_5 A_6 A_62 A_63 A_64 A_7 A_8
2261, A_149 A_152 A_155 A_167 A_176 A_177 A_215 A_216
2262,
2263, A_103 A_105 A_113 A_118 A_119 A_124 A_128 A_48 A_49
2264, A_120 A_121 A_157 A_162 A_192 A_263
2265, A_1082 A_1083 A_1084 A_899 A_903 A_913 A_916 A_917 A_920 A_945 A_949
2266, A_377 A_381 A_382 A_392 A_406 A_417 A_419 A_524 A_554 A_556
2267, A_101 A_102 A_103 A_105 A_106 A_109 A_127 A_128 A_132 A_133 A_134 A_71 B_110 B_111 B_113 B_114 B_117 B_118 B_134 B_135 B_136 B_138 B_177
2268, A_106 A_108 A_110 A_116 A_118 A_164 A_167 A_38 A_55 A_57 A_76 A_77 A_79 B_143 B_146 B_147 B_148 B_152 B_153 B_188 B_190 B_191 B_193 B_195 B_25 B_93
2269, A_13 A_147 A_149 A_204 A_226 A_71 A_72 A_76 A_82
2270, A_156 A_158 A_160 A_161 A_175 A_178 A_193 A_194 A_47 A_48 A_49 A_50 A_51
2271, A_404 A_406 A_429 A_430 A_431 A_503 A_507 A_509 A_532 A_533 A_534 A_535 B_258 B_259 B_421 B_422 B_424 B_425 B_426
2272, A_317 A_321 A_324 A_325 A_328 A_329 A_332 A_353 A_354 A_358 A_480 A_483 A_484 A_487 A_494 A_497 A_498 A_501 A_502 A_505 A_506
2273, B_190 B_192 B_219 B_221 B_227 B_259 B_260 B_263 B_264 B_265 B_266 B_269
2274, A_659 A_660 A_663 A_676 A_677 A_680 A_681 A_684 A_744 A_748
2275, A_189 A_193 A_217 A_220 A_235 A_236 A_238 A_239 A_273 A_275 A_302 A_303 A_304
2276,
2277, A_128 A_129 A_130 A_131 A_140 A_160 A_161 A_210 A_253 A_256 A_257 A_259 A_360 A_364 A_368
2278, A_116 A_117 A_119 A_12 A_120 A_13 A_15 A_16 A_17 A_18 A_28 A_29 A_30 A_31 A_32 A_33 A_35 A_58 A_60 A_61
2279, A_286 A_290 A_291 A_292 A_294 A_297 A_301 A_302 A_305 A_307
2280, A_106 A_109 A_111 A_113 A_116 A_118 A_121 A_242 A_244 A_246 A_31 A_358 A_37 A_39 A_41 A_420 A_43 A_5 A_6 A_8 A_82 B_73 B_74
2281, A_184 A_185 A_187 A_188 A_189 A_191 A_192 A_193 A_252 A_253 A_254 A_257 A_284 A_291 A_293 A_295 A_297 A_303 A_305 A_309 A_323 A_686 A_688 A_725 A_727 A_735 A_737 A_767 A_769 A_770 A_771 A_781 A_782 A_783 A_785 A_813 A_815 A_816 A_817 A_819
2282, A_341 A_343 A_355 A_356 A_357 A_359 A_431 A_432 A_433
2283, A_106 A_108 A_109 A_110 A_117 A_119 A_121 A_13 A_15 A_17 A_24 A_54 C_106 C_108 C_109 C_110 C_117 C_119 C_121 C_13 C_15 C_17 C_24 C_54
2284,
2285, E_165 E_189 E_195 E_196 E_198 E_199 E_215 E_83 E_84 E_86 E_87 I_23
2286,
2287, B_13 B_138 B_141 B_142 B_143 B_16 B_174 B_190 B_192 B_193 B_196 B_220 B_61 B_89
2288, A_11 A_169 A_230 A_238 A_5 A_6 A_63 A_64 A_7 A_8
2289, A_378 A_381 A_420 A_443 A_444 A_511 A_512 A_513
2290, H_22 I_103 I_104 I_105 I_106 I_123 I_124 I_125 I_137 I_138 I_139 I_140 I_142 I_4 I_53 I_54
2291, A_1663 A_1666 A_1670 A_1769 A_1770 A_1771 A_1787
2292, A_612 A_615 A_616 A_619 A_628 A_629 A_630 A_658 A_661 A_662 A_665 A_697 A_698 A_699 A_700 A_701 A_702 A_715 A_716 A_717
2293, A_224 A_227 A_228 A_231 A_235 A_246 A_249 A_250 A_253 A_254 A_263 A_266 A_267 A_270
2294,
2295, C_550 C_552 C_555 C_637 C_640 C_641 C_642 D_749 D_750 D_755 D_770 D_773 D_774 D_777
2296, A_10 A_12 A_21 A_23 A_32 A_35 A_37 B_30 B_33 B_34 B_35 B_51 B_52 B_54 B_62 B_63 B_64
2297,
2298, X_259 X_260 X_261 X_262 X_263 X_264 X_265 X_266 X_269 X_416 X_419 X_420 X_423 X_424 X_427 X_428 X_430 X_431 X_434 X_435 X_463 X_465 X_466 X_467 X_468 X_470 X_582 X_583 X_586 X_587 X_590 X_591 X_592 X_597 X_617 X_618 X_619 X_620 X_630 X_633 X_634 X_637
2299, A_120 A_121 A_156 A_157 A_162 A_192 A_263
2300, A_597 A_598 A_599 A_601 A_603 A_642 A_696 A_734 A_736 A_738 A_739 A_758 A_759 A_760 A_761 A_762 A_774 A_775 A_778 A_806
2301, A_10 A_104 A_106 A_108 A_109 A_110 A_117 A_119 A_121 A_123 A_13 A_15 A_17 C_10 C_104 C_106 C_108 C_109 C_110 C_117 C_119 C_121 C_123 C_13 C_15 C_17
2302, A_182 A_185 A_188 A_199 A_290 A_294 A_297 A_298 A_306 A_308 C_297
2303, A_162 A_165 A_167 A_202 A_205 A_206 A_235 A_239 A_272 A_273 A_276 A_299 A_300 A_329 A_330 A_332 A_334 A_336 A_337 A_355 A_360 A_362 A_363 A_366
2304, B_34 B_35 B_36 B_37 B_39 B_40 B_41 B_69 B_7 B_8 B_9 B_91 B_92 B_93 B_94 B_97 B_99 C_106 C_108 C_21 C_24 C_25 C_26 C_27 C_28 C_47 C_49
2305,
2306, A_177 A_181 A_183 A_191 A_192 A_193 A_194 A_199 A_200 A_202 A_204 A_205 A_207 A_215 A_217 A_227 A_229 A_261 A_292 A_294 A_295 A_338 A_347 A_348 A_349 A_360 A_362 A_366
2307, A_537 A_540 B_505 B_528 B_532 B_535 B_536
2308, A_570 A_571 A_572 A_590 A_600 A_603 A_604 A_683 A_688 A_701 A_703 A_704 A_706 A_719 A_720
2309, A_114 A_147 A_152 A_155 A_156 A_159 A_163 A_167 A_171 A_33 A_34 A_45 A_5 A_59 A_62 A_63 A_66 A_67 A_7 A_70 A_73 A_9 A_99
2310, A_250 A_251 A_252 A_43 A_50 A_52 A_60 A_62 A_64 A_74 A_76
2311, A_166 A_184 A_188 A_215 A_216 A_217 A_218 A_223 A_231 A_232 A_236
2312, A_250 A_251 A_252 A_43 A_52 A_60 A_62 A_74 A_76
2313, A_422 A_425 A_426 A_429 A_431 A_433 A_434 A_435 A_441 A_461 A_473 A_474 A_508
2314, A_107 A_108 A_110 A_112 A_129 A_131 A_139 A_141 A_190 A_191 A_192 A_193 A_194 A_201 A_227 A_23 A_25 A_83 A_84 A_86 A_88
2315, A_126 A_128 A_130 A_136 A_137 A_139 A_141 A_142 A_181 A_183 A_186 A_21 A_232 A_234 A_245 A_246 A_277
2316, B_102 B_125 B_126 B_127 B_146 B_147 B_157 B_159 B_187 B_189 B_190 B_194 B_216 B_240 B_241 B_242 B_264 B_282 B_284 B_71 B_74 B_75 B_76 B_77
2317, A_1022 A_1043 A_1044 A_1045 A_1046 A_1055 A_1057 A_1058 A_1060 A_907 A_908 A_939 A_940 A_943 A_946
2318, A_630 A_667 A_669 A_672 A_674 A_675 A_791 A_792 A_797
2319, A_109 A_110 A_111 A_112 A_113 A_114 A_116 A_130 A_131 A_138 A_139 A_140 A_144 A_82 A_83 A_84 A_85 B_180 B_181 B_182 B_183 B_218
2320, B_233 B_236 B_237 B_245 B_246 B_262 B_302 B_307 B_308 B_309 B_327 B_328 B_329
2321, B_100 B_107 B_139 B_141 B_142 B_143 B_25 B_28 B_29 B_43 B_46 B_47 B_50 B_51 B_54 B_67 B_69 B_70 B_71 B_85 B_88 B_89 B_92 B_93 B_96 B_97
2322, A_106 A_118 A_121 A_122 A_125 A_220 A_236 A_239 A_240 A_241 A_287 A_330 A_331 A_83 A_85 A_88
2323, A_48 A_527 A_529 A_545 A_546 A_547 A_554 A_560 A_562 A_563 A_564 A_627 A_629 A_741 A_742 A_748 A_752
2324,
2325, A_130 A_133 A_134 A_170 A_171 A_206 A_207 A_234 A_238 A_239 A_240
2326, A_786 A_789 A_808 A_825 A_827 A_832 A_836 A_841
2327, A_103 A_120 A_94 A_97 A_98
2328, A_115 A_116 A_117 A_123 A_143 A_144 A_145 A_149 A_151 A_152 A_153
2329,
2330, A_10 A_11 A_155 A_156 A_157 A_158 A_159 A_160 A_161 A_303 A_304 A_306 A_307 A_308 A_309 A_339 A_361 A_8 A_9
2331, A_143 A_144 A_170 A_202 A_203 A_204 A_21 A_23 A_25 A_34
2332, A_135 A_136 A_137 A_15 A_16 A_172 A_18 A_19 A_20 A_282 A_286 A_353 A_41 A_42 A_43 A_46 A_93 A_94 A_95 A_96
2333, A_141 A_144 A_214 A_217 A_218 A_224 A_242 A_243 A_244 A_245 A_247 A_249 A_28
2334,
2335, A_118 A_120 A_124 A_52
2336, D_118 D_119 D_120 D_121 D_129 D_131 D_172 D_174 D_212 D_213 D_214 D_215 D_264 D_266 D_297 D_298 D_300 D_302 D_312 D_313
2337, A_239 A_240 B_10 B_13 B_134 B_135 B_137 B_138 B_139 B_140 B_142 B_143 B_146 B_171 B_187 B_188 B_189 B_190 B_192 B_193 B_213 B_214 B_215 B_57 B_58 B_59 B_60 B_86 B_88 B_90 B_92 B_93
2338, A_1030 A_1031 A_1033 A_775 A_776 A_777 A_834 A_837 A_838 A_841 A_842 A_990 A_994 A_995 A_996
2339, A_597 A_598 A_599 A_658 A_661 A_662 A_665 A_690 A_692 A_821 A_824 A_825 A_831 A_832 A_833 A_834
2340,
2341, A_485 A_493 A_497 A_501 A_533
2342, A_358 B_105 B_135 B_136 B_137 B_282 B_284 B_296 B_298 B_302 B_307 B_378 B_379 B_380 B_381 B_383 B_384 B_403 B_405 B_406 B_407 B_431 B_433 B_602
2343, A_383 A_397 A_399 A_404 A_425 A_471 A_473 A_480 A_483 A_484 A_485 A_486 A_487 A_488 A_551 A_553 A_554 A_577 A_578 A_67 A_681 A_684 A_686 A_689 A_692 A_693 A_696 A_697 A_71 A_73 A_75 A_76 A_91 A_96 A_97 A_98
2344, A_103 A_104 A_105 A_106 A_107 A_202 A_79 A_81 A_86 A_89 A_90 A_93
2345, A_142 A_144 A_163 A_164 A_184 A_187
2346, A_145 A_146 A_147 A_148 A_162 A_188 A_189 A_191 A_192 A_195 A_213
2347, A_752 A_760 A_777 A_779 A_813 A_825 A_826 A_827 A_828 A_831 A_833 A_897 A_900 A_908 A_910 A_911
2348, A_130 A_133 A_134 A_170 A_171 A_206 A_207 A_234 A_238 A_239 A_240
2349,
2350,
2351, A_109 A_110 A_111 A_112 A_113 A_114 A_116 A_130 A_140 A_141 A_82 A_83 A_84 A_85 A_86 B_180 B_181 B_218
2352, B_112 B_114 B_116 B_188 B_190 B_191 B_192 B_51 B_53 B_54 B_55 B_58 B_60 D_112 D_114 D_116 D_188 D_190 D_191 D_192 D_51 D_53 D_54 D_55 D_58 D_60
2353, B_140 B_141 B_142 B_143 B_144 B_145 B_163 B_164 B_165 B_166 B_187 B_188 B_189 B_25 B_26 B_27 B_41 B_44 B_49
2354, A_162 A_35 A_36 A_53 A_55 A_63 A_66 A_67 A_70
2355, D_143 D_144 D_145 D_173 D_192 D_194 D_195 D_196 D_197 D_198 D_199 D_200 D_201 D_203 D_234 D_235 D_236 D_237 D_238 D_255 D_257 D_258 D_281 D_283 D_284 D_285 D_318 D_68 D_69 D_70 D_93
2356, B_125 B_205 B_206 B_209 B_357 B_358 B_547 B_549 B_550 B_629 B_630 B_631 B_656 B_662 B_666 B_710 B_740
2357,
2358,
2359, A_249 A_252 A_257 A_291 A_292 A_344 A_345 A_371 A_375 A_376 A_377
2360,
2361, A_102 A_109 A_236 A_89 A_91
2362, B_109 B_110 B_111 B_125 B_149 B_150 B_287 B_289 B_290 B_293 B_294 B_6 B_7 B_8
2363, A_10 A_11 A_155 A_156 A_157 A_158 A_159 A_160 A_161 A_303 A_304 A_306 A_307 A_308 A_309 A_339 A_359 A_360 A_361 A_8 A_9
2364, A_137 A_141 A_179 A_180 A_181 A_182 A_183 A_201 A_202 A_203 A_204 A_234 A_235 A_236 A_238 A_239 A_240 A_243 A_244 A_247 A_264 A_265 A_266 A_267 A_273 A_274 A_275
2365, A_252 A_253 A_260 A_262 A_263 A_264 A_265 A_268 A_341 A_424 A_426 A_428 A_430
2366,
2367, B_593 B_594 B_595 B_601 B_617 B_619 B_650 B_671 B_672 B_673 B_674 B_677 B_678 B_730 B_740 B_741
2368, C_1308 C_1311 C_1313 D_380 D_384 D_387 D_414 D_415 D_419 D_477 E_31 E_44 E_45 E_46 E_47
2369, A_123 A_129 A_42 A_44 A_46 A_84 A_88 A_89 A_91 C_123 C_129 C_42 C_44 C_46 C_84 C_88 C_89 C_91
2370, A_312 A_313 A_314 A_374 A_389 A_390 A_392
2371, C_50 C_51 C_56 C_76 C_77 C_78 C_79 C_85 C_87 C_96 C_99
2372, A_158 A_159 A_162 A_163 A_166 A_295 A_296 A_31 A_32
2373, B_261 B_262 B_263 B_291 B_310 B_312 B_313 B_314 B_316 B_317 B_318 B_319 B_321 B_324 B_325 B_327 B_358 B_359 B_360 B_361 B_379 B_380 B_381 B_382 B_383 B_408 B_409 B_431 B_432 B_57 B_59
2374,
2375, A_144 A_146 A_149 A_186 A_196 A_225 A_228 A_231 A_232 A_267 A_271 A_274
2376, A_137 A_140 A_148 A_149 A_150 A_152 A_153 A_158 A_159 A_161 A_162 A_163 A_168 A_191 A_192 A_193 A_194 A_195 A_197 A_198 A_213 A_214 A_215 A_240 A_241 A_242 A_243 A_257 A_258 A_259 A_260 A_261 A_265 A_266 A_267 A_268 A_271 A_340 A_414 A_415 A_446 A_470 A_474 A_476
2377,
2378, A_41 A_46 A_47 A_48 A_79 A_80 A_81 C_115 C_120 C_19 C_20 C_21 C_22 C_33 C_34 C_37 C_44 C_45 C_59 C_61
2379, A_240 A_264 A_304
2380,
2381, A_1 A_24 A_26 A_32 A_34 A_52A A_73 A_76
2382, A_397 A_421 A_425 A_427 A_459 A_461
2383, A_183 A_184 A_185 A_192 A_195 A_197 A_219 A_220 A_221 A_238 A_239 A_240 A_254 A_255 A_256 A_257 A_258 A_272 A_273 A_274 A_275 A_276 B_232 B_248 B_250 B_251 B_266 B_267 B_268 B_269 B_286 B_287 B_30 B_31 B_32 B_41 B_43 B_47 B_80 B_83
2384,
2385, E_447 E_450 E_451 E_453 F_103 F_128 F_129 F_130 F_131 F_14 F_184 F_187 F_188 F_191 F_192 F_261 F_262 F_365 F_367
2386, A_15 A_232 A_236 A_239 A_26 A_27 A_28 A_49 A_51 A_7 A_71 A_77 A_9
2387, B_128 B_129 B_130 B_131 B_132 B_176 B_177 B_178 B_179 B_180 B_224 B_225 B_226 B_227 B_272 B_274 B_275 B_28 B_30 B_31 B_322 B_323 B_34 B_35 B_36 B_81 B_83 B_84 B_85
2388, A_1007 A_1010 A_1011 A_1012 A_715 A_728 A_730 A_741 A_792 A_794 A_846 A_847 A_998
2389, A_158 A_160 A_206 A_208 A_254 A_256 A_258 A_262 A_264 A_267 A_98 A_99
2390, A_311 A_312 A_313 A_314 A_317 A_374 A_389 A_390 A_392
2391, A_1089 A_1112 A_1113 A_1114 A_1115 A_1120 A_1124 A_1127 A_1224 A_1225 A_1227
2392, A_14 A_15 A_16 A_35 A_40 A_7 A_8 A_9 B_10 B_13 B_15 B_16 B_35 B_40 B_8 B_9
2393, A_222 A_226 A_227 A_228 A_229 A_230 A_288 A_291 A_292 A_295 A_326 A_329 A_330 A_332 A_333 A_343
2394, A_103 A_125 A_126 A_127 A_128 A_129 A_130 A_131 A_133 A_180 A_186 A_187 A_193 A_68 A_69 A_70 A_71 A_94 A_96
2395, A_199 A_200 A_64 A_94 A_96
2396, A_370 A_374 A_382 A_580 A_584 A_606 A_607 A_608 A_609 A_711
2397, B_222 B_227 B_228 B_230 B_255 B_259 B_264 B_265 B_266 B_280 B_281 B_282 B_284 B_285 B_286 B_287 B_288 B_289 B_290 B_291 B_292 B_293 B_295 B_322 B_323 B_326 B_327 B_329 B_330 B_332 B_333 B_339 B_340 B_341 B_342 B_343 B_348 B_353 B_356 B_360 B_363 B_364 B_367 B_381 B_384 B_449 B_453 B_475
2398, A_100 A_117 A_284 A_331 A_347 A_350 A_351 A_97 A_99
2399, B_21 B_24 B_388 B_395 B_399 B_402 B_413 B_414 B_76 B_78 B_79
2400, A_152 A_176 A_180 A_181 A_243 A_246 A_247 A_251 A_252 A_253 A_294 A_295 A_296 A_297 A_84 A_85
2401, A_211 A_212 A_213 A_216 A_218 A_227 A_229 A_321 A_360 A_378 A_380 A_383 A_387 A_414 A_435 A_436 A_439
2402, A_125 A_128 A_136 A_137 A_140 A_159 A_162 A_164 A_225
2403,
2404, A_220 A_222 A_224 A_225 A_240 A_241 A_273 A_274 A_275 A_279
2405, A_11 A_170 A_231 A_239 A_4 A_6 A_63 A_7 A_8
2406, A_20 A_24 A_38 A_41 A_42 A_80 A_81 A_82
2407, A_158 A_160 A_206 A_208 A_211 A_213 A_254 A_256 A_258 A_262 A_264 A_267 A_98 A_99
2408, D_118 D_119 D_149 D_151 D_152 D_178 D_179 D_222 D_224 D_227 D_246 D_276 D_277 D_292 D_294 D_346 D_347 D_348 D_371 D_406 D_427 D_430 D_431 D_432 D_439
2409,
2410, A_404 A_406 A_430 A_431 A_507 A_509 A_532 A_533 A_534 A_535 B_255 B_258 B_259 B_421 B_422 B_424 B_425 B_426
2411, A_130 A_134 A_76 A_79 A_80 A_81 A_82
2412, B_118 B_119 B_149 B_151 B_152 B_178 B_179 B_222 B_224 B_227 B_246 B_247 B_276 B_277 B_292 B_294 B_346 B_347 B_348 B_370 B_371 B_404 B_406 B_427 B_430 B_431 B_432 B_439
2413, A_137 A_143 A_161 A_162 A_184 A_188 A_19 A_20 A_23 A_25 A_64 A_65
2414, A_57 A_59 A_80 A_83 A_87 A_89 A_91
2415, A_104 A_106 A_81 A_82 A_83 A_91 B_117 B_156 B_158 B_159 B_167 B_168 B_17 B_19 B_197 B_20 B_223 B_224 B_225 B_284 B_291 B_293 B_320 B_321 B_323
2416, B_144 B_145 B_146 B_158 B_160 B_237 B_238
2417, A_103 A_105 A_107 A_122 A_15 A_38 A_39 A_41 A_43 A_46 A_54 A_56 A_58 A_60 A_69 A_71 A_84 A_85 A_90 A_92 A_94
2418, A_129 A_132 A_133 A_136 A_205 A_211 A_213 A_245
2419, A_11 A_169 A_230 A_238 A_5 A_6 A_63 A_64 A_7 A_8
2420, A_136 A_137 A_138 A_139 A_142 A_290 A_291 A_87 A_92
2421, B_100 B_140 B_141 B_143 B_153 B_154 B_22 B_23 B_24 B_25 B_30 B_43 B_45 B_61 B_65 B_74 B_90 B_91 B_92 B_93 B_94 B_96 B_97
2422, H_126 H_127 H_130 H_131 H_132 H_133 H_135 H_137 H_162 H_164 H_182 L_114 L_115 L_116 L_117 L_118 L_137 L_138 L_207
2423, A_138 A_141 A_168 A_170 A_171 A_172 A_174 A_199 A_202 A_22 A_223 A_226 A_228 A_229 A_24 A_256 A_258 A_261 A_263 A_265 A_266 A_267 A_268 A_27 A_270 A_271 A_274 A_275 A_278 A_67 A_69 A_72 A_97 A_99 B_107
2424, B_100 B_61 B_65 B_71 B_72 B_74 B_75 B_78 B_94 B_96 B_97 B_98 B_99
2425, A_156 A_157 A_159 A_160 A_163 A_165 A_219 A_220 A_221 A_225 A_226 A_228 A_231
2426, A_141 A_151 A_152 A_153 A_192 A_193 A_39 A_40 A_73 A_74
2427, A_114 A_115 A_116 A_117 A_123 A_124 A_143 A_144 A_145 A_149 A_151 A_153
2428, A_816 A_820 A_823 A_824 A_855 A_895 A_898 A_901 A_902
2429, A_103 A_105 A_109 A_132 A_133 B_110 B_113 B_114 B_117 B_118 B_134 B_136 B_138 B_177
2430, A_875 A_878 A_879 A_884 A_890 A_898 A_901 A_902 A_905
2431,
2432, A_154 A_155 A_271 A_277 A_278 A_279 B_157 B_161
2433, A_151 A_152 A_155 A_156 A_159 A_173 A_174 A_177 A_26
2434, A_-2 A_-5 A_1 A_100 A_158 A_2 A_3 A_64 A_68 A_71 A_72 A_75 A_88 A_93 A_96 A_97
2435, A_100 A_115 A_117 A_153 A_156 A_157 A_160 A_75 A_76
2436, A_100I A_102 A_24 A_25 A_3 A_32 A_34 A_4 A_94
2437, A_441 A_442 A_445 A_509 A_519 A_520 A_537 A_540 A_541 A_544 A_545 A_548 A_554 A_557 A_558
2438, A_107 A_131 A_133 A_149 A_175 A_191 A_218 A_219 A_259 A_260 A_261 A_263 A_305 A_321 A_47 A_48 A_49 A_65 A_89 A_90 A_91
2439, B_226 B_227 B_228 B_230 B_247 B_249 B_255 B_258 B_259 B_265 B_266 B_278 B_280 B_281 B_282 B_284 B_285 B_286 B_287 B_288 B_289 B_292 B_295 B_322 B_323 B_326 B_327 B_329 B_330 B_332 B_333 B_339 B_340 B_341 B_342 B_343 B_345 B_346 B_348 B_353 B_360 B_363 B_364 B_367 B_449 B_453 B_475 B_476
2440,
2441,
2442,
2443, A_117 A_119 A_120 A_125 A_126 A_129 A_130 A_151 A_155 A_95 A_96 A_97
2444,
2445, A_149 A_18 A_391 A_392 A_393 A_396 A_397 A_398 A_399 A_40 A_400 A_415 A_423 A_92 B_185 B_188 B_189 B_191 B_193 B_196 B_197 B_219 B_240 B_241 B_242 B_244 B_246 B_247 B_248 B_273 B_275 B_304 B_305 B_307 B_309 B_311 B_313 B_346 B_349 B_350 B_351 B_353 B_354 B_355 B_356 B_357 B_376 B_377 B_379 B_383 B_384 B_385 B_389
2446, B_1 B_119 B_121 B_123 B_31 B_33 B_38 B_41 B_44 B_46 B_5 B_63 B_68
2447, A_207 A_224 A_227 A_228 A_36 A_39 A_40 A_45 A_55
2448, A_1007 A_1008 A_1010 A_1020 A_1021 A_881 A_882 A_889 A_906 A_956 A_958 A_959 A_960 A_962 A_963 A_966
2449, A_131 A_132 A_436 A_437 A_438 A_449 A_452 A_457 A_463 A_465 A_81 A_85
2450, A_127 A_130 A_131 A_176 A_180 A_184
2451, A_478 A_524 A_528 A_529 A_532 A_533 A_673 A_674 A_676 A_677 A_680 A_684 A_688 A_691
2452, B_106 B_107 B_108 B_109 B_110 B_111 B_113 B_139 B_142 B_143 B_146 B_151 B_152 B_165 B_168 B_169 B_170
2453, A_110 A_112 A_193 A_89 A_90 B_177 B_178 B_192 B_206 B_227 B_228 B_229 B_231 B_232 B_49 B_50
2454, A_135 A_136 A_137 A_138 A_140 A_181 A_186 A_23 A_394 A_40 A_409 A_411
2455, A_116 A_118 A_189 A_190 A_26 A_27 A_342 A_346
2456,
2457, B_143 B_147 B_150 B_151 B_154 B_174 B_175 B_178 B_179 B_182 B_183 B_203 B_210 B_211 B_214 B_218 B_221 B_230 B_231 B_232 B_233 B_236 B_238 B_333 B_336 B_337 B_38 B_41 B_43 B_44 B_47 B_48 B_51 B_69 B_73 B_76 B_77 B_80 B_81 B_84 B_86 B_88 B_89 B_90
2458,
2459, A_325 A_327 A_328 A_331 A_334 A_335 A_494 A_497 A_498 A_499 A_502 A_552 A_555 A_556 A_561
2460, A_190 A_191 A_192 A_218 A_219 A_233 A_238 A_255 A_256 A_257
2461,
2462, A_102 A_129 A_149 A_166 A_168 A_170 A_185 A_186 A_189 A_194 A_196 A_197 A_206 A_207 A_208 A_211 A_221 A_234 A_236 A_237 A_238 A_254 A_255 A_258 A_263 A_264 A_265 B_153 B_160 B_266 B_268
2463, A_118 A_119 A_121 A_250 A_251 A_253 A_319 A_320 A_322 A_323 A_326 A_90 A_93 A_94 A_97
2464, B_295 B_298 B_299 B_301 B_302 B_305 B_336 B_339 B_340 B_343 B_356 B_373 B_376 B_377 B_380 B_472 B_475 B_476 B_491
2465, A_100 A_102 A_103 A_147 A_183 A_184 A_186 A_188 A_196 A_197 A_199 A_201 A_203 A_205 A_237 A_238 A_239 A_279 A_281 A_294 A_296 A_93
2466, A_179 A_190 A_191 A_192
2467, A_622 A_623 A_646 A_647 A_649 A_650 A_651 A_652 A_653 A_663 A_667 A_677
2468, A_191 A_192 A_195 A_197 A_199 A_200 A_201 A_232 A_236 A_242 A_246 A_249 A_250 A_255 A_258 A_259 A_291 A_292 A_293 A_294
2469, A_118 A_119 A_120 A_121 A_122 A_129 A_135 C_147 C_149 C_170 C_172 C_173 C_174 C_175 C_184 C_186 C_19 C_212 C_213 C_214 C_215 C_234 C_237 C_42 C_44 C_45 C_70
2470, A_259 A_260 A_261 A_262 A_263 A_264 A_265 A_424 A_427 A_428 A_430 A_431 A_466 A_467 A_470 A_587 A_590 A_616 A_617 A_618 A_619 A_620 A_630 A_633 A_634 A_637
2471, A_183 A_184 A_185 A_192 A_195 A_197 A_219 A_220 A_221 A_238 A_239 A_240 A_254 A_255 A_256 A_257 A_258 A_272 A_274 A_275 A_276 B_230 B_232 B_248 B_250 B_251 B_266 B_267 B_268 B_269 B_284 B_285 B_286 B_287 B_30 B_31 B_32 B_41 B_43 B_80 B_83
2472, A_168 A_169 A_170 A_171 A_174 A_178 B_102 B_125 B_128 B_129 B_131 B_132 B_95 B_98 B_99
2473, B_129 B_131B B_162 B_163 B_165 B_181 B_182 B_230
2474, A_114 A_115 A_116 A_228 A_252 A_256 A_257 A_259 A_286 A_289 A_38 A_65 A_81 A_85 A_88 A_91 A_93 A_94 A_97
2475, A_290 A_316 A_319 A_369 A_392 A_395
2476, A_115 A_116 A_117 A_119 A_120 A_123 A_170 A_199 A_200 A_201 A_202 A_203 A_204 A_205 A_206 A_209 A_210 A_239 A_345 A_346 A_347 A_50 A_53 A_54 A_82 A_83 B_122 B_125 B_126 B_129 B_130 B_142 B_145 B_146
2477, A_136 A_158 A_203 A_205 A_222 A_223 A_225 A_85
2478, B_102 B_106 B_107 B_156 B_158 B_229 B_230 B_231 B_232 B_260 B_261 B_280 B_281 B_282 B_286 B_47 B_68 B_70 B_73
2479, A_839 A_852 A_878 A_879 A_883 A_884 A_886 A_887 A_889 A_890 A_901 A_902 A_905
2480,
2481, A_1712 A_1713 A_1717 A_1728 A_1734 A_1747 A_1755 A_1778 A_1781 A_1783 A_1784
2482, A_110 C_118 C_14 C_16 C_35 C_37 C_70 C_72 C_73 C_75 C_77 C_79 C_97 C_99
2483, A_1067 A_1113 A_977 A_979 A_980 B_1132 B_1135 B_1138
2484, A_102 A_103 A_139 A_143 A_145 A_147 A_151 A_152 A_174 A_177 A_179
2485, A_180 A_181 A_182 A_185 A_221 A_77 A_79 A_81 A_92 A_94
2486, A_211 A_232 A_233 A_235 A_237 A_239 A_241 A_27 A_29 A_30 A_31 A_32 A_4 A_48 A_6 A_8 B_26 B_52 B_53 B_56 B_57 B_58 B_63 B_65 B_67
2487,
2488, D_101 D_104 D_19 D_22 D_23 D_241 D_27 D_29 D_31 D_32 D_33 D_55 D_56 D_58 D_59 D_60 D_61 D_63 D_64 D_65 D_67 D_68 D_72 D_73 D_75 E_101 E_104 E_12 E_20 E_21 E_22 E_23 E_27 E_29 E_31 E_32 E_33 E_34 E_55 E_56 E_57 E_58 E_59 E_60 E_61 E_63 E_64 E_65 E_68 E_71 E_72 E_73 F_101 F_104 F_18 F_19 F_22 F_23 F_238 F_241 F_245 F_27 F_29 F_31 F_32 F_33 F_55 F_56 F_57 F_58 F_59 F_60 F_61 F_63 F_64 F_65 F_67 F_68 F_72 F_73
2489, A_160 A_162 A_176 A_178 A_180 B_147 B_173 B_175 B_177 B_183 B_184 B_185
2490, A_457 A_459 A_460 A_463 A_523 A_527 A_531 A_532 A_533 A_583
2491, A_100 A_101 A_103 A_104 A_105 A_106 A_107 A_108 A_41 A_67 A_99
2492, A_134 A_136 A_137 A_158 A_159 A_203 A_205 A_222 A_223 A_225 A_85
2493, A_183 A_184 A_185 A_192 A_195 A_197 A_219 A_220 A_221 A_238 A_239 A_240 A_254 A_255 A_256 A_257 A_258 A_272 A_273 A_274 A_275 A_276 B_230 B_232 B_248 B_250 B_251 B_266 B_267 B_268 B_269 B_286 B_287 B_30 B_31 B_32 B_41 B_43 B_47 B_80 B_83
2494,
2495, A_24 A_25 A_49 A_55 A_72 A_75 A_77 A_82
2496, B_189 B_190 B_191 B_192 B_193 B_194 B_198 B_230 B_231 B_234 B_235 B_236 B_240 B_279 B_309 B_310 B_311 B_331 B_332 B_333 B_334 B_335 B_336 B_339 B_400 B_404 B_411 B_412 B_413 B_414 B_415 B_427 B_430 B_432 B_434 B_436 B_438 B_439 B_440 B_441 B_472
2497, A_106 A_107 A_358 A_359 A_362 A_363 A_404 A_405 A_406 A_75
2498,
2499,
2500, A_122 A_124 A_129 A_155 A_162
2501, A_278 A_279 A_295 A_302 A_306 A_307 A_310 A_404 A_406
2502, A_501 A_502 A_503 A_505 B_356 B_359 B_360 B_363 B_384 B_385 B_387 B_388 B_390 B_392 B_407 B_409 C_41 C_43 C_56 C_57 C_60 C_61
2503, A_151 A_153 A_154 A_204 A_208 A_211 A_212 A_215 A_247 A_250 A_251 A_254 A_322 A_323
2504, A_100 A_101 A_104 A_105 A_108 A_178 A_179 A_180 A_181 A_203 A_204 A_220 A_221 A_271 A_298 A_299 A_300 A_301 A_305 A_308 A_309 A_87 A_88 A_89 A_90 A_91 A_93 B_100 B_101 B_104 B_105 B_108 B_300 B_305
2505, C_795 C_796 C_860 C_861 C_864 C_927 C_928 C_929
2506, A_172 A_177 A_179 A_180 A_181 A_227 A_228 A_229 A_233 A_234 A_271 A_272
2507, A_11 A_170 A_231 A_232 A_239 A_242 A_4 A_5 A_6 A_62 A_63 A_64 A_7 A_8
2508, A_158 A_25 A_26 A_29 A_30 A_37 A_39 A_42 A_43 A_46 A_65 A_68 A_69
2509, A_415 A_416 A_417 A_420 A_481 A_482 A_485
2510, A_195 A_196 A_197 A_213 A_229 A_311 A_313 A_316 A_329 A_332
2511,
2512, A_11 A_231 A_239 A_242 A_5 A_6 A_63 A_64 A_7 A_8
2513,
2514, A_202 A_203 A_205 A_210 A_213 A_214 A_217 B_202 B_203 B_205 B_210 B_213 B_214 B_217
2515, A_391 A_392 A_393 A_394 A_415 A_417 A_419 A_421 A_445 A_446 A_449 B_287 B_288 B_289 B_290 B_291 B_293 B_294 B_309 B_313 B_326 B_328 B_331 B_332 B_335 B_336 B_339 B_347 B_391 B_395 B_396 B_410 B_411
2516, A_114 A_117 A_122 A_149 A_150 A_431 A_447 A_451 A_455
2517,
2518,
2519, A_218 A_219 A_220 A_221 A_232 A_335 A_337 A_339 A_365 A_366 A_368 A_370 A_380 A_382 A_401 A_423 A_72
2520, H_22 H_25 H_27 I_103 I_104 I_105 I_106 I_122 I_123 I_124 I_125 I_130 I_136 I_137 I_138 I_139 I_140 I_142 I_146 I_4 I_53 I_54
2521,
2522, A_129 A_132 A_133 A_136 A_163 A_311 A_316 A_81 A_82
2523, A_284 A_341 A_345 A_347 A_362 A_521 A_523 A_524
2524, A_210 A_258 A_259 A_261 A_262 A_265 A_46 A_47 B_375 B_393 B_395
2525, A_157 A_158 A_160 A_161 A_162 A_171 A_175 A_212 A_215 A_216 A_219 A_223 A_228 A_229 A_230 A_77 A_80 A_83 A_84
2526, A_24 A_37 A_41 A_43 A_44 A_56 A_58 A_76 A_85 A_86 A_89
2527, A_162 A_163 A_186 A_187 A_223 A_224 A_241 A_245 A_249
2528, A_141 A_158 A_159 A_193 A_220 A_221 A_223 A_225 A_282 A_287 A_288 A_291 A_316 A_317 A_318 A_319 A_366 A_367 A_448 A_449 A_556
2529, A_468 A_471 A_473 A_491 A_500 A_537 A_539 A_542
2530, A_595 A_596 A_597 A_598 A_599 A_601 A_603 A_640 A_642 A_655 A_688 A_689 A_690 A_693 A_694 A_696 A_734 A_736 A_738 A_739 A_741 A_759 A_760 A_761 A_762 A_774 A_775 A_776 A_778 A_806 A_813 A_816 A_823
2531,
2532,
2533, A_858 A_899 A_949 A_955 A_956 A_958 A_961 A_970
2534, H_130 H_162 H_163 H_165 H_168 H_180 H_181 H_230
2535, A_216 A_220 A_224 A_262 A_265 A_266 A_319
2536, A_10 A_101 A_11 A_12 A_140 A_142 A_143 A_144 A_145 A_146 A_15 A_16 A_171 A_173 A_177 A_179 A_183 A_206 A_224 A_227 A_228 A_231 A_69 A_71 A_98 B_248 B_249 B_254
2537,
2538, A_253 A_256 A_259 A_262 A_263 A_264 A_265 A_266 A_267 A_300 A_302 A_322 A_323 A_325 A_333 A_336 A_343 A_344 A_347 A_348 A_351 A_356 A_362 A_387 A_388 A_389 A_392 A_440 A_442 A_443
2539, A_149 A_151 A_167 A_169 A_170 A_34 A_35 A_36 A_37 A_39 A_54 A_56 A_67 A_68 A_71
2540, B_492 B_500 B_503 B_504 B_507 B_527 B_530 B_531
2541, A_197 A_199 A_246 A_249 A_250 A_292 A_293 A_294
2542, H_1 H_128 H_129 H_21 H_46 H_47 H_97 Z_33
2543, A_115 A_116 A_119 A_153 A_89 A_92 A_93 A_96
2544, A_167 A_168 A_27 A_30 A_31
2545, A_418 A_421 A_423 A_443 A_490 A_492 A_546 A_549 A_551 B_421 B_443 B_446 B_450 B_551 B_553
2546, A_404 A_406 A_430 A_431 A_507 A_509 A_532 A_533 A_534 A_535 B_258 B_259 B_421 B_422 B_424 B_425 B_426
2547, A_102 A_107 A_109 A_31 A_33 A_73 A_75 A_78 A_79
2548, A_139 A_144 A_148 A_169 A_176 A_178 A_191 A_193 A_211 A_226 A_228 A_240
2549, B_101 B_141 B_144 B_154 B_155 B_23 B_31 B_44 B_46 B_62 B_75 B_91 B_92 B_93 B_94 B_95 B_97 B_98
2550,
2551, A_130 A_132 A_135 A_148 A_150 A_151 A_20
2552, A_118 A_119 A_120 A_220 A_239 A_263 A_268 A_269 A_270 A_306 A_310 A_368 A_369 A_70 A_71 A_72 A_74 C_100 C_101 C_102
2553, A_447 A_449 A_450 A_470 A_474 A_591 A_594 A_598 A_601 A_602 A_670 A_679 A_680 A_681
2554, A_11 A_170 A_231 A_239 A_242 A_4 A_5 A_6 A_63 A_64 A_7 A_8
2555, A_232 A_237 A_249 A_269 A_296 A_448 A_451 A_452
2556, A_721 A_722 B_759 B_763 B_766 B_767 B_769 B_770 B_825 B_826 B_862 B_863 B_864 B_865 B_868 B_872 B_877 B_878 B_880 B_888 B_889 B_890 B_893 B_894 B_895 B_896 B_897 B_898 B_903 B_904 B_906 B_907 B_909 B_983 B_984 B_985 B_986 B_988
2557, A_195 A_196 A_197 A_311 A_313 A_350 A_351
2558, A_199 A_53 X_261 X_294 X_312 X_315 X_333 X_335 X_440 X_442 X_444 X_445 X_446 X_476 X_526 X_529 X_532 X_533 X_535 X_536 X_539 X_552 X_553 X_554 X_556 X_560 X_563 X_564 X_567 X_568 X_570 X_571 X_574 X_576
2559,
2560, H_166 H_167 H_168 H_187 L_142 L_171 L_173 L_174
2561, A_87 A_90 A_91 A_96 A_97 A_98 A_99 B_112 B_113 B_2 B_3 B_34 B_35 B_93 B_95
2562, A_133 A_135 A_17 A_18 A_181 A_183 A_184 A_21 A_409 A_410
2563, A_487 A_490 A_491 A_492 A_519 A_521 A_523 A_524 A_525 A_527 A_529 A_557 A_560 A_562 A_563 A_564 A_672 A_673 A_677 A_678 A_679 A_680 A_825 A_826 B_576
2564, A_105 A_109 A_127 A_132 A_133 B_110 B_113 B_114 B_118 B_134 B_136 B_138
2565, C_254 C_257 C_258 C_260 C_261 C_263 C_264 C_267 C_295 C_298 C_299 C_301 C_302 C_305 C_315 C_316 C_317 C_326 C_331 C_335 C_339 C_421 C_424 C_428 C_435 C_439 C_443
2566,
2567, A_283 A_286 A_287 A_288 A_301 A_304 A_377 A_379
2568, B_276 B_284 B_287 B_300 B_301 B_302 B_305 B_306 B_309 B_330 B_332 B_337 B_338 B_339 B_342 B_344 B_346 B_379 B_380 B_381 B_383 B_384 B_389 B_396 B_397 B_399 B_401 B_405 B_407 B_408 B_411 B_413 B_417 B_419 B_421 B_423 B_425 B_426
2569, A_11 A_170 A_231 A_232 A_239 A_4 A_5 A_6 A_63 A_64 A_7 A_8
2570, A_118 A_121 A_251 A_253 A_320 A_322 A_323 A_326 A_90 A_93 A_94 A_97
2571, A_103 A_104 A_105 A_113 A_118 A_124 A_127 A_128 A_131 A_48 A_49 A_55
2572, A_103 A_105 A_113 A_118 A_124 A_128 A_48 A_49 A_55
2573, A_210 A_258 A_259 A_261 A_262 A_265 A_46 A_47 B_375 B_395
2574, A_102 A_112 A_116 A_12 A_146 A_171 A_172 A_173 A_195 A_196 A_197 A_198 A_223 A_225 A_226 A_228 A_243 A_244 A_252 A_253 A_254 A_255 A_256 A_257 A_259 A_260 A_281 A_284 A_285 A_288 A_48 A_49 A_52 A_8 B_34 B_36 B_38
2575, A_112 A_118 A_120 A_137 A_148 A_151
2576,
2577, A_629 A_630 A_633 A_662 A_666 A_670 A_755 A_756 A_811 A_814 A_815 A_818 A_835 A_836 A_837 A_838
2578, A_262 A_266 A_269 A_304 A_305 A_306 B_103 B_104 B_83
2579, A_11 A_170 A_231 A_239 A_242 A_4 A_5 A_6 A_63 A_64 A_7 A_8
2580, A_149 A_152 A_155 A_167 A_176 A_177 A_215
2581, A_11 A_170 A_231 A_239 A_4 A_5 A_6 A_63 A_64 A_7 A_8
2582, A_189 A_190 A_192 A_193 A_360 A_448 A_449 A_450 A_496 A_89 A_91
2583, A_571 A_574 A_575 A_593 A_596 A_597 A_600 A_604 A_752 A_755 A_756
2584, A_199 A_238 A_240 A_244 A_245 A_248 A_261 A_308 A_309 A_334 A_336 A_355 A_356 A_357 A_39 A_40 A_43 A_69 B_131 B_132 B_133
2585, A_249 A_257 A_292 A_342 A_344 A_345 A_371 A_377
2586, A_151 A_163 A_164 A_168 A_171 A_174 A_32 A_35 A_36 A_40
2587, A_126 A_130 A_133 A_229 A_231 A_248 A_250 A_251 A_300
2588, A_132 A_134 A_136 A_137 A_168 A_280 A_318 A_319 A_320 A_339 A_341 A_344 A_345
2589, A_137 A_138 A_18 A_19 A_24 A_25 A_38 A_41 A_42
2590, A_110 A_113 A_116 A_132 A_270 A_272 A_311 A_317 A_331 A_332 A_334 A_337 a_103 a_166 a_184
2591, A_206 A_207 A_208 A_252 A_253 A_254 A_255 A_257 A_258 A_261 A_43 B_369 B_370 B_388 B_390
2592, A_111 A_112 A_113 A_278 A_57 A_61 A_80 A_85
2593,
2594, A_114 A_115 A_116 A_117 A_123 A_143 A_144 A_145 A_149 A_151 A_152 A_153
2595, A_250 A_251 A_252 A_43 A_50 A_52 A_60 A_62 A_74 A_76
2596, A_194 A_217 A_222 A_224 A_296 A_298 A_335 A_336 A_349
2597,
2598, A_145 A_147 A_149 A_155 A_156 A_158 A_160 A_161 A_200 A_202 A_205 A_251 A_253 A_263 A_264 A_265 A_296 A_37 A_39
2599, A_116 A_117 A_118 A_120 A_122 A_58 A_7
2600,
2601, A_487 A_490 A_491 A_492 A_519 A_521 A_523 A_525 A_527 A_529 A_557 A_560 A_563 A_564 A_672 A_673 A_677 A_678 A_679 A_680 A_818 A_822 A_825 A_826 A_828 B_576
2602, C_101 C_50 C_51 C_56 C_76 C_77 C_78 C_79 C_85 C_87 C_96 C_99
2603, B_118 B_119 B_121 B_124 B_125 B_128 B_133 B_136 B_137 B_140 B_159 B_162 B_164 B_221 B_225
2604, A_104 A_105 A_110 A_111 A_130 A_131 A_132 A_133 A_146 A_147 A_148 A_149 A_160 A_163 A_164 A_81 A_83
2605, A_125 A_128 A_130 A_160 A_172 A_173 A_174 A_184 A_188 A_189 A_191 A_206 A_208 A_209 B_100 B_101 B_127 B_128 B_129 B_163
2606, A_100 A_117 A_284 A_331 A_347 A_350 A_351 A_97 A_99
2607, A_11 A_170 A_231 A_232 A_236 A_239 A_242 A_4 A_5 A_6 A_63 A_64 A_7 A_8 A_9
2608, A_11 A_170 A_231 A_239 A_4 A_5 A_6 A_63 A_64 A_7 A_8
2609, B_102 B_146 B_47 B_53 B_74 B_76 B_98 B_99 C_112 C_113 C_114 C_162 C_163 C_164 C_191 C_192 C_193 C_194 C_195 C_198 C_220 C_222 C_224 C_225 C_226 C_287 C_288 C_85 C_87 C_88 C_90 C_92
2610, A_126 A_129 A_130 A_145 A_146 A_171 A_175 A_178 A_179 A_182 A_363 A_364 A_366
2611, A_220 A_226 A_227 A_229 A_230 A_231 A_232 A_247 A_248 A_249 A_250 A_473 A_476 A_478
2612,
2613, A_108 A_142 A_143 A_144 A_145 A_199 A_202 A_203 A_205 A_206 A_215 A_217 A_219 A_220 A_364 A_365 A_366 A_372 A_96 A_97
2614, A_595 A_597 A_598 A_599 A_601 A_603 A_640 A_642 A_688 A_689 A_690 A_691 A_692 A_693 A_694 A_696 A_734 A_736 A_738 A_739 A_741 A_758 A_759 A_760 A_761 A_774 A_775 A_778 A_806 A_811 A_816 A_823
2615, A_111 A_112 A_12 A_13 A_14 A_50 F_10 F_118 F_123 F_125 F_128 F_2 F_3 F_4 F_45 F_46
2616, A_692 A_711 A_715 A_728 A_740 A_744 A_745 A_746 A_764
2617, A_414 A_418 A_438 A_442 A_485 A_489 A_492 A_496
2618,
2619, A_11 A_170 A_231 A_236 A_239 A_4 A_5 A_6 A_63 A_64 A_7 A_8
2620, A_157 A_159 A_160 A_170 A_181 A_182 A_183 A_184 A_206 A_207 A_208 A_209 A_23 A_24 A_27 A_65 A_66 A_88 A_90 A_91 A_92 A_93 D_45 D_6 D_7 D_73
2621, A_183 A_184 A_185 A_192 A_195 A_197 A_219 A_220 A_221 A_238 A_239 A_240 A_254 A_255 A_256 A_257 A_258 A_272 A_274 A_275 A_276 B_232 B_248 B_250 B_251 B_266 B_267 B_268 B_269 B_284 B_285 B_286 B_287 B_30 B_31 B_32 B_41 B_43 B_80 B_83
2622, A_467 A_472 A_501 A_503 A_508 A_509 A_510 A_511 A_513 A_514 A_515 A_516 A_521 A_531 A_586 A_587 A_589 A_592 A_593 A_594 A_595 A_596 A_598 A_600
2623, D_305 D_306 D_309 D_432 D_433 D_435 D_436 D_456 D_457
2624,
2625, A_252 A_256 A_260 A_275 A_276 A_277 A_278 A_281 A_306 A_307 A_308
2626, A_103 A_105 A_113 A_118 A_119 A_124 A_127 A_128 A_131 A_48 A_49
2627,
2628, A_170 A_171 A_284 A_285 A_287 A_288 A_297 A_298 A_299 A_300 A_301 A_302 A_374 A_375 A_376 A_379 A_418 A_419 A_422 A_424 A_427 A_433 A_434 A_435 A_437 A_442 A_445 A_446 A_449 A_450 A_453 A_454
2629, A_125 A_126 A_289 A_292 A_323 A_325 A_326 A_327 A_328 A_414 A_603 A_606 A_631 A_633 A_634 A_635 A_636 A_637
2630, A_118 A_121 A_190 A_193 A_194 A_195 A_196 A_255 A_262 A_263 A_264 A_265 A_268 A_70 A_75
2631, A_323 A_324 A_325 A_326 A_353 A_357 A_360 A_386 A_387 A_390 A_393 A_394 A_445 A_449
2632, A_171 A_208 A_209 A_210 A_229 A_230 A_231 A_243 A_308 A_311 A_312 A_315 A_385 A_386 A_387 A_389 A_452 A_470 A_472 A_473 A_474
2633, H_21 H_22 H_27 I_103 I_104 I_105 I_106 I_122 I_123 I_124 I_125 I_130 I_137 I_138 I_139 I_140 I_142 I_146 I_4 I_53 I_54
2634,
2635, X_131 X_133 X_154 X_157 X_162 X_218 X_247 X_252 X_258 X_261
2636, C_143 C_144 C_145 C_173 C_192 C_194 C_195 C_196 C_197 C_198 C_199 C_200 C_201 C_203 C_234 C_235 C_236 C_237 C_238 C_255 C_256 C_257 C_258 C_281 C_283 C_284 C_285 C_318 C_68 C_69 C_70 C_93
2637, A_142 A_144 A_163 A_164 A_184 A_191
2638, A_612 A_615 A_679 A_680 A_746 A_747 A_748
2639,
2640, A_143 A_146 B_103 B_105 B_106 B_108 B_110 B_81 B_83 B_85 B_86
2641,
2642, A_135 A_136 A_137 A_23 A_38 A_389 A_39 A_390 A_393 A_394 A_40 A_408 A_409
2643, B_226 B_253 B_256 B_257 B_288 B_289 B_290 B_314 B_316 B_317 B_318 B_382 B_383 B_385 B_386 B_387
2644,
2645,
2646, A_804 A_808 A_879 A_880 A_931 A_932 A_935 A_936 A_939 A_971 A_976 A_978
2647, A_189 A_190 A_191 A_192 A_195 A_213 A_214 A_215 A_216 A_217 A_218 A_220
2648, A_245 A_248 A_365 A_488 A_492 A_494 A_495
2649, B_230 B_232 B_255 B_269 B_271 B_272 B_275 B_296 B_297 B_298 B_299 B_416 B_493 B_496 B_497 B_501 B_502 B_554 B_555 B_556 B_557 B_558
2650, B_218 B_222 B_225 B_252 B_253 B_254 B_255 B_257 B_275 B_278 B_282 B_286 B_321 B_322 B_323 B_324 B_327 B_328 B_330 B_335 B_339 B_569 B_572 B_573 B_576 B_577 B_579 B_587 B_644 B_646 B_647 D_127 D_128 D_129 D_130 D_176 D_177 D_180 D_203 D_206 D_207 D_208 D_209 D_211 D_212 D_216
2651, A_103 A_106 A_107 A_111 A_149 A_150 A_151 A_81 A_82
2652, A_520 A_543 A_544 A_551 A_552 A_559 A_560 A_574
2653, A_542 A_573 A_599 A_601 A_602 A_603 A_604 A_629 A_659 A_661 A_676 A_704 A_706 A_709 B_541 B_542 B_573 B_599 B_601 B_603 B_604 B_629 B_659 B_661 B_676 B_704 B_706 B_709 C_542 C_573 C_599 C_601 C_602 C_603 C_604 C_629 C_659 C_660 C_661 C_676 C_704 C_706 C_709
2654, A_136 A_158 A_159 A_203 A_205 A_222 A_223 A_225 A_85
2655,
2656,
2657, A_25 A_29 A_64 A_65 A_66 A_67 A_71 A_86 A_88 A_89 B_25
2658, A_122 A_125 A_158 A_159 A_160 A_194 A_195 A_196 A_197 A_230 A_49
2659, A_123 A_124 A_127 A_159 A_163 A_74 A_77 A_78
2660, A_101 A_102 A_105 A_155 A_205 A_206 A_207 A_233 A_234 A_235 A_282 A_285 A_286 A_77 A_98
2661, A_10 A_11 A_116 A_118 A_119 A_12 A_123 A_13 A_14 A_15 A_35 A_38 A_39 A_40 A_41 A_48 A_49 A_50 A_78 A_79 A_8 A_80 A_81 A_9 C_150 C_151 C_153 C_154 C_186 C_187
2662, A_137 A_138 A_139 A_142 A_161 A_162 A_163 A_164 A_165 A_166 B_10 B_104 B_105 B_106 B_12 B_15 B_16 B_17 B_173 B_174 B_175 B_176 B_179 B_192 B_193 B_209 B_21 B_210 B_211 B_22 B_71 B_75 B_76 B_78 B_80 B_81 B_82
2663,
2664, A_193 A_194 A_201 A_214 A_216 A_235 A_264 A_265 A_267 A_270 A_271 A_318 A_321 A_331 A_332
2665,
2666, A_100 A_103 A_104 A_107 A_109 A_112 A_167 A_171 A_174 A_175 A_178 A_196 A_197 A_200 A_201 A_204 A_240 A_243 A_244 A_247 A_257 A_258 A_260 A_261 A_264 A_266 A_267
2667, A_108 A_109 A_110 A_132 A_133 A_135 A_136 A_138 A_140 A_250 A_64 A_66 A_68 A_71 A_79 A_85
2668, A_377 A_378 A_381 A_382 A_384 A_392 A_406 A_417 A_419 A_524 A_554 A_556
2669, A_197 A_201 A_203 A_204 A_276 A_277 A_278 A_279 A_318 A_319 A_323 A_325 A_328
2670, A_1130 A_1131 A_1132 A_1136 A_1139 A_1140 A_1142
2671,
2672, A_130 A_134 A_45 A_76 A_79 A_80 A_91
2673, B_175 B_179 B_195 B_196 B_197 B_198 B_200 B_201 B_226 B_227 B_228 B_38 B_39 B_40 B_41 B_43 B_48 B_50 B_51 B_53 B_54 B_71 B_76 B_81 B_83 B_85
2674, A_172 A_177 A_179 A_180 A_181 A_227 A_228 A_229 A_233 A_271 A_272
2675, A_130 A_133 A_134 A_135 A_172 A_173 A_174 A_199 A_200 A_201 A_203 A_269
2676,
2677, A_1 A_106 A_108 A_2 A_3 A_36 A_79 A_82
2678, A_123 B_105 B_107 B_108 B_112 B_114 B_18 B_19 B_22 B_29 B_41 B_42 B_43 B_44 B_45 B_53 B_99
2679, A_393 A_396 B_216 B_218 B_233 B_234 B_237 B_242 B_254 B_256 B_265 B_267 E_44 E_46
2680, A_287 A_306 A_307 A_308 A_335 A_336 A_337 A_380 A_382 B_244 B_245 B_247 B_437 B_438 B_439 B_440
2681, A_236 A_237 A_246 A_248 A_335 A_337 A_347
2682,
2683, A_162 A_166 A_167 A_180 A_181 A_556 A_559 A_560 A_561 A_562 A_567 A_569 A_571
2684, D_133 D_134 D_135 D_136 D_138 D_283 D_284 D_339 D_377 D_378 D_484 D_567 D_568 D_569 D_574 D_648 D_649 D_650 D_653 D_657 D_665 D_672 D_673 D_674 D_675 D_676 D_677 D_678 D_680 D_88 D_90
2685, A_172 A_175 A_216 A_217 A_227 A_99
2686, A_149 A_152 A_155 A_167 A_176 A_177 A_192 A_215 A_216 A_218
2687, A_108 A_193 A_249 A_250 A_252 A_253 A_96 A_97 A_98
2688, B_11 B_170 B_231 B_239 B_5 B_6 B_63 B_64 B_7 B_8
2689, B_159 B_160 B_201 B_204 B_206 B_207 B_208 B_209 B_210 B_229 B_230 B_271 B_272 B_273 B_274 B_318 B_319 B_321 B_329 B_332 B_336 B_339 B_340 B_343 B_355 B_356 B_357 B_358 B_368 B_369 B_372
2690, A_100 A_117 A_284 A_331 A_347 A_350 A_351 A_97 A_99
2691, L_264 L_265 L_295 L_299 L_301 X_204 X_35 X_36 X_37 X_38 Y_139 Y_140 Y_155 Y_158
2692, B_265 B_268 B_269 B_271 B_272 B_275 B_276 B_279 B_301 B_302 B_305 B_309 B_313 B_326 B_330 B_433 B_436 B_438 B_439 B_442 B_443 B_444 B_447 B_450 B_451 C_266 C_268 C_269 C_271 C_272 C_275 C_276 C_302 C_305 C_309 C_313 C_316 C_326 C_432 C_433 C_436 C_438 C_439 C_441 C_442 C_443 C_447
2693, A_110 A_111 A_114 A_134 A_136 A_35
2694, C_134 C_135 C_136 C_137 C_141 C_218 C_222 C_225 C_226 C_227 C_228 C_229 C_51 C_53 C_78 C_80 C_81 D_134 D_135 D_136 D_137 D_141 D_222 D_225 D_226 D_227 D_229 D_53 D_80 D_81 F_134 F_135 F_136 F_137 F_141 F_144 F_218 F_222 F_226 F_227 F_229 F_51 F_53 F_80 F_81
2695,
2696, A_165 A_189 A_195 A_196 A_198 A_215 A_83 A_86 A_87
2697,
2698,
2699, A_114 A_161 A_164 A_200 A_225 A_226 A_228 A_229
2700, A_248 A_251 A_252 A_33 A_34 A_38 A_39 A_40 A_41 A_506 A_507 A_508 A_509
2701, A_161 A_179 A_181 A_186 A_191 A_194 A_195 A_198 A_274 A_292 A_294 A_295
2702, B_115 B_133 B_136 B_24 B_26 B_40 B_44 B_46 B_51 B_52 B_54 B_55 B_56 B_70 B_74 B_92 B_97 B_99
2703, A_105 A_109 A_145 A_149 A_152 A_153 A_16 A_19 A_20 A_98
2704, C_218 C_219 C_220 C_221 C_243 C_244 C_245 C_246 C_272 C_304 C_308 C_309 C_330 C_332 C_333 C_364 C_366 C_368 C_374 C_527 C_652 C_655 C_656 C_657
2705, A_100 A_101 A_103 A_104 A_135 A_15 A_18 A_19 A_2 A_21 A_22 A_3 A_5
2706, A_323 A_324 A_325 A_326 A_353 A_357 A_360 A_386 A_390 A_393 A_394 A_445 A_449
2707, A_317 A_321 A_324 A_325 A_328 A_329 A_353 A_354 A_357 A_358 A_480 A_483 A_484 A_487 A_494 A_498 A_501 A_502 A_505 A_506
2708,
2709, B_108 B_112 B_14 B_173 B_177 B_180 B_198 B_199 B_202 B_205 B_206 B_209 B_243 B_246 B_247 B_250 B_262 B_266 B_34 B_35 B_38 B_42 B_45 B_79 B_82 B_83 B_85 B_86
2710, A_128 A_133 A_152 A_157 A_159 A_197 A_198 A_209
2711, B_133 B_134 B_135 B_136 B_138 B_280 B_282 B_283 B_284 B_285 B_286 B_287 B_288 B_289 B_292 B_339 B_340 B_341 B_377 B_378 B_380 B_383 B_384 B_385 B_387 B_455 B_484 B_486 B_491 B_567 B_568 B_569 B_573 B_574 B_648 B_649 B_650 B_653 B_657 B_665 B_667 B_671 B_672 B_673 B_674 B_675 B_676 B_677 B_678 B_679 B_681 B_684 B_693 B_696 B_88 B_90
2712, A_217 A_218 A_219 A_220 A_274 A_277 A_278 A_281 A_291 A_292 A_293 A_305
2713, B_143 B_147 B_174 B_175 B_178 B_179 B_182 B_183 B_203 B_210 B_211 B_214 B_218 B_221 B_229 B_230 B_231 B_232 B_233 B_236 B_238 B_338 B_339 B_340 B_44 B_47 B_48 B_51 B_69 B_72 B_73 B_76 B_77 B_80 B_81 B_84 B_88 B_89 B_90
2714, A_114 A_115 A_116 A_117 A_123 A_144 A_145 A_149 A_151 A_152 A_153
2715, A_11 A_170 A_231 A_239 A_242 A_4 A_5 A_6 A_63 A_64 A_7 A_8
2716, A_11 A_170 A_231 A_239 A_4 A_5 A_6 A_63 A_64 A_7 A_8
2717, B_106 B_108 B_110 B_112 B_125 B_164 B_167 B_168 B_171 B_172 B_254 B_255 B_256 B_260 B_261 B_291 B_295 B_298 B_299 B_310 B_314
2718, B_2022 B_2036 B_2038 B_2040 B_2054 B_2056 B_2069 B_2081 B_2083 B_2087 B_2089 B_2101 B_2103 B_2115 B_2119
2719, B_154 B_176 B_178 B_179 B_205 B_207 B_209 B_210 B_228 B_230 B_250 B_252 B_254 B_291 B_292 B_293 B_315 B_317 B_319 B_341 B_343 B_345 B_371 B_373 B_375 B_398 B_400 B_462 B_463 B_464 B_465 B_466 B_467 B_468 B_469 B_470 B_471 B_472 B_473 B_474
2720,
2721, A_175 A_49 A_50 A_51 A_68 A_70 A_77 A_81
2722, B_119 B_122 B_126 B_127 B_129 B_130 B_167 B_168 B_171 B_174 B_175 B_178 B_219 B_222 B_42 B_45 B_46 B_49 B_52 B_53 B_56
2723, B_251 B_253 B_256 B_274 B_275 B_276 B_303 B_322 B_324 B_325 B_326 B_328 B_329 B_330 B_331 B_333 B_364 B_365 B_366 B_367 B_385 B_387 B_388 B_411 B_413 B_414 B_415 B_441 B_68 B_69 B_70 B_93 B_94
2724,
2725, A_402 A_412 A_414 A_452 A_454 A_459 A_476 A_485 A_492
2726,
2727, B_105 B_107 B_112 B_127 B_128 B_129 B_131 B_135 B_139 B_141 B_171 B_34 B_37 B_40 B_42 B_56 B_60 B_65 B_67 B_78 B_80 B_82
2728, U_123 U_238 U_239 U_242 U_47 U_48 U_51
2729, B_119 B_122 B_167 B_168 B_171 B_174 B_175 B_219 B_222 B_42 B_45 B_46 B_49
2730, A_117 A_156 A_158 A_159 A_167 A_168 A_17 A_19 A_197 A_20 A_223 A_224 A_225 A_291 A_292 A_321 A_323 B_104 B_106 B_81 B_83 B_90 B_91
2731, A_103 A_104 A_105 A_113 A_118 A_119 A_124 A_127 A_128 A_48 A_49 A_55
2732, A_11 A_170 A_231 A_232 A_239 A_242 A_4 A_5 A_6 A_63 A_64 A_7 A_8
2733,
2734, A_156 A_158 A_166 A_170 A_183 A_187 A_190 A_195 A_197 A_198
2735, A_133 A_134 A_135 A_136 A_138 A_139 A_142 A_283 A_284 A_377 A_378 A_455 A_484 A_486 A_491 A_567 A_568 A_569 A_574 A_648 A_649 A_650 A_653 A_657 A_665 A_671 A_672 A_673 A_674 A_675 A_676 A_677 A_679 A_681 A_684 A_88 A_90
2736,
2737, A_156 A_175 A_177 A_178 A_48 A_50 A_51 A_68 A_70 A_73 A_77 A_81
2738, A_100 A_117 A_153 A_156 A_157 A_160 A_75 A_76 A_77
2739,
2740, A_202 A_204 A_241 A_242 A_34 A_35 A_36 A_68
2741, A_121 A_122 A_144 A_148 A_151 A_152 A_190 A_191 A_192 A_223
2742, A_6 A_8 B_346 B_348 B_359 B_368 B_469 B_471
2743, A_195 A_196 A_197 A_311 A_313 A_316 A_329 A_332
2744, A_459 A_462 A_463 B_493 B_494 D_480 D_481 D_482 D_485 D_486 D_488 D_492 D_500 D_503 D_504 D_507 D_530 D_531 D_533 D_534 D_535 D_558 D_602 D_604
2745, A_556 A_573 A_585 A_590 A_591 A_609
2746, A_30 A_32 A_325 A_326 A_327 A_328 A_329 A_34 A_36 A_38 A_388 A_389 A_394 A_43 A_44 A_45 A_47 A_49 A_50 A_51 A_52 A_55
2747, B_105 B_106 B_107 B_112 B_128 B_131 B_134 B_139 B_141 B_171 B_40 B_41 B_42 B_56 B_58 B_59 B_65 B_66 B_67 B_80 B_82
2748, G_128 G_129 G_131 G_179 G_180 G_207 G_210 G_212 G_213 G_220 G_222 G_223 G_264 G_267 G_269 G_271 G_321 G_326 G_327 G_339 G_344 G_357 G_359
2749, A_118 A_119 B_143 B_145 B_148 B_171 B_173 B_194 B_195 B_211 B_213 B_251 B_252 B_254 B_255 B_256 B_257 B_278 B_54 B_55 B_59
2750,
2751, B_267 B_310 B_335 B_336 B_339 B_343 B_360 B_361 B_363 B_364 B_365 B_366 B_371 B_374 B_375 B_381 B_383 B_384 B_387 B_408 B_410 B_416 B_417 B_419 B_428 B_466 B_469 B_472 B_473 B_476 B_495 B_497 B_498 B_499 B_503 B_524 B_525
2752, A_11 A_13 A_216 A_236 A_237 A_239 A_240 A_241 A_243 A_245 A_31 A_33 A_34 A_36 B_26 B_28 B_52 B_53 B_56 B_57 B_58 B_63 B_65
2753,
2754, A_468 A_513 A_514 A_516 A_518 A_519 A_522 A_664 A_666 A_667 A_670 A_674 A_677 A_678 A_681
2755, A_575 A_577 A_580 A_674 A_676 A_704 A_706
2756,
2757, A_198 A_224 A_226 A_228 A_230 A_231 A_235 A_329 A_332 A_34
2758, A_117 A_156 A_158 A_159 A_167 A_168 A_17 A_18 A_19 A_195 A_197 A_20 A_223 A_224 A_225 A_227 A_27 A_291 A_293 A_320 A_321 A_323 B_104 B_106 B_81 B_83 B_90 B_91
2759, A_390 A_393 A_394 A_492 A_496 A_598 A_645 A_648 A_649 A_652 A_669 A_671 A_672
2760, A_412 A_413 A_521 A_525 A_526 A_539 A_542 A_543 A_546 A_551 A_558 A_560
2761, A_107 A_131 A_133 A_149 A_173 A_175 A_191 A_218 A_219 A_259 A_260 A_261 A_263 A_305 A_321 A_322 A_46 A_47 A_48 A_49 A_65 A_89 A_90 A_91
2762, A_124 A_133 A_136 A_137 A_138 A_147 A_72 A_73 A_75 A_77 A_78
2763, A_337 A_340 A_341 A_429 A_432 A_433 A_463 A_465 A_468 A_493
2764, A_100 A_101 A_325 A_326 A_327 A_329 A_54 A_57 A_59
2765, A_474 A_475 A_476 A_478 A_479 A_481 A_503 A_520 A_616 A_630 A_633
2766, A_300 A_301 A_326 A_330 A_332 A_409 A_422 A_423 A_514 A_517
2767, A_258 A_259 A_261 A_275 A_276 A_282 A_286 A_287 A_290 A_367 A_369 A_372 A_385 A_387 A_388 A_401 A_402 A_403 A_404
2768, A_100 A_101 A_102 A_34 A_37 A_38 A_79 A_80 A_95 A_96 A_98
2769, A_107 A_108 A_109 A_132 A_135 A_137 A_47 A_50 A_51 A_54
2770,
2771, X_120 X_124 X_128 X_140 X_142 X_143 X_144 X_145 X_233 X_67 X_68
2772, C_556 C_559 C_560 C_561 C_564 C_697 C_698 C_699 C_702 C_733 C_735 C_737 C_738
2773, A_28 A_31 A_32 A_34 A_35 A_38 A_39 A_44 A_45 A_46 A_49 A_52 A_53 A_69 A_72 C_117 C_124 C_126 C_127 C_130 C_131 C_70 C_73 C_74 C_77 C_78
2774, A_157 A_158 A_159 A_185 A_186 A_267 A_356 A_358 A_383 A_384 A_534
2775, A_170 A_171 A_172 A_191 A_198 A_199 A_202 A_203 A_206 A_288 A_290 A_293 A_325 A_327 A_328
2776,
2777, B_13 B_15 B_18 B_40 B_86 B_89 B_91 B_92 B_93 B_96
2778, A_141 A_160 A_162 A_282 A_283 A_446 A_449 A_556 A_557 A_559 A_93 A_95 A_96 A_97
2779, A_265 A_266 A_273 A_275 A_276 A_277 A_278 A_437 A_438 A_439
2780,
2781, D_109 D_110 D_111 D_112 D_114 D_115 D_166 D_188 D_189 D_190 D_230 D_233 D_235 D_236 D_280 D_303 D_304 D_305 D_306 D_348 D_350 D_377 D_378 D_382 D_84 D_85 D_86 D_87
2782, A_116 A_117 A_118 A_119 A_96 A_98 A_99 B_101 B_115 B_116 B_117 B_118 B_119 B_98 B_99 C_100 C_116 C_117 C_118 C_119 C_98 C_99
2783, A_86 A_90 B_100 B_101 B_105 B_108 B_109 B_110 B_112 B_65 B_67 B_82 B_97 B_98 B_99
2784, A_150 A_151 A_155 A_157 A_158 A_160 A_166 A_167 A_168 A_179 A_180 A_181 A_182 A_2 A_230 A_71 A_73
2785, A_450 A_478 A_480 A_485 A_650 A_653 A_654 A_655 A_686 A_702 A_703 A_704 A_705 A_708
2786,
2787, A_193 A_195 A_209 A_214 A_215 A_217 A_231 A_233 A_235 A_239 A_241 A_248
2788,
2789, A_111 A_112 A_120 A_151 A_155 A_17
2790, A_128 A_160 A_163 A_169 A_170 A_171 A_215 A_217 A_218 A_219
2791, A_148 A_172 A_177 A_179 A_190 A_193 A_195 A_6 A_8
2792, B_127 B_128 B_138 B_144 B_147 B_150 B_155 B_156 B_157 B_158 B_241 B_242 B_245
2793, A_103 A_106 A_34 A_57 A_82 A_86
2794, A_606 A_610 A_623 A_640 A_641 A_659
2795, A_100 A_102 A_142 A_146 A_147 A_150
2796,
2797, A_219 A_220 A_222 A_253 A_256 A_259 B_104 B_105 B_107 B_147 B_162 B_178 B_181 B_220 B_248 B_251 B_280 B_281 B_283 B_286 B_78 B_79 B_80 B_82 B_83 B_84 B_85 B_87 B_95 B_96 B_97
2798, B_120 B_121 B_122 B_124 B_125 B_126 B_130 B_133 B_202 B_203 B_286 B_289 B_293 B_294 B_295 B_296 B_297 B_337 B_338 B_341 B_447 B_448 B_72 B_74 B_83 B_86 B_87
2799, A_136 A_21 A_22 A_23 A_239 A_241 A_294 A_295 A_340 A_341 A_343 A_344 A_76
2800, A_166 A_167 A_168 A_169 A_318 A_321 A_322 A_325 A_6 A_95 A_97
2801, B_109 B_52 B_54 B_55 B_56 B_57 B_59 B_82 B_83 B_84 B_87 B_90 C_109 C_52 C_54 C_55 C_56 C_57 C_59 C_82 C_83 C_84 C_87 C_90
2802, A_104 A_106 A_109 A_78 A_81 A_83 A_88 A_90 B_117 B_156 B_158 B_159 B_167 B_168 B_17 B_19 B_196 B_197 B_20 B_223 B_224 B_225 B_290 B_291 B_293 B_321 B_323
2803, A_524 A_560 A_594 A_597 A_600 A_601 A_627
2804, A_11 A_169 A_230 A_238 A_241 A_4 A_5 A_6 A_63 A_64 A_7 A_8
2805, A_168 A_169 A_170 A_196 A_287 A_289 A_307 A_309 A_310
2806, A_102 A_103 A_107 A_109 A_110 A_111 A_72 A_73 A_74 A_75 A_81
2807, A_114 A_115 A_116 A_228 A_252 A_256 A_257 A_260 A_285 A_286 A_289 A_293 A_65 A_81 A_83 A_88 A_91 A_93 A_94 A_97
2808, B_126 B_175 B_179 B_182 B_195 B_196 B_197 B_198 B_200 B_201 B_226 B_227 B_228 B_38 B_39 B_40 B_41 B_43 B_48 B_50 B_51 B_53 B_54 B_71 B_76 B_81 B_83 B_85
2809, A_377 A_378 A_381 A_382 A_392 A_406 A_417 A_418 A_419 A_524 A_554 A_556
2810, B_119 B_122 B_126 B_127 B_129 B_130 B_133 B_167 B_168 B_171 B_174 B_175 B_178 B_182 B_219 B_42 B_45 B_49 B_56
2811, A_227 A_230 A_237 A_240 A_242 A_243 A_83
2812,
2813, A_136 A_138 A_140 A_162 A_164 A_166 A_167 A_168 A_169 A_207 A_208 A_219 A_220 A_221
2814, A_110 A_112 A_121 A_123 A_127 A_166 A_167 A_170 A_171 A_315 A_316
2815, A_211 A_233 A_235 A_237 A_239 A_241 A_27 A_29 A_30 A_32 A_48 A_6 A_8 B_26 B_28 B_29 B_52 B_53 B_55 B_56 B_57 B_58 B_59 B_61 B_63 B_65 B_67
2816, A_161 A_164 A_165 A_176 A_180 A_187 A_437 A_438 A_439 A_442 A_494
2817, A_104 A_106 A_107 A_108 A_109 A_167 A_168 A_169 A_170 A_30 A_38 A_51 A_53 A_71 A_75 A_84
2818,
2819, A_170 A_172 A_184 A_186 A_210 A_214 A_286 A_289 A_290
2820, A_100 A_103 A_104 A_107 A_109 A_111 A_112 A_167 A_171 A_174 A_175 A_178 A_180 A_196 A_197 A_200 A_201 A_204 A_240 A_243 A_244 A_247 A_257 A_260 A_261 A_264 A_266 A_267 A_96
2821,
2822, D_35 D_36 D_37 D_38 D_56 D_58 D_7 D_87 D_89 D_90 D_92 E_101 E_103 E_111 E_26 E_27 E_28 E_29 E_62 E_64
2823, A_121 A_122 A_123 B_105 B_107 B_108 B_112 B_114 B_18 B_19 B_22 B_28 B_29 B_41 B_42 B_43 B_44 B_45 B_47 B_53 B_99
2824, A_133 A_134 A_135 A_173 A_214 A_216 A_217 A_252 A_346 A_348 A_421 A_466 A_467 A_468 A_491 B_336
2825, B_104 B_106 B_117 B_119 B_128 B_57 B_58 B_60 B_62 B_72 B_74 B_76 B_77 B_97 D_16 D_19 D_20 D_23 D_25 D_29 D_33 D_38 D_40 D_51 D_53 D_55
2826, A_171 A_206 A_208 A_209 A_210 A_229 A_230 A_231 A_243 A_306 A_308 A_311 A_312 A_315 A_385 A_386 A_389 A_391 A_452 A_470 A_472 A_473 A_474
2827, B_305 B_306 B_308 B_328 B_330 B_332 B_337 B_338 B_339 B_342 B_344 B_346 B_348 B_478 B_491 B_500 B_501 B_502 B_503 B_505 B_552 B_553 B_554 B_555 B_556 B_558 B_559 B_570
2828, H_22 H_25 H_27 I_104 I_105 I_106 I_122 I_123 I_124 I_125 I_130 I_136 I_137 I_138 I_139 I_140 I_142 I_146 I_4 I_53 I_54
2829, A_106 A_16 A_19 A_20 A_24 A_34 A_38 A_41 A_42 A_80 A_81 A_82 A_84
2830, A_100 A_104 A_127 A_128 A_133 A_137 A_141 A_144 A_146 A_188 A_192 A_194 A_196 A_197 A_200 A_201 A_204 A_30 A_31 A_33 A_34 A_35 A_36 A_53 A_55 A_56 A_59 A_82 A_85 A_86 A_89 A_96 A_97
2831, A_594 A_598 A_601 A_603 A_605 A_606 A_613 A_631 A_633 A_645 A_646 A_680
2832, A_168 A_169 A_170 A_174 A_178 B_102 B_125 B_128 B_129 B_132 B_95 B_98 B_99
2833, A_133 A_134 A_135 A_136 A_138 A_139 A_280 A_282 A_283 A_284 A_285 A_286 A_287 A_292 A_339 A_341 A_377 A_378 A_383 A_385 A_455 A_484 A_485 A_486 A_491 A_567 A_568 A_569 A_574 A_608 A_648 A_649 A_650 A_653 A_657 A_665 A_671 A_672 A_673 A_674 A_675 A_676 A_677 A_684 A_88 A_90
2834, A_180 A_185 A_75 A_77 A_79 A_81 A_92 A_94
2835, A_804 A_880 A_932 A_935 A_936 A_939 A_971 A_976 A_978
2836, A_216 A_217 A_220 A_221 A_222 A_235 A_237 A_238 A_241 A_311 A_312 A_313
2837, A_108 A_109 A_110 A_111 A_113 A_118 A_139 A_140 A_203 A_204 A_215 A_216 A_56 A_58 A_67 A_72 A_74
2838,
2839, A_100 A_117 A_284 A_331 A_347 A_350 A_351 A_97 A_99
2840, A_165 A_167 A_198 A_200 A_202 A_203 A_216 A_219 A_231 A_234 A_235 A_238 A_265 A_268 A_269 A_271
2841, A_11 A_146 A_149 A_15 A_150 A_152 A_16 A_18 A_19 A_57 A_59 A_65 A_68
2842, A_11 A_170 A_231 A_239 A_4 A_5 A_6 A_63 A_64 A_7 A_8
2843, B_100 B_101 B_103 B_16 B_18 B_45 B_46 B_47 B_48 B_49 B_67 B_69 B_97 B_98 B_99 C_112 C_114 C_123 C_38 C_39 C_40 C_73 C_75
2844, C_27 C_28 C_58 C_59 C_60 C_61 C_81 C_82 C_83 C_85 C_86 C_87 C_89 C_90 C_93 D_114 D_117 D_118 D_119 D_128 D_136 D_138 D_141 D_142
2845, A_219 A_337 A_650 A_651 A_652 A_653 A_655 A_671 A_672 A_673 A_678 A_68 A_681 A_69 A_85
2846, A_118 A_128 A_129 A_130 A_132 A_159 A_160 A_161 A_164 A_30 A_4
2847, A_180 A_181 A_184 A_264 A_265 A_281 A_284 A_285 A_458 A_459 A_460 A_474 A_475
2848, A_36 A_37 A_40 A_41 A_42 A_43 A_56 A_60 A_64 A_67 A_68 A_69 A_70 A_71 A_72 A_73 A_74 A_75 A_78 E_36 E_37 E_40 E_41 E_46 E_56 E_60 E_64 E_67 E_68 E_69 E_70 E_71 E_72 E_73 E_74 E_75 E_78 I_36 I_37 I_40 I_41 I_56 I_60 I_64 I_67 I_68 I_69 I_70 I_72 I_73 I_74 I_75 I_78
2849, C_100 C_123 C_125 C_128 C_39 C_81 C_96 C_97 C_98 C_99 D_216 D_217 D_218
2850, E_102 E_72 E_79 F_14 F_15 F_16 F_17 F_18 G_105 G_107 G_67 G_69
2851, A_24 A_26 A_33 A_36 A_37 A_41 A_43 A_44 A_56 A_58 A_76 A_85 A_86 A_89 A_93
2852, B_124 B_127 B_128 B_130 B_131 B_183 B_222 B_225 B_226 B_229 B_29 B_31 B_32 B_33 B_34 B_56 B_72
2853, B_139 B_147 B_160 B_162 B_178 B_181 B_194 B_210 B_211 B_212 B_213 B_216 B_217 B_260 B_261 B_263 B_273 B_274 B_275
2854, A_13 A_144 A_147 A_15 A_168 A_172 A_174 A_19
2855, A_15 A_16 A_17 A_232 A_236 A_239 A_26 A_27 A_28 A_49 A_51 A_71 A_77 A_9
2856, B_143 B_147 B_150 B_174 B_175 B_178 B_179 B_182 B_203 B_210 B_211 B_214 B_218 B_231 B_232 B_233 B_236 B_238 B_45 B_47 B_48 B_51 B_69 B_73 B_76 B_77 B_80 B_81 B_84 B_86 B_88 B_89
2857, A_129 A_134 A_135 A_181 A_184 A_185 A_186 A_241 A_242 A_243 A_350 A_354 A_355 A_58 A_59 A_60
2858, A_659 A_660 A_663 A_664 A_676 A_677 A_680 A_681 A_684 A_748
2859, A_127 A_130 A_131 A_176 A_180 A_184
2860, B_106 B_18 B_19 B_2 B_22 B_23 B_28 B_30 B_31 B_32 B_45 B_48 B_49 B_5 B_52 B_56 B_6 B_67 B_69 B_9
2861, A_517 A_518 A_527 A_540 A_554 A_556 A_597 A_599
2862, A_193 A_195 A_209 A_211 A_217 A_233 A_239 A_241
2863, A_176 A_179 A_180 A_197 A_201 A_202 A_206 A_208 A_251 A_254 A_255 A_297 A_298 A_299
2864, A_11 A_170 A_231 A_239 A_4 A_5 A_6 A_63 A_64 A_7 A_8
2865, A_373 A_375 A_395 A_404 A_405 A_406 A_445 A_448
2866,
2867, B_216 B_264 B_268 B_279 B_281 B_324 B_352 B_355 B_357 B_359 B_360 B_392 B_394 B_395 B_397 B_423 B_425 B_448 B_478 B_479 B_480 B_481 B_528 B_534 B_535
2868,
2869, A_197 A_217 A_221 A_224 A_243 A_277 A_279 A_303 A_306 A_307 A_308
2870, A_130 A_132 A_195 A_198 A_199 A_202 A_212 A_214 A_222 A_226 A_254 A_259
2871, C_1 C_228 C_229 C_231 C_233 C_234 C_235 C_274 C_275 C_278 C_279 C_280 C_349 C_352 C_357 D_379 D_380 D_381 D_382 D_405 D_429 D_431
2872, A_185 A_186 A_85 A_86 A_89 A_90 A_91 B_160 B_163 B_164 B_165 B_166 B_193 B_196 B_197 B_199 B_225 B_271 B_272 B_273 B_274 B_275
2873, B_100 B_101 B_158 B_33 B_34 B_36 B_37 B_51 B_52 B_55 B_59 B_63 B_78 B_79 B_80 B_82 B_83 B_90 B_93 B_94 B_97
2874, E_10 E_158 E_250 E_271 E_274 E_275 E_276 E_277 E_282 E_283
2875, A_770 A_772 A_774 A_778 A_780 A_800 A_802 A_836 A_848 A_849 A_850 A_851 A_854 A_856 A_859 A_919 A_922 A_932 A_933
2876, B_102 B_105 B_139 B_141 B_146 B_191 B_47 B_53 B_54 B_74 B_76 B_98 B_99 C_112 C_113 C_114 C_146 C_162 C_163 C_164 C_191 C_192 C_193 C_194 C_195 C_198 C_220 C_222 C_224 C_225 C_226 C_291 C_292 C_295 C_84 C_85
2877, A_1066 A_1067 A_1068 A_1069 A_1131 A_1134 A_1138 A_1139 A_1141 A_1142 B_100 B_104 B_105 B_106 B_33 B_35 B_37 B_47 B_58 B_96 B_98
2878, A_12 A_9 B_143 B_144 B_146 B_147 B_150 B_151 B_154 B_157 B_166 B_167 B_169 B_181 B_183 B_187 B_218 B_221 B_225 B_247 B_249 B_250 B_253 B_255 B_256
2879, A_120 A_165 A_167 A_43 A_46 A_47 A_50 A_71 A_72 A_73 A_77 A_78 A_79 A_94
2880,
2881,
2882,
2883, D_143 D_144 D_145 D_173 D_192 D_194 D_195 D_196 D_197 D_198 D_199 D_200 D_201 D_203 D_234 D_235 D_236 D_237 D_238 D_255 D_257 D_258 D_281 D_284 D_285 D_318 D_68 D_69 D_70 D_93
2884, A_101 A_11 A_12 A_122 A_124 A_149 A_150 A_151 A_183 A_185 A_208 A_211 A_213 A_214 A_217 A_221 A_226 A_227 A_230 A_250 A_253 A_255 A_256 A_273 A_275
2885, A_142 A_144 A_145 A_146 A_150 A_25 A_26 A_29 A_30 A_32 A_33 A_34 A_35 A_78 C_108 C_16 C_17 C_18 C_19 C_20 C_23 D_108 D_16 D_17 D_18 D_19 D_20 D_23 F_142 F_144 F_145 F_146 F_147 F_150 F_26 F_29 F_30 F_32 F_33 F_34 F_35
2886, B_157 B_168 B_169 B_171 B_173 B_207 B_209 B_295 B_296 B_327 B_330 B_371 B_390 B_391
2887, N_100 N_106 N_109 N_112 N_113 N_116 N_117 N_119 N_120 N_17 N_18 N_189 N_190 N_193 N_196 N_197 N_200 N_201 N_205 N_206 N_21 N_220 N_224 N_225 N_228 N_23 N_27 N_31 N_32 N_34 N_35 N_37 N_38 N_41 N_90 N_94 N_97 N_98
2888,
2889, A_102 A_59 A_63 A_71 A_74 A_75 A_78 A_79 A_97 A_98
2890, A_151 A_176 A_177 A_178 A_179 A_183 A_185 A_186 A_189 A_74 A_75 A_78 B_150 B_151 B_176 B_177 B_178 B_179 B_183 B_185 B_186 B_189 B_75 B_78
2891, Q_116 Q_117 Q_119 Q_12 Q_120 Q_13 Q_146 Q_147 Q_15 Q_16 Q_17 Q_18 Q_28 Q_29 Q_30 Q_31 Q_32 Q_33 Q_34 Q_35 Q_60 Q_61
2892, A_442 A_449 A_452 A_458 A_460 A_472 A_474 A_538 A_539 A_540 A_542
2893, A_166 A_167 A_186 A_188 A_194 A_197 A_198 A_201 A_320 A_322 A_323
2894, A_285 A_288 A_289 A_314 B_110 B_112 B_129 B_131 B_132 B_133 B_134 B_154 B_157 B_184 B_186 B_213 B_215 B_234 B_236 B_246 B_247 B_25 B_28 B_53 B_55 B_72 B_73 B_74 B_79 B_83
2895, A_100 A_104 A_48 A_57 A_75 A_77 A_78 A_80 A_82 A_93 A_94 A_95 A_96
2896, A_30 A_41 A_42 A_45 A_77 A_8
2897, A_468 A_471 A_475 A_503 A_504 A_505 A_506 A_509 A_510 A_512 A_513 A_514 A_599 A_602 A_603 A_606 A_607 A_610 A_692
2898, A_1313 A_1317 A_1330 A_1347 A_1348 A_1366
2899,
2900, A_123 B_105 B_107 B_108 B_112 B_114 B_18 B_19 B_22 B_29 B_41 B_42 B_43 B_44 B_45 B_53 B_99
2901, A_128 A_130 A_233 A_234 A_235 A_40 A_44 A_51 A_7 A_9
2902, A_193 A_195 A_209 A_210 A_211 A_213 A_215 A_217 A_233 A_239 A_241
2903, A_172 A_183 A_184 A_185
2904, A_101 A_102 A_149 A_150 A_153 A_166 A_169 A_322 A_324 A_326 A_327 A_328 A_369 A_370 A_372 A_410 A_412 A_51
2905, A_763 A_766 A_772 A_776 A_794 A_797 A_798 A_801
2906, A_16 A_19 A_20 A_42 A_45
2907, A_119 A_166 A_59 A_87 A_88 A_89
2908, A_11 A_169 A_230 A_238 A_241 A_4 A_5 A_6 A_63 A_64 A_7 A_8
2909, A_613 A_614 A_615 A_674 A_678 A_681 A_682 A_820 A_824
2910, A_219 A_220 A_221 A_222 A_253 A_256 A_259 B_100 B_102 B_103 B_181 B_248 B_250 B_251 B_280 B_281 B_282 B_283 B_286 B_79 B_80 B_82 B_83 B_84 B_85 B_97 B_98 B_99
2911, D_111 D_114 D_120 D_125 D_127 D_143 D_145 D_146 D_147 D_148 D_170 D_172 D_95 D_96
2912, A_280 e_180 e_181 e_184 e_210 e_211 e_212 e_213 e_23 e_24 e_25 e_253 e_255 e_256 e_259 e_49 e_52 e_82 e_83
2913, A_1007 A_1008 A_1010 A_1020 A_1021 A_881 A_882 A_889 A_906 A_956 A_958 A_959 A_960 A_962 A_963 A_966
2914, H_54 H_55 H_58 H_86 H_90 H_94 I_95 I_98 I_99
2915, A_105 A_109 A_115 A_205
2916, A_11 A_170 A_231 A_239 A_242 A_4 A_5 A_6 A_63 A_64 A_7 A_8
2917, A_140 A_141 A_142 A_143 A_144 A_145 A_163 A_164 A_165 A_166 A_187 A_188 A_189 A_25 A_26 A_41 A_44 A_49
2918, C_120 C_127 C_134 C_154 C_156 C_160 C_192 C_196 C_197
2919,
2920, A_116 A_119 A_122 A_123 A_126 A_127 A_130 A_132 A_134 A_135 A_136 A_195 A_198 A_243 A_244 A_247 A_248 A_249 A_283 A_284 A_286 A_287 A_288 A_290 A_291 A_298 A_299 A_301 A_302 A_303 A_304 A_305 A_310 A_311 A_312 A_388 A_392 A_393 A_79 A_80 A_81 A_82 A_83 A_84
2921,
2922, A_142 A_143 A_144 A_162 A_163 A_184 A_191
2923, A_431 A_450 A_451 A_452 A_540 A_541 A_543 A_544 A_546 A_565 A_588 A_590 B_207 B_208 B_209 B_212 B_236 B_238 B_239 B_242 B_266 B_267 B_311 B_312 B_315 B_316 B_339 B_358 B_485 B_488 B_489
2924, A_359 A_420 A_423 A_424 A_443 A_447 A_450 A_451 A_463 A_466 A_467 A_469 A_472
2925, A_141 A_146 A_147 A_148 A_166 A_167 A_168 A_70 A_71 A_74 A_75 A_78 A_83 A_84
2926, A_109 A_111 A_119 A_121 A_65 A_67 A_69 A_71
2927, A_385 A_388 A_389 A_392 A_428 A_429 A_430 A_479 A_481 A_482 A_509 A_513 A_514 A_515 A_516
2928, A_152 A_213 A_224 A_225 A_233 A_579 A_581
2929, C_253 C_254 C_257 C_258 C_259 C_260 C_316 C_317 C_318 C_319 C_324 C_358 C_360 C_362 C_363 C_365 D_410 D_411 D_412 D_413 D_415
2930, A_122 A_126 A_129 A_151 A_152 A_155 A_184 A_185 A_188 A_19 A_20 A_201 A_202 A_212 A_22 A_24 A_25 A_26 A_27 A_28 A_54 A_57 A_58 A_60 A_61 A_64 A_68 A_73 A_74
2931, A_108 A_109 A_110 A_132 A_135 A_136 A_138 A_140 A_250 A_61 A_64 A_66 A_68 A_71 A_79 A_85
2932, A_155 A_156 A_157 A_158 A_270 A_278 A_286 B_156 B_157 B_158 B_267 B_276 B_278 B_282 B_286
2933, A_101 A_102 A_103 A_107 A_111 A_73 A_74 A_82
2934, E_12 E_13 E_14 E_144 E_147 E_15 E_168 E_169 E_172 E_174 E_19
2935, A_174 A_192 A_195 A_214 A_215 A_216 A_217 A_57 A_61 A_96 A_99
2936, H_100 H_102 H_103 H_104 H_108 H_2 H_26 H_27 H_28 H_31 H_32
2937, A_243 A_244 A_245 A_246 A_275 A_329 A_387 A_389 A_416 A_418
2938, A_478 A_524 A_528 A_529 A_532 A_533 A_674 A_676 A_677 A_688
2939, A_158 A_159 A_193 A_225 A_282 A_287 A_288 A_291 A_316 A_317 A_318 A_366 A_556
2940, A_104 A_105 A_106 A_108 A_109 A_140 A_142 A_192 A_194 A_229 A_231 A_232 A_258 A_260 A_263 A_264 A_392 B_520 B_521 B_522 B_525 B_569 B_571 B_599 B_602 B_633 B_636 B_640 B_693
2941, A_11 A_170 A_231 A_239 A_4 A_5 A_6 A_63 A_64 A_7 A_8
2942, A_180 A_181 B_109 B_111 B_112 B_113 B_114 B_116 B_119 B_130 B_136 B_138 B_139 B_140 B_141 B_82 B_83 B_84 B_85 B_86
2943,
2944,
2945, B_118 B_119 B_134 B_149 B_150 B_151 B_152 B_156 B_179 B_180 B_223 B_225 B_226 B_228 B_247 B_277 B_278 B_293 B_295 B_344 B_368 B_402
2946,
2947, A_340 A_343 A_344 A_345 A_367 A_368 A_371 A_391 A_394 A_395 A_405 A_465 A_469
2948, A_156 A_158 A_161 A_175 A_178 A_194 A_48 A_49 A_50 A_51 A_74
2949, A_116 A_117 A_127 A_155 A_164 A_168 A_178 A_21 A_228 A_24 A_282 A_285 A_287 A_288 A_293 A_296 A_63 A_70 A_71
2950,
2951, A_15 A_16 A_17 A_232 A_236 A_239 A_26 A_28 A_49 A_51 A_71 A_77 A_9
2952, D_257 D_264 D_268 D_284 D_286 D_291 D_318 D_320 D_339 D_341
2953, A_149 A_153 A_179 A_180 A_183 A_184 A_226 A_230
2954, A_20 A_21 A_26 A_30 A_32 A_76 A_77 A_78
2955, A_471 A_472 A_475 A_505 A_506 A_509 A_510 A_512 A_514 A_599 A_602 A_603 A_606 A_607 A_692
2956, A_118 A_119 A_121 A_124 A_125 A_128 A_140 A_159 A_162 A_164 A_221 A_224 A_225 A_230 A_292
2957, A_124 A_127 A_128 A_131 A_132 A_179 A_180 A_183 A_222 A_225 A_226 A_229 A_230 A_29 A_31 A_32 A_33 A_34 A_56
2958, A_37 A_39 A_41 A_42 A_43 A_44 A_61 A_62 A_64 C_123 C_124 C_125 C_484 C_485 C_488 C_491 C_492 C_82 C_83 C_84
2959, A_152 A_153 A_154 A_155 A_156 A_181 A_182 A_183 A_271 A_272 A_274 A_275 A_276 B_176 B_177 B_178
2960, A_673 A_674 A_715 A_718 A_719 A_721 A_722 A_725 A_751 A_752 A_753
2961, B_155 B_157 B_159 B_160 B_173 B_174 B_176 B_177 B_46 B_47 B_48 B_49 B_50 B_52 B_67 B_69 B_71 B_76 B_80
2962, A_102 A_125 A_128 A_129 A_132 A_95 A_98 A_99 B_168 B_169 B_170 B_171 B_174 B_178
2963, B_104 B_106 B_108 B_109 B_110 B_117 B_119 B_121 B_123 B_13 B_15 B_17 B_24 D_104 D_106 D_108 D_109 D_110 D_117 D_119 D_121 D_123 D_13 D_15 D_17 D_24
2964, A_166 A_167 A_169 A_34 A_35 A_36 A_54 A_56 A_67 A_68 A_71
2965, A_189 A_192 A_193 A_196 A_234 A_238 A_268 A_271 A_272 A_275
2966, A_116 A_117 A_118 A_119 A_61 A_98 B_100 B_115 B_116 B_117 B_118 B_119 B_96 B_98 B_99 C_100 C_114 C_115 C_116 C_117 C_119 C_98 C_99
2967,
2968, A_250 A_253 A_321 A_326 A_327 A_329 A_436 A_438 A_440 A_442 A_448 A_449 A_451 A_453 A_454 A_455 A_457 A_463 A_479 A_505 A_510 A_511 A_513 A_535 A_537 A_539 A_541
2969, A_1000 A_1004 A_102 A_103 A_1097 A_1100 A_1104 A_1107 A_1111 A_1138 A_1141 A_1142 A_1144 A_1145 A_1148 A_131 A_134 A_138 A_139 A_142 A_196 A_197 A_200 A_310 A_337 A_340 A_341 A_344 A_345 A_348 A_353 A_920 A_921 A_924 A_95 A_98 A_99
2970, A_770 A_772 A_774 A_780 A_800 A_802 A_807 A_810 A_836 A_848 A_849 A_850 A_851 A_854 A_856 A_859 A_922 A_930 A_932 A_933
2971, A_12 A_15 A_16 A_17 A_281 A_282 A_283 A_320 A_324 A_325 A_329 A_361 A_362 B_117 B_121 B_97 B_98
2972, H_117 H_155 H_23 H_24 H_25 H_27 H_69 H_70 H_71 H_77 H_79
2973, B_230 B_231 B_234 B_259 B_263 B_298 B_301 B_315 B_316 B_317 B_319 B_360 B_363 B_366 B_367 B_368 B_369 B_370 B_371 B_399 B_400 B_403 B_404 B_407
2974, A_105 A_107 A_108 A_111 A_113 A_145 A_258 A_259 A_299 A_300 A_301 A_303 A_86
2975, A_227 A_246 A_247 A_248 A_249 A_325 A_327 A_330 A_331 A_334 A_335 A_336 A_338 A_342 A_344 A_345 A_416
2976, A_304 A_305 A_309 A_349
2977, A_102 A_103 A_104 A_270 A_75 A_79 A_83 A_84 A_85
2978,
2979, A_412 A_413 A_430 A_521 A_525 A_526 A_539 A_542 A_543 A_546 A_551
2980, A_101 A_102 A_147 A_150 A_160 A_161 A_162 A_28 A_29 A_30 A_33 A_36 A_49 A_51 A_65 A_74 A_93 A_95 A_97 A_98
2981,
2982, A_127 A_138 A_139 A_140 A_143 A_144 A_246 A_247 A_248 A_249 B_129 B_130 B_131 B_133 B_263 B_264 B_267 B_272 B_273 B_276 B_62
2983, A_752 A_754 A_760 A_777 A_779 A_813 A_825 A_826 A_827 A_828 A_831 A_832 A_833 A_836 A_897 A_900 A_908 A_910 A_911
2984, A_110 A_111 A_191 A_195 A_198 A_215 A_256 A_257 A_259 A_260 A_3 A_4 A_5
2985, A_393 A_394 A_397 A_492 A_496 A_596 A_598 A_645 A_648 A_649 A_652 A_656 A_669 A_671 A_672
2986, A_197 A_199 A_200 A_201 A_249 A_251 A_293 A_294 B_321 B_322 B_323 B_324 B_343 B_344 B_347 B_73 B_76 B_77 B_79
2987, A_103 A_105 A_113 A_118 A_119 A_124 A_128 A_131 A_48 A_49 A_55
2988, A_158 A_160 A_206 A_208 A_254 A_256 A_258 A_262 A_98 A_99
2989,
2990, C_141 C_143 C_144 C_145 C_173 C_192 C_194 C_195 C_196 C_197 C_198 C_199 C_200 C_201 C_203 C_234 C_235 C_236 C_237 C_238 C_255 C_256 C_257 C_258 C_281 C_284 C_285 C_318 C_68 C_69 C_70 C_93
2991,
2992,
2993, A_501 A_504 A_505 A_513 A_567 A_572 A_573 A_574 A_592 A_593 A_594
2994, B_101 B_103 B_115 B_119 B_22 B_36 B_38 B_40 B_54 B_56 B_69 B_81 B_83 B_87 B_89
2995, A_184 A_188 A_301 A_304 A_305 A_308 A_312 A_318 A_321 A_322 A_325 A_328 A_329 A_43 A_44 A_47 A_48 A_51 A_74 A_76
2996, B_116 B_119 B_120 B_123 B_124 B_132 B_9 D_116 D_117 D_119 D_120 D_123 D_132 D_9 F_116 F_117 F_119 F_120 F_123 F_124 F_132 F_9
2997, A_374 A_377 A_378 A_381 A_382 A_384 A_392 A_406 A_417 A_418 A_419 A_524 A_554 A_556
2998, A_180 A_181 A_182 A_185 A_221 A_77 A_79 A_81 A_92 A_94
2999,
3000,
3001, A_137 A_146 A_148 A_212 A_237 A_240 A_241 A_246 A_248
3002, A_465 A_467 A_484 A_507 A_509 A_526 A_550 A_551 A_568 A_593 A_594 A_595
3003, A_47 A_50 B_47 B_50 C_50
3004,
3005,
3006, A_102 A_104 A_106 A_114 A_129 A_130 A_131 A_132 A_135 A_151 A_153 A_164 A_181
3007, A_612 A_615 A_616 A_619 A_625 A_627 A_628 A_629 A_630 A_658 A_661 A_662 A_665 A_697 A_698 A_699 A_700 A_701 A_702 A_715 A_716 A_717
3008, A_253 A_257 A_419 A_424 A_427 A_428 A_431 A_56 A_60 A_61 A_64
3009, A_102 A_104 A_107 A_145 A_148 A_149 A_172 A_176
3010,
3011, B_254 B_255 B_257 B_258 B_259 B_261 B_262 B_293 B_295 B_297 B_298 B_302 B_306 B_311 B_312 B_313 B_326 B_327 B_328 B_329 B_330 B_331 B_332 B_333 B_334 B_350 B_358 B_360
3012, A_171 A_174 A_175 A_178 A_179 A_189 A_191 B_144 B_146 B_152 B_165 B_166 B_167 B_260 B_262 B_263
3013, A_104 A_11 A_13 A_14 A_152 A_155 A_156 A_159 A_199 A_8 A_9 A_96 A_99
3014, A_104 A_107 A_109 A_115 B_10 B_13 B_152 B_153 B_154 B_172 B_173 B_174 B_175 B_197 B_198 B_208 B_209 B_52 B_78 B_79 B_80 B_9
3015, A_182 A_185 A_188 A_199 A_290 A_293 A_294 A_297 A_298 A_306 C_297
3016, A_406 A_410 A_411 A_414 A_415 A_418 A_476 A_487 A_490 A_491 A_494 A_89 A_93 A_96 A_99
3017, A_107 A_108 A_116 A_119 A_122 A_123 A_125 A_158 A_162 A_284 A_285 A_84
3018, E_134 E_135 E_136 E_153 E_155 E_183 E_186 E_190 E_194 E_226 E_228 E_98
3019, A_173 A_174 A_175 A_266 A_267 A_43 A_65 A_67
3020, A_291 A_295 A_298 A_84 A_85 A_88 A_89 A_93
3021, A_145 A_146 A_147 A_148 A_30 A_31 A_32 A_33 A_93 A_97
3022, A_404 A_405 A_406 A_430 A_431 A_507 A_509 A_532 A_533 A_534 A_535 B_258 B_259 B_421 B_422 B_424 B_425 B_426
3023, B_119 B_122 B_167 B_168 B_171 B_175 B_219 B_42 B_45 B_49
3024,
3025, A_114 A_115 A_116 A_117 A_123 A_144 A_145 A_149 A_151 A_152 A_153
3026,
3027, B_2425 B_2426 B_2427 B_2428 B_2465 B_2466 B_2467 B_2505 B_2506 B_2507 B_2508 B_2545 B_2546 B_2547
3028, A_154 A_156 A_166 A_229 A_234 A_236 A_278 A_279 A_281 A_291 A_293 A_437 A_438 A_442
3029, F_100 F_103 F_104 F_107 F_109 F_111 F_112 F_113 F_171 F_174 F_196 F_200 F_201 F_204 F_205 F_239 F_240 F_242 F_243 F_244 F_246 F_247 F_255 F_257 F_258 F_260 F_261 F_266 F_267 F_268 F_347 F_348 F_55 F_56 F_57 F_58 F_59 F_60 F_93 F_96 F_99
3030, A_130 A_134 A_45 A_72 A_76 A_79 A_80 A_93
3031, A_180 A_185 A_221 A_75 A_77 A_79 A_81 A_92 A_94
3032, E_157 E_158 E_160 E_161 E_162 E_171 E_175 E_176 E_179 E_180 E_183 E_184 E_187 E_207 E_208 E_211 E_212 E_215 E_216 E_219 E_223 E_228 E_229 E_230 E_276 E_288 E_289 E_292 E_293 E_295 E_50 E_51 E_53 E_54 E_73 E_76 E_77 E_80 E_83 E_84 E_86
3033, A_173 A_174 A_175 A_180 A_266 A_267 A_43 A_65 A_67
3034, A_570 A_571 A_573 A_576 A_639 A_640 A_643 A_644 A_646 A_647 A_653 A_654 A_783 A_787 A_788 A_789 A_790 A_791 A_808 A_809 A_810
3035,
3036, E_119 E_120 E_121 E_123 E_124 E_190 E_52 E_53 E_56 E_71 E_76 E_77 E_80
3037, A_11 A_170 A_231 A_232 A_239 A_242 A_5 A_6 A_63 A_64 A_7 A_8
3038, A_33 A_40 A_41 A_42 A_43 A_45 A_46 A_47 A_48 A_49 A_79 B_33 B_40 B_41 B_42 B_43 B_44 B_45 B_46 B_48 B_49
3039, A_162 A_164 A_166 A_167 A_181 A_556 A_559 A_560 A_561 A_567 A_569 A_571
3040, B_126 B_128 B_130 B_136 B_137 B_139 B_141 B_142 B_176 B_178 B_181 B_225 B_227 B_239 B_270
3041, A_110 A_132 A_133 A_134 A_135 A_136 A_138 A_185 A_186 A_188 A_199 A_200 A_62 A_63 A_64 A_65 A_70 A_83 A_85 A_97
3042,
3043, B_10 B_13 B_172 B_233 B_234 B_238 B_243 B_6 B_65 B_66 B_7 B_8 B_9
3044, A_103 A_105 A_113 A_118 A_119 A_124 A_127 A_128 A_48 A_49 A_55
3045, A_154 A_155 A_36 A_38 H_133 H_136 H_137 H_140 H_153 H_39 H_43
3046,
3047, A_153 A_154 A_155 A_156 A_335 A_336 A_337 A_394 A_397 A_398 A_401
3048, B_159 B_160 B_201 B_204 B_206 B_207 B_208 B_209 B_210 B_229 B_230 B_271 B_273 B_318 B_319 B_321 B_322 B_329 B_332 B_336 B_339 B_340 B_343 B_355 B_356 B_357 B_358 B_368 B_369 B_372 B_376
3049, A_186 A_189 A_247 A_264 A_71 A_74 A_75
3050, A_404 A_407 A_413 A_415 A_423 A_426 A_427
3051, B_484 B_485 B_486 B_488 B_526 B_527 B_528 B_531 B_655 B_659 B_662 B_688 B_689 B_692
3052, A_101 A_105 A_153 A_154 A_155 A_174 A_205 A_206 A_207 A_233 A_234 A_235 A_264 A_282 A_284 A_285 A_286 A_291 A_53 A_54 A_74 A_75 A_76 A_77 A_78 A_80 A_98 B_132 B_134
3053, A_233 A_234 A_235 A_368 A_370 A_405 A_410 A_413 A_532 A_533 A_536 A_537 A_540
3054, A_112 A_140 A_143 A_144 A_147 A_150 A_151 A_154 A_167 A_170 A_174 A_175 A_178 A_179 A_182 A_210 A_211 A_214 A_215 A_218 A_228 A_232 A_233 A_236 A_238 A_41 A_44 A_47 A_48 A_69 A_72 A_73 A_76 A_77 A_79 A_80 A_81 A_83 A_84 A_86 A_88 A_89 B_106
3055, A_162 A_164 A_166 A_167 A_181 A_556 A_559 A_560 A_567 A_569 A_571
3056, A_132 A_135 A_137 A_138 A_47 A_50 A_51 A_54
3057, A_404 A_407 A_408 A_413 A_415 A_423 A_426 A_427
3058,
3059, A_126 A_129 A_143 A_145 A_146 A_175 A_179 A_362 A_363 A_364
3060, N_117 N_118 N_119 N_121 N_174 N_175 N_176 N_179 N_95 N_97 S_125 S_126 S_127 S_128 S_139 S_142 S_143 S_145 S_146 S_149 S_70 S_71 S_72
3061, A_547 A_548 A_563 A_564 A_567 A_581 A_587 A_602 A_606
3062, A_100 A_103 A_107 A_109 A_112 A_167 A_174 A_175 A_178 A_180 A_193 A_196 A_197 A_200 A_201 A_204 A_240 A_243 A_244 A_247 A_260 A_261 A_264 A_265 A_266 A_267 A_96 A_99
3063,
