,task1,task2,task3,task4,task5,task6,task7,task8,task9,task10,task11
0,0.20949999999999996,0.173,0.732,0.08047029702970296,0.0785,0.24463116458118633,0.7445668824163969,0.10500000000000001,0.51045,0.32844638949671773,0.011981106145464581
1,0.0025,0.013000000000000001,0.45499999999999996,0.11472805915135376,0.011,0.10985410094637224,0.855535838150289,0.0085,0.2625324179392966,0.07960947408534369,0.006500000000000001
2,0.29900000000000004,0.4288846159138364,0.7820000000000001,0.06294392523364487,0.08349999999999999,0.2918224032826722,0.7265662289718995,0.6765,0.25299950495049506,0.0909268288147598,0.005
3,0.3755,0.10500000000000001,0.759,0.09005805908268198,0.11600000000000002,0.43851216376277247,0.5361179828734539,0.28300000000000003,0.45036617161716175,0.2520553173270369,0.019497901248205017
4,0.23149999999999998,0.156,0.748,0.0465,0.0945,0.7969228591066922,0.6398254807262118,0.065,0.62425,0.17533774834437085,0.019
5,0.1095,0.1045,0.6575,0.07597029702970297,0.10149999999999999,0.12215052435989668,0.49800000000000005,0.067,0.507,0.2045,0.004
6,0.506,0.198,0.6635000000000001,0.028499999999999998,0.13299999999999998,0.32730874979022684,0.6612281067985222,0.31799999999999995,0.488,0.2785,0.024
7,0.394,0.16799999999999998,0.612,0.052470297029702975,0.082,0.23200000000000004,0.7734426637955473,0.0945,0.5313741887454644,0.1495,0.022500000000000003
8,0.136,0.12295002282807319,0.7135,0.0085,0.07450000000000001,0.21529595814892097,0.613,0.006,0.701,0.1339952350206836,0.0015
9,0.2555,0.08796043656207367,0.531,0.07200000000000001,0.07999999999999999,0.15327383863080685,0.588,0.1325,0.5635,0.22400000000000003,0.01
10,0.306,0.19549999999999998,0.7065,0.05048469387755102,0.127,0.6062744498777507,0.5775307798708915,0.09200000000000001,0.44799999999999995,0.2565,0.017490450315756346
11,0.1275,0.0655,0.603,0.03547029702970297,0.6745,0.18809869821170117,0.8125,0.07849999999999999,0.5860833333333334,0.15180712245137556,0.008
12,0.30999999999999994,0.1675,0.732,0.046,0.069,0.12501155251582868,0.8341538210237427,0.0985,0.488249504950495,0.33783887043189365,0.005
13,0.34249999999999997,0.07949999999999999,0.554,0.049,0.11299999999999999,0.09782301452961599,0.8920339446444565,0.077,0.47400000000000003,0.14329059829059826,0.01
14,0.275,0.03297989093387867,0.6020000000000001,0.016,0.097,0.12568913226621733,0.8372826349226699,0.135,0.62225,0.2145327558932691,0.0025
15,0.014000000000000002,0.0075000000000000015,0.5325,0.030000000000000006,0.009,0.12735410094637223,0.9565000000000001,0.005,0.38449999999999995,0.04783887043189369,0.003
16,0.0505,0.003,0.465,0.029000000000000005,0.0235,0.1055,0.9275,0.05650000000000001,0.351,0.2045,0.0015
17,0.258,0.11241543242765561,0.827,0.04436921317060182,0.143,0.43648125347600375,0.21245477568121496,0.2455,0.4255,0.21927959709265724,0.0015
18,0.1,0.064,0.5325,0.10328252615934871,0.08,0.14456591850662498,0.8780668103448276,0.014500000000000002,0.2911666666666667,0.28494638949671774,0.03
19,0.331,0.2505,0.6634999999999999,0.03197029702970297,0.0645,0.23239264224931527,0.5287961750623456,0.127,0.437,0.31540316205533603,0.0195
20,0.5685,0.2875,0.7235,0.03792035398230088,0.10900000000000001,0.2141980794300285,0.5946611798944809,0.3395,0.38769952494061755,0.4270000844566061,0.022
21,0.372,0.1955,0.7615000000000001,0.06690800055449486,0.08199999999999999,0.3294433588103799,0.7811585256231679,0.164,0.501282892998679,0.2700687646082415,0.018
22,0.15599999999999997,0.0325,0.702,0.020414978658606447,0.0385,0.07791811733986206,0.8714999999999999,0.062,0.5350333333333334,0.19187618482116015,0.0015
23,0.0055000000000000005,0.012,0.4025,0.0125,0.026500000000000003,0.176,0.5469999999999999,0.0,0.3045,0.05450000000000001,0.0
24,0.09297530436504008,0.03541460541813899,0.6245,0.03182753525209473,0.056999999999999995,0.20456959799347074,0.6766178707224334,0.066,0.413124504950495,0.1317513539860476,0.0035000000000000005
25,0.6645,0.07,0.5599999999999999,0.016999999999999998,0.1015,0.11611503206687693,0.47750000000000004,0.23700000000000002,0.41550000000000004,0.256446878422782,0.0
26,0.1945,0.191,0.8115,0.09304829646065378,0.164,0.3495284748173214,0.5551829738730667,0.193,0.6078981298125978,0.18696022454199895,0.020493593955321944
27,0.26850000000000007,0.015500000000000003,0.46399999999999997,0.08485029702970297,0.0605,0.09268881412952061,0.8175433135802408,0.1395,0.325,0.25778114534612984,0.027500000000000004
28,0.6094999999999999,0.0785,0.603,0.029000000000000005,0.10400000000000001,0.13477411477411477,0.8461907692307692,0.13199999999999998,0.3041666666666667,0.185,0.027000000000000003
29,0.2285,0.004,0.6125,0.061999999999999986,0.028500000000000004,0.191,0.45200000000000007,0.030000000000000006,0.3585,0.365,0.0
30,0.0335,0.074,0.6125,0.051500000000000004,0.037,0.1445,0.9371321522617366,0.009,0.28450000000000003,0.2965,0.005
31,0.126,0.2425,0.6984999999999999,0.004,0.041999999999999996,0.14718881412952062,0.66729841688201,0.06849999999999999,0.35291666666666666,0.19539277899343546,0.0
32,0.193,0.0085,0.5650000000000001,0.038,0.042,0.08479458776240073,0.9455,0.0205,0.35383289299867904,0.19,0.0025
33,0.0045,0.011000000000000001,0.461,0.0185,0.027000000000000003,0.12577411477411476,0.953653821023743,0.0195,0.29374950495049507,0.07683774834437086,0.0015
34,0.5509999999999999,0.14450000000000002,0.619,0.053470297029702976,0.092,0.18991281691294848,0.9016179828734538,0.10699999999999998,0.489,0.25212040729118285,0.009
35,0.31949999999999995,0.09847989093387867,0.7645,0.04140065600287564,0.066,0.29576296452946105,0.8052359657469077,0.12450000000000001,0.542499504950495,0.22015794249594817,0.0325
36,0.6435,0.11996685422573732,0.502,0.0325,0.09,0.22735985052006696,0.7435,0.047,0.26724999999999993,0.4243025923632674,0.017
37,0.227,0.0685,0.7104999999999999,0.05,0.07449999999999998,0.0955,0.9035,0.028499999999999998,0.39299999999999996,0.1065,0.001
38,0.023,0.0425,0.5934999999999999,0.0235,0.0195,0.0965,0.8974982639226324,0.014500000000000002,0.395,0.0805,0.003
39,0.0125,0.020980218281036835,0.624,0.0245,0.008,0.23986940329099724,0.9004999999999999,0.010499999999999999,0.39316666666666666,0.05,0.0
40,0.20949999999999996,0.05449999999999999,0.7005000000000001,0.04047029702970297,0.045,0.1375,0.9391582978723404,0.033,0.373,0.2895,0.0004876663420967218
41,0.12249999999999998,0.052500000000000005,0.627,0.0245,0.029000000000000005,0.07373575184182345,0.6957190628128597,0.027000000000000003,0.392,0.3465,0.006500000000000001
42,0.145,0.05550000000000001,0.5940000000000001,0.10789973542559986,0.031,0.0709264597568652,0.948566882416397,0.073,0.533782397949174,0.14799440942594258,0.0015
43,0.020999999999999998,0.019000000000000003,0.5219999999999999,0.1165,0.10300000000000001,0.11568881412952062,0.8088073478333332,0.002,0.46749999999999997,0.189,0.0005
44,0.1575,0.0435,0.7745,0.043500000000000004,0.575,0.051000000000000004,0.9755,0.10049999999999999,0.59425,0.14350000000000002,0.014499999999999999
45,0.085,0.03248021828103683,0.859,0.0105,0.08499999999999999,0.37310759960843826,0.0645,0.1305,0.28,0.4499463894967177,0.002996775260459732
46,0.213,0.018000000000000002,0.5065000000000001,0.0305,0.038,0.05249999999999999,0.9475,0.057999999999999996,0.3195,0.265,0.0045
47,0.020999999999999998,0.0205,0.5245,0.050970297029702974,0.026500000000000003,0.07712610814888024,0.9685,0.119,0.34074956024626213,0.17544687842278203,0.0015
48,0.075,0.007000000000000001,0.4845,0.06547029702970297,0.032,0.0805,0.9270000000000002,0.024,0.2213333333333333,0.13738761273880956,0.009000000000000001
49,0.253,0.15748021828103684,0.6565,0.08383457624564872,0.10049999999999999,0.3119278609652995,0.916,0.2495,0.6101657318634238,0.19380632411067195,0.006500000000000001
50,0.469,0.027500000000000004,0.495,0.015000000000000003,0.1085,0.1281888141295206,0.8150000000000001,0.2955,0.3284995602462621,0.3534039603960396,0.006
51,0.17550000000000002,0.0195,0.511,0.049,0.0115,0.15564400256574729,0.942,0.0645,0.3655,0.29940396039603956,0.0
52,0.7180000000000001,0.044500000000000005,0.5545,0.06468021816490657,0.055499999999999994,0.138,0.8570668824163971,0.07,0.412532858273951,0.2253136352826135,0.004
53,0.3779753043650401,0.173,0.78,0.026380000000000004,0.11950000000000001,0.3180432332125896,0.6686179828734538,0.12,0.47724950495049506,0.28345847938237284,0.0434686102812007
54,0.389,0.0595,0.518,0.0325,0.08349999999999999,0.07350000000000001,0.9250466691757622,0.10899999999999999,0.38366622691292873,0.2165,0.014000000000000002
55,0.7645000000000001,0.032,0.4534999999999999,0.02,0.011,0.17272360557768923,0.938,0.25149999999999995,0.3855,0.24990316205533594,0.0005
56,0.3235,0.17547989093387867,0.8215,0.01041422226334783,0.097,0.14642076639073753,0.492,0.096,0.5207499999999999,0.30036359492586995,0.003
57,0.0605,0.041,0.34600000000000003,0.013000000000000001,0.13799999999999998,0.15315016468197223,0.33011798287345384,0.034499999999999996,0.808,0.051903162055335975,0.0055
58,0.332,0.0675,0.8245000000000001,0.08267559923647073,0.1015,0.36478632053027604,0.5830449669712074,0.136,0.4520833333333333,0.2276889109100117,0.0235
59,0.421,0.23700000000000002,0.5734999999999999,0.07444392523364488,0.052500000000000005,0.6875362039301123,0.8168318235093521,0.2125,0.47616573186342376,0.32830712245137555,0.014969074895612746
60,0.2765,0.021,0.6785,0.0315,0.22649999999999998,0.10254665217645871,0.9560000000000001,0.13899999999999998,0.44799999999999995,0.20994687842278204,0.010499999999999999
61,0.008,0.016,0.7665,0.018,0.0195,0.17491845244349788,0.7715,0.0365,0.198,0.066,0.003
62,0.142,0.06630316483584583,0.687,0.022209479766165226,0.05800000000000001,0.2684777143928818,0.40763376483279395,0.063,0.6291530553224455,0.2792233081884975,0.003
63,0.0005,0.033999999999999996,0.6140000000000001,0.0365,0.0155,0.2545,0.9635,0.0025,0.41200000000000003,0.072,0.0
64,0.21400000000000002,0.1585,0.8630000000000001,0.0335,0.1395,0.3186694521012355,0.3408584482903898,0.08700000000000001,0.6775,0.18599603336138726,0.029496776326665565
65,0.41600000000000004,0.28850000000000003,0.7059999999999998,0.039999999999999994,0.058499999999999996,0.6043256572852589,0.868894305993231,0.16,0.47833333333333333,0.35794638949671775,0.013500000000000002
66,0.0605,0.038,0.6895,0.058499999999999996,0.0715,0.1975,0.7561179828734538,0.026000000000000002,0.40606634945810205,0.09090396039603961,0.004
67,0.24799999999999994,0.0955,0.7855000000000001,0.046231763992725806,0.07849999999999999,0.7448924825174824,0.5730651463390294,0.11850000000000001,0.6447490651967571,0.10924091039970682,0.017
68,0.072,0.042499999999999996,0.627,0.020999999999999998,0.025500000000000002,0.145737085671139,0.5970000000000001,0.038,0.43099999999999994,0.13384014634228178,0.0014957109864731112
69,0.5555000000000001,0.0385,0.5674999999999999,0.029500000000000005,0.1075,0.10900000000000001,0.9400000000000001,0.2595,0.3555,0.27399999999999997,0.011
70,0.2465,0.032,0.6485000000000001,0.04,0.015500000000000003,0.059,0.9385,0.025,0.3335,0.20249999999999999,0.0115
71,0.6315,0.0435,0.788,0.016,0.0875,0.17012855082412284,0.9785,0.082,0.31,0.376,0.005
72,0.3355,0.0595,0.5720000000000001,0.0055,0.1085,0.09127411477411478,0.6195668824163969,0.2185,0.30383333333333334,0.4013079207920792,0.0015
73,0.20049999999999998,0.1255,0.8720000000000001,0.014238426341203642,0.10500000000000001,0.1922741147741148,0.9034268818362072,0.054000000000000006,0.5872912950115625,0.149695192118873,0.025
74,0.38,0.21200000000000002,0.678,0.0774108910891089,0.1105,0.144,0.7091899802205004,0.1135,0.5744157312825073,0.18802744623870637,0.022500000000000003
75,0.15999999999999998,0.0625,0.7129999999999999,0.01691422226334783,0.022,0.10164400256574727,0.8848028481633048,0.11299999999999999,0.7003740099009902,0.1845,0.0034999999999999996
76,0.0075,0.007000000000000001,0.5780000000000001,0.023,0.0075000000000000015,0.1315,0.9287658040601912,0.0,0.47975,0.030337748344370863,0.0015
77,0.0125,0.0035000000000000005,0.7769999999999999,0.037380000000000004,0.007000000000000001,0.14414149442112364,0.9949999999999999,0.0085,0.309,0.08449999999999999,0.0015
78,0.3275,0.12150000000000001,0.653,0.05468659202368835,0.118,0.38469438783856436,0.662220905574847,0.154,0.5205,0.24230632411067193,0.02
79,0.5435000000000001,0.2515,0.657,0.054420353982300884,0.0505,0.5960251826768657,0.7908318235093521,0.28200000000000003,0.41883333333333334,0.33025351194809327,0.028980941833929907
80,0.281,0.15650000000000003,0.7565,0.07483860092570385,0.06999999999999999,0.0045,0.8404097260236068,0.147,0.67125,0.15035083881882164,0.004
81,0.368,0.157,0.5994999999999999,0.07594059405940594,0.1375,0.4908598932545146,0.7521723945204167,0.11950000000000001,0.3665404156583931,0.25908782660613766,0.011
82,0.217,0.0175,0.5435,0.09147029702970297,0.015500000000000003,0.17199805545543984,0.9604999999999999,0.0425,0.4506399390145604,0.13119482407505528,0.0015
83,0.46849999999999997,0.016,0.49850000000000005,0.04598469387755102,0.07350000000000001,0.3140306051754167,0.7198583361393694,0.019999999999999997,0.20216666666666666,0.1119039603960396,0.0225
84,0.7310000000000001,0.1,0.5765,0.0235,0.1075,0.28453648451612434,0.5903584482903899,0.0465,0.48150000000000004,0.23149999999999998,0.0055
85,0.21900000000000003,0.06999999999999999,0.5205,0.07799999999999999,0.0505,0.11048340189192134,0.8699999999999999,0.123,0.4205,0.313,0.0395
86,0.2105,0.101,0.8460000000000001,0.05364352879453064,0.11299999999999999,0.16318913226621737,0.95129841688201,0.0425,0.7484999999999999,0.07979059829059829,0.019998424282633938
87,0.40599999999999997,0.16899999999999998,0.753,0.023984693877551023,0.1255,0.874,0.5614003230760691,0.079,0.4171666666666667,0.2264629349470499,0.043000000000000003
88,0.013500000000000002,0.08449999999999999,0.6365000000000001,0.027000000000000003,0.009500000000000001,0.1405,0.9184999999999999,0.0305,0.4831666666666667,0.042499999999999996,0.0
89,0.03949999999999999,0.10500000000000001,0.933,0.02644392523364486,0.1265,0.29482240328267223,0.17285844829038985,0.037,0.884082892998679,0.06036756756756757,0.008000000000000002
90,0.0235,0.031,0.6365,0.0395,0.0335,0.1345,0.95,0.0015,0.26966666666666667,0.08650000000000001,0.003
91,0.425,0.1855,0.6315,0.050332892449550304,0.08750000000000001,0.27418668914521244,0.5441383428781595,0.20350000000000001,0.4924161716171618,0.3463063241106719,0.0225
92,0.21599999999999997,0.05292926829268293,0.48550000000000004,0.021,0.079,0.230497720351804,0.7689999999999999,0.11750000000000001,0.5405,0.17368337728403377,0.007000000000000001
93,0.5729139951740778,0.4013858267716535,0.692,0.01047029702970297,0.0955,0.3507960652322003,0.1148088989627533,0.6584999999999999,0.4272495049504951,0.0995,0.0015
94,0.4339139951740779,0.20800000000000002,0.6965,0.077,0.11599999999999999,0.39449999999999996,0.4958289563153895,0.1375,0.5169157312825075,0.2132905982905983,0.0295
95,0.47050000000000003,0.13,0.6415,0.09142861911119589,0.0935,0.27354822954822955,0.5233210669856587,0.1155,0.2465,0.29329059829059834,0.023
96,0.14900000000000002,0.025500000000000002,0.6619999999999999,0.01,0.021,0.20193125642421367,0.7389999999999999,0.041,0.5382495049504951,0.1482428308279333,0.0035000000000000005
97,0.253,0.06849999999999999,0.5115000000000001,0.06494059405940594,0.098,0.10422580357020439,0.8865000000000001,0.10700000000000001,0.45362450495049506,0.34127657022966346,0.006
98,0.15049999999999997,0.042499999999999996,0.922,0.03525397598661932,0.0805,0.32670983384071034,0.45272163681354016,0.054000000000000006,0.837,0.058392778993435444,0.006987345879299156
99,0.10049999999999999,0.033999999999999996,0.5455,0.03542035398230088,0.057499999999999996,0.0995,0.9040000000000001,0.073,0.5079157318634239,0.059946878422782034,0.0125
100,0.027000000000000003,0.0075000000000000015,0.818,0.0455,0.008,0.14364149442112364,0.9894999999999999,0.0085,0.323,0.07899999999999999,0.0025
101,0.10400000000000001,0.0375,0.49050000000000005,0.014500000000000002,0.1285,0.08238856676332654,0.6165,0.051000000000000004,0.5035000000000001,0.371,0.002
102,0.6969139951740779,0.35288582677165353,0.8375,0.014970297029702973,0.11299999999999999,0.281877946395738,0.0495,0.7310000000000001,0.5970828382838284,0.0673652170230278,0.0
103,0.5519999999999999,0.1295,0.561,0.03633951020030479,0.12450000000000001,0.32655195745528914,0.5786848652898509,0.097,0.4725,0.14040932444376764,0.0045000000000000005
104,0.44699999999999995,0.174,0.6625,0.16047029702970297,0.0945,0.32276840176733856,0.542307347833333,0.13299999999999998,0.45791666666666664,0.28024091039970683,0.029000000000000005
105,0.0295,0.17926263938083836,0.514,0.06742035398230088,0.1025,0.15799999999999997,0.6435,0.018000000000000002,0.36225,0.20600000000000002,0.006
106,0.24099999999999996,0.13399999999999998,0.782,0.0465,0.1035,0.5461391092358008,0.546335671642647,0.08549999999999999,0.5795000000000001,0.1595,0.020999999999999998
107,0.5305,0.05,0.5415,0.0105,0.095,0.27490798931580596,0.43999999999999995,0.061,0.618,0.14196293494704992,0.0015
108,0.085,0.0475,0.8025,0.013500000000000002,0.0485,0.07227444987775061,0.9399999999999998,0.05,0.4501666666666667,0.1025,0.0005
109,0.40049999999999997,0.2054613368283093,0.7670000000000001,0.045443925233644863,0.0845,0.2532941453625405,0.6722392670012682,0.146,0.5847490099009901,0.2522787987519536,0.0205
110,0.48,0.127,0.5305,0.06742861911119588,0.0625,0.18870820189274445,0.5731909160892995,0.1345,0.2239495249406176,0.18280632411067194,0.016
111,0.10600000000000001,0.016999999999999998,0.6635000000000001,0.048,0.038,0.1435,0.9099999999999999,0.0415,0.5701662269129287,0.13524170874041047,0.003
112,0.0035000000000000005,0.0325,0.587,0.0495,0.0005,0.14550000000000002,0.977,0.0005,0.5293328929986789,0.05190316205533598,0.0035000000000000005
113,0.28450000000000003,0.034,0.5785,0.03794392523364486,0.05799999999999998,0.1321279395771791,0.8165668824163971,0.0305,0.3855,0.2105,0.005
114,0.0605,0.3465,0.7545,0.03640391298499731,0.0685,0.3053504085178919,0.567995327559331,0.36,0.634,0.10340098064512367,0.011
115,0.18849999999999997,0.0895,0.6735,0.01,0.024,0.12210693146938265,0.830566882416397,0.11750000000000001,0.555,0.202,0.004
116,0.016,0.0045,0.5494999999999999,0.06,0.0045,0.144,0.9329999999999998,0.001,0.5517485148514851,0.09362300827298227,0.003
117,0.057499999999999996,0.065,0.6815,0.032,0.018500000000000003,0.2208397713397713,0.9435,0.041499999999999995,0.5494151815181517,0.11128413784108859,0.002
118,0.3195,0.029000000000000005,0.609,0.017499999999999998,0.064,0.0675,0.9175000000000001,0.11200000000000002,0.391,0.34883774834437087,0.001
119,0.049,0.0215,0.44250000000000006,0.05750000000000001,0.033,0.1485,0.8679809308338721,0.009000000000000001,0.346,0.10298261914011728,0.004
120,0.425,0.16499999999999998,0.7739999999999999,0.008,0.132,0.3602375282957973,0.6913011120859371,0.1275,0.46558283828382835,0.33336689534308955,0.019500000000000003
121,0.294,0.23255416858718939,0.6205,0.07817703914059645,0.14750000000000002,0.3773888849000233,0.7254671968350938,0.1,0.5140818481848185,0.242260346561003,0.018000000000000002
122,0.16750000000000004,0.08025173966438097,0.6,0.06348469387755103,0.077,0.27049983864099075,0.4845,0.23349999999999999,0.53599900990099,0.19173101626387062,0.009000000000000001
123,0.014000000000000002,0.005480218281036835,0.384,0.018000000000000002,0.013999999999999999,0.2365048055943162,0.658,0.0075,0.48200000000000004,0.012999999999999998,0.0
124,0.329,0.1875,0.779,0.07,0.0905,0.3506229824932064,0.6853302676331848,0.181,0.6084999999999999,0.15729059829059827,0.018
125,0.515,0.0865,0.5730000000000001,0.013500000000000002,0.07050000000000001,0.19919323860179533,0.8565668824163971,0.25599999999999995,0.39887462834489595,0.356,0.014500000000000002
126,0.032499999999999994,0.3772344061424061,0.897,0.0185,0.081,0.19305675684489382,0.647,0.0025,0.7464999999999999,0.13744638949671772,0.0
127,0.304,0.032,0.77,0.030531562441883858,0.07500000000000001,0.3329228330891628,0.37085844829038983,0.028500000000000004,0.4756907289724566,0.43815762340682224,0.003
128,0.2,0.04691460541813899,0.5680000000000001,0.033928619111195886,0.085,0.29500000000000004,0.33199999999999996,0.055499999999999994,0.2965,0.14200000000000002,0.0015
129,0.259,0.125,0.6895,0.049880666665096614,0.043,0.7142744498777507,0.8899999999999999,0.14150000000000001,0.5248333333333333,0.3261408296337026,0.007000000000000001
130,0.1625,0.0325,0.6975,0.07295009500950095,0.08349999999999999,0.1837741147741148,0.8195,0.08149999999999999,0.48,0.09090396039603961,0.011
131,0.25999999999999995,0.0645,0.6900000000000001,0.012499999999999999,0.07250000000000001,0.2672003496784102,0.38684316316219125,0.15050000000000002,0.5896246290801186,0.1692283331835512,0.0055000000000000005
132,0.0125,0.009999999999999998,0.504,0.10578793031474423,0.051000000000000004,0.1479178888434344,0.829,0.0025,0.16499999999999998,0.0854039603960396,0.019
133,0.32050000000000006,0.126,0.6305,0.009000000000000001,0.071,0.11749999999999998,0.8655000000000002,0.13599999999999998,0.36500000000000005,0.2565,0.009000000000000001
134,0.189,0.156,0.7460000000000001,0.028499999999999998,0.027999999999999997,0.10823146726444503,0.6902826349226698,0.071,0.4105,0.2705000000000001,0.0005
135,0.0375,0.0095,0.6140000000000001,0.073658332999802,0.027499999999999997,0.12972360557768925,0.9789999999999999,0.07150000000000001,0.33366666666666667,0.09533951667109561,0.001
136,0.20600000000000002,0.0775,0.7769999999999999,0.082559688680862,0.0825,0.4151284952003184,0.663588563664039,0.1035,0.41091622691292873,0.19534140716390816,0.02
137,0.1095,0.051000000000000004,0.6729999999999999,0.008,0.062,0.1125,0.8541179828734539,0.05249999999999999,0.4584583333333333,0.14300000000000002,0.0
138,0.007000000000000001,0.009,0.5265,0.027439785731150433,0.027000000000000003,0.135,0.9434999999999999,0.001,0.223,0.06667469001894313,0.0025
139,0.7859999999999999,0.07300000000000001,0.7895,0.01488201870618773,0.14250000000000002,0.29533824363488265,0.9760000000000002,0.1365,0.678,0.133,0.006
140,0.014000000000000002,0.025,0.546,0.07747029702970297,0.026000000000000002,0.118,0.9235000000000001,0.010499999999999999,0.3985,0.056499999999999995,0.006
141,0.11399999999999999,0.16299999999999998,0.909,0.020999999999999998,0.06749999999999999,0.15035572955781468,0.48600000000000004,0.33849999999999997,0.3650833333333333,0.27999999999999997,0.002
142,0.151,0.019,0.7394999999999999,0.07038000000000001,0.0745,0.10985438042620363,0.9155000000000001,0.0345,0.40750000000000003,0.12349999999999998,0.003
143,0.5505,0.209,0.6950000000000001,0.068,0.10300000000000001,0.15594104716934792,0.8041521044989274,0.19649999999999998,0.463249504950495,0.36225353323764825,0.012993756161682551
144,0.005,0.0005,0.617,0.068,0.005,0.16650000000000004,0.9949999999999999,0.034999999999999996,0.34500000000000003,0.071,0.0025
145,0.366,0.07750000000000001,0.7190000000000001,0.06147029702970297,0.088,0.1457348371922216,0.9244999999999999,0.147,0.6249999999999999,0.2857601632625893,0.005
146,0.3215,0.23497396768402154,0.77,0.06228419182920826,0.11199999999999999,0.9620000000000001,0.5070853461563465,0.16699999999999998,0.554832892998679,0.25113186697124834,0.046
147,0.015,0.0005,0.635,0.0295,0.009,0.12999999999999998,0.993,0.019,0.32200000000000006,0.081,0.0025
148,0.026000000000000002,0.008,0.5275000000000001,0.026000000000000002,0.025,0.1725,0.8355,0.012,0.5464999999999999,0.0695,0.002
149,0.1265,0.10243530451233085,0.8935000000000001,0.13394392523364487,0.128,0.17496324704033211,0.9338584482903898,0.07949999999999999,0.686832892998679,0.05533475584941213,0.0015
150,0.527,0.051486635944700467,0.3375,0.015,0.0665,0.19277411477411477,0.32435844829038984,0.2205,0.5725823432343234,0.16515916197623515,0.003999999999999999
151,0.4205,0.05600000000000001,0.5255,0.0415,0.05550000000000001,0.20135410094637224,0.8833088989627532,0.11699999999999999,0.3310490295146789,0.33164487079574645,0.028483375913053815
152,0.0165,0.006,0.5585,0.06150000000000001,0.010499999999999999,0.13899999999999998,0.9734999999999999,0.002,0.255,0.10350000000000001,0.013000000000000001
153,0.0055,0.0015,0.5235,0.0475,0.017,0.146,0.9285,0.0005,0.3330000000000001,0.0715,0.001
154,0.024,0.051000000000000004,0.6050000000000001,0.043,0.039,0.11974911789386829,0.8965,0.013000000000000001,0.45016622691292874,0.2597535119480933,0.001
155,0.6685,0.15150000000000002,0.8564999999999999,0.07433173817957942,0.09000000000000001,0.38546266696266696,0.08461798287345386,0.1335,0.376832892998679,0.5068125931583243,0.014499999999999999
156,0.21400000000000002,0.0455,0.7765000000000001,0.0725456684377162,0.15550000000000003,0.30840205435129386,0.5333822514778725,0.05149999999999999,0.5703333333333334,0.09873698778731602,0.003
157,0.8530000000000001,0.0455,0.7495,0.03240508591675494,0.1,0.3768167679090392,0.15,0.7775000000000001,0.21749999999999997,0.1735,0.004
158,0.227,0.2125,0.6345000000000001,0.030914222263347835,0.0995,0.42083663644487357,0.5916312052344055,0.077,0.46524950495049505,0.22549999999999998,0.026970723155845498
159,0.28300000000000003,0.1435865096911988,0.5955,0.048,0.11400000000000002,0.16157754349701486,0.7880076363839577,0.089,0.4085,0.24749999999999997,0.03048766634209672
160,0.33799999999999997,0.11399999999999999,0.6674999999999999,0.05590504785985191,0.078,0.11877411477411477,0.6180668824163971,0.06100000000000001,0.3406995249406176,0.2659463894967177,0.0225
161,0.333,0.10600000000000001,0.6555,0.06339915966386554,0.0845,0.24297442245913614,0.9164999999999999,0.10800000000000001,0.47249950495049503,0.15329722831553935,0.0095
162,0.003,0.026000000000000002,0.4525,0.019350297029702968,0.009999999999999998,0.1925,0.722,0.003,0.44800000000000006,0.057499999999999996,0.0
163,0.0355,0.06899999999999999,0.5680000000000001,0.01344392523364486,0.0345,0.172,0.7674999999999998,0.029500000000000005,0.35826591045723255,0.0905,0.005
164,0.34550000000000003,0.017499999999999998,0.4964999999999999,0.03544059405940594,0.052500000000000005,0.13196324704033213,0.945,0.1505,0.473,0.2832591070204153,0.006999999999999999
165,0.0005,0.044,0.47450000000000003,0.06197029702970297,0.004,0.132,0.6245668824163969,0.0,0.2874995602462621,0.055903960396039606,0.001
166,0.175,0.0185,0.612,0.044,0.023,0.097,0.977,0.09,0.23550000000000004,0.33380712245137556,0.0005
167,0.217,0.0385,0.6485,0.1334421070067786,0.037000000000000005,0.20235410094637224,0.7746768934650875,0.19849999999999998,0.4806345942051015,0.3592051729928547,0.002
168,0.2675,0.04,0.586,0.06988118811881187,0.1385,0.13000000000000003,0.5111179828734539,0.1605,0.5759662269129289,0.10899999999999999,0.003999999999999999
169,0.019,0.0415,0.8499999999999999,0.012428619111195879,0.06600000000000002,0.15125905159956327,0.4116847531388304,0.036,0.21174999999999997,0.0631589603960396,0.008
170,0.0875,0.066,0.5130000000000001,0.012943925233644859,0.14150000000000001,0.1955360679099713,0.5861848652898508,0.0385,0.488,0.119,0.0105
171,0.4034999999999999,0.020499999999999997,0.5884999999999999,0.04438027884421095,0.08700000000000001,0.10168855218855218,0.9695,0.1115,0.527999560246262,0.18690316205533597,0.004
172,0.217,0.12350000000000001,0.7700000000000001,0.038984693877551026,0.146,0.625492751773268,0.5246968650244981,0.1045,0.5422499999999999,0.16790316205533598,0.0225
173,0.4385,0.013000000000000001,0.5485,0.014000000000000002,0.048,0.09135410094637224,0.785066882416397,0.22150000000000003,0.51475,0.1783388704318937,0.011
174,0.12450000000000001,0.1625,0.722,0.05873163982706185,0.188,0.5059358816127432,0.3850744733257635,0.445,0.399875,0.23284758580014567,0.059487348011830435
175,0.392,0.041499999999999995,0.6415,0.04994392523364486,0.0225,0.11135410094637224,0.834066882416397,0.10450000000000001,0.46149956024626204,0.1835,0.007000000000000001
176,0.07300000000000001,0.049,0.6865,0.027500000000000004,0.1775,0.1998151177049595,0.5965,0.089,0.6581662269129287,0.1135,0.001
177,0.3235,0.1775,0.739,0.03844392523364486,0.0885,0.2475969066915702,0.776790376668513,0.1445,0.6590828382838285,0.1330487300341535,0.0125
178,0.304,0.025,0.663,0.0155,0.044500000000000005,0.071,0.9245000000000001,0.08399999999999999,0.33249999999999996,0.22949999999999998,0.006
179,0.04,0.028500000000000004,0.6559999999999999,0.026000000000000002,0.007000000000000001,0.13877444987775062,0.9754999999999999,0.025999999999999995,0.34750000000000003,0.1524039603960396,0.014499999999999999
180,0.1155,0.0465,0.7859999999999999,0.06032511335245673,0.05650000000000001,0.20115015808698228,0.782133764832794,0.056499999999999995,0.7184999999999999,0.1295,0.0315
181,0.403,0.0385,0.5814999999999999,0.05791422226334784,0.128,0.10027411477411477,0.9809999999999999,0.007000000000000001,0.299,0.047255000000000005,0.0055
182,0.0095,0.03,0.5715,0.028443925233644855,0.016,0.1645,0.8024999999999999,0.027500000000000004,0.41726591045723255,0.0445,0.004
183,0.096,0.009,0.5665,0.04698469387755102,0.007000000000000001,0.1592194023379982,0.9155000000000001,0.0005,0.24433333333333335,0.0509039603960396,0.004
184,0.1125,0.027500000000000004,0.47650000000000003,0.08102217031116155,0.0035000000000000005,0.13714400256574727,0.8774999999999998,0.06799999999999999,0.43582315038363684,0.14435221291187866,0.006
185,0.057499999999999996,0.074,0.65,0.031302005500256636,0.08449999999999999,0.2602142707157312,0.07263362068965518,0.022,0.773782892998679,0.03780632411067194,0.0025
186,0.30300000000000005,0.08650000000000001,0.5465,0.048443925233644866,0.0155,0.09887710437710438,0.866740465416936,0.0945,0.44825,0.21074170874041048,0.0105
187,0.281,0.1795,0.613,0.10976126656537621,0.08,0.1746070046320501,0.8305,0.14550000000000002,0.49674862544301923,0.2840609337506995,0.0005
188,0.3529999999999999,0.13797354260089686,0.74,0.04710621753039279,0.0805,0.549,0.6173775094475173,0.11200000000000002,0.6141907318634238,0.15633774834437086,0.0185
189,0.1975,0.157,0.7565,0.028999999999999998,0.152,0.24124037719568672,0.3140388139102124,0.067,0.5923319028996691,0.26199999999999996,0.0095
190,0.076,0.1645,0.6174999999999999,0.369484693877551,0.08600000000000001,0.26705924397978187,0.884,0.077,0.59275,0.10943028757450804,0.0085
191,0.395,0.15242212080281517,0.6809999999999999,0.05691422226334782,0.08249999999999999,0.4148543804262036,0.703543625463435,0.12249999999999998,0.5551246290801187,0.12529059829059827,0.027000000000000003
192,0.27249999999999996,0.0865,0.6064999999999999,0.03498969072164949,0.088,0.13399999999999998,0.788,0.08700000000000001,0.4755,0.21150000000000002,0.007000000000000001
193,0.484,0.1365,0.6385,0.04447979797979798,0.16049999999999998,0.2545522335985971,0.8785000000000001,0.074,0.697625,0.15884126868065004,0.0055
194,0.5215,0.06396194225721785,0.5925,0.04647029702970297,0.1125,0.29861816445702793,0.9345000000000001,0.0595,0.6451662269129288,0.08290316205533596,0.014000000000000002
195,0.0935,0.034999999999999996,0.48900000000000005,0.012920353982300885,0.0705,0.1623176830903402,0.09519091608929947,0.0925,0.6155833333333334,0.08128525992861142,0.0025
196,0.0365,0.11499999999999999,0.758,0.016385275688309418,0.079,0.22350000000000003,0.6576803619369866,0.0375,0.36049999999999993,0.06949999999999999,0.0
197,0.1835,0.0215,0.5255000000000001,0.03448469387755102,0.031,0.11622360557768922,0.954,0.0655,0.36536575185354636,0.21598866156218036,0.003
198,0.0605,0.019461942257217847,0.7384999999999999,0.020484693877551023,0.09050000000000001,0.137,0.9467826349226698,0.0155,0.560749504950495,0.033499999999999995,0.002
199,0.175,0.0865,0.7425,0.05337330074009936,0.14799999999999996,0.20512855082412287,0.8109999999999999,0.0815,0.6119995049504949,0.10300000000000001,0.008
200,0.16749999999999998,0.0905,0.6765,0.02147029702970297,0.1045,0.25453595745402285,0.692,0.0755,0.4755,0.15760895452630624,0.0024935918501478808
201,0.0985,0.09097354260089686,0.5665,0.064454990907254,0.1265,0.5098217920357284,0.38846238920949416,0.065,0.1625,0.07367549668874171,0.007000000000000001
202,0.017499999999999998,0.01486113454338874,0.6205,0.0955,0.07150000000000001,0.096,0.938,0.0115,0.327,0.1418869795192365,0.002993593955321945
203,0.07750000000000001,0.036,0.7025,0.027500000000000004,0.014000000000000002,0.12050000000000001,0.7770668824163969,0.007000000000000001,0.499,0.12350000000000001,0.001
204,0.356,0.11000000000000001,0.6855,0.038,0.1045,0.2768870355638147,0.563573419331366,0.08349999999999999,0.5984166666666667,0.1609629349470499,0.024987666342096725
205,0.35750000000000004,0.2345,0.6589999999999999,0.029890651012003853,0.067,0.20265239627348858,0.757,0.134,0.40536531093797556,0.3940453574416555,0.024
206,0.29100000000000004,0.162,0.742,0.026499999999999996,0.11750000000000001,0.7883310617987789,0.4746838344063229,0.11749999999999998,0.4885,0.22529059829059825,0.041999999999999996
207,0.251,0.12248021828103683,0.7775,0.03595499090725399,0.0875,0.7499277904331493,0.5315897812343315,0.0505,0.609,0.15335004047811798,0.02
208,0.28300000000000003,0.126,0.6950000000000001,0.027500000000000004,0.09200000000000001,0.1475535212411419,0.44311798287345383,0.094,0.40241617161716176,0.28990316205533595,0.0015
209,0.5675000000000001,0.1355,0.6439999999999999,0.03279541038215972,0.1645,0.20202745177408682,0.5415899827560028,0.07749999999999999,0.432249504950495,0.3041440724550428,0.009
210,0.155,0.009500000000000001,0.55,0.040499999999999994,0.0655,0.171897432370957,0.953,0.002,0.22591666666666668,0.12335034989275732,0.009500000000000001
211,0.14300000000000002,0.08449999999999999,0.254,0.0988219001480484,0.083,0.3304829312503265,0.6906896591740318,0.0765,0.18175,0.15135034989275734,0.002
212,0.379,0.161,0.694,0.05136830389600089,0.11950000000000001,0.013000000000000001,0.8542521976434658,0.20800000000000002,0.598,0.19335083881882165,0.0105
213,0.33899999999999997,0.10149999999999999,0.757,0.045443925233644863,0.1155,0.22527411477411477,0.7216909160892996,0.0925,0.6202162269129288,0.15959174921852848,0.013000000000000001
214,0.20400000000000001,0.079,0.538,0.1278877832369088,0.097,0.29094543783435445,0.12456688241639699,0.0605,0.4789908559930474,0.20279211314426218,0.012
215,0.028499999999999998,0.01,0.556,0.027000000000000003,0.0505,0.11477444987775061,0.9694999999999998,0.0185,0.28624950495049506,0.25740396039603963,0.005
216,0.2265,0.0505,0.646,0.08436098609860986,0.121,0.20193911993114994,0.6048970378985615,0.081,0.479,0.078,0.0095
217,0.006,0.019,0.593,0.0355,0.030000000000000006,0.13,0.9765,0.006,0.30933333333333335,0.10530792079207921,0.013500000000000002
218,0.011,0.0075000000000000015,0.6020000000000001,0.07544392523364486,0.002,0.162,0.9961538210237428,0.0075,0.3125,0.07517549668874172,0.004
219,0.128,0.11499999999999999,0.6234999999999999,0.02,0.042499999999999996,0.12337127667869818,0.8855000000000001,0.0815,0.3105,0.331,0.0279431563894466
220,0.0315,0.017499999999999998,0.633,0.041,0.029500000000000005,0.15,0.671566882416397,0.01,0.20516666666666666,0.034999999999999996,0.001
221,0.07250000000000001,0.029000000000000005,0.8039999999999999,0.023775863810870882,0.0925,0.11377444987775061,0.8155000000000001,0.061,0.31099999999999994,0.044946389496717726,0.0115
222,0.4615,0.10342822384428223,0.6235,0.08147029702970296,0.048,0.09190266559823763,0.865,0.151,0.4123996827914354,0.35250000000000004,0.003
223,0.037000000000000005,0.042499999999999996,0.6499999999999999,0.030443925233644864,0.025500000000000002,0.14916659729159729,0.5035000000000001,0.034999999999999996,0.36950000000000005,0.11749999999999998,0.0
224,0.425,0.16499999999999998,0.7739999999999999,0.008,0.132,0.3602375282957973,0.6913011120859371,0.1275,0.46558283828382835,0.33336689534308955,0.019500000000000003
225,0.5784999999999999,0.0595,0.5515,0.0205,0.057999999999999996,0.2406852987936679,0.8086848652898508,0.2815,0.3,0.2687433083976178,0.0185
226,0.046,0.091,0.6060000000000001,0.0965,0.0595,0.32072978523277723,0.673066882416397,0.0305,0.44600000000000006,0.0975,0.02
227,0.8895,0.031,0.7075,0.0025,0.08800000000000001,0.15362855082412286,0.999,0.10600000000000001,0.4165,0.3685,0.0025
228,0.5015000000000001,0.285,0.7420000000000001,0.05834284137454371,0.0915,0.3930196117468099,0.7127485493467679,0.26149999999999995,0.35651666666666665,0.528521614554469,0.05199375616168256
229,0.3895,0.05500000000000001,0.6279999999999999,0.006470297029702971,0.095,0.059774114774114775,0.8414999999999999,0.14250000000000002,0.54,0.17099999999999999,0.002
230,0.225,0.044,0.695,0.017470297029702972,0.0935,0.19105379738444983,0.4433584482903899,0.095,0.3589161716171617,0.25889277899343544,0.004999999999999999
231,0.20400000000000001,0.04,0.5525,0.02294392523364486,0.0845,0.14519420738977945,0.912824749017896,0.1335,0.6292500000000001,0.18178600984408835,0.0005
232,0.016,0.015500000000000003,0.5309999999999999,0.07393181818181818,0.0095,0.1365,0.9189999999999999,0.0055000000000000005,0.31159968354430384,0.0886440724550428,0.004
233,0.506,0.036000000000000004,0.766,0.07788064520437724,0.10999999999999999,0.35154856465186535,0.898,0.083,0.5576666666666666,0.135,0.014487666342096722
234,0.139,0.19999999999999998,0.6994999999999999,0.052000000000000005,0.1115,0.1478776844547695,0.6252404654169361,0.036,0.735,0.098,0.0
235,0.057499999999999996,0.0115,0.8219999999999998,0.03547029702970297,0.051500000000000004,0.12804856465186537,0.8065,0.041,0.269,0.10790396039603962,0.008
236,0.46299999999999997,0.10592388451443571,0.5445,0.058414222263347824,0.06899999999999999,0.30429985346562727,0.9244366129960987,0.1055,0.5074333333333333,0.17441409548964487,0.0235
237,0.11599999999999999,0.0865,0.648,0.03244392523364486,0.15200000000000002,0.1702504880933601,0.6654208310367585,0.0675,0.6534,0.13385034989275732,0.0075
238,0.238,0.22897396768402153,0.6575,0.04097029702970297,0.10350000000000001,0.12096324704033212,0.6255171371213107,0.0995,0.5393328929986789,0.24829642997483575,0.031493756161682554
239,0.0055,0.034499999999999996,0.6164999999999999,0.038454990907253996,0.015500000000000003,0.1827744498777506,0.9695,0.0,0.22366666666666668,0.09730792079207921,0.006500000000000001
240,0.1675,0.0365,0.5519999999999999,0.09684984173777565,0.06000000000000001,0.11277444987775061,0.8191848652898509,0.14450000000000002,0.4668333333333333,0.29628114534612987,0.001
241,0.3485,0.027500000000000004,0.6719999999999999,0.033999999999999996,0.056499999999999995,0.08600000000000001,0.967,0.21649999999999997,0.35,0.292403162055336,0.0015
242,0.16899999999999998,0.06849999999999999,0.7515,0.024,0.079,0.2815,0.6311907692307692,0.026500000000000003,0.2935,0.1325,0.0075
243,0.0325,0.0195,0.558,0.0155,0.030500000000000006,0.148,0.8520127135116848,0.014500000000000002,0.5781662269129287,0.09578413784108859,0.0015
244,0.635,0.1409418331910965,0.603,0.0475,0.082,0.1025,0.8779999999999999,0.2535,0.309,0.4125,0.003
245,0.386,0.16047989093387866,0.6465,0.04644059405940594,0.077,0.21741811883646234,0.7499364287735089,0.087,0.5867495596653456,0.13985034989275733,0.013500000000000002
246,0.34249999999999997,0.095,0.6595000000000001,0.041970297029702966,0.271,0.16881676790903918,0.8847359657469077,0.0315,0.48425,0.23346293494704992,0.009999999999999998
247,0.08549999999999999,0.019,0.48200000000000004,0.03898469387755102,0.0595,0.118,0.710566882416397,0.007000000000000001,0.260582892998679,0.1496645047344083,0.003
248,0.24900000000000003,0.15979216992107537,0.6885,0.12866280998150267,0.1295,0.35531764443347486,0.43069091608929944,0.199,0.4616830168776371,0.2266241434382485,0.007493593955321945
249,0.229,0.04894857820191831,0.5395,0.012,0.1395,0.18218691764164013,0.6705,0.07550000000000001,0.728999504950495,0.18468778882248887,0.00698734998378203
250,0.01,0.0015,0.45500000000000007,0.051305287936956954,0.0075,0.12385410094637221,0.9135,0.006500000000000001,0.306,0.055338870431893686,0.0055
251,0.47450000000000003,0.09646194225721785,0.6040000000000001,0.017,0.096,0.158877946395738,0.8871848652898511,0.20949999999999996,0.488,0.400201878422782,0.0085
252,0.014000000000000002,0.002,0.5365,0.031,0.004,0.14049999999999999,0.9574999999999999,0.002,0.3295,0.052000000000000005,0.0034999999999999996
253,0.1935,0.075,0.716,0.08238223618005616,0.073,0.078,0.9526179828734538,0.037500000000000006,0.6437060361950601,0.1897703281234371,0.007937171522467154
254,0.2625,0.0395,0.5549999999999999,0.0195,0.056499999999999995,0.15868913226621734,0.8811179828734538,0.063,0.24949999999999997,0.28340396039603954,0.003
255,0.057999999999999996,0.123,0.938,0.0015,0.0625,0.14808719682225968,0.4915,0.45000000000000007,0.3413333333333334,0.35650000000000004,0.0
256,0.3385,0.075,0.619,0.021,0.072,0.11909088268315397,0.8930853700516351,0.10149999999999999,0.473582397949174,0.16788961069552635,0.017499999999999998
257,0.64897530436504,0.0105,0.607,0.05939915966386554,0.0245,0.14618913226621735,0.9146179828734539,0.087,0.475249504950495,0.14990316205533596,0.0005
258,0.1295,0.041499999999999995,0.55,0.014394675692059003,0.0335,0.08972360557768924,0.7006538210237429,0.10400000000000001,0.4800820129102868,0.21715875961090086,0.0015
259,0.0635,0.0335,0.8625,0.06790504785985191,0.075,0.08549999999999999,0.908566882416397,0.034499999999999996,0.8955,0.0125,0.027000000000000003
260,0.0095,0.0185,0.9155,0.0235,0.11300000000000002,0.22683313483196463,0.0455,0.0075,0.9503328929986792,0.011,0.0015
261,0.4715,0.047,0.693,0.0475,0.055499999999999994,0.21806787688254925,0.9115668824163968,0.085,0.368,0.18150000000000002,0.0015
262,0.40449999999999997,0.027500000000000004,0.674,0.0195,0.0595,0.0985,0.8389999999999999,0.1385,0.511,0.09736644744519213,0.0215
263,0.017,0.04047354260089686,0.51,0.017499999999999998,0.13749999999999998,0.20837783614467192,0.336416215532874,0.0105,0.9040000000000001,0.014338870431893688,0.002
264,0.1,0.11335071528730352,0.632,0.047999999999999994,0.099,0.24006990236640685,0.9655000000000001,0.0235,0.6085,0.1787094861660079,0.008
265,0.36500000000000005,0.0435,0.6385,0.13841004470395038,0.082,0.20041784119655412,0.8694719314938155,0.14899999999999997,0.5654980198019801,0.08049157195861914,0.0005
266,0.003,0.006500000000000001,0.4995,0.024,0.008,0.12235410094637222,0.942,0.020999999999999998,0.3081,0.0698388704318937,0.0015
267,0.29,0.0495,0.7765000000000001,0.019845641919257844,0.0365,0.2328990609823994,0.9470000000000001,0.0685,0.44549950495049506,0.1159039603960396,0.0055
268,0.223,0.3165,0.6769999999999999,0.051000000000000004,0.091,0.26860299830970874,0.7316909160892995,0.2105,0.34400000000000003,0.5308756366966175,0.008996858465608465
269,0.016499999999999997,0.0465,0.6495,0.04747029702970297,0.0425,0.15999999999999998,0.6995,0.025500000000000002,0.4038996827914353,0.121,0.0
270,0.473,0.014000000000000002,0.506,0.028999999999999998,0.047,0.06272360557768925,0.917,0.17050000000000004,0.423332892998679,0.30690316205533597,0.013000000000000001
271,0.020499999999999997,0.0155,0.5085,0.036,0.0105,0.12,0.9045000000000002,0.004,0.41,0.0425,0.0005
272,0.08800000000000001,0.0155,0.6060000000000001,0.023,0.014000000000000002,0.15562855082412286,0.8125,0.1465,0.46266666666666667,0.08049999999999999,0.0005
273,0.013500000000000002,0.016999999999999998,0.418,0.03544392523364486,0.008,0.15149999999999997,0.8549999999999999,0.0245,0.3262495049504951,0.1060104368398546,0.0
274,0.20949999999999996,0.05449999999999999,0.7005000000000001,0.04047029702970297,0.045,0.1375,0.9391582978723404,0.033,0.373,0.2895,0.0004876663420967218
275,0.3095,0.262,0.7725,0.049984693877551015,0.1105,0.079,0.49339176318991534,0.1085,0.33499999999999996,0.31199999999999994,0.024
276,0.22199999999999998,0.10200000000000001,0.7384999999999999,0.08447029702970296,0.11750000000000001,0.1533977299196922,0.7597359657469077,0.023,0.5688333333333333,0.23988430230117666,0.022
277,0.37649999999999995,0.044,0.7035,0.08263373246365262,0.0915,0.155,0.8705,0.098,0.5668735148514852,0.2704184743778101,0.020990614627291012
278,0.3795,0.3195,0.7815,0.057716142114643064,0.139,0.3654249836798234,0.6224425917239779,0.141,0.45199999999999996,0.33594687842278204,0.011500000000000002
279,0.0445,0.034999999999999996,0.642,0.044740317611316846,0.0185,0.1785,0.915,0.036,0.38516622691292873,0.0685,0.002
280,0.0635,0.0185,0.5864999999999999,0.0375,0.0315,0.16137826453243473,0.6086178707224336,0.06799999999999999,0.445,0.10590316205533597,0.0025
281,0.40700000000000003,0.13000000000000003,0.6479999999999999,0.013500000000000002,0.08449999999999999,0.22757692352320072,0.7864816554158409,0.17850000000000002,0.4345,0.4334031620553359,0.013000000000000001
282,0.6065,0.3164238845144357,0.74,0.04694059405940594,0.149,0.24249744420849612,0.9234253307067869,0.16999999999999998,0.5726662269129288,0.3370611233255332,0.020996858465608465
283,0.2795,0.18097396768402152,0.75,0.06253418193013364,0.119,0.8637975305482168,0.49350784919705476,0.1255,0.5367079624134521,0.2129858533794851,0.0335
284,0.4125,0.1655,0.569,0.13498469387755102,0.10700000000000001,0.11427411477411478,0.9058961865148291,0.1105,0.40933333333333327,0.3685,0.003
285,0.40449999999999997,0.12050000000000001,0.6499999999999999,0.10899999999999999,0.0865,0.2090206982379695,0.7627192479187686,0.09000000000000001,0.39649999999999996,0.2165,0.009500000000000001
286,0.022500000000000003,0.016500000000000004,0.611,0.023,0.023,0.174,0.953,0.006,0.3225,0.06299999999999999,0.004
287,0.1929753043650401,0.0955,0.7035,0.055081493481481184,0.2165,0.1773776282590412,0.371,0.0975,0.6031666666666666,0.10440396039603961,0.009
288,0.5815,0.26599999999999996,0.7555,0.026000000000000002,0.07300000000000001,0.29192370428597664,0.6908168940452774,0.1935,0.36850000000000005,0.4084999999999999,0.0025
289,0.327,0.2125,0.8230000000000001,0.020999999999999998,0.1045,0.2237744498777506,0.7854144411929666,0.047,0.5615,0.175,0.08498098370985023
290,0.195,0.0305,0.534,0.06047029702970297,0.05099999999999999,0.1157373618144469,0.9365,0.0505,0.2545,0.304136098747433,0.001993593955321945
291,0.2805,0.22397396768402156,0.7165,0.038828291647353345,0.10899999999999999,0.993,0.5350938335799302,0.1675,0.536665785997358,0.18918547747453063,0.045500000000000006
292,0.7089753043650402,0.063,0.8790000000000001,0.03250000000000001,0.134,0.26905901656441,0.9640000000000001,0.1065,0.774,0.124,0.005
293,0.054000000000000006,0.032,0.6245,0.030484693877551018,0.0365,0.14350000000000002,0.8185,0.077,0.5207,0.1035,0.0034999999999999996
294,0.31799999999999995,0.1355,0.7925,0.042970297029702974,0.0945,0.23063487408387337,0.6974994352466405,0.12200000000000003,0.5315,0.22633965741621748,0.021
295,0.29050000000000004,0.3964735426008969,0.633,0.06146252500897757,0.1275,0.37090205435129386,0.6661784826839247,0.1755,0.44249956024626214,0.4129933873951811,0.010496858465608466
296,0.0395,0.0385,0.6125,0.0595,0.0455,0.21817616912540863,0.639,0.0045,0.3625,0.0615,0.0
297,0.21400000000000002,0.08446194225721786,0.7,0.03570034341957234,0.123,0.35071360052101763,0.6471537088727224,0.11600000000000002,0.4861995249406176,0.13399999999999998,0.023999999999999997
298,0.46749999999999997,0.0435,0.5589999999999999,0.0195,0.0375,0.11000000000000001,0.8265,0.1315,0.5817,0.21023213835139348,0.003
299,0.13999999999999999,0.053000000000000005,0.615,0.02594392523364486,0.11200000000000002,0.13662793957717909,0.8329876019707724,0.14250000000000002,0.52425,0.13090316205533598,0.010499999999999999
300,0.099,0.076,0.6255000000000001,0.02247029702970297,0.15250000000000002,0.1174121441394907,0.7625,0.035,0.48599999999999993,0.261,0.006
301,0.079,0.028500000000000004,0.77,0.04944392523364486,0.11950000000000001,0.08399999999999999,0.898,0.0305,0.5755833333333333,0.076,0.0045
302,0.19049999999999997,0.10149999999999999,0.661,0.0875,0.083,0.129,0.5441580007733728,0.088,0.454249504950495,0.1774463894967177,0.008
303,0.10299999999999998,0.05650000000000001,0.4105,0.02147029702970297,0.14950000000000002,0.3005620353816397,0.46285768015663525,0.0735,0.5673,0.094,0.0115
304,0.36049999999999993,0.031000000000000007,0.643,0.08319695442430806,0.0945,0.11500000000000002,0.9675,0.032499999999999994,0.4257156961813456,0.12467623854635657,0.0035000000000000005
305,0.2045,0.1315,0.6779999999999999,0.06447029702970297,0.063,0.15862821572048702,0.9045606466690013,0.1305,0.594,0.17462540627089324,0.0015
306,0.2835,0.13238112944276806,0.5205,0.089,0.0445,0.1211284952003184,0.7115,0.051500000000000004,0.7719999999999999,0.11200000000000002,0.002
307,0.27199999999999996,0.12250000000000001,0.7144999999999999,0.083,0.11299999999999999,0.2546140675851195,0.6755668824163971,0.11700000000000002,0.24625,0.08499999999999999,0.014000000000000002
308,0.702,0.1375,0.557,0.05535557271801238,0.1265,0.24887794639573796,0.8048028481633047,0.21200000000000002,0.2710911912308505,0.4748071224513756,0.030945110312810782
309,0.207,0.05450000000000001,0.6235,0.038000000000000006,0.028999999999999998,0.18273489562085035,0.9298584482903898,0.044000000000000004,0.48125,0.21911504324345477,0.0034999999999999996
310,0.0885,0.12050000000000001,0.776,0.062350297029702975,0.07999999999999999,0.24323803202171854,0.601566882416397,0.021,0.8665,0.053000000000000005,0.001
311,0.016499999999999997,0.018000000000000002,0.43900000000000006,0.0335,0.013500000000000002,0.1495,0.9410000000000001,0.013000000000000001,0.3385,0.19,0.003
312,0.29,0.043500000000000004,0.6825,0.03939891614089885,0.1105,0.19,0.7828853275910944,0.097,0.5477490099009901,0.1807073207967711,0.008
313,0.202,0.125,0.7064999999999999,0.023,0.025500000000000002,0.1293754698301923,0.8305,0.06,0.5261662269129287,0.19,0.006
314,0.33649999999999997,0.1935,0.7424999999999999,0.0363069166953937,0.1165,0.28748240742580744,0.8230000000000001,0.073,0.451499504950495,0.3769468784227821,0.008000000000000002
315,0.025500000000000002,0.013000000000000001,0.5900000000000001,0.016499999999999997,0.0715,0.076,0.4396909160892994,0.012,0.3605,0.03849999999999999,0.0
316,0.164,0.006500000000000001,0.372,0.05148469387755102,0.036,0.1305,0.899480930833872,0.015,0.1963496835443038,0.10554803285108241,0.002
317,0.0185,0.0175,0.651,0.06799999999999999,0.033999999999999996,0.11299999999999999,0.9490000000000001,0.023,0.3035,0.13274170874041047,0.004998382413936126
318,0.274,0.055999999999999994,0.55,0.05443361595529435,0.0215,0.05477444987775061,0.9189487145949959,0.1465,0.425,0.22340396039603966,0.009
319,0.2495,0.11898021828103685,0.6005,0.04794059405940594,0.129,0.3296357971354077,0.5305278149170827,0.06799999999999999,0.37475,0.26749999999999996,0.011000000000000001
320,0.306,0.07150000000000001,0.5725,0.1093947385815014,0.21349999999999997,0.1882744498777506,0.9285,0.078,0.4428731984921481,0.1905794570847813,0.027989038909924952
321,0.18050000000000002,0.09649999999999999,0.6595,0.037000000000000005,0.1075,0.12185410094637224,0.806566882416397,0.11749999999999998,0.5596662269129287,0.20544687842278203,0.0105
322,0.06999999999999999,0.01,0.48,0.005420353982300885,0.088,0.17360758470971524,0.197,0.0365,0.60325,0.053392778993435454,0.0
323,0.121,0.06799999999999999,0.763,0.038,0.0685,0.18848369397216608,0.869,0.043000000000000003,0.513375,0.101,0.0
324,0.251,0.22149999999999997,0.767,0.043500000000000004,0.1125,0.40449437531755594,0.55062226366189,0.129,0.23400000000000004,0.6787905982905984,0.025500000000000002
325,0.279,0.154,0.7354999999999999,0.052950095009500944,0.1265,0.8683196662269534,0.5944940974085873,0.0645,0.543875,0.19213843163579164,0.02
326,0.3985,0.17850000000000002,0.7310000000000001,0.06799999999999999,0.11149999999999997,0.21070941666745185,0.9305508482356517,0.063,0.6103656965577793,0.28660812948961556,0.024
327,0.6165,0.08348021828103683,0.6915,0.026500000000000003,0.153,0.1592688815468341,0.9644999999999999,0.124,0.4658333333333333,0.26799999999999996,0.0175
328,0.426,0.124,0.609,0.016190412620817798,0.064,0.125,0.8945000000000001,0.24650000000000002,0.3781995249406176,0.2665,0.0075000000000000015
329,0.0005,0.0034999999999999996,0.5125,0.033,0.0155,0.156,0.891,0.001,0.383,0.075,0.0015
330,0.006,0.003961942257217847,0.5525,0.0345,0.007000000000000001,0.1485,0.9549999999999998,0.0015,0.288332892998679,0.06859366964675492,0.0025
331,0.276,0.011,0.541,0.023954990907253993,0.05650000000000001,0.1392374207747748,0.8290668824163969,0.076,0.3431416666666667,0.1871083684359475,0.002
332,0.014500000000000002,0.0105,0.505,0.043,0.019,0.13799999999999998,0.9189999999999999,0.0085,0.29825,0.045,0.0015
333,0.429,0.21947354260089685,0.6755,0.061,0.173,0.22268881412952063,0.7338180494750739,0.21050000000000005,0.56525,0.2586937603459343,0.0125
334,0.027499999999999997,0.03,0.5725,0.06425456305102847,0.016,0.1315,0.957035838150289,0.033,0.2340828382838284,0.13688228915072498,0.0105
335,0.05600000000000001,0.14700000000000002,0.8885,0.012,0.074,0.1809359952099035,0.5315,0.5055,0.46425,0.1275,0.016499999999999997
336,0.2704753043650401,0.1675,0.662,0.1047226348381491,0.09,0.10802194896148525,0.636240465416936,0.2085,0.5509995602462621,0.24378261490822384,0.011000000000000001
337,0.032,0.020499999999999997,0.6485,0.019,0.002,0.13598265177049507,0.9035,0.025500000000000002,0.433,0.13640316205533595,0.0
338,0.39749999999999996,0.1965,0.851,0.015940594059405944,0.0925,0.24952028440123453,0.9407577985056964,0.0725,0.5980828382838285,0.2730516916706197,0.03748110417351298
339,0.6385,0.022884574330450068,0.6775,0.011,0.1745,0.22042776768683078,0.985,0.045,0.5930833333333334,0.20490316205533596,0.002
340,0.05,0.0595,0.6559999999999999,0.025500000000000002,0.061,0.10477411477411477,0.8115668824163969,0.0125,0.338,0.089,0.0015
341,0.545,0.199,0.613,0.04098469387755102,0.0795,0.7120995868728205,0.7665,0.39449999999999996,0.4179995049504951,0.3806798037584992,0.04
342,0.217,0.0385,0.6485,0.1334421070067786,0.037000000000000005,0.20235410094637224,0.7746768934650875,0.19849999999999998,0.4806345942051015,0.3592051729928547,0.002
343,0.142,0.041836216871013285,0.4995,0.21597029702970297,0.149,0.35018881412952063,0.8793088989627533,0.0675,0.4407490099009902,0.11516530307511193,0.004
344,0.092,0.09347989093387866,0.6759999999999999,0.037378541107164515,0.10300000000000001,0.31500000000000006,0.5962323517346585,0.057499999999999996,0.2445,0.11199999999999999,0.0095
345,0.5389999999999999,0.646,0.851,0.06878737012410488,0.12200000000000003,0.35017200926898273,0.2088213366818618,0.613,0.7765000000000001,0.07855533861659184,0.0105
346,0.085,0.0075,0.6545,0.041499999999999995,0.0115,0.11299999999999999,0.923,0.014499999999999999,0.3296995249406176,0.10446328538985616,0.0085
347,0.25949999999999995,0.0375,0.502,0.0435,0.026000000000000002,0.1435,0.8925000000000001,0.12249999999999998,0.3465,0.37290396039603957,0.013000000000000001
348,0.38,0.3015,0.7674999999999998,0.08941422226334783,0.14350000000000002,0.2246862583380167,0.843231534465613,0.11599999999999999,0.5955,0.19209692240127024,0.0155
349,0.327,0.07247354260089686,0.5685,0.08850000000000001,0.132,0.20585127167101058,0.975,0.052500000000000005,0.44783333333333325,0.1635,0.02
350,0.014000000000000002,0.008,0.523,0.060126975292252596,0.0034999999999999996,0.09485410094637224,0.8905,0.093,0.3043241884947988,0.07945951101245557,0.01
351,0.0635,0.05450000000000001,0.605,0.0445,0.086,0.18993558535586025,0.8717251802887376,0.074,0.4251666666666667,0.0589039603960396,0.004999999999999999
352,0.5895,0.06100000000000001,0.5415,0.01995499090725399,0.11350000000000002,0.22088341574524314,0.7056848652898509,0.4205,0.4590828382838284,0.28856650866281613,0.02398734998378203
353,0.631,0.04144155510934615,0.4615,0.0715,0.08,0.07499772035180403,0.841,0.1875,0.46537500000000004,0.36750000000000005,0.00349375616168255
354,0.271,0.20800000000000002,0.8130000000000001,0.024590804966536726,0.083,0.4787442766275796,0.5023755971565604,0.10500000000000001,0.5925648164693871,0.2469817347176715,0.015500000000000003
355,0.3055,0.039,0.7310000000000001,0.0395,0.033,0.122,0.9129999999999999,0.081,0.6084166666666666,0.1599738470918039,0.0025
356,0.181,0.0235,0.5860000000000001,0.049372544344840744,0.018000000000000002,0.1905,0.8446337648327941,0.198,0.4233328382838284,0.3727379179047481,0.0035000000000000005
357,0.4085,0.0725,0.6125,0.04132444760082251,0.0945,0.14837102146568498,0.8662404654169361,0.07050000000000001,0.4709578382838284,0.2655979116069601,0.004
358,0.0795,0.0505,0.7395,0.0518845192930508,0.073,0.22186591597509325,0.23856688241639698,0.095,0.4997495049504951,0.0752535119480933,0.0085
359,0.035500000000000004,0.027000000000000003,0.514,0.0345,0.0295,0.21074459726532893,0.85,0.004,0.37249999999999994,0.24374170874041048,0.0035000000000000005
360,0.091,0.041,0.6024999999999999,0.045,0.10700000000000001,0.1148750779315824,0.604566882416397,0.05449999999999999,0.6054999999999999,0.28900000000000003,0.0025
361,0.028000000000000004,0.022500000000000003,0.4734999999999999,0.03150000000000001,0.0375,0.2262741147741148,0.713,0.017,0.261,0.08250000000000002,0.003
362,0.18849999999999997,0.1075,0.552,0.09710364258593229,0.1595,0.4314986848995561,0.4265473938020734,0.0855,0.539,0.138,0.0165
363,0.05050000000000001,0.0205,0.422,0.06348469387755103,0.01,0.13999999999999999,0.9285,0.0235,0.42366622691292877,0.16517661877626452,0.001
364,0.7075,0.073,0.6485000000000001,0.03250000000000001,0.07550000000000001,0.2399173395407881,0.5651848652898508,0.34550000000000003,0.252,0.2977527136073897,0.003
365,0.0615,0.06488656143045865,0.8855000000000001,0.075,0.123,0.22718913226621734,0.17799365210158374,0.044,0.8248333333333333,0.06593159379407616,0.009
366,0.051500000000000004,0.05800000000000001,0.716,0.0235,0.0625,0.119,0.5821179828734538,0.022000000000000002,0.635,0.1375,0.013000000000000001
367,0.339,0.18900221283035035,0.672,0.053470297029702976,0.0755,0.2759020543512939,0.6685544017114173,0.0945,0.4445,0.12146293494704993,0.024
368,0.31100000000000005,0.15350000000000003,0.7295,0.04444059405940594,0.1115,0.7116537624167472,0.5620489129535385,0.067,0.5688740099009901,0.19913849480284293,0.012993591850147881
369,0.28450000000000003,0.1085,0.6015,0.011920353982300885,0.06699999999999999,0.1885,0.9359999999999999,0.13,0.4021666666666667,0.253,0.013000000000000001
370,0.791,0.0055,0.699,0.006500000000000001,0.10799999999999998,0.09068855218855218,0.9865,0.12999999999999998,0.568,0.384,0.005
371,0.07349999999999998,0.168,0.719,0.08275562373376583,0.186,0.6360185019710191,0.5601152203698659,0.08,0.23850000000000002,0.0235,0.014499999999999999
372,0.006500000000000001,0.0045000000000000005,0.5730000000000001,0.0345,0.0155,0.177,0.9505668824163969,0.005,0.3481666666666667,0.0905,0.002
373,0.44799999999999995,0.03776463190995273,0.587,0.026440594059405943,0.0925,0.18341594429887428,0.7659673880615003,0.1065,0.4584079616782293,0.3382610943451766,0.002993591850147881
374,0.16699999999999998,0.05289682168642401,0.7190000000000001,0.030739182736462256,0.0495,0.2529601209459597,0.4526337648327939,0.05650000000000001,0.6223127988948379,0.2996064373453538,0.0015
375,0.0975,0.032499999999999994,0.9555,0.025970297029702966,0.08700000000000001,0.2263173513232278,0.45260827016932825,0.035500000000000004,0.908,0.037,0.0024873458792991562
376,0.019,0.020999999999999998,0.4795,0.026500000000000003,0.05,0.13899999999999998,0.7969999999999999,0.0055,0.33366666666666667,0.057999999999999996,0.0015
377,0.033,0.0505,0.553,0.029984693877551018,0.0305,0.10299999999999998,0.8956538210237428,0.12150000000000001,0.31049950495049505,0.10617549668874174,0.002
378,0.371,0.013500000000000002,0.552,0.0245,0.028500000000000004,0.059688552188552194,0.9280000000000002,0.06749999999999999,0.40499999999999997,0.269,0.0075000000000000015
379,0.35150000000000003,0.24147354260089687,0.6765000000000001,0.04185299777355191,0.21949999999999997,0.053000000000000005,0.8345338202419402,0.148,0.49799999999999994,0.23650000000000002,0.010499999999999999
380,0.0,0.030000000000000006,0.6415,0.04547029702970297,0.0095,0.21749999999999997,0.9789999999999999,0.001,0.322,0.063,0.004
381,0.137,0.13599999999999998,0.6505,0.012941424646781791,0.11850000000000001,0.28884151157276683,0.3761179828734538,0.1365,0.408332892998679,0.11949999999999998,0.004999999999999999
382,0.27999999999999997,0.05737233573523067,0.666,0.05348969072164948,0.11399999999999999,0.3008113138709663,0.9469999999999998,0.045500000000000006,0.5479999999999999,0.18440316205533597,0.0005
383,0.5455,0.12450000000000001,0.6655,0.009999999999999998,0.0645,0.05989073815073816,0.919617982873454,0.2245,0.4095,0.3785,0.0329576285730016
384,0.3015,0.0125,0.5934999999999999,0.065,0.027500000000000004,0.1545,0.9039999999999999,0.079,0.3619495249406176,0.15,0.013500000000000002
385,0.483,0.026500000000000003,0.7065,0.016999999999999998,0.07200000000000001,0.1635860914935084,0.718566882416397,0.1975,0.5972495049504951,0.1198388704318937,0.005
386,0.0595,0.034,0.6045,0.016,0.016,0.18080493373339407,0.867,0.0235,0.5315000000000001,0.0905,0.0009904489795918368
387,0.11850000000000001,0.0235,0.593,0.06997029702970296,0.029000000000000005,0.11298293125032648,0.8150000000000001,0.0245,0.404,0.1995,0.012
388,0.4099139951740779,0.229,0.6845,0.096,0.11399999999999999,0.753,0.5423509125804885,0.1715,0.5054157312825074,0.20212834663496912,0.0245
389,0.6879139951740779,0.039,0.5715,0.0445,0.09,0.13100616211622496,0.688066882416397,0.34900000000000003,0.412249504950495,0.38743159379407616,0.001
390,0.2205,0.11829860822681915,0.7795,0.035470297029702974,0.13,0.3230255112225835,0.4919689668568744,0.0925,0.663,0.08694638949671774,0.018
391,0.084,0.07,0.6715,0.004,0.11299999999999999,0.06909682680094754,0.664,0.013000000000000001,0.3925,0.537,0.0025
392,0.175,0.053000000000000005,0.6895,0.046954990907253996,0.24749999999999997,0.13954856465186538,0.814808786811733,0.1695,0.613997195009355,0.12590316205533597,0.006500000000000001
393,0.185,0.16299999999999998,0.449,0.025926118524332808,0.094,0.3689352985568136,0.132066882416397,0.13949999999999999,0.39158283828382834,0.27483475584941214,0.002
394,0.5745,0.036000000000000004,0.5995000000000001,0.061,0.11549999999999998,0.10327444987775061,0.951117982873454,0.1585,0.48774999999999996,0.21349999999999997,0.015
395,0.035,0.003,0.3815,0.03385029702970297,0.012,0.2105,0.8255000000000001,0.008,0.38050000000000006,0.08700000000000001,0.0045
396,0.0505,0.18338582677165355,0.8344999999999999,0.010989690721649483,0.07650000000000001,0.21149127207957807,0.6539999999999999,0.4600000000000001,0.45154023623300243,0.24886609700238593,0.002
397,0.05700000000000001,0.064,0.5655,0.027000000000000003,0.0615,0.1355,0.8355,0.014500000000000002,0.38741622691292876,0.18824170874041046,0.0005
398,0.28450000000000003,0.11532047884258372,0.5549999999999999,0.030000000000000006,0.1055,0.12142589980065958,0.500307347833333,0.199,0.5335,0.312,0.006
399,0.3755,0.1855,0.6295,0.01794059405940594,0.08299999999999999,0.16995732471794608,0.7593755223695997,0.11299999999999999,0.291,0.25600000000000006,0.0105
400,0.009000000000000001,0.0075000000000000015,0.5205,0.056999999999999995,0.04,0.127,0.9275,0.002,0.41374950495049506,0.047,0.001
401,0.0875,0.05800000000000001,0.8630000000000001,0.097,0.11699999999999999,0.3702040018878086,0.15225160356310902,0.068,0.8480000000000001,0.10328114534612984,0.009
402,0.6515,0.11499999999999999,0.5315000000000001,0.059,0.13299999999999998,0.1305,0.738,0.201,0.341249504950495,0.42724170874041045,0.001990448979591837
403,0.417,0.0625,0.556,0.0625,0.0735,0.10768855218855218,0.7944425169370171,0.26349999999999996,0.5469995602462621,0.34750000000000003,0.0105
404,0.496,0.11499999999999999,0.6629999999999999,0.03,0.11200000000000002,0.4508657075587769,0.6384935800300143,0.194,0.2898333333333334,0.37080180537894364,0.025
405,0.36300000000000004,0.19397396768402153,0.6545,0.0818845192930508,0.1095,0.14661585950896472,0.7436275290853981,0.11399999999999999,0.5452903603626261,0.2094903811857563,0.031
406,0.141,0.07244216053825468,0.6435000000000001,0.03245907847675152,0.065,0.27096266696266696,0.3075491794317421,0.1415,0.44479117161716175,0.08163150290977972,0.006999999999999999
407,0.3775,0.263,0.7115,0.046,0.09749999999999999,0.16820766230037232,0.46229206898359365,0.1255,0.3955,0.49499999999999994,0.009
408,0.26,0.0315,0.5035000000000001,0.023430284781055424,0.041999999999999996,0.13704822954822954,0.8755,0.057499999999999996,0.3565,0.2919463894967177,0.001
409,0.383,0.14450000000000002,0.5469999999999999,0.0355,0.045,0.08218913226621735,0.774240465416936,0.16349999999999998,0.383375,0.28700000000000003,0.013500000000000002
410,0.274,0.11145418596505836,0.6935,0.07532877107329473,0.06949999999999999,0.1035,0.945,0.082,0.646,0.22173101626387065,0.003
411,0.076,0.17991837866954785,0.7284999999999999,0.024,0.08800000000000001,0.4232935429774988,0.3602358535958873,0.205,0.43233333333333335,0.20911828581191752,0.008499999999999999
412,0.0165,0.06590091116173122,0.6199999999999999,0.0125,0.069,0.4125,0.45395644488500675,0.069,0.40499999999999997,0.021500000000000002,0.0095
413,0.0105,0.010499999999999999,0.526,0.0475,0.0085,0.16099999999999998,0.9137404654169359,0.002,0.4056666666666667,0.05557945708478133,0.0025
414,0.36100000000000004,0.1155,0.6635,0.017499999999999998,0.08800000000000001,0.31088054488911976,0.26673596574690767,0.2145,0.5781666666666666,0.22284014634228183,0.0095
415,0.308,0.127,0.7505,0.08945418257899848,0.1,0.18666220294126287,0.914,0.0615,0.5655,0.298253202533454,0.013500000000000002
416,0.5439999999999999,0.15699999999999997,0.6875,0.1099896907216495,0.1065,0.302092722674126,0.8360000000000001,0.195,0.47199950495049503,0.2163495515520537,0.0215
417,0.6325000000000001,0.10400000000000001,0.7074999999999999,0.0645,0.1135,0.1927373618144469,0.7017359657469078,0.323,0.5069162263320124,0.2627905982905983,0.008
418,0.33849999999999997,0.23497396768402154,0.7135,0.05328419182920826,0.10650000000000001,0.998,0.4854554532432518,0.179,0.530832892998679,0.25213186697124834,0.048
419,0.037,0.03849999999999999,0.569,0.0801526110831963,0.0075,0.22349999999999998,0.9705,0.0105,0.332915290947853,0.0849477516594912,0.007000000000000001
420,0.39849999999999997,0.089,0.5845,0.051000000000000004,0.09,0.051000000000000004,0.8136627354320944,0.155,0.5040823979491741,0.28109854476841867,0.025
421,0.0005,0.007000000000000001,0.425,0.0115,0.0235,0.1535,0.8665,0.0015,0.32100000000000006,0.08449999999999999,0.001
422,0.0125,0.0034999999999999996,0.449,0.013500000000000002,0.0235,0.16699999999999998,0.7371179828734539,0.011,0.3375,0.079,0.003
423,0.42700000000000005,0.15250000000000002,0.616,0.07043361595529435,0.225,0.0685,0.862808752104223,0.153,0.378832397949174,0.17835620286654968,0.006999999999999999
424,0.1015,0.11709659695309589,0.5015,0.07691422226334782,0.07150000000000001,0.17399805545543984,0.7328584482903899,0.05800000000000001,0.61175,0.11699999999999999,0.0025
425,0.135,0.1135,0.8789999999999999,0.03040504785985191,0.08449999999999999,0.11600000000000002,0.9435,0.015,0.27349999999999997,0.08090396039603961,0.0055
426,0.001,0.0025,0.5375,0.08867624096953555,0.006500000000000001,0.09785410094637223,0.852,0.0015,0.2585,0.0635,0.012
427,0.30199999999999994,0.179,0.762,0.02948469387755102,0.10800000000000001,0.10200000000000001,0.5207738924674818,0.098,0.39249999999999996,0.27,0.025
428,0.081,0.076,0.665,0.056443925233644866,0.041999999999999996,0.11263125877327243,0.8505290874970678,0.0455,0.6488333333333334,0.10636756756756756,0.007475016325878753
429,0.1325,0.007000000000000001,0.6345,0.047,0.0305,0.1025,0.9159999999999998,0.006,0.34700000000000003,0.10650000000000001,0.07949999999999999
430,0.2415,0.2615,0.7515,0.06348969072164948,0.0915,0.38327383863080683,0.5122207034401398,0.11499999999999999,0.3954069228897916,0.40314407245504286,0.018000000000000002
431,0.2895,0.05650000000000001,0.6375,0.04648469387755102,0.05750000000000001,0.20527444987775062,0.8861725787430064,0.12449999999999999,0.6162495049504951,0.10899999999999999,0.0045
432,0.30250000000000005,0.135,0.6325000000000001,0.06647029702970297,0.10700000000000001,0.123,0.8245034233409262,0.063,0.557790290947853,0.11704350276297423,0.022000000000000002
433,0.72047530436504,0.184,0.798,0.0779743845992005,0.097,0.1944670241484811,0.7616753528076379,0.6565,0.4097485148514851,0.4081566740034293,0.012483332365164683
434,0.11499999999999999,0.0895,0.873,0.1713694566935685,0.1485,0.170317117498468,0.9586177979255066,0.066,0.339875,0.05511969203120435,0.0025
435,0.1325,0.022,0.5095,0.019,0.0465,0.15572360557768924,0.7755000000000001,0.07300000000000001,0.2445,0.12423698778731602,0.011
436,0.3715,0.093,0.5650000000000001,0.028470297029702975,0.07949999999999999,0.2603924825174825,0.9295,0.11649999999999998,0.4404162269129287,0.15140316205533597,0.013000000000000001
437,0.031000000000000007,0.05500000000000001,0.5865,0.0025,0.018,0.12526062594237064,0.7095,0.010499999999999999,0.4095,0.32090396039603963,0.007976813744470077
438,0.681,0.009000000000000001,0.48250000000000004,0.037,0.0115,0.15950000000000003,0.6525,0.24850000000000003,0.34700000000000003,0.1345,0.001
439,0.3445,0.052500000000000005,0.6234999999999999,0.020730046389869368,0.07050000000000001,0.10027444987775061,0.8636179828734539,0.282,0.7005000000000001,0.18,0.003
440,0.1905,0.09787606837606838,0.7460000000000001,0.034314804074106225,0.0665,0.4457744498777506,0.6171473646215417,0.0645,0.4776995249406175,0.16099999999999998,0.025
441,0.5189999999999999,0.1295,0.7489999999999999,0.027000000000000003,0.075,0.1801661801183388,0.9410000000000001,0.05650000000000001,0.3202495049504951,0.273,0.0025
442,0.39149999999999996,0.1097517591168197,0.772,0.05488337209944807,0.07400000000000001,0.3594265110476033,0.42356688241639695,0.21549999999999997,0.6677495596653455,0.13887989607111512,0.006500000000000001
443,0.013500000000000002,0.1745,0.7825,0.0655,0.1115,0.17546009696882356,0.9040668824163969,0.0185,0.485,0.0725,0.0
444,0.2105,0.1375,0.8699999999999999,0.02392035398230089,0.098,0.14377444987775062,0.9309764311638435,0.0155,0.333,0.0995,0.008496858465608466
445,0.29100000000000004,0.23997396768402157,0.7675000000000001,0.06061821980480904,0.0815,0.9143195350622844,0.54825278879345,0.1375,0.5876662263320124,0.21709541578437452,0.032499999999999994
446,0.261,0.034999999999999996,0.4675000000000001,0.0245,0.06150000000000001,0.1288676081434365,0.956035838150289,0.12050000000000001,0.2701156965577793,0.3125,0.007999999999999998
447,0.049,0.052000000000000005,0.5790000000000001,0.04447029702970297,0.11499999999999999,0.22462712323220374,0.5875000000000001,0.11499999999999999,0.45,0.0365,0.001
448,0.005,0.0,0.61,0.029000000000000005,0.018000000000000002,0.1565,0.7044999999999999,0.0175,0.252,0.019999999999999997,0.0
449,0.0719753043650401,0.16090281089357977,0.625,0.058758954908004736,0.15899999999999997,0.5204795952850759,0.5047721289533276,0.1105,0.39449999999999996,0.084,0.007987345879299156
450,0.45199999999999996,0.123,0.631,0.08591004470395038,0.10950000000000001,0.07350000000000001,0.9455,0.209,0.616749504950495,0.18639375684556408,0.0115
451,0.2895,0.05650000000000001,0.6375,0.04648469387755102,0.05750000000000001,0.20527444987775062,0.8861725787430064,0.12449999999999999,0.6162495049504951,0.10899999999999999,0.0045
452,0.193,0.10600000000000001,0.563,0.06798469387755102,0.13399999999999998,0.11950000000000001,0.9440668824163969,0.032,0.458,0.057104233573211795,0.0025
453,0.13649999999999998,0.0055,0.5135,0.06300000000000001,0.011,0.1385,0.8623256874994665,0.036000000000000004,0.3875,0.182,0.0
454,0.0055,0.021,0.5075000000000001,0.0505,0.004999999999999999,0.147,0.9676538210237429,0.016,0.3097495049504951,0.07738578119545327,0.0
455,0.074,0.0975,0.868,0.0645,0.1305,0.1988653603519539,0.1915,0.038,0.8795,0.13190316205533598,0.006500000000000001
456,0.034,0.0885,0.7065,0.0185,0.0395,0.17381734798670437,0.7176179828734538,0.051000000000000004,0.6451662269129288,0.14699999999999996,0.00199375616168255
457,0.4135000000000001,0.089,0.6605,0.08697438459920051,0.092,0.2304823166668593,0.8221743075825078,0.12450000000000001,0.5173328382838284,0.1919039603960396,0.009000000000000001
458,0.006500000000000001,0.0075,0.5834999999999999,0.03297029702970297,0.002,0.1635,0.873,0.001,0.40891666666666665,0.05840396039603961,0.0
459,0.248,0.0095,0.34550000000000003,0.0165,0.013500000000000002,0.1426440025657473,0.9254999999999999,0.0365,0.433,0.2,0.002
460,0.078,0.132,0.7820000000000001,0.027970297029702974,0.081,0.3567741147741148,0.5502592930483114,0.0765,0.4414999999999999,0.1085,0.006500000000000001
461,0.078,0.006,0.5745000000000001,0.05450000000000001,0.013000000000000001,0.13122360557768925,0.986,0.014000000000000002,0.3970823979491741,0.0871081561856026,0.003
462,0.0695,0.10400000000000001,0.5865,0.08528086065496934,0.149,0.4599181188364624,0.4283733158754591,0.093,0.2785,0.051000000000000004,0.0
463,0.4295,0.266,0.6704999999999999,0.031989690721649484,0.123,0.30254133672470906,0.734770235341486,0.1935,0.39004073128250744,0.33403822317185244,0.007980344849504769
464,0.031,0.06398021828103684,0.9165000000000001,0.01579200052069571,0.0895,0.35738916380793084,0.02861798287345385,0.0375,0.2435,0.5239463894967177,0.001496775260459732
465,0.034,0.11599999999999999,0.648,0.051847381781234624,0.006,0.10200000000000001,0.9465,0.0225,0.4593319034805855,0.0884646160850634,0.006500000000000001
466,0.33449999999999996,0.127,0.686,0.013000000000000001,0.059,0.27423796160324715,0.7716100838456172,0.074,0.40624950495049506,0.2825,0.025
467,0.1815,0.1695,0.5395000000000001,0.0851842428449617,0.147,0.46858393366390516,0.5096397920496416,0.11299999999999999,0.661,0.17450000000000002,0.0195
468,0.2575,0.138,0.7415,0.04165615607137617,0.141,0.2497136469799807,0.8414999999999999,0.084,0.5914926271512114,0.11364107996008407,0.008987350117004494
469,0.044000000000000004,0.0315,0.45899999999999996,0.034351962458901764,0.068,0.1295,0.20811798287345384,0.052000000000000005,0.6104737481601445,0.06008252963853067,0.0005
470,0.032,0.023,0.6375,0.01097029702970297,0.026500000000000003,0.136,0.826,0.0035000000000000005,0.44000000000000006,0.027500000000000004,0.0005
471,0.0785,0.0365,0.8685,0.0335,0.0905,0.23301125940558168,0.4232313502430232,0.0435,0.8465,0.052500000000000005,0.0024873458792991562
472,0.017499999999999998,0.0395,0.5485000000000001,0.025500000000000002,0.05750000000000001,0.12250000000000001,0.921,0.014499999999999999,0.254,0.362,0.008499999999999999
473,0.5105000000000001,0.10648663594470047,0.5494999999999999,0.041470297029702965,0.20750000000000002,0.19254822954822953,0.9085000000000001,0.099,0.35750000000000004,0.4128668953430895,0.0105
474,0.26949999999999996,0.17149999999999999,0.6115,0.07797979797979797,0.17900000000000002,0.11401153554888958,0.852,0.1145,0.577625,0.19523641852330204,0.013000000000000001
475,0.5505000000000001,0.0385,0.662,0.04992035398230088,0.08549999999999999,0.11950000000000001,0.914,0.1045,0.5405823979491741,0.18685034989275734,0.033499999999999995
476,0.1265,0.053000000000000005,0.5210000000000001,0.015000000000000003,0.1125,0.1877046565497184,0.07250000000000001,0.11000000000000001,0.61025,0.15729594104877143,0.005975178665461821
477,0.0955,0.016999999999999998,0.6835,0.029000000000000005,0.3955000000000001,0.093,0.93,0.12600000000000003,0.5825833333333332,0.13344687842278202,0.006
478,0.384,0.20547396768402154,0.6895,0.04029858867705632,0.098,0.9964999999999999,0.6121834303983359,0.1425,0.5128741193306914,0.2361633756615535,0.0295
479,0.7555,0.06000000000000001,0.6625,0.010499999999999999,0.0745,0.10227444987775061,0.9705,0.03,0.547,0.2625,0.001
480,0.5980000000000001,0.07246194225721785,0.648,0.10340311906838351,0.0975,0.18423410631621845,0.7602202070453281,0.333,0.4682819228897916,0.23779959491998365,0.0095
481,0.5345000000000001,0.0475,0.8174999999999999,0.06287033592602673,0.1315,0.33254856465186533,0.933,0.068,0.6206666666666666,0.12200000000000003,0.013500000000000002
482,0.063,0.024,0.581,0.033499999999999995,0.032,0.15987826453243473,0.5851178707224335,0.07650000000000001,0.48216622691292876,0.10190316205533596,0.0034999999999999996
483,0.1565,0.09999999999999999,0.7344999999999999,0.039999999999999994,0.063,0.26200000000000007,0.4865123752440807,0.0875,0.42400000000000004,0.09033887043189368,0.0175
484,0.2355,0.2725,0.6329999999999999,0.0375,0.06999999999999999,0.08248231666685926,0.641066882416397,0.138,0.36,0.17900000000000002,0.0105
485,0.17149999999999999,0.081,0.8220000000000001,0.049850928469891795,0.073,0.36273058770248434,0.855528070826025,0.046000000000000006,0.55925,0.09136609700238589,0.01
486,0.36049999999999993,0.11400000000000002,0.6990000000000001,0.012,0.076,0.15340137862751366,0.7234268818362072,0.0855,0.5417079624134521,0.23836359492586992,0.012
487,0.122,0.0165,0.6040000000000001,0.03392035398230088,0.043000000000000003,0.09602136888382007,0.8895853700516352,0.035500000000000004,0.5625,0.1927852599286114,0.002
488,0.3725,0.11150000000000002,0.7455,0.05989891614089885,0.0965,0.2649672191062685,0.9075,0.072,0.4775328582739509,0.17980792079207922,0.036000000000000004
489,0.031,0.19690377544831436,0.7535000000000001,0.06499999999999999,0.0945,0.18046037311213145,0.6975668824163971,0.043000000000000003,0.6559999999999999,0.0905,0.001
490,0.372,0.2583875471064317,0.5435,0.037,0.055499999999999994,0.09829634137550826,0.751066882416397,0.197,0.445,0.41999999999999993,0.025
491,0.168,0.07098021828103683,0.7294999999999999,0.06548469387755101,0.071,0.16633289794032396,0.8178088989627532,0.008,0.48450000000000004,0.059,0.0005
492,0.33999999999999997,0.076,0.633,0.09632167389659886,0.094,0.11439225393127547,0.7430000000000001,0.11749999999999998,0.3855328382838284,0.21433887043189367,0.001
493,0.5945,0.01608180943599674,0.6655,0.014000000000000002,0.08600000000000001,0.21991907896598337,0.9591909160892994,0.040499999999999994,0.5675833333333333,0.22230632411067192,0.0055
494,0.031,0.03400000000000001,0.638,0.023,0.0175,0.1095,0.9094999999999999,0.029000000000000005,0.4932499999999999,0.14979771724160368,0.0055
495,0.092,0.0365,0.6890000000000001,0.034,0.062,0.11032267942598015,0.8776909160892995,0.0885,0.6296666666666666,0.17743159379407616,0.0034999999999999996
496,0.278,0.069,0.6114999999999999,0.019,0.06050000000000001,0.11750000000000001,0.8171179828734539,0.11000000000000001,0.47750000000000004,0.29849999999999993,0.005487345879299156
497,0.278,0.123,0.6904999999999999,0.04795499090725399,0.187,0.868,0.5860977473959135,0.0815,0.5622078382838284,0.12351587021505361,0.012
498,0.10950000000000001,0.0465,0.5385,0.0185,0.0465,0.1592744498777506,0.893566882416397,0.05,0.3338333333333333,0.12200000000000003,0.0019937561616825503
499,0.269,0.10700000000000001,0.554,0.029500000000000005,0.078,0.36882388995085424,0.10961798287345385,0.10350000000000001,0.6494162269129287,0.2090220557458367,0.003
500,0.172,0.10398663594470045,0.6205,0.09177381370675121,0.086,0.1597744498777506,0.8370000000000001,0.05449999999999999,0.3531647958983481,0.20041833860024577,0.0009935939553219447
501,0.16449999999999998,0.0095,0.49799999999999994,0.4304439252336449,0.038,0.23055915385017536,0.615,0.009,0.225,0.132,0.0
502,0.1865,0.07300000000000001,0.683,0.06789915966386555,0.06299999999999999,0.17589206534422402,0.8468916314342932,0.10049999999999999,0.5391245602462621,0.20512016967848293,0.003484208449390496
503,0.29,0.14100000000000001,0.5925,0.059,0.087,0.07050000000000001,0.8314999999999999,0.094,0.4645,0.35123164942532914,0.007000000000000001
504,0.522,0.025500000000000002,0.5155,0.026999999999999996,0.0675,0.20910884149443576,0.8471179828734539,0.2535,0.2766662269129288,0.4297540008741576,0.011500000000000002
505,0.19349999999999998,0.0045,0.3155,0.033428619111195886,0.042,0.14950000000000002,0.8714999999999999,0.018000000000000002,0.20633333333333334,0.0873079207920792,0.036
506,0.08349999999999999,0.06298021828103684,0.8719999999999999,0.01993282203868055,0.0805,0.3715400336531746,0.082,0.061,0.26833289299867896,0.481758297766511,0.001996775260459732
507,0.313,0.2325,0.6705,0.0445,0.12600000000000003,0.28561335545026356,0.7480131951474898,0.19849999999999998,0.5150823979491742,0.27069376034593423,0.01899582004179958
508,0.314,0.242,0.736,0.0799108910891089,0.084,0.2031341328626827,0.678544864709661,0.14899999999999997,0.48654952456418377,0.2905739993303415,0.014000000000000002
509,0.30700000000000005,0.13099999999999998,0.46099999999999997,0.09444059405940594,0.08000000000000002,0.17220848137257588,0.675066882416397,0.057999999999999996,0.7730824532449411,0.12324203248722965,0.0
510,0.15950000000000003,0.14200000000000002,0.8355,0.0645,0.0715,0.1255485646518654,0.6685586689104094,0.08600000000000001,0.525,0.22349999999999998,0.0075
511,0.039,0.015500000000000003,0.665,0.026470297029702973,0.075,0.09127383863080683,0.9049999999999999,0.0225,0.22725,0.15599999999999997,0.0005
512,0.073,0.051500000000000004,0.64,0.020499999999999997,0.0325,0.1071885521885522,0.9355,0.066,0.513,0.192850040478118,0.003
513,0.056499999999999995,0.0505,0.7605000000000001,0.0475,0.023,0.09331710301267504,0.9435,0.0165,0.5239999999999999,0.14550000000000002,0.008
514,0.038,0.003,0.525,0.01,0.0395,0.1305,0.6486179828734538,0.017,0.30433289357959536,0.023,0.0015
515,0.081,0.007000000000000001,0.587,0.04,0.013000000000000001,0.19971940233799823,0.8714999999999999,0.0025,0.429,0.054000000000000006,0.0
516,0.45100000000000007,0.08049999999999999,0.48600000000000004,0.0615,0.07450000000000001,0.26455726069881835,0.8320854830859746,0.2245,0.3929078582739509,0.3625,0.0045
517,0.07250000000000001,0.036,0.5790000000000001,0.04488361001844987,0.05,0.0935,0.8164999999999999,0.005,0.23733289299867896,0.22173698778731601,0.0035000000000000005
518,0.38191399517407787,0.172,0.5599999999999999,0.060847289297398355,0.06899999999999999,0.23907944657988534,0.6336179828734538,0.20250000000000004,0.39474950495049504,0.4707811453461299,0.0385
519,0.0215,0.031,0.5265,0.07271281094040413,0.024,0.09127411477411476,0.953,0.008,0.453780669920634,0.1030870076948055,0.0
520,0.3095,0.17,0.763,0.029500000000000005,0.1015,0.08961457259999066,0.7823834591538505,0.11300000000000002,0.5125,0.35750000000000004,0.034499999999999996
521,0.373,0.0495,0.594,0.021500000000000002,0.0305,0.22527189355454755,0.9104999999999999,0.0315,0.3055,0.2065,0.001
522,0.05850000000000001,0.022000000000000002,0.5824999999999999,0.016000000000000004,0.08800000000000001,0.22947713739771186,0.005,0.0325,0.8030000000000002,0.037446389496717726,0.0005
523,0.0195,0.019000000000000003,0.7455,0.03473921940722431,0.03849999999999999,0.13749810351211952,0.4010466691757622,0.025,0.8242083333333333,0.04553467632149553,0.0015
524,0.46950000000000003,0.11438461591383645,0.572,0.02492035398230089,0.099,0.16804643966755725,0.818,0.12500000000000003,0.46574950495049505,0.31130712245137554,0.017
525,0.13799999999999998,0.027000000000000003,0.6435,0.019,0.0455,0.0995,0.9530668824163969,0.018,0.35,0.07500000000000001,0.0025
526,0.0025,0.005,0.6110000000000001,0.03247029702970297,0.0025,0.175,0.9685,0.0015,0.367,0.06849999999999998,0.001
527,0.21999999999999997,0.0375,0.6855,0.08294392523364487,0.0625,0.14818913226621738,0.6085,0.14150000000000001,0.4739999999999999,0.2384096748865739,0.006500000000000001
528,0.5675000000000001,0.07746194225721785,0.5555,0.04742861911119588,0.0955,0.27489316651769186,0.5888028481633047,0.304,0.32699999999999996,0.33309285994967147,0.0105
529,0.17099999999999999,0.166,0.7235,0.12885466344341145,0.0715,0.12454822954822956,0.8359211657413835,0.077,0.5756249999999999,0.22683774834437087,0.008000000000000002
530,0.028000000000000004,0.0,0.645,0.022,0.0035000000000000005,0.166,0.9549999999999998,0.017499999999999998,0.277,0.06140316205533597,0.002
531,0.4245,0.0715,0.6595,0.028470297029702968,0.08249999999999999,0.20554351269242094,0.6789253307067868,0.14350000000000002,0.5519999999999999,0.17850000000000002,0.006500000000000001
532,0.571,0.0815,0.6795000000000001,0.027304873275351683,0.11500000000000002,0.17615174303315598,0.8996909160892994,0.152,0.6194161716171618,0.2616246678382336,0.0075
533,0.6694753043650401,0.1035,0.8019999999999999,0.012489690721649486,0.1095,0.2643449565181883,0.9550668824163969,0.0625,0.6540833333333333,0.12973747671338032,0.022
534,0.10049999999999999,0.031,0.47450000000000003,0.11527781703346121,0.017499999999999998,0.11099999999999999,0.861,0.011000000000000001,0.4372131942905667,0.2146565937337687,0.003
535,0.1385,0.094,0.6705,0.03228010425971073,0.025,0.1305,0.921,0.10800000000000001,0.3731260942620292,0.23316446023462828,0.0075000000000000015
536,0.051500000000000004,0.0475,0.481,0.04377312615559913,0.008,0.1105,0.922,0.0235,0.44719122691292873,0.16288366046163585,0.0035000000000000005
537,0.21800000000000003,0.10898021828103684,0.77,0.08094059405940594,0.1275,0.0975,0.4044173774878784,0.1055,0.4295,0.18050000000000002,0.027000000000000003
538,0.1065,0.025961336828309305,0.6165,0.014499999999999999,0.1,0.1485,0.5886179828734539,0.08149999999999999,0.499,0.08049999999999999,0.016499999999999997
539,0.2349139951740779,0.0985,0.7314999999999999,0.06488361001844986,0.0775,0.0345,0.8676581632653061,0.1855,0.6500000000000001,0.1797972283155394,0.004
540,0.4305,0.14350000000000002,0.581,0.04398469387755102,0.09000000000000001,0.34001887785398166,0.45939725851776636,0.178,0.35391617161716177,0.31444638949671777,0.022
541,0.33699999999999997,0.15198663594470047,0.7120000000000001,0.06824913873782383,0.0975,0.08127411477411477,0.7544655835953992,0.1725,0.5625403609435425,0.2182852339433353,0.026500000000000003
542,0.151,0.1483091058571807,0.764,0.032,0.12000000000000002,0.27646324704033215,0.7451782603719181,0.066,0.6337079624134521,0.18052875903919502,0.003
543,0.0245,0.014500000000000002,0.5185000000000001,0.009,0.034999999999999996,0.17268913226621735,0.4931178707224334,0.01,0.251,0.05700000000000001,0.0
544,0.008,0.009,0.6699999999999999,0.004,0.008,0.16562855082412287,0.942,0.005,0.236,0.0785,0.0005
545,0.0505,0.051500000000000004,0.841,0.0015,0.0835,0.2667859590671649,0.06819091608929946,0.027000000000000003,0.22549999999999998,0.07899999999999999,0.0005
546,0.15499999999999997,0.10500000000000001,0.6805,0.47800000000000004,0.05500000000000001,0.17450000000000002,0.4694936521015838,0.028999999999999998,0.47300000000000003,0.0885,0.0035000000000000005
547,0.41891399517407796,0.0355,0.6060000000000001,0.013500000000000002,0.0355,0.096,0.8211179828734538,0.1555,0.39699999999999996,0.3689315937940762,0.0005
548,0.019,0.023,0.9334999999999999,0.006500000000000001,0.101,0.29827383863080686,0.3988578921818716,0.019000000000000003,0.26199999999999996,0.07624091039970685,0.002
549,0.035500000000000004,0.0125,0.5934999999999999,0.054000000000000006,0.0125,0.10122360557768925,0.9862718038971968,0.0245,0.4396995249406176,0.07651324503311258,0.0015
550,0.3635,0.033,0.6905000000000001,0.0779050478598519,0.083,0.10750000000000001,0.864992213123184,0.131,0.6234161716171618,0.23574203248722964,0.0015
551,0.16899999999999998,0.187,0.7035,0.0345,0.067,0.19022036565551692,0.86,0.126,0.43737450495049507,0.26267549668874174,0.007000000000000001
552,0.414,0.0835,0.6355,0.014759749360166396,0.0795,0.137,0.886617982873454,0.223,0.49049999999999994,0.27349999999999997,0.006500000000000001
553,0.3185,0.1285,0.6985,0.05145009500950095,0.16850000000000004,0.8865000000000001,0.5800308649795164,0.093,0.5623745049504951,0.14773533274750697,0.0115
554,0.051000000000000004,0.043980218281036834,0.9,0.014499999999999999,0.0915,0.367012390190984,0.034999999999999996,0.06599999999999999,0.253,0.5239463894967178,0.001496775260459732
555,0.7130000000000001,0.006,0.4455,0.040999999999999995,0.021500000000000002,0.1875,0.6695,0.26050000000000006,0.309,0.18949999999999997,0.0015
556,0.173,0.05550000000000001,0.5595,0.04341089108910891,0.0655,0.15037768445476954,0.8747359657469076,0.05,0.4385818481848185,0.28714988276171083,0.0075
557,0.13899999999999998,0.1875,0.735,0.04366121369129753,0.068,0.2524762158204521,0.7323088989627533,0.08149999999999999,0.5086661716171618,0.34257865874407767,0.010499999999999999
558,0.0905,0.041,0.54,0.0215,0.0965,0.1003807701001895,0.6205,0.08399999999999999,0.5825,0.3413388704318937,0.0045
559,0.010499999999999999,0.037,0.45999999999999996,0.019858339086962495,0.05399999999999999,0.17296358214396798,0.5995,0.013500000000000002,0.34199999999999997,0.025500000000000002,0.0015
560,0.0085,0.028500000000000004,0.5774999999999999,0.017,0.016999999999999998,0.14100000000000001,0.5555,0.0465,0.43050000000000005,0.06150000000000001,0.0
561,0.20149999999999996,0.11247354260089686,0.765,0.02795499090725399,0.1465,0.45150000000000007,0.46976839816042537,0.1,0.47850000000000004,0.21800000000000003,0.010499999999999999
562,0.355,0.0745,0.6355000000000001,0.01295499090725399,0.066,0.18015953845251623,0.42280734783333296,0.2425,0.6014161716171617,0.2584577641223944,0.007000000000000001
563,0.028500000000000004,0.0055,0.6014999999999999,0.033999999999999996,0.0165,0.1784629289036354,0.9604999999999999,0.018000000000000002,0.2995,0.07190316205533596,0.006
564,0.10200000000000001,0.07548021828103683,0.37,0.09397029702970297,0.077,0.23994558067413047,0.736066882416397,0.0415,0.4135,0.2249096748865739,0.003999999999999999
565,0.154,0.0305,0.686,0.04147029702970297,0.030500000000000006,0.056144002565747274,0.9612359657469078,0.055499999999999994,0.6829157318634238,0.15340396039603962,0.0015
566,0.006500000000000001,0.011,0.5175,0.06585390704815285,0.0385,0.11499999999999999,0.8825000000000001,0.0055000000000000005,0.20950000000000002,0.11960555147295286,0.007000000000000001
567,0.0295,0.17926263938083836,0.514,0.06742035398230088,0.1025,0.15799999999999997,0.6435,0.018000000000000002,0.36225,0.20600000000000002,0.006
568,0.012,0.042499999999999996,0.4880000000000001,0.032,0.0165,0.144,0.8929155823141837,0.0465,0.3135,0.11267549668874173,0.0
569,0.0755,0.072,0.6735,0.058347928862266564,0.05550000000000001,0.11699999999999999,0.9349999999999999,0.019,0.26749999999999996,0.3553388704318937,0.007000000000000001
570,0.5735,0.074,0.38,0.04,0.0595,0.14328187586551927,0.8826848652898509,0.4305,0.421375,0.3616295938379331,0.2564968584656085
571,0.058499999999999996,0.13949999999999999,0.9450000000000001,0.0015,0.06999999999999999,0.16167283257048967,0.506,0.399,0.44308333333333333,0.21350000000000002,0.0
572,0.25250000000000006,0.10149999999999999,0.693,0.058414222263347824,0.06999999999999999,0.13841811733986206,0.9120000000000001,0.11400000000000002,0.501875,0.17753359796681484,0.006500000000000001
573,0.265,0.134,0.7194999999999999,0.019992227979274614,0.0715,0.3094644006654971,0.7445,0.11000000000000001,0.46074950495049505,0.2934088127810363,0.017
574,0.2725,0.19232608997910694,0.7600000000000001,0.0435,0.07150000000000001,0.2820476772616137,0.6251848652898508,0.193,0.5062074538258575,0.3067752462733568,0.016994759713813482
575,0.003,0.006,0.5695,0.07050000000000001,0.015000000000000003,0.1505,0.9635,0.0025,0.401124504950495,0.06599999999999999,0.0005
576,0.316,0.23700000000000002,0.6684999999999999,0.04379692300719677,0.1085,0.09435410094637223,0.8157207034401399,0.178,0.4365,0.2889039603960396,0.013481724911830714
577,0.1765,0.029000000000000005,0.6615,0.01644392523364486,0.43950000000000006,0.10672394014962594,0.8595,0.2365,0.5843333333333334,0.1727428308279333,0.0045
578,0.094,0.06599999999999999,0.558,0.02895673076923077,0.01,0.07414400256574728,0.946,0.018,0.34324950495049505,0.26180316277013793,0.001
579,0.305,0.23650000000000002,0.5915,0.0263845192930508,0.15599999999999997,0.38618304710397683,0.5119143763592631,0.125,0.41900000000000004,0.3494315937940762,0.043
580,0.4035,0.17047354260089687,0.805,0.030280347782677425,0.197,0.29681735132322784,0.5252234548980225,0.155,0.587,0.212946878422782,0.012
581,0.32749999999999996,0.15050000000000002,0.6994999999999999,0.046,0.0995,0.28612821905701047,0.7584102733294156,0.135,0.5301246290801187,0.2495,0.021
582,0.6449999999999999,0.022,0.501,0.025500000000000002,0.024,0.127,0.6975,0.1115,0.3005,0.2845,0.001
583,0.20600000000000002,0.1705,0.6455,0.07494059405940594,0.0295,0.13092428095268732,0.5389426637955472,0.0665,0.6101666666666666,0.25949999999999995,0.0015
584,0.319,0.049429268292682925,0.646,0.03398469387755102,0.128,0.4007863516995546,0.5393246809220934,0.657,0.6615323432343235,0.17308057917230418,0.004
585,0.6114999999999999,0.08499999999999999,0.7965000000000001,0.019139657646211075,0.1835,0.2558188381415462,0.925,0.0475,0.6411071501553824,0.19907644912843175,0.0045
586,0.005,0.004,0.47350000000000003,0.05448469387755102,0.007000000000000001,0.145,0.9535,0.003,0.519832892998679,0.05844687842278203,0.0
587,0.127,0.16699999999999998,0.6835000000000001,0.1030424989082918,0.135,0.5225476772616137,0.5370178717904186,0.10250000000000001,0.25799999999999995,0.13785004047811802,0.012
588,0.46699999999999997,0.18450000000000003,0.6685000000000001,0.037770020581613876,0.0695,0.3062135399989576,0.5981848652898508,0.1715,0.41038285789751716,0.5246999510259168,0.014000000000000002
589,0.0075,0.054000000000000006,0.5894999999999999,0.0475,0.030000000000000006,0.231,0.8944999999999999,0.005,0.329,0.08249999999999999,0.002
590,0.303,0.15099999999999997,0.743,0.062454990907253996,0.079,0.859317390574895,0.5975677771135155,0.0735,0.5168740099009901,0.2525,0.014000000000000002
591,0.1385,0.05800000000000001,0.6639999999999999,0.025970297029702973,0.071,0.1047744498777506,0.8219999999999998,0.0995,0.43925000000000003,0.3365,0.004
592,0.0075,0.0685,0.458,0.014489690721649484,0.025,0.17368913226621735,0.6635,0.015000000000000003,0.36995783828382833,0.033499999999999995,0.0
593,0.035500000000000004,0.0055,0.5285,0.022954990907253992,0.0175,0.12350000000000001,0.9349999999999999,0.0,0.2705,0.10400000000000001,0.003
594,0.0235,0.029000000000000005,0.4345,0.0235,0.027000000000000003,0.17942851042829824,0.7205,0.0045,0.5185,0.038,0.0005
595,0.003,0.004999999999999999,0.5485,0.0985,0.0115,0.14250000000000002,0.9886538210237429,0.003,0.29900000000000004,0.08667549668874172,0.009500000000000001
596,0.453,0.14350000000000002,0.5930000000000002,0.10299999999999998,0.10049999999999999,0.148,0.9611074251661108,0.0795,0.325,0.24850000000000003,0.0075000000000000015
597,0.366,0.09343530451233084,0.562,0.0674293755064545,0.0875,0.20885572955781467,0.6428028481633047,0.22149999999999997,0.4357232532069987,0.21013871993605368,0.003
598,0.317,0.24100000000000002,0.7150000000000001,0.05985299777355191,0.11750000000000001,0.03445769567635474,0.825066882416397,0.147,0.457,0.27749999999999997,0.013481724911830714
599,0.23650000000000002,0.047,0.5445,0.057970297029702966,0.11350000000000002,0.10360314129289198,0.8694999999999998,0.07899999999999999,0.5317495049504951,0.128,0.013000000000000001
600,0.42700000000000005,0.20198021828103685,0.746,0.064,0.089,0.7175581862937743,0.8886909160892994,0.21600000000000003,0.5645,0.2653932679194998,0.012
601,0.6729999999999999,0.031,0.8015000000000001,0.008,0.0785,0.15212855082412285,0.9949999999999999,0.078,0.32499999999999996,0.32499999999999996,0.006
602,0.34199999999999997,0.1339798909338787,0.6265000000000001,0.04936921317060182,0.10550000000000001,0.0485,0.7223122101526591,0.11599999999999999,0.5534061109000332,0.18920120835621027,0.033499999999999995
603,0.197,0.022000000000000002,0.43900000000000006,0.25739558496665993,0.05450000000000001,0.22520820189274451,0.7298942636192481,0.043,0.22424950495049506,0.2917638666880719,0.003
604,0.1125,0.0595,0.7130000000000001,0.023890651012003855,0.01,0.0935,0.9875,0.020499999999999997,0.46916622691292875,0.14685004047811803,0.0075
605,0.395,0.23600000000000004,0.7434999999999999,0.0965,0.0785,0.47827371474309466,0.5746598708939207,0.20250000000000004,0.46003236322444596,0.47712834663496917,0.034499999999999996
606,0.003,0.0155,0.42750000000000005,0.011,0.03149999999999999,0.16668913226621734,0.5346178707224334,0.001,0.26949999999999996,0.05800000000000001,0.0
607,0.1955,0.1275,0.653,0.007000000000000001,0.08449999999999999,0.2545887999913714,0.46849999999999997,0.21350000000000002,0.5315416666666667,0.1889039603960396,0.007000000000000001
608,0.009000000000000001,0.0455,0.45099999999999996,0.040999999999999995,0.101,0.1503773663180728,0.9145,0.002,0.39949999999999997,0.309,0.001
609,0.43549999999999994,0.0935,0.3685,0.032920353982300886,0.1315,0.31373737878138597,0.559133764832794,0.096,0.4525,0.35396293494704995,0.026000000000000002
610,0.4925,0.0195,0.46950000000000003,0.06749999999999999,0.06050000000000001,0.11868881412952062,0.7064999999999999,0.0665,0.381,0.217,0.003
611,0.21000000000000002,0.052000000000000005,0.4345,0.0505,0.0405,0.1176450563491771,0.8929071882481445,0.074,0.2565,0.3804463894967177,0.0034999999999999996
612,0.141,0.1565,0.7294999999999999,0.030833666971047786,0.0885,0.22592117137796727,0.3960665506099196,0.0935,0.2325,0.16180632411067192,0.03
613,0.021,0.06200000000000001,0.45299999999999996,0.016999999999999998,0.027000000000000003,0.1405,0.9270000000000002,0.019,0.27949999999999997,0.281,0.0
614,0.0745,0.014000000000000002,0.546,0.018,0.06499999999999999,0.18568913226621736,0.715066882416397,0.1525,0.5397490651967571,0.10229642997483572,0.0035000000000000005
615,0.23500000000000001,0.20896194225721781,0.7275,0.0325,0.10600000000000001,0.16062821572048702,0.6233011120859372,0.0925,0.4505,0.317,0.006
616,0.276,0.187,0.754,0.060327535252094736,0.09899999999999999,0.094,0.5128811422137123,0.10600000000000001,0.41050000000000003,0.2745,0.027999999999999997
617,0.18000000000000002,0.06400000000000002,0.7404999999999999,0.060836179026065876,0.043500000000000004,0.19477383863080686,0.8462517477062479,0.0655,0.6495,0.1095,0.009
618,0.2475,0.041999999999999996,0.5315000000000001,0.072,0.027500000000000004,0.11800000000000002,0.9076538210237428,0.10300000000000001,0.30674999999999997,0.2609039603960396,0.0015
619,0.20050000000000004,0.005,0.5365,0.055499999999999994,0.015,0.183,0.8095000000000001,0.037,0.236,0.1755,0.0
620,0.039,0.0195,0.5780000000000001,0.09794059405940593,0.007000000000000001,0.07877411477411478,0.9274078126700791,0.016,0.402,0.1535,0.0005
621,0.036,0.0085,0.542,0.03097029702970297,0.018,0.14700000000000002,0.9545,0.035500000000000004,0.5361657318634238,0.10443013072435785,0.0
622,0.158,0.081,0.4135,0.0395,0.011,0.16949999999999998,0.834,0.014000000000000002,0.37500000000000006,0.2595,0.0
623,0.7329753141387159,0.014500000000000002,0.5645,0.027500000000000004,0.0395,0.13399999999999998,0.7668697305797016,0.16999999999999998,0.42700000000000005,0.18144687842278204,0.0
624,0.053500000000000006,0.0105,0.8585,0.1213523157358907,0.10900000000000001,0.2458598232616141,0.9045,0.0385,0.5935828382838284,0.07350000000000001,0.002
625,0.2975,0.05249999999999999,0.7395,0.05088785046728972,0.0875,0.12298491985850943,0.7101179828734538,0.10400000000000001,0.789499628344896,0.09718398697885862,0.0075000000000000015
626,0.2375,0.05249999999999999,0.49849999999999994,0.08589641555403578,0.09849999999999999,0.11999772035180403,0.8520852025299783,0.1285,0.5456647964792645,0.13811504324345475,0.0055
627,0.281,0.081,0.7905,0.0235,0.09899999999999999,0.2652741147741148,0.866570145152607,0.030500000000000006,0.6833741332953911,0.14897954356443338,0.0365
628,0.0925,0.11397354260089684,0.621,0.055470297029702964,0.15750000000000003,0.30359121778678977,0.4525362383528783,0.07250000000000001,0.6543,0.1125,0.0075000000000000015
629,0.022,0.0365,0.931,0.0225,0.10899999999999999,0.20249999999999999,0.08149999999999999,0.0365,0.934582892998679,0.03377152796360717,0.0015
630,0.413,0.13699999999999998,0.6465,0.05897029702970298,0.08049999999999999,0.227,0.8132517477062479,0.0815,0.5269991887454644,0.13746293494704992,0.02
631,0.33299999999999996,0.2584735426008969,0.6875,0.060992227979274616,0.15150000000000002,0.3011884031233046,0.7580402144982668,0.1705,0.555,0.21983407976401761,0.022000000000000002
632,0.2145,0.04650000000000001,0.47000000000000003,0.07828676660818858,0.1005,0.17020820189274447,0.9120000000000001,0.057999999999999996,0.32470783828382843,0.2415,0.0095
633,0.509,0.24897354260089685,0.7965,0.05390300371039639,0.08,0.2524884958447546,0.7744313815062356,0.457,0.1627819028996691,0.0863071967219292,0.0095
634,0.333,0.0935,0.6519999999999999,0.07899999999999999,0.098,0.46349999999999997,0.8945000000000001,0.14300000000000002,0.45,0.2511896978943355,0.006500000000000001
635,0.1995,0.238,0.7444999999999999,0.0508845192930508,0.0605,0.743455818848268,0.8548495173390668,0.15599999999999997,0.5125,0.3384463894967177,0.0125
636,0.184,0.023,0.6090000000000001,0.04085808026661178,0.081,0.31083595853641616,0.08,0.084,0.7721991199116077,0.06078114534612986,0.002
637,0.5425,0.031,0.619,0.06247029702970297,0.17200000000000001,0.0905,0.937,0.076,0.3887495049504951,0.05900000000000001,0.006
638,0.003,0.006,0.6279999999999999,0.048,0.014000000000000002,0.19549999999999998,0.8795,0.0055,0.417,0.06300000000000001,0.002
639,0.044000000000000004,0.07429498599821513,0.61,0.031,0.016999999999999998,0.149646247936205,0.5640000000000001,0.0455,0.43,0.10999999999999999,0.002
640,0.074,0.0155,0.673,0.0455,0.049,0.1037744498777506,0.9375,0.072,0.337,0.12096328538985616,0.016999999999999998
641,0.3305,0.1105,0.6834999999999999,0.06486830389600089,0.159,0.025500000000000002,0.8626581632653061,0.20400000000000001,0.627,0.20835083881882163,0.007000000000000001
642,0.2625,0.169,0.7565000000000001,0.03948469387755101,0.1125,0.7035856624786393,0.5844242539479263,0.0905,0.507,0.22394687842278205,0.014000000000000002
643,0.0085,0.03150000000000001,0.6195,0.012221382481708227,0.013000000000000001,0.13941307241584328,0.787,0.0335,0.5714162269129288,0.07383774834437086,0.0025
644,0.078,0.0325,0.5945,0.046959987751352454,0.0235,0.16,0.9560000000000001,0.018,0.35762499999999997,0.2257540008741576,0.001
645,0.344,0.29200000000000004,0.7060000000000001,0.06594392523364487,0.0625,0.6977803345757921,0.7369048688762181,0.198,0.4375819587763526,0.37929722831553936,0.025500000000000002
646,0.0105,0.0175,0.546,0.06534604044516601,0.0415,0.13799999999999998,0.8848870666450395,0.015,0.3064486442713089,0.10804089207646947,0.001
647,0.16899999999999998,0.083,0.6074999999999999,0.026500000000000003,0.011,0.12317678370887589,0.8985,0.073,0.39699999999999996,0.296,0.008000000000000002
648,0.0475,0.011,0.4725,0.02644392523364486,0.0185,0.16468913226621734,0.5445,0.018,0.3995,0.03849999999999999,0.0
649,0.355,0.198,0.6615,0.08809288332473227,0.08449999999999999,0.8142744498777506,0.6669315363033854,0.15699999999999997,0.4243328382838284,0.27190316205533593,0.017499999999999998
650,0.2505,0.026000000000000002,0.5085,0.2453996725361575,0.0455,0.1665,0.8798584482903898,0.0385,0.34750000000000003,0.1646585128269268,0.001
651,0.34750000000000003,0.182,0.689,0.06197029702970297,0.0925,0.37719480410850303,0.619307347833333,0.246,0.41987500000000005,0.319744430735986,0.0315
652,0.021,0.009000000000000001,0.6569999999999999,0.02,0.0055,0.14364400256574728,0.9024893329713095,0.0025,0.5645,0.021837748344370862,0.001
653,0.25749999999999995,0.10900000000000001,0.671,0.1388556469101296,0.12899999999999998,0.13650588597291705,0.8150000000000001,0.079,0.54875,0.22094638949671772,0.006500000000000001
654,0.19450000000000003,0.05500000000000001,0.5505,0.11631233007599118,0.027500000000000004,0.08277444987775061,0.8854409277181798,0.0885,0.4577828382838284,0.3104268288147598,0.0005
655,0.03,0.04,0.5955,0.0245,0.011000000000000001,0.14350000000000002,0.839566882416397,0.0195,0.41150000000000003,0.16,0.0015
656,0.0185,0.3065570377008616,0.7609999999999999,0.015,0.0855,0.20128036242258304,0.655,0.0115,0.48483333333333334,0.23944638949671773,0.001
657,0.0155,0.04338091626235191,0.6065,0.051500000000000004,0.0225,0.11400000000000002,0.9216179828734539,0.003,0.2855,0.097,0.01
658,0.10200000000000001,0.0455,0.8145,0.0235,0.0405,0.15527383863080685,0.9179999999999999,0.0165,0.0925,0.0455,0.0055
659,0.2895,0.2015,0.639,0.06847029702970298,0.0815,0.19621275833219287,0.733,0.088,0.5887499999999999,0.308350040478118,0.014000000000000002
660,0.003,0.0175,0.4619999999999999,0.1243427092709271,0.0115,0.148,0.871035838150289,0.0055,0.3226995249406176,0.08874091039970682,0.001
661,0.06,0.028000000000000004,0.6705,0.040840340787680646,0.05,0.071,0.9239999999999998,0.014500000000000002,0.39933289299867897,0.13994638949671773,0.006
662,0.48649999999999993,0.10900000000000001,0.7,0.042,0.11850000000000001,0.08199999999999999,0.9029268818362072,0.22550000000000003,0.4465,0.279,0.004
663,0.236,0.151,0.687,0.04130154210111277,0.1425,0.28204291507589285,0.783,0.0915,0.5657069715792195,0.24004017796390226,0.013500000000000002
664,0.21347530436504009,0.1835,0.7825,0.03848469387755102,0.16299999999999998,0.6552744498777506,0.524422602317886,0.0725,0.348,0.22844687842278208,0.025
665,0.24699999999999997,0.24948021828103686,0.7725000000000001,0.05597979797979798,0.12999999999999998,0.48353213796558225,0.33392688183620717,0.1815,0.353957892998679,0.46477072962290356,0.03199375616168255
666,0.12050000000000001,0.0225,0.5725,0.089,0.0075000000000000015,0.15899999999999997,0.8766179828734538,0.011,0.388,0.16990396039603964,0.001
667,0.361,0.14700000000000002,0.7335,0.051736760836824255,0.08650000000000001,0.8537793393512159,0.540698839100254,0.119,0.5664412269129289,0.2423006832914208,0.018
668,0.088,0.04750000000000001,0.6255,0.05097979797979798,0.0335,0.14177444987775062,0.9161804340085562,0.0465,0.6346412269129288,0.10623052733780632,0.002
669,0.031,0.19690377544831436,0.7535000000000001,0.06499999999999999,0.0945,0.18046037311213145,0.6975668824163971,0.043000000000000003,0.6559999999999999,0.0905,0.001
670,0.49450000000000005,0.1735,0.6625,0.032,0.1565,0.20981703318653108,0.8615466691757622,0.269,0.523707892998679,0.19834126868065005,0.00949359185014788
671,0.184,0.18691519544620952,0.6970000000000001,0.027943925233644862,0.1335,0.19804822954822957,0.792815100051147,0.1805,0.517331902899669,0.21271258670028487,0.009
672,0.36550000000000005,0.06599999999999999,0.6469999999999999,0.09,0.0675,0.20135410094637224,0.641,0.0735,0.652749504950495,0.137,0.004999999999999999
673,0.05700000000000001,0.011,0.737,0.020999999999999998,0.006500000000000001,0.1061885521885522,0.715307347833333,0.02,0.541624628344896,0.22790396039603955,0.0005
674,0.40499999999999997,0.225,0.6145,0.0345,0.0615,0.5143223443223442,0.832066882416397,0.17450000000000002,0.46349999999999997,0.3754463894967177,0.024
675,0.38949999999999996,0.12049999999999998,0.6755000000000001,0.10897029702970296,0.1165,0.1850115355488896,0.6937404654169359,0.167,0.3115,0.227,0.004999999999999999
676,0.2165,0.04,0.508,0.020355180926255892,0.1305,0.1613987177963749,0.7986179828734539,0.10149999999999999,0.4750560366796173,0.31139874114615734,0.002
677,0.17950000000000002,0.027000000000000003,0.545,0.0455,0.066,0.1035,0.9564999999999999,0.0705,0.4652,0.27294638949671773,0.0025
678,0.35650000000000004,0.052500000000000005,0.542,0.05042528793695696,0.081,0.1790795405909301,0.957223494252116,0.097,0.49899999999999994,0.24939277899343545,0.011
679,0.22200000000000003,0.0115,0.5325,0.036000000000000004,0.035500000000000004,0.11299999999999999,0.969047813250269,0.0735,0.455532418520213,0.1652094861660079,0.003
680,0.066,0.08399999999999999,0.6975,0.05542861911119588,0.0605,0.12410018681124368,0.8850433135802408,0.043,0.48349999999999993,0.1755,0.009
681,0.0505,0.07050000000000001,0.5635000000000001,0.015489690721649485,0.025,0.2628836015969652,0.8435,0.015999999999999997,0.4351662269129287,0.13999999999999999,0.002
682,0.053500000000000006,0.014500000000000002,0.701,0.0865,0.0675,0.138,0.921,0.004,0.3091666666666667,0.0684039603960396,0.001
683,0.28800000000000003,0.15399999999999997,0.744,0.026954990907253996,0.11399999999999999,0.535094859697134,0.5157293989183919,0.11599999999999999,0.50725,0.193,0.0225
684,0.5635000000000001,0.05399999999999999,0.583,0.04542035398230089,0.0925,0.15265237930654948,0.5105,0.3475,0.40140734323432337,0.3073347558494121,0.003
685,0.019,0.041,0.41600000000000004,0.08049999999999999,0.11950000000000001,0.1301888141295206,0.9005000000000001,0.017,0.38550000000000006,0.21683774834437086,0.001
686,0.29850000000000004,0.23647396768402157,0.6985,0.06589731389602956,0.08249999999999999,0.4139520885351448,0.503949296343067,0.159,0.48931590912344775,0.21726317789721886,0.023
687,0.006,0.01,0.5355,0.042,0.0085,0.15199999999999997,0.8939999999999999,0.0035000000000000005,0.386,0.0635,0.0
688,0.2825,0.15850000000000003,0.7185,0.029921603485729104,0.06549999999999999,0.0806277090889427,0.6460666974684498,0.2205,0.4320918670438473,0.30428525992861144,0.0005
689,0.025500000000000002,0.23642327908552713,0.8195,0.0505,0.0925,0.2140405786327228,0.719566882416397,0.026000000000000002,0.44749999999999995,0.09949999999999999,0.0014968584656084656
690,0.1835,0.05349999999999999,0.5345,0.02678701013115527,0.11299999999999999,0.15439029734672888,0.8747267542395886,0.10450000000000001,0.6120828382838285,0.23900000000000002,0.002
691,0.1125,0.035,0.553,0.078,0.056499999999999995,0.1145,0.9587443060060276,0.0765,0.259,0.4372409103997068,0.006990452097274359
692,0.27149999999999996,0.06992926829268292,0.548,0.11694142464678178,0.06599999999999999,0.25791447729043515,0.573585370051635,0.1825,0.34270000000000006,0.3487420324872296,0.004
693,0.034,0.030000000000000006,0.6035,0.01748469387755102,0.074,0.1292744498777506,0.9470000000000001,0.06449999999999999,0.3111662269129288,0.069,0.006
694,0.182,0.25567719376699427,0.6325000000000001,0.0085,0.0725,0.2002516010544039,0.765,0.002,0.7578323432343234,0.11780632411067193,0.0005
695,0.079,0.0185,0.5509999999999999,0.06694392523364487,0.03,0.11200000000000002,0.9734999999999999,0.042,0.34434968354430384,0.07217549668874172,0.003
696,0.357,0.17099999999999999,0.604,0.07750000000000001,0.1075,0.12233457526080478,0.8711179828734539,0.12149999999999998,0.51899900990099,0.26728462676715287,0.017
697,0.13999999999999999,0.085,0.5834999999999999,0.013396415554035779,0.183,0.1746919559706689,0.6846909160892996,0.044500000000000005,0.7144161716171616,0.16450174588677416,0.0055
698,0.10950000000000001,0.021,0.42350000000000004,0.0305,0.13,0.12191214413949067,0.8610000000000001,0.006500000000000001,0.364,0.23149999999999998,0.0005
699,0.3845,0.2475,0.6755000000000001,0.05449999999999999,0.097,0.8737804172073368,0.8011848652898509,0.14950000000000002,0.5424999999999999,0.23694638949671773,0.027000000000000003
700,0.21149999999999997,0.01,0.466,0.019,0.0315,0.13404822954822954,0.819,0.017499999999999998,0.225,0.27144638949671773,0.0
701,0.0015,0.0005,0.6325000000000001,0.03,0.008000000000000002,0.13799999999999998,0.9935,0.004,0.35350000000000004,0.0735,0.0025
702,0.24891399517407792,0.185,0.7295,0.09343361595529434,0.137,0.38159088268315405,0.6745524193465215,0.1155,0.6159999999999999,0.18900597047372134,0.018000000000000002
703,0.016,0.0165,0.576,0.09167326993857612,0.0495,0.126,0.8721909160892996,0.005,0.30228241793929655,0.09704406037437859,0.0015
704,0.1255,0.046,0.737,0.04097029702970297,0.11500000000000002,0.07177383863080684,0.804896186514829,0.009,0.5195000000000001,0.2587852599286114,0.0055
705,0.0465,0.039,0.6910000000000001,0.02320382747315357,0.009,0.13687710437710437,0.8865000000000001,0.0195,0.5675833333333333,0.05249570961456808,0.001
706,0.242,0.052500000000000005,0.639,0.01197029702970297,0.021500000000000002,0.1351523793065495,0.8763088989627533,0.043,0.3635,0.25949999999999995,0.001
707,0.024,0.052500000000000005,0.7150000000000001,0.004,0.11499999999999999,0.15556990236640683,0.6611909160892995,0.010000000000000002,0.5383333333333333,0.4134039603960396,0.0015
708,0.38950000000000007,0.0915,0.8245000000000001,0.05300277449561587,0.0685,0.14359179786445497,0.9324999999999999,0.049,0.5146656765676567,0.39650354618363826,0.012
709,0.008,0.001,0.4875,0.017499999999999998,0.015000000000000003,0.14223127243749126,0.7825,0.0195,0.277,0.022,0.0
710,0.24,0.1685,0.782,0.05729032354816131,0.16299999999999998,0.4907741147741148,0.45553692419347447,0.07150000000000001,0.544,0.14585034989275733,0.016987666342096724
711,0.36499999999999994,0.26749999999999996,0.749,0.04298969072164948,0.057499999999999996,0.8678776114982776,0.8370360021470715,0.11949999999999998,0.504,0.26439326791949974,0.011000000000000001
712,0.44499999999999995,0.11499999999999999,0.7305,0.06219175174407825,0.08850000000000001,0.8308989797373434,0.5706320287554265,0.12250000000000001,0.5760823985300905,0.19274170874041047,0.0155
713,0.352,0.10400000000000001,0.819,0.04947216225071791,0.0485,0.18986443579421747,0.9349999999999999,0.04,0.49230686817494107,0.4384067082389741,0.019
714,0.22549999999999998,0.167,0.8,0.05848969072164949,0.0665,0.2521132399109425,0.7515853700516351,0.15450000000000003,0.6100833333333333,0.14344638949671773,0.008
715,0.0225,0.152,0.663,0.01347979797979798,0.0185,0.10804856465186538,0.6795,0.0105,0.3205,0.20994638949671773,0.005
716,0.018,0.031999999999999994,0.51,0.025500000000000002,0.042499999999999996,0.14648910709169832,0.5885,0.0305,0.3775,0.22723791790474807,0.0
717,0.2629139951740779,0.025500000000000002,0.4415,0.2249414246467818,0.056999999999999995,0.1255,0.54,0.1325,0.5314161716171617,0.31213071592545594,0.0
718,0.025,0.011500000000000002,0.46799999999999997,0.0839108910891089,0.009,0.14,0.927240465416936,0.024,0.3964157318634238,0.1038072989549228,0.0
719,0.024,0.016,0.5715,0.013869456693568516,0.0325,0.19932302158273382,0.9150466691757619,0.016499999999999997,0.5279157871591909,0.06698374122764011,0.013000000000000001
720,0.528,0.06999999999999999,0.5529999999999999,0.025,0.0785,0.3472131100531266,0.440973438860949,0.1095,0.5239999999999999,0.15494638949671774,0.006
721,0.03,0.009999999999999998,0.5155000000000001,0.0915,0.006,0.19454333142458474,0.9469999999999998,0.036,0.29566666666666663,0.1489039603960396,0.004
722,0.258,0.11750000000000001,0.7035,0.031,0.041,0.20842120594121422,0.7157765084966217,0.16699999999999998,0.5039999999999999,0.35900000000000004,0.02197123218172218
723,0.052500000000000005,0.1,0.6020000000000001,0.0315,0.0095,0.10527411477411477,0.8375,0.030000000000000006,0.3355,0.27990967488657387,0.019
724,0.183,0.15250000000000002,0.6005,0.0861842428449617,0.14750000000000002,0.4632724858524574,0.5111397920496417,0.1145,0.657,0.18,0.02
725,0.23400000000000004,0.08049999999999999,0.758,0.028674329968920203,0.188,0.10800000000000001,0.9640000000000001,0.0435,0.4145407312825074,0.12268429677776058,0.0015
726,0.40049999999999997,0.043000000000000003,0.5960000000000001,0.013845641919257847,0.11500000000000002,0.25497347274645454,0.5573539486203616,0.20099999999999998,0.3674911716171617,0.28303563514635177,0.008499999999999999
727,0.068,0.1525,0.656,0.09964218210592012,0.174,0.5721037213705571,0.5294573634143822,0.06949999999999999,0.36700000000000005,0.026500000000000003,0.015
728,0.4495,0.057999999999999996,0.5935,0.0655,0.0665,0.15162793957717913,0.9075000000000001,0.11299999999999999,0.2705,0.325,0.0
729,0.5725,0.0665,0.6235,0.046,0.0595,0.085,0.834,0.0895,0.3645,0.2909039603960396,0.005
730,0.1665,0.020999999999999998,0.49849999999999994,0.043000000000000003,0.056999999999999995,0.084,0.915,0.06699999999999999,0.57875,0.0921295938379331,0.002
731,0.0445,0.079,0.6025,0.03883370502795082,0.024,0.13988604160940207,0.9254999999999999,0.049,0.5894985148514851,0.16753150869030511,0.027480107862324122
732,0.1065,0.05500000000000001,0.686,0.031,0.12149999999999998,0.12699999999999997,0.9550000000000001,0.07949999999999999,0.4003996827914354,0.12300000000000003,0.003
733,0.006,0.011,0.6015,0.0315,0.003,0.1537744498777506,0.9724999999999999,0.0015,0.35916666666666663,0.08249999999999999,0.0
734,0.09300000000000001,0.14434716359996286,0.6315000000000001,0.13736921317060183,0.08700000000000001,0.23249744420849608,0.799740465416936,0.032,0.44299999999999995,0.0995,0.0034999999999999996
735,0.4765,0.04,0.631,0.08392528793695696,0.097,0.11609712930373077,0.9525,0.1935,0.6428152214983969,0.18936444943731073,0.016991439497251012
736,0.32999999999999996,0.04862532719235692,0.471,0.055940594059405935,0.1155,0.40757891810375996,0.897,0.0895,0.4600241877419304,0.2799011112676384,0.008499999999999999
737,0.15149999999999997,0.10500000000000001,0.567,0.06836830389600089,0.1255,0.5003522044584917,0.5089868298216151,0.09749999999999999,0.7525000000000001,0.09944638949671773,0.012
738,0.17049999999999998,0.101,0.6765000000000001,0.0075,0.0695,0.1456922321139768,0.784307347833333,0.2045,0.5864999999999999,0.32749999999999996,0.0025
739,0.1935,0.037480218281036835,0.6355000000000001,0.0367771039975045,0.06000000000000001,0.24712883030395422,0.725,0.039999999999999994,0.2785,0.1155,0.0215
740,0.782,0.0505,0.4575,0.05550000000000001,0.0605,0.15550000000000003,0.64,0.372,0.3610745249406176,0.19683774834437087,0.0025
741,0.2105,0.118,0.752,0.023,0.1355,0.06149772035180402,0.5656518554463409,0.0735,0.392,0.25999999999999995,0.025500000000000002
742,0.45999999999999996,0.21949999999999997,0.703,0.06747029702970297,0.1045,0.329067331053695,0.8122577985056966,0.0905,0.4545,0.25768778882248883,0.0195
743,0.078,0.0295,0.5335000000000001,0.08376911130701295,0.073,0.05818881412952061,0.9245000000000001,0.013500000000000002,0.398832892998679,0.16350000000000003,0.007000000000000001
744,0.26349999999999996,0.1293912105499008,0.7305,0.03332511335245674,0.0685,0.4219460003593459,0.7802006472491909,0.08600000000000001,0.4256995249406176,0.122,0.005
745,0.15850000000000003,0.05800000000000001,0.556,0.0355,0.06000000000000001,0.11509373554152783,0.8009999999999999,0.194,0.43274999999999997,0.3165,0.002
746,0.385,0.06843440424609522,0.6199999999999999,0.019999999999999997,0.0165,0.09864400256574728,0.8656179828734538,0.143,0.45220000000000005,0.217,0.002
747,0.0795,0.052000000000000005,0.762,0.0095,0.068,0.2096220055767905,0.41106688241639694,0.0605,0.5733333333333334,0.0795,0.003
748,0.139,0.11648021828103686,0.788,0.024,0.1065,0.7495,0.46277233830737946,0.07749999999999999,0.630549504950495,0.158431741737945,0.0195
749,0.002,0.010499999999999999,0.5589999999999999,0.0305,0.0035000000000000005,0.16927444987775062,0.9640000000000001,0.006,0.2915,0.13340396039603958,0.0
750,0.7,0.045,0.465,0.0225,0.051500000000000004,0.14946265276032744,0.46849999999999997,0.27549999999999997,0.2645,0.4765,0.002
751,0.314,0.086,0.697,0.05893968478480501,0.0505,0.1647744498777506,0.8512218316403126,0.068,0.3921995249406176,0.11634955155205369,0.026499999999999996
752,0.0615,0.1,0.6205,0.0075,0.029000000000000005,0.11750000000000001,0.907,0.028500000000000004,0.3245,0.22499999999999995,0.0
753,0.1705,0.0815,0.6765,0.08700000000000001,0.08249999999999999,0.28200000000000003,0.8487612461898537,0.0955,0.5037499999999999,0.2271995920301717,0.0075000000000000015
754,0.099,0.0185,0.48699999999999993,0.03799999999999999,0.0185,0.096,0.8850000000000001,0.0415,0.49850000000000005,0.11850000000000002,0.0025
755,0.2375,0.10049999999999999,0.6915,0.061365073668107395,0.0665,0.24600000000000005,0.8940000000000001,0.12600000000000003,0.51425,0.2887796193012738,0.01
756,0.1645,0.062,0.716,0.15791422226334784,0.08499999999999999,0.1574354484869997,0.8881616590565808,0.019499999999999997,0.5502499999999999,0.073,0.006
757,0.040499999999999994,0.0455,0.7949999999999999,0.03986003876710589,0.0385,0.175,0.916066882416397,0.018500000000000003,0.5899152362330023,0.05449999999999999,0.002
758,0.292,0.08198021828103684,0.7050000000000001,0.158,0.08,0.20271265420863843,0.8954006177961237,0.128,0.5485,0.176,0.008
759,0.16199999999999998,0.11649999999999998,0.6885,0.038,0.084,0.7905459545866591,0.5745427324658013,0.0905,0.5915083333333333,0.154275019309289,0.0085
760,0.0035000000000000005,0.016,0.4825000000000001,0.020893766417458073,0.024,0.11700000000000002,0.882,0.0034999999999999996,0.2245,0.0495,0.0025
761,0.13199999999999998,0.07,0.7024999999999999,0.034781178370053276,0.1325,0.2354632470403321,0.4245,0.1605,0.462,0.14350000000000002,0.0
762,0.23850000000000002,0.11738522134274501,0.538,0.025500000000000002,0.1165,0.26536368104705343,0.121,0.18,0.6168661916072843,0.16839326791949977,0.006993593955321944
763,0.319,0.05449999999999999,0.59,0.006500000000000001,0.095,0.11100000000000002,0.785441112666127,0.1665,0.44633289299867906,0.38727172574097285,0.0055
764,0.011000000000000001,0.023,0.5155,0.073,0.0185,0.1700485646518654,0.942,0.007000000000000001,0.4844157312825074,0.11811208786260927,0.0
765,0.39,0.3275,0.655,0.0655,0.1115,0.1695,0.7939719314938154,0.174,0.34750000000000003,0.36000000000000004,0.0375
766,0.441,0.1325,0.671,0.0824005818107584,0.09349999999999999,0.23980393620452997,0.9361179828734538,0.0895,0.5316495602462621,0.19170096375354587,0.04
767,0.082,0.051500000000000004,0.739,0.07596407532084999,0.044,0.1061885521885522,0.9179999999999999,0.037,0.581,0.148403162055336,0.006
768,0.01,0.0195,0.5875,0.026000000000000002,0.052000000000000005,0.1405,0.9385,0.019000000000000003,0.394,0.11400000000000002,0.0005
769,0.1065,0.025961336828309305,0.6165,0.014499999999999999,0.1,0.1485,0.5886179828734539,0.08149999999999999,0.499,0.08049999999999999,0.016499999999999997
770,0.258,0.16350000000000003,0.721,0.0245,0.1305,0.15854981467967133,0.6300186006695776,0.0475,0.622499504950495,0.26544687842278203,0.003
771,0.0165,0.0355,0.5345,0.0235,0.0355,0.229,0.9145,0.025500000000000002,0.3405,0.07449999999999998,0.001
772,0.05550000000000001,0.08497354260089687,0.843,0.010970297029702971,0.0845,0.3000432332125896,0.8012358535958872,0.023,0.6418319028996691,0.10026985634738664,0.001
773,0.5040000000000001,0.018,0.618,0.033470297029702965,0.098,0.18919571073113423,0.7230000000000001,0.0665,0.44466666666666665,0.14040396039603958,0.006500000000000001
774,0.041999999999999996,0.044500000000000005,0.4885,0.07298482520968255,0.0505,0.1355,0.9275,0.013000000000000001,0.3952640255352249,0.14118377149201572,0.008499999999999999
775,0.059,0.016961336828309307,0.46299999999999997,0.045484693877551025,0.017000000000000005,0.094,0.882,0.0505,0.4111666666666666,0.13513497665991023,0.0
776,0.042499999999999996,0.0125,0.29849999999999993,0.0916397808278385,0.03900000000000001,0.13185410094637223,0.853,0.0105,0.2614653801020831,0.08735955234711049,0.0165
777,0.265,0.006,0.44349999999999995,0.02544392523364486,0.076,0.1306141614325626,0.826,0.097,0.3705,0.2074039603960396,0.0015
778,0.3335,0.272,0.7565,0.12,0.0905,0.45120820189274446,0.710759678517462,0.21849999999999997,0.5119490298911127,0.2893063241106719,0.018000000000000002
779,0.0505,0.048,0.5465,0.03250000000000001,0.0165,0.13009682680094753,0.8799999999999999,0.0185,0.43950000000000006,0.267,0.0055
780,0.038,0.055499999999999994,0.673,0.022,0.0915,0.09599999999999999,0.2855,0.016,0.2185,0.026903162055335973,0.002
781,0.081,0.005,0.49350000000000005,0.0385,0.051000000000000004,0.12327411477411476,0.885,0.0075,0.18966666666666668,0.16123698778731602,0.006500000000000001
782,0.053500000000000006,0.035500000000000004,0.4734999999999999,0.0125,0.1495,0.17191622085198158,0.8100000000000002,0.024,0.46591666666666665,0.12714487079574643,0.001
783,0.29000000000000004,0.20200000000000004,0.768,0.02592780311182343,0.0815,0.3550009044575374,0.7625,0.10400000000000001,0.5966810986780828,0.27791768963931973,0.0095
784,0.4205,0.1635,0.7975000000000001,0.025,0.14450000000000002,0.7246465615764099,0.619952245472351,0.0955,0.5025823432343235,0.20482903194943577,0.045
785,0.0755,0.05850000000000001,0.5585,0.028500000000000004,0.018,0.11277411477411477,0.8680000000000001,0.020499999999999997,0.37349999999999994,0.19744638949671772,0.005
786,0.6149139951740779,0.41388582677165353,0.7105,0.03790065600287563,0.10900000000000001,0.38429606523220033,0.11258528198074277,0.641,0.4277903596274033,0.10394687842278202,0.0075000000000000015
787,0.002,0.008,0.6040000000000001,0.12155780536732401,0.031000000000000007,0.1035,0.861,0.014500000000000002,0.24700000000000003,0.05499999999999999,0.001
788,0.08600000000000001,0.09697989093387867,0.7170000000000001,0.05037854110716452,0.101,0.3505,0.6325180689898617,0.05600000000000001,0.250625,0.11499999999999999,0.013000000000000001
789,0.07949999999999999,0.07146194225721784,0.7645,0.052500000000000005,0.0945,0.20742563785969112,0.28600000000000003,0.22949999999999998,0.505,0.1575,0.004
790,0.098,0.036500000000000005,0.3605,0.018970297029702973,0.0215,0.1523041643330943,0.8164999999999999,0.0335,0.3379995596653457,0.06394776122009187,0.0
791,0.4025,0.20800000000000002,0.5895,0.032920353982300886,0.09549999999999999,0.32603063836683577,0.8051848652898508,0.143,0.47079166666666666,0.28324443073598604,0.02549359185014788
792,0.15399999999999997,0.0295,0.3105,0.029000000000000005,0.0245,0.1285,0.368,0.021500000000000002,0.21725,0.5288388704318937,0.0
793,0.0755,0.04746194225721785,0.5984999999999999,0.025500000000000002,0.07200000000000001,0.23714428020565553,0.4811178707224335,0.06800000000000002,0.5044157318634237,0.07754723451037876,0.002
794,0.05650000000000001,0.01747354260089686,0.475,0.013000000000000001,0.087,0.1485,0.4742718038971967,0.024,0.32399999999999995,0.09790396039603962,0.006
795,0.11750000000000001,0.011,0.5269999999999999,0.05045499090725399,0.0245,0.13999999999999999,0.7905668824163972,0.0045,0.25874911991160776,0.10150871352828886,0.0025
796,0.0695,0.010499999999999999,0.6030000000000001,0.037500000000000006,0.029000000000000005,0.1131888141295206,0.9770000000000001,0.0975,0.3206666666666667,0.06949999999999999,0.006
797,0.0645,0.0245,0.583,0.07179533169493463,0.08349999999999999,0.122,0.8310000000000001,0.005,0.347,0.157236987787316,0.0215
798,0.096,0.061,0.6965,0.0485,0.0395,0.12177383863080685,0.8526848652898508,0.039,0.6501662269129288,0.10049999999999999,0.013500000000000002
799,0.0505,0.149,0.921,0.0105,0.089,0.16485545341450672,0.40800000000000003,0.5930000000000001,0.50775,0.11750000000000001,0.0015
800,0.16549999999999998,0.013999999999999999,0.6865,0.02594392523364486,0.052000000000000005,0.14218913226621738,0.38532801928490307,0.145,0.40449999999999997,0.40700000000000003,0.001
801,0.047,0.017,0.4335000000000001,0.0345,0.0295,0.09854828850855746,0.899,0.0625,0.46916622691292875,0.16529642997483573,0.0
802,0.0365,0.0295,0.63,0.008499999999999999,0.075,0.17546324704033214,0.599,0.02,0.3765,0.091,0.0005
803,0.2245,0.10149999999999999,0.6719999999999999,0.1265,0.069,0.18975154677867404,0.635,0.1155,0.42824999999999996,0.3079463894967177,0.012
804,0.3115,0.06138345425774131,0.5135,0.12771861015809396,0.053500000000000006,0.09577383863080684,0.6383447371130424,0.1065,0.45150000000000007,0.22059622245417315,0.0055
805,0.1715,0.078,0.7174999999999999,0.0408845192930508,0.066,0.28067091376297676,0.7530949178155357,0.051500000000000004,0.6234999999999999,0.10550000000000001,0.002
806,0.769,0.0385,0.5914999999999999,0.07435390704815284,0.077,0.16699999999999998,0.661,0.078,0.46078241793929664,0.13386856368563688,0.006
807,0.3655,0.10628090484167307,0.7015,0.03936427921594574,0.10300000000000001,0.25443012070884785,0.89,0.1075,0.5416662263320123,0.19422833318355123,0.009499999999999998
808,0.1705,0.18649999999999997,0.7474999999999999,0.041999999999999996,0.07050000000000001,0.6735055677266114,0.8009893329713094,0.10699999999999998,0.504999504950495,0.3149391142872196,0.006
809,0.2935,0.0775,0.5660000000000001,0.07142035398230089,0.091,0.09327411477411478,0.8955853700516352,0.093,0.4795,0.23835004047811797,0.0035000000000000005
810,0.009000000000000001,0.0125,0.57,0.044000000000000004,0.019,0.2073922539312755,0.947566882416397,0.006,0.2655416666666667,0.0709039603960396,0.004
811,0.49399999999999994,0.019,0.3915,0.01,0.051000000000000004,0.12341784119655412,0.713,0.137,0.399,0.21149999999999997,0.0015
812,0.36849999999999994,0.1585,0.7495,0.051000000000000004,0.098,0.3176987994721654,0.9149999999999998,0.1555,0.4163333333333334,0.35787225939081757,0.008
813,0.076,0.05349999999999999,0.7859999999999999,0.0235,0.08549999999999999,0.17649444043974077,0.6999022373142776,0.08399999999999999,0.7186662269129287,0.076,0.0055
814,0.196,0.051000000000000004,0.487,0.025500000000000002,0.1145,0.19238916380793078,0.09404666917576214,0.1405,0.5925828382838283,0.10500000000000001,0.006500000000000001
815,0.587,0.11996685422573732,0.5119999999999999,0.027943925233644855,0.0945,0.19802362338439503,0.7831582978723404,0.0625,0.2863333333333334,0.4063025923632674,0.008
816,0.079,0.2975,0.7745,0.04290391298499731,0.0635,0.3286621324726477,0.5235808106453056,0.3735,0.6980000000000001,0.07840098064512366,0.011
817,0.44000000000000006,0.0435,0.42750000000000005,0.0445,0.11499999999999999,0.08572360557768924,0.9355,0.10899999999999999,0.2816666666666666,0.37249999999999994,0.0015
818,0.05299999999999999,0.0195,0.711,0.0665,0.0425,0.13827444987775062,0.9222315344656129,0.005,0.3685,0.1715,0.001
819,0.41999999999999993,0.165,0.6639999999999999,0.041910891089108906,0.2125,0.22854341940829404,0.8175000000000001,0.07300000000000001,0.592,0.14883774834437086,0.013500000000000002
820,0.009,0.18128755705321384,0.8015000000000001,0.185,0.10600000000000001,0.1750912035844503,0.9324999999999999,0.0045000000000000005,0.694,0.057499999999999996,0.0
821,0.532,0.23492926829268296,0.8015000000000001,0.03348469387755102,0.2245,0.37029440429746685,0.6186056963266094,0.13799999999999998,0.4665828382838284,0.3555752250577512,0.01598126201153107
822,0.058499999999999996,0.032,0.8394999999999999,0.043,0.0085,0.12600000000000003,0.9540000000000001,0.019000000000000003,0.21349999999999997,0.5385,0.003993593955321945
823,0.34249999999999997,0.2328198734136752,0.724,0.15375866207737016,0.1645,0.4754468046000505,0.4505510266623598,0.2245,0.4617828382838284,0.2980590377180616,0.059
824,0.14100000000000001,0.1653397840429015,0.6605000000000001,0.015,0.0945,0.22656990236640687,0.921,0.0035000000000000005,0.6819999999999999,0.13561264822134386,0.0
825,0.1925,0.1475,0.6624999999999999,0.054959987751352454,0.0945,0.40527411477411474,0.47751892112744876,0.1,0.3285,0.0905,0.0095
826,0.28500000000000003,0.1865,0.633,0.04094059405940594,0.1095,0.1795,0.6480278149170827,0.071,0.365,0.3784629349470499,0.0055
827,0.0635,0.015000000000000003,0.7035,0.036940594059405946,0.1295,0.1315,0.7651179828734538,0.023,0.589,0.15178525992861142,0.004
828,0.06999999999999999,0.13,0.7825,0.02948469387755102,0.0805,0.1757898675700687,0.6051179828734539,0.11699999999999999,0.6552916666666667,0.08671644689514321,0.0075
829,0.1075,0.17850000000000002,0.705,0.05481413832247199,0.18750000000000003,0.5225796556820629,0.3710744733257635,0.4860000000000001,0.39287500000000003,0.21537563669661766,0.05748734801183043
830,0.0405,0.016499999999999997,0.765,0.0115,0.0635,0.3399974442084961,0.49274046541693595,0.069,0.5605,0.0245,0.0035000000000000005
831,0.0505,0.043500000000000004,0.578,0.034,0.004,0.19849999999999998,0.8770000000000001,0.0045,0.391,0.09,0.0
832,0.14450000000000002,0.089,0.6439999999999999,0.034499999999999996,0.0665,0.10154828850855746,0.976,0.043500000000000004,0.27349999999999997,0.2415,0.003
833,0.22349999999999998,0.1775,0.8035,0.04045499090725399,0.11850000000000001,0.048,0.43173923327671265,0.07400000000000001,0.5734999999999999,0.15794638949671774,0.016499999999999997
834,0.2185,0.094,0.6105,0.05125471445916489,0.11099999999999999,0.12135410094637225,0.7785668824163969,0.0755,0.5795823432343234,0.26517044662701694,0.002487666342096722
835,0.8879999999999999,0.0355,0.8305,0.008454990907253991,0.161,0.12799999999999997,0.999,0.075,0.7298333333333333,0.2747964299748357,0.005
836,0.15599999999999997,0.19250000000000003,0.797,0.0465,0.10700000000000001,0.2836437740693196,0.5549743696614235,0.12999999999999998,0.35550000000000004,0.1445,0.0165
837,0.1465,0.0195,0.4585,0.0175,0.042,0.09272360557768924,0.9055,0.1065,0.36500000000000005,0.24300000000000002,0.006
838,0.051500000000000004,0.028500000000000004,0.5235,0.001,0.0385,0.15168913226621736,0.5756178707224334,0.006,0.5081662269129288,0.0495,0.0105
839,0.1325,0.087,0.6599999999999999,0.024,0.0485,0.09804265313492441,0.77437566922813,0.037000000000000005,0.4971662269129287,0.125,0.0095
840,0.0605,0.064,0.7274999999999999,0.017,0.013000000000000001,0.2081263242667754,0.8465,0.0455,0.274,0.255736987787316,0.0035000000000000005
841,0.236,0.12381254492079159,0.9075,0.10194392523364489,0.12450000000000001,0.41227444987775064,0.3733028481633047,0.122,0.7013333333333334,0.11599999999999999,0.012
842,0.15,0.011,0.589,0.08597029702970298,0.049,0.08654822954822956,0.842,0.0605,0.3858996827914354,0.18649999999999997,0.0155
843,0.382,0.24392926829268294,0.6839999999999999,0.04834070796460177,0.0615,0.6707452104995753,0.8241848652898508,0.194,0.4334157312825074,0.41728702476506385,0.013493756161682552
844,0.0035000000000000005,0.006500000000000001,0.6060000000000001,0.0455,0.0155,0.15818913226621736,0.5880000000000001,0.004,0.36099999999999993,0.098,0.0
845,0.1355,0.04748021828103684,0.826,0.0205,0.08049999999999999,0.35048379314771994,0.089,0.12000000000000002,0.30500000000000005,0.4179463894967177,0.025496775260459736
846,0.557,0.0165,0.5225000000000001,0.030725049545770898,0.088,0.127,0.983,0.17300000000000001,0.4849995602462621,0.174,0.005
847,0.27449999999999997,0.0785,0.5235,0.03200000000000001,0.1035,0.18868247785042186,0.075,0.1075,0.67375,0.16813543914083293,0.003
848,0.518,0.2705,0.7060000000000001,0.06874788923439562,0.095,0.294,0.6832359657469077,0.344,0.533157363224446,0.295653181958701,0.012000000000000002
849,0.219,0.12392205147213335,0.736,0.028000000000000004,0.10200000000000001,0.32222487876907013,0.3212359657469077,0.14450000000000002,0.5393656965577793,0.18039375684556408,0.010493593955321946
850,0.007000000000000001,0.004,0.6065,0.0705,0.0055,0.146,0.9905000000000002,0.0005,0.49133289299867905,0.046740910399706834,0.002
851,0.227,0.0685,0.7104999999999999,0.05,0.07449999999999998,0.0955,0.9035,0.028499999999999998,0.39299999999999996,0.1065,0.001
852,0.42699999999999994,0.055461942257217844,0.7409999999999999,0.02447029702970297,0.11850000000000001,0.24577444987775063,0.6846936500997886,0.0465,0.2045,0.06294638949671773,0.013496858465608465
853,0.0475,0.04997354260089686,0.626,0.0095,0.10450000000000001,0.11968913226621736,0.39649999999999996,0.026500000000000003,0.43400000000000005,0.041,0.0025
854,0.006500000000000001,0.0015,0.607,0.0405,0.0055,0.1575,0.9299999999999999,0.0015,0.2815,0.099,0.0
855,0.10399999999999998,0.04650000000000001,0.6105,0.014940594059405943,0.7375,0.0975,0.833,0.0805,0.525,0.1565,0.004499999999999999
856,0.198,0.08399999999999999,0.6559999999999999,0.0672426667900435,0.0615,0.11750000000000001,0.9235466691757622,0.07749999999999999,0.5555899198736653,0.2910960672977287,0.012
857,0.10500000000000001,0.0025,0.595,0.0165,0.0855,0.125,0.8931909160892995,0.010499999999999999,0.27549999999999997,0.03166024180307478,0.011000000000000001
858,0.343,0.025923279085527155,0.49450000000000005,0.06281313840424668,0.051000000000000004,0.17585410094637224,0.9016582978723404,0.0805,0.37561338661663923,0.3139806847356409,0.009
859,0.4715,0.14100000000000001,0.46749999999999997,0.032,0.05550000000000001,0.087,0.921,0.21900000000000003,0.4236995249406176,0.3959039603960396,0.0215
860,0.325,0.047,0.5509999999999999,0.06377065101200385,0.07549999999999998,0.13777411477411478,0.879585370051635,0.1035,0.4383333333333333,0.243350040478118,0.004
861,0.0475,0.0245,0.538,0.03849999999999999,0.015500000000000003,0.09314400256574726,0.9684999999999999,0.013500000000000002,0.4283666666666667,0.11209174921852846,0.0
862,0.14950000000000002,0.0215,0.605,0.0355,0.0055,0.16794062999608944,0.9105000000000001,0.029000000000000005,0.24900000000000003,0.14683774834437086,0.0115
863,0.15347530436504012,0.1155,0.805,0.02839732482863671,0.087,0.3091156433138207,0.559967447578112,0.1635,0.540664302010676,0.17231930535093096,0.012
864,0.136,0.136,0.48250000000000004,0.09554832421483579,0.1605,0.487960823504544,0.41136133086141247,0.093,0.5565,0.0945,0.0125
865,0.07949999999999999,0.024,0.5115000000000001,0.026500000000000003,0.0675,0.13068913226621737,0.9810000000000001,0.049,0.5212,0.1854463894967177,0.0015
866,0.236,0.12381254492079159,0.9075,0.10194392523364489,0.12450000000000001,0.41227444987775064,0.3733028481633047,0.122,0.7013333333333334,0.11599999999999999,0.012
867,0.1825,0.041499999999999995,0.5215,0.05942035398230089,0.08449999999999999,0.18470820189274445,0.8495000000000001,0.0635,0.46324956024626207,0.25249671450838773,0.0025
868,0.4215,0.1945,0.654,0.06144059405940594,0.092,0.1915396654945948,0.9055,0.072,0.41394902989111265,0.3153377483443709,0.0075
869,0.36100000000000004,0.11294183319109652,0.5864999999999999,0.047,0.07450000000000001,0.12646324704033213,0.8209611888385252,0.12250000000000001,0.476,0.2935,0.0645
870,0.297,0.211,0.6369999999999999,0.0387528231890517,0.20099999999999998,0.992,0.5294721632037223,0.16899999999999998,0.4951657312825074,0.22737357571165884,0.034
871,0.0335,0.0215,0.704,0.08800000000000001,0.027500000000000004,0.09614428020565553,0.9480000000000001,0.007000000000000001,0.191,0.23349999999999999,0.0015
872,0.11750000000000001,0.05298021828103683,0.8415000000000001,0.05618691857028744,0.0955,0.3982833118173989,0.18,0.093,0.26825,0.4582316494253291,0.009496775260459733
873,0.543,0.16749999999999998,0.5894999999999999,0.03979541038215971,0.12150000000000001,0.30452973142228273,0.5406848652898508,0.053500000000000006,0.37891522112196313,0.34918729989642455,0.015
874,0.2885,0.14699999999999996,0.5885,0.07100000000000001,0.16699999999999998,0.2587636831153274,0.7132359657469077,0.1525,0.47129908518687974,0.38454883119178596,0.016487349983782033
875,0.019,0.0385,0.5289999999999999,0.021500000000000002,0.0485,0.21518913226621733,0.8165000000000001,0.0215,0.3985,0.073,0.0005
876,0.040999999999999995,0.0295,0.43100000000000005,0.0305,0.007999999999999998,0.14473711684041757,0.8564999999999999,0.0055,0.434,0.16599999999999998,0.0025
877,0.086,0.052500000000000005,0.8280000000000001,0.025500000000000002,0.0885,0.18473736181444692,0.3215,0.057999999999999996,0.3315,0.12294687842278203,0.003493591850147881
878,0.016,0.042499999999999996,0.6415,0.006,0.0125,0.15550000000000003,0.7846179828734539,0.044500000000000005,0.55225,0.075,0.006493756161682551
879,0.5085,0.11498021828103684,0.6199999999999999,0.03539065101200386,0.0645,0.19843260056638265,0.8100668824163971,0.1,0.5496666666666667,0.1614463894967177,0.016
880,0.6245,0.0185,0.65,0.05775986418260568,0.020999999999999998,0.151,0.9440000000000002,0.0435,0.4265,0.17510895452630626,0.0015
881,0.0605,0.14850000000000002,0.8905,0.031,0.06699999999999999,0.20410096389005838,0.6745000000000001,0.4835,0.45975,0.22149999999999997,0.003
882,0.351,0.08299999999999999,0.7124999999999999,0.0235,0.0805,0.24548089183894564,0.8221848652898508,0.1565,0.40891666666666665,0.26948374122764013,0.013500000000000002
883,0.064,0.028500000000000004,0.5509999999999999,0.029500000000000005,0.009,0.20902258231780307,0.916,0.005,0.34949950495049503,0.229,0.008499999999999999
884,0.1285,0.006,0.6205,0.059,0.012,0.07999999999999999,0.9665000000000001,0.0665,0.37416666666666665,0.3279039603960396,0.0035000000000000005
885,0.227,0.12740281089357977,0.7205,0.05700000000000001,0.157,0.19235532935149524,0.693049252228669,0.08499999999999999,0.620332892998679,0.194,0.0055
886,0.07449999999999998,0.0055,0.5835,0.044984693877551024,0.0085,0.1752194023379982,0.9339999999999999,0.0,0.2793333333333333,0.045403960396039604,0.004999999999999999
887,0.0635,0.069,0.504,0.13820608380463345,0.052500000000000005,0.10818913226621736,0.7665960335554515,0.5450000000000002,0.531249504950495,0.2174199271738823,0.001
888,0.023,0.051500000000000004,0.5885,0.03147029702970298,0.003,0.122,0.975,0.002,0.2991666666666667,0.097,0.001
889,0.34400000000000003,0.10816262517676312,0.603,0.0485,0.15650000000000003,0.1705,0.8821627691133184,0.0885,0.5045,0.18890316205533597,0.013500000000000002
890,0.413,0.1885,0.614,0.025758146579749237,0.2515,0.18022360557768924,0.7777359657469077,0.1035,0.500915290947853,0.22620464368746038,0.011481724911830716
891,0.05349999999999999,0.039,0.5805,0.023,0.018500000000000003,0.134,0.8295,0.009000000000000001,0.5359999999999999,0.058695007548898205,0.0
892,0.0915,0.0355,0.5565,0.029000000000000005,0.018,0.11490205435129386,0.8131848652898508,0.0465,0.5294166666666665,0.19094687842278205,0.0075
893,0.34750000000000003,0.026000000000000002,0.7415,0.03197029702970297,0.0735,0.08050000000000002,0.9724999999999999,0.137,0.5428828382838283,0.10720167763764328,0.011
894,0.0935,0.15899999999999997,0.7630000000000001,0.039,0.07050000000000001,0.3454601111711631,0.6079550125604445,0.2385,0.5515,0.147,0.013987349983782033
895,0.015999999999999997,0.0115,0.5735,0.059,0.0045,0.1955,0.8955,0.009,0.42300000000000004,0.11250000000000002,0.0085
896,0.622,0.17200000000000001,0.6855,0.028000000000000004,0.1115,0.20104661957560613,0.739,0.329,0.3575,0.33890316205533594,0.0025
897,0.057999999999999996,0.045980218281036836,0.35100000000000003,0.12150000000000001,0.0995,0.19417113079637988,0.771066882416397,0.045000000000000005,0.40416622691292875,0.23496328538985617,0.003999999999999999
898,0.2085,0.039,0.6055,0.05247029702970296,0.09200000000000001,0.14491443108233118,0.9381567967836663,0.05500000000000001,0.4096666666666667,0.05740195054348525,0.0035000000000000005
899,0.1165,0.1485,0.703,0.04478443535217496,0.179,0.5264719096133383,0.37150759090936647,0.4135,0.394375,0.20187563669661762,0.06449375616168254
900,0.051000000000000004,0.025,0.484,0.021,0.025,0.15514400256574726,0.32604666917576214,0.0625,0.5848328935795954,0.0947852599286114,0.001
901,0.40549999999999997,0.1815,0.6315000000000001,0.024,0.182,0.18071390717677138,0.860652252468032,0.162,0.4135,0.372,0.05947469996756406
902,0.37500000000000006,0.14598021828103686,0.6995,0.08892035398230089,0.12150000000000001,0.2924275814854681,0.9215,0.23249999999999998,0.638249504950495,0.163850040478118,0.009490448979591837
903,0.5665,0.055999999999999994,0.707,0.028943925233644863,0.0775,0.11949999999999998,0.4916179828734538,0.133,0.4585,0.172,0.0035000000000000005
904,0.013500000000000002,0.0015,0.5870000000000001,0.046000000000000006,0.0215,0.189,0.926066882416397,0.0045000000000000005,0.2831666666666667,0.05550000000000001,0.001
905,0.08399999999999999,0.0625,0.7434999999999999,0.0195,0.11600000000000002,0.0725,0.5887371086220748,0.017499999999999998,0.6234999999999999,0.175,0.002
906,0.091,0.076,0.7285,0.04394059405940594,0.08249999999999999,0.28018913226621733,0.149,0.0945,0.30849999999999994,0.1075,0.0035000000000000005
907,0.0485,0.0595,0.619,0.02489915966386555,0.039,0.14637710437710438,0.902566882416397,0.0225,0.5520828382838284,0.06867661877626455,0.0055
908,0.058499999999999996,0.0125,0.6609999999999999,0.045,0.0125,0.161,0.9535,0.011,0.23199999999999998,0.08800000000000001,0.0025
909,0.1265,0.05900000000000001,0.6665000000000001,0.027499999999999997,0.1,0.12548407783987586,0.6685000000000001,0.022000000000000002,0.5105000000000001,0.4552428308279334,0.001
910,0.021,0.027500000000000004,0.648,0.03497029702970297,0.028999999999999998,0.10754889975550123,0.9004999999999999,0.16699999999999998,0.4845,0.07140316205533596,0.0015
911,0.020999999999999998,0.022,0.5745,0.033,0.0105,0.1525,0.704,0.0095,0.34025000000000005,0.29385083881882157,0.0005
912,0.24699999999999997,0.24948021828103686,0.7725000000000001,0.05597979797979798,0.12999999999999998,0.48353213796558225,0.33392688183620717,0.1815,0.353957892998679,0.46477072962290356,0.03199375616168255
913,0.409,0.2455,0.5715,0.09170170774543984,0.1515,0.25592487523269203,0.815667524529303,0.19,0.42087499999999994,0.32290967488657385,0.0165
914,0.6149139951740779,0.41388582677165353,0.7105,0.03790065600287563,0.10900000000000001,0.38429606523220033,0.11258528198074277,0.641,0.4277903596274033,0.10394687842278202,0.0075000000000000015
915,0.21050000000000005,0.1445,0.724,0.0645,0.075,0.387290145705745,0.6796177979255067,0.1265,0.44349999999999995,0.28430712245137557,0.022
916,0.162,0.013000000000000001,0.5965,0.08665851769013996,0.0325,0.176,0.870240465416936,0.0435,0.4246064284212031,0.13451359682063724,0.0015
917,0.5929139951740778,0.207,0.7255,0.08393478888705197,0.15399999999999997,0.3921181503781758,0.1283121188960833,0.5545,0.4675000000000001,0.16699999999999998,0.020482026492446775
918,0.33,0.2125,0.7765000000000001,0.08978843227804811,0.11399999999999999,0.33072142824274875,0.498853466898922,0.118,0.534,0.2859101638126382,0.006999999999999999
919,0.3335,0.13246133682830932,0.6695,0.09216831933050258,0.066,0.09385438042620363,0.7910668824163971,0.1025,0.47641518151815176,0.293596547554227,0.0155
920,0.0095,0.022000000000000002,0.526,0.0805,0.014000000000000002,0.16754856465186538,0.9455,0.006500000000000001,0.48266573128250734,0.11961208786260927,0.0
921,0.09,0.02648021828103684,0.611,0.03939891614089884,0.0635,0.27954889975550123,0.377,0.11850000000000001,0.4701666666666666,0.055403162055335964,0.0075
922,0.5185000000000001,0.269,0.7329999999999999,0.018500000000000003,0.09949999999999999,0.3111280999529125,0.7452517477062479,0.259,0.35900000000000004,0.5035000000000001,0.022977434482787808
923,0.0685,0.0405,0.623,0.09647029702970297,0.063,0.097,0.8754253307067869,0.0345,0.5794166666666667,0.22290981336983196,0.01
924,0.1935,0.1885,0.7014999999999999,0.05845499090725399,0.22000000000000003,0.17500000000000002,0.5419626550563343,0.1835,0.3206833333333333,0.22079059829059827,0.020499999999999997
925,0.16899999999999998,0.11697354260089685,0.6559999999999999,0.044,0.1045,0.3862370856711389,0.5392880796806325,0.093,0.5047079616782293,0.23512040729118283,0.0289809398346211
926,0.2955,0.09048663594470045,0.6759999999999999,0.010420353982300885,0.1055,0.18660487500799466,0.4366179828734539,0.151,0.43983234323432346,0.21936925703467597,0.0105
927,0.1625,0.5214619422572179,0.8675,0.08797029702970297,0.053000000000000005,0.08014486009649181,0.9373615452023076,0.031999999999999994,0.817,0.041999999999999996,0.0015
928,0.2695,0.09,0.646,0.07586945669356851,0.095,0.25328930364149577,0.8699999999999999,0.0915,0.43119900990099,0.1902428308279333,0.017499999999999998
929,0.259,0.06949999999999999,0.682,0.0645,0.221,0.0985,0.8982404654169361,0.057999999999999996,0.492,0.25293159379407615,0.0045
930,0.0665,0.0215,0.679,0.01897029702970297,0.0375,0.13190266893476107,0.841,0.048499999999999995,0.4792662269129287,0.1182428308279333,0.004
931,0.15499999999999997,0.0475,0.5355,0.066,0.055999999999999994,0.1295,0.8768246809220935,0.013999999999999999,0.3314161716171617,0.1087905982905983,0.010996775260459732
932,0.388,0.39699999999999996,0.7430000000000001,0.031,0.0825,0.43005717713399266,0.6403633826812853,0.21900000000000003,0.319,0.49226873425986384,0.0245
933,0.558,0.016,0.5435000000000001,0.01095499090725399,0.079,0.09,0.8701179828734539,0.12450000000000001,0.4051666666666667,0.11340316205533599,0.0115
934,0.0955,0.1025,0.651,0.0505,0.12050000000000001,0.20020764866995672,0.5873088989627533,0.08049999999999999,0.5845,0.1515,0.0215
935,0.33249999999999996,0.10587746505058555,0.744,0.19177508031515472,0.11300000000000002,0.174997720351804,0.9625,0.1285,0.591249504950495,0.08499999999999999,0.0035000000000000005
936,0.37750000000000006,0.24100000000000002,0.7844999999999999,0.03898469387755102,0.10999999999999999,0.47021280289583844,0.49160551210401965,0.16799999999999998,0.501,0.336629468722492,0.018000000000000002
937,0.5445,0.0155,0.601,0.025500000000000002,0.039,0.12641811883646237,0.8256179828734538,0.1325,0.5053333333333333,0.21037847221685818,0.008468059896588859
938,0.42750000000000005,0.24300000000000002,0.7365,0.0551135304434506,0.0665,0.319869226564881,0.8714100879525711,0.14300000000000002,0.48737406461584076,0.3694829428869365,0.029500000000000005
939,0.3765,0.153,0.695,0.04741422226334783,0.098,0.394,0.6650055463864198,0.10699999999999998,0.5249575220787976,0.129,0.023
940,0.28650000000000003,0.13999999999999999,0.6005,0.042499999999999996,0.101,0.1296888141295206,0.8539268818362071,0.08349999999999999,0.53625,0.3097535119480933,0.0075
941,0.28250000000000003,0.1409798909338787,0.6345000000000001,0.05641422226334782,0.1015,0.20490266559823764,0.7317725517695944,0.0985,0.5750316753643112,0.1886852903152004,0.034499999999999996
942,0.209,0.2905,0.6615,0.04347029702970297,0.10400000000000001,0.2858957880118691,0.6868028481633046,0.11750000000000001,0.4495,0.34394638949671774,0.051000000000000004
943,0.17099999999999999,0.032999999999999995,0.7164999999999999,0.013500000000000002,0.0385,0.17200000000000001,0.6385,0.0435,0.41891622691292885,0.127,0.0034999999999999996
944,0.0825,0.032499999999999994,0.6275000000000001,0.07858744185703706,0.008499999999999999,0.1075,0.9363757813791503,0.014500000000000002,0.38150000000000006,0.185204195789563,0.0055
945,0.38849999999999996,0.2515,0.7510000000000001,0.03946661257847511,0.1365,0.39819236526368956,0.623,0.198,0.4888158544085971,0.3333945287411261,0.024000000000000004
946,0.0945,0.4960000000000001,0.6935,0.03144392523364486,0.10900000000000001,0.28243858585528636,0.566485298084303,0.129,0.481,0.08393159379407616,0.004999999999999999
947,0.337,0.055999999999999994,0.7190000000000001,0.04992528793695696,0.08,0.24648102473453565,0.8637977436086886,0.13799999999999998,0.5534157318634239,0.1913882004829191,0.015497901248205015
948,0.012,0.014000000000000002,0.5965,0.027000000000000003,0.028999999999999998,0.163,0.734164652049216,0.0015,0.4262499999999999,0.05600000000000001,0.0
949,0.3055,0.145,0.7230000000000001,0.06036830389600088,0.0965,0.012,0.879658163265306,0.12050000000000001,0.6054999999999999,0.1709039603960396,0.009000000000000001
950,0.36049999999999993,0.073,0.5155000000000001,0.1288942020370683,0.22000000000000003,0.16472360557768922,0.893324749017896,0.1095,0.478249504950495,0.24235034989275736,0.0205
951,0.038,0.0415,0.611,0.052500000000000005,0.0825,0.23981711749846796,0.05700000000000001,0.05700000000000001,0.692,0.09818842198394738,0.004999999999999999
952,0.06849999999999999,0.0115,0.5820000000000001,0.0385,0.0615,0.13649999999999998,0.845,0.005,0.221,0.142736987787316,0.0044873499837820305
953,0.1975,0.13133337108815546,0.7819999999999999,0.04579176345228704,0.1025,0.15655785262171246,0.961,0.0455,0.531648761640287,0.1608290951164871,0.010499999999999999
954,0.26,0.054000000000000006,0.4995,0.015999999999999997,0.078,0.12677383863080685,0.8955,0.056499999999999995,0.4375,0.17118196080728956,0.012
955,0.0095,0.05900000000000001,0.6300000000000001,0.036,0.013000000000000001,0.2539147806004619,0.9246179828734539,0.0045,0.356,0.0945,0.0
956,0.279,0.11242205147213336,0.788,0.0205,0.12200000000000003,0.2624548362502236,0.3006179828734538,0.21349999999999997,0.4768661916072842,0.2883401463422818,0.007000000000000001
957,0.2085,0.07750000000000001,0.5795,0.01398469387755102,0.086,0.10137794639573797,0.813819636700018,0.098,0.4352495049504951,0.33870008095623605,0.006500000000000001
958,0.3745,0.10096194225721784,0.6010000000000001,0.07394059405940594,0.061,0.2165,0.568,0.075,0.2823496835443038,0.086350040478118,0.009
959,0.0855,0.11797354260089685,0.547,0.08,0.19,0.10200000000000001,0.8570668824163971,0.057999999999999996,0.5208740099009901,0.17714666267388993,0.008
960,0.2425,0.125,0.6625,0.043864317272848785,0.1565,0.9119999999999999,0.5598465782541977,0.1065,0.5219995049504951,0.16692263264393153,0.011000000000000001
961,0.334,0.2745,0.7055,0.0874293755064545,0.1355,0.39278284015968623,0.6473195997211753,0.13799999999999998,0.5083902362330024,0.3352331675536993,0.017491529612756677
962,0.2975,0.143,0.575,0.0465,0.138,0.10070736919012532,0.8432359657469076,0.052500000000000005,0.421,0.1885,0.004484524807705188
963,0.548,0.0055,0.6,0.030000000000000006,0.043,0.0675,0.8540000000000001,0.2,0.43450000000000005,0.1715,0.0
964,0.5795,0.078,0.6439999999999999,0.031390651012003855,0.1255,0.12518913226621736,0.9354999999999999,0.0895,0.5673323979491741,0.15444638949671774,0.042
965,0.057999999999999996,0.123,0.938,0.0015,0.0625,0.14808719682225968,0.4915,0.45000000000000007,0.3413333333333334,0.35650000000000004,0.0
966,0.007000000000000001,0.0045,0.5545,0.0465,0.013500000000000002,0.1305,0.9269313815062354,0.009,0.36066666666666675,0.0934039603960396,0.0045000000000000005
967,0.118,0.0075000000000000015,0.6125,0.05087909999754505,0.05650000000000001,0.17114377406931966,0.7583538364693412,0.033,0.24500000000000002,0.10799999999999998,0.028000000000000004
968,0.6050000000000001,0.081,0.667,0.014500000000000002,0.13,0.2797727166039669,0.957980930833872,0.052500000000000005,0.4919162269129288,0.2277115641075576,0.0215
969,0.2445,0.063,0.49749999999999994,0.08722242671293844,0.058499999999999996,0.13918983432288426,0.866,0.118,0.42741666666666667,0.3472771034805332,0.0049876663420967225
970,0.347,0.145,0.6199999999999999,0.056499999999999995,0.05450000000000001,0.4136142374963548,0.9219999999999999,0.14950000000000002,0.4495,0.3052846267671529,0.011000000000000001
971,0.157,0.156,0.8115,0.04239110311978373,0.0915,0.3129267021124428,0.5728398138451292,0.0935,0.669749504950495,0.17247036567078086,0.0165
972,0.198,0.013500000000000002,0.634,0.09941242348865234,0.036500000000000005,0.16635410094637224,0.8324313815062355,0.1785,0.43022497036932095,0.3030034464086461,0.002
973,0.0985,0.05,0.5055000000000001,0.121,0.167,0.1314610258207649,0.930711655929603,0.072,0.5557490099009902,0.21233774834437086,0.017
974,0.0385,0.047999999999999994,0.6985,0.0055,0.0945,0.09760298366751995,0.693,0.01,0.458,0.5084039603960397,0.0035000000000000005
975,0.06949999999999999,0.028500000000000004,0.563,0.0105,0.014500000000000002,0.19693599520990349,0.586,0.05800000000000001,0.4465,0.101,0.0015
976,0.0505,0.1605,0.8959999999999999,0.017,0.101,0.16289761363879324,0.521,0.3375,0.584,0.1533347558494121,0.006
977,0.139,0.0475,0.6255,0.08636427921594574,0.044500000000000005,0.11541839497977029,0.9455,0.027000000000000003,0.5310828929986791,0.09285083881882164,0.007000000000000001
978,0.21749999999999997,0.1025,0.743,0.029500000000000005,0.0795,0.26327383863080683,0.43546553983311237,0.1865,0.5019495049504951,0.20490316205533596,0.019999999999999997
979,0.028000000000000004,0.05399999999999999,0.6605,0.032,0.0105,0.1985,0.9184999999999999,0.014500000000000002,0.5594156765676568,0.055337748344370864,0.0035000000000000005
980,0.24899999999999997,0.1355,0.7775000000000001,0.04193028478105543,0.095,0.2129777854563056,0.16684462496202196,0.16299999999999998,0.6011662269129288,0.17506857344372023,0.009500000000000001
981,0.3995,0.11850000000000001,0.5535,0.034499999999999996,0.0985,0.18281679936177123,0.9256179828734539,0.12450000000000001,0.2572,0.39944638949671774,0.023
982,0.025500000000000002,0.23642327908552713,0.8195,0.0505,0.0925,0.2140405786327228,0.719566882416397,0.026000000000000002,0.44749999999999995,0.09949999999999999,0.0014968584656084656
983,0.5450000000000002,0.069,0.6685,0.015999999999999997,0.065,0.1213328166952679,0.9890000000000001,0.07749999999999999,0.371,0.107755,0.0045
984,0.3005,0.17250000000000001,0.62,0.047,0.122,0.23148232000338273,0.6638584482903899,0.14,0.404,0.3544629349470499,0.0375
985,0.334,0.1435,0.6689999999999999,0.05686945669356852,0.21550000000000002,0.17565121915121912,0.88085844829039,0.129,0.45379023681391895,0.3641648133698319,0.006500000000000001
986,0.002,0.0055,0.554,0.073,0.022,0.15250000000000002,0.9601538210237429,0.01,0.3195,0.10433774834437086,0.0035000000000000005
987,0.0235,0.029000000000000005,0.4345,0.0235,0.027000000000000003,0.17942851042829824,0.7205,0.0045,0.5185,0.038,0.0005
988,0.4485,0.10400000000000001,0.5589999999999999,0.0075000000000000015,0.057999999999999996,0.3104826300810593,0.888617982873454,0.256,0.433,0.366446878422782,0.006500000000000001
989,0.4255000000000001,0.21000000000000002,0.6405,0.0445,0.10600000000000001,0.15812855082412286,0.8103246809220934,0.1535,0.4145,0.387403162055336,0.03899375616168255
990,0.8230000000000001,0.054000000000000006,0.616,0.013500000000000002,0.079,0.10727444987775062,0.9984999999999999,0.021,0.5675000000000001,0.269,0.0005
991,0.11500000000000002,0.06973238494270786,0.7294999999999999,0.015000000000000003,0.41,0.1135,0.8186584163018201,0.099,0.530499133295391,0.18228053746754666,0.0074873458792991555
992,0.19849999999999998,0.18250000000000002,0.6675000000000001,0.08844392523364486,0.05800000000000001,0.19746324704033213,0.8504998150520529,0.13999999999999999,0.568,0.30844638949671765,0.0155
993,0.08349999999999999,0.013000000000000001,0.6415,0.05329783228179771,0.052500000000000005,0.10227411477411479,0.8175000000000001,0.01,0.25,0.19899999999999998,0.0045
994,0.1005,0.06000000000000001,0.7535000000000001,0.021500000000000002,0.135,0.19584985186085868,0.39350000000000007,0.12450000000000001,0.422,0.13044687842278205,0.002993591850147881
995,0.0215,0.05086113454338874,0.47350000000000003,0.06683860092570386,0.05,0.133,0.8554999999999999,0.001,0.19666666666666668,0.12285034989275734,0.0335
996,0.1895,0.08973897957877217,0.712,0.1313658819963629,0.148,0.10527444987775061,0.9412033529250889,0.10350000000000001,0.5019235695663358,0.10083365874407768,0.012499999999999999
997,0.46950000000000003,0.542,0.6409999999999999,0.10292035398230089,0.1135,0.1495,0.977,0.0975,0.197,0.632,0.009
998,0.0115,0.022500000000000003,0.5845,0.07994392523364487,0.006,0.143,0.976,0.0035000000000000005,0.3013496835443038,0.056337748344370865,0.0015
999,0.3794753141387157,0.036,0.683,0.07108855223226804,0.0785,0.2267147481042003,0.8677731647317468,0.11749999999999998,0.5744666666666667,0.17094687842278203,0.030500000000000006
1000,0.7344999999999999,0.16150000000000003,0.571,0.039824204077855814,0.118,0.34160246665171473,0.6596848652898508,0.07999999999999999,0.4135,0.21135034989275736,0.006500000000000001
1001,0.4459753141387157,0.4254613368283093,0.7565000000000001,0.08444059405940593,0.10850000000000001,0.3396516917424178,0.23361798287345384,0.14550000000000002,0.2989330168776371,0.4841339786360919,0.01449375616168255
1002,0.40099999999999997,0.1035,0.6835000000000001,0.030000000000000006,0.0875,0.25096702414848104,0.829785330126597,0.061,0.5243661916072841,0.16794638949671775,0.16899999999999998
1003,0.23399999999999999,0.2085,0.7364999999999999,0.049464491857349,0.126,0.3721282947943899,0.7176133666442118,0.1385,0.6097907318634238,0.1457485453184676,0.0155
1004,0.17449999999999996,0.05,0.542,0.03897029702970296,0.07550000000000001,0.13727411477411477,0.8190668824163971,0.05950000000000001,0.2895,0.42749999999999994,0.0025
1005,0.43949999999999995,0.08,0.6615,0.0155,0.077,0.2290082223527859,0.9110668824163971,0.1295,0.6609999999999999,0.1519039603960396,0.016999999999999998
1006,0.10300000000000001,0.054000000000000006,0.5119999999999999,0.0595,0.038000000000000006,0.06323186787982363,0.9515668824163969,0.0865,0.5136662269129288,0.195,0.02
1007,0.049,0.0205,0.6119999999999999,0.016799497951657243,0.017499999999999998,0.14525199406499684,0.7587359657469077,0.026500000000000003,0.5394578935795954,0.08493486161062738,0.0005
1008,0.6529139951740779,0.0685,0.5479999999999999,0.04374596044292724,0.123,0.1716596147574315,0.93,0.21100000000000002,0.5285412957467853,0.2985653949350113,0.004
1009,0.58,0.05450360824518037,0.7715,0.02397029702970297,0.1795,0.22661623293377414,0.9695,0.034,0.6052500000000001,0.20890316205533596,0.001
1010,0.0675,0.036,0.421,0.024,0.0345,0.11750000000000001,0.8365,0.05600000000000001,0.30199999999999994,0.07390316205533598,0.006
1011,0.027000000000000003,0.009,0.6529999999999999,0.025970297029702973,0.026500000000000003,0.1075,0.933,0.0185,0.438832892998679,0.08025479921486124,0.006500000000000001
1012,0.4215,0.07550000000000001,0.55,0.08249999999999999,0.033,0.22484123542945894,0.645240465416936,0.127,0.29,0.26640396039603964,0.001
1013,0.053000000000000005,0.3009802182810368,0.772,0.026000000000000002,0.098,0.16648403540790818,0.857,0.09699999999999999,0.6795,0.06899999999999999,0.005
1014,0.042499999999999996,0.06949999999999999,0.8175000000000001,0.014500000000000002,0.033499999999999995,0.22316122288765308,0.7935000000000001,0.18150000000000002,0.475456902899669,0.3941070074020927,0.0025
1015,0.433,0.15999999999999998,0.6845,0.05162156861957111,0.1025,0.2616888141295206,0.7377808304565687,0.14699999999999996,0.41658197231444216,0.25503250289639945,0.013500000000000002
1016,0.09,0.02,0.6555000000000001,0.020999999999999998,0.0085,0.10200000000000001,0.9385,0.0315,0.5055000000000001,0.08790396039603961,0.003
1017,0.2505,0.17250000000000001,0.6835,0.05986536054264763,0.056499999999999995,0.7508920653442239,0.8311179828734538,0.14200000000000002,0.5274490651967572,0.2362470727881385,0.0045
1018,0.2145,0.1505,0.6815,0.07347029702970297,0.083,0.3165432332125896,0.7925668824163971,0.14100000000000001,0.44025,0.3256896978943355,0.01
1019,0.38,0.1105,0.732,0.05764105230141756,0.14550000000000002,0.3802794923239382,0.40255452379798307,0.12450000000000001,0.6450000000000001,0.13567488779630882,0.012
1020,0.4210000000000001,0.042499999999999996,0.43200000000000005,0.022000000000000002,0.0875,0.0955,0.8196909160892994,0.13600000000000004,0.5021666666666667,0.27249999999999996,0.07850000000000001
1021,0.421,0.12747354260089688,0.716,0.034470297029702966,0.131,0.1316888141295206,0.9349999999999999,0.072,0.5046328578975171,0.20750000000000002,0.0195
1022,0.437,0.20350000000000001,0.5690000000000001,0.0475,0.07350000000000001,0.09668913226621736,0.7043073478333329,0.196,0.3375,0.302,0.01249375616168255
1023,0.268,0.047,0.5985,0.07139065101200384,0.10049999999999999,0.1355,0.9605,0.05,0.31449999999999995,0.079755,0.0035000000000000005
1024,0.5395,0.0475,0.6615,0.051380278844210946,0.1025,0.093,0.9644999999999999,0.15599999999999997,0.5446662269129288,0.199,0.005
1025,0.0485,0.057999999999999996,0.5285,0.10032837729631475,0.10500000000000001,0.16920066781510693,0.1025,0.048,0.5005828929986791,0.1008176987363486,0.006500000000000001
1026,0.0335,0.009,0.6850000000000002,0.0355,0.014500000000000002,0.12199787501569188,0.968,0.0025,0.29924999999999996,0.17450000000000002,0.0035000000000000005
1027,0.28750000000000003,0.05700000000000001,0.5215,0.028970297029702975,0.053500000000000006,0.17246239081935905,0.8090853700516352,0.10299999999999998,0.35008333333333336,0.22794687842278205,0.0035000000000000005
1028,0.531,0.04,0.4545,0.028000000000000004,0.0695,0.09432206817903639,0.8965,0.161,0.27083333333333337,0.382736987787316,0.0015
1029,0.018,0.026500000000000003,0.40149999999999997,0.0245,0.0415,0.18560180698509982,0.6184999999999999,0.002,0.2165,0.045,0.0
1030,0.34199999999999997,0.201,0.726,0.05750000000000001,0.17400000000000002,0.29923771388502185,0.6055490663029433,0.08449999999999999,0.5426246290801188,0.2473511828257541,0.009999999999999998
1031,0.016,0.0115,0.499,0.031943925233644865,0.0125,0.152,0.8346538210237429,0.027000000000000003,0.16749950495049504,0.057982619140117285,0.0
1032,0.38449999999999995,0.16299999999999998,0.697,0.05691422226334782,0.09,0.2951888141295206,0.597587644677165,0.11700000000000002,0.5249575220787976,0.144,0.021
1033,0.051000000000000004,0.043980218281036834,0.9,0.014499999999999999,0.0915,0.367012390190984,0.034999999999999996,0.06599999999999999,0.253,0.5239463894967178,0.001496775260459732
1034,0.201,0.0965,0.716,0.05635634803090208,0.08,0.35610447117821775,0.6206584134721473,0.10049999999999999,0.4489828382838284,0.24074091039970683,0.055499999999999994
1035,0.20350000000000001,0.18633232663975477,0.7939999999999999,0.04690065600287563,0.142,0.3742618331153733,0.45792597668849977,0.13,0.6279162263320124,0.11864599288326927,0.02
1036,0.2405,0.34550000000000003,0.6365,0.027000000000000003,0.1065,0.22840763638985367,0.6835,0.22949999999999998,0.264,0.194,0.031000000000000007
1037,0.05600000000000001,0.014500000000000002,0.6785,0.008,0.016,0.15518855218855218,0.8246179828734539,0.0115,0.339,0.1065,0.002
1038,0.3895,0.05500000000000001,0.6279999999999999,0.006470297029702971,0.095,0.059774114774114775,0.8414999999999999,0.14250000000000002,0.54,0.17099999999999999,0.002
1039,0.008499999999999999,0.006,0.5744999999999999,0.041999999999999996,0.009000000000000001,0.15399999999999997,0.923,0.0005,0.24483333333333332,0.09490396039603961,0.002
1040,0.0765,0.033999999999999996,0.5035000000000001,0.029500000000000005,0.025,0.10600000000000001,0.659102720566686,0.057999999999999996,0.5936662269129288,0.15435083881882164,0.0015
1041,0.6064139951740779,0.094,0.5945,0.07233033579680886,0.0665,0.17224473292696357,0.7733028481633047,0.28550000000000003,0.4343245249406175,0.46468479632753007,0.002
1042,0.32099999999999995,0.26599999999999996,0.6980000000000001,0.0415,0.07550000000000001,0.3227184465664349,0.74656611593756,0.22199999999999998,0.43929999999999997,0.420806324110672,0.014500000000000002
1043,0.2655,0.0225,0.5130000000000001,0.025500000000000002,0.067,0.08283255475429945,0.9530000000000001,0.164,0.563,0.23600000000000004,0.004
1044,0.16,0.10600000000000001,0.7385,0.04579207920792079,0.0925,0.31227411477411476,0.3972516756346784,0.093,0.59765,0.13713843163579162,0.018000000000000002
1045,0.7025,0.073,0.757,0.01795499090725399,0.0755,0.1316440025657473,0.9880000000000001,0.0775,0.37446666666666667,0.3802863485100112,0.0045
1046,0.378,0.15099999999999997,0.6485,0.08975974936016638,0.1455,0.18649999999999997,0.6498024042058069,0.1395,0.6140000000000001,0.10623698778731601,0.0175
1047,0.0375,0.028000000000000004,0.504,0.022000000000000002,0.061,0.15350000000000003,0.7607359657469076,0.0185,0.40875000000000006,0.09193159379407617,0.0005
1048,0.305,0.015,0.61,0.1355,0.10700000000000001,0.31271281495126324,0.26930889896275334,0.0935,0.31850000000000006,0.11849999999999998,0.0015
1049,0.0055000000000000005,0.009500000000000001,0.598,0.0425,0.006500000000000001,0.16799999999999998,0.7955,0.004,0.42300000000000004,0.09490316205533597,0.0
1050,0.35350000000000004,0.129,0.5285,0.06393282203868056,0.08299999999999999,0.16196324704033213,0.8391275290853981,0.202,0.40016617161716167,0.3770982620497664,0.0115
1051,0.0235,0.046,0.8965,0.19899999999999998,0.14550000000000002,0.34800940857277274,0.316,0.023,0.8985,0.07499999999999998,0.0045
1052,0.13,0.0375,0.414,0.08719574326382365,0.013000000000000001,0.21000000000000002,0.973535838150289,0.05850000000000001,0.62625,0.1379039603960396,0.003
1053,0.1585,0.021,0.5860000000000001,0.12047029702970298,0.006999999999999999,0.209,0.8404594327797084,0.006999999999999999,0.3275,0.182,0.001
1054,0.309,0.073,0.46749999999999997,0.06089143977711291,0.08549999999999999,0.127,0.909,0.1945,0.368899242456781,0.36997749151595605,0.003
1055,0.43099999999999994,0.0925,0.48,0.0475,0.09,0.0625,0.9105000000000001,0.158,0.38099999999999995,0.3269732139303454,0.008499999999999999
1056,0.39949999999999997,0.251,0.667,0.051500000000000004,0.064,0.7580728584933987,0.8158028481633046,0.15699999999999997,0.5332495049504951,0.32044638949671767,0.012499999999999999
1057,0.30000000000000004,0.15533243831208873,0.5035000000000001,0.17444392523364488,0.121,0.1503123316993136,0.9719999999999999,0.0505,0.41775,0.1821307446328801,0.014500000000000002
1058,0.15699999999999997,0.11547354260089686,0.7795000000000001,0.04247029702970297,0.0895,0.7262741147741147,0.4851304343181548,0.049,0.6975,0.1382161374805039,0.0225
1059,0.37550000000000006,0.21347354260089685,0.708,0.09094721888652861,0.081,0.4992738386308068,0.6271866931401641,0.10500000000000001,0.5324325765429828,0.133,0.0125
1060,0.14450000000000002,0.020980218281036835,0.7075,0.1483845192930508,0.10800000000000001,0.26483085668036893,0.942,0.043,0.5369999999999999,0.12333774834437086,0.003
1061,0.001,0.018000000000000002,0.516,0.05500000000000001,0.016,0.133,0.942,0.0,0.27343301687763716,0.0975480328510824,0.006500000000000001
1062,0.1795,0.044,0.5810000000000001,0.0295,0.10900000000000001,0.0755,0.7345,0.08449999999999999,0.4328333333333333,0.2612905982905983,0.002
1063,0.029500000000000005,0.025500000000000002,0.5435,0.053000000000000005,0.075,0.183,0.8704999999999998,0.005,0.37300000000000005,0.2125,0.001
1064,0.024,0.0325,0.6435,0.032,0.0055,0.153,0.9109999999999999,0.0025,0.5599999999999999,0.08843159379407617,0.004
1065,0.052000000000000005,0.45200000000000007,0.796,0.0345,0.1385,0.2902443982931011,0.5626641865878009,0.09000000000000001,0.6348,0.05996293494704992,0.006
1066,0.049,0.09200000000000001,0.623,0.07698469387755101,0.063,0.12300000000000003,0.5904999999999999,0.0505,0.6183333333333332,0.081,0.0005
1067,0.5279999999999999,0.21048021828103686,0.688,0.043,0.0985,0.47497242917110116,0.7931567967836664,0.33599999999999997,0.3992495602462621,0.3874725590978879,0.016
1068,0.020000000000000004,0.033,0.32849999999999996,0.034499999999999996,0.037,0.16818913226621737,0.5320544837185321,0.0185,0.3005996835443038,0.0499039603960396,0.0
1069,0.185,0.16299999999999998,0.449,0.025926118524332808,0.094,0.3689352985568136,0.132066882416397,0.13949999999999999,0.39158283828382834,0.27483475584941214,0.002
1070,0.0155,0.0005,0.548,0.0095,0.0075000000000000015,0.1275,0.901,0.002,0.21000000000000002,0.043,0.0
1071,0.122,0.06699999999999999,0.682,0.04944392523364486,0.0805,0.11600989921679083,0.8960668824163971,0.0705,0.6011983226217718,0.23457443038608572,0.009000000000000001
1072,0.4600000000000001,0.12349999999999998,0.79,0.0345,0.0895,0.30796326400727125,0.6469669441040025,0.11499999999999999,0.4926666666666667,0.27,0.006
1073,0.3475,0.12150000000000001,0.726,0.05179616677741833,0.086,0.5639176127001264,0.5867673134508797,0.1345,0.49624999999999997,0.16180068329142078,0.0105
1074,0.014500000000000002,0.018000000000000002,0.4715,0.08940211521152115,0.0295,0.11499999999999999,0.8949999999999999,0.0055,0.32886575185354633,0.1398519811664578,0.003
1075,0.044,0.057499999999999996,0.6425000000000001,0.008470297029702971,0.011500000000000002,0.17518913226621738,0.9019999999999999,0.027500000000000004,0.49974851485148514,0.077,0.0025
1076,0.037000000000000005,0.006500000000000001,0.3715,0.030484693877551018,0.016999999999999998,0.14477411477411475,0.8405000000000001,0.016,0.28500000000000003,0.06544687842278203,0.0
1077,0.31399999999999995,0.36850000000000005,0.729,0.019999999999999997,0.06849999999999999,0.2607418916958702,0.733992213123184,0.182,0.3745,0.4505,0.0185
1078,0.7055,0.0485,0.5130000000000001,0.03075986418260567,0.065,0.21550000000000002,0.74,0.21799999999999997,0.3637828582739509,0.2058046239440871,0.013000000000000001
1079,0.5429999999999999,0.018,0.5940000000000001,0.01689915966386555,0.08149999999999999,0.1679184524434979,0.9926179828734538,0.0795,0.36533254068895255,0.32385530574408666,0.001
1080,0.033,0.026500000000000003,0.6020000000000001,0.05149999999999999,0.008,0.1925,0.9730000000000001,0.0015,0.33899999999999997,0.24740316205533594,0.005
1081,0.3605,0.05750000000000001,0.6575,0.025470297029702972,0.1375,0.09604889975550121,0.9780000000000001,0.0385,0.396375,0.2435,0.002
1082,0.4845,0.163,0.662,0.02998469387755102,0.1005,0.4292866433332355,0.6345650848973925,0.27349999999999997,0.5023333333333333,0.34600088279730984,0.0125
1083,0.27549999999999997,0.091,0.7815,0.013000000000000001,0.08149999999999999,0.1372003496784102,0.942,0.06749999999999999,0.5725,0.22349999999999998,0.006
1084,0.0055000000000000005,0.012,0.4025,0.0125,0.026500000000000003,0.176,0.5469999999999999,0.0,0.3045,0.05450000000000001,0.0
1085,0.1965,0.029415522793367687,0.507,0.022500000000000003,0.067,0.08514923251303523,0.914,0.144,0.4465,0.2697420324872296,0.004999999999999999
1086,0.1725,0.0519613368283093,0.751,0.081,0.12350000000000001,0.18396324704033215,0.8051179828734538,0.13,0.5670828382838283,0.09743159379407616,0.003
1087,0.0865,0.0365,0.6975,0.04647029702970297,0.072,0.047,0.9590000000000002,0.05700000000000001,0.5372,0.07968922032465102,0.0015
1088,0.48150000000000004,0.10034655817105431,0.805,0.022,0.0975,0.26088914684099174,0.7515369656818244,0.0595,0.5447481298125979,0.0844536779319923,0.003
1089,0.057499999999999996,0.09785254737821009,0.7070000000000001,0.04798969072164948,0.093,0.25496324704033213,0.3701179828734539,0.0655,0.6179578382838284,0.18014566913645008,0.0005
1090,0.1525,0.007000000000000001,0.41400000000000003,0.024,0.033,0.10454822954822954,0.8484999999999999,0.008,0.2895,0.3099463894967177,0.0015
1091,0.29000000000000004,0.05475812956834608,0.6439999999999999,0.03245499090725399,0.0675,0.16512627117592688,0.7778539486203615,0.14250000000000002,0.650499504950495,0.1885940778473618,0.003
1092,0.0075,0.006500000000000001,0.7135,0.08994392523364486,0.068,0.121,0.9375,0.011,0.336,0.083,0.0
1093,0.205,0.11850000000000001,0.7000000000000001,0.02891089108910891,0.093,0.20459942081603497,0.8366258404588439,0.0385,0.5401662269129288,0.15896293494704994,0.004
1094,0.3545,0.267,0.68,0.06694392523364487,0.045,0.18031028929129428,0.8528071628853858,0.199,0.5660000000000001,0.3545,0.0125
1095,0.075,0.0405,0.5854999999999999,0.07100000000000001,0.022000000000000002,0.09977444987775061,0.9375,0.08650000000000001,0.3155,0.11274170874041048,0.004
1096,0.003,0.002,0.657,0.042499999999999996,0.0034999999999999996,0.1775,0.833,0.017,0.4176666666666667,0.0925,0.0
1097,0.076,0.029500000000000005,0.5055,0.03647029702970297,0.0075000000000000015,0.13499999999999998,0.915,0.02,0.4033996827914354,0.19,0.0
1098,0.08900000000000001,0.006500000000000001,0.5155,0.0445,0.07100000000000001,0.1411888141295206,0.9390000000000001,0.028500000000000004,0.49849999999999994,0.1815,0.002
1099,0.4675000000000001,0.0195,0.496,0.039930284781055425,0.063,0.0805,0.9109999999999999,0.10899999999999999,0.24575,0.29338657953615693,0.009949622602058969
1100,0.26549999999999996,0.15399999999999997,0.787,0.07689065101200385,0.10700000000000001,0.17432267942598015,0.9869999999999999,0.0305,0.59425,0.16505983605876523,0.0229686119953131
1101,0.27299999999999996,0.14899999999999997,0.6305000000000001,0.018,0.0895,0.0965,0.842,0.11299999999999999,0.30950000000000005,0.394,0.028981422503779275
1102,0.21749999999999997,0.1025,0.743,0.029500000000000005,0.0795,0.26327383863080683,0.43546553983311237,0.1865,0.5019495049504951,0.20490316205533596,0.019999999999999997
1103,0.1265,0.07893548485811472,0.5969999999999999,0.023901412398134245,0.0905,0.14622360557768926,0.7385664384588991,0.0975,0.5568899744921568,0.07943084805921538,0.013500000000000002
1104,0.221,0.15550000000000003,0.646,0.025500000000000002,0.0405,0.05204822954822955,0.8375,0.10500000000000001,0.4253333333333334,0.386,0.006500000000000001
1105,0.10300000000000001,0.006,0.6745000000000001,0.03692861911119588,0.021500000000000002,0.1255,0.9695,0.01,0.289,0.15999999999999998,0.003
1106,0.22599999999999998,0.0125,0.5305,0.019372544344840738,0.017499999999999998,0.1702744498777506,0.8550000000000001,0.308,0.3653333333333333,0.3244265050679406,0.0175
1107,0.10049999999999999,0.0635,0.6995,0.037394675692059,0.0655,0.1952895880902373,0.6405000000000001,0.0955,0.6253328935795953,0.06675628140703518,0.004
1108,0.25,0.037,0.633,0.05192035398230088,0.0925,0.1105,0.8465666974684497,0.0125,0.4199161716171617,0.067,0.008
1109,0.20049999999999998,0.0105,0.6435,0.015000000000000003,0.074,0.07737794639573796,0.959,0.0895,0.45975,0.142,0.0005
1110,0.023,0.0025,0.6565,0.0315,0.009,0.123,0.9730000000000001,0.009000000000000001,0.292,0.11800000000000002,0.006500000000000001
1111,0.009500000000000001,0.025,0.5229999999999999,0.06,0.014500000000000002,0.11599999999999999,0.9615,0.0025,0.2584330168776371,0.10164487079574643,0.0055
1112,0.133,0.036,0.5175000000000001,0.0105,0.0095,0.0916885521885522,0.7030000000000001,0.020999999999999998,0.4533996827914354,0.32528525992861146,0.0
1113,0.035,0.034999999999999996,0.5165,0.0325,0.0415,0.124,0.8385,0.006500000000000001,0.383,0.24574170874041043,0.003
1114,0.187,0.11850000000000001,0.721,0.02344059405940594,0.08750000000000001,0.1817744498777506,0.5790343070023181,0.0885,0.56075,0.19971213126162285,0.004999999999999999
1115,0.1385,0.05768086400055998,0.526,0.019500000000000003,0.1055,0.25869745455514936,0.9750000000000002,0.0345,0.5935,0.18380632411067194,0.001
1116,0.0195,0.014499999999999999,0.4965,0.0235,0.018,0.171,0.7758942864406789,0.0125,0.3125,0.09833774834437085,0.0
1117,0.05700000000000001,0.11492327908552717,0.7630000000000001,0.0215,0.08349999999999999,0.3069632470403321,0.11850000000000001,0.085,0.40624950495049506,0.1085,0.0005
1118,0.2645,0.0655,0.648,0.12298469387755102,0.10500000000000001,0.15050000000000002,0.9640000000000001,0.016,0.4074999999999999,0.06000000000000001,0.0025
1119,0.5705,0.13886285341894905,0.6950000000000001,0.08865968959810547,0.1115,0.37718881412952066,0.23927180389719674,0.231,0.50275,0.24963448773384594,0.0095
1120,0.4800000000000001,0.12350000000000001,0.5814999999999999,0.0505,0.05450000000000001,0.125,0.908,0.20799999999999996,0.3350000000000001,0.35,0.01
1121,0.3865,0.0305,0.6895,0.037000000000000005,0.052000000000000005,0.14502069823796954,0.9655000000000001,0.0505,0.40049999999999997,0.23500000000000001,0.005
1122,0.0595,0.068,0.6205,0.014499999999999999,0.11750000000000001,0.09511445198921176,0.6140000000000001,0.0235,0.38299999999999995,0.583,0.0024906146272910155
1123,0.1555,0.15596194225721785,0.7795,0.03038287899127846,0.152,0.16813852105618754,0.5943539486203615,0.1065,0.6685828382838285,0.198,0.003
1124,0.1405,0.0605,0.471,0.02742035398230088,0.046,0.10699999999999998,0.9345000000000001,0.038,0.4200828382838284,0.1702540008741576,0.001
1125,0.293,0.062,0.5135,0.08692861911119588,0.11200000000000002,0.1265,0.9225,0.07899999999999999,0.3345,0.3652540008741576,0.007984524807705187
1126,0.4445,0.092,0.62,0.055499999999999994,0.089,0.2588105177877219,0.6056582978723404,0.178,0.47750000000000004,0.20396293494704992,0.023
1127,0.1105,0.177,0.705,0.05020478933447585,0.1805,0.5234719096133382,0.3705075909093665,0.4455,0.39987500000000004,0.21237563669661763,0.06448734801183044
1128,0.011,0.007000000000000001,0.4995,0.050970297029702974,0.0185,0.12250000000000001,0.9255000000000001,0.042,0.2528496835443038,0.11407858884595153,0.0
1129,0.35200000000000004,0.054000000000000006,0.6455,0.07983457624564871,0.0995,0.10127383863080686,0.9705000000000001,0.09449999999999999,0.5371245596653457,0.15759174921852848,0.0035000000000000005
1130,0.173,0.1645,0.713,0.06135057587391392,0.13199999999999998,0.3721758800844342,0.21600932728184463,0.10500000000000001,0.526249504950495,0.2495,0.006500000000000001
1131,0.0455,0.026500000000000003,0.917,0.10244392523364484,0.08399999999999999,0.40785848117594625,0.128,0.049,0.74425,0.0833292259319088,0.002
1132,0.3485,0.17250000000000004,0.746,0.021392694432045868,0.057499999999999996,0.28014469122480334,0.7765000000000001,0.30100000000000005,0.5585,0.32219580588960184,0.014499999999999999
1133,0.33849999999999997,0.085,0.5955,0.12150000000000001,0.0955,0.20680946782776338,0.982,0.05650000000000001,0.4360833333333334,0.17013074463288008,0.015999999999999997
1134,0.0055000000000000005,0.007000000000000001,0.5700000000000001,0.051000000000000004,0.0025,0.14264400256574725,0.9145,0.0025,0.39549999999999996,0.05450000000000001,0.0095
1135,0.101,0.0355,0.5005,0.047,0.034999999999999996,0.089,0.9185000000000001,0.051500000000000004,0.3655,0.17149999999999999,0.024
1136,0.32699999999999996,0.024,0.5710000000000001,0.0375,0.032,0.154,0.8234999999999999,0.054000000000000006,0.36049999999999993,0.118,0.0035000000000000005
1137,0.6365000000000001,0.045500000000000006,0.458,0.017499999999999998,0.097,0.1024629708970242,0.717,0.3035,0.33599999999999997,0.3539039603960396,0.003
1138,0.051500000000000004,0.05800000000000001,0.716,0.0235,0.0625,0.119,0.5821179828734538,0.022000000000000002,0.635,0.1375,0.013000000000000001
1139,0.3125,0.11298021828103684,0.8154999999999999,0.02644392523364486,0.10400000000000001,0.46278037988628107,0.8115105527893174,0.12250000000000001,0.7169161716171618,0.13744638949671772,0.009
1140,0.22600000000000003,0.21950000000000003,0.733,0.03598469387755102,0.1155,0.28573820822618107,0.4283584482903898,0.088,0.48414968279143533,0.30500000000000005,0.10500000000000001
1141,0.092,0.01582307680060659,0.6295,0.0345,0.046,0.09361638154484189,0.8889999999999999,0.055499999999999994,0.46900000000000003,0.19150000000000003,0.0005
1142,0.41100000000000003,0.2955,0.6715000000000001,0.03847029702970297,0.0935,0.3073881982002912,0.69373408281101,0.1695,0.4015000000000001,0.3585,0.012
1143,0.1655,0.003,0.5265000000000001,0.008,0.0415,0.1565,0.808,0.020499999999999997,0.25216666666666665,0.0704039603960396,0.0055
1144,0.0835,0.1145,0.5970000000000001,0.0595,0.047,0.09981734798670437,0.6386848652898507,0.034,0.4629162269129288,0.36583774834437083,0.026500000000000003
1145,0.34550000000000003,0.10962416178583567,0.5065,0.016999999999999998,0.0675,0.2585122195351026,0.9405000000000001,0.012,0.6668333333333333,0.1542094861660079,0.0015
1146,0.008,0.038,0.817,0.0225,0.11900000000000002,0.16378033585066767,0.176,0.0225,0.8717499999999999,0.08744638949671774,0.0035000000000000005
1147,0.2475,0.032,0.6365000000000001,0.04494392523364486,0.0155,0.0935,0.9365,0.010499999999999999,0.23583333333333334,0.0984039603960396,0.23199999999999998
1148,0.5429999999999999,0.063,0.6829999999999999,0.056499999999999995,0.125,0.17867178403671247,0.9129999999999999,0.091,0.615,0.154,0.0205
1149,0.179,0.19132705453384152,0.7649999999999999,0.12235148514851484,0.15150000000000002,0.12885438042620362,0.9485000000000001,0.095,0.5408740099009901,0.15841341459348984,0.004
1150,0.34349999999999997,0.654,0.6525000000000001,0.054984693877551026,0.0665,0.2672183872546747,0.7774877134531556,0.19,0.4029999999999999,0.4873377483443709,0.006999999999999999
1151,0.086,0.08042926829268293,0.6935,0.04989891614089885,0.1605,0.5238773663180727,0.5168823855620674,0.11299999999999999,0.5025000000000001,0.094,0.0085
1152,0.002,0.0035000000000000005,0.537,0.01897029702970297,0.005,0.16299999999999998,0.876566882416397,0.001,0.37087462834489593,0.05249999999999999,0.0
1153,0.05450000000000001,0.19299999999999998,0.8540000000000001,0.0305,0.079,0.2912003638807497,0.3092358535958873,0.24900000000000003,0.55325,0.17390316205533599,0.003
1154,0.35150000000000003,0.139,0.7424999999999999,0.04,0.06449999999999999,0.12311638154484188,0.8274675002125207,0.1355,0.5085,0.29875500000000005,0.0035000000000000005
1155,0.3095,0.2085,0.596,0.044,0.10600000000000001,0.48699999999999993,0.7198583361393696,0.175,0.3908333333333333,0.34946293494704994,0.041
1156,0.16749999999999998,0.0225,0.583,0.037380000000000004,0.05600000000000001,0.08700000000000001,0.865,0.065,0.4206995249406176,0.22886856368563685,0.0045
1157,0.236,0.178,0.7464999999999999,0.031382018706187724,0.137,0.45767175063284926,0.47947643116384375,0.2085,0.5801666666666666,0.189850040478118,0.0105
1158,0.29399999999999993,0.144,0.55,0.10450000000000001,0.07800000000000001,0.22735438042620362,0.7495853700516351,0.0385,0.8135,0.0445,0.003
1159,0.3195,0.06799999999999999,0.4965,0.045443925233644863,0.025500000000000002,0.2218782645324347,0.5825,0.17250000000000001,0.30425,0.22614566913645007,0.004
1160,0.1155,0.0405,0.6515000000000001,0.031,0.0125,0.11172360557768926,0.9724999999999999,0.006,0.4957495049504951,0.05724091039970682,0.0005
1161,0.093,0.0435,0.7290000000000001,0.017390651012003856,0.075,0.1452744498777506,0.897,0.06,0.41916666666666663,0.11071108284741518,0.0055000000000000005
1162,0.20291399517407788,0.07574489976356458,0.583,0.05550000000000001,0.028500000000000004,0.0855,0.9,0.0945,0.5226662269129289,0.26337847221685823,0.0025
1163,0.565,0.030500000000000006,0.612,0.0245,0.072,0.031189132266217355,0.9349999999999999,0.23450000000000001,0.5215,0.198,0.003
1164,0.173,0.048,0.7355,0.012940594059405942,0.0455,0.096,0.6692358535958872,0.11000000000000001,0.5012491199116077,0.312273716490579,0.0005
1165,0.1345,0.024400911161731206,0.6655,0.0105,0.035,0.11154694580389315,0.8859999999999999,0.05800000000000001,0.5178333333333334,0.1555,0.0005
1166,0.11349999999999998,0.047,0.5529999999999999,0.02373069184183343,0.051500000000000004,0.16068913226621734,0.7741538210237427,0.10600000000000001,0.5689402368139188,0.12127803143358536,0.005987473092899482
1167,0.47050000000000003,0.119,0.6335,0.0305,0.1085,0.182,0.7370388139102124,0.2585,0.3285,0.301,0.014500000000000002
1168,0.34249999999999997,0.2328198734136752,0.724,0.15375866207737016,0.1645,0.4754468046000505,0.4505510266623598,0.2245,0.4617828382838284,0.2980590377180616,0.059
1169,0.579,0.064,0.637,0.028390651012003852,0.135,0.1115,0.951,0.0905,0.5519990646158407,0.15744638949671771,0.0315
1170,0.012,0.012,0.487,0.0455,0.033999999999999996,0.1637744498777506,0.9744999999999999,0.011000000000000001,0.3175,0.17450000000000002,0.002
1171,0.34900000000000003,0.0415,0.723,0.050469387755102034,0.076,0.17843369087468092,0.959,0.0895,0.6091666666666666,0.13224091039970684,0.0015
1172,0.23200000000000004,0.0235,0.7455,0.046,0.1885,0.1095,0.9435,0.074,0.4743996827914354,0.166,0.0025
1173,0.5005,0.077,0.6609999999999999,0.0125,0.1015,0.119,0.937,0.142,0.5164161716171617,0.3231836995228826,0.013500000000000002
1174,0.374,0.1405,0.6645000000000001,0.05991497865860644,0.07949999999999999,0.19049999999999997,0.7638697305797018,0.08399999999999999,0.5168745596653457,0.12786609700238588,0.0225
1175,0.0045,0.044,0.3545,0.0225,0.004,0.20604185915181777,0.5665,0.0005,0.36016666666666663,0.025,0.0
1176,0.0025,0.054000000000000006,0.583,0.037,0.0115,0.23518913226621735,0.9264999999999999,0.004,0.442,0.11740316205533596,0.0
1177,0.316,0.04696133682830931,0.6775,0.030794744630525478,0.10550000000000001,0.17462855082412285,0.902042838288474,0.137,0.5974898098630478,0.15633571231800508,0.0155
1178,0.029500000000000005,0.0315,0.5325000000000001,0.01448469387755102,0.043,0.12177411477411478,0.7641135515921592,0.016,0.2955,0.2638071224513755,0.003
1179,0.0195,0.005,0.5955,0.0455,0.017,0.125,0.974,0.006,0.42016622691292876,0.0955,0.004999999999999999
1180,0.10600000000000001,0.0485,0.6405000000000001,0.131,0.11199999999999999,0.13053095363297862,0.9721909160892995,0.017,0.57075,0.08279059829059829,0.009000000000000001
1181,0.194,0.057999999999999996,0.687,0.0315,0.034,0.1939049214120072,0.834583651400558,0.07100000000000001,0.5064157318634238,0.1733388704318937,0.0025
1182,0.057499999999999996,0.0,0.6565000000000001,0.026999999999999996,0.0075,0.14799999999999996,0.953,0.0385,0.29300000000000004,0.05540316205533598,0.002
1183,0.09050000000000001,0.1133510076514824,0.6839999999999999,0.033,0.1615,0.25057904850750884,0.4510456003422328,0.07699999999999999,0.71175,0.0975,0.003
1184,0.324,0.04947354260089686,0.7085,0.20690998181450798,0.1315,0.3008794104074476,0.5013088989627532,0.0685,0.354,0.137,0.0034999999999999996
1185,0.022500000000000003,0.0235,0.5785,0.047,0.028499999999999998,0.14714400256574728,0.9145668824163969,0.155,0.3365,0.1684039603960396,0.003493593955321945
1186,0.019500000000000003,0.0435,0.3625,0.0245,0.03200000000000001,0.14950000000000002,0.5574999999999999,0.011,0.34334968354430384,0.0504039603960396,0.0
1187,0.1525,0.092,0.791,0.05494059405940595,0.1325,0.3134354871438651,0.2641178707224334,0.1765,0.442,0.1594039603960396,0.0035000000000000005
1188,0.006,0.0345,0.3855,0.009,0.007000000000000001,0.145,0.6,0.0005,0.45175,0.0355,0.0
1189,0.018000000000000002,0.07296194225721785,0.6295,0.009,0.0465,0.2635,0.5870233273014037,0.025,0.44399999999999995,0.020742830827933288,0.0
1190,0.58,0.1075,0.6759999999999999,0.055499999999999994,0.1395,0.15573736181444692,0.7885668824163969,0.393,0.5147495049504951,0.3226937603459343,0.007487349983782031
1191,0.07100000000000001,0.07021307649269029,0.701,0.058414222263347824,0.118,0.17158138619749286,0.3756179828734538,0.196,0.5243656765676568,0.14804204587006528,0.0024750163258787524
1192,0.302,0.10699999999999998,0.7020000000000001,0.056970297029702965,0.11600000000000002,0.2750417740593598,0.761617982873454,0.101,0.5246661716171618,0.29133994409418984,0.008499999999999999
1193,0.23700000000000002,0.07748663594470047,0.4629999999999999,0.08492528793695697,0.05700000000000001,0.25900626032822016,0.7263915633384904,0.143,0.3584990646158407,0.20606905128621378,0.002
1194,0.0305,0.012,0.47400000000000003,0.081,0.022,0.11949999999999998,0.949535838150289,0.0015,0.185,0.13138185858306245,0.012
1195,0.24699999999999997,0.24948021828103686,0.7725000000000001,0.05597979797979798,0.12999999999999998,0.48353213796558225,0.33392688183620717,0.1815,0.353957892998679,0.46477072962290356,0.03199375616168255
1196,0.0095,0.0485,0.6745,0.036500000000000005,0.0105,0.10968855218855218,0.8346696029830831,0.0205,0.6091662269129288,0.08740396039603962,0.001
1197,0.03,0.12450000000000001,0.967,0.003,0.094,0.15689761363879323,0.62,0.40199999999999997,0.601,0.1355,0.001
1198,0.125,0.085,0.6975,0.0225,0.078,0.089,0.7357486652157528,0.06,0.4658746283448959,0.10790316205533598,0.002
1199,0.45899999999999996,0.040999999999999995,0.499,0.0365,0.033499999999999995,0.07873708567113898,0.7304999999999999,0.147,0.551749504950495,0.18186756756756756,0.0045
1200,0.0425,0.0345,0.5475,0.1285,0.0175,0.11677411477411478,0.8897993760085695,0.0755,0.4085,0.17300000000000001,0.0015
1201,0.1265,0.10048021828103684,0.7350000000000001,0.0165,0.045,0.19462481255046862,0.931,0.053000000000000005,0.5906662269129288,0.0935,0.004
1202,0.345,0.10184716359996285,0.5775,0.036500000000000005,0.082,0.2580112594055816,0.7070093545032561,0.10049999999999999,0.5362499999999999,0.19821624584410438,0.022987666342096723
1203,0.036,0.0975,0.702,0.031,0.029000000000000005,0.1125,0.8767577985056965,0.013000000000000001,0.47575,0.122,0.006481724911830715
1204,0.003,0.0405,0.537,0.011,0.025500000000000002,0.2277741147741148,0.9514999999999999,0.0015,0.3445,0.07100000000000001,0.0005
1205,0.015,0.029500000000000005,0.5095,0.02,0.035500000000000004,0.18168913226621736,0.5112357414448669,0.011000000000000001,0.3875,0.05600000000000001,0.001
1206,0.37850000000000006,0.16350000000000003,0.6415,0.07397029702970297,0.1,0.21277444987775063,0.7736275290853981,0.09000000000000001,0.5075404150774767,0.13247789818702285,0.0325
1207,0.2425,0.28447354260089686,0.6805,0.036000000000000004,0.129,0.30732117876291526,0.5979267349776769,0.20050000000000004,0.4285,0.3067787987519536,0.006500000000000001
1208,0.2625,0.03150000000000001,0.5199999999999999,0.042499999999999996,0.03,0.13682271202683277,0.8766522524680322,0.20299999999999999,0.1805,0.5299999999999999,0.004973582701956766
1209,0.063,0.052000000000000005,0.5205,0.09453703579398565,0.0685,0.184,0.7825,0.061,0.34938859154145996,0.18225761673149452,0.008
1210,0.284,0.10297396768402153,0.572,0.06186427921594575,0.061,0.17973769691808272,0.5730000000000001,0.1995,0.47716666666666663,0.1974096748865739,0.0015
1211,0.0115,0.028999999999999998,0.9550000000000001,0.01444392523364486,0.10300000000000001,0.2597250688809099,0.08280284816330467,0.008,0.9480000000000001,0.014000000000000002,0.0035000000000000005
1212,0.195,0.14350000000000002,0.772,0.04348469387755102,0.1255,0.5176844270358795,0.4308660728454304,0.09400000000000001,0.308,0.20500000000000002,0.0165
1213,0.30441399517407786,0.133,0.6585,0.027970297029702967,0.08399999999999999,0.3273000030937229,0.7367297299995117,0.10049999999999999,0.3711666666666667,0.286,0.06999999999999999
1214,0.5045,0.016,0.37499999999999994,0.018000000000000002,0.08900000000000001,0.16254074004309632,0.8655000000000002,0.1265,0.26283333333333336,0.3003932679194998,0.0105
1215,0.0975,0.053000000000000005,0.645,0.022,0.0625,0.1676869988866962,0.8629999999999999,0.0495,0.6005,0.1543388704318937,0.006
1216,0.1815,0.07400000000000001,0.6054999999999999,0.037410082760853405,0.05500000000000001,0.1712744498777506,0.7850405427497138,0.06649999999999999,0.5757912269129287,0.1788565967377952,0.0195
1217,0.339,0.0095,0.4575,0.041461165048543684,0.07200000000000001,0.25712855082412284,0.8240000000000001,0.0205,0.20083333333333334,0.1282543102887969,0.0455
1218,0.2475,0.07400000000000001,0.755,0.014500000000000002,0.10500000000000001,0.1930432332125896,0.3858757813791503,0.33499999999999996,0.5735,0.12200000000000003,0.002
1219,0.013999999999999999,0.0035000000000000005,0.556,0.041499999999999995,0.009000000000000001,0.1105,0.9615,0.010499999999999999,0.2545,0.08149999999999999,0.013500000000000002
1220,0.001,0.0015,0.5445,0.041499999999999995,0.01,0.17350000000000002,0.8870000000000001,0.0025,0.33799999999999997,0.065,0.0
1221,0.433,0.252,0.27199999999999996,0.029000000000000005,0.093,0.17217443078407496,0.39561798287345384,0.2225,0.40149999999999997,0.35500000000000004,0.0475
1222,0.305,0.0935,0.7375,0.08021894265935721,0.146,0.1476277090889427,0.8525,0.0635,0.6339166666666667,0.096,0.0105
1223,0.0695,0.051000000000000004,0.6935,0.051500000000000004,0.1255,0.19849999999999998,0.32654666917576214,0.06749999999999999,0.7741250000000001,0.07275320253345399,0.0
1224,0.0105,0.0155,0.6235,0.0445,0.002,0.16291845244349787,0.9305,0.0015,0.3876666666666667,0.06399999999999999,0.002
1225,0.0725,0.027000000000000003,0.4445,0.10247029702970296,0.47300000000000003,0.09899999999999999,0.9435,0.0605,0.5100401815181519,0.16875072174649292,0.004999999999999999
1226,0.2045,0.05946194225721785,0.5165,0.13536695420593275,0.055999999999999994,0.2535,0.6310466691757621,0.369,0.41696497257557724,0.2336902585724358,0.010993756161682551
1227,0.0785,0.121,0.7175,0.037880000000000004,0.091,0.10759657158793434,0.78837423024973,0.0375,0.45275,0.1615,0.003
1228,0.1305,0.016999999999999998,0.542,0.009999999999999998,0.0395,0.12268881412952062,0.8031179828734538,0.0985,0.22624950495049506,0.1759039603960396,0.0115
1229,0.06949999999999999,0.038500000000000006,0.5285,0.013000000000000001,0.0485,0.08969744960563797,0.9106538210237429,0.020999999999999998,0.3085,0.2437841378410886,0.006
1230,0.035500000000000004,0.02,0.5365,0.03498469387755102,0.0425,0.10900000000000001,0.7260668824163969,0.0075000000000000015,0.29033245324494106,0.1532717257409728,0.0025
1231,0.2975,0.0705,0.561,0.05650000000000001,0.10500000000000001,0.0743773663180728,0.8026845334833734,0.16749999999999998,0.5825,0.135,0.035
1232,0.123,0.0465,0.82,0.08481951364616644,0.06349999999999999,0.14768913226621735,0.8499116195294393,0.10600000000000001,0.6081666666666667,0.10390396039603962,0.0024748559668530145
1233,0.0155,0.006999999999999999,0.583,0.026500000000000003,0.0055,0.13749999999999998,0.9035,0.006999999999999999,0.5035000000000001,0.0455,0.0
1234,0.0315,0.052500000000000005,0.764,0.0345,0.058499999999999996,0.15885410094637226,0.899,0.0225,0.5519999999999999,0.15,0.004465704579331867
1235,0.3095,0.185,0.7725,0.045943925233644864,0.1075,0.47112845266281755,0.35692083103675853,0.1605,0.4681662269129287,0.31090316205533597,0.01749784554192907
1236,0.37849999999999995,0.135,0.5835,0.035304873275351686,0.0845,0.1517674262410063,0.852566882416397,0.12,0.35124999999999995,0.37331248649910365,0.013500000000000002
1237,0.4085,0.1715,0.758,0.019,0.123,0.7280898141313303,0.5910671378318241,0.0895,0.4081666666666667,0.29396293494704995,0.022
1238,0.1375,0.031000000000000007,0.6535,0.0388845192930508,0.0615,0.065,0.8365,0.035,0.508,0.18671212581492602,0.0015
1239,0.4295,0.0765,0.5795,0.044,0.036,0.07522360557768924,0.8494999999999999,0.19549999999999998,0.533,0.172,0.001
1240,0.09397530436504009,0.052500000000000005,0.6765,0.0605,0.0185,0.10377411477411476,0.901,0.005,0.31400000000000006,0.1285,0.0
1241,0.039,0.025500000000000002,0.635,0.06147979797979799,0.035500000000000004,0.07035410094637225,0.921113551592159,0.029000000000000005,0.5278333333333334,0.127,0.012
1242,0.023,0.022500000000000003,0.6665,0.026470297029702966,0.0235,0.17099999999999999,0.9029999999999999,0.0125,0.4885,0.0375,0.0
1243,0.19049999999999997,0.022,0.31,0.075,0.013500000000000002,0.1775,0.35150000000000003,0.0465,0.172,0.072,0.001
1244,0.174,0.1075,0.7210000000000001,0.035414222263347825,0.0925,0.19615229511169852,0.5854208310367586,0.13549999999999998,0.3725,0.24694638949671774,0.01
1245,0.029000000000000005,0.0,0.613,0.022,0.0035000000000000005,0.1825,0.9404999999999999,0.019,0.28049999999999997,0.06140316205533597,0.002
1246,0.027500000000000004,0.004,0.4335,0.0185,0.032,0.17446358214396795,0.6076179828734538,0.012499999999999999,0.39249999999999996,0.05349999999999999,0.003
1247,0.21749999999999997,0.0905,0.67,0.07044392523364487,0.082,0.14694048347950503,0.7085240594661655,0.125,0.6667495049504951,0.15829059829059827,0.0015
1248,0.026000000000000002,0.0245,0.6234999999999999,0.0815,0.031,0.133536534136931,0.9610000000000001,0.006999999999999999,0.40174950495049505,0.10483887043189369,0.001
1249,0.42200000000000004,0.23349999999999999,0.587,0.08538785046728972,0.05550000000000001,0.5087867508738528,0.7998318235093521,0.20149999999999996,0.4594157318634238,0.3282189135783942,0.014469074895612746
1250,0.36900000000000005,0.06999999999999999,0.55,0.052000000000000005,0.08049999999999999,0.0965,0.7735000000000001,0.0865,0.494249504950495,0.2567905982905983,0.0
1251,0.12149999999999998,0.033999999999999996,0.343,0.03344392523364486,0.0615,0.11527444987775062,0.6336848652898508,0.11100000000000002,0.3588333333333333,0.11564487079574644,0.004
1252,0.11699999999999999,0.036,0.546,0.03047029702970297,0.033999999999999996,0.13399999999999998,0.889,0.051000000000000004,0.41600000000000004,0.199,0.001
1253,0.018500000000000003,0.006,0.5595000000000001,0.012489690721649484,0.0165,0.15318913226621736,0.8379999999999999,0.006,0.3705,0.21090316205533596,0.0
1254,0.040499999999999994,0.0075,0.8765000000000001,0.021,0.0755,0.22172506888090987,0.1925,0.035500000000000004,0.8445,0.0395,0.001993593955321945
1255,0.07649999999999998,0.028500000000000004,0.6835,0.042499999999999996,0.0215,0.19435410094637223,0.689133764832794,0.0985,0.672,0.13139326791949976,0.0035000000000000005
1256,0.0505,0.051500000000000004,0.841,0.0015,0.0835,0.2667859590671649,0.06819091608929946,0.027000000000000003,0.22549999999999998,0.07899999999999999,0.0005
1257,0.08650000000000001,0.041999999999999996,0.8045,0.001,0.0835,0.34356007384127973,0.10469091608929945,0.028999999999999998,0.2015,0.0915,0.0005
1258,0.07,0.0455,0.5035000000000001,0.04142861911119587,0.0675,0.1521069734627715,0.07250000000000001,0.044,0.7018333333333333,0.05703774207315816,0.001
1259,0.032,0.025,0.6649999999999999,0.06529533169493464,0.0625,0.08399999999999999,0.876,0.013000000000000001,0.42633289299867905,0.12294638949671773,0.014500000000000002
1260,0.10447530436504009,0.038000000000000006,0.5145000000000001,0.03182511335245674,0.074,0.13192658421027076,0.6375,0.12149999999999998,0.4422241877419305,0.1616369091901688,0.014000000000000002
1261,0.03,0.0,0.6685,0.033999999999999996,0.003,0.16499999999999998,0.9535,0.015,0.3035,0.07240316205533598,0.002
1262,0.4995,0.048,0.7064999999999999,0.028493762993762994,0.12000000000000002,0.21567650422904444,0.9754999999999999,0.1035,0.44958283828382833,0.3235,0.016999999999999998
1263,0.0325,0.0865,0.6055,0.10498469387755101,0.051000000000000004,0.11700000000000002,0.5715,0.0605,0.6263333333333334,0.07250000000000001,0.0
1264,0.37649999999999995,0.05750000000000001,0.7035,0.041425287936956955,0.093,0.2633719172974411,0.8936066425714418,0.1545,0.5715,0.2102270709148128,0.012000000000000002
1265,0.1405,0.1285,0.6125,0.05500000000000001,0.0185,0.11823769691808275,0.7523073478333331,0.0155,0.471,0.21749999999999997,0.01698172491183072
1266,0.40549999999999997,0.20949999999999996,0.6679999999999999,0.050970297029702974,0.119,0.32985410094637224,0.6786612964536946,0.1905,0.4695833333333333,0.3044039603960396,0.01847501632587875
1267,0.5674999999999999,0.0095,0.329,0.029000000000000005,0.06699999999999999,0.13977383863080686,0.6355,0.044,0.23500000000000001,0.37549999999999994,0.0005
1268,0.1645,0.029480218281036835,0.5055,0.07881969600098844,0.0305,0.15025152981173492,0.8960000000000001,0.0935,0.6581162269129288,0.18817321945376148,0.0
1269,0.023,0.0235,0.5605,0.031454990907253996,0.004,0.1095,0.9469999999999998,0.005,0.3701666666666667,0.1409738470918039,0.0025
1270,0.6639999999999999,0.08549999999999999,0.5185000000000001,0.06138769758794741,0.09,0.19129473193458396,0.8022076850734605,0.304,0.35078285827395095,0.32214487079574644,0.003
1271,0.0045000000000000005,0.0055,0.6145,0.037,0.004,0.1595,0.9665000000000001,0.0005,0.3285,0.06449999999999999,0.001
1272,0.23850000000000002,0.07249999999999998,0.696,0.061,0.02,0.16194599434294363,0.9484999999999999,0.044,0.37,0.3225,0.0015
1273,0.23500000000000001,0.1825,0.7805,0.07549432108962253,0.1565,0.34017518579877926,0.45722843109880207,0.1085,0.5619995049504951,0.15148518580754572,0.01898766634209672
1274,0.016000000000000004,0.044,0.6610000000000001,0.021,0.014000000000000002,0.19550000000000003,0.8854999999999998,0.018500000000000003,0.534,0.05629184549356223,0.0
1275,0.286,0.08099999999999999,0.6899999999999998,0.04885299777355191,0.09949999999999999,0.0095,0.8981581632653061,0.146,0.57325,0.13244687842278205,0.0045
1276,0.1315,0.09797354260089686,0.7844999999999999,0.041076671775845376,0.0635,0.3972942161703803,0.41016258857356425,0.0925,0.588966794185405,0.31820949614072414,0.0095
1277,0.046,0.0665,0.7084999999999999,0.0445,0.1,0.12525845455495904,0.6157577985056963,0.030000000000000006,0.481,0.4720000000000001,0.0004968584656084656
1278,0.454,0.16499999999999998,0.5055,0.0095,0.05650000000000001,0.2563990894626976,0.7735000000000001,0.2145,0.32700000000000007,0.42079722831553934,0.0235
1279,0.2485,0.2569735426008969,0.674,0.0215,0.1085,0.2111256599289831,0.6896179828734538,0.20550000000000002,0.549749504950495,0.302874838355914,0.012473382321718282
1280,0.39699999999999996,0.4135,0.647,0.10300000000000001,0.0915,0.38995038851492286,0.5745510815523796,0.3035,0.31919853484160765,0.61413074463288,0.01898766634209672
1281,0.27599999999999997,0.08697354260089687,0.7314999999999999,0.12298969072164949,0.1745,0.21927411477411476,0.9016909160892995,0.0895,0.40374999999999994,0.12535083881882164,0.0045000000000000005
1282,0.006500000000000001,0.012,0.525,0.032,0.003,0.16721940233799823,0.8535,0.0005,0.30899999999999994,0.025999999999999995,0.0
1283,0.1055,0.016,0.565,0.03899999999999999,0.0665,0.0975,0.9700000000000001,0.0225,0.4504157318634238,0.0605,0.0
1284,0.008,0.055999999999999994,0.4625,0.027500000000000004,0.032,0.144,0.634,0.004,0.44000000000000006,0.07130632411067193,0.0
1285,0.6,0.07799999999999999,0.5389999999999999,0.006,0.051500000000000004,0.08910693296598297,0.7104999999999999,0.0955,0.39099999999999996,0.40694638949671774,0.0035000000000000005
1286,0.15550000000000003,0.04840349736656399,0.6295,0.055783282554607336,0.07350000000000001,0.13168913226621734,0.49751288457475396,0.144,0.4875,0.3524657675730431,0.0045000000000000005
1287,0.135,0.0295,0.925,0.03822427301632229,0.083,0.3157098338407104,0.45572163681354017,0.054000000000000006,0.8654999999999999,0.054392778993435455,0.0064873458792991555
1288,0.34650000000000003,0.088,0.52,0.04250000000000001,0.0975,0.1591888141295206,0.820307347833333,0.10550000000000001,0.523,0.34033475584941214,0.026500000000000003
1289,0.3005,0.089,0.6689999999999999,0.053500000000000006,0.088,0.08990266893476109,0.9285,0.1525,0.5355000000000001,0.24244687842278206,0.01048197198559913
1290,0.08049999999999999,0.018,0.512,0.0475,0.098,0.11927444987775063,0.9095000000000001,0.053000000000000005,0.383832892998679,0.1511409481833556,0.0045
1291,0.384,0.08099999999999999,0.5685,0.0475,0.10049999999999999,0.0345,0.8141627354320944,0.1155,0.5193323979491741,0.2636945843723791,0.022
1292,0.308,0.0595,0.6005,0.07949999999999999,0.11399999999999999,0.3195,0.8564999999999999,0.13599999999999998,0.5155000000000001,0.1631649936604726,0.0075
1293,0.35350000000000004,0.025,0.619,0.0215,0.0445,0.0913167537066997,0.8445,0.0195,0.36649999999999994,0.32640396039603964,0.0035000000000000005
1294,0.0875,0.041,0.724,0.0355,0.057499999999999996,0.1505485646518654,0.8600000000000001,0.057499999999999996,0.5861662269129287,0.1108388704318937,0.009475016325878754
1295,0.348,0.02,0.8560000000000001,0.0245,0.068,0.14616693239523312,0.9955000000000002,0.014500000000000002,0.1565,0.066,0.0025
1296,0.39749999999999996,0.19899999999999998,0.6119999999999999,0.019914222263347832,0.14,0.33231561594215064,0.49687423024973,0.122,0.4525,0.4288927789934355,0.0475
1297,0.05,0.0485,0.6325,0.0115,0.0415,0.11396292890363538,0.8691538210237428,0.1115,0.44416573186342384,0.11202584658149906,0.0035000000000000005
1298,0.7405,0.0085,0.41850000000000004,0.0315,0.010499999999999999,0.15322360557768924,0.8955,0.136,0.3785,0.19040316205533597,0.0005
1299,0.3905,0.15048663594470044,0.6585,0.04292861911119588,0.065,0.06732138908833762,0.8783613682212905,0.1645,0.5574579616782293,0.13650378107484637,0.0055
1300,0.0725,0.1695,0.7390000000000001,0.08175562373376583,0.186,0.6370185019710191,0.5609972374964121,0.0785,0.23700000000000002,0.019,0.015
1301,0.518,0.041,0.5875,0.0475,0.05149999999999999,0.098,0.95,0.31999999999999995,0.28450000000000003,0.355,0.003
1302,0.281,0.0335,0.6890000000000001,0.05141422226334783,0.08349999999999999,0.15804795340492162,0.7622577985056964,0.076,0.5564995602462621,0.17667321945376147,0.0015
1303,0.20400000000000001,0.08349999999999999,0.728,0.085,0.0785,0.17908443848815142,0.8320235250991779,0.0935,0.5201662269129288,0.225,0.0034999999999999996
1304,0.078,0.028000000000000004,0.852,0.2625,0.1745,0.3038349094043947,0.262,0.0435,0.7885000000000001,0.08344638949671772,0.004
1305,0.667,0.07449999999999998,0.7635000000000001,0.044351131871525916,0.092,0.37954795340492165,0.152,0.1165,0.4686662263320123,0.3393105189072324,0.0165
1306,0.038,0.0125,0.5755000000000001,0.028000000000000004,0.021,0.07714400256574727,0.975,0.011000000000000001,0.3976662269129288,0.076,0.0
1307,0.054000000000000006,0.044,0.5589999999999999,0.00597029702970297,0.0395,0.33239498021046165,0.721566882416397,0.028499999999999998,0.36274999999999996,0.3253388704318937,0.001993593955321945
1308,0.49800000000000005,0.16350000000000003,0.5605,0.026500000000000003,0.084,0.25151364154673966,0.8424999999999999,0.18450000000000003,0.45916666666666667,0.3124463894967177,0.047
1309,0.0015,0.0025,0.5305000000000001,0.058499999999999996,0.009,0.1585,0.9475000000000001,0.0,0.3105,0.0479039603960396,0.0
1310,0.0915,0.1785,0.828,0.04194392523364486,0.081,0.16273708567113898,0.45099999999999996,0.2485,0.4925,0.2923377483443709,0.0115
1311,0.025,0.011500000000000002,0.46799999999999997,0.0839108910891089,0.009,0.14,0.927240465416936,0.024,0.3964157318634238,0.1038072989549228,0.0
1312,0.2345,0.028499999999999998,0.5175000000000001,0.07899999999999999,0.014499999999999999,0.13127411477411474,0.7157995609565168,0.0225,0.36525,0.3083388704318937,0.0015
1313,0.22000000000000003,0.0465,0.7045,0.06935029702970297,0.0895,0.22154264680281818,0.7531178707224335,0.073,0.593,0.17337798329079387,0.013500000000000002
1314,0.1165,0.034,0.38899999999999996,0.023000000000000003,0.064,0.14427444987775062,0.4861848652898509,0.118,0.34833333333333333,0.12214487079574643,0.0025
1315,0.056499999999999995,0.0505,0.7605000000000001,0.0475,0.023,0.09331710301267504,0.9435,0.0165,0.5239999999999999,0.14550000000000002,0.008
1316,0.0865,0.075,0.914,0.11444392523364486,0.0785,0.14641061086778975,0.9706179828734539,0.026000000000000002,0.453,0.04243159379407617,0.002
1317,0.012,0.027500000000000004,0.5715000000000001,0.052000000000000005,0.016999999999999998,0.151,0.966,0.0025,0.2988496835443038,0.08224170874041047,0.0015
1318,0.017499999999999998,0.0175,0.6065,0.014855646910129621,0.020999999999999998,0.06735410094637224,0.916,0.0075,0.4255,0.12828525992861142,0.011000000000000001
1319,0.05650000000000001,0.024351044077139616,0.44299999999999995,0.041970297029702966,0.027500000000000004,0.0675,0.958,0.0415,0.39291474176441393,0.061946878422782035,0.0045
1320,0.23149999999999998,0.152,0.788,0.059805629670610296,0.187,0.4202741147741148,0.48611575964344567,0.08099999999999999,0.6058328382838283,0.15781328483980725,0.034487666342096726
1321,0.41050000000000003,0.22747354260089686,0.7175,0.07020490681606215,0.0935,0.4893817009804303,0.635137475619005,0.12150000000000001,0.5289157865782744,0.13458042707080248,0.0095
1322,0.7060000000000001,0.030500000000000006,0.6090000000000001,0.04248469387755102,0.0505,0.08427411477411478,0.9261179828734539,0.2895,0.4505,0.254903162055336,0.0045
1323,0.4385,0.05600000000000001,0.5145,0.032999999999999995,0.11399999999999999,0.2921450329935561,0.5302404654169359,0.0505,0.5559999999999999,0.15746293494704994,0.008
1324,0.3835,0.0835,0.8455,0.0125,0.142,0.3544017782079859,0.8182358535958875,0.11949999999999998,0.595,0.20620499413026666,0.009
1325,0.122,0.032,0.6295,0.08245499090725397,0.05600000000000001,0.1905304744505491,0.932,0.0235,0.45374950495049504,0.12080384332371089,0.007000000000000001
1326,0.33399999999999996,0.05,0.6665,0.04492528793695696,0.0165,0.20992488410804078,0.9420290874970678,0.07550000000000001,0.38825000000000004,0.22114487079574646,0.005
1327,0.01,0.004999999999999999,0.45599999999999996,0.01,0.03,0.13077411477411477,0.7530000000000001,0.006999999999999999,0.36,0.06599999999999999,0.0005
1328,0.087,0.0505,0.501,0.0075000000000000015,0.0195,0.126128215720487,0.8620000000000001,0.038,0.3961662269129288,0.16370039037087533,0.0045000000000000005
1329,0.1465,0.0175,0.5935,0.06,0.022,0.18000000000000002,0.9559999999999998,0.001,0.5275,0.04074091039970683,0.0005
1330,0.041499999999999995,0.048,0.7420000000000001,0.005,0.05450000000000001,0.13399999999999998,0.7655668824163969,0.0695,0.5161662269129288,0.1365,0.001
1331,0.4915,0.08,0.5745,0.00847029702970297,0.15599999999999997,0.18512793957717907,0.9269999999999999,0.041,0.765,0.1345,0.0075
1332,0.021,0.028500000000000004,0.6094999999999999,0.026000000000000002,0.02,0.13032271202683277,0.9109999999999999,0.038,0.24099999999999996,0.2725,0.0055
1333,0.08549999999999999,0.01,0.7350000000000001,0.06276118811881189,0.077,0.2597380320217186,0.5990668824163969,0.0315,0.73875,0.08340316205533596,0.0015
1334,0.253,0.23747354260089684,0.8355,0.05397029702970296,0.1065,0.3995488997555013,0.4188739347210103,0.17749999999999996,0.58775,0.15179059829059827,0.01799359185014788
1335,0.147,0.13189121054990077,0.7955,0.046489690721649476,0.08299999999999999,0.2866292348128633,0.5724814777057596,0.1105,0.5751657318634239,0.19762001577802357,0.017
1336,0.3,0.07400000000000001,0.6114999999999999,0.021,0.11699999999999999,0.13085387045813585,0.7955,0.10550000000000001,0.4002495049504951,0.325,0.008
1337,0.02,0.028000000000000004,0.46699999999999997,0.0505,0.0235,0.10922360557768925,0.9431538210237429,0.35750000000000004,0.25611569655777927,0.12957945708478136,0.001
1338,0.5925,0.0955,0.49750000000000005,0.11815544914926561,0.0865,0.15138197712373827,0.6888431859836219,0.23399999999999999,0.31315504683127293,0.39353699706258916,0.0015
1339,0.271,0.006,0.40499999999999997,0.0165,0.05,0.08472360557768925,0.891,0.1995,0.357,0.19724891214802204,0.0025
1340,0.346,0.22197989093387865,0.78,0.03047029702970297,0.0625,0.2180685951919928,0.7795094741403749,0.11949999999999998,0.5459662269129287,0.19930712245137558,0.017499999999999998
1341,0.2385,0.0405,0.6675,0.05689915966386555,0.065,0.18289206534422403,0.760324749017896,0.1085,0.5104578935795955,0.21382832418492068,0.003484208449390496
1342,0.055499999999999994,0.0025,0.5555,0.031000000000000007,0.010499999999999999,0.126,0.945,0.0075000000000000015,0.22833333333333333,0.08890396039603961,0.0055
1343,0.11000000000000001,0.0185,0.7605000000000001,0.030474384599200505,0.08349999999999999,0.2581891322662174,0.2178088989627533,0.081,0.30449999999999994,0.09168511341306199,0.0045
1344,0.04,0.03185104407713961,0.5265,0.02497029702970297,0.0185,0.054000000000000006,0.9685,0.019499999999999997,0.4311652368139189,0.06223150518993494,0.0035000000000000005
1345,0.378,0.1395,0.768,0.05470705786652723,0.0785,0.9824999999999999,0.5552656494450816,0.0895,0.6061907318634238,0.16933774834437085,0.012
1346,0.016,0.0735,0.7825,0.0005,0.0685,0.1749629708970242,0.5031847531388305,0.075,0.599,0.015242830827933294,0.0075000000000000015
1347,0.056499999999999995,0.010499999999999999,0.608,0.11400000000000002,0.009999999999999998,0.17250000000000001,0.951,0.013500000000000002,0.3430000000000001,0.0505,0.0005
1348,0.46449999999999997,0.06185628665710521,0.47400000000000003,0.04547029702970297,0.094,0.18757499086586232,0.8719160963780368,0.08149999999999999,0.40754952456418375,0.2144567899787404,0.013500000000000002
1349,0.2615,0.1365,0.72,0.030408000554494847,0.066,0.6020794296129462,0.8675,0.1265,0.5163333333333334,0.2751889109100117,0.015
1350,0.2299139951740779,0.14550000000000002,0.788,0.08536921317060182,0.12250000000000001,0.479317117498468,0.4363609817893342,0.16349999999999998,0.264457892998679,0.535903162055336,0.011
1351,0.6585,0.1255,0.752,0.03891422226334783,0.0825,0.3871285709376978,0.11499999999999999,0.10049999999999999,0.4405833333333334,0.4038439951894087,0.0045000000000000005
1352,0.039,0.0245,0.8960000000000001,0.034410891089108914,0.14450000000000002,0.3415488997555012,0.28561798287345386,0.047,0.8435,0.0445,0.012499999999999999
1353,0.37,0.23099999999999996,0.6085,0.028000000000000004,0.12499999999999997,0.0941009582690113,0.8326848652898509,0.175,0.34299999999999997,0.2798927789934355,0.004
1354,0.003,0.0175,0.5245,0.0595,0.015500000000000003,0.13599999999999998,0.9515,0.0,0.3140996835443038,0.0931440724550428,0.004999999999999999
1355,0.15399999999999997,0.048,0.5835000000000001,0.055834576245648714,0.07749999999999999,0.30206207235088034,0.5732404654169361,0.10700000000000001,0.33958239794917405,0.15753896201454293,0.016
1356,0.33099999999999996,0.059,0.584,0.02938,0.081,0.20604319455572426,0.6271335798848467,0.0835,0.48474950495049507,0.28444638949671774,0.028500000000000004
1357,0.2875,0.095,0.7105,0.04885299777355191,0.091,0.001,0.9016581632653061,0.154,0.61175,0.154446878422782,0.0055000000000000005
1358,0.335,0.20299999999999999,0.662,0.0655,0.0595,0.273,0.8237342296695402,0.11499999999999999,0.525,0.3688932679194998,0.012
1359,0.5065,0.011500000000000002,0.6639999999999999,0.08549999999999999,0.046,0.1531279395771791,0.929,0.008,0.31599999999999995,0.061,0.003
1360,0.29500000000000004,0.026500000000000003,0.46099999999999997,0.10892528793695695,0.020999999999999998,0.1,0.9345000000000001,0.061,0.49818257712389935,0.1797883708689561,0.0025
1361,0.0075000000000000015,0.025500000000000002,0.5955,0.05399999999999999,0.0005,0.14049999999999999,0.9719999999999999,0.0,0.2895,0.08249999999999999,0.0005
1362,0.2245,0.12483621687101329,0.6795,0.037925287936956965,0.084,0.34686076739499844,0.29773596574690775,0.11850000000000001,0.6585823432343234,0.155350040478118,0.005993593955321945
1363,0.225,0.19046194225721785,0.7455,0.014470297029702973,0.1045,0.12742252733957982,0.5625195343900583,0.074,0.348,0.304,0.006
1364,0.35,0.16549999999999998,0.6635,0.06397029702970297,0.1105,0.14999999999999997,0.7668186301226448,0.101,0.4924149200279717,0.14708056781592432,0.0375
1365,0.4955,0.0765,0.567,0.0445,0.037,0.27177189355454756,0.8800000000000001,0.1815,0.2205,0.2685,0.001
1366,0.4625,0.12490915922656161,0.6279999999999999,0.037699611856853076,0.124,0.15568881412952057,0.881,0.14150000000000001,0.4398495049504951,0.16315747234413291,0.009
1367,0.43150000000000005,0.11800000000000002,0.6515,0.041259749360166395,0.052500000000000005,0.16454291507589286,0.8669832821718609,0.1035,0.4413996827914353,0.2775,0.0045
1368,0.3355,0.0945,0.5645,0.05284284137454372,0.0885,0.012,0.8861581632653062,0.14850000000000002,0.4699579616782293,0.17555690265206433,0.003
1369,0.558,0.39842327908552716,0.7580000000000001,0.060943925233644856,0.093,0.2564884958447545,0.7350986166083583,0.6125,0.22179023681391885,0.09536221344449833,0.0035000000000000005
1370,0.044,0.006,0.39649999999999996,0.033,0.0995,0.10900000000000001,0.0675,0.026000000000000002,0.5708333333333334,0.0997852599286114,0.0015
1371,0.5050000000000001,0.2225,0.7180000000000001,0.038,0.11400000000000002,0.3764153646285691,0.6759999999999999,0.166,0.5008333333333334,0.324221484933518,0.01
1372,0.014000000000000002,0.043000000000000003,0.48900000000000005,0.05194392523364486,0.007000000000000001,0.21150000000000002,0.9185000000000001,0.021,0.2737495049504951,0.10114487079574644,0.0025
1373,0.001,0.0025,0.598,0.049499999999999995,0.006,0.152,0.978,0.0,0.31,0.074,0.007000000000000001
1374,0.34850000000000003,0.1105,0.5275000000000001,0.04515255861465155,0.122,0.35573710263807806,0.6066518325906622,0.05349999999999999,0.39249999999999996,0.32190932444376763,0.0205
1375,0.027999999999999997,0.0235,0.5894999999999999,0.048,0.052000000000000005,0.16062855082412283,0.8394999999999999,0.012,0.30283333333333334,0.08299999999999999,0.0035000000000000005
1376,0.30849999999999994,0.10499999999999998,0.666,0.03647029702970297,0.08,0.47481112870013503,0.8704936521015838,0.099,0.5522659104572326,0.15273734618963364,0.0085
1377,0.313,0.21149999999999997,0.7144999999999999,0.07350000000000001,0.1095,0.3834181188364624,0.6471501776942967,0.0885,0.5439995596653456,0.11200000000000002,0.014500000000000002
1378,0.3555,0.15596194225721788,0.804,0.24891422226334786,0.0965,0.24646245090452967,0.5725,0.0665,0.732,0.132,0.011
1379,0.025500000000000002,0.003999999999999999,0.587,0.05748469387755102,0.008,0.133,0.994,0.013000000000000001,0.45708289299867905,0.09083774834437086,0.004999999999999999
1380,0.3795,0.349,0.7150000000000001,0.017,0.0625,0.2276440666097491,0.76387423024973,0.20550000000000002,0.384,0.5085000000000001,0.0185
1381,0.0395,0.040999999999999995,0.8564999999999999,0.013470297029702972,0.0775,0.23469756877010695,0.088,0.038,0.2505,0.053349551552053696,0.0015
1382,0.3124139951740779,0.04545051194539249,0.2925,0.07685396993759523,0.08600000000000001,0.1525,0.49794266379554725,0.15900000000000003,0.6975,0.1605,0.006500000000000001
1383,0.075,0.27287082340202906,0.8105,0.025,0.06699999999999999,0.16489866217257046,0.717117982873454,0.5095000000000001,0.45383289299867896,0.3776897092507153,0.004
1384,0.1905,0.1565,0.7105,0.049,0.10149999999999999,0.17596358214396798,0.5555000000000001,0.078,0.6904999999999999,0.18833887043189368,0.0049500285472746305
1385,0.26349999999999996,0.028499999999999998,0.5199999999999999,0.06436008118944254,0.0505,0.1605,0.8301848652898508,0.005999999999999999,0.2371666666666667,0.10935034989275731,0.0415
1386,0.054000000000000006,0.0455,0.5965,0.0495,0.033,0.1668821420203161,0.82,0.0115,0.3165,0.175,0.008
1387,0.2985,0.05,0.5665000000000001,0.058499999999999996,0.027500000000000004,0.048999999999999995,0.9649999999999999,0.054000000000000006,0.41150000000000003,0.236,0.0025
1388,0.7474999999999999,0.0155,0.5559999999999999,0.060759864182605684,0.064,0.15650000000000003,0.8288539486203617,0.094,0.44925000000000004,0.17165784407649406,0.001
1389,0.2365,0.15837988575031867,0.792,0.043470297029702974,0.12150000000000001,0.0895,0.38855403281536827,0.0635,0.515249504950495,0.16644638949671772,0.02
1390,0.1534139951740779,0.078,0.6914999999999999,0.0325,0.0595,0.2007082018927445,0.8701581129243932,0.0725,0.42400000000000004,0.1955,0.0034999999999999996
1391,0.1805,0.09567939184650688,0.617,0.1065,0.015500000000000003,0.1161888141295206,0.8238818321785988,0.08,0.4109495049504951,0.21349999999999997,0.009
1392,0.195,0.020499999999999997,0.573,0.049499999999999995,0.013500000000000002,0.06735410094637224,0.937,0.0465,0.389,0.2314039603960396,0.0005
1393,0.05700000000000001,0.024979890933878666,0.6039999999999999,0.08,0.02,0.16364400256574727,0.794,0.0385,0.633,0.05600000000000001,0.0
1394,0.044500000000000005,0.018500000000000003,0.6625,0.04340998181450799,0.061,0.1105,0.7176178707224335,0.0365,0.6514971391326715,0.0362207176585763,0.0045
1395,0.14250000000000002,0.14750000000000002,0.8305,0.10339915966386555,0.11000000000000001,0.17455712067366508,0.9395,0.12500000000000003,0.35225,0.07179769079646206,0.003
1396,0.5565,0.013000000000000001,0.5225,0.08600000000000001,0.014500000000000002,0.1895,0.9115,0.0155,0.40750000000000003,0.15024170874041048,0.0
1397,0.399,0.4894735426008968,0.6260000000000001,0.037906450242622444,0.07350000000000001,0.5100127939486788,0.6752670611690375,0.398,0.29755000000000004,0.5620918363534323,0.0115
1398,0.007000000000000001,0.01,0.6325000000000001,0.06388,0.0195,0.11750000000000001,0.9375,0.003,0.3125,0.16150000000000003,0.0105
1399,0.1475,0.1097752210348287,0.5525,0.1258395102003048,0.068,0.20590300070187348,0.6395,0.196,0.4402907318634238,0.16723101626387063,0.0045
1400,0.491,0.08249999999999999,0.65,0.016920353982300886,0.11900000000000002,0.1491888141295206,0.6811179828734538,0.12250000000000001,0.4365,0.4095,0.0325
1401,0.04,0.027000000000000003,0.6375,0.031984693877551026,0.0395,0.07977444987775062,0.8655000000000002,0.128,0.5218328929986791,0.051000000000000004,0.002
1402,0.2785,0.1,0.5925,0.0685,0.032,0.05550000000000001,0.8707515627583007,0.0965,0.30300000000000005,0.3959039603960396,0.003
1403,0.1525,0.027499999999999997,0.64,0.02694392523364486,0.43200000000000005,0.07912855082412285,0.8404999999999999,0.24250000000000002,0.5979162269129288,0.1443388704318937,0.0035000000000000005
1404,0.5174753043650402,0.14581661430088275,0.7165,0.028000000000000004,0.22949999999999998,0.2256279852322506,0.8836410832130597,0.194,0.521,0.1965,0.020981724911830712
1405,0.194,0.008000000000000002,0.48250000000000004,0.3080565469343025,0.0695,0.2607741147741148,0.7821909160892995,0.1335,0.46947932889173083,0.2815128420491826,0.01
1406,0.028000000000000004,0.038,0.748,0.057470297029702966,0.0335,0.203,0.969,0.0625,0.26,0.1355,0.0015
1407,0.24,0.025500000000000002,0.5135,0.051333288491451814,0.027999999999999997,0.1115,0.923,0.030999999999999993,0.28131578657827444,0.2316046374448873,0.0034616538519108044
1408,0.26,0.10147354260089685,0.5105000000000001,0.06141422226334783,0.0635,0.26231675370669966,0.656071347427423,0.1375,0.352282892998679,0.25294083313407273,0.002
1409,0.5275,0.035500000000000004,0.481,0.04194392523364486,0.065,0.08349999999999999,0.9315,0.26349999999999996,0.338332892998679,0.3258857811954533,0.0085
1410,0.036000000000000004,0.0495,0.6115,0.056999999999999995,0.0175,0.152,0.8724999999999999,0.008,0.3761662269129288,0.17740396039603962,0.0125
1411,0.0485,0.0485,0.7100000000000001,0.08359377467662014,0.05,0.06777411477411478,0.9855,0.015000000000000003,0.38407450495049505,0.06,0.001
1412,0.20750000000000002,0.10200000000000001,0.6535,0.036470297029702975,0.1255,0.126,0.7271257142453029,0.093,0.5141662269129287,0.22350000000000003,0.0034999999999999996
1413,0.32,0.0315,0.402,0.012,0.08,0.094,0.8456909160892995,0.1325,0.5071666666666668,0.26999999999999996,0.0755
1414,0.6045,0.0925,0.639,0.006970297029702971,0.118,0.07550000000000001,0.8695,0.194,0.24316666666666667,0.30644638949671776,0.0035000000000000005
1415,0.10099999999999998,0.04696194225721785,0.6185,0.049484693877551014,0.08449999999999999,0.184,0.7392251802887374,0.11950000000000001,0.6834161716171617,0.0875,0.0015
1416,0.33749999999999997,0.13495418596505837,0.8615,0.22149999999999997,0.1315,0.19868913226621737,0.8877871345926982,0.16399999999999998,0.6012904150774767,0.22923791790474812,0.008499999999999999
1417,0.058499999999999996,0.075,0.556,0.04094392523364486,0.027000000000000003,0.17635410094637222,0.8265668824163971,0.024,0.41662462834489594,0.24699999999999997,0.009481724911830714
1418,0.5305,0.05,0.5415,0.0105,0.095,0.27490798931580596,0.43999999999999995,0.061,0.618,0.14196293494704992,0.0015
1419,0.2954139951740779,0.08449999999999999,0.692,0.021384519293050804,0.05499999999999999,0.20281730932983902,0.8050306571375019,0.17450000000000002,0.5111246290801187,0.3002877966606258,0.014500000000000002
1420,0.32300000000000006,0.10300000000000001,0.6835,0.1385,0.0865,0.14700000000000002,0.8198663058757798,0.2635,0.5960000000000001,0.24700000000000003,0.0024873499837820305
1421,0.008,0.012,0.38099999999999995,0.01092702779893374,0.012,0.13535410094637226,0.7809999999999999,0.03900000000000001,0.34072400990099017,0.08436727682718284,0.0
1422,0.119,0.06849999999999999,0.5734999999999999,0.04795998775135245,0.048,0.08222394014962595,0.9875,0.022000000000000002,0.37449999999999994,0.1608417102865921,0.0034999999999999996
1423,0.043500000000000004,0.0365,0.6625,0.008890651012003856,0.027500000000000004,0.16340821646751885,0.7985,0.009,0.4285,0.031337748344370864,0.0
1424,0.137,0.0245,0.8085000000000001,0.028301258652953944,0.07250000000000001,0.3451536393698042,0.4506179828734539,0.026000000000000002,0.6195836496889139,0.31505489276731274,0.004
1425,0.11699999999999999,0.05650000000000001,0.585,0.03844142464678179,0.0485,0.1945,0.9141538210237428,0.066,0.5468657318634239,0.144903162055336,0.006
1426,0.048,0.029000000000000005,0.7145,0.03115388442575149,0.013500000000000002,0.13437710437710437,0.945,0.0225,0.5416657312825075,0.04925479921486124,0.0005
1427,0.1095,0.031,0.55,0.028999999999999998,0.029000000000000005,0.072,0.9594999999999999,0.0685,0.4345,0.1875,0.001
1428,0.383,0.0685,0.5504999999999999,0.04488860686254833,0.132,0.12824555453917447,0.677971599687338,0.161,0.4168496827914354,0.30526934213844703,0.0045
1429,0.1935,0.0615,0.625,0.07681774445000104,0.1075,0.10750000000000001,0.9211538210237429,0.075,0.6229489485373251,0.07973563398585824,0.003
1430,0.339,0.18900221283035035,0.672,0.053470297029702976,0.0755,0.2759020543512939,0.6685544017114173,0.0945,0.4445,0.12146293494704993,0.024
1431,0.0005,0.006,0.4285,0.009499999999999998,0.024,0.15027411477411476,0.8005000000000001,0.0055,0.329,0.064,0.0
1432,0.346,0.1165,0.716,0.0718581474969927,0.10900000000000001,0.2329009512857836,0.9315,0.078,0.55175,0.14214647045295375,0.016999999999999998
1433,0.203,0.08,0.49850000000000005,0.04994392523364487,0.026000000000000002,0.10637094157506233,0.737,0.047,0.41400000000000003,0.31640396039603963,0.010481422503779272
1434,0.078,0.037,0.7424999999999999,0.0395,0.089,0.10500000000000001,0.8729252185557664,0.048,0.6058333333333333,0.10800000000000001,0.0034999999999999996
1435,0.34249999999999997,0.2935,0.766,0.04427233223898534,0.08600000000000001,0.3735690240759467,0.614447315499547,0.2525,0.34025000000000005,0.4551937603459343,0.011
1436,0.039999999999999994,0.018,0.5980000000000001,0.089,0.008,0.12350000000000001,0.966,0.0025,0.26549999999999996,0.14090316205533598,0.0
1437,0.05449999999999999,0.11331388420651937,0.7000000000000001,0.00947029702970297,0.0105,0.13899999999999998,0.825,0.039,0.3844162269129287,0.2453773754122107,0.0
1438,0.1645,0.016999999999999998,0.602,0.033999999999999996,0.056499999999999995,0.076,0.9675,0.065,0.20750000000000002,0.337403162055336,0.0
1439,0.21599999999999997,0.05292926829268293,0.48550000000000004,0.021,0.079,0.230497720351804,0.7689999999999999,0.11750000000000001,0.5405,0.17368337728403377,0.007000000000000001
1440,0.5119999999999999,0.08249999999999999,0.7505,0.05436945669356852,0.07150000000000001,0.18918913226621736,0.922117982873454,0.13349999999999998,0.5484162269129288,0.1571885871631925,0.004
1441,0.7955,0.012,0.7849999999999999,0.01198469387755102,0.137,0.11468855218855219,0.9964999999999999,0.0955,0.6739999999999999,0.28049999999999997,0.0045
1442,0.1125,0.0455,0.5305,0.036930484497690985,0.06799999999999999,0.05500000000000001,0.7935,0.062,0.5202833333333333,0.08097822042587173,0.0075
1443,0.009,0.18128755705321384,0.8015000000000001,0.185,0.10600000000000001,0.1750912035844503,0.9324999999999999,0.0045000000000000005,0.694,0.057499999999999996,0.0
1444,0.43600000000000005,0.0355,0.77,0.009420353982300886,0.159,0.11000000000000001,0.8164999999999999,0.0495,0.782,0.035500000000000004,0.0085
1445,0.517,0.23200000000000004,0.5720000000000001,0.127,0.087,0.12062516839329063,0.7801848990195822,0.2955,0.418,0.4318071224513756,0.01
1446,0.13949999999999999,0.024499999999999997,0.4305,0.2238658819963629,0.041,0.21520820189274445,0.865,0.0175,0.2229161716171617,0.3210951869286626,0.0
1447,0.0245,0.053500000000000006,0.7445,0.0055000000000000005,0.052000000000000005,0.14996324704033212,0.5755,0.1135,0.47916573186342387,0.037837748344370856,0.0
1448,0.1285,0.011,0.5645,0.0985,0.0095,0.08377411477411478,0.938525795543533,0.0185,0.4655,0.19849999999999998,0.001
1449,0.096,0.011,0.475,0.0165,0.013500000000000002,0.1061885521885522,0.8275668824163971,0.1025,0.38008333333333333,0.3778071224513756,0.0035000000000000005
1450,0.272,0.11099999999999999,0.5595,0.01698469387755102,0.029500000000000005,0.11950000000000001,0.8945000000000001,0.11750000000000001,0.368,0.357,0.0
1451,0.1275,0.025,0.6799999999999999,0.0225,0.0355,0.1304629708970242,0.8600000000000001,0.029000000000000005,0.309,0.09599999999999999,0.005
1452,0.5735,0.08399999999999999,0.457,0.0335,0.07300000000000001,0.227568986746527,0.6620000000000001,0.21800000000000003,0.49016666666666675,0.14899999999999997,0.002
1453,0.21550000000000002,0.1005,0.47850000000000004,0.0245,0.118,0.14268686958496046,0.8115,0.08549999999999999,0.4955,0.2108071224513756,0.0045
1454,0.003,0.019999999999999997,0.5085000000000001,0.06000000000000001,0.014500000000000002,0.1135,0.917,0.001,0.23993301687763716,0.10264487079574644,0.006500000000000001
1455,0.6385,0.022884574330450068,0.6775,0.011,0.1745,0.22042776768683078,0.985,0.045,0.5930833333333334,0.20490316205533596,0.002
1456,0.0445,0.082,0.5944999999999999,0.029000000000000005,0.0315,0.1437079714045081,0.6045,0.004999999999999999,0.23199999999999998,0.357689220324651,0.0
1457,0.254,0.051000000000000004,0.642,0.10279441111765886,0.11600000000000002,0.4091885521885522,0.8989313815062354,0.10200000000000001,0.5215833333333333,0.12235037154252208,0.0034999999999999996
1458,0.069,0.016,0.6,0.008000000000000002,0.1045,0.18740266559823762,0.6235,0.0315,0.5685,0.1605,0.001
1459,0.21200000000000002,0.06999999999999999,0.6104999999999999,0.08438527568830942,0.036,0.094,0.9195,0.2065,0.547825,0.1986885871631925,0.0035000000000000005
1460,0.052500000000000005,0.11000000000000001,0.5529999999999999,0.06750000000000002,0.14450000000000002,0.1465,0.7661179828734539,0.0155,0.45558333333333334,0.17759274834437086,0.0045
1461,0.23349999999999999,0.096,0.584,0.034499999999999996,0.0685,0.0967744498777506,0.8390000000000001,0.1685,0.579875,0.1285,0.003
1462,0.0925,0.039,0.5359999999999999,0.062428619111195884,0.0215,0.10350000000000001,0.9475,0.025500000000000002,0.20274999999999999,0.164040308779324,0.005493593955321945
1463,0.21349999999999997,0.15,0.6765000000000001,0.09200000000000001,0.101,0.4734999999999999,0.8720668824163968,0.148,0.46375,0.3377959410487714,0.012
1464,0.23900000000000002,0.017499999999999998,0.497,0.015420353982300886,0.02,0.09764400256574728,0.8825,0.091,0.338,0.23094638949671772,0.0
1465,0.0405,0.015,0.5995000000000001,0.026000000000000002,0.0095,0.14450000000000002,0.8975000000000002,0.019,0.343,0.10049999999999999,0.0
1466,0.07949999999999999,0.0475,0.51,0.016,0.009000000000000001,0.1335,0.9195,0.0725,0.2995,0.2575,0.0015
1467,0.37150000000000005,0.17097354260089687,0.6020000000000001,0.0455,0.16599999999999998,0.265054203558096,0.836047813250269,0.182,0.5023323979491741,0.17733050251461752,0.0085
1468,0.0495,0.10348021828103685,0.764,0.024499999999999997,0.038,0.20235383306993415,0.9276195286559513,0.037,0.5701662269129288,0.08149999999999999,0.0035000000000000005
1469,0.12350000000000001,0.09182565459503637,0.757,0.014500000000000002,0.035,0.1287323268219416,0.6585493643796894,0.0775,0.5745000000000001,0.1388388704318937,0.0045
1470,0.0125,0.0075,0.5935,0.025500000000000002,0.0095,0.154,0.9109999999999999,0.026000000000000002,0.5004147417644139,0.1111341783192066,0.0025
1471,0.147,0.0475,0.5965,0.0245,0.040499999999999994,0.11622360557768925,0.7665,0.059,0.464082892998679,0.295,0.001
1472,0.3415,0.1664475102849184,0.6295,0.060425287936956965,0.11850000000000001,0.033,0.7217347265006816,0.11750000000000001,0.6047908554121311,0.12035563555044004,0.020499999999999997
1473,0.017499999999999998,0.026500000000000003,0.651,0.02,0.0015,0.1575,0.7945,0.011500000000000002,0.6649999999999999,0.030903162055335963,0.001
1474,0.528,0.12869143299278876,0.7134999999999999,0.008,0.15750000000000003,0.19510759848865664,0.9764999999999999,0.0375,0.7008328382838284,0.18180632411067194,0.0
1475,0.6795,0.11096685422573731,0.4765,0.01894392523364486,0.11749999999999998,0.2009750587325297,0.7925,0.042,0.3055,0.39630259236326737,0.014500000000000002
1476,0.26949999999999996,0.24299999999999997,0.7885,0.09521356733566276,0.14550000000000002,0.4148541009463723,0.45715763539158294,0.0785,0.48599900990099015,0.29790316205533596,0.015495820041799585
1477,0.362,0.05500000000000001,0.6405,0.066,0.05,0.144,0.9099999999999999,0.1295,0.414,0.3115,0.0015
1478,0.0725,0.128,0.6995000000000001,0.08897589147480947,0.11600000000000002,0.3039236942096629,0.41074046541693604,0.1845,0.47044968354430383,0.10862756762785523,0.008
1479,0.0895,0.04,0.591,0.011000000000000001,0.0195,0.17158161478369988,0.521,0.0325,0.391,0.10999999999999999,0.0
1480,0.35900000000000004,0.11199999999999999,0.7350000000000001,0.0395,0.10200000000000001,0.18162758199009563,0.7204999999999999,0.10899999999999999,0.47925000000000006,0.2674834174808209,0.010499999999999999
1481,0.532,0.1895,0.7075,0.07544392523364486,0.099,0.16985337723981034,0.8638073478333329,0.2105,0.5295495049504951,0.30390316205533596,0.005997846255798542
1482,0.7775000000000001,0.046,0.501,0.0375,0.064,0.1285,0.7435,0.2875,0.2395,0.2835,0.0
1483,0.4040000000000001,0.047,0.5425000000000001,0.0325,0.043000000000000003,0.122,0.952,0.089,0.3921161916072842,0.20215747234413292,0.003
1484,0.193,0.0405,0.5954999999999999,0.009,0.0745,0.0875,0.7443168324456787,0.057499999999999996,0.326,0.5149999999999999,0.012
1485,0.026000000000000002,0.05800000000000001,0.696,0.012,0.10900000000000001,0.1157587726916558,0.6456909160892994,0.01,0.544,0.4285,0.0015
1486,0.45199999999999996,0.20099999999999998,0.765,0.021730161212308648,0.1295,0.3783699636700326,0.8012577985056965,0.20049999999999998,0.5130735895564582,0.2143810602423588,0.02
1487,0.031,0.025500000000000002,0.493,0.027499999999999997,0.006500000000000001,0.14935410094637222,0.6605000000000001,0.0645,0.5900828935795953,0.06370611621778946,0.0
1488,0.0665,0.012,0.6355000000000001,0.08497029702970298,0.052500000000000005,0.14699999999999996,0.7,0.028500000000000004,0.16799999999999998,0.08085034989275734,0.0175
1489,0.0,0.0395,0.5035000000000001,0.04747029702970297,0.006500000000000001,0.15600000000000003,0.6715,0.0,0.32133333333333336,0.055403960396039606,0.001
1490,0.07100000000000001,0.032,0.677,0.063,0.066,0.1915,0.8074999999999999,0.006500000000000001,0.382,0.12,0.0
1491,0.35441399517407796,0.08900000000000001,0.6875,0.0615,0.043,0.1353756831827819,0.8147669927803041,0.19549999999999998,0.5791246290801186,0.3186909587159618,0.0105
1492,0.31450000000000006,0.047,0.5085,0.041410891089108906,0.07550000000000001,0.147,0.9324999999999999,0.0745,0.3307330161247687,0.36499999999999994,0.001
1493,0.3865,0.17547354260089684,0.7015,0.04847029702970297,0.10550000000000001,0.34950000000000003,0.6458749860971058,0.10400000000000001,0.5489575220787977,0.14350000000000002,0.0225
1494,0.002,0.025500000000000002,0.49700000000000005,0.041,0.007000000000000001,0.147,0.764,0.0015,0.44025,0.0375,0.0045000000000000005
1495,0.399,0.1505,0.6139999999999999,0.04936921317060182,0.1705,0.22828387572747405,0.8158028481633048,0.1345,0.45366622691292874,0.3723503498927573,0.037
1496,0.037000000000000005,0.0445,0.614,0.0175,0.0405,0.2176891322662174,0.7895000000000001,0.034,0.48666622691292877,0.09990316205533598,0.001
1497,0.6045,0.036000000000000004,0.563,0.08443028478105544,0.095,0.168,0.9595,0.11699999999999999,0.47624950495049506,0.1801467912239729,0.012499999999999999
1498,0.4,0.23149999999999998,0.6505000000000001,0.019454990907253993,0.15599999999999997,0.3484342313424197,0.8306179828734539,0.16550000000000004,0.3561240099009901,0.4291426843123839,0.043
1499,0.25650000000000006,0.13599999999999998,0.6625,0.03875409706715474,0.06899999999999999,0.23619824223296507,0.77,0.13299999999999998,0.6176495049504951,0.17539088661456287,0.014500000000000002
1500,0.6679999999999999,0.2015,0.6575,0.0215,0.225,0.12104291507589285,0.814834412081985,0.19,0.4125,0.4065,0.0085
1501,0.013500000000000002,0.16647354260089683,0.9414999999999999,0.06485057587391392,0.14550000000000002,0.5041888953745767,0.5148376732772384,0.020999999999999998,0.6990000000000001,0.01633774834437086,0.0045
1502,0.1055,0.05397989093387867,0.698,0.2028878504672897,0.0425,0.20382589507754117,0.6863587601735841,0.146,0.44199950495049506,0.15317321945376147,0.0055
1503,0.141,0.083,0.6964999999999999,0.0395,0.0495,0.09213888828875459,0.7157300926023982,0.097,0.484249504950495,0.27699999999999997,0.0015
1504,0.359,0.072,0.5650000000000001,0.0858436606592447,0.0695,0.15927444987775063,0.9085358381502889,0.062,0.35303184818481853,0.18907582540558257,0.006500000000000001
1505,0.5269999999999999,0.22034867347739273,0.7755,0.06031313840424668,0.07350000000000001,0.22867678370887584,0.7560989137073258,0.33799999999999997,0.29280713678924486,0.07605032601380637,0.006500000000000001
1506,0.404,0.30800000000000005,0.701,0.02839891614089885,0.09749999999999999,0.28787776160116896,0.6321663429956106,0.2445,0.44709950495049505,0.45433774834437085,0.015999999999999997
1507,0.23149999999999998,0.1105,0.686,0.07082100998517651,0.10899999999999999,0.14951129057486026,0.7926179828734539,0.1025,0.4798333333333334,0.30640396039603957,0.006
1508,0.0635,0.069,0.504,0.13820608380463345,0.052500000000000005,0.10818913226621736,0.7665960335554515,0.5450000000000002,0.531249504950495,0.2174199271738823,0.001
1509,0.5295,0.072,0.624,0.0923845192930508,0.0495,0.1375115355488896,0.9176891800119318,0.26949999999999996,0.4049328578975172,0.3430013961320735,0.0105
1510,0.22800000000000004,0.0115,0.42300000000000004,0.0195,0.011000000000000001,0.17722360557768924,0.9515,0.039,0.4245,0.18340316205533597,0.002
1511,0.146,0.07979498599821513,0.7084999999999999,0.14144059405940593,0.06499999999999999,0.07304889975550123,0.9635,0.0645,0.48774999999999996,0.13217250419378299,0.006500000000000001
1512,0.34750000000000003,0.05750000000000001,0.5355,0.09848469387755102,0.082,0.1265,0.6445000000000001,0.049,0.36561619160728426,0.10820866408789405,0.0175
1513,0.173,0.048,0.7355,0.012940594059405942,0.0455,0.096,0.6692358535958872,0.11000000000000001,0.5012491199116077,0.312273716490579,0.0005
1514,0.162,0.0085,0.49700000000000005,0.016999999999999998,0.0205,0.14122360557768926,0.9525,0.09849999999999999,0.36769952494061764,0.22340316205533597,0.005
1515,0.6325000000000001,0.0595,0.735,0.05282126973691061,0.096,0.1755,0.8955,0.1685,0.5536249999999999,0.1440450480270162,0.0015
1516,0.1255,0.025980218281036832,0.7085000000000001,0.027984693877551026,0.0715,0.16510734781807454,0.8205,0.013000000000000001,0.40449999999999997,0.086,0.004
1517,0.369,0.20950000000000002,0.732,0.06195009500950095,0.15650000000000003,0.43641626022919944,0.7360603876594505,0.1775,0.5358323432343235,0.2764463894967177,0.0185
1518,0.41950000000000004,0.11299999999999999,0.4185,0.06039891614089885,0.1485,0.3866279395771791,0.801292034276084,0.0905,0.38724950495049504,0.10040981336983194,0.011000000000000001
1519,0.28500000000000003,0.17850000000000002,0.6985,0.07297029702970297,0.085,0.20266442466040888,0.8571926084296887,0.1165,0.45866622691292874,0.24699999999999997,0.011000000000000001
1520,0.2625,0.23148021828103685,0.763,0.06797979797979799,0.07350000000000001,0.7315417791668481,0.7138757813791503,0.17550000000000002,0.5915,0.2586283503040073,0.030997846255798545
1521,0.1395,0.010499999999999999,0.667,0.0395,0.0375,0.10800000000000001,0.9635,0.040999999999999995,0.29366666666666663,0.1115,0.006953212561711661
1522,0.0725,0.1695,0.7390000000000001,0.08175562373376583,0.186,0.6370185019710191,0.5609972374964121,0.0785,0.23700000000000002,0.019,0.015
1523,0.2855,0.032999999999999995,0.5975,0.009,0.088,0.12242589980065957,0.38311798287345383,0.12149999999999998,0.30041666666666667,0.3090693977697,0.002
1524,0.17250000000000001,0.06799999999999999,0.674,0.0445,0.0945,0.20099744420849608,0.8313167023365893,0.0765,0.7370000000000001,0.1417852599286114,0.01
1525,0.087,0.14750000000000002,0.7975000000000001,0.039134767703122186,0.15349999999999997,0.1949574338066844,0.521617982873454,0.051500000000000004,0.5972908559930474,0.19464487079574644,0.011987349983782031
1526,0.048,0.04247989093387867,0.5774999999999999,0.0165,0.0915,0.19406739679865206,0.7561493176708787,0.029000000000000005,0.42291622691292874,0.05355531732703691,0.0005
1527,0.08199999999999999,0.19899999999999998,0.6220000000000001,0.058939684784805005,0.15350000000000003,0.4818538704581359,0.5055487493845197,0.094,0.342499504950495,0.1117905982905983,0.014470723155845504
1528,0.046,0.07548021828103683,0.9,0.0215,0.08049999999999999,0.2324629708970242,0.3143538364693412,0.157,0.433,0.12726934213844704,0.005
1529,0.4225,0.026500000000000003,0.45150000000000007,0.022000000000000002,0.0485,0.06972360557768924,0.9395000000000001,0.16499999999999998,0.28725,0.38350000000000006,0.0025
1530,0.124,0.017942160538254683,0.6779999999999999,0.2599439252336449,0.1055,0.22738170098043034,0.984,0.0155,0.5898333333333332,0.122,0.0015
1531,0.5245000000000001,0.097,0.5860000000000001,0.026470297029702973,0.044,0.17035410094637227,0.638066882416397,0.186,0.38025,0.28840396039603966,0.004
1532,0.0505,0.11699999999999999,0.7139999999999999,0.04482178217821782,0.007000000000000001,0.13639225393127546,0.8310000000000001,0.0475,0.3945828935795954,0.272680964870181,0.0
1533,0.4715,0.0445,0.6505,0.0215,0.045,0.15903237390039582,0.8574999999999999,0.1665,0.41087500000000005,0.34524091039970684,0.0025
1534,0.34800000000000003,0.14850000000000002,0.6455,0.10049999999999999,0.058499999999999996,0.1546870669433598,0.9359999999999999,0.10350000000000001,0.5919985148514851,0.1887725240816765,0.0075000000000000015
1535,0.693,0.012,0.5535,0.0034999999999999996,0.0855,0.15899810351211952,0.9975000000000002,0.1165,0.3985995245641838,0.33150748066451236,0.0025
1536,0.18450000000000003,0.13643590994123939,0.6935,0.0720849103046815,0.129,0.40470030768502135,0.5053307218680253,0.059,0.5702912269129288,0.1002653497480693,0.005
1537,0.006999999999999999,0.028000000000000004,0.45649999999999996,0.023469387755102038,0.017,0.14777411477411478,0.833,0.0085,0.43866622633201235,0.06344687842278203,0.0
1538,0.10550000000000001,0.011,0.4085,0.36707350197673094,0.07949999999999999,0.18735410094637225,0.857,0.06549999999999999,0.5439199510986458,0.25858003396513846,0.0005
1539,0.016,0.020942160538254685,0.43600000000000005,0.010499999999999999,0.0325,0.16518913226621734,0.5081178707224334,0.026000000000000002,0.326,0.052000000000000005,0.0
1540,0.2735,0.055499999999999994,0.568,0.015,0.0735,0.13046111148965778,0.7036179828734539,0.173,0.4768328382838284,0.2691885871631925,0.020931648172491345
1541,0.0655,0.034999999999999996,0.6124999999999999,0.04488361001844987,0.044500000000000005,0.0915,0.8239999999999998,0.006,0.261832892998679,0.217,0.004
1542,0.0115,0.0045,0.6375,0.06,0.014000000000000002,0.11750000000000001,0.951,0.002,0.4,0.095,0.008
1543,0.41550000000000004,0.193,0.6325000000000001,0.0355,0.0985,0.07339046200743023,0.8135,0.19949999999999998,0.4697495049504951,0.3151774057605884,0.040374889281936735
1544,0.016,0.0165,0.5359999999999999,0.036,0.009000000000000001,0.187,0.7895000000000001,0.007000000000000001,0.5880000000000001,0.033499999999999995,0.001
1545,0.038,0.0085,0.6224999999999999,0.0165,0.047,0.17212855082412287,0.747,0.0745,0.292,0.11299999999999999,0.003
1546,0.022,0.023500000000000004,0.5795000000000001,0.037984693877551025,0.006,0.126,0.9280000000000002,0.0034999999999999996,0.4161666666666667,0.08763497665991023,0.0
1547,0.1805,0.0395,0.728,0.09147029702970297,0.088,0.21304828850855748,0.6567249640820669,0.0605,0.5740000000000001,0.0805,0.014000000000000002
1548,0.5469999999999999,0.038,0.6154999999999999,0.06847029702970296,0.17099999999999999,0.10049999999999999,0.9285,0.0745,0.3887495049504951,0.0605,0.008
1549,0.0195,0.026500000000000003,0.615,0.0615,0.03250000000000001,0.1405,0.9395,0.0005,0.3315,0.089,0.0005
1550,0.49391399517407786,0.099,0.609,0.05433033579680886,0.0595,0.13818472763371326,0.8345,0.2245,0.4481995249406176,0.5286477312745801,0.011
1551,0.006,0.0045,0.6014999999999999,0.059,0.0055,0.14500000000000002,0.99,0.0005,0.49233289299867905,0.04874091039970683,0.002
1552,0.018500000000000003,0.04699999999999999,0.615,0.03891089108910891,0.014000000000000002,0.18337826453243472,0.8597404654169359,0.0325,0.4455,0.062,0.002
1553,0.44800000000000006,0.0475,0.504,0.027499999999999997,0.10400000000000001,0.1061009582690113,0.7952404654169359,0.1135,0.438,0.41725500000000004,0.011
1554,0.055499999999999994,0.015000000000000003,0.591,0.037,0.0295,0.11179458776240074,0.959,0.0055,0.268,0.1685,0.0005
1555,0.5245,0.1395,0.6685000000000001,0.020999999999999998,0.05900000000000001,0.20939400276679548,0.8035668824163971,0.23349999999999999,0.37494134945810204,0.390903162055336,0.0045
1556,0.011,0.0554009111617312,0.5515000000000001,0.0115,0.0665,0.316151743033156,0.5228895624686098,0.0445,0.5475,0.036000000000000004,0.008000000000000002
1557,0.0095,0.045,0.5385000000000001,0.043,0.012499999999999999,0.1825811976104414,0.9425000000000001,0.0095,0.2985,0.058499999999999996,0.0009935939553219447
1558,0.006500000000000001,0.018,0.6515,0.047,0.01,0.12509682680094752,0.9575290874970678,0.001,0.25250000000000006,0.27249999999999996,0.00998420825895691
1559,0.05697530436504009,0.0765,0.761,0.008499999999999999,0.02,0.1887741147741148,0.8390000000000001,0.023,0.5256662269129289,0.13194638949671772,0.003
1560,0.4095,0.047,0.575,0.0295,0.029000000000000005,0.08344542074300705,0.9611179828734538,0.1265,0.33499999999999996,0.26190396039603964,0.0025
1561,0.04,0.062,0.909,0.052500000000000005,0.0895,0.3626614118133092,0.147,0.029000000000000005,0.8800000000000001,0.065,0.0055
1562,0.4425,0.25,0.658,0.07085481632275377,0.10900000000000001,0.3392809084407461,0.5462837789971767,0.14100000000000001,0.47599906519675717,0.4220395353972134,0.03546314741560999
1563,0.07649999999999998,0.0125,0.5579999999999999,0.020300353982300887,0.013500000000000002,0.0678167679090392,0.8695,0.0235,0.526,0.19899999999999998,0.0115
1564,0.0365,0.044,0.564,0.037500000000000006,0.0505,0.1595,0.9193028481633047,0.009,0.5226249999999999,0.1109039603960396,0.0005
1565,0.127,0.031,0.4205,0.030000000000000006,0.043500000000000004,0.11864400256574728,0.74,0.008,0.4565,0.17724170874041048,0.009500000000000001
1566,0.27597531413871573,0.0185,0.5940000000000001,0.038,0.016,0.074,0.9780000000000001,0.06499999999999999,0.34466622691292875,0.17844687842278203,0.0125
1567,0.01,0.048,0.5325,0.022869456693568515,0.036500000000000005,0.1905,0.949546669175762,0.006999999999999999,0.540249560246262,0.08888770162367973,0.0015
1568,0.5429999999999999,0.018,0.5940000000000001,0.01689915966386555,0.08149999999999999,0.1679184524434979,0.9926179828734538,0.0795,0.36533254068895255,0.32385530574408666,0.001
1569,0.0365,0.025500000000000002,0.607,0.020890651012003856,0.05500000000000001,0.0967744498777506,0.787,0.02,0.5974999999999999,0.06683887043189368,0.003
1570,0.1265,0.10243530451233085,0.8935000000000001,0.13394392523364487,0.128,0.17496324704033211,0.9338584482903898,0.07949999999999999,0.686832892998679,0.05533475584941213,0.0015
1571,0.121,0.023,0.39849999999999997,0.0615,0.021,0.19550000000000003,0.7829617731537892,0.0485,0.2965,0.255,0.002
1572,0.10149999999999999,0.0235,0.5664999999999999,0.009000000000000001,0.004,0.1,0.8431848652898509,0.026000000000000002,0.47187462834489596,0.30640396039603957,0.0015
1573,0.42699999999999994,0.055461942257217844,0.7409999999999999,0.02447029702970297,0.11850000000000001,0.24577444987775063,0.6846936500997886,0.0465,0.2045,0.06294638949671773,0.013496858465608465
1574,0.0895,0.017499999999999998,0.39399999999999996,0.036500000000000005,0.0475,0.046688814129520605,0.9179999999999999,0.024,0.41400000000000003,0.217,0.0
1575,0.1715,0.03547989093387867,0.7825,0.03998469387755102,0.10500000000000001,0.34537762825904117,0.11918475313883044,0.1045,0.5123333333333333,0.06799999999999999,0.0095
1576,0.323,0.10446194225721786,0.6825,0.07136996956586043,0.12999999999999998,0.14550000000000002,0.9306179828734539,0.185,0.528082892998679,0.2628467492185285,0.0025
1577,0.4325,0.032,0.6115,0.043000000000000003,0.0605,0.12250000000000001,0.687240465416936,0.20500000000000002,0.48124950495049507,0.2935,0.008
1578,0.0165,0.06590091116173122,0.6199999999999999,0.0125,0.069,0.4125,0.45395644488500675,0.069,0.40499999999999997,0.021500000000000002,0.0095
1579,0.2205,0.185,0.757,0.049353907048152845,0.0655,0.039999999999999994,0.7712577985056964,0.16899999999999998,0.6499999999999999,0.19244687842278202,0.005
1580,0.37300000000000005,0.24796194225721785,0.8215,0.079,0.062,0.41009533865091885,0.76,0.123,0.5185828382838283,0.281403162055336,0.011493593955321945
1581,0.013000000000000001,0.0325,0.5865,0.056440594059405935,0.0,0.1565,0.922,0.0125,0.5504999999999999,0.040903162055335965,0.0
1582,0.20700000000000002,0.057499999999999996,0.49849999999999994,0.012,0.052000000000000005,0.20049999999999998,0.6849999999999999,0.05349999999999999,0.28225,0.21583774834437083,0.0
1583,0.11199999999999999,0.028000000000000004,0.4880000000000001,0.006500000000000001,0.147,0.21740821646751884,0.4715,0.05750000000000001,0.5850000000000001,0.16724203248722963,0.0085
1584,0.0695,0.051000000000000004,0.6935,0.051500000000000004,0.1255,0.19849999999999998,0.32654666917576214,0.06749999999999999,0.7741250000000001,0.07275320253345399,0.0
1585,0.6689139951740779,0.31492388451443565,0.79,0.02220045824201162,0.093,0.31579606523220033,0.051000000000000004,0.7145,0.35208283828382836,0.07736521702302782,0.001
1586,0.031999999999999994,0.006999999999999999,0.552,0.02241422226334783,0.027999999999999997,0.13499999999999998,0.7364999999999999,0.015,0.24700000000000003,0.044500000000000005,0.001
1587,0.22149999999999997,0.0225,0.6105,0.071984693877551,0.05600000000000001,0.1155,0.90819615055574,0.14700000000000002,0.46749999999999997,0.09949999999999999,0.005
1588,0.091,0.0225,0.5805,0.056970297029702965,0.032,0.12177411477411478,0.9350000000000002,0.044500000000000005,0.44836622691292877,0.17931159543617475,0.0005
1589,0.133,0.007000000000000001,0.691,0.05576812931150067,0.0125,0.128,0.959,0.015999999999999997,0.21433333333333332,0.07610735784489897,0.0125
1590,0.168,0.033,0.6065,0.03448469387755103,0.101,0.11097655732004674,0.9531804340085561,0.063,0.6020000000000001,0.13999999999999999,0.0085
1591,0.003,0.0155,0.42750000000000005,0.011,0.03149999999999999,0.16668913226621734,0.5346178707224334,0.001,0.26949999999999996,0.05800000000000001,0.0
1592,0.205,0.1515,0.6144999999999999,0.131,0.137,0.24415455750765225,0.8962359657469076,0.09100000000000001,0.429,0.1932409103997068,0.008
1593,0.10200000000000001,0.10319411816418407,0.6565,0.03247029702970297,0.0975,0.2648540441513981,0.8164999999999999,0.025,0.6285000000000001,0.15320948616600788,0.0
1594,0.06999999999999999,0.013500000000000002,0.53,0.10500000000000001,0.024999999999999998,0.08977411477411477,0.8900668824163971,0.047,0.38749999999999996,0.19549999999999998,0.0
1595,0.18150000000000002,0.15147354260089685,0.7625,0.021,0.09,0.3335166863160712,0.7030432014292203,0.13800000000000004,0.5614157318634238,0.18987483835591398,0.02
1596,0.3255,0.11950000000000001,0.683,0.09738270074384894,0.0955,0.0375,0.8828757813791503,0.072,0.584,0.24699999999999997,0.0095
1597,0.219,0.021,0.6875,0.05199999999999999,0.0615,0.13518913226621737,0.8640000000000001,0.029500000000000005,0.3938333333333333,0.1395,0.007984206477438896
1598,0.0495,0.042499999999999996,0.6769999999999999,0.06204967485847508,0.07750000000000001,0.09591386604349136,0.8951179828734539,0.028000000000000004,0.5849578382838284,0.1182428308279333,0.0055000000000000005
1599,0.05450000000000001,0.013000000000000001,0.562,0.0395,0.042,0.12229458776240074,0.9419999999999998,0.0035000000000000005,0.28725,0.13499999999999998,0.006481724911830715
1600,0.05,0.022,0.9129999999999999,0.014000000000000002,0.08,0.183,0.5043536347459686,0.0355,0.8023495049504952,0.0395,0.001
1601,0.1075,0.1025,0.687,0.0645,0.0465,0.11060018681124369,0.9351848652898507,0.022,0.43600000000000005,0.157,0.0015
1602,0.28850000000000003,0.1735,0.718,0.07299999999999998,0.051500000000000004,0.3475432332125896,0.8486909160892994,0.15100000000000002,0.5215,0.31028702476506387,0.009493593955321945
1603,0.021,0.02,0.6615,0.07944059405940593,0.044,0.12435199337476548,0.9205,0.15749999999999997,0.5970000000000001,0.09533774834437085,0.002
1604,0.12800000000000003,0.0549623163274278,0.6375,0.031443925233644865,0.0955,0.28301178659209125,0.8495000000000001,0.085,0.41050000000000003,0.2041558756627256,0.0005
1605,0.52,0.1045,0.572,0.31523945040307827,0.1095,0.24523737878138602,0.6401179828734539,0.34950000000000003,0.45603001746693145,0.3650305530346756,0.011000000000000001
1606,0.1125,0.11950000000000001,0.724,0.006999999999999999,0.07999999999999999,0.1478891468409917,0.7193088989627533,0.067,0.5105,0.2455,0.006
1607,0.012,0.01,0.43800000000000006,0.0495,0.018500000000000003,0.12935410094637223,0.912566882416397,0.0115,0.3705,0.1412857488546757,0.0095
1608,0.0115,0.0315,0.5374999999999999,0.05497938144329897,0.0155,0.08512855082412285,0.9395,0.022000000000000002,0.2917828382838284,0.12277184983616976,0.0045
1609,0.0205,0.0055,0.614,0.041,0.009,0.1530485646518654,0.8180000000000002,0.026000000000000002,0.34299999999999997,0.09690316205533596,0.004
1610,0.15199999999999997,0.043500000000000004,0.695,0.032,0.069,0.15785410094637223,0.5355,0.0505,0.48149999999999993,0.20990396039603962,0.012
1611,0.246,0.1135,0.6315,0.032999999999999995,0.1365,0.13740205435129388,0.8594999999999999,0.028500000000000004,0.41399950495049503,0.05450000000000001,0.0095
1612,0.151,0.019,0.7394999999999999,0.07038000000000001,0.0745,0.10985438042620363,0.9155000000000001,0.0345,0.40750000000000003,0.12349999999999998,0.003
1613,0.04,0.11685194194930155,0.71,0.06195499090725398,0.046,0.13244081858314088,0.8625,0.052000000000000005,0.45083283828382836,0.13578053746754665,0.0025
1614,0.0815,0.032,0.49800000000000005,0.08719932336715702,0.0335,0.13799999999999998,0.954,0.027000000000000003,0.3042916666666667,0.08850314441929517,0.0
1615,0.6305,0.07749999999999999,0.618,0.05944059405940594,0.0405,0.11449999999999998,0.7118319255667027,0.2045,0.5580828382838284,0.27775985384794993,0.0
1616,0.14100000000000001,0.099,0.655,0.0163676484470877,0.079,0.3186211461847601,0.8027911461607126,0.0885,0.5444319723144421,0.23650056537198694,0.006500000000000001
1617,0.318,0.037500000000000006,0.518,0.008,0.0795,0.06802136888382007,0.6631179828734538,0.16350000000000003,0.337,0.33850931028879694,0.006
1618,0.336,0.2359739676840215,0.7434999999999999,0.04978419182920826,0.09600000000000002,0.9475000000000001,0.5177933555227815,0.17400000000000002,0.5325,0.22513186697124832,0.0475
1619,0.009500000000000001,0.020999999999999998,0.37150000000000005,0.021500000000000002,0.0345,0.1105,0.885,0.0045,0.24000000000000005,0.062,0.0025
1620,0.398,0.1525,0.589,0.049,0.0925,0.15350000000000003,0.8869999999999999,0.14450000000000002,0.42350000000000004,0.41673101626387066,0.0205
1621,0.2495,0.2955,0.725,0.05897029702970297,0.07699999999999999,0.2853615768738663,0.6864999999999999,0.1355,0.5063,0.36794687842278206,0.035917726898050985
1622,0.1275,0.0615,0.5895,0.035,0.051500000000000004,0.06,0.8796179828734539,0.08349999999999999,0.504,0.15099999999999997,0.007000000000000001
1623,0.04,0.1113477690288714,0.808,0.0395,0.14150000000000001,0.22454351269242098,0.15854666917576216,0.058499999999999996,0.7460991884947988,0.10071840638638921,0.004487350117004495
1624,0.438,0.333,0.748,0.039,0.0985,0.3902802982525421,0.8205,0.11950000000000001,0.4965,0.2984463894967177,0.01
1625,0.036,0.032,0.5269999999999999,0.04,0.030500000000000006,0.12700000000000003,0.9572162721588452,0.059,0.274,0.4015000000000001,0.009443023444404616
1626,0.34750000000000003,0.2559798909338787,0.746,0.06798969072164948,0.0675,0.8419395339915228,0.8304815460944933,0.129,0.6082500000000001,0.1905,0.0095
1627,0.0725,0.0495,0.5974999999999999,0.026500000000000003,0.03,0.09330499670213471,0.8813386863135937,0.0665,0.4304157318634238,0.1525,0.002
1628,0.028999999999999998,0.072,0.497,0.025,0.014500000000000002,0.0951767803723524,0.8160000000000001,0.0125,0.352,0.2514463894967177,0.01
1629,0.369,0.20097354260089687,0.655,0.035,0.11299999999999999,0.196433108506525,0.8035,0.06999999999999999,0.48966666666666675,0.185,0.006500000000000001
1630,0.0405,0.024,0.9294999999999998,0.0635,0.10400000000000001,0.3507170500864394,0.21200000000000002,0.037,0.9025000000000001,0.064,0.0045
1631,0.0015,0.030500000000000006,0.5445,0.07228503107879772,0.0055000000000000005,0.161,0.8675,0.0075000000000000015,0.3824492038800218,0.10998318961888234,0.0
1632,0.371,0.20350000000000001,0.7180000000000001,0.0395,0.086,0.5654999999999999,0.6332358535958873,0.149,0.4405,0.37,0.032
1633,0.34349999999999997,0.15850000000000003,0.674,0.05238066666509661,0.05,0.953,0.8935000000000001,0.13000000000000003,0.5218333333333334,0.2866408296337026,0.015
1634,0.35300000000000004,0.092,0.751,0.032384519293050806,0.096,0.1931661801183388,0.9310453843622332,0.025,0.60975,0.23037330040999748,0.019000000000000003
1635,0.3175,0.2425,0.7685000000000001,0.04444392523364486,0.09,0.1345485646518654,0.6747922904559618,0.16299999999999998,0.5694999999999999,0.3025,0.014499999999999999
1636,0.20400000000000001,0.177,0.5885,0.07142861911119588,0.08249999999999999,0.12854822954822956,0.8641581632653061,0.1495,0.49283333333333335,0.249759674336525,0.010499999999999999
1637,0.011,0.052000000000000005,0.6569999999999999,0.047,0.041,0.12218881412952061,0.8880000000000001,0.0055000000000000005,0.417,0.16744638949671772,0.0015
1638,0.0295,0.023,0.5810000000000001,0.047,0.0075,0.1155,0.93,0.007000000000000001,0.3625,0.0785,0.007000000000000001
1639,0.417,0.199,0.6695,0.017970297029702972,0.1155,0.23438856446400394,0.7605219830477339,0.23450000000000001,0.33874950495049505,0.39449999999999996,0.020999999999999998
1640,0.48149999999999993,0.03899999999999999,0.6505,0.035,0.089,0.1959776878237077,0.9565000000000001,0.0475,0.5974999999999999,0.309,0.008
1641,0.027500000000000004,0.0025,0.6214999999999999,0.033499999999999995,0.004,0.2055121538489512,0.9564999999999999,0.0155,0.30370833333333336,0.07990316205533597,0.002
1642,0.3095,0.1425,0.6615,0.06841422226334784,0.099,0.3276692936720435,0.6691827253344365,0.086,0.42705000000000004,0.22973747671338032,0.0235
1643,0.37699999999999995,0.19197396768402153,0.6155,0.05444059405940593,0.11300000000000002,0.16289030938671534,0.7289366129960986,0.1045,0.520415360362626,0.23499038118575627,0.027500000000000004
1644,0.1035,0.150885221342745,0.671,0.1239142222633478,0.08900000000000001,0.23399744420849605,0.800740465416936,0.028499999999999998,0.4495,0.09733774834437084,0.0034999999999999996
1645,0.0865,0.028500000000000004,0.33799999999999997,0.0562456482543227,0.017000000000000005,0.1332741147741148,0.962535838150289,0.061,0.5904157318634239,0.13940396039603958,0.002
1646,0.073,0.1375,0.5025000000000001,0.0595,0.077,0.24998231666685927,0.698066882416397,0.0595,0.39599900990099013,0.18894638949671774,0.003
1647,0.029000000000000005,0.0195,0.7444999999999999,0.07849999999999999,0.029000000000000005,0.0965,0.9359999999999999,0.003,0.17550000000000002,0.10900000000000001,0.001
1648,0.445,0.0315,0.631,0.01789269443204587,0.077,0.0942744498777506,0.9804999999999999,0.0785,0.45783289299867896,0.27549999999999997,0.001
1649,0.35500000000000004,0.11399999999999999,0.6289999999999999,0.06389065101200385,0.063,0.259053300183978,0.7551784445945078,0.26599999999999996,0.5624990099009901,0.15175271360738968,0.005
1650,0.014500000000000002,0.0045,0.532,0.026000000000000002,0.012,0.131,0.932,0.0045,0.5087485148514851,0.08318729989642455,0.0025
1651,0.4385,0.26492926829268293,0.8045,0.03389663106845404,0.11299999999999999,0.35479029703332987,0.712066882416397,0.14950000000000002,0.4774157312825074,0.27270575441860334,0.008
1652,0.0055,0.0225,0.5305,0.035970297029702974,0.025500000000000002,0.148,0.820566882416397,0.006,0.2395,0.064,0.003
1653,0.02,0.025,0.6495000000000001,0.026500000000000003,0.007999999999999998,0.174,0.909,0.013500000000000002,0.57875,0.03150000000000001,0.008
1654,0.30650000000000005,0.19649999999999998,0.631,0.0452791949851098,0.197,0.9945,0.5660328355863824,0.179,0.5318319576145197,0.1918735757116588,0.0335
1655,0.269,0.16750000000000004,0.7324999999999999,0.04647029702970297,0.1075,0.2940099902077777,0.6539622376067314,0.1375,0.58575,0.23440316205533596,0.037475016325878754
1656,0.16699999999999998,0.05289682168642401,0.7190000000000001,0.030739182736462256,0.0495,0.2529601209459597,0.4526337648327939,0.05650000000000001,0.6223127988948379,0.2996064373453538,0.0015
1657,0.083,0.024,0.635,0.027499999999999997,0.042,0.1475,0.8714999999999999,0.0295,0.33766666666666667,0.16533555419011578,0.0095
1658,0.3175,0.162,0.7609999999999999,0.03797029702970297,0.148,0.6485000000000001,0.528090048049914,0.088,0.5724583333333333,0.10929059829059828,0.030000000000000006
1659,0.11850000000000001,0.025500000000000002,0.5295,0.04398469387755102,0.0685,0.090163146394756,0.9557984168820101,0.031,0.59475,0.0745,0.003
1660,0.36000000000000004,0.12150000000000001,0.6315,0.06827850147929357,0.1285,0.08740233383112525,0.8751179828734539,0.10700000000000001,0.48003333333333337,0.2072535119480933,0.0105
1661,0.1655,0.063,0.5445,0.11794468162890345,0.16899999999999998,0.09209152172114705,0.9366848652898507,0.137,0.5561985695663358,0.19479240963704397,0.002
1662,0.09547530436504008,0.04141460541813898,0.6224999999999999,0.03132753525209474,0.057999999999999996,0.20356959799347077,0.6731178707224336,0.0655,0.4101245049504951,0.1297513539860476,0.004
1663,0.191,0.11798021828103684,0.6465000000000001,0.05682420407785581,0.21600000000000003,0.3474519227154199,0.8585,0.16749999999999998,0.5785833333333333,0.17373567869694057,0.010499999999999999
1664,0.065,0.156,0.756,0.08437330074009936,0.13599999999999998,0.5244145891043397,0.4864541824800376,0.0715,0.3795,0.0375,0.0025
1665,0.11599999999999999,0.12050000000000001,0.681,0.0315,0.005,0.12596358214396797,0.6892404654169361,0.0235,0.45149999999999996,0.20800000000000002,0.004
1666,0.1265,0.05799999999999998,0.6769999999999999,0.053899159663865534,0.1085,0.14049999999999999,0.892,0.043,0.6790833333333334,0.07828413784108859,0.0015
1667,0.327,0.0225,0.5355,0.026984693877551025,0.036000000000000004,0.1296885521885522,0.8665,0.13699999999999998,0.5946662269129288,0.259403162055336,0.0015
1668,0.2085,0.0755,0.5914999999999999,0.026500000000000003,0.016500000000000004,0.18468466256773275,0.9219999999999999,0.2305,0.44616622691292873,0.1772540008741576,0.0025
1669,0.0385,0.06999999999999999,0.6325000000000001,0.034,0.049999999999999996,0.14750000000000002,0.9279999999999999,0.014500000000000002,0.4085,0.0765,0.0
1670,0.1725,0.028500000000000004,0.55,0.03197029702970297,0.06,0.06064428020565552,0.9109999999999999,0.09150000000000001,0.5443662269129288,0.186,0.003
1671,0.033,0.027000000000000003,0.4965,0.049,0.026000000000000006,0.14350000000000002,0.9095000000000001,0.043,0.5554980198019802,0.11063417831920659,0.0
1672,0.3105,0.123,0.7005,0.0405,0.065,0.3569004443786704,0.8533028481633046,0.10800000000000001,0.5887499999999999,0.30637483835591406,0.035490450315756344
1673,0.2045,0.1315,0.6779999999999999,0.06447029702970297,0.063,0.15862821572048702,0.9045606466690013,0.1305,0.594,0.17462540627089324,0.0015
1674,0.125,0.025499999999999995,0.6765,0.04148469387755102,0.032,0.09877411477411478,0.7945,0.0085,0.353,0.083,0.0034999999999999996
1675,0.1305,0.06749999999999999,0.6535,0.044500000000000005,0.066,0.07179458776240073,0.7285,0.05449999999999999,0.4535,0.23149999999999998,0.002
1676,0.056999999999999995,0.0395,0.603,0.013500000000000002,0.013000000000000001,0.05814428020565552,0.9075,0.035500000000000004,0.37749999999999995,0.1949039603960396,0.001
1677,0.4399139951740779,0.064,0.6415,0.08047029702970296,0.05750000000000001,0.14262855082412285,0.6026585256231677,0.13899999999999998,0.3861995249406176,0.30990316205533597,0.019
1678,0.337,0.22197396768402156,0.681,0.05589558496665993,0.10750000000000001,0.9869999999999999,0.48161375111559224,0.17200000000000001,0.498832892998679,0.24513186697124834,0.054496776326665566
1679,0.051500000000000004,0.0165,0.6395,0.01597029702970297,0.0235,0.14950000000000002,0.8475000000000001,0.0225,0.3238996827914354,0.178,0.0
1680,0.384,0.084,0.5719999999999998,0.03647029702970297,0.0915,0.16476813982637012,0.6068370456863136,0.085,0.33799999999999997,0.339903162055336,0.014500000000000002
1681,0.02,0.17400000000000002,0.9615,0.057850575873913915,0.14750000000000002,0.49041478060046184,0.4899205652279165,0.0225,0.8560000000000001,0.00833774834437086,0.004
1682,0.561,0.10700000000000001,0.6255,0.028500000000000004,0.0865,0.13977411477411478,0.8762577985056964,0.197,0.39649999999999996,0.325,0.01
1683,0.1515,0.16196133682830932,0.6970000000000001,0.1082858574990678,0.126,0.4280968531604229,0.3208757449551964,0.17250000000000001,0.5069161716171616,0.11183774834437085,0.011000000000000001
1684,0.31449999999999995,0.24100000000000002,0.7215,0.0595,0.086,0.7117186801280366,0.8460095462119442,0.16,0.560749504950495,0.278903162055336,0.015500000000000003
1685,0.0195,0.020999999999999998,0.4025,0.07488680908907216,0.065,0.1105,0.8564999999999999,0.0075,0.30428148313605374,0.1054904498710963,0.0
1686,0.31850000000000006,0.20447354260089687,0.704,0.0625,0.07400000000000001,0.19783557787804712,0.7895217927046463,0.1275,0.6295000000000001,0.22589326791949976,0.012
1687,0.15499999999999997,0.012000000000000002,0.5065,0.04196938775510204,0.0425,0.13310442332475905,0.9490000000000001,0.06999999999999999,0.28736666666666666,0.1475153129202568,0.011
1688,0.319,0.049429268292682925,0.646,0.03398469387755102,0.128,0.4007863516995546,0.5393246809220934,0.657,0.6615323432343235,0.17308057917230418,0.004
1689,0.133,0.2615,0.8955,0.033,0.06949999999999999,0.3330432332125896,0.4065,0.213,0.4252083333333333,0.3436995920301717,0.019987183700295764
1690,0.022,0.0295,0.5569999999999999,0.0245,0.026000000000000002,0.1643782645324347,0.5715,0.059,0.45500000000000007,0.11924091039970683,0.001
1691,0.026000000000000002,0.069,0.5870000000000001,0.025,0.057499999999999996,0.11240492141200722,0.7010000000000001,0.0445,0.285,0.03,0.0
1692,0.118,0.030000000000000006,0.5835,0.05719605491688033,0.0385,0.13,0.937240465416936,0.044500000000000005,0.254066349458102,0.20955392525451583,0.002
1693,0.1025,0.023499999999999997,0.5489999999999999,0.043425287936956956,0.069,0.1881282190570105,0.7696178707224334,0.0245,0.23525000000000004,0.16419455868663788,0.0415
1694,0.035500000000000004,0.032,0.6025,0.030914222263347828,0.014499999999999999,0.17350000000000002,0.9580122693141326,0.028000000000000004,0.33124950495049504,0.05601324503311258,0.003
1695,0.384,0.036,0.6619999999999999,0.07548969072164949,0.0645,0.192,0.6967796245037443,0.205,0.2874573432343234,0.4189979901474456,0.005
1696,0.3005,0.14150000000000001,0.665,0.05034125006228156,0.0935,0.8901301904614979,0.5900379838749411,0.082,0.507875,0.1960533610270167,0.01
1697,0.23000000000000004,0.15150000000000002,0.6824999999999999,0.032,0.08099999999999999,0.24012883030395424,0.5535948415202989,0.0675,0.6695,0.1963388704318937,0.0025
1698,0.05449999999999999,0.036,0.5385,0.027000000000000003,0.027500000000000004,0.2065,0.9145000000000001,0.10400000000000001,0.32849999999999996,0.0795,0.0
1699,0.10900000000000001,0.053000000000000005,0.5965,0.0215,0.05750000000000001,0.10282045820641295,0.859,0.051500000000000004,0.4570833333333333,0.20944687842278203,0.0075000000000000015
1700,0.053500000000000006,0.1505,0.497,0.014855646910129621,0.054000000000000006,0.17266210145977617,0.8745,0.07550000000000001,0.5250828382838284,0.20863186697124836,0.023485732934275437
1701,0.30599999999999994,0.10889121054990077,0.7165,0.11875562373376583,0.0505,0.1505,0.9325000000000001,0.1475,0.5189166666666667,0.21102744623870637,0.011472094127612392
1702,0.286,0.13547989093387863,0.635,0.04841422226334783,0.10300000000000001,0.2085,0.7134364287735089,0.0895,0.5802816753643112,0.18318529031520042,0.0465
1703,0.09,0.012,0.6435000000000001,0.04439891614089885,0.038,0.1075,0.8484999999999999,0.012,0.277332892998679,0.1398495515520537,0.002
1704,0.0475,0.076,0.6725000000000001,0.0095,0.0365,0.09485410094637224,0.6270466691757621,0.013500000000000002,0.356,0.2427485453184676,0.003
1705,0.33199999999999996,0.0625,0.653,0.018390651012003857,0.13199999999999998,0.16936996738662696,0.7692358535958873,0.119,0.5671657318634238,0.20153263077782796,0.001
1706,0.001,0.01,0.5855,0.07864782355281605,0.0235,0.1265,0.9245000000000001,0.001,0.207375,0.097,0.002
1707,0.2505,0.2265,0.764,0.05098969072164948,0.048,0.9134387844916126,0.7805051149306494,0.0905,0.48508283828382837,0.3023495515520537,0.008499999999999999
1708,0.038000000000000006,0.0045,0.7340000000000001,0.1155,0.047499999999999994,0.1455,0.9790000000000001,0.0045,0.3165,0.12199999999999997,0.003
1709,0.2665,0.047,0.7625,0.03,0.014000000000000002,0.0685,0.9325000000000001,0.046,0.4494999999999999,0.26299999999999996,0.001
1710,0.383,0.07547354260089686,0.25,0.05978843227804812,0.125,0.29898259614669065,0.6583279008554234,0.1695,0.4627495049504951,0.23550000000000004,0.004999999999999999
1711,0.2555,0.0475,0.5465,0.034143359378616275,0.119,0.14500565520122724,0.9028247490178961,0.14049999999999999,0.6245,0.18468997024012795,0.0005
1712,0.126,0.077,0.6495000000000001,0.032920353982300886,0.22299999999999995,0.09619317996115674,0.969,0.023,0.36416666666666664,0.14950000000000002,0.004998424282633937
1713,0.1915,0.038,0.6875,0.08897029702970297,0.053500000000000006,0.11927444987775063,0.9834999999999999,0.028999999999999998,0.6807490651967572,0.06633774834437087,0.001
1714,0.002,0.0005,0.5149999999999999,0.046000000000000006,0.0075,0.1675,0.953566882416397,0.0005,0.32449999999999996,0.05399999999999999,0.0
1715,0.043500000000000004,0.032999999999999995,0.5914999999999999,0.002,0.040999999999999995,0.13368913226621734,0.5806178707224335,0.0095,0.572,0.053500000000000006,0.001
1716,0.41,0.158,0.592,0.09868594657172428,0.21150000000000002,0.3186072091092909,0.7641786295424551,0.1295,0.41012369369595936,0.20340396039603964,0.0245
1717,0.11549999999999998,0.05800000000000001,0.558,0.12093174764509718,0.031,0.07546358214396796,0.9050668824163969,0.1315,0.5667818481848185,0.1605345061458862,0.0015
1718,0.035500000000000004,0.0395,0.563,0.04127426103045372,0.0005,0.13599999999999998,0.9195,0.0045,0.48603192288979163,0.10134421703089536,0.0005
1719,0.16699999999999998,0.0155,0.5455000000000001,0.016,0.06499999999999999,0.08624469889379016,0.857,0.05500000000000001,0.5285,0.24728525992861142,0.0015
1720,0.3805,0.046,0.5964999999999999,0.051500000000000004,0.081,0.09898585842158877,0.7455296024028932,0.0795,0.5193323432343235,0.20493098591549294,0.002
1721,0.38899999999999996,0.26949999999999996,0.7324999999999999,0.0645,0.05650000000000001,0.15673606368094212,0.8006848652898508,0.18,0.619,0.28644687842278205,0.0205
1722,0.1055,0.08449999999999999,0.6165,0.04892315379760152,0.03,0.0925,0.946,0.029000000000000005,0.3869578935795955,0.13886292870447678,0.002
1723,0.2285,0.06,0.5359999999999999,0.018500000000000003,0.10100000000000002,0.20198202938364881,0.0932359657469077,0.133,0.63725,0.15979594104877143,0.004
1724,0.026000000000000002,0.006,0.5515,0.05550000000000001,0.014499999999999999,0.131,0.97,0.0034999999999999996,0.2313333333333333,0.1353079207920792,0.013500000000000002
1725,0.3775,0.049,0.661,0.066,0.0665,0.23362458587310914,0.9485000000000001,0.11299999999999999,0.48232452494061756,0.25338850989755846,0.0185
1726,0.24000000000000005,0.225,0.7515000000000001,0.041,0.046,0.5801320228866442,0.8546848652898509,0.1285,0.4885,0.36684014634228185,0.0069935918501478804
1727,0.0315,0.033999999999999996,0.6904999999999999,0.011321673896598852,0.086,0.16980551381105924,0.4528367424668482,0.11399999999999999,0.5868333333333334,0.061131502909779714,0.0075
1728,0.45,0.075,0.6505,0.07848469387755103,0.10300000000000001,0.16577383863080686,0.9316848652898508,0.185,0.5733333333333334,0.21264519454256564,0.0105
1729,0.10400000000000001,0.0725,0.5215000000000001,0.0335,0.11000000000000001,0.17905852700785432,0.0485,0.07450000000000001,0.66075,0.17328114534612987,0.005975178665461822
1730,0.372,0.042499999999999996,0.6325000000000001,0.009000000000000001,0.0995,0.15273172920541345,0.8631179828734539,0.24050000000000002,0.51325,0.297946878422782,0.003
1731,0.196,0.0805,0.7369999999999999,0.02792372321344284,0.1085,0.316896877966924,0.7977911461607127,0.098,0.571747759473633,0.25235140419080854,0.006499999999999999
1732,0.153,0.020999999999999998,0.47050000000000003,0.041,0.0435,0.13,0.8230000000000001,0.0165,0.3125,0.353,0.0
1733,0.184,0.066,0.6015,0.038959987751352454,0.073,0.0485,0.9935,0.0385,0.46625000000000005,0.15720027317717217,0.0125
1734,0.174,0.036000000000000004,0.6135,0.064,0.07749999999999999,0.099,0.5732517477062478,0.0505,0.5346656765676567,0.18534905171278876,0.0
1735,0.0935,0.055999999999999994,0.6190000000000001,0.046000000000000006,0.020499999999999997,0.1619023304946018,0.862462719986496,0.0365,0.5157486254430192,0.15622923500813343,0.002
1736,0.0875,0.10700000000000001,0.546,0.0025,0.099,0.12445178110748309,0.808,0.08049999999999999,0.363,0.33100000000000007,0.003
1737,0.1545,0.10698021828103683,0.7434999999999999,0.036341250062281574,0.1085,0.6640431945557242,0.4839387150786731,0.07300000000000001,0.596249504950495,0.1542540008741576,0.018500000000000003
1738,0.37249999999999994,0.15750000000000003,0.643,0.05647029702970298,0.12899999999999998,0.12067678370887587,0.8921179828734538,0.11500000000000002,0.587749504950495,0.17540316205533596,0.01
1739,0.072,0.014000000000000002,0.6705,0.0155,0.016499999999999997,0.125,0.9420000000000002,0.0635,0.5085000000000001,0.0455,0.0035000000000000005
1740,0.199,0.023,0.6859999999999999,0.0155,0.0325,0.15640394281783196,0.9495000000000001,0.029000000000000005,0.3625,0.16299999999999998,0.002
1741,0.5029999999999999,0.0335,0.39649999999999996,0.017,0.057499999999999996,0.05072360557768925,0.853,0.1405,0.40750000000000003,0.292,0.0
1742,0.08800000000000001,0.06899999999999999,0.828,0.006,0.0825,0.21908080611982764,0.3343539486203616,0.063,0.572,0.062,0.0
1743,0.45999999999999996,0.0705,0.6495,0.022420353982300883,0.10350000000000001,0.15296326400727123,0.9621337648327939,0.1275,0.5690000000000001,0.129,0.0225
1744,0.013500000000000002,0.021500000000000002,0.514,0.029500000000000005,0.024999999999999998,0.1065,0.9265000000000001,0.0815,0.21675,0.20374170874041048,0.0015
1745,0.0125,0.027500000000000004,0.42800000000000005,0.0361654166187822,0.032499999999999994,0.16618913226621734,0.632,0.020999999999999998,0.4562565515934766,0.12709575936226378,0.0015
1746,0.1405,0.1288648341948733,0.7775000000000001,0.034499999999999996,0.0925,0.24156534589190218,0.7742806455086215,0.1105,0.4044161716171617,0.1257373100261649,0.004999999999999999
1747,0.40700000000000003,0.1555,0.647,0.02448469387755102,0.077,0.18212298249320638,0.6975,0.1625,0.3516,0.2732409103997068,0.012
1748,0.3355,0.1095,0.6155,0.025470297029702972,0.0885,0.11527411477411478,0.7294735510119693,0.17950000000000002,0.3745,0.42343159379407613,0.0075000000000000015
1749,0.0055000000000000005,0.033,0.6054999999999999,0.029000000000000005,0.013500000000000002,0.2348782645324347,0.795,0.0045,0.4205,0.08690316205533596,0.0
1750,0.08549999999999999,0.043,0.4585,0.017,0.015000000000000003,0.13599999999999998,0.8700000000000001,0.013000000000000001,0.38649999999999995,0.30100000000000005,0.0005
1751,0.06699999999999999,0.026000000000000002,0.556,0.006500000000000001,0.0225,0.163,0.885,0.0125,0.3232083333333334,0.2259039603960396,0.0
1752,0.07050000000000001,0.16088032092676569,0.7795,0.008,0.078,0.28505446482712193,0.3275,0.202,0.41633333333333333,0.18790316205533597,0.001
1753,0.1715,0.083,0.7625,0.04435481632275377,0.0675,0.24814578715332383,0.8008675189687711,0.121,0.642931146690235,0.07465094671588327,0.0085
1754,0.31500000000000006,0.1489798909338787,0.644,0.08547029702970296,0.11800000000000002,0.18340266559823765,0.7476273448628084,0.09,0.5491570470194153,0.2162220049253442,0.0385
1755,0.4795,0.084,0.6005,0.08198969072164948,0.08050000000000002,0.15885410094637226,0.942617982873454,0.21400000000000002,0.6017495049504951,0.19879691890090007,0.012
1756,0.345,0.065,0.71,0.053227293437213594,0.11000000000000001,0.18059746440736663,0.9540000000000001,0.064,0.5200823979491741,0.12064107996008408,0.006500000000000001
1757,0.27249999999999996,0.08299999999999999,0.5980000000000001,0.11592528793695696,0.062,0.1962744498777506,0.9094999999999999,0.045000000000000005,0.3756152562231249,0.11483329277969381,0.017
1758,0.22200000000000003,0.09144183319109651,0.45549999999999996,0.356,0.149,0.2455619279074459,0.9215,0.0945,0.5657495049504951,0.14633887043189367,0.007000000000000001
1759,0.5435,0.174,0.6925,0.023,0.07200000000000001,0.1385445747555952,0.739566882416397,0.2405,0.3968746283448959,0.38649999999999995,0.006
1760,0.546,0.063,0.6345,0.05500000000000001,0.05500000000000001,0.1505,0.8545,0.08449999999999999,0.3948333333333333,0.194,0.004
1761,0.1835,0.0375,0.633,0.047,0.081,0.0961888141295206,0.9255290874970677,0.048,0.3315,0.1915,0.023
1762,0.004,0.0395,0.6609999999999999,0.028499999999999998,0.0195,0.18635410094637225,0.9246179828734539,0.009500000000000001,0.32141622691292876,0.051500000000000004,0.001
1763,0.1915,0.038,0.6875,0.08897029702970297,0.053500000000000006,0.11927444987775063,0.9834999999999999,0.028999999999999998,0.6807490651967572,0.06633774834437087,0.001
1764,0.02,0.013999999999999999,0.6295,0.026500000000000003,0.0055,0.14977444987775063,0.9490000000000001,0.0095,0.3745,0.0615,0.0
1765,0.3295,0.2435,0.7670000000000001,0.11576903858610159,0.1035,0.47953240483759263,0.4938630956638389,0.2925,0.4642496290801187,0.18990316205533597,0.0185
1766,0.142,0.017,0.597,0.0385,0.018,0.14250000000000002,0.8424999999999999,0.02,0.4535,0.2525,0.0
1767,0.0335,0.014000000000000002,0.5755000000000001,0.03950000000000001,0.025,0.1125,0.9445,0.013000000000000001,0.22349999999999998,0.14890396039603962,0.001
1768,0.0455,0.032,0.5595,0.05700000000000001,0.020999999999999998,0.118,0.9269999999999999,0.005,0.22276635021097047,0.10238737787686054,0.007000000000000001
1769,0.094,0.028999999999999998,0.7265,0.03998469387755101,0.067,0.1556892304782125,0.9015000000000001,0.014499999999999999,0.376,0.0505,0.004
1770,0.384,0.036,0.6619999999999999,0.07548969072164949,0.0645,0.192,0.6967796245037443,0.205,0.2874573432343234,0.4189979901474456,0.005
1771,0.002,0.037,0.47850000000000004,0.013499999999999998,0.0245,0.1145,0.873153821023743,0.17149999999999999,0.25874950495049504,0.078,0.0005
1772,0.1825,0.0635,0.553,0.06715216322394592,0.052500000000000005,0.10035410094637223,0.8157874009085896,0.0935,0.5045490298911126,0.18161988505596402,0.0035000000000000005
1773,0.23850000000000002,0.11738522134274501,0.538,0.025500000000000002,0.1165,0.26536368104705343,0.121,0.18,0.6168661916072843,0.16839326791949977,0.006993593955321944
1774,0.1495,0.04,0.6425,0.120439684784805,0.0925,0.17346144876444677,0.8835000000000001,0.025500000000000002,0.5935,0.14300000000000002,0.001
1775,0.7225,0.13099999999999998,0.7935,0.06138860686254834,0.091,0.3912365055934738,0.09369076923076922,0.098,0.4549657508961961,0.37941852689812083,0.015
1776,0.10350000000000001,0.13399999999999998,0.7449999999999999,0.05499999999999999,0.071,0.092,0.7478619437028855,0.12349999999999998,0.555875,0.27349999999999997,0.041487349983782035
1777,0.19449999999999998,0.16950000000000004,0.7625,0.04597029702970297,0.11850000000000001,0.28441273784390664,0.5578752736967217,0.07450000000000001,0.5065000000000001,0.12490396039603961,0.0115
1778,0.0055,0.046,0.47000000000000003,0.06547029702970297,0.010499999999999999,0.129,0.617066882416397,0.001,0.28199956024626205,0.07562207563373016,0.001
1779,0.3,0.07849999999999999,0.3915,0.19541751591623155,0.0675,0.279756431440974,0.651381832178599,0.02,0.2280828382838284,0.224208848900539,0.0015
1780,0.003,0.0155,0.42750000000000005,0.011,0.03149999999999999,0.16668913226621734,0.5346178707224334,0.001,0.26949999999999996,0.05800000000000001,0.0
1781,0.012,0.0345,0.4734999999999999,0.008,0.0075000000000000015,0.189,0.6815358381502892,0.011,0.4664995049504951,0.045000000000000005,0.0005
1782,0.0125,0.022,0.4455,0.017,0.045,0.15650000000000003,0.71928263492267,0.014500000000000002,0.49050000000000005,0.098,0.0
1783,0.0375,0.011000000000000001,0.4835,0.07849999999999999,0.013500000000000002,0.09849999999999999,0.7715,0.025500000000000002,0.39049999999999996,0.11752286175743283,0.002
1784,0.12,0.023,0.5660000000000001,0.020999999999999998,0.028499999999999998,0.1346708546530719,0.805,0.005,0.333,0.1843388704318937,0.0095
1785,0.038,0.03593548485811471,0.4455,0.0175,0.13799999999999998,0.24368913226621736,0.46145786442822434,0.016,0.891,0.026500000000000003,0.0015
1786,0.34299999999999997,0.086,0.5509999999999999,0.16397029702970298,0.09549999999999999,0.2550204220946616,0.6521519275179103,0.0685,0.271,0.08646293494704993,0.0085
1787,0.43,0.20750000000000002,0.696,0.05989065101200386,0.11099999999999999,0.16059059233750655,0.5331179828734538,0.189,0.48355,0.36840316205533596,0.0025
1788,0.14350000000000002,0.1015,0.592,0.0195,0.142,0.21890968907924213,0.7045,0.0595,0.5764990099009901,0.2512905982905983,0.008
1789,0.43100000000000005,0.2185,0.7095,0.015000000000000003,0.0455,0.17561179259540297,0.608,0.1055,0.34279166666666666,0.48546293494704995,0.003
1790,0.5425000000000001,0.177,0.7825,0.05787538294645792,0.16799999999999998,0.2925482885085575,0.7315,0.11750000000000001,0.5807495049504952,0.18155583294908828,0.0105
1791,0.0605,0.028000000000000004,0.691,0.01685029702970297,0.062,0.11699999999999999,0.608,0.037,0.6541,0.05933887043189369,0.0005
1792,0.365,0.22400000000000003,0.373,0.139,0.05600000000000001,0.11777411477411479,0.6544672196565245,0.0115,0.7370000000000001,0.10933774834437086,0.001
1793,0.29050000000000004,0.06777553162641015,0.3185,0.05900000000000001,0.076,0.22465306329276252,0.946,0.05950000000000001,0.515332892998679,0.22227040784123173,0.008
1794,0.051500000000000004,0.024,0.4625,0.0155,0.043,0.14,0.6832826349226698,0.012500000000000002,0.27216666666666667,0.064,0.0
1795,0.2314139951740779,0.131,0.776,0.07236921317060183,0.12050000000000001,0.48746324704033217,0.4517057189023766,0.173,0.264457892998679,0.531403162055336,0.0105
1796,0.0715,0.1305,0.6265000000000001,0.05887936956961002,0.13299999999999998,0.5640908171900764,0.5190853367503875,0.101,0.3145,0.0465,0.006
1797,0.019,0.017499999999999998,0.5015,0.060329200921954276,0.02,0.13814400256574727,0.9705,0.0175,0.31372468354430383,0.07798927045461328,0.0
1798,0.026975304365040087,0.0215,0.6144999999999999,0.00997029702970297,0.018,0.11549999999999998,0.709,0.0095,0.41100000000000003,0.024,0.0
1799,0.0,0.043000000000000003,0.48100000000000004,0.05847029702970297,0.004,0.1345,0.658,0.0,0.2854995602462621,0.055403960396039606,0.0005
1800,0.264,0.14100000000000001,0.6020000000000001,0.05144392523364486,0.12699999999999997,0.3424038876573251,0.7881522524680321,0.16999999999999998,0.595082397949174,0.27264063876871625,0.011997846255798542
1801,0.1645,0.029480218281036835,0.5055,0.07881969600098844,0.0305,0.15025152981173492,0.8960000000000001,0.0935,0.6581162269129288,0.18817321945376148,0.0
1802,0.041999999999999996,0.1559238845144357,0.8494999999999999,0.011489690721649484,0.051500000000000004,0.22531927579023198,0.692,0.4215,0.4237069028996691,0.34336609700238585,0.0005
1803,0.213,0.12588031083344337,0.6184999999999999,0.06748469387755102,0.0495,0.3308210699850559,0.4304252586352174,0.17950000000000002,0.39425,0.19427046422596983,0.009
1804,0.0485,0.11096194225721785,0.633,0.035459078476751525,0.0185,0.1332741147741148,0.7525853700516352,0.089,0.45975,0.233,0.0025
1805,0.2395,0.22799999999999998,0.6970000000000001,0.030999999999999993,0.0815,0.564285465372426,0.8099999999999999,0.131,0.5382499999999999,0.3084463894967177,0.028500000000000004
1806,0.08600000000000001,0.0485,0.624,0.01598469387755102,0.0675,0.1115,0.8360000000000001,0.027500000000000004,0.39591622691292877,0.15144687842278204,0.0019906923579359895
1807,0.16499999999999998,0.0455,0.7969999999999999,0.07394392523364485,0.08249999999999999,0.0875,0.9369999999999999,0.042499999999999996,0.3731666666666666,0.11099999999999999,0.003999999999999999
1808,0.015000000000000003,0.018000000000000002,0.5309999999999999,0.02092035398230089,0.0885,0.19383313483196463,0.027500000000000004,0.0115,0.7283333333333334,0.042446389496717724,0.0025
1809,0.0015,0.01,0.7175,0.031,0.0034999999999999996,0.22540266559823766,0.9265000000000001,0.0,0.37266666666666665,0.0615,0.0
1810,0.323,0.1315,0.737,0.03067750826381681,0.1495,0.1642082018927445,0.8720000000000001,0.1085,0.610999504950495,0.20630712245137559,0.008
1811,0.315,0.0195,0.4715,0.13573091760756725,0.035,0.0905,0.9259999999999999,0.08099999999999999,0.4498492437905659,0.18905990716165824,0.0015
1812,0.09897531413871573,0.1473798857503187,0.834,0.031,0.1365,0.3044632470403321,0.4249109341100431,0.05399999999999999,0.7120828382838285,0.08583887043189369,0.0095
1813,0.2165,0.1295,0.6789999999999999,0.046472025959072585,0.0775,0.3795532593001735,0.21906005974297096,0.2265,0.36383289299867905,0.19,0.01
1814,0.2145,0.166,0.72,0.101937177051062,0.124,0.46624859619357883,0.40789945763615354,0.0985,0.487125,0.10592760140369846,0.0055
1815,0.6114999999999999,0.08499999999999999,0.7965000000000001,0.019139657646211075,0.1835,0.2558188381415462,0.925,0.0475,0.6411071501553824,0.19907644912843175,0.0045
1816,0.6279999999999999,0.082,0.65,0.03017762362180394,0.1115,0.1675,0.9485000000000001,0.1975,0.4751571360363764,0.32229457564159614,0.0125
1817,0.40049999999999997,0.14899999999999997,0.5279999999999999,0.03584972948875538,0.1035,0.158854732306891,0.9324999999999999,0.2415,0.4332156961813456,0.22599999999999998,0.21600000000000003
1818,0.028999999999999998,0.033999999999999996,0.627,0.02,0.0505,0.1312744498777506,0.9045,0.05700000000000001,0.47383333333333333,0.0905,0.0195
1819,0.24,0.10700000000000001,0.7445,0.03544059405940594,0.15550000000000003,0.9400000000000001,0.6099913511095897,0.098,0.5497073432343234,0.13799672454137343,0.015
1820,0.5805,0.0055,0.48200000000000004,0.0325,0.0675,0.12790205435129387,0.8644999999999999,0.184,0.25133333333333335,0.2325,0.0035000000000000005
1821,0.40099999999999997,0.06090520057348394,0.6315,0.025,0.0935,0.21871428768267026,0.9296909160892994,0.063,0.5967499999999999,0.2477696095005281,0.004999999999999999
1822,0.091,0.034499999999999996,0.5565,0.05235217216411907,0.028500000000000004,0.13810693146938266,0.9449313815062353,0.052500000000000005,0.3749490298911126,0.22456200770455242,0.0055
1823,0.352,0.0885,0.46399999999999997,0.1314019994258809,0.14550000000000002,0.147128215720487,0.9295,0.08750000000000001,0.426582397949174,0.17270743411753053,0.007000000000000001
1824,0.1335,0.064,0.266,0.11530169812784638,0.0625,0.2913170298500076,0.6657625923898776,0.096,0.20425,0.1464463894967177,0.014000000000000002
1825,0.14750000000000002,0.05500000000000001,0.6379999999999999,0.05796938775510204,0.088,0.11422360557768925,0.877980930833872,0.08499999999999999,0.5515996835443038,0.11655416136164372,0.006
1826,0.271,0.1295,0.578,0.09913590257797678,0.17099999999999999,0.17907883040598893,0.781566882416397,0.11000000000000001,0.5745,0.20099999999999998,0.031
1827,0.006,0.016,0.6439999999999999,0.0759133129887469,0.011,0.11127444987775062,0.907,0.0,0.42666666666666664,0.08333887043189368,0.006500000000000001
1828,0.386,0.13218910782356874,0.6900000000000001,0.07247029702970295,0.096,0.3999329180940328,0.6361337648327939,0.17800000000000002,0.5536662269129288,0.2659164919795855,0.015000000000000003
1829,0.0435,0.014500000000000002,0.517,0.0825,0.0485,0.06218881412952061,0.9505000000000001,0.004,0.3655,0.1665,0.006500000000000001
1830,0.0605,0.0034999999999999996,0.566,0.0445,0.014499999999999999,0.10422360557768924,0.991,0.018500000000000003,0.35716622691292876,0.13996328538985617,0.0055
1831,0.37,0.15499999999999997,0.6859999999999999,0.04044392523364486,0.1055,0.23361007498290426,0.9283088989627533,0.078,0.23874999999999996,0.13394638949671772,0.0125
1832,0.4285,0.09148021828103683,0.644,0.0315,0.08249999999999999,0.22725481443292495,0.8076538210237428,0.1115,0.545,0.1425,0.0165
1833,0.24349999999999997,0.0215,0.728,0.027470297029702974,0.0815,0.15067678037235238,0.9865,0.058499999999999996,0.5269999999999999,0.15870138949671772,0.0015
1834,0.0625,0.011500000000000002,0.5810000000000001,0.0235,0.029000000000000005,0.15296324704033212,0.7394999999999999,0.124,0.374,0.1305,0.0
1835,0.425,0.08398663594470045,0.645,0.0415,0.11299999999999999,0.13087403980797943,0.703240465416936,0.24949999999999997,0.49149999999999994,0.251,0.0175
1836,0.6865,0.0305,0.5455,0.025500000000000002,0.016999999999999998,0.11349999999999998,0.866,0.4125,0.42700000000000005,0.36849999999999994,0.006
1837,0.35050000000000003,0.20347396768402154,0.6980000000000001,0.050773882550857755,0.0955,0.9781665972915974,0.5216527893025369,0.183,0.5353328929986791,0.24463186697124834,0.0485
1838,0.0845,0.07148021828103683,0.7105,0.013470297029702972,0.08349999999999999,0.17563761788985546,0.7555,0.0375,0.533,0.1525,0.003
1839,0.346,0.1115,0.667,0.01147029702970297,0.089,0.06277383863080685,0.8394999999999999,0.10400000000000001,0.355,0.3055,0.0055
1840,0.372,0.0595,0.672,0.026489690721649483,0.1795,0.15023769691808272,0.9095668824163969,0.039,0.40249906461584073,0.10573262727745773,0.031
1841,0.3345000000000001,0.22596194225721783,0.6629999999999999,0.09594392523364485,0.0695,0.13112942715867096,0.8431846803419036,0.20350000000000001,0.5675,0.33089326791949975,0.016
1842,0.09897531413871573,0.1473798857503187,0.834,0.031,0.1365,0.3044632470403321,0.4249109341100431,0.05399999999999999,0.7120828382838285,0.08583887043189369,0.0095
1843,0.1275,0.0405,0.5765,0.09297029702970297,0.01,0.14327411477411478,0.9535,0.0325,0.3365,0.21099554443532295,0.002
1844,0.2645,0.2079613368283093,0.7675000000000001,0.06838361001844986,0.0915,0.23135499424785944,0.5006655781254499,0.14650000000000002,0.5160833333333333,0.25986756756756757,0.0345
1845,0.5644753043650402,0.08292926829268292,0.75,0.04348969072164948,0.119,0.2206165186556718,0.935114695666666,0.055499999999999994,0.6194162269129289,0.10114143710941995,0.0225
1846,0.47599999999999987,0.043000000000000003,0.7005000000000001,0.03247029702970297,0.079,0.10919172747424126,0.8775000000000001,0.325,0.37624950495049503,0.205,0.003
1847,0.049,0.09200000000000001,0.623,0.07698469387755101,0.063,0.12300000000000003,0.5904999999999999,0.0505,0.6183333333333332,0.081,0.0005
1848,0.36347531413871575,0.1335,0.7205,0.025500000000000002,0.083,0.33702123797509265,0.7783539486203616,0.08499999999999999,0.5559999999999999,0.29500000000000004,0.005
1849,0.008,0.0195,0.5875,0.03350000000000001,0.034,0.1275,0.9724999999999999,0.0095,0.29183333333333333,0.11180792079207921,0.013500000000000002
1850,0.4035,0.10400000000000001,0.7205,0.03250000000000001,0.0815,0.2688072205670392,0.8785000000000001,0.16699999999999998,0.45033333333333336,0.2975,0.025
1851,0.28400000000000003,0.081,0.6375,0.0567952575028174,0.092,0.05049999999999999,0.4251907692307692,0.1115,0.654875,0.09430068329142079,0.0105
1852,0.46349999999999997,0.0895,0.599,0.04969457004602527,0.0805,0.10181710301267503,0.7657359657469077,0.1855,0.6029157318634237,0.31554119384887336,0.0105
1853,0.053000000000000005,0.015500000000000003,0.506,0.05996116504854369,0.052000000000000005,0.1295,0.8565000000000002,0.0055,0.227,0.12285034989275731,0.0085
1854,0.019,0.0185,0.5994999999999999,0.0455,0.011,0.09714400256574728,0.9285,0.004,0.44716666666666666,0.07963497665991023,0.0
1855,0.177,0.0325,0.5965,0.018470297029702973,0.0335,0.1289195396395208,0.7277517477062478,0.0945,0.5556657318634238,0.28300000000000003,0.002
1856,0.3075,0.047,0.4694999999999999,0.030920353982300884,0.079,0.085,0.8768447371130422,0.14699999999999996,0.47419952494061757,0.2995,0.0425
1857,0.0095,0.01,0.5095000000000001,0.11584207138864952,0.051000000000000004,0.11099999999999999,0.8399999999999999,0.0025,0.1755,0.08535034989275733,0.0085
1858,0.0005,0.009,0.5050000000000001,0.1015,0.008499999999999999,0.11699999999999999,0.9,0.002,0.258,0.07530792079207921,0.0025
1859,0.14650000000000002,0.07398663594470047,0.6084999999999999,0.13741422226334782,0.09,0.23272360557768926,0.9003584482903898,0.0405,0.44849999999999995,0.12944638949671775,0.006500000000000001
1860,0.009,0.0085,0.6765000000000001,0.043000000000000003,0.0225,0.095,0.8685,0.0035000000000000005,0.267,0.087,0.0015
1861,0.36750000000000005,0.199,0.7304999999999999,0.056834576245648714,0.14100000000000001,0.8585,0.5927517477062478,0.20750000000000002,0.4462499999999999,0.24880712245137557,0.0175
1862,0.19949999999999998,0.0345,0.5055,0.0195,0.08549999999999999,0.09604265313492442,0.771,0.1285,0.4445,0.251,0.013487666342096721
1863,0.014500000000000002,0.018,0.5690000000000001,0.053000000000000005,0.013500000000000002,0.16718913226621737,0.9810000000000001,0.0035000000000000005,0.2948496835443038,0.07574170874041046,0.0
1864,0.4205,0.033,0.556,0.13988118811881187,0.10600000000000001,0.181,0.5865,0.147,0.5447907318634239,0.0939039603960396,0.0045
1865,0.010499999999999999,0.06596194225721785,0.6275000000000001,0.031000000000000007,0.036500000000000005,0.1495,0.942,0.005999999999999999,0.29450000000000004,0.092,0.0064983829504934075
1866,0.0055000000000000005,0.017499999999999998,0.44699999999999995,0.0465,0.0185,0.1275,0.9165000000000001,0.0095,0.3355996835443038,0.07317549668874172,0.0005
1867,0.35550000000000004,0.2053198734136752,0.732,0.1772152577502648,0.1795,0.48935212558603497,0.43483039529378936,0.23000000000000004,0.5129161716171617,0.2715,0.0665
1868,0.3585,0.07550000000000001,0.6300000000000001,0.0214133129887469,0.0945,0.16640260997443318,0.8161848652898509,0.0225,0.46191573186342383,0.033403162055335965,0.003
1869,0.4505,0.30700000000000005,0.6729999999999999,0.079,0.062,0.27427912544172856,0.7423914164799602,0.19449999999999998,0.29500000000000004,0.5584999999999999,0.023496858465608467
1870,0.06799999999999999,0.1135,0.784,0.026000000000000002,0.05149999999999999,0.1782898675700687,0.6261179828734538,0.09849999999999999,0.6502916666666667,0.09071644689514322,0.008
1871,0.25999999999999995,0.054000000000000006,0.701,0.029870448991801836,0.0915,0.11431702985000762,0.8739999999999999,0.023,0.45704117161716173,0.05878525992861141,0.0025
1872,0.05900000000000001,0.0045,0.41150000000000003,0.11313978082783849,0.038000000000000006,0.12585410094637223,0.8545,0.0035000000000000005,0.24251635021097048,0.08197211611184815,0.029000000000000005
1873,0.4279753043650401,0.10400000000000001,0.6174999999999999,0.054825113352456746,0.09849999999999999,0.2975,0.8672792793271483,0.053000000000000005,0.4715818481848185,0.18320118871157898,0.025
1874,0.07150000000000001,0.054000000000000006,0.5155000000000001,0.0195,0.069,0.1543176830903402,0.06419091608929947,0.043000000000000003,0.6750833333333334,0.09771685372268757,0.001
1875,0.028000000000000004,0.0,0.6335,0.047,0.0035000000000000005,0.1735,0.9125,0.016,0.2845,0.06790316205533597,0.002
1876,0.0015,0.0045,0.6505,0.03,0.009500000000000001,0.21890266559823762,0.829,0.002,0.37766666666666665,0.05700000000000001,0.0
1877,0.2375,0.0455,0.5715,0.028470297029702975,0.048,0.1065,0.9276179828734538,0.10149999999999999,0.5496666666666667,0.21844687842278204,0.005
1878,0.006,0.05950000000000001,0.5435000000000001,0.016999999999999998,0.036,0.15,0.7035,0.0085,0.45099999999999996,0.0805,0.0045
1879,0.034499999999999996,0.0075000000000000015,0.6285000000000001,0.0325,0.007000000000000001,0.1295,0.9629999999999999,0.0125,0.337,0.1365,0.0045
1880,0.133,0.0425,0.7224999999999999,0.04191422226334783,0.089,0.1005,0.8031909160892996,0.0205,0.48483333333333334,0.15047954356443338,0.0045
1881,0.311,0.063,0.5525,0.0055,0.0235,0.09368855218855218,0.9095000000000001,0.2065,0.5525,0.2185,0.001
1882,0.58,0.05450360824518037,0.7715,0.02397029702970297,0.1795,0.22661623293377414,0.9695,0.034,0.6052500000000001,0.20890316205533596,0.001
1883,0.1765,0.10049999999999999,0.7395000000000002,0.13,0.07749999999999999,0.19418913226621734,0.19811787072243345,0.061,0.31900000000000006,0.0819039603960396,0.0
1884,0.1335,0.11749999999999998,0.7,0.0425,0.10700000000000001,0.23508161478369988,0.7746179828734538,0.08600000000000001,0.5535,0.11933887043189369,0.0115
1885,0.11100000000000002,0.0965,0.8515,0.025500000000000002,0.0885,0.23864547315707574,0.7144999999999999,0.21149999999999997,0.6097073979491741,0.27517321945376144,0.0015
1886,0.14049999999999999,0.03,0.5725,0.1115,0.0325,0.101,0.9515,0.05,0.3975000000000001,0.12025400087415763,0.0045
1887,0.006,0.0055,0.533,0.02897029702970297,0.006,0.1715,0.8190000000000002,0.004,0.37449999999999994,0.11090316205533597,0.0005
1888,0.2915,0.0495,0.6485,0.08038534988042664,0.10750000000000001,0.063,0.9745000000000001,0.020999999999999998,0.42349999999999993,0.14750000000000002,0.009492180444316486
1889,0.024,0.017,0.579,0.03794059405940594,0.030500000000000006,0.09177444987775062,0.9414999999999999,0.3515,0.5195000000000001,0.04440316205533597,0.0005
1890,0.43499999999999994,0.131,0.6955,0.0691707552717146,0.1345,0.3849377666821926,0.4467622883222081,0.07350000000000001,0.6359999999999999,0.09777172574097281,0.0095
1891,0.30599999999999994,0.22137005703537876,0.784,0.059914222263347826,0.12350000000000001,0.3618543804262036,0.5633423754310378,0.1125,0.6187990099009901,0.17319376034593426,0.02049375616168255
1892,0.2445,0.2225,0.7175,0.073,0.1045,0.3347032284106094,0.705492775743059,0.181,0.564,0.22723747671338032,0.0205
1893,0.07447531413871575,0.025,0.8859999999999999,0.014000000000000002,0.1015,0.2169593325932308,0.40335530912896483,0.0375,0.8580000000000002,0.041403162055335965,0.0029873458792991567
1894,0.39,0.1465,0.537,0.046450095009500945,0.126,0.03150000000000001,0.7299267696851868,0.192,0.4884060569204053,0.308099033694483,0.038
1895,0.2995,0.159,0.682,0.06236536054264763,0.0375,0.778392065344224,0.895617982873454,0.1395,0.5922833333333334,0.2567470727881385,0.0045
1896,0.0405,0.0045,0.5615,0.018484693877551018,0.0165,0.1125,0.9209999999999999,0.011,0.29816666666666664,0.076,0.0055
1897,0.24850000000000003,0.14700000000000002,0.635,0.04433698001904784,0.0725,0.23378028022686323,0.41411787072243345,0.19049999999999997,0.40564968279143543,0.18580792079207922,0.0015
1898,0.45,0.008,0.5895,0.013984693877551019,0.06999999999999999,0.062,0.887617982873454,0.044,0.396,0.10440316205533598,0.0015
1899,0.19049999999999997,0.0675,0.8724999999999999,0.0235,0.12300000000000003,0.21795665158486455,0.15361798287345385,0.0835,0.867,0.12943159379407615,0.011497901248205013
1900,0.6275000000000001,0.031000000000000007,0.508,0.063,0.0655,0.10077183512591878,0.9219999999999999,0.09150000000000001,0.4634161716171617,0.18668970925071532,0.0075
1901,0.006500000000000001,0.008,0.5605,0.0435,0.025500000000000002,0.134,0.9810000000000001,0.013000000000000001,0.38049950495049506,0.09448341748082092,0.0045
1902,0.2285,0.10488987192140493,0.5549999999999999,0.07689891614089886,0.0475,0.13252336420802618,0.7928584482903898,0.10300000000000001,0.341449504950495,0.14329184549356225,0.002
1903,0.0385,0.03899999999999999,0.46399999999999997,0.023484693877551022,0.02,0.17250000000000001,0.877,0.0155,0.4370828935795954,0.10983774834437088,0.004
1904,0.501,0.024,0.437,0.020999999999999998,0.05850000000000001,0.06772360557768925,0.896307347833333,0.141,0.449,0.35,0.0015
1905,0.064,0.0465,0.49849999999999994,0.018984693877551022,0.0245,0.18727198978980666,0.8574999999999999,0.016999999999999998,0.311,0.095,0.0005
1906,0.089,0.0753330437409973,0.6855,0.0245,0.0765,0.2806891322662174,0.2843537636724144,0.1365,0.462249504950495,0.12149999999999998,0.009000000000000001
1907,0.22799999999999998,0.1325,0.695,0.07089402024314581,0.146,0.6399999999999999,0.4955347279410075,0.14,0.5137495049504951,0.1824226326439315,0.011
1908,0.1885,0.3185149088139733,0.732,0.05700000000000001,0.082,0.11446292890363538,0.8699999999999999,0.0415,0.72075,0.09144638949671773,0.004973395119865801
1909,0.145,0.07649999999999998,0.6705,0.05370713205864447,0.123,0.14205471313767473,0.9175853700516352,0.0685,0.5421328929986791,0.26661761013220736,0.010495820041799584
1910,0.39,0.07799999999999999,0.65,0.014000000000000002,0.0915,0.1065,0.8960000000000001,0.124,0.39649999999999996,0.2085,0.009
1911,0.568,0.0985,0.7195,0.05089065101200385,0.079,0.26286034430765326,0.9065,0.152,0.5030406765676567,0.15899999999999997,0.004999999999999999
1912,0.40750000000000003,0.32199999999999995,0.6155,0.08424550539166066,0.097,0.2712626138606616,0.609,0.1705,0.5285,0.27677046422596985,0.009999999999999998
1913,0.0905,0.0185,0.624,0.022,0.0375,0.13014400256574726,0.917,0.0195,0.402,0.325,0.006
1914,0.0395,0.0195,0.609,0.0325,0.0125,0.151,0.8219999999999998,0.008,0.392,0.0495,0.0
1915,0.1265,0.0455,0.7244999999999999,0.0205,0.20249999999999999,0.12333255475429947,0.5395,0.0335,0.5895,0.2915,0.029000000000000005
1916,0.15947531413871574,0.259,0.7665000000000001,0.064,0.064,0.3407454371476835,0.5794013822291731,0.20600000000000002,0.44375,0.276903162055336,0.009499999999999998
1917,0.15699999999999997,0.0405,0.5245,0.04448469387755102,0.127,0.11449999999999998,0.8160000000000001,0.0955,0.6622083333333333,0.15356628632222238,0.0035000000000000005
1918,0.013500000000000002,0.025500000000000002,0.5814999999999999,0.054443925233644865,0.002,0.1725,0.9154116195294393,0.0445,0.31474950495049503,0.05267549668874172,0.001
1919,0.4325,0.20697396768402157,0.724,0.04994392523364486,0.0825,0.3152348710465617,0.6555,0.193,0.4792908559930475,0.33912270948475615,0.036500000000000005
1920,0.08149999999999999,0.06999999999999999,0.777,0.26349999999999996,0.052000000000000005,0.23069706477358692,0.5326909160892994,0.0915,0.46824950495049505,0.0843660970023859,0.008987345879299155
1921,0.5215000000000001,0.0605,0.7110000000000001,0.06711159285408722,0.099,0.184,0.9017674128134434,0.1065,0.5969157318634238,0.1679039603960396,0.0185
1922,0.353,0.1724739676840215,0.6765,0.06244059405940594,0.10900000000000001,0.2377079714045081,0.6589437202592416,0.09,0.4854153603626261,0.15738802097149412,0.026500000000000003
1923,0.0665,0.0445,0.63,0.08647029702970296,0.044500000000000005,0.185,0.639,0.0085,0.4346496827914354,0.22350000000000003,0.0
1924,0.1095,0.1135,0.679,0.034499999999999996,0.0035000000000000005,0.1117952075146269,0.864184865289851,0.05450000000000001,0.488,0.2179039603960396,0.0045
1925,0.1325,0.010499999999999999,0.525,0.0505,0.012,0.1775,0.9751538210237429,0.177,0.3122495049504951,0.09664487079574643,0.008
1926,0.0455,0.034999999999999996,0.5005,0.05700000000000001,0.072,0.0728403683843756,0.943,0.015000000000000003,0.31100000000000005,0.3255,0.0095
1927,0.8394999999999999,0.051000000000000004,0.7425,0.0133845192930508,0.202,0.17433309433517613,0.9775,0.076,0.7600823432343236,0.1617972283155394,0.013500000000000002
1928,0.1805,0.08549999999999999,0.632,0.06,0.1045,0.19047534351743906,0.7640122518878423,0.25,0.469125,0.2393377483443709,0.0064745338173002554
1929,0.21949999999999997,0.08195376088193371,0.5569999999999999,0.072,0.075,0.319092971256841,0.6771909160892995,0.16499999999999998,0.5356662269129288,0.16075271360738969,0.009000000000000001
1930,0.065,0.054000000000000006,0.7655,0.040920353982300886,0.033999999999999996,0.21296334525232727,0.933,0.046,0.28150000000000003,0.0915,0.0155
1931,0.008,0.007999999999999998,0.6645000000000001,0.0415,0.0325,0.146,0.99,0.012499999999999999,0.36300000000000004,0.0725,0.002
1932,0.085,0.034499999999999996,0.35150000000000003,0.05922544623412068,0.013500000000000002,0.15150000000000002,0.9755358381502891,0.042,0.6239157318634238,0.1099039603960396,0.0015
1933,0.421,0.0735,0.5375,0.028499999999999998,0.027999999999999997,0.09596266696266696,0.6709999999999999,0.1045,0.4502495049504951,0.2897905982905983,0.0055
1934,0.367,0.097,0.6335,0.0295,0.0245,0.0815,0.96,0.0745,0.308,0.32014487079574644,0.0045
1935,0.2745,0.21096133682830934,0.7314999999999999,0.06236906029125951,0.161,0.21438521121359483,0.4174191715418498,0.1315,0.4332495049504951,0.23704641243226493,0.028000000000000004
1936,0.8039999999999999,0.213,0.7190000000000001,0.007000000000000001,0.085,0.19046630635513767,0.8105,0.619,0.3593333333333334,0.4723503498927573,0.0305
1937,0.37950000000000006,0.1305,0.5035,0.0085,0.09949999999999999,0.17047048249121413,0.866,0.18550000000000003,0.51,0.324,0.06799999999999999
1938,0.4925,0.0405,0.5955,0.04188027884421096,0.1075,0.1155,0.976,0.14350000000000002,0.4755000000000001,0.2148071224513756,0.006
1939,0.0235,0.03,0.586,0.038,0.0025,0.148,0.9574999999999999,0.0035000000000000005,0.3095,0.049,0.0
1940,0.121,0.07546194225721785,0.595,0.034,0.014000000000000002,0.11827221828623428,0.9173088989627534,0.0385,0.54125,0.13679059829059828,0.0075000000000000015
1941,0.347,0.164,0.6855,0.07347029702970297,0.1075,0.1515,0.7050606466690011,0.0835,0.5580404150774767,0.10968729989642453,0.020999999999999998
1942,0.4415,0.41899999999999993,0.642,0.05785814749699268,0.081,0.3239453045308226,0.7647236792000632,0.20099999999999998,0.4826245596653457,0.4319672170668628,0.018
1943,0.051500000000000004,0.0435,0.8975000000000002,0.3,0.11399999999999999,0.3246970745912356,0.281,0.046,0.8288333333333334,0.0786880982371282,0.002
1944,0.3785,0.15750000000000003,0.718,0.025469387755102046,0.15,0.17762039120964604,0.7465668103448275,0.11599999999999999,0.5266662269129287,0.1597905982905983,0.013481724911830714
1945,0.3625,0.19798021828103682,0.6575,0.03210630055402518,0.26949999999999996,0.2514521284384391,0.8745668824163969,0.12350000000000001,0.4455,0.3624463894967177,0.020999999999999998
1946,0.0865,0.0365,0.6975,0.04647029702970297,0.072,0.047,0.9590000000000002,0.05700000000000001,0.5372,0.07968922032465102,0.0015
1947,0.30600000000000005,0.184,0.6119999999999999,0.0445,0.09349999999999999,0.23368913226621735,0.6528584482903899,0.1885,0.4185,0.335,0.0435
1948,0.052500000000000005,0.041499999999999995,0.6945,0.028573040643755387,0.052000000000000005,0.14087710437710438,0.7255,0.07100000000000001,0.5741245596653457,0.0765111988227263,0.002
1949,0.35050000000000003,0.013000000000000001,0.501,0.035443925233644855,0.057999999999999996,0.10016461109307144,0.8549999999999999,0.079,0.38149999999999995,0.2968503498927573,0.0
1950,0.23049999999999998,0.2935,0.7030000000000001,0.192,0.053000000000000005,0.125,0.5880000000000001,0.0215,0.8149999999999998,0.07680632411067194,0.0025
1951,0.3695,0.24900000000000003,0.7185,0.04648969072164949,0.15299999999999997,0.27173488674550156,0.7619999999999999,0.05900000000000001,0.4994166666666667,0.17480632411067193,0.016
1952,0.40199999999999997,0.1035,0.6845000000000001,0.030500000000000006,0.0875,0.24414400256574725,0.8542853301265969,0.061,0.5446995249406175,0.167,0.168
1953,0.1625,0.051500000000000004,0.661,0.025500000000000002,0.04,0.05585410094637224,0.95,0.0785,0.595,0.11949999999999998,0.002495709570957096
1954,0.014000000000000002,0.0105,0.9460000000000001,0.01144392523364486,0.12250000000000001,0.27772506888090986,0.14643661299609864,0.013500000000000002,0.9015000000000001,0.0205,0.0045000000000000005
1955,0.22200000000000003,0.09144183319109651,0.45549999999999996,0.356,0.149,0.2455619279074459,0.9215,0.0945,0.5657495049504951,0.14633887043189367,0.007000000000000001
1956,0.45149999999999996,0.2045,0.6605,0.02092035398230089,0.25,0.2902740105509149,0.6335,0.144,0.4720000000000001,0.3663927789934355,0.016
1957,0.507,0.16299999999999998,0.6095,0.02489915966386555,0.1065,0.29688087923094414,0.7994999999999999,0.2575,0.4532490099009901,0.44625936492188567,0.03898766634209673
1958,0.0015,0.01,0.5035000000000001,0.10728413391770888,0.005,0.11061638154484191,0.9041538210237429,0.006,0.2325,0.06333774834437086,0.003
1959,0.3145,0.16647354260089683,0.598,0.0435,0.119,0.19148883400029507,0.8416179828734538,0.086,0.4721662269129288,0.2558495515520537,0.009
1960,0.07350000000000001,0.0335,0.579,0.07280972854278268,0.0715,0.08735410094637223,0.8405000000000001,0.011,0.43550000000000005,0.12094638949671772,0.018
1961,0.3325,0.10200000000000001,0.6174999999999999,0.4788753448895549,0.1005,0.141,0.951,0.05500000000000001,0.43100000000000005,0.09403802152154303,0.0005
1962,0.16749999999999998,0.10300000000000001,0.6665,0.07844428983714698,0.014500000000000002,0.2406045494083034,0.8494999999999999,0.063,0.4285,0.24694687842278204,0.0075000000000000015
1963,0.029500000000000005,0.08499999999999999,0.248,0.09724616084057384,0.151,0.501803950165426,0.42876002234926,0.026000000000000002,0.36550000000000005,0.028499999999999998,0.0005
1964,0.015000000000000003,0.040499999999999994,0.568,0.021984693877551018,0.042,0.11399999999999999,0.8476538210237429,0.2835,0.34324950495049505,0.07224091039970684,0.0034999999999999996
1965,0.529,0.1085,0.6679999999999999,0.020484693877551023,0.068,0.1397032335480611,0.8795,0.184,0.4099995596653456,0.26496293494705,0.0205
1966,0.027000000000000003,0.0745,0.8230000000000001,0.029000000000000005,0.08049999999999999,0.186463582143968,0.48886961842868126,0.05499999999999999,0.506,0.02274283082793329,0.0095
1967,0.4215,0.0835,0.5435000000000001,0.0795,0.08449999999999999,0.15328041709572374,0.9355,0.144,0.3955,0.261,0.026500000000000003
1968,0.3535,0.1485,0.7615000000000001,0.03945499090725399,0.1465,0.583,0.5256549818538893,0.0885,0.5304995049504951,0.16908119658119655,0.0115
1969,0.027000000000000003,0.05550000000000001,0.7095,0.018351485148514854,0.1405,0.2891872357783368,0.23650000000000002,0.032,0.758,0.04780632411067194,0.012
1970,0.0055,0.01,0.5395000000000001,0.068,0.0125,0.1095,0.8765000000000001,0.0025,0.3058333333333333,0.0589039603960396,0.0035000000000000005
1971,0.3545,0.156,0.7195000000000001,0.02497029702970297,0.05800000000000001,0.14965194813169166,0.8835,0.1115,0.410457397949174,0.3439474745153937,0.001
1972,0.013000000000000001,0.008,0.5785,0.026000000000000002,0.028000000000000004,0.1625,0.959066882416397,0.0055,0.40449999999999997,0.05800000000000001,0.0005
1973,0.181,0.10192237881929152,0.7349999999999999,0.035341250062281566,0.10350000000000001,0.7180000000000001,0.5504567309052593,0.0655,0.5940000000000001,0.135350040478118,0.0185
1974,0.1545,0.12889121054990077,0.7905000000000001,0.044989690721649475,0.0845,0.2986292348128633,0.5448634948323058,0.1135,0.5689157318634239,0.18762001577802356,0.0195
1975,0.299,0.022,0.629,0.015470297029702974,0.0925,0.14460441824685635,0.491566882416397,0.08449999999999999,0.659,0.11878525992861141,0.0015
1976,0.1255,0.09542388451443569,0.7075,0.042499999999999996,0.08249999999999999,0.08,0.9299999999999999,0.0745,0.5422499999999999,0.2173508388188216,0.001
1977,0.0605,0.3465,0.7545,0.03640391298499731,0.0685,0.3053504085178919,0.567995327559331,0.36,0.634,0.10340098064512367,0.011
1978,0.07599999999999998,0.016,0.5174999999999998,0.10890211521152113,0.045,0.12350000000000001,0.6975,0.0115,0.1885996835443038,0.09421028450671154,0.01
1979,0.288,0.0085,0.42000000000000004,0.003,0.0625,0.1305,0.7276179828734539,0.079,0.32699999999999996,0.22744638949671772,0.0005
1980,0.576,0.014000000000000002,0.6645000000000001,0.0055,0.0615,0.18227255338987014,0.9964999999999999,0.073,0.2883495245641838,0.3214210857201226,0.001
1981,0.057499999999999996,0.074,0.65,0.031302005500256636,0.08449999999999999,0.2602142707157312,0.07263362068965518,0.022,0.773782892998679,0.03780632411067194,0.0025
1982,0.23149999999999998,0.031,0.6465,0.019,0.0155,0.12688837133464856,0.9584999999999999,0.132,0.3756995249406176,0.287403162055336,0.0095
1983,0.064,0.034999999999999996,0.485,0.05950000000000001,0.013000000000000001,0.16099999999999998,0.8375,0.0215,0.342,0.286,0.001
1984,0.008000000000000002,0.0325,0.5215,0.05550000000000001,0.0015,0.15600000000000003,0.992,0.0025,0.49958289299867903,0.06040316205533597,0.0
1985,0.24050000000000002,0.087,0.6795,0.1206797767958682,0.1105,0.05518903898209041,0.4186907692307692,0.1125,0.5472083333333334,0.09446293494704994,0.0085
1986,0.052500000000000005,0.069,0.8724999999999999,0.011,0.0815,0.37299583333634506,0.08,0.06000000000000001,0.25925000000000004,0.5118495515520537,0.0054967752604597325
1987,0.33399999999999996,0.1545,0.63,0.04280914147837352,0.153,0.24353781826014811,0.7475,0.144,0.5668,0.16099999999999998,0.005
1988,0.0655,0.0045,0.583,0.033,0.05750000000000001,0.09372360557768926,0.9241178707224333,0.056499999999999995,0.33899999999999997,0.123,0.0035000000000000005
1989,0.0375,0.0035000000000000005,0.5925,0.037,0.0385,0.1385,0.9650000000000001,0.011,0.294,0.1805,0.0025
1990,0.8164999999999999,0.077,0.5235000000000001,0.051000000000000004,0.078,0.12462565992898308,0.8630000000000001,0.2605,0.36050000000000004,0.289,0.0025
1991,0.3055,0.23497989093387867,0.7334999999999999,0.09745499090725399,0.066,0.2847746442813063,0.6328228624573853,0.17099999999999999,0.5011657312825074,0.3751877888224889,0.02599359185014788
1992,0.025500000000000002,0.013000000000000001,0.5900000000000001,0.016499999999999997,0.0715,0.076,0.4396909160892994,0.012,0.3605,0.03849999999999999,0.0
1993,0.019999999999999997,0.0365,0.521,0.08894059405940594,0.0235,0.0985,0.9311179828734538,0.0235,0.333,0.17300000000000001,0.001
1994,0.08499999999999999,0.019000000000000003,0.5940000000000001,0.08230980723000776,0.11850000000000001,0.13635410094637224,0.805117982873454,0.016000000000000004,0.3752495049504951,0.050946389496717724,0.006500000000000001
1995,0.1835,0.06799999999999999,0.587,0.013500000000000002,0.0675,0.08354265313492443,0.7345,0.12599999999999997,0.53125,0.3215,0.015999999999999997
1996,0.20400000000000001,0.04,0.5525,0.02294392523364486,0.0845,0.14519420738977945,0.912824749017896,0.1335,0.6292500000000001,0.18178600984408835,0.0005
1997,0.3595,0.21047354260089687,0.8055,0.05144392523364487,0.091,0.1813264618352187,0.8100130416244399,0.13849999999999998,0.6545833333333334,0.2956566740034293,0.10248766634209674
1998,0.6745,0.0025,0.6519999999999999,0.017499999999999998,0.092,0.095,0.9880000000000001,0.0375,0.5415,0.25599999999999995,0.0005
1999,0.5705,0.075,0.5425,0.022755661790668864,0.08499999999999999,0.128,0.9875,0.194,0.4577495602462621,0.2249039603960396,0.0035000000000000005
2000,0.17550000000000002,0.0435,0.477,0.014499999999999999,0.031,0.0864185082158281,0.9675,0.016999999999999998,0.41024950495049506,0.1768071224513756,0.001
2001,0.0965,0.028500000000000004,0.5805,0.011,0.016999999999999998,0.19768913226621737,0.6645,0.052000000000000005,0.5231662269129288,0.139,0.0015
2002,0.073,0.032,0.6415,0.012943925233644859,0.06699999999999999,0.18568913226621736,0.5246584163018201,0.051000000000000004,0.38033333333333336,0.0475,0.0025
2003,0.4790000000000001,0.10900000000000001,0.6205,0.030831245071409795,0.065,0.19579934985339034,0.7677443232509094,0.10650000000000001,0.7735,0.10400000000000001,0.0085
2004,0.004,0.001,0.592,0.05500000000000001,0.006500000000000001,0.1305,0.9905000000000002,0.0,0.306,0.0795,0.0125
2005,0.029000000000000005,0.028500000000000004,0.522,0.024350297029702973,0.0125,0.20123236547880693,0.906,0.04,0.3356,0.05650000000000001,0.0005
2006,0.0395,0.028000000000000004,0.6184999999999999,0.050470297029702973,0.0375,0.123,0.9325000000000001,0.0095,0.4006662269129288,0.01935034989275733,0.003
2007,0.1715,0.11887606837606839,0.7345,0.030334197766052735,0.0705,0.43677444987775066,0.6055384784208991,0.06799999999999999,0.46319952494061756,0.15150000000000002,0.018
2008,0.301,0.2535,0.7849999999999999,0.05180487327535168,0.0755,0.4768665975504377,0.5926909160892995,0.191,0.41900000000000004,0.4259911468891736,0.045000000000000005
2009,0.15050000000000002,0.039,0.8089999999999999,0.00788977979430596,0.063,0.37448111522598204,0.26361798287345384,0.016,0.48183795452987443,0.40160719636699804,0.0015
2010,0.301,0.13499999999999998,0.761,0.02297029702970297,0.12050000000000001,0.43189524847905797,0.49500223885996436,0.05750000000000001,0.5236666666666667,0.09173698778731601,0.018990450315756347
2011,0.4615,0.09795418596505838,0.571,0.05692528793695696,0.069,0.0775,0.9585000000000001,0.2415,0.5689578382838284,0.25012111588546126,0.005
2012,0.1395,0.11900000000000002,0.657,0.06497029702970297,0.072,0.18435410094637222,0.7509517866419141,0.11200000000000002,0.637749504950495,0.12730632411067194,0.003995709570957096
2013,0.0675,0.08376825428847838,0.5645,0.034999999999999996,0.0695,0.19705994633292243,0.8935000000000001,0.019,0.5322500000000001,0.3199463894967177,0.002
2014,0.1125,0.058499999999999996,0.6379999999999999,0.030000000000000006,0.053000000000000005,0.20373684069710962,0.8234999999999999,0.083,0.512,0.1465,0.024999999999999998
2015,0.013000000000000001,0.0045000000000000005,0.5855,0.0442521677401385,0.025,0.1315,0.9490000000000001,0.0,0.360082892998679,0.061240910399706826,0.018500000000000003
2016,0.26749999999999996,0.16999999999999998,0.6735,0.06599999999999999,0.09899999999999999,0.019,0.765006306884867,0.173,0.5235000000000001,0.19249999999999998,0.027500000000000004
2017,0.03749999999999999,0.0245,0.5735,0.03684564191925784,0.05,0.18577411477411476,0.9105000000000001,0.012000000000000002,0.29856590970436414,0.2167110828474152,0.0029714711235409195
2018,0.5865,0.161,0.4015000000000001,0.22897029702970295,0.06849999999999999,0.24750394089665773,0.5063072757617636,0.15350000000000003,0.6915,0.19930632411067192,0.006
2019,0.507,0.20549999999999996,0.659,0.029000000000000005,0.08,0.30977779732921135,0.7633495173390669,0.2505,0.4534583333333334,0.391,0.0205
2020,0.3,0.07849999999999999,0.3915,0.19541751591623155,0.0675,0.279756431440974,0.651381832178599,0.02,0.2280828382838284,0.224208848900539,0.0015
2021,0.0875,0.0595,0.3775,0.03797029702970297,0.045,0.3585090109266643,0.5171178707224335,0.089,0.34800000000000003,0.14040396039603958,0.009
2022,0.7254999999999999,0.052000000000000005,0.521,0.05848469387755102,0.07450000000000001,0.11800000000000002,0.929,0.403,0.40099999999999997,0.3445,0.002
2023,0.5,0.04546194225721785,0.5914999999999999,0.024999999999999998,0.0925,0.1758109840146816,0.977,0.0695,0.580249504950495,0.28400000000000003,0.0085
2024,0.086,0.052500000000000005,0.8280000000000001,0.025500000000000002,0.0885,0.18473736181444692,0.3215,0.057999999999999996,0.3315,0.12294687842278203,0.003493591850147881
2025,0.13099999999999998,0.1114613368283093,0.6849999999999999,0.2045,0.0475,0.19992322614278007,0.6069829787944339,0.12699999999999997,0.465832397949174,0.15477005739842548,0.0045
2026,0.2995,0.05800000000000001,0.7005,0.026984693877551025,0.0665,0.18146968552051462,0.8500343826289175,0.1285,0.5507495049504951,0.2502305046011393,0.003
2027,0.5645,0.6844802182810369,0.9115,0.11463856442720866,0.13,0.4265,0.7501319511565049,0.5309999999999999,0.36066622691292877,0.052807122451375574,0.011
2028,0.173,0.055999999999999994,0.74,0.09498469387755101,0.06899999999999999,0.16000617965508795,0.9201908988565876,0.0605,0.5691666666666666,0.11597918545379078,0.0025
2029,0.20199999999999996,0.227,0.7230000000000001,0.0595,0.0495,0.6106464421967639,0.8310000000000001,0.12349999999999998,0.518,0.33739326791949975,0.018
2030,0.23399999999999999,0.08499999999999999,0.7165,0.023,0.0335,0.1057744498777506,0.9914999999999999,0.048,0.32199999999999995,0.13199999999999998,0.0015
2031,0.067,0.028499999999999998,0.597,0.0125,0.006500000000000001,0.12135410094637225,0.8556848652898509,0.0195,0.4673746283448959,0.32290396039603964,0.0015
2032,0.7225,0.16099999999999998,0.8164999999999999,0.033999999999999996,0.189,0.19518881412952063,0.9594999999999999,0.084,0.6268328929986791,0.17511960895047918,0.008
2033,0.5235000000000001,0.027500000000000004,0.633,0.0605,0.1065,0.13035410094637223,0.962,0.061499999999999985,0.4722490651967572,0.09214566913645007,0.0035000000000000005
2034,0.164,0.05249999999999999,0.5599999999999999,0.0305,0.041,0.14520079974089667,0.6915,0.0755,0.5514162269129288,0.20244687842278206,0.0045
2035,0.35050000000000003,0.094,0.6025,0.0785,0.08600000000000001,0.10585438042620363,0.8177435551898118,0.23350000000000004,0.499375,0.331158162055336,0.006999999999999999
2036,0.611,0.1355,0.554,0.053976921856825635,0.08549999999999999,0.11583026147935276,0.7779922131231839,0.308,0.3775,0.3841134465620476,0.0105
2037,0.4109999999999999,0.32249999999999995,0.7495,0.229,0.1085,0.12027411477411479,0.6755,0.1115,0.8195,0.10640396039603961,0.0034999999999999996
2038,0.5665,0.0315,0.595,0.013970297029702972,0.1055,0.11864400256574728,0.9495000000000001,0.16299999999999998,0.3355833333333333,0.31285547122401874,0.018981724911830714
2039,0.17099999999999999,0.08147396768402156,0.771,0.0125,0.077,0.16923736181444693,0.259,0.0435,0.32299999999999995,0.11894687842278202,0.0
2040,0.5835000000000001,0.05450000000000001,0.5874999999999999,0.05397029702970298,0.083,0.18481707184339644,0.8586179828734538,0.145,0.38874119160728426,0.2109255749505085,0.0075
2041,0.22649999999999998,0.198,0.739,0.07348469387755104,0.10800000000000001,0.2313306072002091,0.9543247490178961,0.0805,0.6078323432343234,0.18509126029246417,0.0235
2042,0.201,0.1944354848581147,0.6545,0.0295,0.1335,0.2696224476216055,0.9048088989627534,0.059,0.5014161716171618,0.2473810602423588,0.013487666342096721
2043,0.34650000000000003,0.088,0.52,0.04250000000000001,0.0975,0.1591888141295206,0.820307347833333,0.10550000000000001,0.523,0.34033475584941214,0.026500000000000003
2044,0.15650000000000003,0.1525,0.6555000000000001,0.048,0.13699999999999998,0.4877561639834971,0.4431239793317415,0.08000000000000002,0.662625,0.13611846752455095,0.0085
2045,0.0709139951740779,0.13542926829268292,0.5085,0.1365,0.08549999999999999,0.1375,0.7626848652898508,0.028000000000000004,0.44475,0.2279312370593146,0.0005
2046,0.6035,0.144,0.7434999999999999,0.019000000000000003,0.0925,0.09800000000000002,0.7814937642526042,0.151,0.533,0.15999999999999998,0.0045
2047,0.056999999999999995,0.026500000000000003,0.689,0.015381188118811884,0.14950000000000002,0.2901075847097152,0.24,0.0595,0.611,0.052806324110671946,0.0095
2048,0.2455,0.0305,0.7195,0.04744392523364486,0.0875,0.09692562365735166,0.9065,0.1005,0.7515000000000001,0.12383523376750856,0.003
2049,0.1775,0.1,0.6980000000000001,0.018470297029702973,0.05550000000000001,0.33853404037675544,0.9440000000000002,0.11000000000000001,0.4606662269129288,0.22864566913645007,0.012000000000000002
2050,0.4335,0.075,0.654,0.013970297029702972,0.0965,0.18365546398223415,0.8685,0.34249999999999997,0.40595697231444217,0.3119850384275832,0.022
2051,0.39799999999999996,0.151,0.6765000000000001,0.0495,0.1005,0.8007741147741146,0.5195790167580786,0.1825,0.5360819581954361,0.21758702826543402,0.0385
2052,0.06299999999999999,0.05700000000000001,0.6105,0.06887421001470029,0.062,0.11896324704033212,0.923,0.079,0.4974569028996692,0.0706880982371282,0.008
2053,0.23349999999999999,0.05800000000000001,0.63,0.05750000000000001,0.031,0.043774114774114775,0.8682315344656131,0.0445,0.372,0.305,0.0015
2054,0.5703893093127936,0.053000000000000005,0.6475,0.0625,0.08299999999999999,0.135,0.7914208310367585,0.1865,0.469775,0.2029385876218397,0.012
2055,0.36249999999999993,0.2,0.6904999999999999,0.019,0.0935,0.21355341142000644,0.7268028481633048,0.1135,0.446,0.376,0.03249838241393612
2056,0.10550000000000001,0.011,0.4085,0.36707350197673094,0.07949999999999999,0.18735410094637225,0.857,0.06549999999999999,0.5439199510986458,0.25858003396513846,0.0005
2057,0.219,0.05449999999999999,0.5995,0.055943925233644866,0.008500000000000002,0.16668913226621734,0.8944268818362072,0.036,0.371,0.176,0.0049937561616825495
2058,0.46349999999999997,0.033,0.52,0.03,0.07100000000000001,0.11424635487764771,0.805,0.22249999999999998,0.5279495249406175,0.2752811453461298,0.0095
2059,0.0995,0.1365,0.609,0.0105,0.085,0.10600000000000001,0.9245000000000001,0.066,0.3155,0.164,0.0055
2060,0.0185,0.3065570377008616,0.7609999999999999,0.015,0.0855,0.20128036242258304,0.655,0.0115,0.48483333333333334,0.23944638949671773,0.001
2061,0.2125,0.12692879648295513,0.7885,0.09450496434044217,0.1715,0.5063224032826723,0.32172334371074995,0.16599999999999998,0.38749999999999996,0.187,0.011500000000000002
2062,0.381,0.05089116677470825,0.6759999999999999,0.02397029702970297,0.0795,0.24395479799337746,0.9413088989627532,0.0205,0.618,0.18930632411067194,0.001
2063,0.0635,0.019,0.4615,0.05449999999999999,0.03799999999999999,0.1265,0.9295,0.063,0.29234968354430385,0.09133774834437086,0.003
2064,0.004,0.0025,0.531,0.06580528793695696,0.006,0.11885410094637225,0.9045,0.002,0.27299999999999996,0.043,0.009
2065,0.1675,0.0735,0.5835,0.045,0.0365,0.1107744498777506,0.751,0.126,0.5098333333333334,0.2975,0.0055
2066,0.2445,0.03200000000000001,0.615,0.0295,0.041,0.162,0.9355,0.1625,0.2455,0.175,0.001
2067,0.529,0.008,0.742,0.0403244476008225,0.065,0.11652194896148524,0.978,0.0335,0.41557418774193045,0.3830860220516351,0.003
2068,0.20350000000000001,0.0865,0.6045,0.055999999999999994,0.15050000000000002,0.15435410094637225,0.7686847531388304,0.078,0.43549812981259783,0.20191581259140076,0.004
2069,0.017,0.015000000000000003,0.5569999999999999,0.01797029702970297,0.006,0.11499999999999999,0.8004999999999999,0.0034999999999999996,0.3033996827914354,0.10999999999999999,0.0
2070,0.155,0.0205,0.632,0.0245,0.0495,0.09051147658856169,0.9285,0.101,0.298,0.15183887043189367,0.004
2071,0.08349999999999999,0.06298021828103684,0.8719999999999999,0.01993282203868055,0.0805,0.3715400336531746,0.082,0.061,0.26833289299867896,0.481758297766511,0.001996775260459732
2072,0.27249999999999996,0.15099999999999997,0.6499999999999999,0.041499999999999995,0.10700000000000001,0.041,0.789382163890617,0.157,0.583,0.14550000000000002,0.008
2073,0.1335,0.031,0.5559999999999999,0.041499999999999995,0.0365,0.0897744498777506,0.8718431859836219,0.05,0.51075,0.17428525992861144,0.027000000000000003
2074,0.006,0.015500000000000003,0.595,0.06,0.027500000000000004,0.14350000000000002,0.9766538210237428,0.022000000000000002,0.3417495049504951,0.1035794570847813,0.0035000000000000005
2075,0.0245,0.008499999999999999,0.5385,0.03697029702970297,0.005,0.15899999999999997,0.9245000000000001,0.014500000000000002,0.2685,0.06690316205533596,0.0034999999999999996
2076,0.06499999999999999,0.139,0.58,0.385484693877551,0.10200000000000001,0.1997203831943799,0.8629999999999999,0.05600000000000001,0.5242500000000001,0.11177152796360716,0.006500000000000001
2077,0.2475,0.16,0.7125,0.024,0.07200000000000001,0.12667712252910607,0.7491179828734539,0.152,0.5255,0.20218842198394738,0.0045000000000000005
2078,0.062,0.005,0.4525,0.05900000000000001,0.0405,0.129,0.9349999999999999,0.003,0.22075,0.14764094818335563,0.015000000000000003
2079,0.032999999999999995,0.0235,0.5585,0.047,0.018,0.19978626862306595,0.7726179828734538,0.019,0.4222083333333334,0.17250000000000001,0.0055000000000000005
2080,0.308,0.0385,0.547,0.0465,0.072,0.095,0.9285,0.0695,0.2625,0.33199999999999996,0.0
2081,0.016,0.0175,0.5795,0.073,0.0165,0.099,0.9615,0.0165,0.4015000000000001,0.039999999999999994,0.0005
2082,0.006,0.004,0.6260000000000001,0.03849999999999999,0.01,0.18636760814343653,0.8379999999999999,0.001,0.34441617161716176,0.11000000000000001,0.0005
2083,0.6620000000000001,0.047,0.697,0.03,0.09849999999999999,0.24041059653128896,0.8324999999999999,0.1385,0.45699999999999996,0.18440396039603962,0.006500000000000001
2084,0.016,0.0055,0.5825,0.0845,0.005,0.16799999999999998,0.975,0.004,0.5459999999999999,0.04874091039970683,0.003
2085,0.1485,0.016,0.74,0.021500000000000002,0.0915,0.3615,0.19749999999999998,0.055999999999999994,0.265,0.10700000000000001,0.006
2086,0.05550000000000001,0.0365,0.647,0.05500000000000001,0.030500000000000006,0.11300000000000002,0.9365,0.0015,0.27266666666666667,0.0915,0.0035000000000000005
2087,0.528,0.12869143299278876,0.7134999999999999,0.008,0.15750000000000003,0.19510759848865664,0.9764999999999999,0.0375,0.7008328382838284,0.18180632411067194,0.0
2088,0.20750000000000002,0.08447354260089686,0.49799999999999994,0.04848969072164948,0.12450000000000001,0.2887244609704896,0.6784669854442468,0.05850000000000001,0.6335,0.08539277899343545,0.0185
2089,0.37649999999999995,0.19497396768402153,0.7105,0.034499999999999996,0.12400000000000003,0.21314400256574725,0.7049163997554638,0.12150000000000001,0.5606652368139188,0.2122008792969396,0.019
2090,0.1535,0.0705,0.6115,0.0095,0.034,0.1025,0.898,0.0115,0.348,0.1585,0.0055000000000000005
2091,0.2655,0.1325,0.76,0.5314439252336449,0.0865,0.2722744498777506,0.3284837186957833,0.11300000000000002,0.3401666666666666,0.24066040089553242,0.006987666342096721
2092,0.10099999999999998,0.04696194225721785,0.6185,0.049484693877551014,0.08449999999999999,0.184,0.7392251802887374,0.11950000000000001,0.6834161716171617,0.0875,0.0015
2093,0.524,0.066,0.542,0.024390651012003856,0.11600000000000002,0.09446358214396797,0.9680000000000002,0.158,0.462,0.25473213835139347,0.017
2094,0.32649999999999996,0.22999999999999998,0.6844999999999999,0.03939891614089885,0.05550000000000001,0.7270194761629516,0.7319268818362071,0.25650000000000006,0.506499504950495,0.33573292533571725,0.02
2095,0.6945,0.045480218281036836,0.7024999999999999,0.054914222263347835,0.10800000000000001,0.15515058103066415,0.9560000000000001,0.05550000000000001,0.4469157318634238,0.13044687842278205,0.008499999999999999
2096,0.17400000000000002,0.073,0.5605,0.079,0.0395,0.15839107325437402,0.8020769007473367,0.06649999999999999,0.34900000000000003,0.3759039603960396,0.0019935918501478808
2097,0.12050000000000001,0.05,0.595,0.095,0.027500000000000004,0.17850000000000002,0.8799740706645416,0.0475,0.31399999999999995,0.23100000000000004,0.0095
2098,0.371,0.087,0.6355000000000001,0.08991172167648476,0.08549999999999999,0.21477411477411482,0.9047033529250891,0.13699999999999998,0.5031658546769082,0.23308645426680424,0.0055
2099,0.333,0.1485,0.7635,0.05873676083682426,0.0795,0.912911453567871,0.5506988391002541,0.1255,0.5907490651967571,0.21196293494704993,0.015000000000000003
2100,0.8379999999999999,0.053000000000000005,0.629,0.0205,0.0615,0.097,0.6970668824163969,0.1395,0.479,0.18094687842278204,0.0
2101,0.08549999999999999,0.023000000000000003,0.594,0.10925387069933537,0.052000000000000005,0.1385967942000949,0.943,0.033499999999999995,0.44037307509774726,0.1502833024315381,0.0015
2102,0.14650000000000002,0.047,0.5549999999999999,0.03489065101200386,0.0245,0.1522741147741148,0.9129999999999999,0.034999999999999996,0.2965,0.33533475584941214,0.0
2103,0.36849999999999994,0.1585,0.7495,0.051000000000000004,0.098,0.3176987994721654,0.9149999999999998,0.1555,0.4163333333333334,0.35787225939081757,0.008
2104,0.33999999999999997,0.28200000000000003,0.7135,0.07048469387755103,0.1515,0.21816991612406364,0.6951179828734538,0.052000000000000005,0.4095000000000001,0.4165,0.016
2105,0.063,0.024,0.581,0.033499999999999995,0.032,0.15987826453243473,0.5851178707224335,0.07650000000000001,0.48216622691292876,0.10190316205533596,0.0034999999999999996
2106,0.07550000000000001,0.043,0.6849999999999999,0.07148469387755102,0.066,0.14550000000000002,0.6405,0.0665,0.556,0.07799999999999999,0.0
2107,0.1585,0.10600000000000001,0.4654999999999999,0.10204998988469534,0.164,0.5353224032826722,0.37658732412120577,0.09949999999999999,0.6980000000000001,0.0795,0.0165
2108,0.31599999999999995,0.22496194225721786,0.7264999999999999,0.028970297029702975,0.1,0.14806842639320758,0.4672790689731223,0.09549999999999999,0.357,0.3025,0.0035000000000000005
2109,0.1915,0.013000000000000001,0.637,0.02523598864378296,0.016,0.0335,0.974066882416397,0.040999999999999995,0.329,0.16103044936761562,0.0015
2110,0.184,0.009,0.6659999999999999,0.024,0.05500000000000001,0.14977411477411479,0.951,0.099,0.322,0.1805,0.004
2111,0.309,0.044,0.7145,0.02098469387755102,0.0665,0.17692621793735636,0.7467359657469077,0.1045,0.6385666666666666,0.19754436427072916,0.004
2112,0.3255,0.1314214460432248,0.6405,0.012943925233644859,0.1295,0.2846274463563262,0.20711798287345387,0.225,0.5251995249406176,0.32076755889113706,0.0115
2113,0.36849999999999994,0.036,0.519,0.0425,0.075,0.09727383863080685,0.7941179828734539,0.09,0.49958184818481843,0.23107697879876224,0.001
2114,0.21999999999999997,0.0375,0.6855,0.08294392523364487,0.0625,0.14818913226621738,0.6085,0.14150000000000001,0.4739999999999999,0.2384096748865739,0.006500000000000001
2115,0.375,0.251,0.6315,0.06944392523364486,0.035,0.5800845282427375,0.7835677892562598,0.14650000000000002,0.4348319587763526,0.3533401463422817,0.013500000000000002
2116,0.3375,0.14850000000000002,0.7035,0.19636921317060183,0.07150000000000001,0.21340238945492968,0.5715,0.06749999999999999,0.7209999999999999,0.11499999999999999,0.013987183700295761
2117,0.457,0.154,0.623,0.0175,0.074,0.2091767803723524,0.7398028481633047,0.08800000000000001,0.4415,0.3125,0.002
2118,0.5854999999999999,0.05399999999999999,0.581,0.04041089108910891,0.097,0.122,0.7801848652898509,0.17099999999999999,0.42420796241345204,0.20414631223108365,0.0015
2119,0.244,0.0865,0.7619999999999999,0.13062844965847628,0.10599999999999998,0.3007777434864825,0.7901847531388304,0.052500000000000005,0.28,0.11643159379407617,0.027000000000000003
2120,0.25599999999999995,0.08424375792811087,0.7655000000000001,0.04862246025364889,0.046,0.3606489729187844,0.798633764832794,0.06349999999999999,0.48708239853009055,0.11794486656385295,0.004
2121,0.053000000000000005,0.043500000000000004,0.639,0.0405,0.0185,0.10123961053241533,0.9575000000000001,0.014499999999999999,0.4640000000000001,0.06983887043189368,0.0035000000000000005
2122,0.3155,0.08399999999999999,0.674,0.1258717094278372,0.0485,0.11482267942598016,0.9765466691757622,0.0965,0.5167073432343234,0.17188417618495105,0.004
2123,0.4845,0.008,0.836,0.01736945669356852,0.10700000000000001,0.1105,0.9875,0.0445,0.6131666666666666,0.23677085573912912,0.0035000000000000005
2124,0.014000000000000002,0.0595,0.5830000000000001,0.0225,0.04,0.21399999999999997,0.883,0.0055,0.323,0.0895,0.0005
2125,0.014000000000000002,0.0105,0.5225,0.030954990907253992,0.017499999999999998,0.12127411477411479,0.975,0.025,0.45099999999999996,0.06435004047811801,0.0055
2126,0.026000000000000002,0.0025,0.7565000000000001,0.0745,0.053000000000000005,0.17,0.9594999999999999,0.0015,0.346,0.0865,0.0005
2127,0.5855,0.2105,0.657,0.10300000000000001,0.1395,0.3078006869359555,0.653066882416397,0.1985,0.39741573186342377,0.3328660970023859,0.009
2128,0.44749999999999995,0.12450000000000001,0.748,0.033,0.16399999999999998,0.2452294495572175,0.8386848652898509,0.15999999999999998,0.5445833333333333,0.26136689534308954,0.018
2129,0.009000000000000001,0.0025,0.7775,0.03488,0.006500000000000001,0.14091788884343442,0.9955,0.0035000000000000005,0.304,0.0765,0.002
2130,0.4875,0.032,0.36350000000000005,0.024,0.013000000000000001,0.1395,0.8710000000000001,0.22000000000000003,0.4165,0.2435,0.0005
2131,0.10900000000000001,0.07,0.631,0.014000000000000002,0.022,0.110128215720487,0.7430000000000001,0.018000000000000002,0.43687418859115806,0.13980712245137555,0.0
2132,0.14250000000000002,0.14750000000000002,0.8305,0.10339915966386555,0.11000000000000001,0.17455712067366508,0.9395,0.12500000000000003,0.35225,0.07179769079646206,0.003
2133,0.44891399517407793,0.135,0.5660000000000001,0.06074031761131684,0.0905,0.28052204348592397,0.5251179828734539,0.17500000000000002,0.3075,0.5463879677822389,0.0125
2134,0.396,0.22949999999999998,0.7249999999999999,0.02397029702970297,0.149,0.32951877575150157,0.8900822486424473,0.168,0.44149950495049506,0.4004039603960396,0.025
2135,0.143,0.038,0.5205,0.0315,0.027000000000000003,0.08733255475429946,0.9156848652898507,0.051000000000000004,0.5509999999999999,0.255,0.0025
2136,0.027500000000000004,0.071,0.8685,0.0155,0.052500000000000005,0.21077051846371017,0.744,0.219,0.5138740646158406,0.338403162055336,0.0005
2137,0.11499999999999999,0.0895,0.873,0.1713694566935685,0.1485,0.170317117498468,0.9586177979255066,0.066,0.339875,0.05511969203120435,0.0025
2138,0.44350000000000006,0.144,0.609,0.02247029702970297,0.071,0.25825738112807706,0.7188475279250184,0.19050000000000003,0.523,0.22899999999999995,0.0115
2139,0.627,0.1855,0.6990000000000001,0.0425,0.1285,0.23177957235926905,0.652,0.41600000000000004,0.4085,0.36090316205533596,0.0055000000000000005
2140,0.362,0.18647989093387868,0.7020000000000002,0.07941422226334782,0.0915,0.2579181188364624,0.6781212940633596,0.0985,0.5539899392828714,0.11547869652772647,0.0205
2141,0.357,0.027500000000000004,0.7045000000000001,0.01,0.065,0.15527411477411476,0.925,0.052000000000000005,0.3465,0.11000000000000001,0.005
2142,0.054000000000000006,0.0325,0.7430000000000001,0.03824799780073303,0.033499999999999995,0.1345,0.684566882416397,0.0295,0.5225,0.1065,0.0015
2143,0.06399999999999999,0.086,0.6895,0.03395499090725399,0.1115,0.20637402888363426,0.4146179828734538,0.0615,0.6388161716171618,0.16510082494528897,0.0055
2144,0.088,0.05500000000000001,0.5189999999999999,0.08847029702970297,0.174,0.10600000000000001,0.9356133666442119,0.07200000000000001,0.5749990099009901,0.15583774834437086,0.0085
2145,0.2695,0.20946133682830928,0.656,0.057459987751352457,0.12450000000000001,0.1841888141295206,0.6262254080395648,0.1325,0.6002907312825074,0.2518847274260267,0.0485
2146,0.007000000000000001,0.0015,0.5935,0.0595,0.0245,0.153,0.9199999999999999,0.0035000000000000005,0.2935,0.048,0.001
2147,0.08499999999999999,0.07750000000000001,0.6725,0.03493968478480501,0.086,0.2185,0.6749014943801935,0.08399999999999999,0.4125,0.055499999999999994,0.014499999999999999
2148,0.29000000000000004,0.1255,0.608,0.0435,0.11699999999999999,0.18485410094637225,0.831016788536713,0.15199999999999997,0.5128996827914354,0.3335,0.025500000000000002
2149,0.3065,0.05700000000000001,0.6425,0.0625,0.088,0.17868913226621735,0.5251646520492159,0.0595,0.4135,0.10600000000000001,0.0015
2150,0.503,0.0375,0.44049999999999995,0.0095,0.121,0.16223676753444222,0.5586179828734539,0.161,0.2785,0.42971573163516474,0.0
2151,0.022000000000000002,0.0085,0.40199999999999997,0.052970297029702976,0.018,0.1444023894549297,0.792047813250269,0.0375,0.5161662269129288,0.0245,0.0
2152,0.37,0.17400000000000002,0.7144999999999999,0.04891422226334783,0.1045,0.26912883030395424,0.6200218303103038,0.1355,0.5854575220787976,0.13579059829059828,0.028000000000000004
2153,0.4145,0.3884735426008969,0.6395,0.05840645024262244,0.1125,0.36940932190131226,0.7473705161136039,0.246,0.420582892998679,0.4429778981870228,0.012
2154,0.29399999999999993,0.144,0.55,0.10450000000000001,0.07800000000000001,0.22735438042620362,0.7495853700516351,0.0385,0.8135,0.0445,0.003
2155,0.167,0.0755,0.6715,0.09094011852952154,0.1365,0.468540756647044,0.5021065647059613,0.1095,0.7035,0.11358828054154821,0.0115
2156,0.001,0.0025,0.4955,0.0775,0.0115,0.14550000000000002,0.9525,0.001,0.30800000000000005,0.05580792079207921,0.001493593955321945
2157,0.24050000000000002,0.0705,0.6465,0.06794898904922655,0.11399999999999999,0.22677383863080686,0.7824426637955474,0.15299999999999997,0.5251410210818765,0.12725487524423063,0.0075000000000000015
2158,0.6519999999999999,0.08049999999999999,0.769,0.012,0.12,0.337794077794333,0.9504999999999999,0.119,0.5596666666666666,0.2545,0.014000000000000002
2159,0.03799999999999999,0.012,0.6355000000000001,0.021500000000000002,0.0325,0.10850000000000001,0.8845000000000001,0.0165,0.256832892998679,0.137,0.003
2160,0.324,0.08464549537058821,0.7375,0.052954990907253995,0.0855,0.24323710263807805,0.9168088989627533,0.019,0.6279999999999999,0.15880632411067194,0.002
2161,0.175,0.1675,0.708,0.050970297029702974,0.14100000000000001,0.3609026099744332,0.2265852819807428,0.132,0.50075,0.25191792348174763,0.007493593955321945
2162,0.07750000000000001,0.036,0.7025,0.027500000000000004,0.014000000000000002,0.12050000000000001,0.7770668824163969,0.007000000000000001,0.499,0.12350000000000001,0.001
2163,0.337,0.1125,0.7625,0.07037947051595544,0.073,0.30077269085526137,0.8236179828734539,0.1085,0.519775,0.3440553173270369,0.013500000000000002
2164,0.3665,0.10996194225721785,0.6940000000000001,0.015000000000000003,0.11400000000000002,0.19329210869611227,0.6799999999999999,0.22599999999999998,0.48950000000000005,0.2365,0.004999999999999999
2165,0.01,0.014000000000000002,0.47450000000000003,0.014000000000000002,0.028499999999999998,0.12227411477411479,0.907740465416936,0.026000000000000002,0.4365,0.08,0.0005
2166,0.7765,0.034,0.657,0.036263195356844594,0.1015,0.11768913226621736,0.9884999999999999,0.0975,0.5889162263320122,0.28120039037087535,0.006500000000000001
2167,0.029000000000000005,0.0195,0.7444999999999999,0.07849999999999999,0.029000000000000005,0.0965,0.9359999999999999,0.003,0.17550000000000002,0.10900000000000001,0.001
2168,0.34550000000000003,0.10962416178583567,0.5065,0.016999999999999998,0.0675,0.2585122195351026,0.9405000000000001,0.012,0.6668333333333333,0.1542094861660079,0.0015
2169,0.034999999999999996,0.0805,0.8950000000000001,0.009000000000000001,0.0505,0.2849447837202351,0.7335,0.38099999999999995,0.6845823979491741,0.16114599288326925,0.002
2170,0.46299999999999997,0.09931652453036403,0.623,0.016,0.07050000000000001,0.2080281779082714,0.966807347833333,0.032,0.6668328382838284,0.18676960950052812,0.0005
2171,0.024,0.016,0.5715,0.013869456693568516,0.0325,0.19932302158273382,0.9150466691757619,0.016499999999999997,0.5279157871591909,0.06698374122764011,0.013000000000000001
2172,0.275,0.0015,0.4,0.018,0.027500000000000004,0.07733255475429945,0.8895,0.035,0.42400000000000004,0.25599999999999995,0.0005
2173,0.039,0.0455,0.514,0.02447029702970297,0.054000000000000006,0.20150440275719345,0.8309671968350937,0.0305,0.477,0.18444638949671774,0.0045
2174,0.14699999999999996,0.07749999999999999,0.6619999999999999,0.024940594059405942,0.6405,0.19228673502585586,0.8431179828734539,0.07050000000000001,0.509999560246262,0.11812946872249197,0.0055
2175,0.191,0.11798021828103684,0.6465000000000001,0.05682420407785581,0.21600000000000003,0.3474519227154199,0.8585,0.16749999999999998,0.5785833333333333,0.17373567869694057,0.010499999999999999
2176,0.0235,0.03899999999999999,0.45299999999999996,0.005,0.031,0.19700532009759136,0.7084999999999999,0.0185,0.46049999999999996,0.12150000000000001,0.0005
2177,0.031,0.0435,0.652,0.03149999999999999,0.0045000000000000005,0.131,0.8474999999999999,0.018,0.4949990099009901,0.08,0.0005
2178,0.2875,0.013500000000000002,0.555,0.016,0.013500000000000002,0.11977444987775061,0.9179999999999999,0.125,0.32149999999999995,0.186,0.011
2179,0.15699999999999997,0.0405,0.5245,0.04448469387755102,0.127,0.11449999999999998,0.8160000000000001,0.0955,0.6622083333333333,0.15356628632222238,0.0035000000000000005
2180,0.5695,0.1545,0.612,0.09539558496665992,0.11850000000000001,0.2501336650337983,0.580566882416397,0.24699999999999997,0.44791518151815185,0.36571613748050386,0.0095
2181,0.24499999999999997,0.14999999999999997,0.759,0.05045499090725399,0.1475,0.4098224568138195,0.501692064006215,0.0845,0.5694995049504951,0.15179059829059832,0.0095
2182,0.1255,0.23499999999999996,0.8285,0.049,0.10200000000000001,0.22760677613562247,0.5633695463571119,0.08800000000000001,0.7234999999999999,0.08249999999999999,0.0075000000000000015
2183,0.4015000000000001,0.0745,0.5055,0.028500000000000004,0.0915,0.442917795260101,0.7064348873907018,0.2475,0.44845796241345204,0.34252793516477065,0.020499999999999997
2184,0.2885000000000001,0.10350000000000001,0.5355,0.03150000000000001,0.0995,0.20733613033002105,0.06461798287345386,0.1275,0.6508746290801188,0.20746973250932235,0.0045
2185,0.257,0.052500000000000005,0.71,0.026500000000000003,0.048,0.08333038171331167,0.958,0.06500000000000002,0.5755000000000001,0.11744687842278204,0.07949999999999999
2186,0.6769999999999999,0.042,0.534,0.05948469387755103,0.0695,0.10200000000000001,0.95,0.453,0.31375000000000003,0.35649999999999993,0.003
2187,0.11749999999999998,0.1145,0.5905,0.03097029702970297,0.032999999999999995,0.15856730420892554,0.949117982873454,0.0405,0.47925000000000006,0.22876934213844705,0.0025
2188,0.48491399517407785,0.0785,0.6695,0.019384519293050802,0.0825,0.17104935667194918,0.6707948416795391,0.309,0.4615,0.35843159379407613,0.0015
2189,0.14100000000000001,0.047885826771653546,0.554,0.19832087290361688,0.11000000000000001,0.0805,0.983,0.088,0.5137995049504951,0.0905786587440777,0.004
2190,0.26149999999999995,0.14200000000000002,0.635,0.0345,0.1485,0.141,0.8466135515921591,0.06399999999999999,0.48866617161716175,0.25208875672356973,0.0015
2191,0.5475,0.094,0.6685,0.02497029702970297,0.054000000000000006,0.17003427038827632,0.7735,0.1365,0.4002495049504951,0.44302504824079547,0.013500000000000002
2192,0.017,0.0895,0.655,0.00897029702970297,0.0045,0.1735,0.8985,0.008000000000000002,0.4221666666666667,0.043000000000000003,0.0035000000000000005
2193,0.499,0.16149999999999998,0.6795,0.08249999999999999,0.15250000000000002,0.23766651522197463,0.9223088989627533,0.0935,0.41374950495049506,0.2863668953430895,0.0075000000000000015
2194,0.0475,0.05500000000000001,0.716,0.04442528793695697,0.06699999999999999,0.144,0.817,0.019,0.322082892998679,0.048734141128985296,0.003999999999999999
2195,0.3745,0.1875,0.7285,0.02725715428151592,0.15750000000000003,0.18625676654460988,0.8525,0.133,0.583749504950495,0.20030712245137558,0.016
2196,0.05750000000000001,0.023999999999999997,0.4625,0.03047029702970297,0.0045,0.2105,0.9305,0.006500000000000001,0.308,0.06690316205533597,0.0
2197,0.4255,0.096,0.5199999999999999,0.052000000000000005,0.16399999999999998,0.27033960821739905,0.6852359657469076,0.23800000000000004,0.4045407318634238,0.38909274834437085,0.0025
2198,0.297,0.0355,0.61,0.013000000000000001,0.062,0.10854856465186538,0.779617982873454,0.15450000000000003,0.43149999999999994,0.2125,0.0055
2199,0.011,0.009480218281036835,0.35750000000000004,0.0075,0.014499999999999999,0.23255248285592986,0.6540000000000001,0.0075,0.48266622691292865,0.0125,0.0
2200,0.3835,0.07150000000000001,0.6385,0.06229949795165725,0.07050000000000001,0.3875915673762186,0.6319842412984203,0.141,0.43220739794917407,0.1991513569309973,0.038
2201,0.034,0.0235,0.6084999999999999,0.030885349880426655,0.049,0.0976888141295206,0.8710000000000001,0.0085,0.41,0.1814463894967177,0.0
2202,0.0205,0.0115,0.6205,0.017499999999999998,0.03849999999999999,0.1647741147741148,0.6975,0.01,0.3085,0.07749999999999999,0.004
2203,0.42749999999999994,0.13199999999999998,0.668,0.0225,0.0875,0.18393474745578425,0.8707359657469077,0.23349999999999999,0.5055,0.32049999999999995,0.025974209743247545
2204,0.0725,0.1695,0.7390000000000001,0.08175562373376583,0.186,0.6370185019710191,0.5609972374964121,0.0785,0.23700000000000002,0.019,0.015
2205,0.3705,0.11399999999999999,0.6595,0.012,0.0735,0.15762726385339892,0.6509268818362072,0.08750000000000001,0.5148746290801187,0.2803635949258699,0.015484083771865867
2206,0.48749999999999993,0.023,0.5345,0.0958345762456487,0.087,0.09764400256574728,0.9825000000000002,0.0625,0.3162833333333333,0.15170386897543484,0.003
2207,0.09897531413871573,0.1473798857503187,0.834,0.031,0.1365,0.3044632470403321,0.4249109341100431,0.05399999999999999,0.7120828382838285,0.08583887043189369,0.0095
2208,0.257,0.22097396768402158,0.724,0.05744392523364487,0.1115,0.22904795340492162,0.5878697305797017,0.17600000000000002,0.5911648517750316,0.22401578653926962,0.020969074895612744
2209,0.0115,0.046,0.7224999999999999,0.0185,0.014499999999999999,0.16777444987775064,0.9815000000000002,0.023,0.33999999999999997,0.08549999999999999,0.0025
2210,0.359,0.19349999999999995,0.672,0.08127982632896216,0.082,0.6701872041568973,0.8440668824163969,0.1425,0.4752495596653457,0.31769239049195674,0.0075
2211,0.5065000000000001,0.10400000000000001,0.661,0.04892035398230088,0.1025,0.12559114796064588,0.9395,0.1135,0.46900000000000003,0.15144687842278204,0.008499999999999999
2212,0.0195,0.025,0.6045,0.062,0.009,0.12746358214396797,0.8303073478333329,0.0055,0.362,0.14500000000000002,0.003
2213,0.1,0.015,0.571,0.09364073282688454,0.0675,0.10700000000000001,0.8561581632653061,0.006,0.314,0.085236987787316,0.0085
2214,0.015,0.021479890933878663,0.553,0.006399159663865546,0.026000000000000002,0.1865,0.8740358381502891,0.002,0.32987462834489595,0.05583887043189369,0.0005
2215,0.4744999999999999,0.27346194225721787,0.5405,0.03088860686254834,0.125,0.31298460172181264,0.7426877523888218,0.545,0.4846828382838284,0.2152905982905983,0.009500000000000001
2216,0.207,0.0625,0.6995,0.18231100499430475,0.07949999999999999,0.23399999999999999,0.9727359657469077,0.07899999999999999,0.49449900990099005,0.08549999999999999,0.0025
2217,0.044000000000000004,0.07429498599821513,0.61,0.031,0.016999999999999998,0.149646247936205,0.5640000000000001,0.0455,0.43,0.10999999999999999,0.002
2218,0.3,0.10647354260089688,0.6549999999999999,0.058179776795868186,0.1255,0.1267744498777506,0.5673584482903898,0.14350000000000002,0.5866666666666667,0.15446293494704993,0.006500000000000001
2219,0.141,0.039,0.5835000000000001,0.0705,0.046,0.11527411477411478,0.8721390460781058,0.04750000000000001,0.6237499999999999,0.12790316205533597,0.0005
2220,0.03,0.0075,0.6435000000000001,0.033999999999999996,0.0035000000000000005,0.16499999999999998,0.9545,0.016499999999999997,0.2985,0.07290316205533595,0.0025
2221,0.011,0.013000000000000001,0.623,0.007999999999999998,0.0355,0.16368913226621737,0.9505000000000001,0.0215,0.28016622691292875,0.35086440759875337,0.005462646727403049
2222,0.5984999999999999,0.017499999999999998,0.495,0.0315,0.052500000000000005,0.12496265276032745,0.505,0.213,0.2885,0.4305,0.001
2223,0.5115000000000001,0.5554541859650584,0.8644999999999999,0.0863295655254564,0.13,0.44264377406931965,0.7209437302711326,0.4655,0.4221662269129288,0.05830712245137557,0.008
2224,0.25549999999999995,0.063,0.6399999999999999,0.01847029702970297,0.027500000000000004,0.20040479964728403,0.6853584482903898,0.08449999999999999,0.4214166666666667,0.3788930656714078,0.0035000000000000005
2225,0.32999999999999996,0.1065,0.5509999999999999,0.11622268462066702,0.18,0.28524432112202097,0.7606612964536946,0.10600000000000001,0.3975,0.23180712245137558,0.025500000000000002
2226,0.199,0.08347354260089687,0.7310000000000001,0.0870799199264519,0.1145,0.24485438042620364,0.817043928840862,0.045,0.6395,0.05600000000000001,0.0115
2227,0.339,0.18900221283035035,0.672,0.053470297029702976,0.0755,0.2759020543512939,0.6685544017114173,0.0945,0.4445,0.12146293494704993,0.024
2228,0.23700000000000002,0.079885221342745,0.502,0.028000000000000004,0.1125,0.24608794926488958,0.1365,0.197,0.5848661916072841,0.1818401463422818,0.008493593955321944
2229,0.45200000000000007,0.17247354260089684,0.6425,0.056440594059405935,0.14200000000000002,0.4781918780259444,0.7369768982973988,0.133,0.35474950495049506,0.4228137737658716,0.03549685846560847
2230,0.3825,0.143,0.659,0.07647029702970295,0.0935,0.183,0.780251747706248,0.09,0.5249991887454645,0.1443660970023859,0.025500000000000002
2231,0.014000000000000002,0.0105,0.9460000000000001,0.01144392523364486,0.12250000000000001,0.27772506888090986,0.14643661299609864,0.013500000000000002,0.9015000000000001,0.0205,0.0045000000000000005
2232,0.015000000000000003,0.016999999999999998,0.5105,0.08783073432271703,0.032,0.101,0.8885,0.014000000000000002,0.2990319781855587,0.11904406037437856,0.001
2233,0.693,0.012,0.5535,0.0034999999999999996,0.0855,0.15899810351211952,0.9975000000000002,0.1165,0.3985995245641838,0.33150748066451236,0.0025
2234,0.008,0.0045,0.5345000000000001,0.041,0.041999999999999996,0.1075,0.9035,0.0075,0.24133333333333334,0.14430792079207921,0.0085
2235,0.14899999999999997,0.0034999999999999996,0.43149999999999994,0.04848469387755102,0.0395,0.14450000000000002,0.8855000000000001,0.004999999999999999,0.2055833333333333,0.11716024180307479,0.0055
2236,0.1325,0.06899999999999999,0.6555,0.05845499090725399,0.0355,0.17099999999999999,0.9585000000000001,0.027999999999999997,0.4215833333333333,0.10357500152010428,0.013500000000000002
2237,0.41900000000000004,0.16047354260089688,0.8030000000000002,0.05347029702970296,0.11199999999999999,0.24683379364113223,0.9540668824163971,0.069,0.609,0.15581248649910362,0.0095
2238,0.394,0.1525,0.6930000000000001,0.021,0.13349999999999998,0.32319132606773404,0.5271523655023715,0.096,0.597,0.275,0.02399375616168255
2239,0.0955,0.05884307169998589,0.5970000000000001,0.04842035398230089,0.0465,0.09837066543175439,0.9416179828734539,0.039999999999999994,0.475,0.269,0.00999045242093041
2240,0.05850000000000001,0.022000000000000002,0.5824999999999999,0.016000000000000004,0.08800000000000001,0.22947713739771186,0.005,0.0325,0.8030000000000002,0.037446389496717726,0.0005
2241,0.004999999999999999,0.0095,0.6184999999999999,0.026000000000000002,0.013000000000000001,0.181,0.8190668824163969,0.0095,0.306,0.311403162055336,0.0005
2242,0.182,0.17149999999999999,0.806,0.05894059405940594,0.11750000000000001,0.18221855508630955,0.924,0.047,0.6423995049504951,0.21870518710249373,0.0115
2243,0.2835,0.0115,0.6025,0.06,0.04000000000000001,0.1335,0.41511798287345386,0.049,0.3035,0.07049999999999998,0.006
2244,0.172,0.098,0.666,0.14147029702970298,0.1025,0.13530035658545367,0.9845,0.013499999999999998,0.4771156965577793,0.18361960895047919,0.017497846255798543
2245,0.1575,0.11699999999999999,0.8310000000000001,0.04947029702970297,0.1255,0.42373252873318734,0.5168694342060915,0.10700000000000001,0.7453333333333335,0.07470550519521531,0.0125
2246,0.2815,0.0035000000000000005,0.534,0.05247029702970296,0.013999999999999999,0.275,0.6735668824163971,0.028000000000000004,0.3318996827914354,0.11099999999999999,0.004
2247,0.0305,0.0,0.5865,0.026000000000000002,0.007000000000000001,0.144,0.8364999999999998,0.017,0.21200000000000002,0.0485,0.0
2248,0.058499999999999996,0.13949999999999999,0.9450000000000001,0.0015,0.06999999999999999,0.16167283257048967,0.506,0.399,0.44308333333333333,0.21350000000000002,0.0
2249,0.13199999999999998,0.094,0.676,0.026399159663865544,0.0385,0.14177411477411478,0.9312033529250892,0.06749999999999999,0.42299900990099015,0.177545912117265,0.008000000000000002
2250,0.12150000000000001,0.05500000000000001,0.626,0.02197029702970297,0.07799999999999999,0.21318913226621733,0.49373585359588734,0.1545,0.5285,0.12511504324345477,0.0185
2251,0.513,0.0945,0.7689999999999999,0.0225,0.064,0.20272367472775107,0.9050668824163969,0.148,0.63425,0.2444039603960396,0.01
2252,0.42350000000000004,0.23647354260089687,0.681,0.04341422226334783,0.094,0.1993776282590412,0.6593914165284678,0.17149999999999999,0.6491990099009901,0.251253202533454,0.016
2253,0.179,0.10030013870720414,0.5235,0.09194392523364485,0.0495,0.10294048347950505,0.703240465416936,0.122,0.43349950495049505,0.15399999999999997,0.004
2254,0.26849999999999996,0.06999999999999999,0.7095,0.11841422226334783,0.0595,0.1848112661609873,0.921934302252245,0.1305,0.6214999999999999,0.14618778882248887,0.012986434669090597
2255,0.013500000000000002,0.1745,0.7825,0.0655,0.1115,0.17546009696882356,0.9040668824163969,0.0185,0.485,0.0725,0.0
2256,0.299,0.04650000000000001,0.6385,0.036,0.097,0.11500000000000002,0.9485853700516351,0.1895,0.36433333333333334,0.37690316205533597,0.0055000000000000005
2257,0.5435000000000001,0.1405,0.642,0.056999999999999995,0.1045,0.17693296252163976,0.6751179828734538,0.384,0.5016995249406175,0.3149039603960396,0.02599677526045973
2258,0.36400000000000005,0.21200000000000002,0.65,0.047794501107558784,0.17150000000000004,0.9674187300834062,0.5702650992421908,0.17500000000000002,0.4904152909478531,0.24444831184334567,0.0315
2259,0.095,0.0064613368283093055,0.6745,0.04189891614089885,0.063,0.1380482885085575,0.611,0.0465,0.39216666666666666,0.0455,0.0015
2260,0.0709139951740779,0.13542926829268292,0.5085,0.1365,0.08549999999999999,0.1375,0.7626848652898508,0.028000000000000004,0.44475,0.2279312370593146,0.0005
2261,0.10899999999999999,0.0675,0.85,0.008000000000000002,0.0875,0.18547922842249312,0.7005,0.40599999999999997,0.6845823979491741,0.17840396039603962,0.0045
2262,0.008,0.007000000000000001,0.5925,0.06823057587391392,0.027500000000000004,0.10400000000000001,0.877,0.0075,0.24900000000000003,0.0645,0.0
2263,0.24099999999999996,0.20092926829268293,0.702,0.06845998775135245,0.0895,0.3131075847097152,0.3862359657469078,0.11099999999999999,0.6155,0.2449315937940762,0.0185
2264,0.38699999999999996,0.0215,0.527,0.0235,0.066,0.0806518161958234,0.8800668824163971,0.12149999999999998,0.43000000000000005,0.30194638949671776,0.0005
2265,0.6045,0.04,0.6664999999999999,0.01877450455342042,0.167,0.10700000000000001,0.975,0.16099999999999998,0.49062456024626205,0.29791732619208283,0.0105
2266,0.356,0.11000000000000001,0.6855,0.038,0.1045,0.2768870355638147,0.563573419331366,0.08349999999999999,0.5984166666666667,0.1609629349470499,0.024987666342096725
2267,0.326,0.2455,0.7555,0.06148969072164948,0.05249999999999999,0.70883090913846,0.8569893329713094,0.119,0.5125,0.2848932679194997,0.0165
2268,0.017499999999999998,0.015000000000000003,0.43200000000000005,0.038984693877551026,0.012,0.14750000000000002,0.929980930833872,0.0105,0.24029920848492142,0.09145119490641837,0.003
2269,0.018500000000000003,0.0215,0.4995,0.06433951020030479,0.02,0.11900000000000002,0.9475,0.013000000000000001,0.23630801687763717,0.09029639290598887,0.006500000000000001
2270,0.677,0.06899999999999999,0.757,0.018454990907253988,0.1335,0.1972207128127439,0.9604999999999999,0.121,0.48125,0.22544687842278205,0.01
2271,0.2285,0.06,0.5359999999999999,0.018500000000000003,0.10100000000000002,0.20198202938364881,0.0932359657469077,0.133,0.63725,0.15979594104877143,0.004
2272,0.743,0.0955,0.5465,0.022,0.0935,0.2910364845161243,0.6058584482903899,0.052500000000000005,0.5,0.233,0.006500000000000001
2273,0.0055,0.0505,0.5755000000000001,0.065,0.009,0.24055878316620918,0.9151179828734538,0.0125,0.3665,0.072,0.0
2274,0.165,0.0645,0.668,0.04480914147837353,0.077,0.1345,0.9629999999999999,0.07799999999999999,0.6090731979112317,0.11471685372268758,0.0085
2275,0.1255,0.11600000000000002,0.673,0.040918141656119025,0.1075,0.17535410094637224,0.7353583361393694,0.034,0.5460819587763526,0.12574091039970683,0.008
2276,0.016,0.016,0.5045,0.019,0.0025,0.17864400256574728,0.8030000000000002,0.0025,0.503,0.026000000000000002,0.0005
2277,0.066,0.16899999999999998,0.8699999999999999,0.10381593894896082,0.16399999999999998,0.6285670666228844,0.5208398523010728,0.0865,0.2815,0.017,0.006
2278,0.0085,0.015500000000000003,0.5740000000000001,0.06394392523364487,0.002,0.1796885521885522,0.9832763035672251,0.010499999999999999,0.3195,0.05951324503311258,0.0025
2279,0.37,0.15247396768402152,0.6309999999999999,0.05697029702970298,0.125,0.07672360557768924,0.7273976468807234,0.10400000000000001,0.5772908554121311,0.13302161455446893,0.026500000000000003
2280,0.09749999999999999,0.005,0.623,0.0235,0.025500000000000002,0.1375,0.958,0.039,0.3295,0.15140316205533597,0.001
2281,0.127,0.23892327908552718,0.8380000000000001,0.031294501107558784,0.047,0.15687429445482684,0.7106135515921592,0.088,0.3981246290801187,0.19774382285740283,0.0185
2282,0.4335000000000001,0.0385,0.5650000000000001,0.013000000000000001,0.1365,0.13599999999999998,0.8063495173390669,0.176,0.6054161716171618,0.19964014984265196,0.015
2283,0.2105,0.0305,0.7685,0.08307989070106402,0.15150000000000002,0.30940205435129386,0.6514314397761843,0.052500000000000005,0.5155000000000001,0.09573698778731601,0.0055
2284,0.038,0.0125,0.5755000000000001,0.028000000000000004,0.021,0.07714400256574727,0.975,0.011000000000000001,0.3976662269129288,0.076,0.0
2285,0.08,0.058499999999999996,0.8324999999999999,0.0155,0.1275,0.21927444987775063,0.93,0.021,0.6649995049504951,0.05794638949671772,0.001
2286,0.5609999999999999,0.026000000000000002,0.728,0.0095,0.095,0.077,0.966,0.328,0.5746333333333334,0.12544687842278204,0.011
2287,0.176,0.008,0.608,0.016,0.031000000000000007,0.11753427038827631,0.9279999999999999,0.0865,0.23149999999999998,0.2975,0.0015
2288,0.1825,0.0295,0.641,0.013500000000000002,0.0965,0.1485,0.85,0.0745,0.59475,0.1825,0.0005
2289,0.252,0.1165,0.7189999999999999,0.022384519293050804,0.097,0.2798365902846742,0.8471927228752409,0.0445,0.5941662269129288,0.1145,0.0015
2290,0.1675,0.015,0.643,0.006999999999999999,0.0315,0.11137794639573798,0.907,0.0675,0.40625,0.1485,0.0025
2291,0.004,0.001,0.5265,0.048,0.006500000000000001,0.154,0.9624809308338721,0.0245,0.32426635021097044,0.08217549668874172,0.0
2292,0.12399999999999997,0.0155,0.675,0.07094392523364486,0.05550000000000001,0.13312821572048703,0.9380000000000001,0.0005,0.3398333333333333,0.11859851908267749,0.017499999999999998
2293,0.219,0.1035,0.7825,0.032470297029702964,0.07749999999999999,0.1634344569341307,0.895107425166111,0.0225,0.5363236582360085,0.13985788400456317,0.03149999999999999
2294,0.2745,0.07200000000000001,0.6395000000000001,0.10592035398230089,0.0765,0.13699999999999998,0.9019999999999999,0.065,0.45649999999999996,0.21950000000000003,0.013000000000000001
2295,0.27149999999999996,0.063,0.7815000000000001,0.04688,0.059,0.12031796257017162,0.9552250456817031,0.028000000000000004,0.3875,0.1135,0.0015
2296,0.21150000000000002,0.085,0.7424999999999999,0.04897338204512039,0.13399999999999998,0.23896324704033214,0.8440668824163969,0.10149999999999999,0.4836156765676568,0.13281769873634863,0.001
2297,0.5349999999999999,0.2665,0.64,0.045,0.0865,0.3143436709995866,0.7257701472705936,0.196,0.4324985701472522,0.36706112332553315,0.0075000000000000015
2298,0.354,0.20400000000000001,0.6385,0.07800000000000001,0.07500000000000001,0.2137741147741148,0.8477281788700914,0.1475,0.49949999999999994,0.42289326791949977,0.019
2299,0.20600000000000002,0.003,0.4035,0.024,0.037,0.13949999999999999,0.8939999999999999,0.0615,0.4035,0.246,0.0015
2300,0.19250000000000003,0.04750000000000001,0.753,0.24804627215945613,0.07,0.28074185631903664,0.6161848652898507,0.0855,0.5423115524595696,0.4474704982751813,0.0
2301,0.24399999999999994,0.07050000000000001,0.7775000000000001,0.02177564846899295,0.0945,0.46305119524872973,0.3120464842278149,0.03,0.5890990555705362,0.3389042002924664,0.0075
2302,0.2455,0.05700000000000001,0.6465000000000001,0.05189800686629792,0.0655,0.19554822954822954,0.7350000000000001,0.0425,0.2881246290801187,0.1690260360297698,0.044
2303,0.26949999999999996,0.13399999999999998,0.7675,0.04548469387755102,0.12899999999999998,0.5659632470403321,0.42988317986268376,0.11850000000000001,0.30700000000000005,0.2988377483443709,0.021
2304,0.14900000000000002,0.0595,0.603,0.0055000000000000005,0.126,0.08854822954822955,0.9096179828734539,0.10500000000000001,0.341,0.3005,0.01149375616168255
2305,0.017499999999999998,0.041499999999999995,0.534,0.04886945669356852,0.0075,0.161,0.966,0.003,0.5118750000000001,0.066,0.0
2306,0.45,0.008,0.5895,0.013984693877551019,0.06999999999999999,0.062,0.887617982873454,0.044,0.396,0.10440316205533598,0.0015
2307,0.1295,0.131,0.792,0.03040504785985191,0.1005,0.3382725533898701,0.43731860141253553,0.10600000000000001,0.37500000000000006,0.152,0.013500000000000002
2308,0.065,0.0075,0.719,0.1615,0.02,0.1405,0.9719999999999999,0.0034999999999999996,0.24450000000000002,0.09999999999999999,0.001
2309,0.188,0.05700000000000001,0.6315000000000001,0.062484693877551026,0.03799999999999999,0.16312883030395423,0.8500290874970677,0.036500000000000005,0.45519952494061755,0.16299999999999998,0.006500000000000001
2310,0.148,0.0155,0.359,0.018,0.078,0.11568881412952062,0.8536179828734539,0.091,0.30900000000000005,0.26543159379407616,0.0
2311,0.698413995174078,0.49892388451443564,0.798,0.009499999999999998,0.1,0.32429606523220034,0.027500000000000004,0.7625,0.35058283828382836,0.07736521702302782,0.0005
2312,0.271,0.11800000000000002,0.746,0.05742861911119588,0.083,0.37366109669166603,0.794029363113785,0.05450000000000001,0.6736662269129288,0.15915215527170093,0.009987666342096722
2313,0.1955,0.05349999999999999,0.37649999999999995,0.016999999999999998,0.136,0.09477411477411478,0.7536909160892996,0.08,0.355,0.28994638949671775,0.002
2314,0.38950000000000007,0.08099999999999999,0.7505,0.026970297029702966,0.03,0.2222721696978555,0.9595,0.11600000000000002,0.453,0.16180712245137557,0.0015
2315,0.039,0.031,0.533,0.19396938775510203,0.057999999999999996,0.141,0.8435668824163971,0.018000000000000002,0.4455,0.1615,0.007000000000000001
2316,0.089,0.022,0.4175,0.0435,0.012,0.21414400256574723,0.9664999999999999,0.0075,0.4271156965577793,0.21775400087415758,0.0034999999999999996
2317,0.1355,0.0455,0.668,0.013000000000000001,0.045,0.056644280205655526,0.7176179828734538,0.149,0.537,0.196,0.0
2318,0.2575,0.20400000000000001,0.7200000000000001,0.0415,0.049999999999999996,0.5093505646926219,0.865117982873454,0.1295,0.48150000000000004,0.3468396574162175,0.009000000000000001
2319,0.025,0.029000000000000005,0.607,0.021,0.021,0.12391811733986206,0.952,0.007999999999999998,0.2975,0.271,0.013500000000000002
2320,0.429,0.1365,0.6035,0.024454990907253994,0.11400000000000002,0.2725672422074403,0.5812516756346785,0.123,0.421,0.15144638949671774,0.019499999999999997
2321,0.0235,0.016999999999999998,0.506,0.06484859461390079,0.029000000000000005,0.17350000000000002,0.945,0.0025,0.32148289299867894,0.07192937977141353,0.0
2322,0.018999999999999996,0.0435,0.914,0.014000000000000002,0.10049999999999999,0.28917876004281406,0.42409385792877935,0.018,0.28825,0.09074091039970685,0.007000000000000001
2323,0.048,0.16876130075234255,0.804,0.1695,0.099,0.2476710740014058,0.7835,0.0315,0.5585,0.062403960396039605,0.0009968584656084656
2324,0.253,0.0055,0.5845,0.0505,0.014000000000000002,0.215,0.6825000000000001,0.036,0.22749999999999998,0.0955,0.0005
2325,0.2205,0.095,0.5545,0.034999999999999996,0.065,0.0945,0.906,0.039,0.28300000000000003,0.4165,0.003
2326,0.2125,0.05635853658536585,0.48599999999999993,0.12144142464678179,0.0615,0.24456432002253137,0.5675,0.14950000000000002,0.3297,0.4106884219839474,0.0015
2327,0.3415,0.1715,0.7145,0.07977982632896215,0.048,0.6695,0.8784832065452612,0.11300000000000002,0.6338333333333334,0.22899648918102264,0.014000000000000002
2328,0.2615,0.1875,0.735,0.04545499090725399,0.11400000000000002,0.5627744498777506,0.57690068511177,0.0975,0.491,0.2415,0.015996858465608464
2329,0.08941399517407791,0.081,0.7565000000000001,0.026000000000000002,0.0335,0.1265,0.9168539486203615,0.016,0.34900000000000003,0.16349999999999998,0.0175
2330,0.33099999999999996,0.119,0.651,0.0538244476008225,0.071,0.22673204734211022,0.6667466561921638,0.1355,0.5261246290801187,0.2958409182378438,0.041499999999999995
2331,0.0015,0.011000000000000001,0.515,0.039970297029702964,0.0325,0.14350000000000002,0.93,0.0015,0.21999999999999997,0.085,0.0025
2332,0.046,0.034,0.49050000000000005,0.027970297029702974,0.028500000000000004,0.1798922539312755,0.8885,0.0215,0.4,0.12049999999999998,0.014000000000000002
2333,0.6234999999999999,0.058499999999999996,0.641,0.03897029702970296,0.08349999999999999,0.12856245500924515,0.965117982873454,0.1305,0.45994920735561917,0.2721131507226443,0.01
2334,0.0125,0.036000000000000004,0.575,0.0095,0.032499999999999994,0.16877383863080683,0.6021178707224335,0.0025,0.441,0.06600000000000002,0.0
2335,0.030000000000000006,0.05349999999999999,0.8615,0.017470297029702972,0.083,0.23518913226621735,0.06999999999999999,0.034,0.24100000000000002,0.04884955155205369,0.001
2336,0.22649999999999998,0.16297396768402156,0.7670000000000001,0.03944059405940594,0.11450000000000002,0.8645927837731626,0.48564250195152797,0.1095,0.550749504950495,0.19090316205533597,0.025
2337,0.299,0.12938338830044266,0.5614999999999999,0.02394392523364486,0.13899999999999998,0.27127144892207344,0.043,0.23149999999999998,0.5945328582739509,0.20677594980185887,0.0115
2338,0.027500000000000004,0.0185,0.659,0.034,0.0055,0.1585,0.9635,0.004,0.5364166666666667,0.04174091039970683,0.008
2339,0.043000000000000003,0.047,0.6775,0.06584450704440326,0.05,0.17933757600096098,0.901,0.027500000000000004,0.3615,0.24614598152688943,0.004
2340,0.023,0.1285,0.8720000000000001,0.011,0.061,0.2995901747078244,0.7230000000000001,0.277,0.6188736248621027,0.23401096779813235,0.001
2341,0.127,0.0295,0.545,0.039443925233644865,0.036,0.19512793957717908,0.838566882416397,0.22400000000000003,0.231,0.22440396039603963,0.001493593955321945
2342,0.34550000000000003,0.195,0.752,0.08547029702970298,0.078,0.4816247130028869,0.6852841675977119,0.11100000000000002,0.4773740099009901,0.19854459916475592,0.0385
2343,0.16699999999999998,0.05050000000000001,0.739,0.10653894941369324,0.093,0.17546324704033214,0.848117982873454,0.133,0.5640000000000001,0.08540316205533596,0.0029748559668530145
2344,0.006,0.0475,0.5415,0.060443925233644856,0.006,0.16799999999999998,0.9056538210237427,0.0215,0.3662495049504951,0.09398182079941365,0.0
2345,0.29999999999999993,0.08296194225721784,0.6905,0.09298469387755101,0.074,0.19332111953833586,0.6955000000000001,0.0785,0.5449999999999999,0.137,0.01799061462729102
2346,0.0155,0.029500000000000005,0.49700000000000005,0.014000000000000002,0.0645,0.16868913226621735,0.5037357414448669,0.0195,0.3735,0.051500000000000004,0.001
2347,0.0625,0.027000000000000003,0.469,0.037443925233644856,0.05500000000000001,0.10699999999999998,0.8970668824163969,0.2285,0.2495,0.20840396039603962,0.001493593955321945
2348,0.0655,0.0045000000000000005,0.5954999999999999,0.05598469387755102,0.007000000000000001,0.17771940233799827,0.93,0.0,0.32616666666666666,0.045,0.004
2349,0.014000000000000002,0.047,0.4835000000000001,0.0095,0.028000000000000004,0.20918913226621733,0.6421178707224333,0.0075000000000000015,0.524,0.06299999999999999,0.0
2350,0.05800000000000001,0.041,0.561,0.07427925787455217,0.0315,0.13727411477411477,0.9090853700516351,0.035,0.4913737482565037,0.11800000000000002,0.0
2351,0.176,0.0695,0.6565,0.04688361001844987,0.078,0.012,0.9185000000000001,0.124,0.61075,0.11935083881882165,0.007000000000000001
2352,0.21050000000000005,0.10798021828103684,0.6409999999999999,0.027484693877551026,0.08149999999999999,0.13062793957717908,0.866,0.1395,0.48287462908011863,0.2379463894967177,0.008
2353,0.28200000000000003,0.1455,0.7095,0.04742528793695696,0.135,0.8193167825073294,0.6030756149780834,0.06899999999999999,0.54587400990099,0.17473533274750694,0.015000000000000003
2354,0.15650000000000003,0.027500000000000004,0.48250000000000004,0.0095,0.0305,0.13318684169367623,0.6135,0.07899999999999999,0.479,0.29418842198394735,0.0
2355,0.817,0.02,0.4699999999999999,0.052500000000000005,0.078,0.14922360557768924,0.6315,0.4925,0.34619952494061756,0.1765,0.005
2356,0.1335,0.0095,0.6914999999999999,0.0595,0.043000000000000003,0.1810485646518654,0.8709999999999999,0.06699999999999999,0.33999999999999997,0.091,0.0055
2357,0.32799999999999996,0.15146133682830928,0.6990000000000001,0.04742372321344284,0.082,0.15900648370653112,0.3443028481633047,0.1555,0.33320833333333333,0.45128842911853156,0.0055
2358,0.4265,0.014480218281036836,0.556,0.017,0.0755,0.07841845244349789,0.991,0.044,0.25416666666666665,0.2458079207920792,0.0075000000000000015
2359,0.37100000000000005,0.07394216053825468,0.7525,0.07642861911119589,0.089,0.3230547267680904,0.475066882416397,0.186,0.6444995596653456,0.16579642997483574,0.011
2360,0.3865,0.24900000000000003,0.618,0.08589891614089887,0.05700000000000001,0.6568013613516818,0.8487138406358984,0.1915,0.4532486248621028,0.3022535119480933,0.02048172491183072
2361,0.1945,0.148385221342745,0.6725,0.024,0.1025,0.31866630368950527,0.31711798287345383,0.0885,0.6101161916072841,0.16839375684556407,0.003993593955321945
2362,0.2555,0.08796043656207367,0.531,0.07200000000000001,0.07999999999999999,0.15327383863080685,0.588,0.1325,0.5635,0.22400000000000003,0.01
2363,0.0655,0.045,0.6020000000000001,0.026500000000000003,0.033,0.11130370486620803,0.8826179828734538,0.076,0.54149900990099,0.14821028450671153,0.003
2364,0.309,0.142,0.5980000000000001,0.036500000000000005,0.0995,0.17219942029476965,0.8171179828734539,0.19,0.496875,0.29585083881882157,0.05248734998378203
2365,0.064,0.0225,0.654,0.023000000000000003,0.018,0.1262744498777506,0.9375,0.017,0.26999999999999996,0.1465,0.0025
2366,0.0875,0.0775,0.364,0.09166651482287473,0.1115,0.24502727670288643,0.7492716917461764,0.038000000000000006,0.49799999999999994,0.17190932444376766,0.006
2367,0.05449999999999999,0.05600000000000001,0.5795000000000001,0.036470297029702975,0.003,0.0765,0.9226538210237429,0.029500000000000005,0.5179162269129287,0.1333079207920792,0.0015
2368,0.07100000000000001,0.0205,0.638,0.06649999999999999,0.043,0.0815,0.8865000000000001,0.0335,0.5794161716171617,0.05349999999999999,0.001
2369,0.253,0.0055,0.5845,0.0505,0.014000000000000002,0.215,0.6825000000000001,0.036,0.22749999999999998,0.0955,0.0005
2370,0.28049999999999997,0.5125,0.644,0.01094059405940594,0.0945,0.2850673367298799,0.5350854830859746,0.1375,0.651249504950495,0.17246293494704995,0.0034999999999999996
2371,0.337,0.1125,0.7275,0.0679050478598519,0.08149999999999999,0.21890461185168056,0.7700200566272788,0.1125,0.634,0.13669376034593425,0.026000000000000002
2372,0.094,0.03898021828103684,0.6515000000000001,0.025,0.0635,0.14268699888669617,0.8709999999999999,0.0345,0.663,0.2158388704318937,0.003
2373,0.22799999999999998,0.174,0.728,0.058954990907254,0.11750000000000001,0.5307948163486078,0.5325439653956938,0.075,0.45849900990099013,0.2813377483443708,0.015495820041799582
2374,0.3085,0.052000000000000005,0.5149999999999999,0.036,0.027499999999999997,0.08945120722715119,0.937,0.1575,0.3085,0.3315,0.002
2375,0.005,0.045,0.44699999999999995,0.011,0.020999999999999998,0.124,0.8561538210237428,0.1165,0.31575,0.0685,0.002
2376,0.126,0.0095,0.4035,0.053000000000000005,0.0695,0.21825153331732922,0.8961179828734538,0.0335,0.23233333333333334,0.34085034989275736,0.024
2377,0.1405,0.21550000000000002,0.7105,0.034410891089108914,0.13,0.35604323321258957,0.34617811423874517,0.11750000000000001,0.4955,0.15,0.011975012169372393
2378,0.24500000000000002,0.20050000000000004,0.614,0.04397029702970297,0.0475,0.14261638154484188,0.8416239990139003,0.089,0.5516662269129288,0.23744687842278198,0.0165
2379,0.101,0.0505,0.5995,0.056999999999999995,0.0225,0.1065,0.9035,0.024,0.40549999999999997,0.16700000000000004,0.0095
2380,0.316,0.1155,0.7050000000000001,0.043500000000000004,0.1155,0.11200000000000002,0.6326115281959585,0.083,0.4145,0.29996293494704995,0.042
2381,0.5269999999999999,0.22034867347739273,0.7755,0.06031313840424668,0.07350000000000001,0.22867678370887584,0.7560989137073258,0.33799999999999997,0.29280713678924486,0.07605032601380637,0.006500000000000001
2382,0.253,0.1945,0.757,0.06661719304862182,0.08049999999999999,0.4141670597811933,0.666,0.093,0.592582397949174,0.2878823475091267,0.039493591850147884
2383,0.4779999999999999,0.04,0.546,0.034499999999999996,0.0345,0.10750000000000001,0.8734999999999999,0.43950000000000006,0.32449999999999996,0.45983774834437086,0.0045
2384,0.05550000000000001,0.0205,0.48250000000000004,0.016999999999999998,0.089,0.11549999999999998,0.658,0.014500000000000002,0.3325,0.045,0.001
2385,0.3815,0.04,0.437,0.06034564191925784,0.1055,0.11331485481721108,0.9089611460356452,0.12899999999999998,0.3476648511941151,0.31232193007284853,0.0045000000000000005
2386,0.221,0.16597989093387866,0.6910000000000001,0.06219959138974733,0.1045,0.4094629708970242,0.5873283500759643,0.0825,0.47828197760464225,0.13330103373422703,0.0425
2387,0.4245,0.18196194225721785,0.6990000000000001,0.05221978904451574,0.1085,0.2814084909992399,0.7728088989627533,0.129,0.516,0.2662417087404104,0.006500000000000001
2388,0.549,0.142,0.769,0.0045,0.0455,0.1560342703882763,0.47811798287345386,0.2305,0.33599999999999997,0.4814629349470499,0.0
2389,0.469,0.36099999999999993,0.6595,0.08148448238831615,0.1085,0.4117377138850218,0.6478028481633047,0.1985,0.400499504950495,0.38599843161014363,0.006500000000000001
2390,0.4525,0.27949999999999997,0.7065,0.06497029702970297,0.0695,0.36834100208090026,0.8272655434856444,0.24349999999999997,0.5250823979491741,0.3169879831878453,0.014000000000000002
2391,0.35,0.0935,0.6990000000000001,0.06442035398230088,0.0775,0.1658007802300574,0.8612249781080784,0.10999999999999999,0.6535,0.13440316205533598,0.015500000000000003
2392,0.0034999999999999996,0.019,0.5690000000000001,0.0435,0.0455,0.16499999999999998,0.9801538210237428,0.009000000000000001,0.407749504950495,0.08533774834437086,0.0015
2393,0.026000000000000002,0.0865,0.9594999999999999,0.07924122688591777,0.152,0.5081888953745766,0.5033193256441748,0.0295,0.821,0.043,0.005
2394,0.225,0.015000000000000003,0.575,0.038,0.034,0.12877183512591878,0.9705,0.12599999999999997,0.38823241852021295,0.19638930128088702,0.003999999999999999
2395,0.2975,0.1358648341948733,0.5775,0.026500000000000003,0.11200000000000002,0.2520824043043165,0.07499999999999998,0.202,0.6073661916072842,0.18389375684556405,0.007999999999999998
2396,0.256,0.0485,0.695,0.03286094804170682,0.021500000000000002,0.07,0.9795,0.0385,0.4930407318634238,0.18185083881882164,0.008499999999999999
2397,0.0155,0.016,0.5940000000000001,0.054479797979797975,0.0115,0.0925,0.9680466691757621,0.0045,0.403,0.15524170874041046,0.01
2398,0.0,0.001,0.6064999999999999,0.0445,0.01,0.17850000000000002,0.8675,0.0005,0.33449999999999996,0.07,0.0
2399,0.2125,0.07849999999999999,0.549,0.046890651012003855,0.028500000000000004,0.2062562014879473,0.911240465416936,0.1105,0.491,0.18250000000000002,0.005
2400,0.07200000000000001,0.0165,0.5984999999999999,0.033,0.017,0.1165,0.9505000000000001,0.0235,0.31816622691292873,0.125,0.001
2401,0.4165,0.10700000000000001,0.6485000000000001,0.07200000000000001,0.1075,0.3761288303039543,0.5994999999999999,0.12049999999999998,0.5149999999999999,0.2700865393393697,0.018500000000000003
2402,0.081,0.029000000000000005,0.5285,0.007000000000000001,0.12999999999999998,0.2031075847097153,0.454,0.072,0.6214999999999999,0.07544638949671773,0.0015
2403,0.025500000000000002,0.013000000000000001,0.5900000000000001,0.016499999999999997,0.0715,0.076,0.4396909160892994,0.012,0.3605,0.03849999999999999,0.0
2404,0.0045,0.023,0.48,0.059,0.001,0.152,0.966,0.0025,0.51,0.051000000000000004,0.0
2405,0.057499999999999996,0.0385,0.704,0.0415,0.033,0.15999120468841097,0.8825000000000001,0.03,0.500832397949174,0.05349999999999999,0.004499999999999999
2406,0.20700000000000002,0.11499999999999999,0.5875,0.022500000000000003,0.152,0.16596300206630282,0.8940853700516351,0.07799999999999999,0.39574950495049505,0.3385,0.004
2407,0.07849999999999999,0.039,0.414,0.004,0.044000000000000004,0.10300000000000002,0.647,0.004,0.2495,0.3525,0.0
2408,0.38049999999999995,0.014000000000000002,0.5085,0.1539414246467818,0.072,0.1772082018927445,0.4456907692307692,0.172,0.34224950495049505,0.5073780140409596,0.002
2409,0.3925,0.186,0.6054999999999999,0.039,0.146,0.13409138357099984,0.5846179828734538,0.152,0.4125,0.4225797808316005,0.00949375616168255
2410,0.267,0.048,0.669,0.0345,0.0735,0.1347744498777506,0.9894999999999999,0.14250000000000002,0.3724162263320124,0.23049999999999998,0.0005
2411,0.5830000000000001,0.20949999999999996,0.649,0.0985,0.141,0.2948006869359555,0.674,0.20350000000000001,0.3999157318634238,0.3313660970023859,0.009
2412,0.2,0.047,0.7540000000000001,0.079,0.09,0.2987326449586384,0.47219858768194334,0.091,0.703332892998679,0.09624091039970682,0.010952211725748229
2413,0.472,0.14350000000000002,0.6134999999999999,0.0245,0.125,0.1350906521949176,0.7144999999999999,0.188,0.57,0.22274091039970684,0.031
2414,0.10200000000000001,0.0455,0.8145,0.0235,0.0405,0.15527383863080685,0.9179999999999999,0.0165,0.0925,0.0455,0.0055
2415,0.094,0.144,0.792,0.0395,0.152,0.15687794639573796,0.6199998150520528,0.052500000000000005,0.679,0.15180215582174986,0.013000000000000001
2416,0.29900000000000004,0.15200000000000002,0.6785,0.0395,0.040999999999999995,0.1691995505562551,0.8347237475887969,0.079,0.420249504950495,0.35300000000000004,0.0025
2417,0.1955,0.052500000000000005,0.6299999999999999,0.05939065101200386,0.040499999999999994,0.1335485646518654,0.8860290874970678,0.045,0.43516666666666665,0.17930712245137556,0.0005
2418,0.1925,0.024,0.825,0.03847029702970296,0.06349999999999999,0.0874630020663028,0.9945,0.07550000000000001,0.6335,0.04875500000000001,0.014500000000000002
2419,0.7290000000000001,0.014499999999999999,0.6184999999999998,0.07298469387755102,0.0235,0.183,0.8365,0.14,0.3235,0.09390316205533597,0.0045
2420,0.9309999999999998,0.039,0.7174999999999999,0.0025,0.07,0.2598258359980369,0.9970000000000001,0.48249999999999993,0.5316666666666666,0.2915,0.005
2421,0.028999999999999998,0.0165,0.6375,0.028500000000000004,0.03400000000000001,0.1121888141295206,0.914,0.009,0.434,0.044,0.002
2422,0.178,0.121,0.7010000000000001,0.040489690721649485,0.12250000000000001,0.23078061199397557,0.331,0.26,0.4175,0.20350000000000001,0.0005
2423,0.2185,0.013000000000000001,0.55,0.0485,0.048,0.0866888141295206,0.8897404654169361,0.036,0.42350000000000004,0.23944638949671773,0.0
2424,0.039,0.0035000000000000005,0.3935,0.03598469387755102,0.0195,0.1125,0.9005000000000001,0.0125,0.23224999999999998,0.10019455868663789,0.0015
2425,0.32,0.0695,0.563,0.027403119068383525,0.045500000000000006,0.14993921499894552,0.7784190949593909,0.1455,0.4191324175628628,0.42699476429895683,0.0125
2426,0.0475,0.05,0.504,0.0225,0.073,0.20123002270558682,0.546,0.02,0.2575,0.0395,0.0005
2427,0.678,0.031000000000000007,0.643,0.05528956715290271,0.0365,0.152,0.9099999999999999,0.043000000000000003,0.4304495249406176,0.17099999999999999,0.0025
2428,0.0385,0.077,0.723,0.09,0.0785,0.143,0.8649675002125207,0.010499999999999999,0.29900000000000004,0.18250000000000002,0.0
2429,0.34950000000000003,0.2654735426008969,0.6255,0.05696252500897758,0.1375,0.13109086848081447,0.7966179828734538,0.16,0.46770739794917404,0.3390233430126046,0.014000000000000002
2430,0.37849999999999995,0.017499999999999998,0.645,0.02895499090725399,0.07050000000000001,0.2903052765233326,0.9870000000000001,0.0765,0.48,0.16513417831920657,0.0025
2431,0.3585,0.028000000000000004,0.8114999999999999,0.052000000000000005,0.10049999999999999,0.18452103334160538,0.989117982873454,0.019,0.179,0.13849999999999998,0.007965508517555417
2432,0.12150000000000001,0.1805,0.7585,0.020943925233644863,0.147,0.2276459553789904,0.7461132197856817,0.1275,0.5954985148514853,0.23103263077782796,0.013500000000000002
2433,0.393,0.176,0.7115,0.03248469387755103,0.11000000000000001,0.8160000000000001,0.5598124443117117,0.08549999999999999,0.41500000000000004,0.23949999999999996,0.016
2434,0.313,0.183,0.5895,0.05800000000000001,0.0775,0.4344443513899853,0.7869877134531554,0.193,0.3555,0.451403162055336,0.05749375616168255
2435,0.0685,0.0165,0.538,0.029000000000000005,0.035,0.14085387045813585,0.916,0.005,0.2305,0.2842428308279333,0.0009811061454645807
2436,0.0025,0.0025,0.6234999999999999,0.037,0.006500000000000001,0.16650000000000004,0.8305,0.0045,0.414,0.0505,0.0015
2437,0.453,0.1485,0.599,0.0315,0.073,0.0937719877979979,0.8965466691757621,0.183,0.396,0.34850000000000003,0.056846138969584445
2438,0.255,0.05650000000000001,0.592,0.07442035398230087,0.019999999999999997,0.11816693239523313,0.8844999999999998,0.13699999999999998,0.49799999999999994,0.20299999999999999,0.014000000000000002
2439,0.014499999999999999,0.008,0.5860000000000001,0.04891422226334782,0.015,0.13,0.9741538210237428,0.0085,0.357749504950495,0.08333774834437085,0.0035000000000000005
2440,0.06500000000000002,0.004,0.7449999999999999,0.128,0.052500000000000005,0.1645,0.9854999999999998,0.006,0.3295,0.0945,0.005
2441,0.18450000000000003,0.13643590994123939,0.6935,0.0720849103046815,0.129,0.40470030768502135,0.5053307218680253,0.059,0.5702912269129288,0.1002653497480693,0.005
2442,0.06250000000000001,0.15750000000000003,0.858,0.01,0.0615,0.16020848137257587,0.767617982873454,0.28700000000000003,0.613832892998679,0.3092417087404105,0.0005
2443,0.6385,0.022884574330450068,0.6775,0.011,0.1745,0.22042776768683078,0.985,0.045,0.5930833333333334,0.20490316205533596,0.002
2444,0.38699999999999996,0.2645,0.6175,0.07644392523364485,0.0315,0.5863391080040941,0.780331823509352,0.14800000000000002,0.4673319587763526,0.3447441067383214,0.01798172491183072
2445,0.516,0.0745,0.696,0.1068845192930508,0.0395,0.16127411477411477,0.9448818321785989,0.1795,0.4558819225133579,0.36377748379379027,0.006496858465608465
2446,0.048,0.0615,0.5269999999999999,0.08740211521152115,0.066,0.07635438042620364,0.8661536360757957,0.203,0.49386619160728423,0.0770245352245538,0.0025
2447,0.05650000000000001,0.027500000000000004,0.5535,0.02848469387755102,0.011000000000000001,0.0905,0.9724999999999999,0.0225,0.3714161716171617,0.10718729989642455,0.0005
2448,0.366,0.259,0.6885,0.041499999999999995,0.08600000000000001,0.2066892304782125,0.8825000000000001,0.08249999999999999,0.4765,0.25349999999999995,0.032
2449,0.3215,0.26549999999999996,0.6649999999999999,0.07688785046728971,0.08099999999999999,0.49664166671743937,0.7304048688762181,0.198,0.4407069587763526,0.36879722831553935,0.019499999999999997
2450,0.067,0.069,0.7575000000000001,0.0165,0.1495,0.18547386871497534,0.5719208310367585,0.055499999999999994,0.64275,0.1140938704318937,0.0015
2451,0.36300000000000004,0.24,0.7005,0.06197029702970297,0.20950000000000002,0.34543303587555674,0.6424424788476,0.174,0.487249504950495,0.4234315937940762,0.0195
2452,0.182,0.25567719376699427,0.6325000000000001,0.0085,0.0725,0.2002516010544039,0.765,0.002,0.7578323432343234,0.11780632411067193,0.0005
2453,0.26349999999999996,0.05,0.761,0.054000000000000006,0.0715,0.1131885521885522,0.974,0.08499999999999999,0.5784999999999999,0.08390316205533596,0.01
2454,0.20099999999999998,0.0295,0.5885,0.0175,0.0295,0.1135,0.8071337648327941,0.097,0.47337462834489585,0.2689039603960396,0.0005
2455,0.24,0.0935,0.712,0.057914222263347824,0.10600000000000001,0.1674354484869997,0.8742577985056965,0.0635,0.5955,0.10743098591549297,0.009000000000000001
2456,0.09050000000000001,0.1133510076514824,0.6839999999999999,0.033,0.1615,0.25057904850750884,0.4510456003422328,0.07699999999999999,0.71175,0.0975,0.003
2457,0.297,0.2584739676840216,0.7224999999999999,0.074,0.10600000000000001,0.3593469876646173,0.5808696184286812,0.1615,0.5325819587763526,0.30746881741730825,0.02
2458,0.0785,0.0695,0.7264999999999999,0.0105,0.029500000000000005,0.1385,0.8530000000000001,0.03,0.363,0.2639039603960396,0.005
2459,0.0695,0.026000000000000002,0.568,0.03797029702970297,0.0105,0.12127411477411479,0.9560000000000001,0.0425,0.40666622691292875,0.18521475749151076,0.0005
2460,0.0445,0.0495,0.6744999999999999,0.0195,0.028999999999999998,0.2547718935545476,0.9484999999999999,0.023,0.34900000000000003,0.16899999999999998,0.0005
2461,0.3485,0.1485,0.6980000000000001,0.14294392523364485,0.10400000000000001,0.16846324704033214,0.7688539486203616,0.2585,0.6327495049504951,0.3002905982905983,0.01493798771808735
2462,0.0095,0.012,0.6495,0.018000000000000002,0.009500000000000001,0.20740266559823764,0.883,0.0015,0.2841666666666666,0.08299999999999999,0.0
2463,0.035,0.022,0.5885,0.033999999999999996,0.023,0.1265,0.9410000000000001,0.0055000000000000005,0.29050000000000004,0.223,0.004999999999999999
2464,0.20599999999999996,0.2145,0.7230000000000001,0.078,0.0795,0.5667410426220482,0.8744999999999999,0.13999999999999999,0.55,0.35344638949671775,0.0195
2465,0.011,0.014000000000000002,0.9175000000000001,0.031964237350650196,0.10149999999999999,0.20660758470971524,0.022,0.017499999999999998,0.9782495602462621,0.02161286183324248,0.002
2466,0.28850000000000003,0.017499999999999998,0.7685000000000001,0.07148469387755103,0.0625,0.181,0.7569719314938154,0.063,0.45899999999999996,0.08800000000000001,0.008
2467,0.30399999999999994,0.22949999999999998,0.6379999999999999,0.049,0.06899999999999999,0.20399894208743513,0.7717296178484915,0.134,0.525832892998679,0.3159463894967177,0.011469074895612745
2468,0.23450000000000001,0.084,0.6359999999999999,0.01094392523364486,0.0825,0.258732574060691,0.563,0.219,0.43266666666666664,0.16735034989275732,0.0075
2469,0.442,0.0635,0.563,0.02339891614089885,0.087,0.1334253055206549,0.7616179828734537,0.27799999999999997,0.4240828382838283,0.45766115272584146,0.008
2470,0.013500000000000002,0.049,0.5595,0.026470297029702973,0.0245,0.1805,0.7825,0.020499999999999997,0.512,0.057499999999999996,0.0
2471,0.516,0.1045,0.632,0.062,0.10800000000000001,0.2398167537066997,0.8638028481633047,0.21150000000000002,0.4969999999999999,0.314946878422782,0.005987349983782031
2472,0.2745,0.088,0.7485,0.0328658819963629,0.155,0.240591797864455,0.9302392762114563,0.3665,0.6048908554121311,0.14618966082548862,0.008
2473,0.259,0.059,0.7185,0.0335,0.11500000000000002,0.13302028106471106,0.717,0.10400000000000001,0.55,0.17700000000000002,0.008
2474,0.48149999999999993,0.2778297076446864,0.6859999999999999,0.0345,0.18,0.3190861482884825,0.4335388139102124,0.09649999999999999,0.29483333333333334,0.40724091039970683,0.01196999644202324
2475,0.007000000000000001,0.009000000000000001,0.66,0.0165,0.004499999999999999,0.21212855082412285,0.9585000000000001,0.0035000000000000005,0.3275,0.06649999999999999,0.0
2476,0.248,0.017499999999999998,0.3075,0.044,0.1315,0.16727444987775061,0.8845000000000001,0.0485,0.31124999999999997,0.2158302250577512,0.0
2477,0.8405000000000001,0.06000000000000001,0.6995000000000001,0.007390651012003856,0.1815,0.14856373737015413,0.9855,0.05500000000000001,0.5961496827914354,0.23212406124823914,0.0095
2478,0.33299999999999996,0.22600000000000003,0.7114999999999999,0.11300000000000002,0.12450000000000001,0.3383053148388314,0.4601134047821366,0.1755,0.44516523623300247,0.23079923499063915,0.018000000000000002
2479,0.6239999999999999,0.095,0.56,0.0405,0.032999999999999995,0.101,0.8720000000000001,0.14550000000000002,0.2435,0.284,0.0025
2480,0.1295,0.07950000000000002,0.8625,0.04312879850899654,0.11300000000000002,0.3340641549488122,0.2085,0.101,0.8153333333333335,0.1278495515520537,0.009
2481,0.2885,0.13,0.6845000000000001,0.03887421001470029,0.08149999999999999,0.1918842629909845,0.7690341216254737,0.22949999999999998,0.3979162263320123,0.3870194193971261,0.001
2482,0.22349999999999998,0.05550000000000001,0.6405000000000001,0.0635,0.0485,0.1465,0.96,0.10800000000000001,0.246,0.36440396039603956,0.0029685668467982164
2483,0.051000000000000004,0.034499999999999996,0.6365000000000001,0.043898916140898844,0.0385,0.0905,0.8234999999999999,0.0034999999999999996,0.27383289299867897,0.2205,0.0035000000000000005
2484,0.11400000000000002,0.031,0.5175,0.0055,0.027499999999999997,0.1691891322662174,0.6729999999999999,0.031000000000000007,0.3927083333333333,0.22999999999999998,0.0
2485,0.4025,0.089,0.6565,0.013500000000000002,0.07300000000000001,0.04246239081935904,0.47411798287345386,0.2485,0.45975,0.4375,0.003
2486,0.002,0.011,0.6234999999999999,0.076,0.08299999999999999,0.1105,0.9480000000000001,0.0015,0.2945,0.08600000000000001,0.0005
2487,0.24899999999999997,0.0595,0.785,0.13980514000622357,0.07400000000000001,0.34168115226794227,0.6376909160892994,0.024,0.5288274239556164,0.4407801285017891,0.0005
2488,0.038,0.02,0.5065000000000001,0.10744059405940594,0.1,0.14568881412952062,0.8815,0.0115,0.479,0.154,0.006487666342096722
2489,0.3185,0.081,0.6535,0.05883366697104779,0.205,0.21211615927862573,0.8039999999999999,0.209,0.5512638616760217,0.19299275423372259,0.008
2490,0.2805,0.16544751028491841,0.621,0.04642528793695696,0.099,0.0665,0.6776755471446716,0.11600000000000002,0.595332892998679,0.12657149770935144,0.021500000000000002
2491,0.1395,0.0315,0.531,0.0375,0.015499999999999996,0.10800000000000001,0.858617982873454,0.07650000000000001,0.41828241793929655,0.2666467912239729,0.001
2492,0.244,0.098,0.582,0.09788034173365334,0.121,0.11735410094637225,0.8806804340085561,0.28900000000000003,0.5216662263320123,0.11667661877626453,0.02
2493,0.7345,0.08349999999999999,0.59,0.05094392523364487,0.07500000000000001,0.21265247751854463,0.8154999999999999,0.23399999999999999,0.3584490298911126,0.30633774834437083,0.002
2494,0.004,0.019000000000000003,0.5740000000000001,0.028500000000000004,0.018,0.1535,0.817,0.004,0.3815,0.0665,0.001
2495,0.08149999999999999,0.0105,0.5005,0.032489690721649485,0.0055000000000000005,0.1455,0.9245000000000001,0.0165,0.40549999999999997,0.07250000000000001,0.005
2496,0.2925,0.122,0.449,0.03581798236900283,0.1695,0.275920543334934,0.5059613737864724,0.06549999999999999,0.38799999999999996,0.12944638949671772,0.02598452480770519
2497,0.3985,0.047,0.6085,0.03147029702970297,0.1035,0.1620406813331979,0.6645668824163969,0.1285,0.5645,0.21083887043189367,0.004
2498,0.29700000000000004,0.20197354260089684,0.6405000000000001,0.052854663443411457,0.20950000000000002,0.9885000000000002,0.5323242893093549,0.18650000000000003,0.523832397949174,0.20194198191758264,0.029000000000000005
2499,0.33,0.1045,0.6635000000000001,0.013500000000000002,0.043,0.075,0.9029999999999999,0.10800000000000001,0.487,0.1765,0.0115
2500,0.5229999999999999,0.043000000000000003,0.6535,0.050380278844210945,0.099,0.0915,0.9555,0.158,0.5441662269129287,0.199,0.0045
2501,0.5635,0.11750000000000001,0.5630000000000001,0.066,0.10450000000000001,0.14115206116985274,0.6303751998482604,0.19949999999999998,0.30599999999999994,0.34390396039603954,0.006500000000000001
2502,0.0425,0.12035254737821008,0.729,0.007000000000000001,0.013000000000000001,0.1349023304946018,0.7795,0.069,0.28200000000000003,0.24494638949671774,0.0
2503,0.183,0.064,0.807,0.07250000000000001,0.06949999999999999,0.15804980719208456,0.851864317572306,0.047,0.6295,0.11100000000000002,0.0115
2504,0.4554139951740779,0.17250000000000004,0.7245,0.05947029702970297,0.10750000000000001,0.2144633452523273,0.6563071628853857,0.1695,0.44858283828382833,0.3645,0.040451585818930755
2505,0.013500000000000002,0.023,0.655,0.010499999999999999,0.018,0.13873742077477483,0.6026178707224334,0.007000000000000001,0.4345,0.041,0.002
2506,0.24,0.1155,0.7825000000000001,0.06836094804170682,0.1105,0.17232267942598017,0.9870000000000001,0.028999999999999998,0.5902499999999999,0.16505983605876523,0.020968611995313097
2507,0.25649999999999995,0.1305,0.7304999999999999,0.07533860092570385,0.076,0.016,0.8482917431501529,0.12999999999999998,0.63575,0.12785083881882162,0.0034999999999999996
2508,0.0075,0.0115,0.558,0.005,0.0035000000000000005,0.11599999999999999,0.7909999999999999,0.013500000000000002,0.5477500000000001,0.03779184549356223,0.0005
2509,0.025,0.07949999999999999,0.9035,0.019343597769802327,0.10049999999999999,0.299,0.4725938579287793,0.04,0.35550000000000004,0.086,0.006
2510,0.10700000000000001,0.025500000000000002,0.507,0.06482420407785582,0.0455,0.1612741147741148,0.7255,0.0685,0.34308239794917406,0.07357473613168689,0.007000000000000001
2511,0.0195,0.025,0.4225,0.006,0.016,0.15349999999999997,0.6535000000000001,0.0025,0.47825000000000006,0.019,0.002
2512,0.4295,0.213,0.6950000000000001,0.0375,0.10800000000000001,0.3173714850197536,0.8463539486203615,0.152,0.4585,0.3469315937940761,0.025
2513,0.16799999999999998,0.015999999999999997,0.5045,0.017,0.028000000000000004,0.11377444987775061,0.8724999999999999,0.082,0.28049999999999997,0.2264463894967177,0.003
2514,0.38749999999999996,0.08900000000000001,0.40700000000000003,0.020999999999999998,0.072,0.13881508477374835,0.8097254080395647,0.1365,0.4426666666666666,0.33694638949671774,0.12548327137214682
2515,0.0625,0.041,0.562,0.018999999999999996,0.032499999999999994,0.10391307241584329,0.8380000000000001,0.0465,0.41400000000000003,0.1395,0.0
2516,0.45149999999999996,0.16899999999999998,0.693,0.02590907253990705,0.11200000000000002,0.1984629289036354,0.877566882416397,0.2,0.5202500000000001,0.204350040478118,0.0155
2517,0.38049999999999995,0.21399999999999997,0.599,0.09732426696729819,0.078,0.1976414303540866,0.760066882416397,0.2895,0.4408237136860819,0.3501871841647233,0.025
2518,0.03849999999999999,0.0425,0.924,0.1135,0.12150000000000001,0.23160365224244517,0.11599999999999999,0.033,0.917,0.06394638949671773,0.009
2519,0.34900000000000003,0.13799999999999998,0.6954999999999999,0.04804756781957716,0.09200000000000001,0.2625,0.6307358535958874,0.082,0.6236245049504949,0.0962905982905983,0.0085
2520,0.288,0.13947354260089687,0.6980000000000001,0.03341089108910891,0.14950000000000002,0.48710772858023815,0.4796848652898508,0.20800000000000002,0.4371666666666667,0.2125,0.014000000000000002
2521,0.0395,0.051500000000000004,0.5955,0.0115,0.045,0.14285410094637224,0.6784999999999999,0.005,0.21800000000000003,0.3536467912239729,0.0004937561616825501
2522,0.001,0.0085,0.6405000000000001,0.032,0.005,0.17049999999999998,0.97,0.0,0.29900000000000004,0.06949999999999999,0.0
2523,0.016999999999999998,0.04765626945714355,0.6025,0.013000000000000001,0.006500000000000001,0.13866636870539026,0.7765000000000001,0.0385,0.43850000000000006,0.1915,0.0035000000000000005
2524,0.3825,0.17099999999999999,0.5915,0.055499999999999994,0.0695,0.19175561693141155,0.8921179828734539,0.1365,0.446,0.43408185508269226,0.0245
2525,0.032,0.0125,0.44849999999999995,0.03149999999999999,0.0195,0.11299999999999999,0.9331179828734539,0.0034999999999999996,0.3105,0.2829039603960396,0.0035000000000000005
2526,0.5085,0.1765,0.706,0.006,0.10800000000000001,0.10699999999999998,0.9015000000000001,0.146,0.35150000000000003,0.23339277899343544,0.006500000000000001
2527,0.7275,0.1985,0.624,0.0315,0.062,0.1105,0.614133764832794,0.25,0.453,0.3126234971990466,0.0035000000000000005
2528,0.044000000000000004,0.0315,0.45899999999999996,0.034351962458901764,0.068,0.1295,0.20811798287345384,0.052000000000000005,0.6104737481601445,0.06008252963853067,0.0005
2529,0.099,0.11850000000000001,0.796,0.01794392523364486,0.10149999999999999,0.2603170718433964,0.5271178707224335,0.035500000000000004,0.57375,0.0639039603960396,0.0115
2530,0.010499999999999999,0.0375,0.43550000000000005,0.009,0.03300000000000001,0.20718913226621732,0.6591178707224334,0.008,0.544,0.091,0.0
2531,0.0105,0.007000000000000001,0.5935,0.0455,0.0035000000000000005,0.166,0.885,0.003,0.311,0.0615,0.003
2532,0.298,0.061999999999999986,0.655,0.11099999999999999,0.0665,0.162,0.619,0.0635,0.656,0.078,0.002
2533,0.001,0.0015,0.5599999999999999,0.033,0.0095,0.129,0.9400000000000001,0.0035000000000000005,0.325,0.06549999999999999,0.0
2534,0.26749999999999996,0.08349999999999999,0.8015000000000001,0.054000000000000006,0.07849999999999999,0.3355094334427561,0.6136148549083675,0.133,0.4255,0.1434463894967177,0.174
2535,0.2625,0.2625,0.7364999999999999,0.052000000000000005,0.0675,0.7563938621082374,0.8446848652898508,0.1335,0.48150000000000004,0.3524463894967177,0.029000000000000005
2536,0.2125,0.13999999999999999,0.8685,0.02145499090725399,0.0965,0.15,0.9324764311638436,0.0185,0.31249999999999994,0.1075,0.0095
2537,0.24699999999999997,0.2079735426008969,0.7495,0.039484693877551026,0.15250000000000002,0.2938404383614127,0.5953916075353651,0.1035,0.4335,0.2695,0.0454875123233651
2538,0.068,0.08349999999999999,0.6405000000000001,0.065,0.197,0.08449999999999999,0.8125,0.077,0.5667500000000001,0.1744039603960396,0.003
2539,0.3325,0.071,0.605,0.06348469387755103,0.0975,0.12349999999999998,0.981546669175762,0.039,0.48949900990099016,0.14354915493860523,0.005479846786413208
2540,0.4085,0.14300000000000002,0.6435000000000001,0.030500000000000006,0.093,0.15184606134659823,0.9385,0.1325,0.4656995249406176,0.3088508388188217,0.05248420844939049
2541,0.0375,0.0985,0.4805,0.003,0.03150000000000001,0.16918913226621737,0.6356178707224335,0.0445,0.5845,0.046,0.0
2542,0.0485,0.24392926829268288,0.8480000000000001,0.023,0.0915,0.16351525443127946,0.7705,0.47850000000000004,0.4578328929986791,0.3828508388188216,0.0035000000000000005
2543,0.032,0.041499999999999995,0.454,0.06769650028008173,0.04,0.14635410094637225,0.8724999999999999,0.05450000000000001,0.28216660590743625,0.1749221718577388,0.013500000000000002
2544,0.014500000000000002,0.017,0.5005,0.016000000000000004,0.013000000000000001,0.0985,0.7205,0.06,0.6115,0.03279184549356223,0.002
2545,0.04,0.062,0.909,0.052500000000000005,0.0895,0.3626614118133092,0.147,0.029000000000000005,0.8800000000000001,0.065,0.0055
2546,0.38950000000000007,0.2205,0.7815,0.09078510110380919,0.0875,0.39429641577905045,0.6008027360122843,0.08650000000000001,0.4839666666666666,0.32840316205533593,0.016496775260459735
2547,0.6960000000000001,0.08199999999999999,0.5845,0.028999999999999998,0.10500000000000001,0.2434173395407881,0.5741848652898509,0.31,0.2565,0.32175271360738966,0.005
2548,0.46099999999999997,0.0475,0.6359999999999999,0.0755,0.049,0.1055,0.9675,0.127,0.2895,0.2085,0.011000000000000001
2549,0.0165,0.06590091116173122,0.6199999999999999,0.0125,0.069,0.4125,0.45395644488500675,0.069,0.40499999999999997,0.021500000000000002,0.0095
2550,0.5875,0.19368547944687337,0.6995,0.06269037456391477,0.092,0.20772282257682848,0.7501179828734538,0.2899999999999999,0.48142499999999994,0.3283414071639081,0.0305
2551,0.386,0.03900000000000001,0.8329999999999999,0.2533428413745437,0.06849999999999999,0.1435,0.9945,0.013500000000000002,0.669582397949174,0.14725400087415758,0.0005
2552,0.20950000000000002,0.06846017854559731,0.5755,0.05691422226334782,0.1065,0.23432905049565508,0.5319999999999999,0.086,0.3700823979491741,0.15378017120247583,0.003
2553,0.394,0.0965,0.6785,0.011000000000000001,0.0665,0.08600000000000001,0.631066882416397,0.21150000000000002,0.3449995596653456,0.3699463894967177,0.0055000000000000005
2554,0.0785,0.0125,0.325,0.08836664235563771,0.057499999999999996,0.23935410094637227,0.7427358535958873,0.026000000000000002,0.21584918849479884,0.09237954547628847,0.038
2555,0.173,0.057999999999999996,0.5595000000000001,0.03747029702970297,0.052500000000000005,0.12354822954822955,0.7450341216254737,0.036,0.265,0.3965269686690219,0.0
2556,0.28500000000000003,0.073,0.653,0.013000000000000001,0.05299999999999999,0.0715,0.8925000000000001,0.052000000000000005,0.325,0.27199999999999996,0.0125
2557,0.6285,0.149,0.74,0.07238451929305081,0.07800000000000001,0.38731738506721847,0.13161798287345386,0.14900000000000002,0.48413285789751714,0.4080533968988105,0.012987666342096721
2558,0.4345,0.033499999999999995,0.469,0.027000000000000003,0.049999999999999996,0.13164377406931965,0.8717650532439756,0.09,0.47119952494061756,0.25689326791949973,0.019
2559,0.0245,0.041499999999999995,0.48949999999999994,0.027000000000000003,0.014000000000000002,0.1335,0.9195,0.01,0.29450000000000004,0.081,0.0025
2560,0.329,0.277,0.769,0.05028010425971073,0.0805,0.337411368017754,0.6167471514988997,0.229,0.37950000000000006,0.3802905982905983,0.011
2561,0.0125,0.0155,0.587,0.013999999999999999,0.03200000000000001,0.15500000000000003,0.9824999999999999,0.0085,0.27549999999999997,0.054000000000000006,0.0
2562,0.648,0.028000000000000004,0.5265,0.040499999999999994,0.058499999999999996,0.11551060616524907,0.731566882416397,0.254,0.3145,0.4273503498927573,0.0005
2563,0.058499999999999996,0.026499999999999996,0.617,0.0405,0.021,0.10056903764015135,0.9625,0.013000000000000001,0.46699999999999997,0.16140316205533595,0.0025
2564,0.2725000000000001,0.0975,0.627,0.06091422226334783,0.064,0.1315,0.865,0.153,0.5095,0.21031462436042583,0.0015
2565,0.4415,0.1155,0.6285000000000001,0.041499999999999995,0.10450000000000001,0.17346428633857908,0.8517508412252361,0.128,0.5003333333333333,0.403850040478118,0.016
2566,0.372,0.15750000000000003,0.7454999999999999,0.051390651012003866,0.14350000000000002,0.0615,0.9640000000000001,0.12349999999999998,0.47674950495049506,0.133,0.008
2567,0.0395,0.006500000000000001,0.5755,0.049,0.013500000000000002,0.12822360557768925,0.968,0.035500000000000004,0.2865,0.096,0.0034999999999999996
2568,0.1355,0.0895,0.723,0.14798469387755103,0.10700000000000001,0.15742437766808218,0.8480668824163968,0.018,0.5573328929986789,0.127,0.001
2569,0.379,0.03798083829007794,0.612,0.05294059405940593,0.08700000000000001,0.2787596473761683,0.9644999999999999,0.017499999999999998,0.5529999999999999,0.16014407245504278,0.002
2570,0.23399999999999999,0.11042151537390663,0.392,0.12245499090725398,0.07550000000000001,0.26698231666685923,0.6016909160892995,0.034999999999999996,0.32674950495049504,0.17235849900778166,0.0005
2571,0.32999999999999996,0.024,0.509,0.03168358739604852,0.1085,0.08650000000000001,0.9324999999999999,0.081,0.3453661916072842,0.11661424490275114,0.018
2572,0.0105,0.06749999999999999,0.4545,0.039,0.041,0.11149999999999997,0.6715000000000001,0.029000000000000005,0.2575,0.34974170874041044,0.0
2573,0.029000000000000005,0.039999999999999994,0.5645,0.08338118811881187,0.024,0.23399999999999999,0.9905000000000002,0.014500000000000002,0.33699950495049513,0.08255613988028754,0.0025
2574,0.231,0.14327104811439856,0.7209999999999999,0.02198469387755102,0.16349999999999998,0.5833904963189567,0.6307420876838274,0.0815,0.5858333333333332,0.21800000000000003,0.04398766634209672
2575,0.154,0.3015,0.724,0.042686956627190464,0.053000000000000005,0.3096520611698527,0.45593346089170206,0.13399999999999998,0.5783323432343235,0.1678810602423588,0.006
2576,0.0015,0.008,0.5955,0.034999999999999996,0.0195,0.14511638154484188,0.931,0.003,0.2945,0.055499999999999994,0.001
2577,0.366,0.041486635944700465,0.6375,0.02792035398230088,0.053000000000000005,0.2790843450766157,0.7729280457717712,0.0905,0.557249560246262,0.18440316205533597,0.014000000000000002
2578,0.3725,0.088,0.6290000000000001,0.0745,0.059,0.10991811733986205,0.7901179828734539,0.1255,0.525,0.37250000000000005,0.03698766634209673
2579,0.06699999999999999,0.08988582677165355,0.875,0.016999999999999998,0.079,0.14862192569666294,0.6669999999999999,0.534,0.5965,0.156,0.0035000000000000005
2580,0.1865,0.23149999999999998,0.7225,0.059,0.15550000000000003,0.11318913226621734,0.8796987060150199,0.035,0.476,0.24279722831553938,0.008499999999999999
2581,0.506,0.019,0.4885,0.015500000000000003,0.0615,0.05499999999999999,0.899,0.1285,0.2859166666666667,0.28425500000000004,0.006
2582,0.1975,0.08099999999999999,0.7985,0.04683457624564871,0.043500000000000004,0.183,0.9785,0.05700000000000001,0.5624574666287243,0.13647874522372977,0.0155
2583,0.025500000000000002,0.019,0.503,0.013970297029702972,0.017499999999999998,0.10554822954822955,0.9269999999999999,0.002,0.30700000000000005,0.2442535119480933,0.0
2584,0.5015000000000001,0.030500000000000006,0.632,0.09417140338535424,0.061,0.19640205435129385,0.8163088989627534,0.178,0.4478319034805855,0.15489009962159067,0.015
2585,0.016,0.0085,0.577,0.031,0.0055000000000000005,0.17496266696266696,0.8827191348844291,0.005,0.37749999999999995,0.11340316205533599,0.001
2586,0.1645,0.019999999999999997,0.48100000000000004,0.030898916140898847,0.057999999999999996,0.23583290633553702,0.664740465416936,0.0395,0.24900000000000003,0.1244039603960396,0.015500000000000003
2587,0.041499999999999995,0.0475,0.519,0.037984693877551025,0.006500000000000001,0.1035,0.9555,0.032499999999999994,0.4199161716171617,0.08963417831920659,0.0025
2588,0.4225,0.1715,0.7430000000000001,0.028954990907253987,0.1355,0.960274114774115,0.6370158912333819,0.0855,0.4749573432343235,0.20973533274750697,0.0155
2589,0.4,0.0895,0.688,0.034,0.044,0.17143314945388108,0.5706470703705218,0.1795,0.3866666666666666,0.4268726098336238,0.009
2590,0.0095,0.0435,0.484,0.011,0.04,0.21218913226621736,0.6301178707224334,0.0075000000000000015,0.5325,0.048,0.0
2591,0.36899999999999994,0.26832070620085974,0.7885,0.03,0.15150000000000002,0.2884894466773183,0.6909483589748232,0.221,0.5465,0.2015,0.0215
2592,0.154,0.3015,0.724,0.042686956627190464,0.053000000000000005,0.3096520611698527,0.45593346089170206,0.13399999999999998,0.5783323432343235,0.1678810602423588,0.006
2593,0.278,0.20200000000000004,0.7140000000000001,0.058809654350665444,0.16499999999999998,0.2366447495513885,0.4153047284865072,0.13,0.40199999999999997,0.24347167630057803,0.026000000000000002
2594,0.36900000000000005,0.05550000000000001,0.523,0.07248469387755103,0.058499999999999996,0.118,0.972164652049216,0.1085,0.37566424671490894,0.2676207701010216,0.009999999999999998
2595,0.41900000000000004,0.15050000000000002,0.6514999999999999,0.06947029702970298,0.095,0.21149999999999997,0.810818630122645,0.088,0.5291654150774767,0.12507473613168688,0.028500000000000004
2596,0.46299999999999997,0.22200000000000003,0.74,0.04534897309349677,0.0995,0.33701833985667434,0.5278028481633047,0.3035,0.459249504950495,0.2057094861660079,0.020995709570957095
2597,0.169,0.084,0.751,0.046,0.039,0.118,0.8615,0.027000000000000003,0.5189999999999999,0.128,0.0025
2598,0.22399999999999998,0.099,0.722,0.006500000000000001,0.0505,0.11927221828623429,0.7728697305797018,0.0985,0.5475,0.22949999999999998,0.003
2599,0.14250000000000002,0.06585853658536586,0.673,0.028000000000000004,0.1035,0.10646297089702421,0.7746179828734538,0.17500000000000002,0.5495,0.18725500000000003,0.004999999999999999
2600,0.1715,0.033499999999999995,0.5885,0.046,0.05900000000000001,0.1328167537066997,0.7365,0.014000000000000002,0.36650000000000005,0.1805,0.004
2601,0.009,0.026000000000000002,0.4494999999999999,0.016,0.009,0.1505,0.6789999999999999,0.0005,0.53225,0.032999999999999995,0.0
2602,0.1405,0.019999999999999997,0.647,0.13842372321344285,0.033499999999999995,0.09424663435747911,0.9145,0.009,0.2843333333333334,0.08967648447771606,0.008
2603,0.292,0.056999999999999995,0.62,0.057840329485005795,0.152,0.0787744498777506,0.9824999999999999,0.053000000000000005,0.554082397949174,0.17580700108525898,0.027500000000000004
2604,0.13949999999999999,0.10600000000000001,0.727,0.10245499090725399,0.13999999999999999,0.5046295172882774,0.370797309128862,0.155,0.17916666666666664,0.5690000000000001,0.01099375616168255
2605,0.398,0.1265,0.6635,0.024943925233644856,0.0925,0.39431657202755355,0.6952719678939792,0.1255,0.5004166666666666,0.268403162055336,0.024
2606,0.18,0.17437308857138495,0.7655,0.029943925233644857,0.0835,0.26054600886036144,0.6563697305797017,0.1645,0.6107495049504952,0.16149999999999998,0.013999999999999999
2607,0.426,0.022000000000000002,0.41600000000000004,0.032999999999999995,0.06499999999999999,0.0615,0.866740465416936,0.093,0.38,0.3515,0.0
2608,0.073,0.0125,0.6265000000000001,0.05500000000000001,0.0655,0.19277411477411474,0.968,0.032999999999999995,0.273,0.24371028450671153,0.0044841252442417625
2609,0.1305,0.2,0.7455,0.07037534488955488,0.096,0.1265,0.9675,0.016,0.28524950495049506,0.13544638949671772,0.03699685846560846
2610,0.08249999999999999,0.017499999999999998,0.5534999999999999,0.05950000000000001,0.023,0.133,0.9355,0.0165,0.38,0.19644687842278202,0.016499999999999997
2611,0.16599999999999998,0.0885,0.7025,0.219864972721762,0.05349999999999999,0.1692741147741148,0.8539426637955472,0.0735,0.530375,0.26617661877626453,0.013999999999999999
2612,0.2305,0.0115,0.5235000000000001,0.10149999999999999,0.0695,0.1852744498777506,0.42961798287345393,0.092,0.4445,0.05800000000000001,0.0045
2613,0.1315,0.09797354260089686,0.7844999999999999,0.041076671775845376,0.0635,0.3972942161703803,0.41016258857356425,0.0925,0.588966794185405,0.31820949614072414,0.0095
2614,0.23700000000000002,0.0885,0.768,0.131,0.1265,0.13832267942598014,0.803804470001299,0.134,0.716,0.1855,0.01597469799561246
2615,0.2895,0.029000000000000005,0.5469999999999999,0.14545499090725397,0.047,0.40385387045813587,0.7765000000000001,0.041999999999999996,0.34933333333333333,0.13940316205533596,0.0055
2616,0.030500000000000006,0.0315,0.71,0.05049999999999999,0.019,0.0716667038090261,0.9030668824163971,0.0395,0.562,0.07,0.0025
2617,0.1845,0.0475,0.5275000000000001,0.05196407532084999,0.057999999999999996,0.0642744498777506,0.9355,0.0795,0.2787819028996691,0.24215311585090085,0.006
2618,0.0095,0.0435,0.484,0.011,0.04,0.21218913226621736,0.6301178707224334,0.0075000000000000015,0.5325,0.048,0.0
2619,0.774,0.126,0.5965,0.04497029702970297,0.1095,0.30226801598145864,0.6363088989627533,0.0375,0.4965,0.2145,0.014500000000000002
2620,0.266,0.06771769216466482,0.37500000000000006,0.053500000000000006,0.0675,0.21915306329276257,0.9535,0.038,0.5425,0.22877040784123173,0.008
2621,0.014499999999999999,0.0025,0.5785,0.044,0.014499999999999999,0.1695,0.751,0.0005,0.37650000000000006,0.062,0.0
2622,0.2985,0.10200000000000001,0.5970000000000001,0.09497692185682563,0.0945,0.15164014899502307,0.9324999999999999,0.23650000000000002,0.3870819581954362,0.2783322629305262,0.020499999999999997
2623,0.33099999999999996,0.18047396768402155,0.76,0.04394059405940594,0.10800000000000001,0.6784604854401556,0.5613464087666847,0.126,0.5311246290801186,0.225640149842652,0.0325
2624,0.189,0.0625,0.5815,0.023943925233644858,0.17450000000000002,0.11122360557768925,0.9209999999999999,0.1395,0.40062499999999995,0.26486609700238584,0.0005
2625,0.5625,0.0795,0.678,0.045914222263347834,0.1165,0.21977838189905957,0.7098757813791503,0.19,0.547,0.2582387162454517,0.006500000000000001
2626,0.1845,0.11900000000000002,0.6885000000000001,0.030319270123199737,0.12350000000000001,0.2014568238051769,0.5421179828734538,0.125,0.49708234323432343,0.3632528618805658,0.011500000000000002
2627,0.079,0.2975,0.7745,0.04290391298499731,0.0635,0.3286621324726477,0.5235808106453056,0.3735,0.6980000000000001,0.07840098064512366,0.011
2628,0.358,0.20087915255073135,0.5835000000000001,0.06591422226334784,0.09100000000000001,0.25131734798670435,0.6733849756537579,0.11949999999999998,0.4720000000000001,0.26,0.033999999999999996
2629,0.10800000000000001,0.18735073693998644,0.6515000000000001,0.3685,0.1145,0.2641045826328716,0.852,0.07150000000000001,0.556,0.1539039603960396,0.002
2630,0.3575,0.18746194225721785,0.6059999999999999,0.02047029702970297,0.097,0.20691822394707024,0.6718897867706506,0.18050000000000002,0.4665828382838284,0.382903162055336,0.007487349983782031
2631,0.11400000000000002,0.11499999999999999,0.702,0.04598969072164949,0.1005,0.33940205435129384,0.45569757272845013,0.08,0.32449999999999996,0.0725,0.0015
2632,0.21400000000000002,0.0455,0.7765000000000001,0.0725456684377162,0.15550000000000003,0.30840205435129386,0.5333822514778725,0.05149999999999999,0.5703333333333334,0.09873698778731602,0.003
2633,0.33,0.1605,0.709,0.0475,0.11200000000000002,0.22291008477551366,0.7490324240664202,0.161,0.5345,0.3546571629294936,0.023500000000000004
2634,0.10200000000000001,0.07548021828103683,0.37,0.09397029702970297,0.077,0.23994558067413047,0.736066882416397,0.0415,0.4135,0.2249096748865739,0.003999999999999999
2635,0.3325,0.257,0.6824999999999999,0.09342861911119588,0.032999999999999995,0.5343114709963042,0.737780538104348,0.15999999999999998,0.5016657318634238,0.34834014634228183,0.013981724911830718
2636,0.014000000000000002,0.005480218281036835,0.384,0.018000000000000002,0.013999999999999999,0.2365048055943162,0.658,0.0075,0.48200000000000004,0.012999999999999998,0.0
2637,0.42000000000000004,0.015,0.23149999999999998,0.06543968478480502,0.069,0.2195154650106889,0.513602720566686,0.1055,0.484124504950495,0.19133774834437087,0.008
2638,0.1135,0.22149999999999997,0.75,0.0905,0.1285,0.14278629417080074,0.7723898323379534,0.067,0.38150000000000006,0.1385,0.008
2639,0.0205,0.0195,0.548,0.046,0.0045000000000000005,0.147,0.8900668824163971,0.013000000000000001,0.421,0.195,0.0035000000000000005
2640,0.071,0.001,0.5660000000000001,0.02291422226334783,0.034,0.133,0.7344999999999999,0.037,0.281,0.043000000000000003,0.0
2641,0.43999999999999995,0.1585,0.5585,0.09186003876710588,0.0745,0.16275699040063682,0.9075,0.23150000000000004,0.399332892998679,0.3223660970023859,0.016
2642,0.0315,0.0425,0.6845000000000001,0.05399999999999999,0.034499999999999996,0.1585,0.914,0.006500000000000001,0.44849999999999995,0.06674091039970684,0.002
2643,0.033,0.008,0.355,0.03481951364616643,0.07100000000000001,0.0765,0.39147850194583633,0.024,0.3095,0.0485,0.0
2644,0.054000000000000006,0.0385,0.8335000000000001,0.028000000000000004,0.14550000000000002,0.19323178540114178,0.618,0.0415,0.7076240099009901,0.10477072962290354,0.0025
2645,0.005,0.06798021828103684,0.9755,0.00794392523364486,0.11950000000000001,0.262096518056787,0.20149999999999996,0.0025,0.9490000000000001,0.0388495515520537,0.008
2646,0.32100000000000006,0.177,0.687,0.06086536054264763,0.048,0.873,0.8821179828734538,0.1335,0.6046995049504951,0.25119395121092053,0.005
2647,0.48949999999999994,0.0915,0.6155,0.03791089108910891,0.293,0.18035410094637222,0.951,0.1095,0.5259162269129287,0.28377085573912914,0.02
2648,0.3105,0.1975,0.6279999999999999,0.035500000000000004,0.11750000000000001,0.18168913226621736,0.7694859878477589,0.149,0.357,0.36750000000000005,0.0394875123233651
2649,0.305,0.054000000000000006,0.6355,0.04100000000000001,0.05,0.09882271202683278,0.9564999999999999,0.035500000000000004,0.4415,0.09340396039603961,0.0045
2650,0.41600000000000004,0.1945,0.5625,0.13380647605576884,0.14750000000000002,0.21146326400727125,0.697200647249191,0.21349999999999997,0.49353986531312116,0.23694638949671773,0.011000000000000001
2651,0.005,0.06390091116173122,0.5389999999999999,0.015000000000000003,0.0225,0.2358782645324347,0.8896538210237429,0.099,0.31874950495049503,0.0855,0.0
2652,0.098,0.09,0.5165,0.014000000000000002,0.1025,0.12614400256574726,0.6980000000000001,0.0435,0.339,0.27599999999999997,0.002
2653,0.5335000000000001,0.27399999999999997,0.768,0.085,0.09,0.17770866425323123,0.7814242910705853,0.27549999999999997,0.5025828382838284,0.4482905982905983,0.0239875123233651
2654,0.19049999999999997,0.11398021828103684,0.7395,0.023,0.11600000000000002,0.12473514718986967,0.7439422606428578,0.1085,0.6479999999999999,0.19649999999999998,0.0155
2655,0.6495,0.091,0.835,0.01147029702970297,0.17550000000000002,0.26473178540114184,0.8675,0.08499999999999999,0.7101666666666666,0.2362310162638706,0.004
2656,0.05,0.0625,0.621,0.002,0.0375,0.0989629708970242,0.4841179828734539,0.006,0.35975000000000007,0.29294638949671775,0.0035000000000000005
2657,0.29800000000000004,0.056999999999999995,0.6184999999999999,0.02897029702970297,0.093,0.13277411477411477,0.8865000000000001,0.030000000000000006,0.618249504950495,0.1241880982371282,0.006500000000000001
2658,0.003,0.002,0.57,0.0395,0.006,0.14400000000000002,0.9355,0.0005,0.3241666666666667,0.0625,0.002
2659,0.2285,0.045,0.643,0.03949999999999999,0.0915,0.022,0.943,0.124,0.442,0.143,0.013499999999999998
2660,0.0615,0.06488656143045865,0.8855000000000001,0.075,0.123,0.22718913226621734,0.17799365210158374,0.044,0.8248333333333333,0.06593159379407616,0.009
2661,0.29900000000000004,0.1585,0.7585,0.03416788749661954,0.0915,0.21808924963284224,0.7871909160892996,0.1,0.5180408195757464,0.2251743310350204,0.005
2662,0.2125,0.09449999999999999,0.8465,0.025015883589267006,0.15349999999999997,0.3429237517437598,0.4417358535958874,0.0965,0.7452495602462622,0.05900000000000001,0.021500000000000002
2663,0.24500000000000002,0.13490694857833035,0.5680000000000001,0.023,0.0975,0.3085889861952735,0.1325,0.1795,0.6863323432343235,0.1417964299748357,0.009993593955321945
2664,0.44349999999999995,0.148,0.6045,0.053825869747715346,0.127,0.3315586319982833,0.7381970291068007,0.169,0.4214162269129288,0.3301563645887899,0.025
2665,0.386,0.1349798909338787,0.644,0.06491422226334782,0.0955,0.1705,0.7691212940633597,0.091,0.5340312350296569,0.12038837141430037,0.031
2666,0.31849999999999995,0.1505,0.5775,0.036,0.078,0.16004828850855746,0.5599904770458163,0.1405,0.5832495049504951,0.21340396039603965,0.004
2667,0.4055000000000001,0.17099999999999999,0.5065000000000001,0.07086393740711183,0.062,0.14002152057372244,0.7873495173390669,0.13699999999999998,0.4431656961813456,0.40074034088484745,0.026987666342096723
2668,0.137,0.086,0.6839999999999999,0.0915,0.085,0.1453653873362956,0.8590514351616818,0.026500000000000003,0.54,0.07073747671338033,0.0055
2669,0.08549999999999999,0.0395,0.6845,0.033499999999999995,0.0495,0.13418913226621734,0.6565668824163969,0.012,0.343,0.0755,0.003
2670,0.0095,0.0435,0.484,0.011,0.04,0.21218913226621736,0.6301178707224334,0.0075000000000000015,0.5325,0.048,0.0
2671,0.2445,0.063,0.49749999999999994,0.08722242671293844,0.058499999999999996,0.13918983432288426,0.866,0.118,0.42741666666666667,0.3472771034805332,0.0049876663420967225
2672,0.061,0.014000000000000002,0.546,0.04945499090725399,0.0335,0.12516590397503088,0.9385,0.053500000000000006,0.5321990099009901,0.12350000000000001,0.002990614627291016
2673,0.303,0.168,0.629,0.0455,0.099,0.20399999999999996,0.6998584482903898,0.1405,0.4493333333333333,0.3094629349470499,0.028499999999999998
2674,0.6434506185037557,0.01,0.603,0.06989915966386555,0.025,0.16318913226621734,0.917,0.089,0.45549900990099007,0.15090316205533597,0.0
2675,0.21550000000000002,0.1005,0.47850000000000004,0.0245,0.118,0.14268686958496046,0.8115,0.08549999999999999,0.4955,0.2108071224513756,0.0045
2676,0.044,0.05500000000000001,0.6199999999999999,0.026000000000000002,0.054000000000000006,0.18645590793147204,0.6645668824163969,0.0085,0.3295,0.065,0.0005
2677,0.049,0.07686571770553222,0.5944999999999999,0.0195,0.030000000000000006,0.199,0.836566882416397,0.0405,0.2605,0.143,0.001
2678,0.49000000000000005,0.2099485782019183,0.6575,0.0615,0.0845,0.26137680914946626,0.694611747126058,0.2745,0.5622495049504951,0.1922441067383214,0.0055
2679,0.1545,0.0245,0.3445,0.012,0.0685,0.09164400256574726,0.8480000000000001,0.1115,0.398,0.31999999999999995,0.001
2680,0.1355,0.052000000000000005,0.4805,0.057999999999999996,0.14150000000000001,0.09709786399302528,0.8514999999999999,0.1065,0.6789157318634238,0.1454039603960396,0.009999999999999998
2681,0.22550000000000003,0.04090091116173121,0.7865,0.10618673390127034,0.07,0.33508737736603844,0.5526179828734538,0.026500000000000003,0.6237443515315467,0.37541098190517747,0.001
2682,0.028500000000000004,0.0,0.4,0.0235,0.006,0.16499999999999998,0.9215,0.0195,0.283,0.07540316205533597,0.0075
2683,0.14300000000000002,0.15148021828103683,0.6559999999999999,0.06,0.1055,0.4371486411516721,0.36906688241639696,0.13849999999999998,0.25225,0.24050000000000002,0.007000000000000001
2684,0.558,0.0755,0.797,0.011860948041706825,0.20350000000000001,0.25850600479065605,0.8916179828734538,0.058499999999999996,0.6717325210752637,0.20747490006706082,0.014499999999999999
2685,0.15200000000000002,0.03772501009456408,0.7194999999999999,0.20137254434484078,0.072,0.25771547074980605,0.9617404654169359,0.023,0.593,0.10280632411067195,0.003
2686,0.13,0.0305,0.7689999999999999,0.04947029702970297,0.12349999999999998,0.19540233049460182,0.5477763963456013,0.054000000000000006,0.4841662269129287,0.13492558997592652,0.011496776326665566
2687,0.023,0.0055,0.6715000000000001,0.073,0.003,0.15750000000000003,0.9915,0.003,0.524249504950495,0.046740910399706834,0.0025
2688,0.2165,0.015,0.3225,0.07581313840424668,0.0665,0.20737513428797763,0.6015388139102125,0.046,0.2575,0.2875,0.010499999999999999
2689,0.05249999999999999,0.0395,0.5275000000000001,0.0655,0.1285,0.09649999999999999,0.876,0.007000000000000001,0.3785833333333333,0.16483774834437087,0.002
2690,0.2905,0.09748021828103684,0.5984999999999999,0.07376812931150067,0.14500000000000002,0.3320070018641292,0.7772517477062479,0.21150000000000002,0.532875,0.25813688573175686,0.004
2691,0.021500000000000002,0.01,0.4715,0.01944392523364486,0.010499999999999999,0.1165,0.9349999999999999,0.0355,0.2904995049504951,0.07697172074815187,0.004
2692,0.0505,0.149,0.921,0.0105,0.089,0.16485545341450672,0.40800000000000003,0.5930000000000001,0.50775,0.11750000000000001,0.0015
2693,0.08349999999999999,0.08900000000000001,0.6519999999999999,0.017499999999999998,0.1155,0.09460665532607472,0.6485,0.062,0.4455,0.4733388704318937,0.006500000000000001
2694,0.163,0.07350000000000001,0.667,0.1113589038922513,0.056999999999999995,0.1529512072271512,0.8715405427497138,0.0465,0.3362916666666667,0.11175351194809328,0.01
2695,0.07949999999999999,0.009000000000000001,0.5635,0.03989891614089885,0.04,0.10899999999999999,0.9315,0.046000000000000006,0.4098662269129288,0.1914882142124393,0.0
2696,0.09849999999999999,0.0875,0.558,0.014470297029702973,0.008499999999999999,0.1353541009463722,0.8785000000000001,0.011500000000000002,0.3883996827914354,0.30320499413026664,0.006500000000000001
2697,0.326,0.279,0.7375,0.07988785046728972,0.07999999999999999,0.6924712400349128,0.7412032101316284,0.181,0.4799574538258575,0.3518508388188216,0.0225
2698,0.13,0.08,0.68,0.0375,0.097,0.18218180336464743,0.7928087521042231,0.014500000000000002,0.315,0.035500000000000004,0.008
2699,0.123,0.0415,0.528,0.028000000000000004,0.0445,0.1015,0.8859999999999999,0.0455,0.316,0.37232549883435445,0.0055
2700,0.422,0.3630000000000001,0.7775,0.020499999999999997,0.08449999999999999,0.4065865534734163,0.6888584482903898,0.25799999999999995,0.453,0.383,0.0215
2701,0.34,0.0675,0.707,0.04986921317060182,0.23700000000000002,0.0905,0.9644999999999999,0.052500000000000005,0.5383491199116077,0.2497583173577939,0.0085
2702,0.004999999999999999,0.0335,0.7084999999999999,0.027500000000000004,0.0225,0.21912855082412283,0.982,0.067,0.4015000000000001,0.08149999999999999,0.0055000000000000005
2703,0.13799999999999998,0.04646194225721785,0.472,0.02221617902606587,0.127,0.19085410094637223,0.48380563639063273,0.048,0.348,0.08449999999999999,0.008
2704,0.3185,0.2414613368283093,0.7,0.06880980723000776,0.1165,0.6076382336133423,0.7666274169343776,0.15050000000000002,0.4540144120212937,0.3435359522318836,0.010499999999999999
2705,0.22249999999999998,0.11399999999999999,0.5730000000000001,0.0455,0.042499999999999996,0.064,0.8980466691757621,0.15750000000000003,0.39449999999999996,0.17850000000000002,0.0185
2706,0.38099999999999995,0.11900000000000002,0.746,0.015898432374018924,0.12399999999999997,0.182,0.9176584163018202,0.11499999999999999,0.5647328935795954,0.16397009341970714,0.026500000000000003
2707,0.465,0.1365,0.6225,0.06100000000000001,0.166,0.1626888141295206,0.9060290874970678,0.17650000000000002,0.5152495602462621,0.2727409103997068,0.034999999999999996
2708,0.29100000000000004,0.14250000000000002,0.6875,0.09629616677741833,0.1025,0.3481768393326803,0.3408915111656568,0.1095,0.4106666666666666,0.13223698778731602,0.006496858465608465
2709,0.5029999999999999,0.16799999999999998,0.581,0.06944059405940595,0.131,0.25577411477411477,0.7792826349226698,0.3055,0.406,0.29094638949671775,0.019
2710,0.386,0.11585254737821009,0.524,0.15344392523364486,0.11950000000000001,0.15069832156543891,0.9704999999999998,0.0675,0.48508289357959544,0.1751307446328801,0.009
2711,0.20900000000000002,0.11400000000000002,0.6880000000000001,0.0465,0.1,0.1527230845177969,0.8465,0.0415,0.5502499999999999,0.284,0.005
2712,0.051000000000000004,0.003,0.6215,0.0375,0.002,0.1318673796470089,0.9719999999999999,0.044000000000000004,0.246,0.10930632411067194,0.0015
2713,0.45499999999999996,0.0095,0.614,0.03294392523364486,0.041999999999999996,0.1255,0.8344937642526041,0.0495,0.5,0.17049999999999998,0.0035000000000000005
2714,0.496,0.024,0.5880000000000001,0.08980103594478153,0.0775,0.18959152172114707,0.8536179828734539,0.125,0.3479152011318406,0.1863139934340857,0.0125
2715,0.29850000000000004,0.0215,0.5315,0.02588534988042665,0.074,0.038188814129520604,0.905,0.072,0.3195,0.34135034989275737,0.008
2716,0.0435,0.039999999999999994,0.5765,0.051970297029702975,0.009,0.1125,0.9560000000000001,0.013000000000000001,0.5174162269129288,0.09874170874041047,0.0035000000000000005
2717,0.5085,0.056499999999999995,0.5255,0.008499999999999999,0.062,0.19323038227045058,0.795,0.169,0.3505,0.2839463894967177,0.0015
2718,0.0245,0.0405,0.6155,0.013000000000000001,0.07700000000000001,0.08954856465186538,0.849,0.0155,0.6341666666666667,0.072,0.0025
2719,0.4445,0.092,0.62,0.055499999999999994,0.089,0.2588105177877219,0.6056582978723404,0.178,0.47750000000000004,0.20396293494704992,0.023
2720,0.078,0.13397396768402153,0.954,0.09481951364616643,0.072,0.16418913226621737,0.9755668824163969,0.06,0.487,0.05133887043189368,0.0025
2721,0.24,0.0615,0.7,0.052470297029702975,0.0645,0.13629520751462693,0.5860095462119442,0.1045,0.6218745049504951,0.32616283639186094,0.009993593955321945
2722,0.0195,0.0365,0.9620000000000001,0.033,0.1105,0.3346646537949652,0.11750000000000001,0.02,0.9555,0.052500000000000005,0.0015
2723,0.38549999999999995,0.0465,0.537,0.05844392523364487,0.1305,0.12027411477411479,0.9745000000000001,0.009000000000000001,0.28650000000000003,0.0485,0.0075000000000000015
2724,0.35750000000000004,0.215,0.7205,0.020499999999999997,0.13999999999999999,0.3450405649614675,0.6304998150520527,0.158,0.5295,0.37497167630057804,0.003
2725,0.1315,0.09797354260089686,0.7844999999999999,0.041076671775845376,0.0635,0.3972942161703803,0.41016258857356425,0.0925,0.588966794185405,0.31820949614072414,0.0095
2726,0.566,0.14896194225721784,0.6950000000000001,0.0807157643644606,0.11299999999999999,0.40104291507589285,0.25488978677065055,0.24499999999999997,0.4925,0.2661880982371282,0.0069876663420967225
2727,0.34049999999999997,0.03,0.74,0.02627925787455219,0.0605,0.11100000000000002,0.9389999999999998,0.055499999999999994,0.4616666666666667,0.13765896039603961,0.0005
2728,0.48,0.0915,0.5005,0.1165,0.058499999999999996,0.1394026689347611,0.8856179828734538,0.354,0.398375,0.39783774834437086,0.040996858465608466
2729,0.18,0.0395,0.6025,0.02996938775510204,0.05550000000000001,0.13872360557768926,0.9256179828734539,0.039,0.5164156765676567,0.08843546908634473,0.0115
2730,0.040999999999999995,0.044,0.6124999999999999,0.013500000000000002,0.06899999999999999,0.21149999999999997,0.4678384620115528,0.036000000000000004,0.3765,0.0354039603960396,0.001
2731,0.13199999999999998,0.052000000000000005,0.5205,0.04298969072164949,0.0715,0.12823711684041758,0.8470000000000001,0.056499999999999995,0.40800000000000003,0.2975,0.014000000000000002
2732,0.34099999999999997,0.15299999999999997,0.674,0.0955,0.129,0.2695429150758929,0.7457516756346785,0.17350000000000002,0.5459999999999999,0.27144638949671773,0.013000000000000001
2733,0.07900000000000001,0.022,0.499,0.04095499090725399,0.0025,0.1875,0.9250000000000002,0.024,0.41633289357959546,0.23658057917230418,0.0005
2734,0.3125,0.0885,0.5945,0.07941422226334782,0.13399999999999998,0.11918913226621734,0.8931179828734539,0.0445,0.454,0.09840316205533597,0.004
2735,0.08249999999999999,0.031,0.625,0.06667491703332935,0.08049999999999999,0.0715,0.8895,0.009499999999999998,0.40549999999999997,0.16794638949671775,0.0175
2736,0.185,0.124,0.7085,0.22686497272176198,0.05449999999999999,0.1738054611707222,0.8259426637955473,0.073,0.5082500000000001,0.23817661877626453,0.0085
2737,0.3645,0.056499999999999995,0.7015,0.028499999999999998,0.0625,0.1576665972915973,0.9640000000000001,0.017,0.28650000000000003,0.14140316205533598,0.001
2738,0.32700000000000007,0.22947989093387866,0.7065,0.1255,0.05550000000000001,0.2524449836295262,0.7356179828734539,0.06849999999999999,0.36794902989111267,0.2125,0.006500000000000001
2739,0.08399999999999999,0.025,0.612,0.08,0.346,0.05885410094637224,0.9380000000000001,0.1025,0.5749166666666667,0.15094638949671774,0.0045
2740,0.6595,0.131,0.799,0.030414222263347834,0.089,0.3820690461454338,0.0915,0.16399999999999998,0.4546328578975172,0.39040932444376764,0.007999999999999998
2741,0.0915,0.052500000000000005,0.7939999999999999,0.39643181818181816,0.066,0.21414377406931964,0.5724267696851868,0.13649999999999998,0.6289999999999999,0.10642933238365422,0.0075000000000000015
2742,0.1315,0.028999999999999998,0.49449999999999994,0.0495,0.046,0.0935,0.9030000000000001,0.08349999999999999,0.248,0.24,0.008499999999999999
2743,0.4925,0.0405,0.5955,0.04188027884421096,0.1075,0.1155,0.976,0.14350000000000002,0.4755000000000001,0.2148071224513756,0.006
2744,0.3,0.07849999999999999,0.3915,0.19541751591623155,0.0675,0.279756431440974,0.651381832178599,0.02,0.2280828382838284,0.224208848900539,0.0015
2745,0.03,0.10500000000000001,0.9315000000000001,0.0235,0.1105,0.23332240328267223,0.07519091608929948,0.051000000000000004,0.941832892998679,0.03777152796360718,0.001
2746,0.20600000000000002,0.029408883538884933,0.6599999999999999,0.015742057473293623,0.0635,0.1045,0.815566882416397,0.011000000000000001,0.5476662269129287,0.0735,0.0095
2747,0.152,0.0395,0.47450000000000003,0.04944059405940594,0.0675,0.08306397396206483,0.907,0.06999999999999999,0.44583289299867895,0.33849999999999997,0.019
2748,0.3465,0.189,0.5980000000000001,0.05881056362526638,0.10800000000000001,0.29309817427379464,0.6782982319340627,0.1755,0.4552495049504951,0.3178388704318937,0.039999999999999994
2749,0.1695,0.1345,0.818,0.050470297029702973,0.1375,0.41025509825599615,0.5309408801606015,0.1835,0.6344161716171618,0.15937389369050073,0.018000000000000002
2750,0.119,0.046,0.623,0.07288860686254833,0.0845,0.1296667038090261,0.9235,0.053500000000000006,0.3891990099009901,0.17596371552456574,0.0034999999999999996
2751,0.11600000000000002,0.028500000000000004,0.8459999999999999,0.04771662154058446,0.06899999999999999,0.4001277090889427,0.1957357414448669,0.095,0.7549999999999999,0.06599999999999999,0.015500000000000003
2752,0.388,0.22040410279547254,0.6415,0.07377982632896216,0.078,0.8803552248282998,0.8201336927612246,0.14600000000000002,0.5435833333333333,0.25802286175743283,0.027500000000000004
2753,0.26,0.16834716359996288,0.764,0.10444059405940594,0.0875,0.12325738112807709,0.9209999999999999,0.17,0.5855578382838283,0.2183784722168582,0.007000000000000001
2754,0.5249999999999999,0.05850000000000001,0.7995,0.0375,0.066,0.3280272767028864,0.811301112085937,0.11000000000000001,0.4081661716171617,0.178,0.03
2755,0.0,0.04496194225721785,0.4959999999999999,0.01847029702970297,0.007000000000000001,0.184,0.727,0.001,0.313,0.05700000000000001,0.001
2756,0.10800000000000001,0.019999999999999997,0.4755,0.0205,0.032,0.10449772035180402,0.8837517477062479,0.07799999999999999,0.39299999999999996,0.23500000000000001,0.0
2757,0.1715,0.03547989093387867,0.7825,0.03998469387755102,0.10500000000000001,0.34537762825904117,0.11918475313883044,0.1045,0.5123333333333333,0.06799999999999999,0.0095
2758,0.1155,0.029000000000000005,0.6965,0.03,0.14950000000000002,0.07127383863080684,0.7367315344656129,0.0095,0.516,0.315,0.0045
2759,0.21541399517407794,0.014499999999999999,0.43800000000000006,0.276984693877551,0.052500000000000005,0.10177411477411477,0.6167120172516136,0.07400000000000001,0.3757495049504951,0.3401766187762646,0.0
2760,0.47750000000000004,0.19198663594470045,0.734,0.04698469387755102,0.11499999999999999,0.10882267942598016,0.7679655835953992,0.202,0.513249504950495,0.22990932444376763,0.028500000000000004
2761,0.09899999999999999,0.055999999999999994,0.5625,0.044000000000000004,0.064,0.13710247043272256,0.6348942864406788,0.051500000000000004,0.593,0.13635034989275735,0.021
2762,0.08800000000000001,0.0245,0.375,0.04944392523364486,0.041499999999999995,0.1055,0.889,0.0365,0.21150000000000002,0.2356880982371282,0.0
2763,0.004,0.033999999999999996,0.5894999999999999,0.037,0.009,0.2325,0.97,0.0015,0.35750000000000004,0.05700000000000001,0.009
2764,0.366,0.22949999999999998,0.6965,0.0455,0.07100000000000001,0.6443239776028133,0.8768028481633048,0.191,0.5434999999999999,0.36889326791949983,0.0115
2765,0.2065,0.031,0.516,0.03,0.083,0.08735410094637223,0.8785000000000001,0.0745,0.420749504950495,0.12953461029558488,0.0125
2766,0.6265000000000001,0.186,0.5740000000000001,0.05800000000000001,0.121,0.12250000000000001,0.7997517477062479,0.2925,0.445,0.4974031620553359,0.006500000000000001
2767,0.217,0.019,0.59,0.0115,0.015500000000000003,0.08568913226621735,0.9145,0.040999999999999995,0.36449999999999994,0.16849999999999998,0.0
2768,0.41200000000000003,0.0665,0.6094999999999999,0.02798469387755102,0.0815,0.12297916930812325,0.883,0.14950000000000002,0.5024990298911126,0.2206885871631925,0.0395
2769,0.236,0.178,0.7464999999999999,0.031382018706187724,0.137,0.45767175063284926,0.47947643116384375,0.2085,0.5801666666666666,0.189850040478118,0.0105
2770,0.19849999999999998,0.17893548485811472,0.667,0.045,0.1325,0.3768220681790364,0.34900000000000003,0.132,0.5285,0.17820743411753054,0.006993593955321946
2771,0.0335,0.0345,0.626,0.0165,0.038500000000000006,0.0876990314830082,0.9142359657469077,0.033999999999999996,0.4589157318634238,0.20990396039603962,0.0045
2772,0.08299999999999999,0.079,0.8920000000000001,0.055904986412997605,0.10200000000000001,0.3075971882640587,0.1903756692281299,0.0945,0.8605996835443038,0.07071352223970602,0.012
2773,0.386,0.091,0.5675,0.05,0.11499999999999999,0.008,0.7971627354320945,0.1285,0.5025819028996692,0.28009854476841867,0.028999999999999998
2774,0.22649999999999998,0.0245,0.6865,0.05499999999999999,0.014000000000000002,0.18077444987775065,0.8205668824163969,0.0605,0.4880000000000001,0.173,0.001
2775,0.29000000000000004,0.10400000000000001,0.6935,0.065,0.06100000000000001,0.26344174984373886,0.881,0.10049999999999999,0.5612495049504951,0.22968778882248891,0.016
2776,0.2505,0.173,0.761,0.01094392523364486,0.0395,0.10585410094637224,0.7485668824163969,0.0625,0.3721246283448959,0.2225,0.002
2777,0.1095,0.05082931684155425,0.7550000000000001,0.02739558496665993,0.07,0.20496976116866428,0.22754464040762024,0.0965,0.48883333333333334,0.0571196089504792,0.0035000000000000005
2778,0.213,0.12540634314942184,0.784,0.05982059405940593,0.1105,0.012,0.47580289274231174,0.11199999999999999,0.548749504950495,0.15899999999999997,0.023
2779,0.028500000000000004,0.008,0.3235,0.024920353982300886,0.067,0.086,0.4277359657469077,0.013000000000000001,0.30700000000000005,0.0475,0.0005
2780,0.3355,0.05500000000000001,0.5990000000000001,0.06665443012064244,0.0785,0.147,0.6453149520820423,0.066,0.5784573432343235,0.1823072304906938,0.006999999999999999
2781,0.0685,0.014961942257217847,0.5414999999999999,0.10847029702970297,0.030500000000000006,0.16349999999999998,0.9025000000000001,0.008,0.5131662269129288,0.05700000000000001,0.0005
2782,0.4135000000000001,0.1505,0.642,0.07097029702970296,0.10300000000000001,0.242,0.7954366129960986,0.089,0.5271654150774767,0.12307473613168689,0.028000000000000004
2783,0.28200000000000003,0.10400000000000001,0.59,0.02147029702970297,0.11950000000000001,0.07250000000000001,0.6415,0.17,0.4443750000000001,0.21819035083737864,0.004
2784,0.7484999999999999,0.036000000000000004,0.6779999999999999,0.02949999999999999,0.0665,0.23821725097985286,0.8504999999999999,0.0635,0.39699999999999996,0.18240396039603962,0.0045
2785,0.041,0.012,0.601,0.068,0.006500000000000001,0.1475,0.9249589815158696,0.008,0.41950000000000004,0.06948261914011729,0.002
2786,0.262,0.15697396768402155,0.741,0.043811547091984544,0.1285,0.8976007236832215,0.5015747316134517,0.10800000000000001,0.5491246290801187,0.19340316205533598,0.030000000000000006
2787,0.051000000000000004,0.0325,0.5519999999999999,0.04897029702970297,0.0075,0.168,0.8525,0.0055,0.5518750000000001,0.05149999999999999,0.0
2788,0.0765,0.035480218281036834,0.8470000000000001,0.04127677308547182,0.077,0.3735118286591366,0.1395,0.1095,0.313,0.4271241303605051,0.001496775260459732
2789,0.093,0.07499999999999998,0.6455,0.125984693877551,0.1145,0.10873708567113897,0.6949611884096278,0.016,0.5412907318634238,0.15833774834437087,0.002
2790,0.09849999999999999,0.042,0.543,0.07670878626034901,0.0225,0.12577221828623428,0.8907577985056964,0.045000000000000005,0.46570702687498644,0.16804688079156724,0.006
2791,0.11000000000000001,0.056999999999999995,0.6115,0.039420353982300885,0.024,0.11191272691956144,0.9115,0.0935,0.5455,0.2522841378410886,0.007000000000000001
2792,0.22350000000000003,0.08097989093387867,0.6255,0.031230046389869363,0.12450000000000001,0.3452299144190848,0.6253446249620219,0.12350000000000001,0.3839495249406176,0.13999999999999999,0.031
2793,0.205,0.07483304374099728,0.625,0.07347029702970297,0.027000000000000003,0.13648293125032648,0.7455,0.040999999999999995,0.4505,0.24640316205533597,0.008499999999999999
2794,0.0015,0.0005,0.6485000000000001,0.043000000000000003,0.006500000000000001,0.14250000000000002,0.9925,0.002,0.349,0.08149999999999999,0.0035000000000000005
2795,0.34500000000000003,0.20750000000000002,0.7045000000000001,0.058384519293050795,0.09300000000000001,0.17241811883646238,0.6817445011888107,0.097,0.5899899392828716,0.1232305273378063,0.0235
2796,0.008499999999999999,0.003,0.625,0.05700000000000001,0.006,0.21399999999999997,0.9685,0.002,0.34199999999999997,0.0915,0.0
2797,0.19,0.27849999999999997,0.7535000000000001,0.03004522894357157,0.177,0.3639330156143454,0.40475779850569643,0.2565,0.5855,0.20550000000000002,0.017499999999999998
2798,0.4835,0.1345,0.6255,0.05344392523364485,0.06999999999999999,0.21540027201848053,0.9009998150520527,0.22199999999999998,0.5531833333333334,0.28128702476506384,0.0185
2799,0.32847530436504013,0.175,0.7910000000000001,0.049949185734900016,0.197,0.4452947975301266,0.6315492175211591,0.084,0.6153730745168307,0.20012268894550655,0.006500000000000001
2800,0.25850000000000006,0.2245,0.7030000000000001,0.052000000000000005,0.0505,0.4223786984138599,0.8616848652898508,0.14550000000000002,0.483,0.3718401463422818,0.008
2801,0.11950000000000001,0.122403497366564,0.622,0.01994392523364486,0.124,0.10829458776240072,0.7681848652898509,0.0965,0.4248746283448959,0.22800000000000004,0.0
2802,0.09000000000000001,0.068,0.6875,0.07,0.14550000000000002,0.1125,0.20800000000000002,0.059,0.4894166666666667,0.10600000000000001,0.005495820041799582
2803,0.3,0.28300000000000003,0.7364999999999999,0.09899999999999999,0.09649999999999999,0.1990426476184159,0.6731179828734539,0.14550000000000002,0.40650000000000003,0.47700000000000004,0.019996858465608464
2804,0.512,0.1045,0.6395000000000001,0.025500000000000002,0.08049999999999999,0.18484530722012252,0.867,0.2555,0.33999999999999997,0.34199999999999997,0.013500000000000002
2805,0.309,0.06849999999999999,0.2735,0.03913780378180502,0.0885,0.23212849520031842,0.7935,0.10400000000000001,0.39199950495049507,0.16919376034593428,0.008
2806,0.35950000000000004,0.29597354260089687,0.646,0.032,0.1495,0.252985452991499,0.7123086399532028,0.1375,0.352,0.45222518824867136,0.0095
2807,0.331,0.133,0.5864999999999999,0.08683457624564872,0.07350000000000001,0.08549999999999999,0.932,0.21549999999999997,0.5999995049504951,0.208350040478118,0.0035000000000000005
2808,0.372,0.21298021828103683,0.7545,0.0705,0.1035,0.6570096216419089,0.916,0.1885,0.51824900990099,0.24589326791949975,0.013999999999999999
2809,0.002,0.0195,0.5095,0.059999999999999984,0.015500000000000003,0.12599999999999997,0.937,0.0,0.25943301687763715,0.10164487079574644,0.006
2810,0.03949999999999999,0.10500000000000001,0.933,0.02644392523364486,0.1265,0.29482240328267223,0.17285844829038985,0.037,0.884082892998679,0.06036756756756757,0.008000000000000002
2811,0.14750000000000002,0.0665,0.77,0.121,0.079,0.181463582143968,0.5322516355552274,0.0475,0.596,0.0804039603960396,0.0045
2812,0.40049999999999997,0.05450000000000001,0.643,0.0465,0.07100000000000001,0.07240266893476109,0.9636179828734539,0.2355,0.47974950495049506,0.20565816205533594,0.13
2813,0.076,0.028999999999999998,0.6405000000000001,0.0175,0.0415,0.1305,0.7804999999999999,0.0165,0.30749956024626207,0.0855,0.006
2814,0.082,0.0335,0.6425,0.0315,0.024,0.1490920773442864,0.7424999999999999,0.026500000000000003,0.48674999999999996,0.15499999999999997,0.001
2815,0.0165,0.0195,0.701,0.06068874507606451,0.022,0.19112855082412286,0.909,0.0115,0.4558328929986789,0.0325,0.001
2816,0.39299999999999996,0.5129802182810368,0.9029999999999999,0.07678455643271039,0.123,0.4921279852322506,0.6448738936897656,0.34500000000000003,0.46099999999999997,0.09748406497445931,0.0155
2817,0.16549999999999998,0.013999999999999999,0.6865,0.02594392523364486,0.052000000000000005,0.14218913226621738,0.38532801928490307,0.145,0.40449999999999997,0.40700000000000003,0.001
2818,0.346,0.2699739676840215,0.7605000000000001,0.05533870187204928,0.1035,0.9445,0.5425510819569086,0.15899999999999997,0.547332892998679,0.25384126868065005,0.05
2819,0.11399999999999999,0.029500000000000005,0.6659999999999999,0.04223350385470258,0.098,0.21654298190645402,0.4704267696851868,0.15900000000000003,0.421,0.06744638949671773,0.014000000000000002
2820,0.252,0.047,0.5535,0.0475,0.045,0.11464400256574728,0.9684999999999999,0.062,0.519,0.11608057917230416,0.0085
2821,0.203,0.008,0.6265,0.057499999999999996,0.0035000000000000005,0.202,0.8185,0.0045000000000000005,0.28250000000000003,0.12299999999999997,0.0045
2822,0.0085,0.010499999999999999,0.595,0.0365,0.0015,0.17977444987775063,0.9795,0.0025,0.3585,0.071,0.0
2823,0.3875,0.13549999999999998,0.6845,0.043,0.0865,0.08099810351211952,0.7026848652898507,0.1345,0.398,0.25233774834437084,0.0024935939553219445
2824,0.1275,0.11797354260089687,0.7875,0.025499999999999995,0.175,0.273388843159458,0.5879858765800575,0.0695,0.6779995049504951,0.10700000000000001,0.005
2825,0.14100000000000001,0.1653397840429015,0.6605000000000001,0.015,0.0945,0.22656990236640687,0.921,0.0035000000000000005,0.6819999999999999,0.13561264822134386,0.0
2826,0.38350000000000006,0.17497354260089687,0.7315,0.045914222263347834,0.0905,0.33835438042620364,0.6317080532106101,0.10099999999999998,0.5524575220787977,0.14950000000000002,0.025500000000000002
2827,0.37,0.178,0.561,0.11011129739812361,0.1765,0.15786331485367702,0.759,0.1555,0.55725,0.21600000000000003,0.013500000000000002
2828,0.5445,0.0485,0.677,0.013163228897555052,0.11850000000000001,0.17777444987775062,0.9050668824163969,0.06999999999999999,0.6538746290801187,0.24054090616781335,0.0034999999999999996
2829,0.1715,0.11887606837606839,0.7345,0.030334197766052735,0.0705,0.43677444987775066,0.6055384784208991,0.06799999999999999,0.46319952494061756,0.15150000000000002,0.018
2830,0.02,0.006,0.5235,0.08965514486178686,0.022,0.16199999999999998,0.938740465416936,0.069,0.3342078382838284,0.07804020947224524,0.0
2831,0.5645,0.6844802182810369,0.9115,0.11463856442720866,0.13,0.4265,0.7501319511565049,0.5309999999999999,0.36066622691292877,0.052807122451375574,0.011
2832,0.271,0.1414613368283093,0.7045,0.012440594059405941,0.077,0.17568913226621735,0.771,0.1155,0.5042408006972805,0.2596874960613872,0.005497846255798542
2833,0.642,0.049,0.5090000000000001,0.08797029702970297,0.123,0.30264200055745955,0.844684865289851,0.2395,0.46889851485148515,0.12002932220694255,0.011
2834,0.0485,0.0595,0.619,0.02489915966386555,0.039,0.14637710437710438,0.902566882416397,0.0225,0.5520828382838284,0.06867661877626455,0.0055
2835,0.029500000000000005,0.0,0.3885,0.0235,0.006,0.16499999999999998,0.923,0.017499999999999998,0.287,0.07540316205533597,0.0075
2836,0.006,0.0155,0.5665,0.035454990907254,0.013500000000000002,0.1633782645324347,0.9189999999999999,0.0085,0.31849999999999995,0.0605,0.006500000000000001
2837,0.142,0.06630316483584583,0.687,0.022209479766165226,0.05800000000000001,0.2684777143928818,0.40763376483279395,0.063,0.6291530553224455,0.2792233081884975,0.003
2838,0.1395,0.04246194225721785,0.579,0.03442334334770589,0.06999999999999999,0.11496391405960611,0.8704999999999998,0.1295,0.5239330168776372,0.10893382860691465,0.004
2839,0.2395,0.22799999999999998,0.6970000000000001,0.030999999999999993,0.0815,0.564285465372426,0.8099999999999999,0.131,0.5382499999999999,0.3084463894967177,0.028500000000000004
2840,0.1315,0.020999999999999998,0.361,0.02081951364616643,0.08349999999999999,0.11218913226621736,0.37069091608929944,0.029000000000000005,0.3370000000000001,0.063,0.001
2841,0.43497530436504006,0.017,0.6085,0.0635,0.027000000000000003,0.09841839497977031,0.9566848652898509,0.0805,0.5015000000000001,0.17764599288326927,0.0015
2842,0.0695,0.10400000000000001,0.5865,0.08528086065496934,0.149,0.4599181188364624,0.4283733158754591,0.093,0.2785,0.051000000000000004,0.0
2843,0.06949999999999999,0.03592388451443569,0.6525000000000001,0.027500000000000004,0.0805,0.1035,0.8071178707224334,0.0425,0.46349999999999997,0.10643159379407616,0.001
2844,0.6535,0.075,0.409,0.013000000000000001,0.10900000000000001,0.11781425777260686,0.897807347833333,0.33549999999999996,0.3845,0.4009463894967177,0.043000000000000003
2845,0.030000000000000006,0.05349999999999999,0.8615,0.017470297029702972,0.083,0.23518913226621735,0.06999999999999999,0.034,0.24100000000000002,0.04884955155205369,0.001
2846,0.2565,0.012429268292682927,0.7345,0.022000000000000002,0.063,0.08177444987775062,0.9504999999999999,0.0905,0.5081666666666667,0.10944687842278203,0.013500000000000002
2847,0.325,0.020999999999999998,0.592,0.0425,0.08199999999999999,0.141,0.6538660525390992,0.06,0.5548323432343234,0.13587563669661762,0.0075
2848,0.32999999999999996,0.1625,0.6180000000000001,0.10534450704440326,0.082,0.3301874108701529,0.5558742302497299,0.17300000000000001,0.491,0.2802905982905983,0.027500000000000004
2849,0.22199999999999998,0.11098021828103684,0.8099999999999999,0.08994059405940594,0.118,0.10954856465186538,0.4859260743628443,0.1085,0.5205,0.11699999999999999,0.02
2850,0.425,0.2965,0.6475,0.020970297029702968,0.1255,0.12921978477870227,0.6733584482903898,0.256,0.4173333333333333,0.5281937603459343,0.038
2851,0.08050000000000002,0.0115,0.505,0.06783033579680887,0.003,0.087,0.9235,0.030000000000000006,0.413,0.14506988669576432,0.0035000000000000005
2852,0.08,0.0095,0.6255,0.0755,0.0205,0.13177411477411477,0.8585,0.013500000000000002,0.317,0.12800000000000003,0.001
2853,0.121,0.017,0.622,0.06038441400576685,0.08249999999999999,0.13142091467177636,0.7879875285052084,0.1255,0.5202246290801187,0.11503940703233588,0.006500000000000001
2854,0.22200000000000003,0.09144183319109651,0.45549999999999996,0.356,0.149,0.2455619279074459,0.9215,0.0945,0.5657495049504951,0.14633887043189367,0.007000000000000001
2855,0.23399999999999999,0.16499999999999998,0.7455,0.05998469387755101,0.17600000000000002,0.46099999999999997,0.43207380245491533,0.14200000000000002,0.4024157312825073,0.19523698778731602,0.018000000000000002
2856,0.22949999999999998,0.1445,0.6719999999999999,0.09,0.142,0.11118657647471346,0.9301179828734538,0.033,0.554,0.16099999999999998,0.0055
2857,0.36699999999999994,0.0775,0.655,0.0315,0.022500000000000003,0.1693631287604376,0.9305122888666849,0.08049999999999999,0.466,0.2955,0.0075000000000000015
2858,0.075,0.018500000000000003,0.5645,0.035,0.006500000000000001,0.13228828277140278,0.8880000000000001,0.008499999999999999,0.263,0.20900000000000002,0.0005
2859,0.5055,0.06297989093387867,0.37,0.03794059405940594,0.07450000000000001,0.3850479534049216,0.31108581779059963,0.36550000000000005,0.4835,0.27649999999999997,0.008
2860,0.471,0.055499999999999994,0.6095,0.012900151962098866,0.1995,0.0745,0.9404999999999999,0.061,0.42037500000000005,0.0932002731771722,0.005
2861,0.20799999999999996,0.1575,0.7535000000000001,0.05598469387755103,0.174,0.7087744498777505,0.43476141801521173,0.06949999999999999,0.315,0.2405,0.018000000000000002
2862,0.32500000000000007,0.16296133682830932,0.6985,0.10747029702970297,0.16150000000000003,0.12577383863080685,0.9115,0.08049999999999999,0.5424999999999999,0.18637847221685822,0.006
2863,0.0025,0.004,0.49349999999999994,0.04288,0.0055,0.174,0.8870000000000001,0.154,0.48650000000000004,0.049,0.0
2864,0.162,0.013000000000000001,0.5965,0.08665851769013996,0.0325,0.176,0.870240465416936,0.0435,0.4246064284212031,0.13451359682063724,0.0015
2865,0.8069753043650401,0.0665,0.867,0.0105,0.155,0.124,0.983,0.042,0.5941666666666667,0.15444687842278204,0.019
2866,0.263,0.19044122776218797,0.8494999999999999,0.1814216034857291,0.125,0.32310426376111223,0.7908722858721953,0.17149999999999999,0.6054157312825074,0.11899164200738262,0.007000000000000001
2867,0.027500000000000004,0.016499999999999997,0.6385000000000001,0.044000000000000004,0.016,0.1405,0.9105000000000001,0.011000000000000001,0.1665,0.163,0.0005
2868,0.0025,0.0335,0.6315,0.039454990907253996,0.0115,0.2085,0.9745000000000001,0.0,0.26416666666666666,0.07390396039603961,0.0055
2869,0.354,0.2374619422572178,0.73,0.045500000000000006,0.14800000000000002,0.3048976331804443,0.6793185580510754,0.213,0.3665,0.37490316205533597,0.0245
2870,0.12349999999999998,0.11547989093387864,0.735,0.04094059405940594,0.14100000000000001,0.5578164917657312,0.46800335237483265,0.08600000000000001,0.341,0.17357865874407769,0.004999999999999999
2871,0.184,0.092,0.6755000000000001,0.05888037979055637,0.061,0.248,0.8965,0.12450000000000001,0.5287499999999999,0.28727961930127377,0.0095
2872,0.341,0.15996194225721788,0.5845,0.026000000000000002,0.10149999999999999,0.312481034762446,0.1255,0.22000000000000003,0.6451666666666667,0.17274330839761778,0.007493593955321945
2873,0.288,0.019499999999999997,0.256,0.04543028478105542,0.0795,0.17914429531464313,0.7366179828734538,0.14150000000000001,0.31074851485148514,0.2671349766599102,0.011000000000000001
2874,0.1275,0.026000000000000002,0.524,0.03239915966386555,0.0315,0.08491811733986204,0.8654999999999999,0.0605,0.4339990099009901,0.2878377483443709,0.006
2875,0.06999999999999999,0.01,0.48,0.005420353982300885,0.088,0.17360758470971524,0.197,0.0365,0.60325,0.053392778993435454,0.0
2876,0.0305,0.055499999999999994,0.5035000000000001,0.013500000000000002,0.030000000000000006,0.1385,0.8245000000000001,0.0075,0.3355,0.34900000000000003,0.0
2877,0.41600000000000004,0.0185,0.5980000000000001,0.01495499090725399,0.06999999999999999,0.0925,0.942,0.06949999999999999,0.5285,0.132,0.007000000000000001
2878,0.29100000000000004,0.24100000000000002,0.658,0.0445,0.068,0.21795433335135,0.8168027360122843,0.16550000000000004,0.536582892998679,0.2459463894967177,0.012969074895612744
2879,0.355,0.17149999999999999,0.691,0.056893924338337606,0.15450000000000003,0.39712092481309463,0.41197355101196925,0.1105,0.31933333333333336,0.2945315086903052,0.014500000000000002
2880,0.844,0.006,0.39849999999999997,0.030999999999999993,0.013000000000000001,0.17272360557768923,0.9109999999999999,0.11499999999999999,0.361,0.22590316205533595,0.001
2881,0.001,0.006500000000000001,0.578,0.08763251743036707,0.015000000000000003,0.118,0.9195,0.001,0.21349999999999997,0.079,0.002
2882,0.39299999999999996,0.1669798909338787,0.8100000000000002,0.01197029702970297,0.092,0.18157269271846893,0.5894999999999999,0.14450000000000002,0.55955,0.25320134327024074,0.0015
2883,0.392,0.0644613368283093,0.6705,0.04795499090725399,0.06400000000000002,0.19910703807659086,0.6222297299995119,0.185,0.4511662269129288,0.26799999999999996,0.010000000000000002
2884,0.19250000000000003,0.04750000000000001,0.753,0.24804627215945613,0.07,0.28074185631903664,0.6161848652898507,0.0855,0.5423115524595696,0.4474704982751813,0.0
2885,0.2065,0.141,0.5599999999999999,0.10462321599771163,0.098,0.07081702985000762,0.8145,0.1165,0.46433010154612353,0.1992965490602145,0.033873404378965355
2886,0.1755,0.178,0.8245000000000001,0.0739819187009241,0.0725,0.34456001846100276,0.5050894657631877,0.1285,0.5084583333333333,0.1746786229311306,0.0115
2887,0.12200000000000003,0.093,0.8115,0.08548469387755102,0.0925,0.16627411477411477,0.97259267795993,0.024,0.4225,0.0875,0.002
2888,0.0635,0.14,0.8535,0.027000000000000003,0.069,0.22087868223743373,0.506,0.2595,0.5460833333333333,0.16440316205533595,0.003
2889,0.023,0.009000000000000001,0.7015,0.049,0.0085,0.1575,0.9914999999999999,0.0035000000000000005,0.352,0.07283774834437086,0.0
2890,0.16299999999999998,0.187,0.7845,0.0425,0.048,0.7551169340927204,0.7879224505549123,0.10300000000000001,0.4883333333333334,0.30258827546839795,0.013000000000000001
2891,0.12249999999999998,0.05499999999999999,0.5235,0.0375,0.05600000000000001,0.098,0.8915000000000001,0.1325,0.35950000000000004,0.18150000000000002,0.020999999999999998
2892,0.19449999999999998,0.025500000000000002,0.5755,0.0825,0.01,0.187,0.8255000000000001,0.011,0.3484999999999999,0.12400000000000003,0.006
2893,0.051000000000000004,0.025,0.484,0.021,0.025,0.15514400256574726,0.32604666917576214,0.0625,0.5848328935795954,0.0947852599286114,0.001
2894,0.028500000000000004,0.040499999999999994,0.5559999999999999,0.022,0.1325,0.21733313483196462,0.18849999999999997,0.049,0.7304999999999999,0.06794638949671772,0.0025
2895,0.5135,0.058921724124975185,0.336,0.029884519293050797,0.0895,0.4471899539623811,0.36380284816330466,0.32,0.5834999999999999,0.194,0.005
2896,0.056499999999999995,0.033,0.5775,0.0475,0.018,0.13,0.9226848652898509,0.0435,0.5660000000000001,0.2209039603960396,0.0015
2897,0.0185,0.004,0.6,0.08494392523364486,0.0075,0.15899999999999997,0.9434999999999999,0.006500000000000001,0.3302992084849214,0.07174170874041047,0.0005
2898,0.2495,0.154,0.8029999999999999,0.05552706462086328,0.07050000000000001,0.36540223708593544,0.6051599796085471,0.0875,0.5415,0.192903162055336,0.023000000000000003
2899,0.139,0.15750000000000003,0.7915,0.24886427921594573,0.10350000000000001,0.4033336085377293,0.39969990472624745,0.12149999999999998,0.67525,0.08074283082793329,0.007000000000000001
2900,0.0315,0.0475,0.7215,0.02247029702970297,0.07450000000000001,0.13227411477411477,0.7545000000000001,0.0105,0.2415,0.3485,0.002
2901,0.43149999999999994,0.12594155510934613,0.688,0.06394392523364487,0.1065,0.31961518147023343,0.3776611115057473,0.312,0.6322495049504951,0.2249101638126382,0.00348734998378203
2902,0.1285,0.133,0.666,0.0115,0.18050000000000002,0.1015,0.9340000000000002,0.0735,0.2995,0.179,0.0005
2903,0.1685,0.088,0.6155,0.022920353982300887,0.13999999999999999,0.22219003741695906,0.5221909160892995,0.095,0.6790416666666668,0.1349537225574847,0.014493593955321946
2904,0.2165,0.1105,0.7485,0.12423373590951425,0.042499999999999996,0.11762821572048701,0.9161909160892995,0.06,0.37149950495049505,0.059,0.0034999999999999996
2905,0.059,0.034,0.701,0.019858339086962492,0.097,0.34500000000000003,0.5436504452024142,0.07,0.27649999999999997,0.045,0.0045000000000000005
2906,0.3985,0.14500000000000002,0.716,0.039,0.10149999999999999,0.30639325349625907,0.6634823899684398,0.0915,0.5975833333333334,0.15814566913645006,0.018000000000000002
2907,0.019,0.033,0.7254999999999999,0.061,0.0,0.14650000000000002,0.9765668824163969,0.0025,0.5532495049504951,0.04807865874407769,0.0
2908,0.7169753141387157,0.025,0.6080000000000001,0.07039891614089885,0.06100000000000001,0.11227411477411478,0.8805,0.027500000000000004,0.26916666666666667,0.08880792079207919,0.08249999999999999
2909,0.1555,0.08098021828103683,0.718,0.033,0.14700000000000002,0.141,0.9120668824163969,0.12050000000000001,0.5134579624134521,0.08090316205533597,0.016
2910,0.37649999999999995,0.0625,0.537,0.086,0.046,0.12449999999999999,0.9149510040546669,0.215,0.31949999999999995,0.3905,0.006500000000000001
2911,0.34950000000000003,0.25778932413821753,0.7994999999999999,0.05843478888705197,0.0885,0.4414534804548348,0.6851133319852096,0.191,0.5011661716171617,0.3200685649251268,0.014000000000000002
2912,0.39349999999999996,0.09987380280406766,0.5740000000000001,0.0953691459402209,0.1025,0.19914415145562542,0.670617982873454,0.217,0.3504083333333333,0.316575666249119,0.004
2913,0.5045,0.0665,0.639,0.06881338192721338,0.21000000000000002,0.13622360557768923,0.8365,0.17350000000000002,0.5983328382838284,0.18190316205533597,0.0325
2914,0.3405,0.03348021828103684,0.6599999999999999,0.020943925233644863,0.06549999999999999,0.15387794639573796,0.745,0.211,0.3263333333333333,0.30696609497934,0.002
2915,0.1065,0.025961336828309305,0.6165,0.014499999999999999,0.1,0.1485,0.5886179828734539,0.08149999999999999,0.499,0.08049999999999999,0.016499999999999997
2916,0.11400000000000002,0.0385,0.4245,0.016,0.017499999999999998,0.15,0.8365,0.0315,0.3135,0.2915,0.001
2917,0.236,0.07546133682830931,0.5755,0.0455,0.126,0.1580106061652491,0.6127826349226699,0.151,0.44949950495049507,0.3,0.004
2918,0.16549999999999998,0.075,0.6850000000000002,0.03297029702970297,0.09,0.18668261072146503,0.5292252987182171,0.11299999999999999,0.6309902362330024,0.23381799679460807,0.006
2919,0.146,0.1045,0.579,0.021500000000000002,0.026000000000000002,0.11660477304053377,0.8665,0.037,0.44349999999999995,0.2495,0.027500000000000004
2920,0.043,0.0245,0.7310000000000001,0.02,0.0245,0.0785,0.8145,0.0215,0.5929162269129288,0.07100000000000001,0.0025
2921,0.269,0.1665,0.3285,0.11259537745703732,0.1835,0.4288485677455883,0.3738507939286906,0.1605,0.4519157318634238,0.1745,0.015
2922,0.368,0.23700000000000002,0.6134999999999999,0.06394392523364485,0.05650000000000001,0.6224395292849395,0.7617189869153245,0.22200000000000003,0.4741657318634238,0.3412441067383214,0.022000000000000002
2923,0.17600000000000002,0.07200000000000001,0.619,0.023265691614079993,0.0405,0.17825093403512995,0.7406337648327941,0.0985,0.5237330161247687,0.18003044936761564,0.005
2924,0.38441399517407787,0.05796194225721785,0.255,0.07200000000000001,0.08,0.1605,0.4083697305797016,0.17150000000000004,0.7939999999999999,0.15150000000000002,0.005
2925,0.0155,0.0345,0.49800000000000005,0.06227062556873607,0.0245,0.13799999999999998,0.9445,0.028999999999999998,0.2548080168776371,0.08714594445804255,0.003
2926,0.271,0.10200000000000001,0.5005,0.034962525008977584,0.10200000000000001,0.12267780579683492,0.9535,0.0925,0.184,0.607658162055336,0.027942958731963747
2927,0.3955,0.200885221342745,0.6345000000000001,0.042470297029702966,0.14899999999999997,0.4074999999999999,0.5920277367482149,0.1785,0.4444569028996691,0.28664014984265196,0.035500000000000004
2928,0.2975,0.10140410279547254,0.776,0.06035234232463872,0.05500000000000001,0.1537741147741148,0.910178629542455,0.1285,0.5986652368139189,0.17828713193161116,0.0075
2929,0.1155,0.0415,0.6839999999999999,0.017470297029702972,0.034,0.17595035112672117,0.8554999999999999,0.0435,0.31624950495049503,0.20549999999999996,0.0005
2930,0.6285,0.149,0.74,0.07238451929305081,0.07800000000000001,0.38731738506721847,0.13161798287345386,0.14900000000000002,0.48413285789751714,0.4080533968988105,0.012987666342096721
2931,0.48249999999999993,0.037000000000000005,0.5855,0.02563009740562281,0.11100000000000002,0.10387794639573797,0.9215,0.16999999999999998,0.56425,0.22933774834437087,0.007000000000000001
2932,0.43950000000000006,0.009000000000000001,0.6265000000000001,0.04344392523364486,0.07250000000000001,0.15385410094637225,0.8739999999999999,0.0325,0.4439166666666667,0.12525431028879694,0.0235
2933,0.6905,0.037,0.632,0.0505,0.061,0.15,0.7004376195734717,0.353,0.6313245049504951,0.20044687842278203,0.0005
2934,0.026000000000000002,0.03300000000000001,0.674,0.0034693877551020408,0.039,0.1855,0.7630000000000001,0.0465,0.44575,0.052500000000000005,0.0015
2935,0.017499999999999998,0.062,0.8845000000000001,0.02297029702970297,0.0905,0.25346358214396797,0.1135,0.025,0.8685,0.0195,0.002
2936,0.319,0.0445,0.5695,0.01447029702970297,0.06899999999999999,0.1395,0.8415000000000001,0.027000000000000003,0.336,0.3325,0.0015
2937,0.069,0.083,0.764,0.047,0.074,0.20412326197303776,0.6475,0.25,0.545125,0.24094638949671773,0.008499999999999999
2938,0.40650000000000003,0.07694216053825469,0.557,0.29400000000000004,0.0885,0.148,0.718682944264536,0.0945,0.7015,0.15144687842278204,0.005
2939,0.027500000000000004,0.022,0.6595,0.010499999999999999,0.056999999999999995,0.32066632114828936,0.49435833613936947,0.0655,0.5675,0.023499999999999997,0.002
2940,0.162,0.10194216053825467,0.5994999999999999,0.22544392523364487,0.10250000000000001,0.17748661420695888,0.9344999999999999,0.033499999999999995,0.45911619160728423,0.0902905982905983,0.0165
2941,0.098,0.036000000000000004,0.32649999999999996,0.017882700743848942,0.0405,0.14930416433309426,0.8125,0.0325,0.325,0.056499999999999995,0.002
2942,0.172,0.1085,0.836,0.044719095538699516,0.1085,0.2624526302753384,0.7728071628853858,0.1445,0.7079157318634237,0.23161498079549933,0.009
2943,0.0985,0.061,0.5315,0.10800000000000001,0.0655,0.18274658346385478,0.46161798287345385,0.007000000000000001,0.29100000000000004,0.0765,0.0005
2944,0.21500000000000002,0.2689613368283093,0.658,0.17350000000000002,0.07050000000000001,0.142,0.5705,0.0615,0.8185,0.092,0.001
2945,0.0405,0.0095,0.72,0.015903760105655,0.004999999999999999,0.119,0.702,0.030500000000000006,0.29616622691292877,0.052500000000000005,0.0005
2946,0.007000000000000001,0.0075,0.5545,0.028470297029702975,0.0055,0.1327744498777506,0.9644999999999999,0.001,0.2475,0.099,0.0
2947,0.1035,0.0825,0.6519999999999999,0.06595998775135245,0.047,0.17400000000000002,0.8090139707324979,0.068,0.538875,0.11289907625787268,0.008
2948,0.024,0.027500000000000004,0.5855,0.09332920092195426,0.026999999999999996,0.13899999999999998,0.8430668824163969,0.014000000000000002,0.30014135021097044,0.07424756171420281,0.001
2949,0.5365,0.2545,0.6255000000000001,0.0579050478598519,0.0485,0.6260117398250941,0.8257139527869187,0.25,0.4505818481848185,0.32074361781225713,0.02599359185014788
2950,0.06799999999999999,0.1905,0.5599999999999999,0.009000000000000001,0.023,0.14818889537457666,0.7799999999999999,0.16099999999999998,0.5075000000000001,0.325,0.001
2951,0.306,0.12349999999999998,0.6305000000000001,0.03765249572520916,0.09200000000000001,0.2,0.7486848652898509,0.10850000000000001,0.580375,0.10046293494704991,0.006
2952,0.133,0.04592926829268293,0.6595000000000001,0.041489690721649486,0.08249999999999999,0.1757489213833934,0.8355,0.20949999999999996,0.45112500000000005,0.1845,0.013455639962764837
2953,0.5720000000000001,0.04,0.46749999999999997,0.027500000000000004,0.0475,0.07272360557768924,0.9055000000000002,0.32999999999999996,0.5315,0.2365,0.0015
2954,0.056999999999999995,0.049,0.7275,0.0345,0.05950000000000001,0.20313883608807562,0.7617761461387599,0.04,0.4335,0.0495,0.0
2955,0.225,0.1445,0.6685000000000001,0.052880666665096596,0.053000000000000005,0.917,0.8036646520492161,0.1305,0.5513328935795955,0.25319395121092053,0.0085
2956,0.11299999999999999,0.0675,0.49749999999999994,0.03348469387755103,0.061,0.23727383863080687,0.6251909160892996,0.08449999999999999,0.39649999999999996,0.366,0.005
2957,0.4915,0.11850000000000001,0.6395,0.053000000000000005,0.1785,0.1691072665730185,0.8807002773532966,0.1585,0.5115000000000001,0.23936756756756758,0.019
2958,0.08,0.06799999999999999,0.7195,0.0851695244920518,0.1125,0.3169236942096629,0.420740465416936,0.1925,0.42644968354430385,0.1012289243042476,0.0075000000000000015
2959,0.1145,0.057499999999999996,0.7144999999999999,0.0055000000000000005,0.017499999999999998,0.092,0.9095000000000001,0.041999999999999996,0.43499999999999994,0.11696328538985616,0.004
2960,0.14150000000000001,0.0595,0.4405,0.01,0.05600000000000001,0.1276440025657473,0.8075000000000001,0.019499999999999997,0.34475,0.27283774834437086,0.0
2961,0.33099999999999996,0.18047396768402155,0.76,0.04394059405940594,0.10800000000000001,0.6784604854401556,0.5613464087666847,0.126,0.5311246290801186,0.225640149842652,0.0325
2962,0.46950000000000003,0.542,0.6409999999999999,0.10292035398230089,0.1135,0.1495,0.977,0.0975,0.197,0.632,0.009
2963,0.37950000000000006,0.1305,0.5035,0.0085,0.09949999999999999,0.17047048249121413,0.866,0.18550000000000003,0.51,0.324,0.06799999999999999
2964,0.269,0.10700000000000001,0.554,0.029500000000000005,0.078,0.36882388995085424,0.10961798287345385,0.10350000000000001,0.6494162269129287,0.2090220557458367,0.003
2965,0.5275,0.07200000000000001,0.7100000000000001,0.061420353982300877,0.0365,0.0965,0.9834999999999999,0.0745,0.5196662269129289,0.13340316205533598,0.0015
2966,0.20550000000000002,0.209,0.4734999999999999,0.051000000000000004,0.1485,0.22949151507303517,0.5679268818362072,0.14350000000000002,0.5432995245641837,0.23199999999999998,0.014000000000000002
2967,0.018,0.0075,0.48900000000000005,0.0851826939550362,0.06,0.173,0.7771179828734539,0.003,0.17550000000000002,0.1069039603960396,0.016
2968,0.2245,0.1155,0.7164999999999999,0.044624611304113986,0.10500000000000001,0.5466141900482433,0.5141830571409138,0.11200000000000002,0.5998911716171617,0.11201436712063542,0.005
2969,0.1135,0.028500000000000004,0.595,0.020970297029702968,0.503,0.0635,0.946,0.132,0.4711666666666667,0.202,0.0025
2970,0.3585,0.07550000000000001,0.6300000000000001,0.0214133129887469,0.0945,0.16640260997443318,0.8161848652898509,0.0225,0.46191573186342383,0.033403162055335965,0.003
2971,0.3045,0.144,0.747,0.03882586974771536,0.0795,0.46177383863080684,0.6182673134508797,0.10400000000000001,0.5608157318634238,0.18630068329142077,0.012
2972,0.26599999999999996,0.186,0.6255,0.04444392523364486,0.18,0.30283953970806915,0.8634999999999999,0.1375,0.5476657318634238,0.21852584658149904,0.027000000000000003
2973,0.0155,0.010499999999999999,0.5495000000000001,0.10544849880166454,0.05349999999999999,0.14550000000000002,0.7855000000000001,0.022,0.255,0.0589039603960396,0.006
2974,0.172,0.03240888353888493,0.708,0.028000000000000004,0.035,0.12685410094637223,0.8206848652898507,0.05450000000000001,0.5601662269129287,0.091,0.003
2975,0.34500000000000003,0.2408091058571807,0.7925000000000001,0.043964491857349,0.096,0.4223709679345376,0.6153898400529341,0.1925,0.531249504950495,0.2913377483443709,0.01
2976,0.21749999999999997,0.124,0.633,0.040919482764602985,0.10450000000000001,0.2893072320487707,0.6034207589651892,0.1285,0.3465,0.31500000000000006,0.013000000000000001
2977,0.2455,0.0505,0.5544999999999999,0.044428619111195874,0.051500000000000004,0.12964229024055612,0.9024313815062355,0.225,0.5506662269129287,0.1422846267671529,0.018
2978,0.36,0.056999999999999995,0.5095,0.07145499090725399,0.06,0.067,0.8370000000000001,0.18050000000000002,0.47236575185354635,0.20966921304301978,0.0115
2979,0.0895,0.05500000000000001,0.6074999999999999,0.021500000000000002,0.0305,0.0905,0.8524999999999998,0.0595,0.4035,0.1685,0.0
2980,0.20299999999999999,0.12250000000000001,0.653,0.084,0.05249999999999999,0.03877444987775062,0.8311848652898508,0.1375,0.6366661716171618,0.18167852784811117,0.006
2981,0.3165,0.027500000000000004,0.177,0.03835890389225131,0.08249999999999999,0.22033309247722466,0.6210836709531101,0.18999999999999997,0.425249504950495,0.2884039603960396,0.009999999999999998
2982,0.023,0.0385,0.6990000000000001,0.013500000000000002,0.0085,0.1978170473888706,0.843,0.0125,0.551875,0.057837748344370866,0.0
2983,0.0045,0.0045,0.512,0.02047029702970297,0.006999999999999999,0.154,0.876,0.002,0.3292079616782293,0.043500000000000004,0.0
2984,0.029000000000000005,0.0415,0.635,0.01547029702970297,0.0095,0.1645,0.869,0.0045000000000000005,0.45500000000000007,0.041999999999999996,0.0005
2985,0.0005,0.008,0.45150000000000007,0.05382059405940594,0.0085,0.1355,0.9029999999999999,0.001,0.307,0.0625,0.001
2986,0.3375,0.14850000000000002,0.7035,0.19636921317060183,0.07150000000000001,0.21340238945492968,0.5715,0.06749999999999999,0.7209999999999999,0.11499999999999999,0.013987183700295761
2987,0.31450000000000006,0.1379613368283093,0.618,0.07025986418260567,0.0595,0.24304197360508803,0.8573697305797017,0.11299999999999999,0.5546651815181518,0.23103946388276736,0.021
2988,0.144,0.0745,0.605,0.030440594059405947,0.05800000000000001,0.19437627476042726,0.442,0.1055,0.5658323432343234,0.3437664862309772,0.012
2989,0.074,0.033,0.688,0.03444392523364486,0.0645,0.10020036388074971,0.8434999999999999,0.027000000000000003,0.4114999999999999,0.1835,0.0035000000000000005
2990,0.2475,0.24900000000000003,0.7005,0.0375,0.126,0.26754856465186544,0.6458696184286812,0.20350000000000001,0.505931958195436,0.3438377483443708,0.014499999999999999
2991,0.27549999999999997,0.16235385343434022,0.501,0.06441422226334784,0.08349999999999999,0.18954291507589285,0.548711348007613,0.154,0.41674906461584066,0.21550000000000002,0.004
2992,0.165,0.1085,0.6744999999999999,0.04194392523364485,0.068,0.2522744498777506,0.6874224505549125,0.07150000000000001,0.32324119160728426,0.14047099899724583,0.021500000000000002
2993,0.001,0.004999999999999999,0.47400000000000003,0.029000000000000005,0.0215,0.1145,0.8949999999999999,0.001,0.246,0.089,0.002
2994,0.44049999999999995,0.11299999999999999,0.6445000000000001,0.08197029702970297,0.128,0.25414979848859587,0.6873088989627534,0.4,0.3304144255593832,0.36692842181067975,0.005
2995,0.3705,0.1344238845144357,0.635,0.017499999999999998,0.1605,0.19091895838876033,0.6578028481633046,0.0885,0.4958746290801187,0.24917661877626457,0.013500000000000002
2996,0.1875,0.028000000000000004,0.6370000000000001,0.054420353982300884,0.1305,0.12818855218855219,0.8380000000000001,0.029500000000000005,0.5015,0.129,0.013493756161682552
2997,0.017,0.015,0.546,0.1285,0.018000000000000002,0.09,0.837240465416936,0.003,0.40824999999999995,0.1875,0.0
2998,0.101,0.0225,0.445,0.05988201870618772,0.026500000000000003,0.16449999999999998,0.7297763035672251,0.062,0.5468662269129287,0.09871108284741517,0.002
2999,0.34099999999999997,0.24500000000000002,0.7474999999999999,0.059299497951657246,0.101,0.9535,0.5142031944227661,0.1565,0.5303328929986789,0.24063186697124833,0.0475
3000,0.14350000000000002,0.1,0.518,0.0785,0.037,0.10327444987775063,0.9206321522617366,0.065,0.4375,0.3315,0.008
3001,0.23400000000000004,0.10499999999999998,0.659,0.10885890389225131,0.067,0.18185410094637222,0.8747252958885443,0.0795,0.3125,0.1257535119480933,0.006
3002,0.1775,0.12449999999999999,0.6945,0.018868303896000894,0.1475,0.22149356276718457,0.7639999999999999,0.12450000000000001,0.5042152368139189,0.1801657020349297,0.0005
3003,0.10450000000000001,0.07097396768402156,0.9209999999999999,0.1688558904330963,0.129,0.18296324704033212,0.9561909160892995,0.07350000000000001,0.56575,0.04917661877626455,0.001
3004,0.437,0.142,0.7,0.026889779794305957,0.07999999999999999,0.26634402002653296,0.757658135745824,0.20549999999999996,0.4495,0.30229642997483575,0.0375
3005,0.227,0.059,0.5665,0.026000000000000002,0.028500000000000004,0.10764539145281293,0.556,0.13449999999999998,0.26474950495049504,0.5215000000000001,0.001
3006,0.0655,0.060999999999999985,0.6060000000000001,0.045,0.02,0.14701156671816817,0.7005341216254736,0.0195,0.3701662269129287,0.2,0.0005
3007,0.4450000000000001,0.1955,0.6345,0.04179541038215971,0.13100000000000003,0.3592344936593471,0.42930284816330466,0.075,0.3722912957467854,0.3313063241106719,0.013000000000000001
3008,0.29300000000000004,0.0485,0.6174999999999999,0.02745499090725399,0.0975,0.26552042209466165,0.7771179828734538,0.067,0.27349999999999997,0.131,0.013500000000000002
3009,0.242,0.1285,0.6275000000000001,0.07649999999999998,0.096,0.3692744498777506,0.8630668824163971,0.14950000000000002,0.49024999999999996,0.2943396574162175,0.0105
3010,0.304,0.233,0.758,0.04148469387755102,0.1295,0.8917744498777506,0.5606939801167006,0.0995,0.46849999999999997,0.22599999999999998,0.014490450315756343
3011,0.30999999999999994,0.159,0.718,0.07385814749699268,0.05,0.19939606381927552,0.8345809761780801,0.1115,0.5638323432343235,0.30304915493860524,0.0005
3012,0.007000000000000001,0.044000000000000004,0.5785,0.069,0.023,0.134,0.986,0.0035000000000000005,0.496082892998679,0.06474091039970682,0.0
3013,0.267,0.21796133682830932,0.737,0.10443855310748214,0.0775,0.12245769567635474,0.8265668824163971,0.137,0.5277068481848185,0.21284786375250137,0.009499999999999998
3014,0.4685,0.196,0.631,0.07532511335245673,0.125,0.39236121532441226,0.4406847531388304,0.051000000000000004,0.389,0.34794638949671775,0.017499999999999998
3015,0.13999999999999999,0.0355,0.757,0.054000000000000006,0.0495,0.12000000000000002,0.821566882416397,0.0175,0.6256662269129288,0.06799999999999999,0.004
3016,0.7225,0.13099999999999998,0.7935,0.06138860686254834,0.091,0.3912365055934738,0.09369076923076922,0.098,0.4549657508961961,0.37941852689812083,0.015
3017,0.37049999999999994,0.13899999999999998,0.7785,0.04896252500897759,0.0465,0.1320485646518654,0.853566882416397,0.0915,0.5399995596653457,0.2299692512541506,0.0195
3018,0.309,0.023,0.6735,0.013499999999999998,0.081,0.071,0.7679780506819976,0.152,0.428832892998679,0.26523791790474815,0.0005
3019,0.2705,0.0175,0.5105000000000001,0.045954990907253995,0.06000000000000001,0.14100000000000001,0.8071179828734538,0.008499999999999999,0.24100000000000002,0.1494039603960396,0.008
3020,0.3470000000000001,0.29300000000000004,0.6504999999999999,0.06644392523364487,0.049,0.6353119051265574,0.7653318235093521,0.186,0.40908195877635256,0.39824410673832145,0.023457439569554595
3021,0.039,0.005,0.46950000000000003,0.13337241224122412,0.0405,0.14650000000000002,0.8554999999999999,0.0025,0.26341666666666674,0.0965558635820614,0.0075
3022,0.175,0.1675,0.708,0.050970297029702974,0.14100000000000001,0.3609026099744332,0.2265852819807428,0.132,0.50075,0.25191792348174763,0.007493593955321945
3023,0.516,0.0549613368283093,0.457,0.0045,0.1365,0.11018881412952061,0.7366179828734538,0.2705,0.42699999999999994,0.394403162055336,0.012
3024,0.08850000000000001,0.014000000000000002,0.48900000000000005,0.0055,0.0385,0.15180352805970082,0.6555000000000001,0.1135,0.203,0.023837748344370864,0.001
3025,0.3275,0.1105,0.642,0.03,0.0795,0.27752313316822935,0.88228100816665,0.123,0.4055000000000001,0.349850040478118,0.0235
3026,0.1085,0.044980218281036835,0.7060000000000001,0.038,0.0665,0.17768699888669617,0.852,0.041,0.736,0.09528525992861141,0.0025
3027,0.1145,0.0195,0.6595,0.03183975372327149,0.028500000000000004,0.08027444987775062,0.9475,0.06000000000000001,0.5207480750977472,0.0905,0.0024811061454645808
3028,0.4505,0.08349999999999999,0.7579999999999999,0.017470297029702972,0.0385,0.14785195347861652,0.6824999999999999,0.136,0.44856634945810203,0.35786609700238586,0.0005
3029,0.49250000000000005,0.089,0.617,0.0195,0.088,0.14515174303315598,0.666633764832794,0.1945,0.5740000000000001,0.2457852599286114,0.004
3030,0.013500000000000002,0.007305930859051221,0.4795,0.07144392523364486,0.010499999999999999,0.16099999999999998,0.875740465416936,0.014000000000000002,0.34674950495049506,0.10914487079574645,0.0004935939553219448
3031,0.292,0.16899999999999998,0.5334999999999999,0.05340504785985191,0.08750000000000001,0.21584858137600396,0.8173584482903898,0.098,0.38825,0.3813495515520537,0.05600000000000001
3032,0.05950000000000001,0.016499999999999997,0.5055,0.07482511335245674,0.01,0.14350000000000002,0.9780000000000001,0.019,0.305582892998679,0.08381182189245862,0.0
3033,0.471,0.2165,0.5529999999999999,0.05634070796460176,0.061,0.6902391804189885,0.8009674245859211,0.3115,0.404332892998679,0.38439326791949974,0.022500000000000003
3034,0.0015,0.01,0.5589999999999999,0.041,0.016,0.1555,0.942,0.0025,0.37625000000000003,0.042,0.004981724911830715
3035,0.264,0.11892205147213335,0.7885,0.05500000000000001,0.136,0.41227444987775064,0.3424609393570414,0.16999999999999998,0.4286995249406176,0.3964039603960396,0.012
3036,0.024,0.016,0.5715,0.013869456693568516,0.0325,0.19932302158273382,0.9150466691757619,0.016499999999999997,0.5279157871591909,0.06698374122764011,0.013000000000000001
3037,0.184,0.09208711512010734,0.686,0.03,0.11599999999999999,0.07727411477411478,0.8048837869336453,0.08249999999999999,0.599374504950495,0.11767661877626456,0.004
3038,0.0765,0.094,0.9269999999999999,0.03282684228182636,0.101,0.19175171458516546,0.6618073478333331,0.1145,0.427332892998679,0.49306213825233847,0.010499999999999999
3039,0.0205,0.057499999999999996,0.604,0.011000000000000001,0.0765,0.20056739679865204,0.7665,0.0485,0.559,0.08099999999999999,0.005
3040,0.5645,0.6844802182810369,0.9115,0.11463856442720866,0.13,0.4265,0.7501319511565049,0.5309999999999999,0.36066622691292877,0.052807122451375574,0.011
3041,0.17850000000000002,0.024,0.5414999999999999,0.0455,0.05399999999999999,0.19690205435129388,0.8135000000000001,0.031,0.24583333333333335,0.186,0.0
3042,0.21150000000000002,0.085,0.7424999999999999,0.04897338204512039,0.13399999999999998,0.23896324704033214,0.8440668824163969,0.10149999999999999,0.4836156765676568,0.13281769873634863,0.001
3043,0.033999999999999996,0.006500000000000001,0.5365000000000001,0.053500000000000006,0.0185,0.131,0.9675,0.007000000000000001,0.22233333333333336,0.1348079207920792,0.0125
3044,0.1495,0.0675,0.8390000000000001,0.146,0.0915,0.18549999999999997,0.9041646520492159,0.053000000000000005,0.4568328929986791,0.12448182079941365,0.0
3045,0.2939139951740779,0.1095,0.7194999999999999,0.0195,0.1405,0.27082380654969984,0.2747516355552274,0.2515,0.515,0.2668355541901158,0.003
3046,0.009000000000000001,0.001,0.502,0.044,0.0025,0.1465,0.952,0.003,0.39549999999999996,0.0755,0.0
3047,0.333,0.13399999999999998,0.7370000000000001,0.08198854969986877,0.0505,0.7955000000000001,0.8714999999999999,0.0755,0.5135833333333334,0.24947914538998678,0.018000000000000002
3048,0.1025,0.036,0.5135000000000001,0.04588361001844987,0.05299999999999999,0.1035,0.7965,0.0035000000000000005,0.205,0.21629673938947508,0.0055
3049,0.1275,0.11849999999999998,0.5785,0.024454990907253994,0.13799999999999998,0.13262935656935354,0.39118475313883044,0.14650000000000002,0.5313315184416982,0.2476295938379331,0.001
3050,0.2065,0.141,0.5599999999999999,0.10462321599771163,0.098,0.07081702985000762,0.8145,0.1165,0.46433010154612353,0.1992965490602145,0.033873404378965355
3051,0.002,0.011500000000000002,0.5129999999999999,0.06086921317060181,0.0315,0.11949999999999998,0.9155000000000001,0.001,0.18849999999999997,0.092,0.005
3052,0.2955,0.0973319992925966,0.5765,0.02682167389659886,0.096,0.11000000000000001,0.8450000000000001,0.10400000000000001,0.29653234323432337,0.4653685636856369,0.006500000000000001
3053,0.21749999999999997,0.086,0.7569999999999999,0.04577891614089885,0.12450000000000001,0.04185410094637224,0.5056588737883424,0.1155,0.5197499999999999,0.12520499413026664,0.016
3054,0.3025,0.1255,0.6289999999999999,0.036334271958169975,0.0755,0.13163787329977197,0.8973539486203617,0.209,0.508875,0.2931885871631925,0.007496858465608466
3055,0.058499999999999996,0.042499999999999996,0.6085,0.0035000000000000005,0.05700000000000001,0.12150000000000001,0.7505,0.078,0.388,0.18644638949671774,0.001
3056,0.033,0.005,0.4425,0.12441769272629351,0.051000000000000004,0.10049999999999999,0.782,0.0015,0.19575000000000004,0.07185034989275733,0.0025
3057,0.32599999999999996,0.21349999999999997,0.672,0.10597029702970298,0.08600000000000001,0.27087166620422204,0.7195545958695526,0.16,0.4644990099009901,0.34950000000000003,0.0365
3058,0.097,0.053000000000000005,0.716,0.07084972948875538,0.562,0.06385410094637224,0.9549999999999998,0.07849999999999999,0.5743328929986791,0.11980259236326743,0.006500000000000001
3059,0.031,0.010499999999999999,0.344,0.05349999999999999,0.0125,0.1256440025657473,0.666,0.005,0.1785,0.091,0.001
3060,0.053000000000000005,0.03,0.6184999999999999,0.054000000000000006,0.027499999999999997,0.121,0.89,0.017,0.3255,0.0925,0.011000000000000001
3061,0.3805,0.16888582677165354,0.6910000000000001,0.044842803853188534,0.049,0.4446623061629388,0.770566882416397,0.141,0.4964990651967572,0.29387401665218116,0.009999999999999998
3062,0.4145,0.2735,0.6779999999999999,0.09195998775135246,0.14250000000000002,0.36335410094637227,0.5611581684886082,0.1405,0.6001662269129289,0.18635004047811798,0.026987348011830437
3063,0.181,0.028999999999999998,0.7130000000000001,0.04094392523364486,0.064,0.2237744498777506,0.6607078534784363,0.05800000000000001,0.354375,0.14321828538985618,0.0155
3064,0.21500000000000002,0.152,0.8035,0.02895499090725399,0.1475,0.27821868727860094,0.622684681067261,0.11499999999999999,0.5641662269129287,0.1958453944888153,0.025
3065,0.08149999999999999,0.119,0.7325000000000002,0.047443925233644865,0.014999999999999996,0.1594032094024999,0.8805,0.052000000000000005,0.38995783828382835,0.2633675675675676,0.0055
3066,0.13949999999999999,0.024499999999999997,0.4305,0.2238658819963629,0.041,0.21520820189274445,0.865,0.0175,0.2229161716171617,0.3210951869286626,0.0
3067,0.3885,0.1825,0.79,0.025,0.10200000000000001,0.8745591863265088,0.5951192959520017,0.073,0.5412495049504951,0.15033774834437086,0.031
3068,0.2975,0.2245,0.7670000000000001,0.10660291368236005,0.0955,0.7613675738508647,0.5422991550602319,0.091,0.48745697231444207,0.30148358912613843,0.0155
3069,0.5555,0.0695,0.7809999999999999,0.06433895352168173,0.0975,0.18335410094637222,0.8751245556453153,0.05,0.6620000000000001,0.09340981336983196,0.013000000000000001
3070,0.158,0.010499999999999999,0.714,0.0655,0.0435,0.1365,0.937,0.016,0.445,0.14690396039603962,0.018
3071,0.615,0.14350000000000002,0.6925,0.04582777877506143,0.1155,0.18596292890363536,0.8229487145949961,0.154,0.5354970693067816,0.2088456062029959,0.023
3072,0.3,0.09547354260089687,0.7335,0.06707309323047675,0.14500000000000002,0.15327383863080685,0.8680466691757621,0.028000000000000004,0.5956666666666667,0.10721028450671155,0.009000000000000001
3073,0.30599999999999994,0.31796194225721786,0.7849999999999999,0.05195998775135245,0.1085,0.4163976136387932,0.399804248751359,0.2205,0.3725828382838284,0.27869376034593424,0.0095
3074,0.34550000000000003,0.10962416178583567,0.5065,0.016999999999999998,0.0675,0.2585122195351026,0.9405000000000001,0.012,0.6668333333333333,0.1542094861660079,0.0015
3075,0.22950000000000004,0.19050000000000003,0.6575000000000001,0.04042937550645449,0.0745,0.22664328965041292,0.8049963906238942,0.21000000000000002,0.49149999999999994,0.4089039603960396,0.03997057329362024
3076,0.148,0.033999999999999996,0.5295000000000001,0.041954990907253985,0.0415,0.1867744498777506,0.9380000000000001,0.0045,0.20758333333333331,0.11035034989275734,0.013500000000000002
3077,0.008,0.0395,0.5615,0.006500000000000001,0.044500000000000005,0.121,0.9740000000000002,0.027500000000000004,0.351,0.0625,0.0015
3078,0.024,0.23859751762335585,0.8584999999999999,0.164,0.087,0.21994552387915642,0.763,0.01,0.648,0.08240396039603962,0.0009968584656084656
3079,0.2205,0.0455,0.6050000000000001,0.026499999999999996,0.0345,0.1987744498777506,0.859,0.16249999999999998,0.35100000000000003,0.16699999999999998,0.0105
3080,0.43550000000000005,0.04000000000000001,0.48,0.02892861911119588,0.0995,0.10014377406931965,0.9070290874970677,0.091,0.4934495249406175,0.1578405402135273,0.019
3081,0.3595,0.03646349504232567,0.5515000000000001,0.04547029702970297,0.084,0.2562596473761683,0.969,0.012999999999999998,0.6074999999999999,0.16880632411067195,0.0015
3082,0.229,0.13638112944276806,0.501,0.0985,0.0375,0.14535438042620363,0.6755,0.051500000000000004,0.7715,0.12449999999999999,0.0005
3083,0.355,0.06899999999999999,0.533,0.10899688867658663,0.1765,0.16996292890363537,0.917,0.093,0.517749504950495,0.1859039603960396,0.025500000000000002
3084,0.15550000000000003,0.04840349736656399,0.6295,0.055783282554607336,0.07350000000000001,0.13168913226621734,0.49751288457475396,0.144,0.4875,0.3524657675730431,0.0045000000000000005
3085,0.078,0.1515,0.812,0.08228623597866379,0.1355,0.6293409052536912,0.52207570589696,0.092,0.302,0.025,0.006999999999999999
3086,0.4925,0.0405,0.5955,0.04188027884421096,0.1075,0.1155,0.976,0.14350000000000002,0.4755000000000001,0.2148071224513756,0.006
3087,0.0965,0.022000000000000002,0.6729999999999999,0.06297029702970297,0.019000000000000003,0.1105,0.8620000000000001,0.0085,0.40984968354430384,0.09874170874041047,0.004
3088,0.13699999999999998,0.13285315280711862,0.5289999999999999,0.07844011369649927,0.054000000000000006,0.18977411477411477,0.5853184451746977,0.384,0.5385810916451335,0.13414654231122453,0.0035000000000000005
3089,0.39649999999999996,0.14299999999999996,0.5515,0.045114565682920174,0.13599999999999998,0.21458472130585862,0.5242359657469077,0.20350000000000001,0.35350000000000004,0.4067535119480933,0.02049359185014788
3090,0.018,0.029500000000000005,0.7985,0.097,0.081,0.11699999999999999,0.9335000000000001,0.007000000000000001,0.389,0.05,0.0005
3091,0.2965,0.13789121054990078,0.7324999999999999,0.02994059405940594,0.0615,0.3763382033969969,0.810133764832794,0.089,0.4196995249406176,0.126,0.003999999999999999
3092,0.028000000000000004,0.037,0.539,0.11289891614089886,0.035,0.09072394014962594,0.932,0.025500000000000002,0.493499504950495,0.14333774834437088,0.003
3093,0.003,0.006,0.5565,0.031,0.0025,0.14811638154484189,0.933,0.0035000000000000005,0.36000000000000004,0.11400000000000002,0.002
3094,0.03,0.0195,0.5790000000000001,0.033999999999999996,0.002,0.1655,0.8470668824163969,0.0495,0.5209990099009901,0.048,0.004
3095,0.275,0.13399999999999998,0.6925,0.05138066666509662,0.0415,0.9202741147741147,0.8751179828734539,0.1255,0.6078333333333333,0.2958562028665497,0.0095
3096,0.155,0.0995,0.675,0.06695673076923077,0.1155,0.19693529855681363,0.199,0.1105,0.5273333333333332,0.1199373895145712,0.009495820041799583
3097,0.013000000000000001,0.0115,0.6625,0.029500000000000005,0.007000000000000001,0.20712855082412282,0.9334313815062355,0.027999999999999997,0.4625,0.06999999999999999,0.0005
3098,0.039,0.0435,0.626,0.034,0.0485,0.13632271202683277,0.8949999999999999,0.015,0.314,0.207,0.0055
3099,0.05550000000000001,0.07650000000000001,0.8634999999999999,0.0385,0.076,0.17647076197104555,0.794394263619248,0.08199999999999999,0.712,0.122,0.005
3100,0.5075,0.05249999999999999,0.599,0.07942035398230088,0.0615,0.20600000000000002,0.7339675002125207,0.1095,0.523749504950495,0.10350000000000001,0.0015
3101,0.181,0.20497354260089687,0.7849999999999999,0.04867317717135258,0.0635,0.4857546781191597,0.6116985435230866,0.11200000000000002,0.5608333333333333,0.17370391119210563,0.027000000000000003
3102,0.22249999999999998,0.20250000000000004,0.7834999999999999,0.06200000000000001,0.1165,0.3539105669907945,0.6449362371344035,0.133,0.5888333333333333,0.17974170874041046,0.0245
3103,0.0055,0.0225,0.568,0.0235,0.018,0.13935410094637224,0.9175000000000001,0.004,0.25749999999999995,0.21633887043189368,0.019487666342096723
3104,0.258,0.05600000000000001,0.6869999999999999,0.018000000000000002,0.061499999999999985,0.0785,0.8318028481633049,0.16399999999999998,0.622,0.20586644744519217,0.0015
3105,0.29050000000000004,0.06777553162641015,0.3185,0.05900000000000001,0.076,0.22465306329276252,0.946,0.05950000000000001,0.515332892998679,0.22227040784123173,0.008
3106,0.1375,0.186,0.8025,0.044,0.10350000000000001,0.22210677613562244,0.5493027360122843,0.11099999999999999,0.652749504950495,0.0755,0.0055
3107,0.004,0.0055,0.43599999999999994,0.0235,0.022,0.13749999999999998,0.9105000000000001,0.0015,0.263,0.0865,0.0015
3108,0.14450000000000002,0.20049999999999998,0.8,0.045946421490880254,0.05149999999999999,0.31329982639730963,0.5478757813791504,0.075,0.659,0.24007678833664178,0.016
3109,0.3295,0.0865,0.6715,0.01698469387755102,0.20549999999999996,0.20639535042583718,0.6393538364693411,0.12599999999999997,0.5062916666666666,0.27428102639361096,0.016999999999999998
3110,0.087,0.11800000000000002,0.6855,0.13841422226334782,0.1145,0.3095086616206889,0.13923596574690772,0.0805,0.40958283828382847,0.22180632411067194,0.005495820041799582
3111,0.372,0.09244216053825469,0.6375,0.026500000000000003,0.1155,0.2587065848846954,0.1165,0.185,0.4655,0.23874330839761776,0.008493593955321944
3112,0.325,0.278,0.7065000000000001,0.028999999999999998,0.06849999999999999,0.2068227120268328,0.841066882416397,0.1,0.4135000000000001,0.3565,0.011493593955321946
3113,0.42750000000000005,0.15750000000000003,0.6505,0.01897029702970297,0.2045,0.2071225215900035,0.8911179828734539,0.20099999999999998,0.406,0.42085083881882157,0.0155
3114,0.40049999999999997,0.20249999999999999,0.7289999999999999,0.0115,0.07050000000000001,0.11000000000000001,0.8945000000000001,0.0935,0.246,0.336,0.019980983709850225
3115,0.0915,0.15050000000000002,0.7155,0.05,0.057499999999999996,0.16087768445476952,0.636240465416936,0.01,0.808,0.10600000000000001,0.004
3116,0.7905,0.014500000000000002,0.49399999999999994,0.0615,0.022,0.1645,0.694,0.2485,0.35750000000000004,0.17550000000000002,0.0
3117,0.012,0.043,0.6115,0.03647029702970297,0.0165,0.21091478060046193,0.9866179828734539,0.006500000000000001,0.36050000000000004,0.0615,0.0
3118,0.492,0.044000000000000004,0.46499999999999997,0.036,0.017,0.11435438042620363,0.954,0.119,0.41899999999999993,0.32090396039603963,0.0015
3119,0.016,0.01,0.5385,0.048499999999999995,0.033,0.121,0.9315,0.0005,0.1925,0.0865,0.005
3120,0.291,0.13199999999999998,0.6575,0.06482059405940595,0.08399999999999999,0.222397289985588,0.8566848652898509,0.14200000000000002,0.469,0.225,0.02997470010078653
3121,0.0815,0.06285194194930155,0.7765,0.0185,0.0775,0.1399026655982376,0.825,0.11000000000000001,0.4967083333333333,0.18644638949671774,0.004999999999999999
3122,0.078,0.013000000000000001,0.42799999999999994,0.02691422226334783,0.053500000000000006,0.12731768309034022,0.7121337648327939,0.11099999999999999,0.6011666666666666,0.03890316205533596,0.001
3123,0.4544753043650401,0.015,0.5734999999999999,0.05239915966386555,0.026000000000000002,0.09483313483196462,0.951617982873454,0.0625,0.4927495049504951,0.21590316205533594,0.0
3124,0.14150000000000001,0.20192327908552715,0.8314999999999999,0.018,0.094,0.2074122740471404,0.7061179828734538,0.089,0.45774950495049505,0.21734955155205368,0.006500000000000001
3125,0.11199999999999999,0.15492172412497518,0.776,0.012,0.067,0.2525011456907868,0.592684681067261,0.08249999999999999,0.4029999999999999,0.188,0.0025
3126,0.554,0.013500000000000002,0.48649999999999993,0.028500000000000004,0.0225,0.16504319455572422,0.882,0.3215,0.29516666666666663,0.22974091039970684,0.0055000000000000005
3127,0.008,0.022,0.6155000000000002,0.0205,0.006500000000000001,0.118,0.7855000000000001,0.0115,0.366374628344896,0.1305,0.001
3128,0.25,0.013000000000000001,0.6415,0.20094059405940592,0.021,0.23850000000000002,0.8587517477062478,0.01,0.3885,0.10299999999999998,0.0015
3129,0.08600000000000001,0.15650000000000003,0.8065,0.04844059405940594,0.12,0.3246644121208436,0.6069268319032394,0.1365,0.657,0.07500000000000001,0.017
3130,0.06250000000000001,0.15750000000000003,0.858,0.01,0.0615,0.16020848137257587,0.767617982873454,0.28700000000000003,0.613832892998679,0.3092417087404105,0.0005
3131,0.073,0.1375,0.5025000000000001,0.0595,0.077,0.24998231666685927,0.698066882416397,0.0595,0.39599900990099013,0.18894638949671774,0.003
3132,0.19849999999999998,0.16599999999999998,0.591,0.09401342493318303,0.178,0.20210027705358719,0.791066882416397,0.097,0.5029999999999999,0.22199999999999998,0.016
3133,0.1305,0.028500000000000004,0.539,0.015500000000000003,0.078,0.24120066781510702,0.7904999999999999,0.075,0.3105,0.1625,0.001
3134,0.0915,0.036000000000000004,0.273,0.017882700743848942,0.0405,0.15080416433309432,0.8135,0.0325,0.3365,0.059,0.002
3135,0.028500000000000004,0.0495,0.5705,0.1418548163227538,0.009000000000000001,0.0952744498777506,0.762047813250269,0.027499999999999997,0.4221579616782293,0.2441053722175767,0.0
3136,0.11197531413871575,0.0625,0.7935000000000001,0.04425087884046136,0.166,0.2162744498777506,0.4712449558503337,0.073,0.746249504950495,0.08111264822134387,0.026500000000000003
3137,0.362,0.05500000000000001,0.6405,0.066,0.05,0.144,0.9099999999999999,0.1295,0.414,0.3115,0.0015
3138,0.2145,0.006,0.617,0.03244059405940594,0.031,0.224737378781386,0.4721179828734538,0.041,0.45475000000000004,0.091,0.0035000000000000005
3139,0.46950000000000003,0.17250000000000001,0.8215,0.2085,0.086,0.19085513527780998,0.724,0.093,0.6932500000000001,0.16094638949671772,0.0055
3140,0.2455,0.0305,0.7195,0.04744392523364486,0.0875,0.09692562365735166,0.9065,0.1005,0.7515000000000001,0.12383523376750856,0.003
3141,0.666,0.0215,0.6335,0.03344392523364486,0.06,0.08477383863080686,0.7321179828734539,0.1005,0.580874628344896,0.14016252697722162,0.0005
3142,0.16649999999999998,0.09849999999999999,0.5725,0.045,0.0705,0.09162793957717909,0.8497302496520842,0.18350000000000002,0.6011662269129288,0.28744687842278205,0.0025
3143,0.097,0.064,0.5405,0.03845499090725399,0.2845,0.10068913226621737,0.8965,0.0385,0.42016666666666663,0.1602693671206354,0.008000000000000002
3144,0.19450000000000003,0.0475,0.7365,0.0385,0.05700000000000001,0.08341845244349788,0.8339750069696704,0.10700000000000001,0.651,0.12685004047811801,0.0075000000000000015
3145,0.5980000000000001,0.2325,0.6605000000000001,0.1218845192930508,0.10149999999999999,0.3126294861189988,0.556700647249191,0.11300000000000002,0.46533146372684764,0.23445263634175562,0.004999999999999999
3146,0.41200000000000003,0.1615,0.6785,0.04844059405940594,0.0795,0.34731098401468163,0.7648757813791505,0.11400000000000002,0.5119991887454644,0.22131248649910362,0.0325
3147,0.3835,0.11449999999999998,0.7715,0.030470297029702977,0.074,0.16971962800556373,0.7221584163018202,0.1535,0.6119241340306136,0.1998635949258699,0.006
3148,0.1675,0.02697354260089686,0.8210000000000001,0.02170491041501127,0.06999999999999999,0.3852920025571289,0.21211798287345385,0.0185,0.3303528112186722,0.5596273809577597,0.0045
3149,0.3315,0.19196194225721785,0.631,0.05798469387755102,0.131,0.4533424861044638,0.4886747523905142,0.188,0.553415785997358,0.19453660802859737,0.01
3150,0.05800000000000001,0.05950000000000001,0.65,0.02347029702970297,0.002,0.09096239081935903,0.9570000000000001,0.039999999999999994,0.4495828935795954,0.1874039603960396,0.0015
3151,0.384,0.256,0.6605000000000001,0.06947029702970298,0.11700000000000002,0.37099666086011474,0.5791162467960863,0.16799999999999998,0.483624133295391,0.28764014984265196,0.013500000000000002
3152,0.066,0.051500000000000004,0.7645,0.05600000000000001,0.034,0.086,0.9664675002125207,0.015,0.43349956024626213,0.11000000000000001,0.001
3153,0.014499999999999999,0.0505,0.4535,0.006,0.0205,0.20237768445476956,0.8370000000000001,0.0165,0.28850000000000003,0.08549999999999999,0.0
3154,0.08349999999999999,0.06298021828103684,0.8719999999999999,0.01993282203868055,0.0805,0.3715400336531746,0.082,0.061,0.26833289299867896,0.481758297766511,0.001996775260459732
3155,0.5109999999999999,0.1655,0.6505000000000001,0.06150000000000001,0.08349999999999999,0.0992079714045081,0.8529222656069653,0.267,0.4937666666666667,0.30208185508269225,0.0185
3156,0.0505,0.0335,0.76,0.033999999999999996,0.11200000000000002,0.13727383863080683,0.7699999999999999,0.013500000000000002,0.5255,0.118,0.0
3157,0.33149999999999996,0.21600000000000003,0.719,0.03724546733475763,0.16,0.32030424592829315,0.6048826054929921,0.0935,0.3262495049504951,0.4193831708084235,0.029971870634980857
3158,0.11599999999999999,0.1319613368283093,0.775,0.06999999999999999,0.08349999999999999,0.44185334689824823,0.3851300345393834,0.133,0.5814995596653457,0.12,0.0125
3159,0.4305,0.072,0.6025,0.08094392523364487,0.09849999999999999,0.30729750240102643,0.6256179828734539,0.18650000000000003,0.3055,0.23129642997483574,0.014500000000000002
3160,0.05800000000000001,0.0335,0.4655,0.022,0.039,0.16749999999999998,0.7389364559464127,0.03,0.35025,0.12783774834437087,0.001
3161,0.5999753141387159,0.0635,0.6495,0.08940449118122884,0.07050000000000001,0.15104319455572424,0.9049129803639895,0.14650000000000002,0.5689666666666666,0.21585083881882167,0.026000000000000002
3162,0.4795,0.035,0.506,0.03325475251606794,0.057999999999999996,0.15518913226621736,0.8951179828734539,0.125,0.339,0.225,0.002
3163,0.066,0.0455,0.5974999999999999,0.043000000000000003,0.0165,0.152,0.7889999999999999,0.0085,0.321,0.24700000000000003,0.0014967752604597322
3164,0.025,0.0235,0.45999999999999996,0.04695499090725399,0.0035000000000000005,0.14650000000000002,0.9075,0.0125,0.3971662269129288,0.22002696866902188,0.001
3165,0.29350000000000004,0.17350000000000002,0.6875,0.0225,0.05750000000000001,0.2825399922202263,0.8375,0.248,0.5190823432343235,0.3063144459903496,0.013500000000000002
3166,0.0125,0.049,0.6565000000000001,0.034,0.0205,0.193334510325526,0.917066882416397,0.010499999999999999,0.34249999999999997,0.0595,0.0
3167,0.24050000000000002,0.17400000000000002,0.733,0.07747029702970297,0.068,0.3275432332125896,0.885,0.139,0.4642490099009901,0.3067870247650638,0.01
3168,0.07050000000000001,0.0685,0.8094999999999999,0.002,0.074,0.18054265313492446,0.35730284816330465,0.057499999999999996,0.6020000000000001,0.06799999999999999,0.0015
3169,0.382,0.3048384275192445,0.6980000000000001,0.0325,0.10600000000000001,0.2706096292980358,0.680308786811733,0.21150000000000002,0.4066666666666666,0.39449999999999996,0.068
3170,0.031,0.0025,0.46950000000000003,0.040499999999999994,0.017,0.1105,0.9494999999999999,0.0005,0.20325,0.12264094818335562,0.014000000000000002
3171,0.27849999999999997,0.043,0.692,0.0475,0.134,0.14300000000000002,0.9250000000000002,0.051500000000000004,0.4333333333333333,0.23399999999999999,0.0015
3172,0.0725,0.04,0.719,0.0115,0.0795,0.10200000000000001,0.44299999999999995,0.027500000000000004,0.6671662269129287,0.11949999999999998,0.002
3173,0.2825,0.15850000000000003,0.7185,0.029921603485729104,0.06549999999999999,0.0806277090889427,0.6460666974684498,0.2205,0.4320918670438473,0.30428525992861144,0.0005
3174,0.1975,0.016499999999999997,0.46299999999999997,0.010000000000000002,0.0405,0.12337794639573796,0.7536179828734538,0.1405,0.4330740099009901,0.2535657721132828,0.0034999999999999996
3175,0.0295,0.09849999999999999,0.6020000000000001,0.0045000000000000005,0.08149999999999999,0.2469524085130959,0.6645,0.051000000000000004,0.35075,0.3235,0.0115
3176,0.2805,0.12194216053825468,0.7525000000000001,0.04184125006228157,0.1345,0.9054630020663028,0.5145121795525389,0.07500000000000001,0.5615,0.14350000000000002,0.017
3177,0.5115000000000001,0.5554541859650584,0.8644999999999999,0.0863295655254564,0.13,0.44264377406931965,0.7209437302711326,0.4655,0.4221662269129288,0.05830712245137557,0.008
3178,0.257,0.10647354260089685,0.6705,0.07100000000000001,0.121,0.1179354484869997,0.7117577985056964,0.0885,0.44791617161716174,0.1405,0.0055
3179,0.5809753141387157,0.026500000000000003,0.5425000000000001,0.07347029702970298,0.078,0.11596324704033215,0.8709999999999999,0.029500000000000005,0.2976666666666667,0.1359039603960396,0.016499999999999997
3180,0.002,0.008499999999999999,0.5395,0.0315,0.030000000000000006,0.173,0.895047813250269,0.0,0.32,0.07174170874041047,0.0005
3181,0.2285,0.004,0.6125,0.061999999999999986,0.028500000000000004,0.191,0.45200000000000007,0.030000000000000006,0.3585,0.365,0.0
3182,0.6759139951740778,0.3993858267716536,0.7385,0.0115,0.0985,0.3292960652322003,0.064,0.7144999999999999,0.3790828382838284,0.10244638949671774,0.0055
3183,0.179,0.041999999999999996,0.47800000000000004,0.007291610572944721,0.1045,0.10954822954822956,0.7501179828734539,0.0105,0.31100000000000005,0.2539463894967177,0.0
3184,0.1135,0.0215,0.6335,0.073,0.030000000000000006,0.17650000000000002,0.8965,0.014500000000000002,0.364,0.15100000000000002,0.0245
3185,0.48450000000000004,0.12450000000000001,0.6725000000000001,0.081,0.11800000000000002,0.15950000000000003,0.8755564409297886,0.3195,0.53975,0.265,0.0185
3186,0.041,0.083,0.572,0.028999999999999998,0.023,0.2240889965672226,0.8705,0.052000000000000005,0.3355,0.29450000000000004,0.003
3187,0.425,0.05700000000000001,0.5970000000000001,0.08422393950345566,0.0975,0.13427383863080683,0.958480930833872,0.1035,0.4859245245641839,0.15827429109301172,0.0034999999999999996
3188,0.23450000000000001,0.16799999999999998,0.6559999999999999,0.07039477663840442,0.068,0.2725,0.46163343302631654,0.1075,0.6084147417644139,0.3118143425519612,0.006500000000000001
3189,0.29,0.174,0.685,0.060350054420198654,0.0475,0.8455,0.8211179828734538,0.13849999999999998,0.5529490651967572,0.2297470727881385,0.005
3190,0.0615,0.023000000000000003,0.6305,0.027500000000000004,0.059,0.1413387026681849,0.6260000000000001,0.033,0.5442495049504951,0.0225,0.001
3191,0.0245,0.0245,0.4415,0.0125,0.043,0.14049999999999999,0.777164652049216,0.0055,0.345,0.0625,0.0
3192,0.46299999999999997,0.09931652453036403,0.623,0.016,0.07050000000000001,0.2080281779082714,0.966807347833333,0.032,0.6668328382838284,0.18676960950052812,0.0005
3193,0.062,0.042499999999999996,0.622,0.126,0.027500000000000004,0.135,0.8815000000000002,0.007000000000000001,0.21966666666666668,0.15240396039603962,0.001
3194,0.004,0.003,0.5229999999999999,0.03248469387755103,0.011,0.137,0.9335000000000001,0.0005,0.27149999999999996,0.062403960396039605,0.0025
3195,0.31199999999999994,0.07799999999999999,0.566,0.038817341331731356,0.11200000000000002,0.12858610963161707,0.9431909160892994,0.124,0.48250000000000004,0.2806030191367037,0.01295944531082272
3196,0.026000000000000002,0.006500000000000001,0.661,0.10024181668598571,0.028000000000000004,0.083,0.9504999999999999,0.006500000000000001,0.28550000000000003,0.10699999999999998,0.0015
3197,0.004,0.0025,0.5105000000000001,0.0385,0.016,0.2,0.8780000000000001,0.0045,0.368,0.053500000000000006,0.0
3198,0.39,0.1385,0.6905000000000001,0.04151786484928014,0.0965,0.274,0.6416179828734538,0.10600000000000001,0.6001245049504951,0.12519376034593424,0.0085
3199,0.0495,0.022,0.909,0.0385,0.10900000000000001,0.2763224032826722,0.21374046541693598,0.041499999999999995,0.8945000000000001,0.03486756756756757,0.0015
3200,0.033499999999999995,0.0375,0.6100000000000001,0.016470297029702968,0.014500000000000002,0.132,0.8099999999999999,0.0075,0.46616666666666673,0.1055,0.0015
3201,0.42350000000000004,0.15050000000000002,0.635,0.0785,0.1295,0.6316442802056554,0.8706609167945567,0.184,0.45875000000000005,0.29013657631711753,0.0125
3202,0.22549999999999998,0.182,0.7765000000000001,0.07899432108962252,0.148,0.3236266211469139,0.463295313515199,0.091,0.5654995049504951,0.1539851858075457,0.02398766634209672
3203,0.2865,0.051500000000000004,0.716,0.1454100447039504,0.09999999999999999,0.18877411477411477,0.909,0.12000000000000002,0.4764990099009901,0.087,0.003
3204,0.053500000000000006,0.10450000000000001,0.9289999999999999,0.05800000000000001,0.1025,0.1631714522696001,0.7222404654169361,0.177,0.713875,0.1846880982371282,0.0055
3205,0.21400000000000002,0.08446194225721786,0.7,0.03570034341957234,0.123,0.35071360052101763,0.6471537088727224,0.11600000000000002,0.4861995249406176,0.13399999999999998,0.023999999999999997
3206,0.008,0.038,0.817,0.0225,0.11900000000000002,0.16378033585066767,0.176,0.0225,0.8717499999999999,0.08744638949671774,0.0035000000000000005
3207,0.1755,0.013500000000000002,0.4875,0.03444917998547191,0.101,0.3320634911739253,0.4883584482903899,0.033,0.5573864360544593,0.39715187371919725,0.0015
3208,0.207,0.11885254737821009,0.6415,0.11171332842324858,0.05,0.13863997965685174,0.942740465416936,0.056499999999999995,0.5139912269129289,0.22389037196738312,0.003
3209,0.3725,0.0725,0.49700000000000005,0.06578843227804812,0.17800000000000002,0.14968881412952056,0.8845000000000001,0.191,0.44554029210968593,0.3037652780869292,0.013000000000000001
3210,0.27799999999999997,0.0765,0.6505000000000001,0.076454990907254,0.085,0.12250000000000001,0.7481718469231715,0.041999999999999996,0.5539999999999999,0.3709039603960396,0.0025
3211,0.19349999999999998,0.04650000000000001,0.673,0.022000000000000002,0.017,0.11099999999999999,0.8861179828734539,0.011500000000000002,0.47450000000000003,0.0965,0.001
3212,0.33899999999999997,0.012,0.4955,0.0625,0.014500000000000002,0.091,0.9175000000000001,0.071,0.43600000000000005,0.262,0.0105
3213,0.0015,0.006,0.5534999999999999,0.10200000000000001,0.0085,0.1495,0.9625,0.003,0.359875,0.0679039603960396,0.0
3214,0.6375000000000001,0.0925,0.6599999999999999,0.015,0.131,0.0665,0.920617982873454,0.27449999999999997,0.5325,0.335,0.012497901248205014
3215,0.27149999999999996,0.063,0.7815000000000001,0.04688,0.059,0.12031796257017162,0.9552250456817031,0.028000000000000004,0.3875,0.1135,0.0015
3216,0.665,0.06949999999999999,0.7745,0.020999999999999998,0.143,0.1817741147741148,0.9491179828734537,0.0395,0.75,0.128,0.0075
3217,0.445,0.118,0.6785,0.028000000000000004,0.08499999999999999,0.24007692352320076,0.8507810081666498,0.135,0.5130000000000001,0.394,0.0185
3218,0.19949999999999998,0.0925,0.754,0.0173845192930508,0.118,0.21517178403671244,0.482535838150289,0.23850000000000002,0.5378,0.1479039603960396,0.0075000000000000015
3219,0.05750000000000001,0.1728091058571807,0.8745,0.017989690721649486,0.0675,0.19588403407689198,0.6415,0.556,0.4356652362330024,0.20983887043189373,0.0075000000000000015
3220,0.555,0.248,0.8115,0.07290391298499731,0.0675,0.23654856465186538,0.8102212113028608,0.5365,0.21141523681391888,0.0980500022669872,0.002
3221,0.033999999999999996,0.035500000000000004,0.5775,0.06312286694702937,0.072,0.1035,0.8540000000000001,0.003,0.31575,0.132736987787316,0.045
3222,0.14049999999999999,0.0375,0.608,0.0495,0.0495,0.20604889975550122,0.9115,0.073,0.49883333333333335,0.15550000000000003,0.004999999999999999
3223,0.008,0.0215,0.542,0.026500000000000003,0.0075,0.1835,0.7409999999999999,0.0035000000000000005,0.5135,0.07190316205533598,0.0005
3224,0.178,0.17750000000000002,0.6829999999999999,0.10966773461727723,0.12250000000000001,0.5780912258691785,0.4263578839089889,0.16749999999999998,0.47350000000000003,0.1499764459974991,0.026500000000000003
3225,0.317,0.08282310594949839,0.5845,0.03997029702970297,0.09949999999999999,0.20431675370669972,0.9403088989627534,0.026000000000000002,0.6635,0.1105,0.002
3226,0.0125,0.0035000000000000005,0.5265,0.04443978573115044,0.038000000000000006,0.14450000000000002,0.9349999999999999,0.0105,0.25458333333333333,0.1297110828474152,0.0055
3227,0.43099999999999994,0.2639161282222763,0.543,0.0475,0.10450000000000001,0.3104289996484191,0.7473540170090951,0.6105,0.4853902368139188,0.12804559829059828,0.004
3228,0.294,0.088,0.74,0.0095,0.089,0.16700562403194863,0.775066882416397,0.0895,0.5125,0.1819463894967177,0.016999999999999998
3229,0.06050000000000001,0.056499999999999995,0.663,0.038,0.1765,0.10387710437710437,0.9256909160892995,0.08549999999999999,0.5509157312825075,0.0475,0.0085
3230,0.153,0.07350000000000001,0.578,0.027500000000000004,0.042499999999999996,0.16577383863080683,0.5971179828734539,0.07850000000000001,0.41075,0.37094638949671777,0.0025
3231,0.1465,0.0235,0.5475,0.01197029702970297,0.028499999999999998,0.10804822954822954,0.9039999999999999,0.1135,0.27949999999999997,0.2549463894967177,0.0025
3232,0.2855,0.028000000000000004,0.554,0.021,0.0335,0.1055,0.9550000000000001,0.12100000000000002,0.3866995249406176,0.261903162055336,0.009000000000000001
3233,0.3925,0.375,0.6245,0.05044392523364486,0.07700000000000001,0.1976873724440445,0.7556178707224335,0.2305,0.4581666666666667,0.49764014984265204,0.14647485004239247
3234,0.16699999999999998,0.061,0.495,0.0745,0.047,0.1365,0.8617404654169359,0.015499999999999996,0.16293301687763712,0.07261264822134386,0.0015
3235,0.0095,0.0035000000000000005,0.6025,0.045,0.014000000000000002,0.1825,0.7675000000000002,0.01,0.5135,0.063,0.0005
3236,0.24450000000000002,0.074,0.5785,0.06934359776980233,0.07250000000000001,0.21396617735199192,0.781,0.065,0.4599907518535463,0.17439982417917696,0.0685
3237,0.27849999999999997,0.12838338830044266,0.6565000000000001,0.02,0.12349999999999998,0.3167092187653981,0.258,0.16899999999999998,0.5981990298911126,0.17544687842278203,0.012000000000000002
3238,0.009,0.008,0.5985,0.01547029702970297,0.011500000000000002,0.1371163815448419,0.8940000000000001,0.003,0.2675,0.1485,0.0025
3239,0.06949999999999999,0.0385,0.525,0.0695,0.13799999999999998,0.1524630020663028,0.834,0.0295,0.3645833333333333,0.21609274834437087,0.001
3240,0.152,0.0125,0.4800000000000001,0.02398469387755102,0.024499999999999997,0.1115,0.9289999999999999,0.071,0.4091662269129287,0.17324052741460366,0.001
3241,0.17350000000000002,0.17847354260089687,0.7065000000000001,0.09480647605576883,0.0895,0.3670904791298592,0.58275130374875,0.0975,0.5869480750977474,0.18445934089012778,0.0195
3242,0.0965,0.0635,0.5210000000000001,0.044839510200304786,0.091,0.31735410094637223,0.7397700449983984,0.0215,0.12150000000000001,0.08812300827298228,0.0025
3243,0.191,0.10400000000000001,0.63,0.016499999999999997,0.20799999999999996,0.18977940646702715,0.8216179828734539,0.124,0.5625,0.2518347558494122,0.019500000000000003
3244,0.132,0.0125,0.6295,0.040470297029702965,0.0315,0.144,0.5379999999999999,0.02,0.5045,0.125,0.001
3245,0.318,0.077,0.599,0.10608599758747772,0.1615,0.141,0.874,0.0675,0.48874900990099013,0.12690396039603963,0.009
3246,0.38049999999999995,0.22949999999999998,0.7170000000000001,0.06944392523364487,0.135,0.8465,0.5544100455785882,0.21150000000000002,0.43741666666666673,0.24925351194809328,0.021
3247,0.1555,0.5469421605382546,0.843,0.1134050478598519,0.061,0.08282267942598018,0.9277420188661967,0.0345,0.7769999999999999,0.052000000000000005,0.0025
3248,0.44350000000000006,0.014000000000000002,0.23149999999999998,0.040335332640907336,0.07100000000000001,0.21540771894196437,0.497102720566686,0.191,0.5452495049504951,0.20133774834437088,0.005
3249,0.49450000000000005,0.041999999999999996,0.595,0.079454990907254,0.0695,0.28012298249320644,0.7492572616204124,0.06299999999999999,0.4360161912308504,0.22602368201829098,0.03849999999999999
3250,0.052000000000000005,0.08950000000000001,0.8550000000000001,0.039989690721649485,0.061,0.21277051846371017,0.6682359657469077,0.203,0.5092078382838283,0.3642409103997068,0.004
3251,0.08249999999999999,0.009,0.598,0.04747029702970297,0.06,0.1585,0.9755,0.015,0.5787490651967572,0.08149999999999999,0.003
3252,0.17450000000000002,0.07799999999999999,0.6094999999999999,0.05447029702970296,0.0925,0.2591711307963799,0.6275665853174294,0.094,0.3450397964792645,0.20501765583759415,0.007000000000000001
3253,0.1645,0.17890948657371974,0.6759999999999999,0.03,0.1815,0.18335278490975643,0.564566882416397,0.086,0.5375,0.2889039603960396,0.027000000000000003
3254,0.09297531413871575,0.131,0.8415000000000001,0.04981028478105542,0.16749999999999998,0.22077444987775063,0.4984361690386009,0.082,0.705249504950495,0.10961264822134387,0.027500000000000004
3255,0.0465,0.0905,0.5795,0.09197029702970297,0.076,0.20420820189274447,0.7825,0.029500000000000005,0.3190828382838284,0.32247105052625596,0.0
3256,0.1265,0.023,0.7645000000000001,0.04792861911119588,0.089,0.093,0.8315000000000001,0.03200000000000001,0.557,0.0823388704318937,0.003
3257,0.352,0.05349999999999999,0.5355,0.38698969072164946,0.10950000000000001,0.131,0.8885,0.1365,0.373,0.11640396039603962,0.0015
3258,0.47000000000000003,0.11679366346806405,0.8345,0.10132753525209473,0.1295,0.394963582143968,0.41873596574690775,0.1395,0.724,0.12150000000000001,0.0045000000000000005
3259,0.004999999999999999,0.026000000000000002,0.4875,0.015,0.020499999999999997,0.14877411477411479,0.9400000000000001,0.006500000000000001,0.3525,0.074,0.003
3260,0.1955,0.098,0.6405,0.04285029702970297,0.0595,0.16946265276032746,0.7661907311413522,0.1135,0.5549999999999999,0.18794638949671774,0.023
3261,0.08449999999999999,0.08700000000000001,0.8524999999999998,0.0125,0.044,0.24821979771239513,0.9456179828734539,0.034,0.7801662269129288,0.07349999999999998,0.002
3262,0.07197531413871575,0.021,0.875,0.015500000000000003,0.10300000000000001,0.2034593325932308,0.4013553091289648,0.036000000000000004,0.8675,0.03890316205533596,0.0014873458792991564
3263,0.031,0.028500000000000004,0.5145,0.044470297029702975,0.0045,0.1635,0.9627763035672249,0.0115,0.3601666666666667,0.08824170874041047,0.002
3264,0.2065,0.05500000000000001,0.45949999999999996,0.07999999999999999,0.0965,0.11427411477411478,0.8982359657469077,0.1305,0.3015833333333333,0.24100000000000002,0.003999999999999999
3265,0.20249999999999999,0.04997989093387867,0.6035,0.047943925233644866,0.0635,0.2065,0.6214999999999999,0.101,0.466,0.11640316205533596,0.001
3266,0.3,0.09547354260089687,0.7335,0.06707309323047675,0.14500000000000002,0.15327383863080685,0.8680466691757621,0.028000000000000004,0.5956666666666667,0.10721028450671155,0.009000000000000001
3267,0.297,0.17347989093387867,0.7060000000000001,0.04541422226334783,0.0955,0.0395,0.6935128574018501,0.10400000000000001,0.5897399392828715,0.14913368939314225,0.035
3268,0.31949999999999995,0.2045,0.6784999999999999,0.048944681628903475,0.056499999999999995,0.8789317569027585,0.8239118928475694,0.134,0.48891622691292874,0.3083932679194997,0.0055
3269,0.8320000000000001,0.05399999999999999,0.7735000000000001,0.02098469387755102,0.077,0.4062797388060634,0.11961798287345386,0.5735,0.177,0.181903162055336,0.003
3270,0.027500000000000004,0.024,0.4600000000000001,0.06394392523364487,0.013500000000000002,0.182,0.9635,0.009999999999999998,0.34049999999999997,0.20575479921486126,0.0015
3271,0.28049999999999997,0.2165,0.78,0.05135390704815285,0.0975,0.3783974353731218,0.29438506858154395,0.19499999999999998,0.524499504950495,0.29969840584471824,0.017959137413614157
3272,0.273,0.1085,0.6935,0.012,0.0905,0.23531768309034024,0.528,0.199,0.49850000000000005,0.12449999999999999,0.0005
3273,0.291,0.1355,0.6255,0.06645499090725399,0.069,0.0495,0.924566882416397,0.1545,0.5007495049504951,0.31304462485049706,0.006999999999999999
3274,0.398,0.19947396768402154,0.686,0.05177312615559913,0.1035,0.9715,0.5230796718641015,0.18349999999999997,0.524332892998679,0.23374522907668965,0.0465
3275,0.2395,0.1025,0.7200000000000001,0.22297029702970295,0.0615,0.11604795340492162,0.8118900055786646,0.1445,0.666875,0.13040316205533595,0.0075000000000000015
3276,0.21400000000000005,0.174,0.7529999999999999,0.07354938636877903,0.10600000000000001,0.21276015561416153,0.8463740103726881,0.051500000000000004,0.6732495049504951,0.2024039603960396,0.0315
3277,0.23650000000000002,0.11499999999999999,0.7070000000000001,0.07639402024314582,0.147,0.5389999999999999,0.5147340275063266,0.13199999999999998,0.5273323432343234,0.1867887296463174,0.008000000000000002
3278,0.2125,0.1039359099412394,0.6980000000000001,0.054742136160518706,0.13849999999999998,0.39586505490950086,0.4433634227607365,0.10149999999999999,0.607,0.1376212772930265,0.006500000000000001
3279,0.6380000000000001,0.0215,0.6445,0.0045,0.081,0.15777255338987012,0.9865,0.05,0.3825825406889525,0.3813429080393561,0.0025
3280,0.308,0.074,0.6265000000000001,0.05450000000000001,0.155,0.0425,0.8145243862295238,0.11100000000000002,0.5615819581954362,0.2515985447684187,0.0245
3281,0.32,0.0315,0.402,0.012,0.08,0.094,0.8456909160892995,0.1325,0.5071666666666668,0.26999999999999996,0.0755
3282,0.5055,0.10250000000000001,0.5800000000000001,0.03797029702970296,0.1075,0.11018723577833686,0.792307347833333,0.28,0.48149999999999993,0.31730632411067194,0.002
3283,0.03849999999999999,0.009,0.5365,0.10014653799923853,0.052000000000000005,0.149,0.6745,0.005,0.20049999999999998,0.10540396039603958,0.0035000000000000005
3284,0.40800000000000003,0.086,0.557,0.01,0.09499999999999999,0.17585100556249617,0.7924162148075165,0.17250000000000001,0.46166622691292875,0.20750000000000002,0.045
3285,0.4995,0.0225,0.618,0.04230267624655385,0.041499999999999995,0.1101888141295206,0.8878028481633047,0.07200000000000001,0.4925,0.154,0.0045
3286,0.079,0.033,0.7195,0.0355,0.027000000000000003,0.1480485646518654,0.914,0.0465,0.5391662269129288,0.13083887043189368,0.0039876663420967216
3287,0.1855,0.0315,0.659,0.024,0.03150000000000001,0.05550000000000001,0.8939999999999999,0.058499999999999996,0.417,0.2545,0.0
3288,0.20700000000000002,0.21896194225721785,0.7755000000000001,0.097,0.12349999999999998,0.1834655661050481,0.46206688241639704,0.0875,0.5655,0.16899999999999998,0.018
3289,0.35,0.0395,0.5599999999999999,0.014499999999999999,0.10200000000000001,0.09418855218855218,0.8549999999999999,0.1005,0.7565,0.1505,0.0085
3290,0.1585,0.0625,0.7594999999999998,0.014343084897510405,0.121,0.18350000000000002,0.8199268818362071,0.0995,0.744999560246262,0.091,0.009
3291,0.126,0.017,0.5435000000000001,0.2151765947386298,0.047,0.274614057588306,0.7022359657469077,0.17350000000000002,0.32797629123611366,0.16079379406857522,0.0195
3292,0.23200000000000004,0.23399999999999999,0.873,0.037832075658785644,0.063,0.4440542539968798,0.5606909160892994,0.16699999999999998,0.6125819028996691,0.3143080699974461,0.013500000000000002
3293,0.049,0.023,0.522,0.16566969629198341,0.030499999999999992,0.1715,0.9266178707224334,0.014500000000000002,0.43346628506896795,0.13794249842035383,0.0035000000000000005
3294,0.30950000000000005,0.37749999999999995,0.7194999999999999,0.026000000000000002,0.2245,0.3967243402420033,0.7661909160892996,0.09,0.6115,0.239403162055336,0.008
3295,0.006500000000000001,0.036480218281036834,0.6755000000000001,0.0205,0.035,0.2064614487644468,0.968,0.1585,0.425,0.0885,0.0005
3296,0.14250000000000002,0.06799999999999999,0.43149999999999994,0.047448769198401006,0.0625,0.07368855218855219,0.9420000000000002,0.1155,0.27998301612476867,0.39107978083160055,0.0015
3297,0.392,0.05750000000000001,0.48949999999999994,0.04147029702970297,0.0965,0.1552373618144469,0.8404999999999999,0.041,0.37816666666666665,0.12050000000000001,0.006500000000000001
3298,0.0035000000000000005,0.0165,0.5725,0.0195,0.02,0.15877444987775063,0.9754999999999999,0.002,0.35300000000000004,0.098,0.0005
3299,0.057499999999999996,0.046,0.6495,0.025500000000000002,0.0605,0.15260180698509979,0.658,0.023,0.28049999999999997,0.0385,0.0
3300,0.1255,0.06,0.6655,0.020890651012003856,0.028500000000000004,0.09627383863080685,0.975,0.014500000000000002,0.4521662269129287,0.14280712245137556,0.015
3301,0.004,0.018000000000000002,0.584,0.052500000000000005,0.0045,0.1755,0.8846179828734538,0.0035000000000000005,0.36441666666666667,0.0669039603960396,0.0015
3302,0.39149999999999996,0.1097517591168197,0.772,0.05488337209944807,0.07400000000000001,0.3594265110476033,0.42356688241639695,0.21549999999999997,0.6677495596653455,0.13887989607111512,0.006500000000000001
3303,0.833,0.0225,0.5675,0.05048469387755102,0.1335,0.1325,0.9916135515921592,0.065,0.4885,0.35700000000000004,0.0035000000000000005
3304,0.006,0.002,0.58,0.05950000000000001,0.009500000000000001,0.1265,0.9844999999999999,0.0,0.289,0.08349999999999999,0.013000000000000001
3305,0.7510000000000001,0.044500000000000005,0.5365,0.03998469387755102,0.11499999999999999,0.12349999999999998,0.9691135515921591,0.0985,0.6702495049504951,0.2,0.0045
3306,0.44350000000000006,0.0205,0.608,0.0385,0.044,0.089,0.9650000000000001,0.18850000000000003,0.2585,0.385903162055336,0.005
3307,0.22399999999999998,0.081,0.6165,0.030470297029702977,0.34,0.1303754212418135,0.8861848652898509,0.08700000000000001,0.5205995602462621,0.2628079207920792,0.0095
3308,0.409,0.2495,0.701,0.08239891614089885,0.13999999999999999,0.22074953543159276,0.7591909160892996,0.196,0.5246985901373747,0.3643071224513756,0.0375
3309,0.0605,0.0115,0.31049999999999994,0.0819648832476881,0.042,0.12785410094637223,0.8584999999999999,0.02,0.2617977233364065,0.08548888013415201,0.023
3310,0.0665,0.09247354260089685,0.7274999999999999,0.02792861911119588,0.0925,0.31752309099364295,0.4658490022181131,0.05450000000000001,0.585582892998679,0.04390316205533597,0.009000000000000001
3311,0.021,0.022,0.5625,0.042,0.018,0.1375,0.9181179828734539,0.024,0.27975,0.10259158403928334,0.0075000000000000015
3312,0.0405,0.010499999999999999,0.6155000000000002,0.056499999999999995,0.014000000000000002,0.073,0.9700668824163969,0.005,0.2605,0.1515,0.0015
3313,0.244,0.10400000000000001,0.7550000000000001,0.025970297029702973,0.15150000000000002,0.9824999999999999,0.6254307445200397,0.09700000000000002,0.5646235701472522,0.14767549668874175,0.016
3314,0.0125,0.0095,0.5374999999999999,0.045,0.020999999999999998,0.1685,0.7229999999999999,0.004,0.30700000000000005,0.0645,0.002
3315,0.128,0.005,0.4565,0.04347029702970297,0.03,0.13299999999999998,0.8885,0.030000000000000006,0.263,0.20600000000000002,0.004987666342096722
3316,0.134,0.05249999999999999,0.6460000000000001,0.0877949863146026,0.0395,0.1665535817325376,0.8989999999999998,0.071,0.362,0.1649755710877296,0.009
3317,0.3035,0.0445,0.6405000000000001,0.019,0.06999999999999999,0.11257804109599819,0.9730000000000001,0.0355,0.37239968279143537,0.257,0.002
3318,0.0225,0.027500000000000004,0.93,0.11598469387755102,0.136,0.41206389597463966,0.6432358535958873,0.020999999999999998,0.8991662269129288,0.047837748344370865,0.006
3319,0.30300000000000005,0.05349999999999999,0.6519999999999999,0.032999999999999995,0.07,0.07204856465186539,0.9083088989627534,0.0705,0.5016662269129288,0.10600000000000001,0.006500000000000001
3320,0.098,0.026500000000000003,0.532,0.024,0.047,0.07777444987775062,0.9030668824163971,0.05600000000000001,0.546499560246262,0.1325,0.0015
3321,0.018000000000000002,0.042,0.6829999999999999,0.025500000000000002,0.035,0.23553650535067328,0.7949999999999999,0.0045000000000000005,0.2435,0.06549999999999999,0.0
3322,0.2985,0.1325,0.639,0.04331212727228041,0.149,0.24875595328950614,0.8453022666324148,0.20950000000000002,0.5172069034805855,0.3586815391108048,0.011
3323,0.196,0.04098021828103684,0.721,0.034999999999999996,0.0715,0.16560734781807457,0.8154999999999999,0.017,0.40449999999999997,0.0885,0.0045000000000000005
3324,0.007000000000000001,0.0125,0.5155,0.046,0.015,0.152,0.9634809308338721,0.003,0.29226635021097047,0.07667549668874171,0.001
3325,0.2915,0.147,0.6799999999999999,0.127,0.0915,0.12165875702836257,0.6296850083409298,0.0655,0.3045,0.607837748344371,0.013500000000000002
3326,0.5165,0.0825,0.666,0.011420353982300884,0.099,0.0895,0.8665184157216304,0.14100000000000001,0.34550000000000003,0.336,0.0015
3327,0.027500000000000004,0.05891460541813899,0.9215,0.2469922279792746,0.10699999999999998,0.328422624713485,0.32999999999999996,0.024,0.9073333333333334,0.0761880982371282,0.0025
3328,0.008,0.001,0.6004999999999999,0.0345,0.0034999999999999996,0.1715,0.8619999999999999,0.001,0.32799999999999996,0.0765,0.0
3329,0.22349999999999998,0.019999999999999997,0.36899999999999994,0.018,0.063,0.2133800806358578,0.553,0.0385,0.358,0.3045,0.0005
3330,0.068,0.08477152138334414,0.683,0.05541422226334782,0.0965,0.18608138619749284,0.2806179828734538,0.22249999999999998,0.5101161716171617,0.1765420458700653,0.0029750163258787524
3331,0.019,0.024,0.6955,0.04848469387755102,0.2995,0.17450000000000002,0.653,0.006,0.4875,0.0885,0.0015
3332,0.083,0.124,0.7675000000000001,0.0045,0.1295,0.15623710263807805,0.330566882416397,0.20600000000000002,0.466749504950495,0.205,0.002
3333,0.012,0.004,0.4925,0.09373390704815285,0.05500000000000001,0.1315,0.8361179828734538,0.0005,0.1765,0.09285034989275734,0.0075000000000000015
3334,0.24050000000000002,0.07690694857833036,0.628,0.0105,0.0845,0.32258616582734545,0.28135394862036156,0.192,0.6066656765676568,0.2003932679194998,0.013500000000000002
3335,0.027000000000000003,0.027000000000000003,0.65,0.01044392523364486,0.024,0.14200000000000002,0.7975000000000001,0.0035000000000000005,0.49649962834489597,0.04624920278841228,0.0015
3336,0.3115,0.0315,0.6785,0.013940594059405943,0.072,0.0591072496060794,0.794,0.27449999999999997,0.7809999999999999,0.0915,0.0055
3337,0.057999999999999996,0.04746133682830931,0.883,0.02894059405940594,0.07250000000000001,0.2819661773519919,0.20708967937857586,0.0665,0.85775,0.052000000000000005,0.012474853861678951
3338,0.12450000000000001,0.0645,0.599,0.055470297029702964,0.0785,0.17131735132322784,0.8161178707224336,0.16999999999999998,0.4659999999999999,0.14380712245137556,0.016999999999999998
3339,0.4255,0.06649999999999999,0.768,0.025,0.07599999999999998,0.23713091227313532,0.9650141693882828,0.14450000000000002,0.5495,0.14230712245137558,0.016
3340,0.14550000000000002,0.004,0.351,0.03748469387755101,0.0365,0.11749999999999998,0.8985,0.0155,0.22275,0.0974039603960396,0.0034999999999999996
3341,0.309,0.06849999999999999,0.2735,0.03913780378180502,0.0885,0.23212849520031842,0.7935,0.10400000000000001,0.39199950495049507,0.16919376034593428,0.008
3342,0.35150000000000003,0.008,0.6519999999999999,0.01141089108910891,0.0485,0.11068913226621735,0.9125,0.092,0.36954166666666666,0.1758301807329457,0.001
3343,0.526,0.016,0.391,0.0165,0.08449999999999999,0.08422360557768924,0.943,0.23399999999999999,0.36231619160728423,0.2643932679194998,0.008499999999999999
3344,0.030000000000000006,0.0055,0.396,0.0235,0.006,0.16499999999999998,0.9205,0.019,0.283,0.07540316205533597,0.008499999999999999
3345,0.40199999999999997,0.178,0.6409999999999999,0.06941422226334784,0.1395,0.828892065344224,0.6471520621249447,0.202,0.43329122633201234,0.19435083881882165,0.0195
3346,0.07050000000000001,0.0685,0.8094999999999999,0.002,0.074,0.18054265313492446,0.35730284816330465,0.057499999999999996,0.6020000000000001,0.06799999999999999,0.0015
3347,0.169,0.091,0.7735,0.067,0.082,0.1517741147741148,0.8166101959966378,0.49000000000000005,0.716,0.1335,0.0025
3348,0.0095,0.0035000000000000005,0.506,0.03548469387755102,0.0115,0.12899999999999998,0.9305,0.0005,0.25,0.0694039603960396,0.0015
3349,0.5325,0.0335,0.752,0.037000000000000005,0.0895,0.15685410094637225,0.9685,0.095,0.4425,0.1715,0.0045
3350,0.011,0.023000000000000003,0.5315000000000001,0.059943925233644856,0.0085,0.1336163815448419,0.9605,0.004,0.30484968354430386,0.058837748344370853,0.0
3351,0.17650000000000002,0.045,0.386,0.02998469387755102,0.082,0.066,0.8899999999999999,0.069,0.5394583333333334,0.15594374802562613,0.003
3352,0.3605,0.10692172412497518,0.5125,0.05991258196157549,0.14150000000000001,0.24663579292685708,0.6685000000000001,0.14,0.4706661716171617,0.29540316205533595,0.01
3353,0.1365,0.022500000000000003,0.7754999999999999,0.0115,0.073,0.26196297089702425,0.21592676968518681,0.0775,0.485,0.10400000000000001,0.011000000000000001
3354,0.5640000000000001,0.013500000000000002,0.4805,0.0315,0.028500000000000004,0.06549999999999999,0.933,0.057999999999999996,0.296,0.28,0.0
3355,0.004,0.011500000000000002,0.6105,0.058499999999999996,0.004,0.15699999999999997,0.9730000000000001,0.027500000000000004,0.3355,0.05750000000000001,0.0015
3356,0.5050000000000001,0.057499999999999996,0.5585,0.02397029702970297,0.11749999999999998,0.1281279395771791,0.9610000000000001,0.06100000000000001,0.418,0.0835,0.006
3357,0.015,0.021479890933878663,0.553,0.006399159663865546,0.026000000000000002,0.1865,0.8740358381502891,0.002,0.32987462834489595,0.05583887043189369,0.0005
3358,0.35750000000000004,0.095,0.711,0.0803319817025461,0.0625,0.12723811218623063,0.9654999999999999,0.074,0.5914999999999999,0.18997214186361316,0.0165
3359,0.037500000000000006,0.058499999999999996,0.8205,0.43899999999999995,0.05450000000000001,0.17387794639573795,0.6041847932182814,0.032,0.54025,0.1395,0.019
3360,0.051500000000000004,0.06,0.6620000000000001,0.02744392523364486,0.06150000000000001,0.0995,0.9115,0.007000000000000001,0.312,0.12349999999999998,0.0
3361,0.558,0.0965,0.564,0.03,0.0775,0.1741892304782125,0.8575155970113929,0.1865,0.41933333333333334,0.16815896039603961,0.007999999999999998
3362,0.23399999999999999,0.11042151537390663,0.392,0.12245499090725398,0.07550000000000001,0.26698231666685923,0.6016909160892995,0.034999999999999996,0.32674950495049504,0.17235849900778166,0.0005
3363,0.0435,0.021,0.6224999999999999,0.08448469387755103,0.008000000000000002,0.13214428020565552,0.924,0.002,0.26,0.14550000000000002,0.0035000000000000005
3364,0.011,0.0115,0.5415,0.07229450110755878,0.006500000000000001,0.133,0.944,0.0045,0.3254673007296872,0.07984335576878393,0.0
3365,0.3785,0.161,0.8960000000000001,0.0375,0.0875,0.4250828844120682,0.6290666974684498,0.13649999999999998,0.6472499999999999,0.1993495515520537,0.019
3366,0.07749999999999999,0.034999999999999996,0.523,0.029884519293050804,0.0235,0.14277194214292638,0.5346678864582675,0.028999999999999998,0.49775,0.25814822486019334,0.0
3367,0.491,0.3435,0.4600000000000001,0.08149999999999999,0.087,0.19630259715661916,0.7915000000000001,0.22350000000000003,0.532332892998679,0.2491055514729529,0.008990614627291017
3368,0.3075,0.14600000000000002,0.7150000000000001,0.04892528793695696,0.12999999999999998,0.8838165063640215,0.613839761382196,0.06899999999999999,0.5366240099009902,0.18363849480284292,0.016
3369,0.3825,0.028499999999999998,0.5265,0.03250000000000001,0.018,0.15299999999999997,0.9175000000000001,0.202,0.288,0.223,0.0015
3370,0.2205,0.19999999999999998,0.709,0.026500000000000003,0.21400000000000002,0.26781675370669966,0.6257123969107514,0.0815,0.6008728134532607,0.2572162069382115,0.0185
3371,0.006,0.0075,0.5599999999999999,0.023,0.009,0.1675,0.883,0.0015,0.39649999999999996,0.05800000000000001,0.003
3372,0.293,0.21633892107411765,0.7035,0.0804133129887469,0.11749999999999998,0.34927444987775064,0.6781239623600367,0.19099999999999998,0.5539999999999999,0.2123063241106719,0.014981422503779271
3373,0.10600000000000001,0.025500000000000002,0.3915,0.0205,0.034499999999999996,0.1409629708970242,0.394,0.040999999999999995,0.28325000000000006,0.4143388704318937,0.0035000000000000005
3374,0.14499999999999996,0.0125,0.556,0.07147029702970298,0.1355,0.060188552188552194,0.9484999999999999,0.064,0.4961666666666666,0.22350000000000003,0.004
3375,0.16299999999999998,0.11639548305792817,0.5449999999999999,0.06491331298874689,0.082,0.19011471393018015,0.5097205912891194,0.2,0.5018328382838283,0.14324281947155348,0.0015
3376,0.05550000000000001,0.018500000000000003,0.596,0.024,0.0645,0.145,0.9530000000000001,0.0425,0.263,0.2532428308279333,0.002987349983782031
3377,0.2375,0.0245,0.4365,0.024,0.13899999999999998,0.131,0.6754999999999999,0.11299999999999999,0.53675,0.2885,0.003
3378,0.49949999999999994,0.2085,0.696,0.03442528793695696,0.087,0.27268779289807654,0.6937359657469078,0.1545,0.4574246283448959,0.3375000844566062,0.025
3379,0.35,0.0985,0.6515000000000001,0.03645673076923077,0.0745,0.1659026655982376,0.7045,0.223,0.6125,0.21500000000000002,0.015000000000000003
3380,0.014500000000000002,0.002,0.5469999999999999,0.0335,0.013500000000000002,0.1285,0.8999719314938155,0.019,0.242,0.0795,0.0015
3381,0.3895,0.143,0.7115,0.09732059405940593,0.096,0.33177267127187393,0.5124366129960987,0.16299999999999998,0.607,0.16379059829059828,0.02099359185014788
3382,0.26,0.137,0.6535,0.0415,0.08800000000000001,0.21831403142127614,0.8815668824163969,0.1405,0.53175,0.2559463894967177,0.0325
3383,0.1555,0.0660465812000265,0.5645,0.11238361001844988,0.0845,0.21605376411310395,0.9730000000000001,0.0405,0.4887495049504951,0.20980712245137556,0.0235
3384,0.7995,0.026500000000000003,0.717,0.017470297029702972,0.17800000000000002,0.14591873008340617,0.969,0.10699999999999998,0.7044999999999999,0.184,0.0085
3385,0.546,0.0445,0.6635,0.05494392523364485,0.07250000000000001,0.13508591780024606,0.6728634948323059,0.1755,0.6075,0.18597702988393733,0.0005
3386,0.2885,0.0885,0.6359999999999999,0.044106908484634055,0.056499999999999995,0.29952534927131624,0.801133764832794,0.05800000000000001,0.4394995602462621,0.2638557139404854,0.0155
3387,0.32649999999999996,0.10196133682830932,0.7295,0.03346938775510204,0.0865,0.16260129396127979,0.77,0.1375,0.5860000000000001,0.187,0.0175
3388,0.05500000000000001,0.12089016610150008,0.7855000000000001,0.013500000000000002,0.0725,0.3775482295482296,0.33154486470966105,0.05,0.28,0.0745,0.0005
3389,0.10500000000000001,0.0245,0.398,0.27129588129267906,0.0885,0.350628215720487,0.712066882416397,0.1065,0.3443787686853149,0.3042390176609608,0.010000000000000002
3390,0.0725,0.128,0.6995000000000001,0.08897589147480947,0.11600000000000002,0.3039236942096629,0.41074046541693604,0.1845,0.47044968354430383,0.10862756762785523,0.008
3391,0.27549999999999997,0.044,0.5965,0.05794392523364487,0.057499999999999996,0.153,0.8116770784130347,0.12149999999999998,0.50725,0.28068479632753013,0.0015
3392,0.61547530436504,0.05550000000000001,0.7705,0.12583975372327147,0.067,0.07568913226621736,0.992,0.0235,0.6844569028996691,0.1590204010486097,0.004
3393,0.012500000000000002,0.001,0.7344999999999999,0.09000000000000001,0.028500000000000004,0.1085,0.9595,0.0,0.1835,0.0735,0.0034999999999999996
3394,0.21749999999999997,0.142,0.6035000000000001,0.042470297029702966,0.09000000000000001,0.2926112536439641,0.20911798287345387,0.128,0.564624504950495,0.27912026943568014,0.016999999999999998
3395,0.21900000000000003,0.13599999999999998,0.7285,0.023822979213101298,0.11700000000000002,0.27583605146954115,0.851,0.0815,0.47375000000000006,0.313946878422782,0.008995820041799583
3396,0.27799999999999997,0.11146194225721784,0.5425,0.05500000000000001,0.08349999999999999,0.21477411477411476,0.8339426637955473,0.10800000000000001,0.5623746290801186,0.20011504324345478,0.015000000000000003
3397,0.324,0.08399999999999999,0.533,0.07090391298499732,0.10149999999999999,0.20472132592949324,0.8476848652898509,0.1085,0.398125,0.2830381387152462,0.022
3398,0.39899999999999997,0.24499999999999997,0.6535,0.08199999999999999,0.08399999999999999,0.2616698211251166,0.5166907692307692,0.1805,0.5745000000000001,0.36735004047811803,0.009
3399,0.0815,0.019,0.595,0.035,0.041499999999999995,0.15787826453243473,0.6031178707224335,0.087,0.4145,0.10440316205533598,0.0025
3400,0.317,0.064,0.716,0.042499999999999996,0.075,0.2516888809600818,0.7459162148075166,0.10800000000000001,0.49208289357959545,0.13795850607835997,0.009
3401,0.20249999999999999,0.0175,0.6295,0.0405,0.036,0.11577411477411478,0.8140000000000001,0.037,0.256,0.17314487079574645,0.0045000000000000005
3402,0.23200000000000004,0.2798525473782101,0.7434999999999999,0.053853907048152835,0.16749999999999998,0.3367486523893071,0.5215340862553074,0.1125,0.48040000000000005,0.21033887043189367,0.021968610281200694
3403,0.0185,0.02,0.40700000000000003,0.03342702779893374,0.022000000000000002,0.152,0.7145,0.043500000000000004,0.393624504950495,0.1641497498767302,0.0
3404,0.034499999999999996,0.0025,0.5810000000000001,0.031,0.021500000000000002,0.1335,0.9120668824163969,0.0005,0.269,0.0915,0.0035000000000000005
3405,0.13099999999999998,0.1114613368283093,0.6849999999999999,0.2045,0.0475,0.19992322614278007,0.6069829787944339,0.12699999999999997,0.465832397949174,0.15477005739842548,0.0045
3406,0.352,0.11200000000000002,0.557,0.07159099443157618,0.1365,0.2229261929109066,0.9300123148814355,0.093,0.5173333333333334,0.14544638949671773,0.0115
3407,0.23600000000000004,0.12799999999999997,0.6765,0.03328380003745177,0.062,0.2337804682636087,0.7885,0.16799999999999998,0.6219342391030274,0.163757334059755,0.009000000000000001
3408,0.023,0.1285,0.8720000000000001,0.011,0.061,0.2995901747078244,0.7230000000000001,0.277,0.6188736248621027,0.23401096779813235,0.001
3409,0.384,0.094,0.578,0.0225,0.10900000000000001,0.24674322609743768,0.8505,0.1745,0.3875,0.43583774834437083,0.022910844909938534
3410,0.5519999999999999,0.1295,0.561,0.03633951020030479,0.12450000000000001,0.32655195745528914,0.5786848652898509,0.097,0.4725,0.14040932444376764,0.0045000000000000005
3411,0.027500000000000004,0.05500000000000001,0.5609999999999999,0.020499999999999997,0.031,0.13981059985734456,0.7335,0.025,0.40800000000000003,0.0805,0.0
3412,0.041999999999999996,0.10300000000000001,0.7779999999999999,0.02,0.10899999999999999,0.31444470748621833,0.49907239010948923,0.049,0.49749999999999994,0.067,0.0115
3413,0.47450000000000003,0.16299999999999998,0.6054999999999999,0.04,0.089,0.12472360557768924,0.639066882416397,0.2165,0.454,0.341,0.0024935939553219445
3414,0.332,0.23637038438253694,0.6805000000000001,0.074,0.0655,0.743753671599271,0.8755341976809705,0.15550000000000003,0.5519999999999999,0.27089326791949975,0.012
3415,0.076,0.026909486573719766,0.43149999999999994,0.0505,0.07100000000000001,0.19270820189274449,0.713,0.057499999999999996,0.39391622691292877,0.3380511119959938,0.0
3416,0.10200000000000001,0.1315,0.579,0.0375,0.12349999999999998,0.4723538704581358,0.49453308558094183,0.051000000000000004,0.2935,0.07279059829059828,0.0045
3417,0.3035,0.16896133682830933,0.711,0.0960825415938504,0.06749999999999999,0.077143700553547,0.7947254080395647,0.1075,0.48903968646864693,0.3407392226001545,0.0165
3418,0.06699999999999999,0.08988582677165355,0.875,0.016999999999999998,0.079,0.14862192569666294,0.6669999999999999,0.534,0.5965,0.156,0.0035000000000000005
3419,0.5215,0.002,0.33599999999999997,0.027500000000000004,0.05800000000000001,0.10927383863080684,0.733,0.026000000000000002,0.32099999999999995,0.3365,0.001
3420,0.5035000000000001,0.2765,0.805,0.029394675692059002,0.095,0.3810858476906486,0.6588167195693009,0.15799999999999997,0.4307500000000001,0.332903162055336,0.02
3421,0.08499999999999999,0.14750000000000002,0.8445,0.0395,0.0815,0.28120036388074976,0.3107358535958873,0.25250000000000006,0.49225,0.175403162055336,0.0035000000000000005
3422,0.0195,0.028500000000000004,0.5685,0.028000000000000004,0.0355,0.19063941616574082,0.697,0.0055000000000000005,0.2615,0.040499999999999994,0.0
3423,0.0955,0.132,0.7670000000000001,0.023851485148514852,0.1065,0.22971920118578537,0.48785803904040187,0.062,0.5215,0.25268510574216946,0.008
3424,0.2985,0.22294122776218797,0.6859999999999999,0.050484693877551015,0.1125,0.4532353940024619,0.6044922131231838,0.17550000000000002,0.4743328382838284,0.28585606438329164,0.006
3425,0.045,0.071,0.7645000000000001,0.004,0.126,0.1699572055534771,0.6685,0.044,0.5668333333333334,0.384,0.009
3426,0.038,0.0125,0.5755000000000001,0.028000000000000004,0.021,0.07714400256574727,0.975,0.011000000000000001,0.3976662269129288,0.076,0.0
3427,0.4295,0.302,0.7505,0.028898916140898852,0.0905,0.2921380823364252,0.849,0.22400000000000003,0.4478,0.3796937603459343,0.017
3428,0.05500000000000001,0.0485,0.5265000000000001,0.0375,0.015499999999999996,0.16868913226621735,0.8154999999999999,0.025,0.43550000000000005,0.1925,0.006
3429,0.002,0.006,0.4035,0.03535029702970297,0.011,0.17099999999999999,0.8895,0.0,0.34750000000000003,0.06549999999999999,0.0
3430,0.035,0.0345,0.5965,0.03970382747315357,0.0505,0.15737710437710437,0.905,0.023,0.5120833333333333,0.05159254755923211,0.0005
3431,0.065,0.06649999999999999,0.6225,0.06592702779893374,0.0915,0.15710697346277147,0.6736179828734538,0.03150000000000001,0.47891573186342384,0.16222091987994242,0.00499375616168255
3432,0.0709139951740779,0.13542926829268292,0.5085,0.1365,0.08549999999999999,0.1375,0.7626848652898508,0.028000000000000004,0.44475,0.2279312370593146,0.0005
3433,0.41950000000000004,0.2165,0.6265000000000001,0.068,0.12049999999999998,0.3626906161204165,0.791111747126058,0.22999999999999998,0.36875,0.4768937568455641,0.026971787481855615
3434,0.5,0.0645,0.5599999999999999,0.014499999999999999,0.0485,0.0932744498777506,0.9261179828734537,0.21800000000000003,0.348,0.25790396039603963,0.012
3435,0.271,0.15046194225721785,0.6495000000000001,0.0983389887465895,0.056499999999999995,0.7211642798919218,0.861,0.0945,0.5521662263320123,0.23744638949671773,0.0085
3436,0.0965,0.06649999999999999,0.5955,0.048,0.030500000000000006,0.11577444987775062,0.8328973305893358,0.037500000000000006,0.5725,0.07949999999999999,0.007998382950493408
3437,0.296,0.2265,0.7274999999999999,0.04379692300719677,0.12049999999999998,0.041646827942572094,0.791066882416397,0.1365,0.4539999999999999,0.2575,0.014981724911830715
3438,0.3175,0.04447354260089686,0.5780000000000001,0.1381057496248302,0.07749999999999999,0.1675,0.8578584482903897,0.137,0.48449801980198026,0.11798453956834373,0.0034999999999999996
3439,0.17099999999999999,0.08147396768402156,0.771,0.0125,0.077,0.16923736181444693,0.259,0.0435,0.32299999999999995,0.11894687842278202,0.0
3440,0.3185,0.081,0.6535,0.05883366697104779,0.205,0.21211615927862573,0.8039999999999999,0.209,0.5512638616760217,0.19299275423372259,0.008
3441,0.4779999999999999,0.11850000000000001,0.6485000000000001,0.04912438692151812,0.0805,0.16978560832961553,0.8945000000000001,0.16549999999999998,0.35317406519675715,0.38410083227704506,0.019000000000000003
3442,0.20249999999999999,0.07847354260089687,0.607,0.11100000000000002,0.12050000000000001,0.18752980110850231,0.9800000000000001,0.0225,0.4333333333333333,0.13640316205533595,0.013500000000000002
3443,0.19349999999999998,0.025,0.5810000000000001,0.016499999999999997,0.1505,0.13602136888382005,0.729307347833333,0.076,0.823782397949174,0.053349551552053696,0.013000000000000001
3444,0.23049999999999998,0.012,0.572,0.00997029702970297,0.017499999999999998,0.15008249993650585,0.9344999999999999,0.033999999999999996,0.266,0.27844638949671774,0.0
3445,0.3765,0.02915044826606511,0.493,0.05397029702970298,0.101,0.23750588597291705,0.9710000000000001,0.028499999999999998,0.5845,0.12450000000000001,0.0015
3446,0.15,0.0885,0.7105,0.05892035398230089,0.082,0.18818913226621736,0.5655341976809705,0.124,0.6845,0.1915,0.014499999999999999
3447,0.37249999999999994,0.1979735426008969,0.63,0.075,0.044000000000000004,0.1285,0.888245511958852,0.1075,0.595,0.24189375684556408,0.0005
3448,0.345,0.13584655817105432,0.7494999999999999,0.07242528793695696,0.08600000000000001,0.212875640555558,0.857731534465613,0.0715,0.585,0.131,0.012981102040981707
3449,0.24,0.032499999999999994,0.7745,0.0655,0.146,0.1277744498777506,0.8832638146461429,0.010499999999999999,0.4325,0.085,0.002
3450,0.5145,0.07050000000000001,0.8099999999999999,0.08484458123652049,0.15699999999999997,0.2549815918821856,0.9685466691757622,0.0595,0.7239980745168308,0.16903846246206541,0.0115
3451,0.27449999999999997,0.0785,0.5235,0.03200000000000001,0.1035,0.18868247785042186,0.075,0.1075,0.67375,0.16813543914083293,0.003
3452,0.8074999999999999,0.0095,0.662,0.0905,0.036000000000000004,0.25050000000000006,0.7315,0.009000000000000001,0.3635,0.0945,0.0015
3453,0.11850000000000001,0.1525,0.5095000000000001,0.041456730769230773,0.076,0.257866527222037,0.4913431666109778,0.0955,0.7988491884947988,0.08403486628390454,0.003
3454,0.3585,0.14446194225721784,0.674,0.1055,0.093,0.3399810530360978,0.6851970291068007,0.11350000000000002,0.5249157318634239,0.24464014984265198,0.0235
3455,0.0215,0.015000000000000003,0.5734999999999999,0.0385,0.030500000000000006,0.10999999999999999,0.9045,0.0045,0.22125,0.10500000000000001,0.0015
3456,0.0205,0.0115,0.5895000000000001,0.021,0.027000000000000003,0.20268913226621735,0.7855668824163968,0.014500000000000002,0.34299999999999997,0.290903162055336,0.002
3457,0.46147531413871573,0.05700000000000001,0.6395000000000001,0.0768484164148737,0.0805,0.1821715148916107,0.8723911476052008,0.139,0.5649666666666666,0.20235083881882163,0.036
3458,0.08700000000000001,0.019999999999999997,0.6869999999999999,0.025500000000000002,0.0315,0.17104795340492165,0.806740465416936,0.028500000000000004,0.5082500000000001,0.099,0.006
3459,0.311,0.14049999999999999,0.7135,0.03445499090725399,0.17600000000000002,0.5820000000000001,0.5104648408032075,0.08850000000000001,0.566999504950495,0.16649999999999998,0.0205
3460,0.12999999999999998,0.025000000000000005,0.5395,0.009657566761424857,0.16299999999999998,0.13752974562462225,0.438,0.041,0.5239999999999999,0.182,0.004
3461,0.5389999999999999,0.646,0.851,0.06878737012410488,0.12200000000000003,0.35017200926898273,0.2088213366818618,0.613,0.7765000000000001,0.07855533861659184,0.0105
3462,0.1825,0.0635,0.6965,0.074939684784805,0.058499999999999996,0.09882267942598015,0.9265000000000001,0.0775,0.6191652362330025,0.1855,0.001
3463,0.039,0.0985,0.8560000000000001,0.010499999999999999,0.09249999999999999,0.1927705184637102,0.6935,0.24500000000000002,0.558956902899669,0.24680712245137562,0.002
3464,0.377,0.2059450063211125,0.753,0.1048845192930508,0.08549999999999999,0.45703739287110656,0.5666998753752135,0.1385,0.436749504950495,0.25407075737417195,0.004
3465,0.395,0.14,0.647,0.07241036963539363,0.075,0.7145431399284626,0.8888757813791504,0.148,0.5163328382838284,0.29058311590431857,0.014000000000000002
3466,0.15100000000000002,0.029500000000000005,0.6805,0.011,0.0125,0.1820342703882763,0.7755668824163969,0.014000000000000002,0.32764968279143536,0.325,0.001
3467,0.0055,0.0025,0.6064999999999999,0.034970297029702974,0.002,0.16099999999999998,0.961,0.0005,0.41675000000000006,0.10874170874041048,0.0
3468,0.18050000000000002,0.10200000000000001,0.6585,0.08589558496665993,0.11950000000000001,0.3245907111552455,0.5385941897352569,0.0635,0.40725,0.175,0.019
3469,0.3135,0.18696133682830934,0.8084999999999999,0.03983951020030479,0.08349999999999999,0.3561888141295206,0.6232282498640419,0.182,0.6705823432343234,0.10508056781592431,0.0125
3470,0.3995,0.024441833191096513,0.7264999999999999,0.051470297029702974,0.0465,0.1796661801183388,0.9475,0.0345,0.426,0.16049999999999998,0.003999999999999999
3471,0.147,0.024,0.6495,0.05626413238562753,0.0245,0.11277411477411477,0.9238432055361742,0.06899999999999999,0.5895401815181518,0.1375235693465188,0.0015
3472,0.244,0.0165,0.6479999999999999,0.02898469387755102,0.144,0.13,0.7415,0.1515,0.671207962413452,0.104350040478118,0.0035000000000000005
3473,0.6094999999999999,0.025,0.4565,0.026000000000000002,0.05600000000000001,0.15122360557768924,0.917,0.308,0.2856666666666666,0.292,0.0
3474,0.271,0.11850000000000001,0.5335,0.01,0.05850000000000001,0.17204323321258957,0.5391178707224334,0.041499999999999995,0.4425,0.152,0.003
3475,0.076,0.1645,0.6174999999999999,0.369484693877551,0.08600000000000001,0.26705924397978187,0.884,0.077,0.59275,0.10943028757450804,0.0085
3476,0.1275,0.07747354260089687,0.682,0.07979616677741833,0.083,0.40549284250286544,0.4964268818362072,0.0235,0.44044451341311086,0.46601912855312644,0.004
3477,0.273,0.1695,0.6695,0.044500000000000005,0.126,0.20147831266926816,0.7456848652898509,0.169,0.5825000000000001,0.26899999999999996,0.01848734998378203
3478,0.0375,0.063,0.5925,0.08048469387755101,0.05800000000000001,0.18257770652406147,0.5959999999999999,0.033999999999999996,0.529,0.0365,0.004999999999999999
3479,0.062,0.004,0.633,0.027500000000000004,0.013000000000000001,0.14450000000000002,0.891,0.0125,0.207,0.077,0.0075000000000000015
3480,0.333,0.18598021828103684,0.5934999999999999,0.05742861911119588,0.08449999999999999,0.10277411477411477,0.85377614613876,0.13,0.48849129501156263,0.17551447355138622,0.013000000000000001
3481,0.2125,0.16499999999999998,0.7615000000000001,0.044984693877551024,0.1295,0.52,0.4242972080543515,0.0885,0.3225,0.21100000000000002,0.019
3482,0.43149999999999994,0.29147354260089686,0.6805,0.03081927012319973,0.123,0.5037853321863077,0.5865806657515008,0.2,0.2913,0.5328063241106719,0.020971710613175012
3483,0.3165,0.2719735426008969,0.7190000000000001,0.045,0.15499999999999997,0.2625661383915584,0.7426474384178168,0.17750000000000002,0.488875,0.3453779832907939,0.013500000000000002
3484,0.015,0.0465,0.5395,0.05500000000000001,0.024000000000000004,0.19485410094637223,0.953653821023743,0.026500000000000003,0.3182495049504951,0.0959826191401173,0.0005
3485,0.398,0.0995,0.6864999999999999,0.026500000000000003,0.0875,0.23214400256574724,0.8865257955435331,0.06,0.5616995249406176,0.165,0.15
3486,0.4029999999999999,0.040499999999999994,0.5609999999999999,0.057499999999999996,0.04650000000000001,0.10400000000000001,0.9305000000000001,0.07550000000000001,0.33449999999999996,0.273,0.0005
3487,0.025,0.07949999999999999,0.9035,0.019343597769802327,0.10049999999999999,0.299,0.4725938579287793,0.04,0.35550000000000004,0.086,0.006
3488,0.3825,0.23136776538746853,0.6005,0.0455,0.05449999999999999,0.15489779590618902,0.7461012650453147,0.22800000000000004,0.38699999999999996,0.4624468784227821,0.02349784625579854
3489,0.215,0.0245,0.49250000000000005,0.046,0.074,0.08396107440914372,0.7121848652898508,0.147,0.593,0.16699999999999998,0.002
3490,0.141,0.0975,0.7244999999999999,0.08549999999999999,0.14250000000000002,0.18112821572048704,0.18161798287345388,0.086,0.6173333333333333,0.1244039603960396,0.0085
3491,0.252,0.14987005703537876,0.6014999999999999,0.05847029702970297,0.1135,0.15631736495364346,0.882,0.0985,0.3328996827914354,0.365,0.0095
3492,0.2455,0.18650000000000003,0.6279999999999999,0.0844896907216495,0.11199999999999999,0.16073678173678174,0.9584999999999999,0.056499999999999995,0.5433333333333333,0.16521028450671155,0.004999999999999999
3493,0.08650000000000001,0.041999999999999996,0.8045,0.001,0.0835,0.34356007384127973,0.10469091608929945,0.028999999999999998,0.2015,0.0915,0.0005
3494,0.11850000000000001,0.11000000000000001,0.8210000000000001,0.05627850147929357,0.14550000000000002,0.2612020992616142,0.7731890331534017,0.101,0.7282907318634237,0.12189513457785302,0.0025
3495,0.229,0.032,0.64,0.06999999999999999,0.0235,0.12250000000000001,0.35611798287345386,0.046,0.33649999999999997,0.053500000000000006,0.001
3496,0.39299999999999996,0.041999999999999996,0.45499999999999996,0.026000000000000002,0.0665,0.19418691764164012,0.8415358381502891,0.11499999999999999,0.2961156965577793,0.23131328483980726,0.031
3497,0.0055,0.0155,0.4495,0.0335,0.014000000000000002,0.146,0.966480930833872,0.024,0.28934918849479885,0.0774826191401173,0.0015
3498,0.29250000000000004,0.18398021828103683,0.7100000000000001,0.07147029702970298,0.1675,0.28630734010812076,0.7918087521042231,0.11300000000000002,0.5355000000000001,0.1915,0.01748452480770519
3499,0.0,0.0025,0.5559999999999999,0.040499999999999994,0.018500000000000003,0.15727411477411474,0.844,0.0,0.413,0.05950000000000001,0.0
3500,0.029000000000000005,0.017961942257217846,0.653,0.0115,0.0455,0.2799178411965541,0.48811787072243346,0.0615,0.6339999999999999,0.022,0.0075
3501,0.028500000000000004,0.003,0.5285,0.0315,0.044000000000000004,0.14850000000000002,0.8427404654169359,0.0365,0.475,0.079,0.002
3502,0.664,0.0395,0.7215,0.047,0.066,0.23975400393952073,0.8435,0.0645,0.3885,0.18340396039603962,0.0055
3503,0.0305,0.031,0.8565000000000002,0.0075000000000000015,0.1505,0.22610568822183477,0.24256053451798074,0.019499999999999997,0.914332892998679,0.022,0.0035000000000000005
3504,0.127,0.16699999999999998,0.6835000000000001,0.1030424989082918,0.135,0.5225476772616137,0.5370178717904186,0.10250000000000001,0.25799999999999995,0.13785004047811802,0.012
3505,0.08049999999999999,0.16447354260089686,0.7935000000000001,0.06293968478480501,0.137,0.5224627340053835,0.4210821929814525,0.058499999999999996,0.406,0.07030632411067193,0.0034999999999999996
3506,0.015999999999999997,0.016499999999999997,0.6505,0.0819133129887469,0.012,0.11727444987775063,0.8935000000000001,0.0045,0.47474999999999995,0.06833887043189368,0.0055
3507,0.3655,0.28700000000000003,0.7555,0.09047029702970297,0.16599999999999998,0.3728198474911683,0.5989487145949959,0.11000000000000001,0.47350000000000003,0.3065283027247184,0.0245
3508,0.20299999999999999,0.033999999999999996,0.7015,0.015489690721649485,0.063,0.09,0.899,0.0845,0.616,0.132,0.0045
3509,0.1905,0.0835,0.656,0.035410891089108915,0.043500000000000004,0.23250161258928595,0.813,0.1295,0.39379952456418377,0.2936095384215103,0.014000000000000002
3510,0.0225,0.0085,0.8225,0.021484693877551024,0.11300000000000002,0.18278033585066766,0.194,0.0375,0.856082892998679,0.08844638949671772,0.0034999999999999996
3511,0.2905,0.047,0.5665,0.017499999999999998,0.0335,0.14771216842372553,0.8385,0.0955,0.38658333333333333,0.2949493178376951,0.004999999999999999
3512,0.051500000000000004,0.09240289193765545,0.8215,0.01147029702970297,0.0465,0.17921276072606723,0.9137357807989606,0.028500000000000004,0.48074950495049507,0.07328053746754665,0.001
3513,0.48149999999999993,0.30449999999999994,0.6950000000000001,0.07195499090725399,0.046,0.6150611404739534,0.6820571193978964,0.177,0.3825819587763526,0.40224410673832145,0.023981724911830715
3514,0.066,0.08246194225721785,0.7540000000000001,0.04992035398230088,0.0945,0.1882797388060634,0.25749999999999995,0.2085,0.42649950495049505,0.1828377483443709,0.002
3515,0.1475,0.1097752210348287,0.5525,0.1258395102003048,0.068,0.20590300070187348,0.6395,0.196,0.4402907318634238,0.16723101626387063,0.0045
3516,0.37649999999999995,0.0475,0.487,0.03893615321291947,0.048,0.17927444987775062,0.9621179828734538,0.0615,0.36769952494061753,0.3088307825495121,0.008
3517,0.0455,0.0445,0.5360000000000001,0.03150000000000001,0.061,0.19449999999999998,0.9046179828734537,0.009,0.3569162269129288,0.24974170874041043,0.0045
3518,0.3055,0.133,0.6745,0.01341422226334783,0.07050000000000001,0.3010573466445671,0.6796632203771569,0.0945,0.3965828382838284,0.22196293494704994,0.0215
3519,0.2375,0.10772778620474328,0.701,0.0953845192930508,0.05149999999999999,0.06507938361114468,0.843,0.11000000000000001,0.5051406765676567,0.27963170353533046,0.015
3520,0.332,0.05550000000000001,0.7155,0.046,0.1055,0.18854889975550124,0.8616179828734538,0.10200000000000001,0.581,0.15440316205533594,0.005
3521,0.21800000000000003,0.0465,0.6194999999999999,0.09640841709099385,0.039999999999999994,0.08499999999999999,0.914,0.0095,0.29033333333333333,0.10254883119178604,0.015
3522,0.41,0.21400000000000002,0.6890000000000001,0.054914222263347835,0.0895,0.3175,0.673170463006501,0.119,0.5013741887454644,0.14446293494704993,0.028999999999999998
3523,0.21749999999999997,0.122,0.7435,0.02848469387755102,0.1355,0.46413935153346386,0.505747965481555,0.11400000000000002,0.49024999999999996,0.21335004047811804,0.022500000000000003
3524,0.09,0.06023238494270785,0.702,0.015500000000000003,0.386,0.0775,0.8397050854775822,0.063,0.611124628344896,0.0915,0.003
3525,0.332,0.0435,0.7290000000000001,0.052000000000000005,0.058499999999999996,0.1,0.9295,0.132,0.6585,0.156,0.006999999999999999
3526,0.052500000000000005,0.0005,0.5055,0.044500000000000005,0.0015,0.1765,0.9550000000000001,0.001,0.3846666666666667,0.06,0.0
3527,0.0895,0.04,0.591,0.011000000000000001,0.0195,0.17158161478369988,0.521,0.0325,0.391,0.10999999999999999,0.0
3528,0.3295,0.0305,0.6660000000000001,0.0485,0.027000000000000003,0.10449772035180402,0.9710000000000001,0.054000000000000006,0.4418745049504951,0.20085083881882163,0.0055
3529,0.483,0.1405,0.475,0.058251202282395664,0.15549999999999997,0.1362744498777506,0.8528584482903898,0.256,0.35518988429970977,0.308400932729631,0.0015
3530,0.0005,0.008000000000000002,0.6185,0.029000000000000005,0.0025,0.176,0.798,0.0035000000000000005,0.46399999999999997,0.065,0.0
3531,0.05399999999999999,0.1695,0.7965,0.0115,0.0505,0.17200370308954233,0.7126179828734538,0.27149999999999996,0.434832892998679,0.37224170874041046,0.001
3532,0.072,0.045000000000000005,0.51,0.07698469387755101,0.11750000000000001,0.06427411477411478,0.892066882416397,0.018,0.48100000000000004,0.1075,0.0035000000000000005
3533,0.33799999999999997,0.1315,0.7185,0.044677354896230204,0.0755,0.9583920653442239,0.5773061921947955,0.08449999999999999,0.6274412269129287,0.16033774834437084,0.013500000000000002
3534,0.22999999999999998,0.1805,0.652,0.05728419182920826,0.1385,0.10500000000000001,0.6660481358201159,0.0605,0.6230824526640246,0.13454399168903858,0.028000000000000004
3535,0.12550000000000003,0.068,0.5994999999999999,0.11750000000000001,0.064,0.17574658346385474,0.47461798287345386,0.018,0.3495,0.06599999999999999,0.0005
3536,0.521,0.15950000000000003,0.6649999999999999,0.053000000000000005,0.05600000000000001,0.13746069179561055,0.8195,0.2125,0.4619999999999999,0.4418347558494121,0.007000000000000001
3537,0.21400000000000002,0.0455,0.7765000000000001,0.0725456684377162,0.15550000000000003,0.30840205435129386,0.5333822514778725,0.05149999999999999,0.5703333333333334,0.09873698778731602,0.003
3538,0.316,0.11950000000000001,0.6745,0.048868303896000886,0.086,0.013500000000000002,0.8906581632653061,0.17250000000000001,0.5974999999999999,0.21185083881882166,0.003
3539,0.42400000000000004,0.2375,0.8085000000000001,0.0465,0.101,0.40313419837442543,0.673270236224805,0.18750000000000003,0.6174999999999999,0.244,0.0085
3540,0.5525,0.0085,0.5455,0.00945499090725399,0.0795,0.0685,0.8776179828734539,0.124,0.4085,0.11740316205533596,0.009000000000000001
3541,0.28450000000000003,0.12284533055766049,0.6695,0.039,0.11200000000000002,0.2737730834689855,0.19719091608929945,0.20400000000000001,0.5720324179392966,0.21789326791949976,0.008493593955321945
3542,0.073,0.30642926829268297,0.827,0.056857179153825786,0.0865,0.1839359952099035,0.6575,0.462,0.47000000000000003,0.33399143752373395,0.019999999999999997
3543,0.1115,0.0595,0.5890000000000001,0.03592035398230089,0.1635,0.13760754421292673,0.9585000000000001,0.028500000000000004,0.3518319028996691,0.11800000000000002,0.006953820105648939
3544,0.0695,0.0865,0.8605,0.11539065101200385,0.0835,0.14804300272435322,0.9556179828734539,0.051500000000000004,0.48650000000000004,0.04394687842278204,0.003
3545,0.0245,0.015499999999999996,0.54,0.08797029702970297,0.006500000000000001,0.19977444987775064,0.952,0.0075,0.4859404140739427,0.0943869032829761,0.001
3546,0.35649999999999993,0.014500000000000002,0.453,0.019428619111195884,0.0195,0.19849999999999998,0.7865,0.124,0.30783283828382835,0.40208875672356975,0.0005
3547,0.0685,0.026000000000000002,0.5934999999999999,0.051869456693568516,0.036000000000000004,0.09264400256574729,0.96,0.011,0.37866523681391895,0.09433887043189369,0.003999999999999999
3548,0.35350000000000004,0.23697989093387867,0.7234999999999999,0.06330191985129523,0.06849999999999999,0.44563053054459917,0.6356179828734538,0.159,0.5007828582739509,0.28524091039970684,0.03196907489561275
3549,0.2785,0.05550000000000001,0.6265000000000001,0.0768845192930508,0.1285,0.14527383863080684,0.8865466691757622,0.0605,0.4396985348416077,0.1771901815673096,0.002
3550,0.3579139951740779,0.12597354260089685,0.5675,0.06347029702970297,0.0985,0.21717683933268034,0.6003724964922028,0.10800000000000001,0.6033323432343234,0.13404306610296515,0.0125
3551,0.0345,0.008414605418138987,0.657,0.054000000000000006,0.023000000000000003,0.1505,0.974,0.0625,0.39699999999999996,0.055999999999999994,0.0
3552,0.2495,0.098,0.7005000000000001,0.06549999999999999,0.122,0.0997466343574791,0.7122577985056966,0.08299999999999999,0.46941617161716176,0.1305,0.0025
3553,0.11499999999999999,0.11500000000000002,0.495,0.043984693877551016,0.142,0.1178773663180728,0.7095,0.08249999999999999,0.279,0.3661748877963088,0.009477027342694134
3554,0.121,0.1714613368283093,0.7985,0.04848969072164948,0.0725,0.4458165939385804,0.4592523702243353,0.1325,0.6266325765429828,0.10350000000000001,0.01499375616168255
3555,0.1775,0.1365,0.6990000000000001,0.07549999999999998,0.06000000000000001,0.2239977787804328,0.43499999999999994,0.039,0.4795,0.0865,0.0015
3556,0.0875,0.121,0.708,0.0245,0.153,0.10562793957717909,0.7446847932182814,0.0415,0.42300000000000004,0.24050000000000002,0.0069937561616825504
3557,0.022,0.005,0.5904999999999999,0.037,0.025500000000000002,0.10999999999999999,0.9235000000000001,0.001,0.26050000000000006,0.1115,0.004
3558,0.22600000000000003,0.017,0.6335000000000001,0.036443925233644855,0.0385,0.08654856465186539,0.8111178707224335,0.1315,0.35875,0.276273716490579,0.0035000000000000005
3559,0.46799999999999997,0.041,0.587,0.08831927012319973,0.097,0.03422360557768925,0.901,0.2415,0.5396657318634237,0.2451778946866527,0.006
3560,0.306,0.0985,0.7615,0.021,0.192,0.08399999999999999,0.888566882416397,0.1875,0.512,0.263,0.002
3561,0.2045,0.0695,0.5159999999999999,0.026500000000000003,0.043000000000000003,0.0935,0.8445,0.0485,0.301,0.38999999999999996,0.0015
3562,0.33399999999999996,0.191,0.7154999999999999,0.04843595652724601,0.08900000000000001,0.3266384443193425,0.5546966808019083,0.1125,0.42274950495049507,0.364903162055336,0.032
3563,0.3505,0.20750000000000002,0.669,0.04,0.076,0.5047838274584326,0.8171848652898508,0.2,0.502,0.3848401463422818,0.0095
3564,0.12400000000000003,0.14950000000000002,0.6085,0.41440998181450805,0.1095,0.3432847941020313,0.7357253359679954,0.08549999999999999,0.492,0.13030792079207923,0.012
3565,0.10149999999999999,0.191,0.683,0.05897029702970298,0.225,0.3474298130271071,0.42126572303845133,0.092,0.5100996835443039,0.1130507516200125,0.0075
3566,0.06549999999999999,0.021842017892468805,0.39,0.062,0.017499999999999998,0.14999999999999997,0.4376179828734538,0.012,0.25549999999999995,0.087,0.0
3567,0.5599999999999999,0.1345,0.882,0.05050000000000001,0.16999999999999998,0.4122715589826108,0.281972480895717,0.0905,0.7470000000000001,0.09322158420609125,0.025993756161682556
3568,0.1635,0.19350000000000003,0.8800000000000001,0.017489690721649485,0.091,0.2965614882563206,0.5025,0.3815,0.4591666666666666,0.20249999999999999,0.0025
3569,0.0959139951740779,0.071,0.723,0.048,0.03200000000000001,0.0785,0.7302359657469077,0.0335,0.5426662269129288,0.11800000000000002,0.012
3570,0.018,0.1684735426008969,0.966,0.06824122688591777,0.152,0.5039147806004619,0.5007803370727857,0.020499999999999997,0.8225,0.015999999999999997,0.0045
3571,0.178,0.1505,0.772,0.11337608152069119,0.12250000000000001,0.18277833776648716,0.9243088989627533,0.15750000000000003,0.4163333333333334,0.08953939953687251,0.0055
3572,0.1315,0.089,0.7025,0.045,0.14150000000000001,0.12726190912906288,0.9538757813791504,0.0385,0.3035,0.22200000000000003,0.0055
3573,0.23049999999999998,0.2935,0.7030000000000001,0.192,0.053000000000000005,0.125,0.5880000000000001,0.0215,0.8149999999999998,0.07680632411067194,0.0025
3574,0.027000000000000003,0.05700000000000001,0.5259999999999999,0.025311043051207776,0.016499999999999997,0.19263437783671197,0.859,0.0025,0.4512495049504951,0.05403802152154304,0.0
3575,0.097,0.07050000000000001,0.41899999999999993,0.0425,0.057499999999999996,0.09364400256574726,0.909,0.168,0.3415,0.2299039603960396,0.001
3576,0.4925,0.0405,0.5955,0.04188027884421096,0.1075,0.1155,0.976,0.14350000000000002,0.4755000000000001,0.2148071224513756,0.006
3577,0.144,0.022500000000000003,0.42700000000000005,0.011872506823485564,0.0165,0.16083313483196465,0.5415000000000001,0.027999999999999997,0.4783328929986791,0.12974170874041047,0.0
3578,0.006500000000000001,0.010961942257217847,0.5200000000000001,0.03178907253990705,0.0165,0.147,0.8240000000000001,0.009,0.244,0.0765,0.002
3579,0.1455,0.0425,0.6125,0.05941089108910891,0.025500000000000002,0.18435882940557413,0.952617982873454,0.068,0.4680000000000001,0.07702210348053323,0.007000000000000001
3580,0.133,0.05,0.8220000000000001,0.045863407998247854,0.0755,0.3474815795470786,0.22946084893667748,0.0875,0.5036495049504951,0.10173698778731602,0.014000000000000002
3581,0.2625,0.13699999999999998,0.733,0.12940391298499732,0.10400000000000001,0.1468315881332285,0.8911179828734539,0.0495,0.5955,0.19533038238325504,0.015000000000000003
3582,0.1905,0.079,0.797,0.0665,0.091,0.18609045672188598,0.8178680049743049,0.10049999999999999,0.3825,0.16539326791949976,0.007493593955321945
3583,0.2545,0.198,0.6325000000000001,0.12349999999999998,0.08900000000000001,0.19595150972993441,0.577133764832794,0.0595,0.826,0.1045,0.0034999999999999996
3584,0.30649999999999994,0.05,0.594,0.062339510200304794,0.08299999999999999,0.15327914452605873,0.9044006491233219,0.10300000000000001,0.64825,0.18818729989642455,0.0055
3585,0.0505,0.007000000000000001,0.5345,0.008470297029702971,0.022500000000000003,0.083,0.93,0.02,0.3715,0.2559463894967177,0.001
3586,0.219,0.07849999999999999,0.5,0.0125,0.08349999999999999,0.23668913226621738,0.4833027360122843,0.11000000000000001,0.4109999999999999,0.201,0.004493591850147881
3587,0.126,0.141,0.514,0.08996747609190117,0.1575,0.5464181188364623,0.4678941880207296,0.14150000000000001,0.31725,0.09897194910352805,0.0195
3588,0.013000000000000001,0.0125,0.6415,0.046,0.021,0.17896324704033215,0.734066882416397,0.0055,0.3065,0.149403162055336,0.0
3589,0.2665,0.0955,0.719,0.040895584966659924,0.06849999999999999,0.4195392524275622,0.5433027360122843,0.12349999999999998,0.5156662269129287,0.19187798329079392,0.017499999999999998
3590,0.36500000000000005,0.0335,0.6505,0.0345,0.0245,0.09999772035180403,0.9475,0.086,0.3085,0.275,0.004999999999999999
3591,0.013000000000000001,0.0325,0.586,0.034999999999999996,0.0345,0.162,0.937,0.0195,0.42816666666666664,0.06599999999999999,0.003
3592,0.037,0.021480218281036835,0.581,0.025500000000000002,0.021,0.22034120503276128,0.7680290874970679,0.009000000000000001,0.361,0.1045,0.001
3593,0.059,0.066,0.8640000000000001,0.0305,0.07749999999999999,0.2083176830903402,0.5114876013021352,0.0705,0.352,0.02324283082793329,0.011
3594,0.14450000000000002,0.042,0.6864999999999999,0.025910891089108906,0.016499999999999997,0.12935410094637223,0.9406179828734539,0.07849999999999999,0.378625,0.3422661174557998,0.0039693912539274364
3595,0.344,0.034499999999999996,0.5414999999999999,0.0325,0.0705,0.07777411477411478,0.819,0.1625,0.39249999999999996,0.18650000000000003,0.0
3596,0.2655,0.0615,0.6465,0.028403912984997316,0.055999999999999994,0.08485410094637225,0.766566882416397,0.173,0.5157495602462621,0.30445735729485,0.002
3597,0.24250000000000002,0.052500000000000005,0.545,0.09298469387755101,0.10600000000000001,0.17351094126888492,0.7761848652898508,0.1325,0.2995,0.223,0.0195
3598,0.3195,0.093,0.6990000000000001,0.06119293186785209,0.0855,0.19292117960832758,0.925,0.057499999999999996,0.28525,0.10697320606423791,0.0125
3599,0.011,0.001,0.5765,0.0375,0.006500000000000001,0.1855,0.892,0.001,0.2961666666666667,0.045000000000000005,0.0015
3600,0.1295,0.07150000000000001,0.7529999999999999,0.0445,0.07050000000000001,0.08377411477411477,0.6740235516034445,0.0945,0.6475000000000001,0.0955,0.0165
3601,0.5005,0.196,0.619,0.23794392523364488,0.1,0.13493549352032413,0.9649999999999999,0.0605,0.47378245382585754,0.23993786708425566,0.007000000000000001
3602,0.0505,0.048,0.434,0.015000000000000003,0.1675,0.19154323321258962,0.39,0.042,0.8103333333333333,0.0684039603960396,0.0005
3603,0.514,0.041,0.6054999999999999,0.060380278844210954,0.11800000000000002,0.127,0.9809999999999999,0.1325,0.461,0.22790316205533595,0.006500000000000001
3604,0.1705,0.0925,0.746,0.026500000000000003,0.10149999999999999,0.22400000000000003,0.5840029003783485,0.067,0.3995,0.256,0.0235
3605,0.077,0.0045,0.53,0.033499999999999995,0.0765,0.11927411477411476,0.8724999999999999,0.006,0.2348333333333333,0.16290316205533598,0.0
3606,0.40449999999999997,0.1635,0.9030000000000001,0.03939891614089885,0.13799999999999998,0.2064026689347611,0.8712517477062478,0.062,0.3248,0.5774999999999999,0.015
3607,0.29350000000000004,0.016,0.5894999999999999,0.01,0.025,0.07296324704033212,0.906,0.1525,0.38595796241345204,0.18740316205533597,0.0005
3608,0.088,0.008000000000000002,0.445,0.0315,0.004,0.17099999999999999,0.9426179828734538,0.008,0.31749999999999995,0.07040316205533598,0.0
3609,0.0505,0.013000000000000001,0.5585,0.012,0.020499999999999997,0.048274449877750605,0.873,0.08199999999999999,0.39749999999999996,0.0863388704318937,0.005
3610,0.462,0.08249999999999999,0.6605,0.127,0.065,0.20000565785193364,0.7271302717401387,0.1365,0.5686240099009902,0.17250000000000001,0.004
3611,0.0715,0.038000000000000006,0.46299999999999997,0.03799999999999999,0.0375,0.1865,0.9208925503633113,0.0235,0.21461619160728423,0.09854258931220154,0.0035000000000000005
3612,0.47800000000000004,0.07982047884258371,0.3975,0.044,0.044,0.0805,0.8320000000000001,0.21800000000000003,0.4699999999999999,0.347,0.009
3613,0.5515000000000001,0.0455,0.792,0.0195,0.16699999999999998,0.1625,0.99,0.0645,0.674,0.227,0.0115
3614,0.6295,0.017,0.48949999999999994,0.0185,0.0495,0.12346265276032745,0.5485,0.21600000000000003,0.332,0.3964039603960396,0.0005
3615,0.0635,0.069,0.504,0.13820608380463345,0.052500000000000005,0.10818913226621736,0.7665960335554515,0.5450000000000002,0.531249504950495,0.2174199271738823,0.001
3616,0.0105,0.0045000000000000005,0.607,0.051500000000000004,0.004,0.159,0.9810000000000001,0.006499999999999999,0.344,0.061999999999999986,0.0045
3617,0.148,0.10047989093387866,0.7285,0.03882178217821782,0.1295,0.4133224032826722,0.49190498736006905,0.125,0.5289986248621028,0.10576109844162733,0.022493593955321946
3618,0.383,0.176,0.7375,0.032920353982300886,0.082,0.166,0.9730000000000001,0.028499999999999998,0.2585,0.316,0.007484441602556455
3619,0.039,0.012,0.5445,0.032999999999999995,0.08249999999999999,0.1101888141295206,0.9199999999999999,0.014499999999999999,0.42749999999999994,0.1905,0.0005
3620,0.175,0.0045,0.3905,0.005,0.037,0.09377383863080684,0.8615,0.015,0.24299999999999997,0.2169463894967177,0.0
3621,0.068,0.08477152138334414,0.683,0.05541422226334782,0.0965,0.18608138619749284,0.2806179828734538,0.22249999999999998,0.5101161716171617,0.1765420458700653,0.0029750163258787524
3622,0.296,0.177,0.7140000000000001,0.05695499090725399,0.129,0.7365,0.5664986721001999,0.0955,0.45549999999999996,0.23650000000000002,0.01449359185014788
3623,0.0165,0.0095,0.6199999999999999,0.027500000000000004,0.032,0.16150000000000003,0.9029999999999999,0.019,0.3845,0.10700000000000001,0.002
3624,0.003,0.0155,0.42750000000000005,0.011,0.03149999999999999,0.16668913226621734,0.5346178707224334,0.001,0.26949999999999996,0.05800000000000001,0.0
3625,0.05950000000000001,0.015961336828309306,0.5465,0.022,0.0385,0.1673782645324347,0.6305,0.0485,0.4586662269129288,0.08774091039970683,0.0
3626,0.38699999999999996,0.10300000000000001,0.6035,0.046,0.073,0.08181702985000762,0.7419288261192825,0.2225,0.5507495049504951,0.372,0.016
3627,0.14100000000000001,0.099,0.655,0.0163676484470877,0.079,0.3186211461847601,0.8027911461607126,0.0885,0.5444319723144421,0.23650056537198694,0.006500000000000001
3628,0.14150000000000001,0.025500000000000002,0.49849999999999994,0.07394392523364487,0.015000000000000003,0.12277444987775059,0.9445,0.074,0.259,0.1552417087404105,0.0095
3629,0.137,0.0895,0.8460000000000001,0.04047029702970297,0.09100000000000001,0.22477444987775058,0.8745108137927614,0.07050000000000001,0.7265823979491741,0.08387798329079388,0.0034999999999999996
3630,0.31649999999999995,0.155,0.6969999999999998,0.0354005818107584,0.11000000000000001,0.2902251602668125,0.43600000000000005,0.23399999999999999,0.49501635021097046,0.2740657966684118,0.02
3631,0.121,0.0235,0.7005000000000001,0.04659695248327247,0.014500000000000002,0.11850000000000001,0.9098462828955398,0.0365,0.6775818481848185,0.0554039603960396,0.006
3632,0.4335,0.1115,0.608,0.05032586974771536,0.126,0.277651743033156,0.8129487145949958,0.0825,0.49158190289966913,0.2920510837920364,0.013000000000000001
3633,0.1105,0.18796133682830934,0.7765000000000001,0.12715620554452423,0.173,0.6104265922926594,0.42724756673186237,0.14300000000000002,0.5775,0.051000000000000004,0.019
3634,0.4085,0.028499999999999998,0.496,0.0235,0.040499999999999994,0.10709682680094754,0.8085853700516351,0.1535,0.22599999999999998,0.471,0.001
3635,0.0495,0.033847769028871384,0.5529999999999999,0.018,0.04,0.16787826453243473,0.6234999999999999,0.07649999999999998,0.44546575147711265,0.08071258670028486,0.003
3636,0.0795,0.0505,0.7395,0.0518845192930508,0.073,0.22186591597509325,0.23856688241639698,0.095,0.4997495049504951,0.0752535119480933,0.0085
3637,0.7,0.027000000000000003,0.485,0.0245,0.0405,0.11499999999999999,0.719,0.08600000000000001,0.2805,0.38950000000000007,0.0015
3638,0.42000000000000004,0.086,0.5984999999999999,0.07491200617296137,0.099,0.3834516908823117,0.7249481638584189,0.09250000000000001,0.44708333333333333,0.13969455868663788,0.018
3639,0.0425,0.145,0.5734999999999999,0.321,0.1025,0.2054144806269586,0.8780000000000001,0.05449999999999999,0.5822499999999999,0.113983409151726,0.0015
3640,0.32799999999999996,0.15146133682830928,0.6990000000000001,0.04742372321344284,0.082,0.15900648370653112,0.3443028481633047,0.1555,0.33320833333333333,0.45128842911853156,0.0055
3641,0.21200000000000002,0.14646194225721784,0.7994999999999999,0.10651859349035675,0.14850000000000002,0.2818031696691014,0.7343757813791504,0.209,0.6327314631459312,0.2021138587079765,0.0085
3642,0.10499999999999998,0.046,0.5740000000000001,0.035279257874552196,0.0095,0.14916590397503088,0.8065,0.022,0.4626657318634238,0.08662207563373014,0.001
3643,0.3,0.15347354260089685,0.743,0.05947029702970297,0.1165,0.8220739099995784,0.5037509592585463,0.076,0.588,0.1908660970023859,0.023
3644,0.0655,0.006500000000000001,0.4295,0.13037241224122412,0.043,0.151,0.8705,0.003999999999999999,0.2979166666666667,0.10195559195107089,0.010499999999999999
3645,0.7714753141387156,0.024,0.5650000000000001,0.06794392523364486,0.0625,0.10877411477411478,0.9095000000000001,0.023,0.26633333333333337,0.1023079207920792,0.0155
3646,0.4,0.22599999999999998,0.6705000000000001,0.0789108910891089,0.12249999999999998,0.23385866127629532,0.6817612939181921,0.11000000000000001,0.5325407312825075,0.20881804452930464,0.02
3647,0.3275,0.10350000000000001,0.5904999999999999,0.0805,0.008000000000000002,0.049,0.8898567122130222,0.1405,0.46349999999999997,0.273,0.006
3648,0.0625,0.032999999999999995,0.6609999999999999,0.007000000000000001,0.0185,0.08900000000000001,0.9720000000000001,0.052500000000000005,0.34525,0.24140396039603962,0.003999999999999999
3649,0.22000000000000003,0.006,0.7525,0.05500000000000001,0.0915,0.1085,0.9631179828734538,0.027999999999999997,0.3036666666666667,0.1649039603960396,0.004493633726068197
3650,0.064,0.125,0.6859999999999999,0.036889842683748356,0.0165,0.19265213433252015,0.9285,0.0305,0.5345402362330024,0.12590396039603963,0.008
3651,0.4095000000000001,0.149,0.614,0.027276773085471818,0.08449999999999999,0.4532641241737981,0.4564876013021351,0.1935,0.40549862486210275,0.46856088453653905,0.022500000000000003
3652,0.4365,0.20999999999999996,0.7685000000000001,0.0495,0.096,0.39868415726328477,0.6886909160892996,0.231,0.46716622691292875,0.36827959709265723,0.009
3653,0.5285,0.07749999999999999,0.623,0.1005,0.1055,0.1105,0.921664652049216,0.1575,0.386,0.309,0.0105
3654,0.3385,0.096,0.7135,0.018883610018449872,0.11099999999999999,0.2999026099744332,0.6359488823102314,0.05499999999999999,0.5031657312825073,0.04153443290724681,0.003
3655,0.267,0.08249999999999999,0.5854999999999999,0.063,0.051500000000000004,0.09109682680094755,0.7431848652898508,0.1835,0.48650000000000004,0.3338350789057011,0.0045
3656,0.45150000000000007,0.11100000000000002,0.644,0.093,0.16199999999999998,0.161737085671139,0.7139809308338719,0.174,0.335,0.244,0.0015
3657,0.27799999999999997,0.16499999999999998,0.7795,0.02848469387755102,0.10250000000000001,0.1252741147741148,0.4931563882590357,0.0975,0.352,0.26749999999999996,0.0215
3658,0.34800000000000003,0.14850000000000002,0.6455,0.10049999999999999,0.058499999999999996,0.1546870669433598,0.9359999999999999,0.10350000000000001,0.5919985148514851,0.1887725240816765,0.0075000000000000015
3659,0.015000000000000003,0.015,0.5279999999999999,0.03397029702970297,0.0155,0.1305,0.898,0.0035000000000000005,0.37750000000000006,0.173,0.015000000000000003
3660,0.4405,0.0725,0.6485000000000001,0.04447029702970297,0.0325,0.22731721935449384,0.6393584482903899,0.1375,0.4372916666666667,0.39444667617469004,0.002
3661,0.262,0.07150000000000001,0.5974999999999999,0.04037854110716452,0.151,0.14535438042620363,0.8931221507370047,0.034,0.39216666666666666,0.0655,0.0095
3662,0.033,0.0465,0.8709999999999999,0.024,0.0935,0.3988808373322865,0.47792688183620713,0.037500000000000006,0.21550000000000002,0.04618729989642455,0.0025
3663,0.304,0.144,0.7304999999999999,0.05445499090725399,0.0905,0.7516875560064358,0.6315943445310259,0.08549999999999999,0.5218740099009901,0.2635,0.015000000000000003
3664,0.6355,0.1145,0.731,0.092954990907254,0.0925,0.19635572955781466,0.6188045793226467,0.0985,0.6197495049504951,0.16384955155205372,0.019
3665,0.5415,0.26493548485811474,0.7365,0.031000000000000007,0.2165,0.15759624191347907,0.6326671229511024,0.20600000000000002,0.4046666666666667,0.3273063241106719,0.0175
3666,0.3295,0.057461942257217846,0.6819999999999999,0.016499999999999997,0.0715,0.10468855218855218,0.9625,0.0875,0.42675,0.282,0.006500000000000001
3667,0.1,0.24099999999999996,0.8305,0.03920378941625054,0.08050000000000002,0.19190216913559252,0.46349999999999997,0.2415,0.5838745602462622,0.26472088957670287,0.0035000000000000005
3668,0.28700000000000003,0.10500000000000001,0.7415,0.028682261584948576,0.11399999999999999,0.21775542794724637,0.6891179828734539,0.038,0.6213333333333333,0.1904629349470499,0.0055000000000000005
3669,0.053000000000000005,0.024,0.6575,0.020000000000000004,0.049,0.0945,0.9339999999999999,0.0195,0.35350000000000004,0.1045,0.006500000000000001
3670,0.27749999999999997,0.094,0.5894999999999999,0.011000000000000001,0.07500000000000001,0.1535,0.679133764832794,0.20450000000000004,0.526,0.3758347558494121,0.0055000000000000005
3671,0.026000000000000002,0.0195,0.589,0.04967900460282689,0.0045000000000000005,0.12399999999999997,0.9235,0.019,0.4329990099009901,0.1307177492640402,0.007000000000000001
3672,0.355,0.027999999999999997,0.38049999999999995,0.04344392523364486,0.0465,0.192,0.8168246809220936,0.161,0.24699999999999997,0.23690396039603961,0.001493593955321945
3673,0.40549999999999997,0.046,0.7425,0.05994392523364487,0.0465,0.1335,0.872365299298407,0.05149999999999999,0.3715,0.088,0.004984125244241762
3674,0.24349999999999997,0.0935,0.6419999999999999,0.014484693877551021,0.087,0.19618314207010049,0.6873740453017827,0.09949999999999999,0.5764162263320124,0.1304680865570296,0.015
3675,0.333,0.1685,0.634,0.053444681628903465,0.0715,0.27760956602765596,0.5337485050732911,0.1335,0.49749999999999994,0.3427704642259699,0.0095
3676,0.2475,0.07400000000000001,0.755,0.014500000000000002,0.10500000000000001,0.1930432332125896,0.3858757813791503,0.33499999999999996,0.5735,0.12200000000000003,0.002
3677,0.5055,0.10600000000000001,0.6395,0.12792861911119588,0.0625,0.08577411477411477,0.8866907692307692,0.1675,0.27791666666666665,0.22575499999999998,0.019
3678,0.21350000000000002,0.1035,0.76,0.08244392523364487,0.0895,0.1785,0.7906337648327939,0.15299999999999997,0.586249504950495,0.16359692240127024,0.012
3679,0.31050000000000005,0.19,0.8024999999999999,0.048176508881139356,0.048,0.35628472008991346,0.6880403578017666,0.084,0.5203991877419305,0.415781026393611,0.03449685846560847
3680,0.0045,0.0025,0.564,0.0415,0.014000000000000002,0.125,0.9804999999999999,0.0015,0.24633333333333335,0.11330792079207921,0.013500000000000002
3681,0.278,0.08449999999999999,0.8665,0.006839510200304791,0.10000000000000002,0.14600000000000002,0.984,0.031000000000000007,0.6354154290421763,0.13532213438735177,0.026999999999999996
3682,0.3945,0.17097354260089687,0.6110000000000001,0.0385,0.188,0.24259690669157016,0.7554426637955471,0.1155,0.5035000000000001,0.22783414797082893,0.006500000000000001
3683,0.6399999999999999,0.013500000000000002,0.5325,0.10299999999999998,0.028500000000000004,0.1875,0.8895,0.0075,0.40199999999999997,0.14274170874041048,0.0
3684,0.066,0.06999999999999999,0.496,0.0485,0.036,0.11323704367775016,0.8879999999999999,0.043,0.49450000000000005,0.148,0.004475016325878752
3685,0.2904753043650401,0.027000000000000003,0.5785,0.0485,0.0315,0.14150000000000001,0.3316179828734539,0.028499999999999998,0.2365,0.08049999999999999,0.003999999999999999
3686,0.42350000000000004,0.14650000000000002,0.6875,0.05832586974771535,0.0895,0.4861885521885522,0.5862004310344827,0.118,0.5230240651967571,0.17633774834437085,0.012
3687,0.28300000000000003,0.283,0.7244999999999999,0.11329950502802541,0.0795,0.2099234902778305,0.7397448635911849,0.305,0.5015987487410609,0.14151627619248203,0.0085
3688,0.03150000000000001,0.05249999999999999,0.9410000000000001,0.026500000000000003,0.1045,0.29009651805678704,0.06774046541693601,0.028500000000000004,0.951832892998679,0.03336756756756757,0.003
3689,0.025500000000000002,0.008,0.471,0.030500000000000006,0.0225,0.15077444987775063,0.8185,0.017499999999999998,0.347,0.20743159379407614,0.0
3690,0.091,0.013000000000000001,0.5770000000000001,0.01986427921594575,0.061,0.0925,0.690881832178599,0.031000000000000007,0.37550000000000006,0.05249999999999999,0.0075
3691,0.5775,0.1655,0.843,0.05739891614089885,0.137,0.4042348229898821,0.262583399044845,0.0785,0.7444999999999998,0.076,0.021
3692,0.47250000000000003,0.20299999999999999,0.7595,0.014000000000000002,0.098,0.36254714341281014,0.7443584482903899,0.257,0.38983333333333337,0.38296293494704986,0.035500000000000004
3693,0.3175,0.08698663594470046,0.633,0.00679161057294472,0.15700000000000003,0.1377002907180823,0.6005,0.059,0.43099999999999994,0.24450000000000002,0.007000000000000001
3694,0.426,0.051000000000000004,0.5885,0.08848469387755101,0.081,0.16554628500366939,0.9470000000000001,0.133,0.560282363224446,0.16933774834437088,0.014499999999999999
3695,0.321,0.13647989093387866,0.6205,0.055414222263347836,0.11100000000000002,0.07694104716934791,0.7366273448628083,0.11200000000000002,0.5758645683629902,0.17489469202460212,0.033499999999999995
3696,0.0055,0.0035000000000000005,0.6154999999999999,0.056499999999999995,0.006,0.14350000000000002,0.9964999999999999,0.0025,0.3015,0.08349999999999999,0.0035000000000000005
3697,0.367,0.14800000000000002,0.6950000000000001,0.028000000000000004,0.0415,0.1075,0.883,0.0605,0.3905,0.35150000000000003,0.0185
3698,0.24850000000000003,0.051000000000000004,0.5335000000000001,0.002,0.1115,0.21973513238828443,0.1015,0.14350000000000002,0.6162500000000001,0.1343495515520537,0.0025
3699,0.096,0.031000000000000007,0.699,0.058499999999999996,0.059,0.10700000000000001,0.9620000000000001,0.014000000000000002,0.43174851485148513,0.12999999999999998,0.003
3700,0.2575,0.0185,0.5645000000000001,0.1355,0.19149999999999998,0.24054291507589287,0.3351909160892995,0.071,0.28935000000000005,0.19283774834437084,0.006500000000000001
3701,0.1005,0.06000000000000001,0.7535000000000001,0.021500000000000002,0.135,0.19584985186085868,0.39350000000000007,0.12450000000000001,0.422,0.13044687842278205,0.002993591850147881
3702,0.0165,0.009,0.492,0.03047029702970297,0.0055,0.15250000000000002,0.9700000000000001,0.014500000000000002,0.30266666666666664,0.0669039603960396,0.0045
3703,0.246,0.1095,0.6990000000000001,0.02497029702970297,0.10700000000000001,0.12646730178838933,0.7220000000000001,0.08750000000000001,0.5640000000000001,0.29540396039603956,0.004
3704,0.23900000000000002,0.077,0.5970000000000001,0.023,0.030000000000000006,0.0785,0.9505000000000001,0.0655,0.238,0.2624031620553359,0.0034999999999999996
3705,0.0875,0.0665,0.7145,0.06394059405940594,0.07750000000000001,0.28668913226621734,0.12349999999999998,0.08399999999999999,0.28850000000000003,0.11000000000000001,0.0105
3706,0.48200000000000004,0.072,0.8119999999999999,0.06326027884421095,0.187,0.1695,0.8985,0.11700000000000002,0.5969981488453702,0.2594909552616649,0.0105
3707,0.156,0.09300000000000001,0.731,0.016499999999999997,0.021500000000000002,0.14414988853866434,0.876,0.064,0.45949999999999996,0.2154039603960396,0.0035000000000000005
3708,0.223,0.078,0.6200000000000001,0.089,0.1085,0.2985,0.8575668824163971,0.11200000000000002,0.47204999999999997,0.2323749687525448,0.006500000000000001
3709,0.28300000000000003,0.043,0.728,0.07494059405940594,0.05,0.186,0.593245511958852,0.10600000000000001,0.46349999999999997,0.10546293494704992,0.008499999999999999
3710,0.023,0.05631602132530036,0.5075000000000001,0.030000000000000006,0.009,0.15864377406931962,0.8520668824163969,0.020499999999999997,0.3775,0.2545,0.0015
3711,0.0125,0.0035000000000000005,0.5309999999999999,0.0405,0.041999999999999996,0.132,0.9174999999999999,0.008,0.23233333333333334,0.14680792079207922,0.0075000000000000015
3712,0.013500000000000002,0.010499999999999999,0.591,0.02497029702970297,0.013000000000000001,0.1415,0.874,0.005,0.3365,0.14500000000000002,0.0005
3713,0.053000000000000005,0.11849999999999998,0.9355,0.007000000000000001,0.08549999999999999,0.15839761363879323,0.6319999999999999,0.404,0.597,0.1265,0.0025
3714,0.184,0.0989418331910965,0.6880000000000001,0.03735814749699269,0.1145,0.1815,0.6709175409451558,0.075,0.43624999999999997,0.16181328483980725,0.0025
3715,0.1645,0.0245,0.7689999999999999,0.13489915966386554,0.11950000000000001,0.17996324704033212,0.7769998150520528,0.121,0.53525,0.1125,0.0014812620115310696
3716,0.17450000000000002,0.13999999999999999,0.504,0.09307393961563529,0.16549999999999998,0.48056856957326854,0.4198161627138874,0.085,0.5695,0.10200000000000001,0.0115
3717,0.1545,0.087,0.6045,0.03494059405940594,0.1125,0.13660697346277145,0.7396179828734539,0.083,0.5768,0.11570899695673642,0.0075
3718,0.13199999999999998,0.07,0.7024999999999999,0.034781178370053276,0.1325,0.2354632470403321,0.4245,0.1605,0.462,0.14350000000000002,0.0
3719,0.025500000000000002,0.034999999999999996,0.48600000000000004,0.1015,0.096,0.123,0.0715,0.016,0.5269999999999999,0.10283887043189369,0.002
3720,0.1155,0.14750000000000002,0.5609999999999999,0.07910506473282516,0.14250000000000002,0.6069611151574112,0.483085694926057,0.12899999999999998,0.33,0.075,0.006500000000000001
3721,0.22949999999999998,0.22000000000000003,0.7185,0.1238664379939749,0.10149999999999999,0.24792755857851373,0.4925,0.10400000000000001,0.46900000000000003,0.32300000000000006,0.020999999999999998
3722,0.4015000000000001,0.026000000000000002,0.497,0.012,0.0635,0.12565965417395147,0.8630000000000001,0.185,0.37150000000000005,0.319,0.005
3723,0.2265,0.0505,0.646,0.08436098609860986,0.121,0.20193911993114994,0.6048970378985615,0.081,0.479,0.078,0.0095
3724,0.09,0.0165,0.666,0.019999999999999997,0.030000000000000006,0.0675,0.8871179828734539,0.032,0.519081902899669,0.12618778882248888,0.005
3725,0.0695,0.10400000000000001,0.5865,0.08528086065496934,0.149,0.4599181188364624,0.4283733158754591,0.093,0.2785,0.051000000000000004,0.0
3726,0.345,0.065,0.71,0.053227293437213594,0.11000000000000001,0.18059746440736663,0.9540000000000001,0.064,0.5200823979491741,0.12064107996008408,0.006500000000000001
3727,0.44000000000000006,0.1545,0.7184999999999999,0.2114142222633478,0.0735,0.18346239081935906,0.747035838150289,0.1055,0.7485,0.14750000000000002,0.0105
3728,0.2545,0.198,0.6325000000000001,0.12349999999999998,0.08900000000000001,0.19595150972993441,0.577133764832794,0.0595,0.826,0.1045,0.0034999999999999996
3729,0.092,0.026000000000000002,0.5785,0.0155,0.179,0.15342275030473976,0.6475,0.042499999999999996,0.5969166666666668,0.14694638949671773,0.006500000000000001
3730,0.3175,0.122,0.7285,0.047266463807121295,0.08600000000000001,0.49849999999999994,0.5207004310344827,0.1125,0.5496916666666667,0.16580068329142078,0.013000000000000001
3731,0.5515,0.1075,0.8400000000000001,0.00547029702970297,0.1575,0.2618170718433965,0.8591645398981956,0.124,0.6185,0.30318587361234595,0.003
3732,0.014500000000000002,0.0115,0.5765,0.0365,0.0115,0.13777444987775062,0.8619999999999999,0.006500000000000001,0.3736666666666667,0.0765,0.0
3733,0.0205,0.0045,0.5775,0.044000000000000004,0.012,0.13549999999999998,0.9765,0.026000000000000002,0.301,0.09050000000000001,0.003
3734,0.267,0.10200000000000001,0.7060000000000001,0.14197029702970299,0.044,0.12231730932983902,0.7391179828734538,0.08549999999999999,0.5755,0.33794638949671774,0.016987666342096724
3735,0.0415,0.11035194194930154,0.7565,0.04197029702970297,0.046,0.17327411477411475,0.816066882416397,0.0435,0.4144995049504951,0.14978053746754666,0.0025
3736,0.3165,0.07350000000000001,0.671,0.079,0.0655,0.09664006335006062,0.8066179828734539,0.125,0.5934999999999999,0.281350040478118,0.01098090419454872
3737,0.13949999999999999,0.10600000000000001,0.727,0.10245499090725399,0.13999999999999999,0.5046295172882774,0.370797309128862,0.155,0.17916666666666664,0.5690000000000001,0.01099375616168255
3738,0.015500000000000003,0.009500000000000001,0.5850000000000001,0.027470297029702974,0.027000000000000003,0.154,0.47949826392263245,0.0235,0.4255,0.0645,0.001
3739,0.11100000000000002,0.07447354260089686,0.771,0.03297029702970297,0.1085,0.2418765189879239,0.952,0.0365,0.5098319587763526,0.08862834663496914,0.008
3740,0.2165,0.04,0.508,0.020355180926255892,0.1305,0.1613987177963749,0.7986179828734539,0.10149999999999999,0.4750560366796173,0.31139874114615734,0.002
3741,0.0095,0.0125,0.6245,0.039,0.014500000000000002,0.20299999999999999,0.8685,0.0025,0.4501666666666667,0.10700000000000001,0.0025
3742,0.025500000000000002,0.034999999999999996,0.48600000000000004,0.1015,0.096,0.123,0.0715,0.016,0.5269999999999999,0.10283887043189369,0.002
3743,0.28850000000000003,0.1144613368283093,0.6935,0.027257363595742608,0.0985,0.3931039347985905,0.4844268818362071,0.1415,0.5053998213079538,0.36963478589515814,0.0165
3744,0.0105,0.0015,0.5475,0.0505,0.019,0.13599999999999998,0.9815000000000002,0.0015,0.31799999999999995,0.08,0.0015
3745,0.3665,0.095,0.603,0.05191422226334783,0.0655,0.16185410094637226,0.8595,0.05199999999999999,0.3571161916072843,0.18185034989275733,0.051500000000000004
3746,0.5579999999999999,0.042499999999999996,0.6395000000000001,0.024,0.10500000000000001,0.123,0.9270000000000002,0.2285,0.6131666666666666,0.2585,0.010488215823916578
3747,0.0365,0.0825,0.9235,0.1719922279792746,0.0935,0.3412946794999427,0.156,0.048,0.8684995602462621,0.07005566580469577,0.004
3748,0.2895,0.049,0.6340000000000001,0.07964462699862318,0.07849999999999999,0.064,0.9678027760917353,0.1165,0.5589240651967572,0.21361644065257007,0.015500000000000003
3749,0.229,0.1269238845144357,0.861,0.013499999999999998,0.098,0.23612707742073633,0.8011179828734539,0.08349999999999999,0.3745,0.127,0.003
3750,0.26749999999999996,0.2545,0.7455,0.07888027884421095,0.0705,0.747119412230487,0.8271848652898509,0.11850000000000001,0.46799999999999997,0.3609463894967177,0.03150000000000001
3751,0.33849999999999997,0.029500000000000005,0.6345000000000001,0.1308506387633563,0.08549999999999999,0.2607738386308069,0.8843539486203615,0.14250000000000002,0.5554980198019802,0.08299157195861913,0.006500000000000001
3752,0.29150000000000004,0.205,0.7275,0.041910891089108906,0.0945,0.8778062323128918,0.5539075316731652,0.085,0.6492490099009902,0.20293770039704023,0.01749582004179958
3753,0.0615,0.12,0.7724999999999999,0.04935740254127129,0.1305,0.1653145166274813,0.544881832178599,0.0495,0.6558746290801187,0.18780421112316334,0.017499999999999998
3754,0.0885,0.093,0.7285,0.04246948870144747,0.0935,0.27186444517065295,0.5553553091289649,0.0465,0.2779999999999999,0.06799999999999999,0.003
3755,0.2985,0.032499999999999994,0.6329999999999999,0.009000000000000001,0.07550000000000001,0.10419973843146643,0.44273596574690777,0.12149999999999998,0.36441666666666667,0.3500693977697,0.001
3756,0.08650000000000001,0.0215,0.58,0.0105,0.036000000000000004,0.1125,0.867,0.029500000000000005,0.28600000000000003,0.209,0.0015
3757,0.3305,0.19447396768402156,0.7384999999999999,0.03230889795540683,0.0905,0.9955,0.6226559813376056,0.14100000000000001,0.577165785997358,0.20677673776699476,0.0205
3758,0.5069999999999999,0.13747354260089686,0.7140000000000001,0.0245,0.10300000000000001,0.21632273838630808,0.8452517477062477,0.0855,0.30366622691292877,0.15950000000000003,0.03749685846560847
3759,0.4449139951740779,0.137,0.5774999999999999,0.03617506844146578,0.122,0.22602405690393187,0.5548088989627533,0.1465,0.267,0.5536626100579468,0.006500000000000001
3760,0.5545,0.089,0.708,0.0215,0.1105,0.19455249667317437,0.7025606466690013,0.21349999999999997,0.549,0.2548347558494121,0.006
3761,0.465,0.0995,0.5825,0.059,0.068,0.19554856465186538,0.7779999999999999,0.20950000000000002,0.4991995249406176,0.3002811453461299,0.03449375616168256
3762,0.027500000000000004,0.071,0.8685,0.0155,0.052500000000000005,0.21077051846371017,0.744,0.219,0.5138740646158406,0.338403162055336,0.0005
3763,0.18450000000000003,0.20350000000000001,0.7470000000000001,0.0605,0.0655,0.4263390900593579,0.8115668824163971,0.1155,0.5429999999999999,0.34689326791949976,0.019
3764,0.28250000000000003,0.1184601092149155,0.7925,0.013000000000000001,0.097,0.27310073530385137,0.30277614613875997,0.2245,0.4478661916072843,0.35134014634228183,0.008993593955321946
3765,0.0665,0.006500000000000001,0.5944999999999999,0.031,0.0315,0.13085410094637223,0.9109999999999999,0.013500000000000002,0.20900000000000002,0.1335,0.0035000000000000005
3766,0.093,0.0125,0.5295,0.035,0.0245,0.13527411477411477,0.933,0.001,0.33749999999999997,0.13140316205533595,0.0025
3767,0.32649999999999996,0.0635,0.592,0.15242528793695695,0.0945,0.2392679283329983,0.8434999999999999,0.0505,0.3555,0.17923747671338033,0.027500000000000004
3768,0.22549999999999998,0.039999999999999994,0.675,0.08449999999999999,0.1045,0.0885,0.9350000000000002,0.03900000000000001,0.396,0.13794687842278203,0.0005
3769,0.426,0.2945,0.7300000000000001,0.06628956715290271,0.10250000000000001,0.31534065535179373,0.8421135515921592,0.13449999999999998,0.5575319228897917,0.23058217882951143,0.02799359185014788
3770,0.47000000000000003,0.11679366346806405,0.8345,0.10132753525209473,0.1295,0.394963582143968,0.41873596574690775,0.1395,0.724,0.12150000000000001,0.0045000000000000005
3771,0.351,0.23199999999999998,0.7300000000000001,0.08920490681606214,0.09849999999999999,0.2816072511026797,0.6899195251141034,0.088,0.5754153462436201,0.10526772696722701,0.011000000000000001
3772,0.012,0.0015,0.599,0.044484693877551024,0.0155,0.1575,0.9440668824163971,0.0,0.2505,0.07440396039603961,0.002
3773,0.20750000000000002,0.06399999999999999,0.6855,0.09886707903124638,0.1145,0.1885485646518654,0.9109999999999999,0.075,0.5550828935795954,0.265018417453332,0.006500000000000001
3774,0.4135,0.332,0.614,0.059,0.1285,0.3104023894549297,0.6859253307067869,0.1835,0.40016622691292875,0.40612346616584033,0.036
3775,0.5425000000000001,0.078,0.619,0.018,0.071,0.30829439828357785,0.8495000000000001,0.1255,0.38449999999999995,0.28490981336983195,0.014499999999999999
3776,0.016,0.016,0.5045,0.019,0.0025,0.17864400256574728,0.8030000000000002,0.0025,0.503,0.026000000000000002,0.0005
3777,0.2975,0.1358648341948733,0.5775,0.026500000000000003,0.11200000000000002,0.2520824043043165,0.07499999999999998,0.202,0.6073661916072842,0.18389375684556405,0.007999999999999998
3778,0.1295,0.05850000000000001,0.6449999999999999,0.02394392523364486,0.024,0.07064400256574728,0.870751747706248,0.078,0.6952490651967571,0.14786756756756755,0.0015
3779,0.004999999999999999,0.0235,0.624,0.0345,0.031,0.1365,0.9075,0.007999999999999998,0.3645,0.30940396039603957,0.002
3780,0.292,0.1325,0.775,0.052500000000000005,0.0925,0.18031822689460247,0.5811027205666861,0.11749999999999998,0.6014999999999999,0.22668729989642458,0.0155
3781,0.42350000000000004,0.24,0.666,0.18386921317060184,0.1265,0.34365651763191074,0.9085000000000001,0.1145,0.44066578657827443,0.3051027540855077,0.016
3782,0.5705,0.075,0.5425,0.022755661790668864,0.08499999999999999,0.128,0.9875,0.194,0.4577495602462621,0.2249039603960396,0.0035000000000000005
3783,0.20999999999999996,0.0125,0.7075,0.0195,0.024499999999999997,0.0637744498777506,0.9975000000000002,0.0125,0.21716666666666667,0.1689039603960396,0.0005
3784,0.017,0.014000000000000002,0.603,0.052000000000000005,0.015500000000000003,0.16941811733986203,0.8435,0.015,0.454,0.11200000000000002,0.0055
3785,0.039,0.0985,0.8560000000000001,0.010499999999999999,0.09249999999999999,0.1927705184637102,0.6935,0.24500000000000002,0.558956902899669,0.24680712245137562,0.002
3786,0.38,0.1955,0.6395000000000001,0.034499999999999996,0.0605,0.23527411477411478,0.848133764832794,0.1035,0.42000000000000004,0.37689326791949973,0.017
3787,0.21000000000000002,0.128,0.7424999999999999,0.026000000000000002,0.11750000000000001,0.08549999999999999,0.5733429564835875,0.0875,0.397,0.2595,0.025499999999999995
3788,0.3005,0.14950000000000002,0.7035,0.035,0.0955,0.7484392239605357,0.6186535576947113,0.08950000000000001,0.437,0.22212237511152377,0.026500000000000003
3789,0.018500000000000003,0.04446194225721785,0.365,0.013000000000000001,0.054000000000000006,0.24727194214292636,0.4531178707224335,0.04,0.6665000000000001,0.019000000000000003,0.0015
3790,0.1965,0.13599999999999998,0.72,0.331954990907254,0.138,0.3987523284990252,0.36499358003001436,0.0755,0.783,0.11183555419011577,0.012
3791,0.217,0.0385,0.6485,0.1334421070067786,0.037000000000000005,0.20235410094637224,0.7746768934650875,0.19849999999999998,0.4806345942051015,0.3592051729928547,0.002
3792,0.5845,0.0175,0.4915,0.0195,0.057499999999999996,0.10201060616524907,0.7351848652898508,0.20049999999999998,0.35849999999999993,0.3993503498927573,0.0005
3793,0.3285,0.007000000000000001,0.665,0.04289915966386555,0.0185,0.08318913226621735,0.9814999999999999,0.025500000000000002,0.46474950495049505,0.143403162055336,0.0005
3794,0.0005,0.0055000000000000005,0.489,0.028499999999999998,0.0315,0.143,0.9393870666450395,0.0005,0.201,0.057499999999999996,0.0
3795,0.579,0.11200000000000002,0.5275000000000001,0.0125,0.0675,0.068,0.9049999999999999,0.31100000000000005,0.25575000000000003,0.33399999999999996,0.01
3796,0.0765,0.035480218281036834,0.8470000000000001,0.04127677308547182,0.077,0.3735118286591366,0.1395,0.1095,0.313,0.4271241303605051,0.001496775260459732
3797,0.051500000000000004,0.0185,0.5455,0.022000000000000002,0.036,0.18937826453243473,0.5915,0.062,0.5196662269129287,0.11129769079646205,0.003
3798,0.035500000000000004,0.004,0.518,0.02,0.0235,0.148,0.7575000000000001,0.008,0.2355,0.089,0.0
3799,0.0405,0.0025,0.7249999999999999,0.0465,0.016500000000000004,0.12272360557768924,0.985,0.033,0.34950000000000003,0.10586724578589576,0.0034999999999999996
3800,0.238,0.19549999999999998,0.829,0.02,0.10049999999999999,0.21477444987775063,0.8277919586494843,0.038000000000000006,0.584,0.145,0.08048098370985023
3801,0.4615,0.0405,0.5235,0.0385,0.068,0.09262593607229104,0.8925000000000001,0.1275,0.5467000000000001,0.18252665925438255,0.002
3802,0.27149999999999996,0.147,0.6285000000000001,0.06682763619844016,0.1165,0.22573771388502184,0.8660431970210271,0.122,0.4995833333333334,0.18035034989275733,0.01
3803,0.016,0.029000000000000005,0.555,0.05597029702970298,0.0055,0.14227411477411478,0.903617982873454,0.015,0.5373988027030431,0.0856440724550428,0.0005
3804,0.17200000000000001,0.06193487942920617,0.735,0.042,0.018,0.156,0.9195,0.0205,0.5703324538258575,0.1125,0.0005
3805,0.0105,0.004,0.497,0.03548469387755102,0.0105,0.11599999999999999,0.9104999999999999,0.0005,0.24100000000000002,0.0679039603960396,0.001
3806,0.05600000000000001,0.1105,0.421,0.006500000000000001,0.0405,0.21446856713792353,0.8135,0.028500000000000004,0.5675000000000001,0.2435,0.012993591850147881
3807,0.438,0.205,0.6025,0.0595,0.0895,0.5324944604873669,0.8961133666442119,0.23500000000000001,0.5367495049504951,0.2339463894967177,0.027000000000000003
3808,0.0215,0.0105,0.575,0.034470297029702966,0.004,0.2055121538489512,0.9524999999999999,0.017499999999999998,0.29470833333333335,0.05890316205533597,0.0034999999999999996
3809,0.05850000000000001,0.0165,0.5149999999999999,0.009000000000000001,0.015500000000000003,0.0945,0.923566882416397,0.009000000000000001,0.259,0.1045,0.0035000000000000005
3810,0.41200000000000003,0.037394031379366574,0.5185,0.030500000000000006,0.11499999999999999,0.3166042481601766,0.9179999999999999,0.053500000000000006,0.571749504950495,0.18640316205533597,0.003
3811,0.38849999999999996,0.21200000000000002,0.6625,0.051970297029702975,0.0615,0.3253813813471333,0.7228389249727216,0.24500000000000002,0.4347495049504951,0.3120786587440777,0.01849582004179958
3812,0.0345,0.075,0.6635,0.026500000000000003,0.0945,0.12010665532607472,0.6265000000000001,0.041999999999999996,0.45299999999999996,0.5543388704318936,0.004496858465608465
3813,0.252,0.047,0.5535,0.0475,0.045,0.11464400256574728,0.9684999999999999,0.062,0.519,0.11608057917230416,0.0085
3814,0.2565,0.1265,0.754,0.051768129311500675,0.07599999999999998,0.37302519351837554,0.5149713601598392,0.127,0.5297329624134519,0.12683774834437087,0.0185
3815,0.19449999999999998,0.097,0.531,0.026000000000000002,0.0385,0.1005,0.7930236025658878,0.066,0.1925,0.5615,0.002
3816,0.092,0.011,0.571,0.01847029702970297,0.0165,0.11477411477411477,0.9610000000000001,0.05500000000000001,0.42866622691292877,0.19581159543617477,0.0005
3817,0.095,0.033999999999999996,0.6740000000000002,0.04803614265508183,0.074,0.1870488997555012,0.814566882416397,0.025,0.5205,0.1545,0.031
3818,0.1825,0.028500000000000004,0.7899999999999999,0.3371671531408758,0.1275,0.3753541009463722,0.6342963153169412,0.054000000000000006,0.22600000000000003,0.057999999999999996,0.015
3819,0.3035,0.03899999999999999,0.602,0.06835390704815283,0.098,0.17278626156994814,0.9605,0.0725,0.48999906461584064,0.1931010171177463,0.003
3820,0.19749999999999998,0.16390634314942182,0.7935000000000001,0.04945499090725399,0.1155,0.0305,0.4393200699285881,0.067,0.574249504950495,0.1315,0.017
3821,0.40549999999999997,0.1315,0.7304999999999999,0.06619695442430808,0.10650000000000001,0.2160482295482295,0.9226179828734539,0.14,0.602932100730732,0.2818371036902458,0.0075
3822,0.030000000000000006,0.291,0.9625,0.06035057587391392,0.1445,0.5059147806004619,0.48241425813430877,0.014000000000000002,0.8644999999999999,0.0125,0.0075000000000000015
3823,0.35650000000000004,0.08049999999999999,0.5085,0.034403119068383524,0.056499999999999995,0.16164265480070045,0.7805649344183736,0.14150000000000001,0.34333289299867903,0.40834956975639114,0.01
3824,0.33349999999999996,0.14150000000000001,0.6895,0.042296166777418334,0.0795,0.40049999999999997,0.6152673134508798,0.10049999999999999,0.5518157318634238,0.1758006832914208,0.0115
3825,0.4255,0.052000000000000005,0.6175,0.0305,0.063,0.1405,0.8130000000000001,0.075,0.3571666666666667,0.29400000000000004,0.0025
3826,0.271,0.258,0.7195,0.056499999999999995,0.087,0.741741908419223,0.8296073158447633,0.1655,0.5362495049504951,0.271403162055336,0.016999999999999998
3827,0.6529999999999999,0.019500000000000003,0.458,0.027000000000000003,0.024,0.12541215776624143,0.6830668824163969,0.22149999999999997,0.452082892998679,0.3065,0.004
3828,0.348,0.0945,0.6005,0.0195,0.177,0.07123127243749125,0.8101848652898509,0.12999999999999998,0.4365,0.22949999999999998,0.001
3829,0.28500000000000003,0.158,0.694,0.053500000000000006,0.096,0.8301582867842321,0.610301607313202,0.0925,0.497,0.2394884721139096,0.01
3830,0.122,0.08399999999999999,0.5185000000000001,0.0155,0.178,0.18946324704033213,0.48699999999999993,0.053000000000000005,0.7975,0.15843159379407618,0.008000000000000002
3831,0.1895,0.12131582972314159,0.6645000000000001,0.06897029702970298,0.09,0.3443773663180728,0.36719091608929944,0.14850000000000002,0.38733333333333336,0.1795,0.018500000000000003
3832,0.051500000000000004,0.2474292682926829,0.8379999999999999,0.025500000000000002,0.0985,0.16201525443127948,0.7674999999999998,0.4715,0.456332892998679,0.3773508388188217,0.0035000000000000005
3833,0.351,0.1465,0.8480000000000001,0.018,0.097,0.24210444340955456,0.7406646520492159,0.12,0.4085,0.15599999999999997,0.003
3834,0.20149999999999996,0.009999999999999998,0.5740000000000001,0.042,0.0505,0.19040205435129387,0.9005668824163969,0.004,0.25983333333333336,0.149903162055336,0.0
3835,0.5435000000000001,0.09700000000000002,0.5755000000000001,0.03590391298499731,0.11699999999999999,0.2586367672249524,0.773,0.20549999999999996,0.5299995596653456,0.26640981336983194,0.011496858465608467
3836,0.5135000000000001,0.2225,0.7369999999999999,0.030796923007196775,0.14600000000000002,0.2947769252667439,0.691684865289851,0.22749999999999998,0.503749504950495,0.35899999999999993,0.013499999999999998
3837,0.044000000000000004,0.003,0.644,0.05892372321344284,0.06999999999999999,0.13799999999999998,0.875,0.0315,0.3155,0.08449999999999999,0.0
3838,0.298,0.059941833191096514,0.7455,0.01545499090725399,0.07600000000000001,0.20915076045857725,0.6091179828734539,0.096,0.6080666666666666,0.22303176272234268,0.0025
3839,0.336,0.19949999999999998,0.7064999999999999,0.08546948870144747,0.1695,0.2615429150758929,0.8216907692307693,0.13400000000000004,0.43716622691292883,0.31520948616600786,0.033
3840,0.042499999999999996,0.014000000000000002,0.6689999999999999,0.015,0.05550000000000001,0.24254605691704115,0.4805,0.063,0.5914999999999999,0.015903960396039606,0.0035000000000000005
3841,0.1405,0.005,0.613,0.02,0.003,0.10877444987775062,0.9640000000000001,0.0655,0.27149999999999996,0.1285,0.012
3842,0.3215,0.013500000000000002,0.5785,0.0465,0.028000000000000004,0.1165,0.9155,0.05450000000000001,0.2874495249406176,0.24004535744165553,0.008
3843,0.19899999999999998,0.152,0.7539999999999999,0.03297979797979798,0.1385,0.7192741147741147,0.5317236730811767,0.076,0.6067500000000001,0.14333774834437085,0.021
3844,0.23900000000000002,0.037,0.6134999999999999,0.05900000000000001,0.1805,0.11527444987775062,0.859,0.21600000000000003,0.4615,0.1431748877963088,0.0085
3845,0.4210000000000001,0.042499999999999996,0.43200000000000005,0.022000000000000002,0.0875,0.0955,0.8196909160892994,0.13600000000000004,0.5021666666666667,0.27249999999999996,0.07850000000000001
3846,0.0715,0.05550000000000001,0.5754999999999999,0.0475,0.0315,0.14182271202683278,0.9484999999999999,0.055499999999999994,0.22400000000000003,0.4225,0.007933475541678971
3847,0.168,0.06296194225721785,0.746,0.031999999999999994,0.07100000000000001,0.1491442802056555,0.8085000000000001,0.098,0.48524950495049507,0.24850000000000003,0.0025
3848,0.14500000000000002,0.1555,0.557,0.09106005564007916,0.121,0.6064611151574113,0.46815213338495615,0.14,0.31300000000000006,0.08249999999999999,0.0095
3849,0.1295,0.1045,0.7434999999999999,0.01747029702970297,0.1635,0.20666475169734114,0.6195,0.0695,0.6936666666666667,0.10990316205533597,0.020999999999999998
3850,0.098,0.030500000000000006,0.298,0.048927027798933743,0.013500000000000002,0.1615,0.935035838150289,0.048,0.7284162269129288,0.07321108284741519,0.002
3851,0.0935,0.07799999999999999,0.6839999999999999,0.03197029702970297,0.0915,0.14350000000000002,0.889113551592159,0.10500000000000001,0.45099999999999996,0.17950000000000002,0.004499999999999999
3852,0.025500000000000002,0.013000000000000001,0.5900000000000001,0.016499999999999997,0.0715,0.076,0.4396909160892994,0.012,0.3605,0.03849999999999999,0.0
3853,0.10300000000000001,0.0035000000000000005,0.6420000000000001,0.08,0.0125,0.1445,0.9780000000000001,0.0,0.2705,0.1025,0.0015
3854,0.054000000000000006,0.18049999999999997,0.865,0.013500000000000002,0.07850000000000001,0.2804088452533256,0.34908957791420814,0.238,0.5662499999999999,0.14590316205533596,0.0025
3855,0.0325,0.0235,0.4699999999999999,0.029000000000000005,0.0075000000000000015,0.17377411477411478,0.794566882416397,0.026500000000000003,0.3245,0.21140316205533596,0.002
3856,0.5165,0.0385,0.7775,0.06888064520437724,0.11400000000000002,0.3384029450780691,0.9075,0.087,0.586,0.1325,0.011987666342096723
3857,0.1295,0.10599999999999998,0.735,0.10996938775510204,0.052500000000000005,0.15051181169219752,0.865,0.08549999999999999,0.5871999999999999,0.20707647226071516,0.013000000000000001
3858,0.0805,0.073,0.7095,0.025500000000000002,0.016999999999999998,0.14011638154484188,0.953,0.009000000000000001,0.35,0.1895,0.007000000000000001
3859,0.33199999999999996,0.1645,0.6409999999999999,0.05038066666509661,0.0475,0.9484999999999999,0.8911179828734539,0.14300000000000002,0.5373333333333333,0.28719395121092056,0.013000000000000001
3860,0.3709139951740779,0.19047396768402153,0.6735,0.06438451929305081,0.10950000000000001,0.15811585950896473,0.7346275290853981,0.11000000000000001,0.5822903603626262,0.21049038118575628,0.0335
3861,0.096,0.08600000000000001,0.7035,0.030454990907253992,0.0705,0.1347233300099701,0.7301073158447633,0.044000000000000004,0.54925,0.2578388704318937,0.001
3862,0.1675,0.08499999999999999,0.6425,0.025178930410709656,0.10899999999999999,0.07154828850855746,0.806,0.044,0.5147499999999999,0.16380712245137558,0.005
3863,0.0195,0.0055,0.511,0.045,0.006,0.16227411477411477,0.866,0.011500000000000002,0.41950000000000004,0.158403162055336,0.0005
3864,0.3505,0.1295,0.577,0.0418148111504744,0.11700000000000002,0.13412855082412284,0.8710555654680829,0.1705,0.32566567656765677,0.17006899893073277,0.0005
3865,0.14450000000000002,0.0805,0.38049999999999995,0.011500000000000002,0.1275,0.10849772035180401,0.677066882416397,0.068,0.3795,0.3544463894967177,0.0035000000000000005
3866,0.41050000000000003,0.225,0.8325000000000001,0.06147029702970297,0.0645,0.33131603092142015,0.8295341216254737,0.17149999999999999,0.5138740651967572,0.3866342032777997,0.004996858465608466
3867,0.493,0.08499999999999999,0.6475,0.07194059405940594,0.1305,0.15767062416483554,0.65965009253972,0.2085,0.42178098866746516,0.3287970581879692,0.01
3868,0.33099999999999996,0.17133232663975476,0.6635,0.0885,0.041,0.5277762534288698,0.899999815052053,0.16499999999999998,0.5734999999999999,0.27178702476506383,0.016999999999999998
3869,0.1,0.057961336828309305,0.7264999999999999,0.008414222263347829,0.135,0.1514629708970242,0.6800871026041284,0.061,0.44599950495049506,0.12150000000000001,0.011
3870,0.3635,0.1875,0.5269999999999999,0.027000000000000003,0.12250000000000001,0.274799311859497,0.7401848652898508,0.157,0.3585,0.408850040478118,0.020981724911830712
3871,0.4345,0.2145,0.726,0.031,0.093,0.23057199371810588,0.6805,0.2345,0.425875,0.376,0.010987345879299157
3872,0.0645,0.009000000000000001,0.731,0.05397029702970298,0.029000000000000005,0.129,0.847066882416397,0.032,0.6685000000000001,0.13699999999999998,0.008499999999999999
3873,0.008499999999999999,0.013999999999999999,0.6555,0.042,0.02,0.1532741147741148,0.758,0.0025,0.323,0.16990316205533598,0.0
3874,0.3765,0.02915044826606511,0.493,0.05397029702970298,0.101,0.23750588597291705,0.9710000000000001,0.028499999999999998,0.5845,0.12450000000000001,0.0015
3875,0.10200000000000001,0.156,0.587,0.09779382960649645,0.1365,0.5886496673459635,0.4782106546033722,0.143,0.2925,0.088,0.0105
3876,0.34199999999999997,0.129,0.7705,0.05470705786652723,0.08449999999999999,0.9570000000000001,0.5380078509393851,0.11400000000000002,0.5164157318634238,0.15533774834437084,0.01
3877,0.021,0.030500000000000006,0.6985,0.041499999999999995,0.0,0.1625,0.889,0.017499999999999998,0.5314990099009901,0.046,0.0
3878,0.001,0.0025,0.49700000000000005,0.061,0.0055,0.1305,0.945,0.001,0.33325000000000005,0.041499999999999995,0.0045000000000000005
3879,0.563,0.12450000000000001,0.6585,0.03542861911119588,0.10500000000000001,0.20446292890363535,0.8790526853162086,0.14600000000000002,0.5432975443661641,0.20200673577110217,0.024
3880,0.2545,0.22748021828103684,0.7195,0.07897979797979797,0.088,0.7355664331903066,0.7001179828734537,0.1945,0.5487500000000001,0.27603231070004697,0.029997846255798544
3881,0.05449999999999999,0.05,0.5265,0.07169650028008173,0.045,0.18382686794089648,0.884,0.0645,0.25665092933977945,0.1952322570610342,0.013500000000000002
3882,0.368,0.144,0.6924999999999999,0.04132944444492097,0.095,0.24891851186168354,0.6591848652898509,0.17099999999999999,0.51225,0.29746293494704995,0.022993593955321946
3883,0.7679753141387158,0.004999999999999999,0.4215,0.048,0.046,0.127,0.9005000000000001,0.0025,0.19683333333333333,0.11175431028879693,0.014500000000000002
3884,0.0395,0.025389101819921767,0.438,0.014499999999999999,0.026500000000000003,0.16368913226621734,0.732,0.037000000000000005,0.4466662269129288,0.18244687842278204,0.0005
3885,0.36750000000000005,0.12000000000000002,0.5945,0.03900000000000001,0.0955,0.1321066553260747,0.6339809308338721,0.15299999999999997,0.5245,0.3943388704318937,0.012
3886,0.0315,0.023,0.6615,0.07611312373842055,0.0615,0.1624176127001265,0.7849999999999999,0.053000000000000005,0.29200000000000004,0.07540396039603961,0.011
3887,0.019,0.015,0.5225,0.026000000000000002,0.008,0.15727411477411476,0.8345668824163971,0.0095,0.3175,0.207903162055336,0.002
3888,0.08,0.007000000000000001,0.5565,0.020499999999999997,0.013500000000000002,0.08499999999999999,0.8805,0.052500000000000005,0.4125,0.2089039603960396,0.002
3889,0.098,0.026000000000000002,0.625,0.08112290811289927,0.031,0.089,0.7126505533695071,0.069,0.5409473365873005,0.2845143245613709,0.0
3890,0.08049999999999999,0.027000000000000003,0.5319999999999999,0.015,0.0225,0.15050000000000002,0.648,0.008,0.2535,0.332,0.0
3891,0.028000000000000004,0.0875,0.9475000000000001,0.05044392523364486,0.1285,0.3644429353123246,0.162,0.028999999999999998,0.88375,0.093,0.010499999999999999
3892,0.3299753141387157,0.10149999999999999,0.5940000000000001,0.08775475688150154,0.06949999999999999,0.24513225054754234,0.7133679945023342,0.072,0.3435,0.20050000000000004,0.040499999999999994
3893,0.043,0.17149999999999999,0.7855000000000001,0.048,0.10699999999999998,0.2247661287549722,0.738566882416397,0.0475,0.41883333333333334,0.0815,0.0014968584656084656
3894,0.2975,0.05249999999999999,0.7395,0.05088785046728972,0.0875,0.12298491985850943,0.7101179828734538,0.10400000000000001,0.789499628344896,0.09718398697885862,0.0075000000000000015
3895,0.014000000000000002,0.009499999999999998,0.6195,0.10685029702970297,0.0075000000000000015,0.08249999999999999,0.8303073478333329,0.0025,0.496,0.11299999999999999,0.003
3896,0.2995,0.19696194225721786,0.6360000000000001,0.01495499090725399,0.05650000000000001,0.25713952865721607,0.6314872405524437,0.097,0.371,0.22179059829059827,0.019465964571947374
3897,0.0645,0.096,0.4645,0.004,0.047,0.10899999999999999,0.567,0.0125,0.31799999999999995,0.37299999999999994,0.001
3898,0.3915,0.073,0.6435000000000001,0.08082420407785582,0.05450000000000001,0.08518855218855219,0.9346179828734538,0.166,0.5516073985300904,0.23363733778088785,0.0015
3899,0.1525,0.0385,0.43,0.07091172167648477,0.028499999999999998,0.1485,0.6840358381502891,0.054000000000000006,0.5748662269129288,0.08271108284741518,0.002
3900,0.5109999999999999,0.238,0.707,0.048,0.1105,0.28206230283911676,0.7250651463390294,0.2845,0.2988661916072842,0.2375,0.008
3901,0.6950000000000001,0.033,0.501,0.06047029702970297,0.0665,0.09796326400727122,0.909,0.33999999999999997,0.2829495249406176,0.3505,0.016
3902,0.4485,0.06,0.53,0.05948469387755102,0.1285,0.11099999999999999,0.9552577985056965,0.078,0.49724950495049497,0.16383774834437087,0.006500000000000001
3903,0.012,0.023,0.5999999999999999,0.091,0.014000000000000002,0.197,0.9716179828734537,0.006500000000000001,0.31399999999999995,0.09590396039603961,0.003999999999999999
3904,0.26450000000000007,0.0875,0.5105,0.059954990907253994,0.10950000000000001,0.13399999999999998,0.6463597080414581,0.049,0.3600828382838284,0.1305,0.01
3905,0.05,0.035500000000000004,0.6125,0.056940594059405936,0.028000000000000004,0.1728609588911205,0.9492577985056965,0.0435,0.3766830168776371,0.09325625236459312,0.00949838295049341
3906,0.6545,0.08549999999999999,0.8234999999999999,0.09169457004602526,0.078,0.13073769691808274,0.9715,0.051500000000000004,0.6037073432343234,0.3008704415267277,0.0045
3907,0.4595000000000001,0.14950000000000002,0.4885,0.36147029702970296,0.11100000000000002,0.33985438042620364,0.5138394843288524,0.1125,0.713749504950495,0.11564047208150088,0.02
3908,0.7144999999999999,0.011,0.49749999999999994,0.067,0.07,0.20790205435129386,0.6744999999999999,0.1975,0.2593333333333333,0.2085,0.0045
3909,0.12150000000000001,0.07947354260089687,0.689,0.012499999999999999,0.099,0.27520541561300416,0.3705943018862772,0.06999999999999999,0.3905,0.06000000000000001,0.0055
3910,0.2705,0.13847354260089687,0.7425,0.24892528793695695,0.1535,0.195865301391626,0.42468475313883036,0.065,0.36183333333333334,0.146,0.004999999999999999
3911,0.592,0.29300000000000004,0.744,0.0989286191111959,0.128,0.26249793426530094,0.6736179828734539,0.195,0.5261662269129288,0.3267846267671529,0.019
3912,0.053500000000000006,0.05748021828103683,0.8855000000000001,0.018,0.0865,0.35411532517712396,0.05500000000000001,0.076,0.28700000000000003,0.5124463894967177,0.0029967752604597325
3913,0.44799999999999995,0.19649999999999998,0.7185,0.05738118811881189,0.1035,0.6549981506637914,0.5986572905650596,0.11599999999999999,0.48645789299867903,0.17129059829059828,0.014500000000000002
3914,0.3565,0.054000000000000006,0.5605,0.02085029702970297,0.07699999999999999,0.2582623118973825,0.7916179828734539,0.05700000000000001,0.3937495049504951,0.345,0.025
3915,0.4625,0.2265,0.622,0.04297029702970297,0.086,0.13135925328121392,0.8201179828734538,0.15849999999999997,0.4226662269129287,0.2971574723441329,0.028000000000000004
3916,0.11100000000000002,0.0965,0.8515,0.025500000000000002,0.0885,0.23864547315707574,0.7144999999999999,0.21149999999999997,0.6097073979491741,0.27517321945376144,0.0015
3917,0.30449999999999994,0.055923279085527154,0.579,0.12194392523364486,0.08449999999999999,0.13887625338640255,0.8741179828734538,0.09,0.57375,0.18239326791949978,0.0095
3918,0.153,0.07149999999999998,0.8140000000000001,0.04382844452669566,0.1105,0.3510641549488122,0.30161798287345387,0.1255,0.7308333333333333,0.15479594104877142,0.008499999999999999
3919,0.418,0.11699999999999999,0.6035,0.0453734160980865,0.10049999999999999,0.1365,0.5965466691757622,0.21750000000000003,0.3216333333333333,0.40933253284020876,0.0165
3920,0.308,0.085,0.596,0.06497029702970299,0.09,0.18849999999999997,0.6781519275179103,0.077,0.379,0.10296293494704993,0.013500000000000002
3921,0.14650000000000002,0.0605,0.6100000000000001,0.020970297029702968,0.088,0.2818125889817672,0.7159981170641021,0.1145,0.620999504950495,0.21268873535790672,0.004
3922,0.41500000000000004,0.21799999999999997,0.7935,0.07295499090725399,0.066,0.38406103425490756,0.7635178859421874,0.1155,0.501,0.32599999999999996,0.03150000000000001
3923,0.006500000000000001,0.013999999999999999,0.6795,0.028500000000000004,0.017499999999999998,0.2265,0.9705,0.006,0.309,0.0915,0.0015
3924,0.022,0.0445,0.5525,0.02498469387755102,0.054000000000000006,0.15854828850855746,0.6472718038971967,0.354,0.38799950495049507,0.06933774834437087,0.003
3925,0.5810000000000001,0.02,0.618,0.018000000000000002,0.0325,0.093,0.8821848652898507,0.073,0.484,0.1595,0.0005
3926,0.36300000000000004,0.032,0.7304999999999999,0.043,0.129,0.21130925510486068,0.8939999999999999,0.127,0.5625,0.18024170874041048,0.0045000000000000005
3927,0.517,0.028000000000000004,0.6464999999999999,0.026470297029702966,0.07849999999999999,0.0785,0.8806179828734539,0.037,0.4295,0.10900000000000001,0.0
3928,0.5745,0.006999999999999999,0.591,0.011000000000000001,0.0445,0.0715,0.8847359657469077,0.144,0.533,0.16799999999999998,0.001
3929,0.0945,0.0045,0.6935,0.07500000000000001,0.042499999999999996,0.118,0.9365,0.030000000000000006,0.42266666666666663,0.1155,0.0055
3930,0.297,0.0625,0.5765,0.061,0.05650000000000001,0.125,0.8701179828734539,0.10600000000000001,0.4581666666666667,0.20544687842278203,0.0015
3931,0.48100000000000004,0.11000000000000001,0.5795,0.04248469387755102,0.091,0.077,0.9330000000000002,0.146,0.3258333333333333,0.23626381222094367,0.01498420825895691
3932,0.0785,0.0755,0.6849999999999999,0.027999999999999997,0.06749999999999999,0.165628215720487,0.7524937642526041,0.026500000000000003,0.5493333333333333,0.1658079207920792,0.0029873458792991562
3933,0.3945,0.0335,0.43599999999999994,0.10498469387755101,0.081,0.09623769691808276,0.8942517477062477,0.06649999999999999,0.3515823432343234,0.1702911601717975,0.0075000000000000015
3934,0.15950000000000003,0.025500000000000002,0.508,0.0495,0.025,0.06759682680094756,0.9365668824163971,0.188,0.2285,0.4408377483443709,0.0025
3935,0.296,0.017,0.433,0.03899999999999999,0.029000000000000005,0.132,0.843,0.014000000000000002,0.25599999999999995,0.25924170874041047,0.0
3936,0.17250000000000001,0.1515,0.7210000000000001,0.021357994617650373,0.14950000000000002,0.297017726353247,0.5162358535958873,0.12149999999999998,0.4995471397135879,0.24411209153164742,0.003
3937,0.0875,0.0645,0.5894999999999999,0.05744392523364485,0.0885,0.1502744498777506,0.7184409327950102,0.1945,0.5978333333333333,0.091,0.006500000000000001
3938,0.3755,0.149,0.6729999999999999,0.05291422226334783,0.0995,0.37799999999999995,0.6573798613358983,0.0985,0.5049575220787977,0.13629059829059828,0.025500000000000002
3939,0.18,0.0085,0.753,0.0455,0.0485,0.0795,0.9574999999999999,0.016999999999999998,0.32666666666666666,0.19840396039603964,0.0085
3940,0.133,0.041,0.7635000000000001,0.051925287936956964,0.094,0.22277411477411477,0.9262359657469077,0.0445,0.47708283828382836,0.10383774834437084,0.012487345879299155
3941,0.0085,0.020999999999999998,0.36650000000000005,0.024,0.0375,0.1285,0.8939999999999999,0.004,0.26749999999999996,0.05500000000000001,0.001
3942,0.2165,0.05,0.642,0.06486910788331787,0.079,0.14335438042620363,0.6959926434358579,0.151,0.6170573985300905,0.12426979949695519,0.003
3943,0.031999999999999994,0.03950000000000001,0.8434999999999999,0.071,0.0375,0.1035,0.8646179828734539,0.021,0.688,0.10800000000000001,0.0005
3944,0.244,0.098,0.582,0.09788034173365334,0.121,0.11735410094637225,0.8806804340085561,0.28900000000000003,0.5216662263320123,0.11667661877626453,0.02
3945,0.26999999999999996,0.149,0.6625,0.0735,0.09100000000000001,0.3649413822729837,0.883,0.13799999999999998,0.4495,0.2832959410487714,0.013500000000000002
3946,0.051000000000000004,0.022,0.454,0.06458196619950658,0.0415,0.10335410094637223,0.835,0.0865,0.2694486934452939,0.09592099586845675,0.028000000000000004
3947,0.0045,0.001,0.6295,0.0795,0.016,0.15650000000000003,0.9814999999999999,0.0005,0.38,0.056999999999999995,0.0015
3948,0.44400000000000006,0.2685,0.5625,0.05335228614149682,0.13499999999999998,0.21414400256574728,0.7526585256231677,0.23199999999999998,0.3608158544085971,0.3571777408637874,0.02499375616168255
3949,0.051500000000000004,0.0075000000000000015,0.277,0.0185,0.091,0.1365,0.5228584482903897,0.0215,0.3364995602462621,0.051903162055335975,0.0034999999999999996
3950,0.021,0.162,0.9724999999999999,0.06174122688591778,0.15150000000000002,0.4924147806004619,0.48935368281151953,0.0215,0.8530000000000001,0.01,0.0045
3951,0.0235,0.03899999999999999,0.45299999999999996,0.005,0.031,0.19700532009759136,0.7084999999999999,0.0185,0.46049999999999996,0.12150000000000001,0.0005
3952,0.006,0.0035000000000000005,0.48200000000000004,0.031000000000000007,0.0055,0.13749999999999998,0.9495000000000001,0.034999999999999996,0.39449999999999996,0.1065,0.0025
3953,0.0635,0.18,0.8865000000000001,0.018492227979274613,0.061,0.15196324704033215,0.432480930833872,0.325,0.4565833333333334,0.256,0.00448718370029576
3954,0.5694999999999999,0.15750000000000003,0.675,0.04346407532084999,0.1355,0.2105485646518654,0.8201179828734538,0.28250000000000003,0.5165833333333333,0.2771081294896155,0.001
3955,0.4915,0.1395,0.6415000000000001,0.05900000000000001,0.07,0.062,0.9009998150520527,0.23149999999999998,0.5730999999999999,0.3063401463422818,0.0185
3956,0.438,0.1265,0.6285000000000001,0.14444059405940593,0.0985,0.31576840176733856,0.6929982639226324,0.15050000000000002,0.41050000000000003,0.2577841378410886,0.0365
3957,0.038,0.0155,0.6,0.025,0.10899999999999999,0.10285410094637223,0.9145,0.037500000000000006,0.469332892998679,0.052903960396039604,0.0005
3958,0.005,0.0125,0.6865,0.051000000000000004,0.0015,0.15699999999999997,0.968,0.01,0.322,0.06599999999999999,0.0
3959,0.712,0.022,0.5435000000000001,0.06999999999999999,0.073,0.183,0.6715,0.2935,0.3551995249406176,0.18400000000000002,0.009999999999999998
3960,0.151,0.061999999999999986,0.8370000000000001,0.09447029702970297,0.0825,0.0931888141295206,0.885,0.05450000000000001,0.752,0.13718778882248886,0.0075
3961,0.6765000000000001,0.1325,0.6845000000000001,0.008,0.0645,0.1700570115409313,0.850066882416397,0.123,0.34487413329539096,0.4464629349470499,0.007000000000000001
3962,0.010499999999999999,0.04,0.5985,0.01597029702970297,0.018499999999999996,0.14685410094637225,0.738,0.003,0.36189968279143536,0.31936724578589576,0.0
3963,0.318,0.077,0.599,0.10608599758747772,0.1615,0.141,0.874,0.0675,0.48874900990099013,0.12690396039603963,0.009
3964,0.1375,0.12050000000000001,0.6764999999999999,0.08145499090725399,0.12100000000000002,0.5394832519617353,0.40010016344789856,0.11300000000000002,0.4657495049504951,0.1399039603960396,0.013500000000000002
3965,0.151,0.1565,0.7835,0.046347838218642176,0.11200000000000002,0.14655785262171245,0.9789999999999999,0.038,0.5356987616402868,0.17202277100581514,0.008
3966,0.006500000000000001,0.0235,0.651,0.039,0.026500000000000003,0.20383313483196464,0.869,0.030000000000000006,0.552375,0.053000000000000005,0.0
3967,0.33449999999999996,0.22750000000000004,0.66,0.05900000000000001,0.06,0.3292741147741148,0.7934920281752366,0.11750000000000001,0.501,0.3948401463422818,0.014500000000000002
3968,0.45699999999999996,0.23590161505885385,0.667,0.08678343543394965,0.1155,0.2107405206225343,0.727807347833333,0.25150000000000006,0.5451657312825073,0.30261753680147424,0.004
3969,0.054000000000000006,0.007000000000000001,0.633,0.0435,0.0165,0.12522360557768925,0.97,0.045500000000000006,0.3325,0.1025,0.0
3970,0.06999999999999999,0.037,0.613,0.058499999999999996,0.097,0.16010724960607942,0.5912315344656129,0.045,0.5479995602462621,0.11644687842278204,0.0015
3971,0.236,0.06515518882150158,0.546,0.056970297029702965,0.1105,0.3525118357122544,0.8398026639407149,0.059999999999999984,0.46689918774193045,0.23131135541822623,0.003
3972,0.0375,0.011000000000000001,0.4835,0.07849999999999999,0.013500000000000002,0.09849999999999999,0.7715,0.025500000000000002,0.39049999999999996,0.11752286175743283,0.002
3973,0.0025,0.0385,0.564,0.05278572522997101,0.0155,0.131,0.8731538210237428,0.0825,0.2535,0.09783774834437087,0.0075
3974,0.30399999999999994,0.22949999999999998,0.6379999999999999,0.049,0.06899999999999999,0.20399894208743513,0.7717296178484915,0.134,0.525832892998679,0.3159463894967177,0.011469074895612745
3975,0.16899999999999998,0.059942160538254685,0.4415,0.03296116504854369,0.0755,0.20249999999999999,0.730566882416397,0.0455,0.22349999999999998,0.1568503498927573,0.028000000000000004
3976,0.0045000000000000005,0.0165,0.4325,0.06790211521152115,0.041,0.099,0.883,0.0115,0.3026995249406176,0.07883774834437086,0.0
3977,0.02,0.026000000000000002,0.648,0.03190508591675494,0.0105,0.13364400256574727,0.8721909160892996,0.0185,0.5344990099009901,0.03144638949671773,0.0015
3978,0.182,0.1895,0.7035,0.08135557271801239,0.24,0.44827383863080683,0.4293024042058068,0.12050000000000001,0.6125,0.12090316205533598,0.009
3979,0.24050000000000002,0.0705,0.6465,0.06794898904922655,0.11399999999999999,0.22677383863080686,0.7824426637955474,0.15299999999999997,0.5251410210818765,0.12725487524423063,0.0075000000000000015
3980,0.297,0.045000000000000005,0.643,0.09631134522313203,0.05,0.08700000000000001,0.8986673472531432,0.0935,0.6024995596653456,0.21192663638147727,0.0025
3981,0.0015,0.043851044077139606,0.5015000000000001,0.04947029702970297,0.020999999999999998,0.1405,0.9116179828734537,0.008,0.26925000000000004,0.08700000000000001,0.009
3982,0.101,0.004,0.6144999999999999,0.0295,0.016,0.15050000000000002,0.8641848652898508,0.02,0.2615,0.0645,0.0
3983,0.1285,0.17950000000000002,0.32999999999999996,0.11149999999999997,0.073,0.16362883030395423,0.40910742516611087,0.019500000000000003,0.8089999999999999,0.077,0.008960090615403798
3984,0.004,0.041999999999999996,0.476,0.061984693877551025,0.006499999999999999,0.1575,0.967,0.005,0.510832892998679,0.06644687842278203,0.0
3985,0.0895,0.1105,0.6265000000000001,0.026799505028025417,0.10400000000000001,0.19442175609649975,0.5810589833885603,0.1055,0.5074157865782745,0.10662001577802356,0.0055
3986,0.0335,0.09,0.8415000000000001,0.009999999999999998,0.096,0.20537826453243474,0.7175,0.22849999999999998,0.5906240099009901,0.25430712245137554,0.0
3987,0.8604999999999998,0.047,0.426,0.047,0.08650000000000001,0.15450000000000003,0.8404999999999999,0.3165,0.3682490495048014,0.26842161623363375,0.007000000000000001
3988,0.3515,0.19,0.5645,0.05499999999999999,0.143,0.21600000000000003,0.7103229214925059,0.1345,0.471,0.255403162055336,0.029000000000000005
3989,0.0675,0.08835918902676654,0.7505000000000001,0.019,0.0655,0.23073204734211022,0.4304031435616878,0.07350000000000001,0.5297499999999999,0.0615,0.0
3990,0.4625,0.04,0.434,0.051500000000000004,0.07650000000000001,0.09827383863080684,0.7567404654169361,0.0915,0.45999999999999996,0.34850000000000003,0.004
3991,0.124,0.04750000000000001,0.6935,0.05585029702970297,0.0455,0.1247101656078227,0.9140668824163971,0.0335,0.4605,0.1865,0.002
3992,0.011,0.010461942257217848,0.5900000000000001,0.045,0.021000000000000005,0.153,0.768,0.0195,0.62,0.07179184549356224,0.0005
3993,0.43249999999999994,0.06000000000000001,0.589,0.037500000000000006,0.075,0.19406926288983492,0.819133764832794,0.07449999999999998,0.261,0.124,0.008
3994,0.052000000000000005,0.08950000000000001,0.8550000000000001,0.039989690721649485,0.061,0.21277051846371017,0.6682359657469077,0.203,0.5092078382838283,0.3642409103997068,0.004
3995,0.042499999999999996,0.010499999999999999,0.5999999999999999,0.0595,0.009999999999999998,0.19344872251527878,0.9155,0.006999999999999999,0.2703333333333333,0.0745,0.0015
3996,0.164,0.06973548659260091,0.698,0.04094392523364486,0.0415,0.18796358214396797,0.6691907692307693,0.066,0.5730000000000001,0.0895,0.0165
3997,0.186,0.0895,0.7875,0.028869213170601822,0.119,0.17931734798670437,0.9542359657469077,0.0415,0.6199154290421763,0.12078506933440172,0.0475
3998,0.08299999999999999,0.06496194225721784,0.677,0.059,0.0625,0.23133341247187283,0.5051178707224334,0.049,0.30009968354430383,0.07380632411067194,0.005
3999,0.072,0.0195,0.6895,0.046,0.12050000000000001,0.09477444987775062,0.9455,0.062,0.35650000000000004,0.11040316205533598,0.0015
4000,0.0835,0.065,0.8074999999999999,0.027500000000000004,0.10600000000000001,0.16862855082412287,0.8024999999999999,0.027500000000000004,0.5325,0.07940316205533596,0.0055
4001,0.39,0.19097396768402156,0.6475,0.06747029702970297,0.16399999999999998,0.17289030938671532,0.7251214782859494,0.121,0.5339153603626261,0.22552744623870638,0.030500000000000006
4002,0.2765,0.1405,0.851,0.07020462000362637,0.2015,0.3591620037302691,0.6977033529250889,0.068,0.7261222493614199,0.13695357395465105,0.018
4003,0.3045,0.20997396768402155,0.7384999999999999,0.05750000000000001,0.077,0.36932077387986445,0.7763108432458286,0.095,0.5989990099009901,0.16285083881882165,0.014995820041799581
4004,0.058499999999999996,0.13949999999999999,0.9450000000000001,0.0015,0.06999999999999999,0.16167283257048967,0.506,0.399,0.44308333333333333,0.21350000000000002,0.0
4005,0.053000000000000005,0.0125,0.6595000000000001,0.020499999999999997,0.0175,0.10499999999999998,0.8895,0.0225,0.3075,0.2565,0.0
4006,0.3665,0.263,0.6765000000000001,0.036,0.0965,0.31560187011012397,0.7397792793271484,0.23049999999999998,0.551499504950495,0.39872567717473567,0.013000000000000001
4007,0.3365,0.20099999999999998,0.664,0.060443925233644856,0.157,0.2544633452523273,0.9079996681935226,0.0905,0.3659070470194153,0.11099999999999999,0.013000000000000001
4008,0.3365,0.1385,0.624,0.05650000000000001,0.0595,0.18450000000000003,0.8664999999999999,0.14600000000000002,0.35,0.41490396039603966,0.003
4009,0.38549999999999995,0.17650000000000002,0.6975,0.07939034672452511,0.0395,0.0775,0.8804922131231837,0.141,0.49549999999999994,0.39344212040084076,0.013500000000000002
4010,0.06899999999999999,0.0415,0.53,0.04,0.082,0.2118155004904189,0.026500000000000003,0.0445,0.62975,0.1402841378410886,0.002
4011,0.05399999999999999,0.06,0.6645000000000001,0.05198469387755102,0.029000000000000005,0.14523711684041757,0.8436848652898508,0.0765,0.472,0.2908388704318937,0.0235
4012,0.1695,0.0335,0.5799999999999998,0.02541422226334783,0.05500000000000001,0.18752217381405503,0.601,0.11749999999999998,0.4889990099009901,0.31096016212030536,0.013500000000000002
4013,0.4085,0.40147354260089685,0.6945,0.03444392523364486,0.08900000000000001,0.4062367675344422,0.7146708426656387,0.231,0.408582892998679,0.42153150869030515,0.015987666342096724
4014,0.020999999999999998,0.024,0.547,0.029470297029702976,0.0725,0.1685,0.7337267542395886,0.09,0.47533195877635254,0.02433887043189369,0.0025
4015,0.0165,0.007000000000000001,0.599,0.054894675692059004,0.0175,0.195993517112113,0.7729999999999999,0.02,0.4495,0.04328413784108859,0.0
4016,0.018,0.0215,0.49300000000000005,0.03994059405940594,0.027500000000000004,0.148,0.9455,0.008,0.4136662269129288,0.186,0.001
4017,0.347,0.24147354260089685,0.7344999999999999,0.042964491857349,0.06999999999999999,0.28053659033708,0.7197358491876941,0.23399999999999999,0.5579990099009902,0.25032036748448816,0.0125
4018,0.45100000000000007,0.0885,0.6234999999999999,0.03098469387755102,0.11699999999999999,0.1281163815448419,0.9026863317195228,0.135,0.5621661716171618,0.25808875672356973,0.0005
4019,0.26,0.10147354260089685,0.5105000000000001,0.06141422226334783,0.0635,0.26231675370669966,0.656071347427423,0.1375,0.352282892998679,0.25294083313407273,0.002
4020,0.1395,0.035,0.5825,0.027000000000000003,0.1055,0.10506964042543845,0.66,0.051500000000000004,0.6625,0.2557428308279333,0.003
4021,0.14300000000000002,0.0075000000000000015,0.42750000000000005,0.0085,0.021500000000000002,0.11522360557768925,0.9365,0.08349999999999999,0.37699999999999995,0.252,0.0
4022,0.1295,0.027500000000000004,0.712,0.040060580314939774,0.10599999999999998,0.1225969066915702,0.7929999999999999,0.029000000000000005,0.5602912957467853,0.1593395166710956,0.001
4023,0.051500000000000004,0.0245,0.5065,0.08643181818181818,0.062,0.13672360557768923,0.776035838150289,0.075,0.22469952494061757,0.06521028450671154,0.013000000000000001
4024,0.271,0.23199999999999998,0.7234999999999999,0.05900000000000001,0.0595,0.6179226156993186,0.8978028481633047,0.1435,0.49099999999999994,0.3764463894967177,0.01499359185014788
4025,0.002,0.048865717705532205,0.47800000000000004,0.03200000000000001,0.002,0.15549999999999997,0.6890000000000001,0.001,0.3701662269129288,0.038,0.0005
4026,0.225,0.13635194194930156,0.7950000000000002,0.03494392523364486,0.059,0.19895238922473868,0.8611179828734539,0.12050000000000001,0.5581661716171618,0.2511349766599102,0.004999999999999999
4027,0.556,0.034499999999999996,0.603,0.0415,0.042,0.11877411477411477,0.6164038522051752,0.20750000000000002,0.5095,0.3545,0.002
4028,0.0035000000000000005,0.006,0.635,0.04683645965077933,0.034,0.1365,0.9890000000000001,0.02,0.357249504950495,0.08330632411067194,0.0045
4029,0.138,0.30646698778269343,0.647,0.012,0.07100000000000001,0.20921451617909786,0.7395000000000002,0.017,0.7481652362330025,0.10630632411067194,0.0034999999999999996
4030,0.2825,0.09899999999999999,0.5690000000000002,0.18292528793695698,0.0895,0.25017572048404296,0.837566882416397,0.041499999999999995,0.3005,0.18523747671338034,0.036
4031,0.13399999999999998,0.128,0.743,0.03546938775510204,0.0625,0.18346266696266694,0.900066882416397,0.073,0.556875,0.171,0.0195
4032,0.057999999999999996,0.052000000000000005,0.523,0.024499999999999997,0.02,0.13277411477411477,0.818,0.025500000000000002,0.5125000000000001,0.19649999999999998,0.009999999999999998
4033,0.3895,0.27997354260089685,0.7569999999999999,0.054459987751352454,0.1135,0.5945198252112898,0.5280188169447229,0.15650000000000003,0.5082490651967572,0.432594127539613,0.028499999999999998
4034,0.23500000000000001,0.073,0.5355,0.05335029702970297,0.059,0.11841811733986204,0.7826179828734539,0.17650000000000002,0.6046666666666667,0.2425,0.0059876663420967225
4035,0.045,0.019,0.8175000000000001,0.15950000000000003,0.015,0.09727444987775061,0.969,0.008499999999999999,0.28500000000000003,0.051000000000000004,0.003
4036,0.372,0.21950000000000003,0.7075,0.07885814749699269,0.08,0.29242831124150215,0.8138764513206675,0.22549999999999998,0.5167828582739509,0.31718386621009803,0.0375
4037,0.08299999999999999,0.027000000000000003,0.4415,0.01,0.036500000000000005,0.07768855218855218,0.9425000000000001,0.11599999999999999,0.3785,0.273,0.0
4038,0.09300000000000001,0.14434716359996286,0.6315000000000001,0.13736921317060183,0.08700000000000001,0.23249744420849608,0.799740465416936,0.032,0.44299999999999995,0.0995,0.0034999999999999996
4039,0.36250000000000004,0.437,0.7265,0.03583457624564872,0.1575,0.46243270410844434,0.6012516355552274,0.1515,0.3742495602462621,0.5502841378410885,0.0185
4040,0.16499999999999998,0.054460178545597315,0.4085,0.143454990907254,0.07,0.2559020543512939,0.6876909160892994,0.0485,0.3157495049504951,0.1650207506634108,0.0005
4041,0.0165,0.011,0.517,0.035,0.013999999999999999,0.11099999999999999,0.909,0.009999999999999998,0.3705,0.079,0.0
4042,0.0195,0.0115,0.5780000000000001,0.041,0.018,0.1595,0.9545,0.0015,0.28049999999999997,0.0495,0.001
4043,0.219,0.02740888353888493,0.666,0.013500000000000002,0.037000000000000005,0.097,0.8265668824163971,0.028499999999999998,0.5486662269129287,0.0875,0.004
4044,0.33297531413871573,0.094,0.5715000000000001,0.08775475688150156,0.06949999999999999,0.23605170875214557,0.713485977375788,0.065,0.3546666666666667,0.1965,0.041499999999999995
4045,0.5509999999999999,0.05850000000000001,0.5505,0.020443925233644862,0.082,0.044,0.9621179828734538,0.25799999999999995,0.3915,0.24890396039603963,0.007000000000000001
4046,0.0055000000000000005,0.003,0.6184999999999999,0.0335,0.006500000000000001,0.16599999999999998,0.8859999999999999,0.0105,0.4045000000000001,0.17440316205533596,0.0
4047,0.0185,0.026500000000000003,0.6595000000000001,0.0225,0.0035000000000000005,0.1385,0.9190000000000002,0.004,0.45824999999999994,0.027000000000000003,0.002
4048,0.0235,0.006,0.5395000000000001,0.038000000000000006,0.0015,0.143,0.958,0.0015,0.33475,0.052903960396039604,0.0
4049,0.284,0.066,0.557,0.06692035398230088,0.076,0.09927411477411477,0.8955853700516352,0.081,0.4755,0.22485004047811802,0.004
4050,0.5135,0.14350000000000002,0.6439999999999999,0.053943925233644864,0.091,0.12977690252723065,0.8817313495176657,0.271,0.5130166666666667,0.27758185508269223,0.017
4051,0.028500000000000004,0.0195,0.48200000000000004,0.014000000000000002,0.043000000000000003,0.11750000000000001,0.9282639941989498,0.014000000000000002,0.44420000000000004,0.0495,0.0025
4052,0.0415,0.003999999999999999,0.6679999999999999,0.0025,0.020999999999999998,0.1409258998006596,0.7369999999999999,0.0245,0.22800000000000004,0.028000000000000004,0.0
4053,0.018,0.1684735426008969,0.966,0.06824122688591777,0.152,0.5039147806004619,0.5007803370727857,0.020499999999999997,0.8225,0.015999999999999997,0.0045
4054,0.0035000000000000005,0.003,0.5555,0.0185,0.009,0.0975,0.9495290874970678,0.006,0.26799999999999996,0.06899999999999999,0.003
4055,0.374,0.088,0.7355,0.0045,0.03600000000000001,0.08411638154484188,0.9171179828734539,0.10800000000000001,0.487,0.25850000000000006,0.006500000000000001
4056,0.441,0.23450000000000001,0.7045000000000001,0.06320289160980462,0.09649999999999999,0.6547719892945982,0.5944606097631511,0.12349999999999998,0.4594578929986789,0.1832905982905983,0.015000000000000003
4057,0.037,0.0365,0.7705,0.07600000000000001,0.019,0.1405,0.9808961865148289,0.013999999999999999,0.2465,0.159,0.0005
4058,0.0655,0.07400000000000001,0.742,0.01944392523364486,0.1395,0.11994457752857682,0.6526179828734539,0.15799999999999997,0.591,0.21994638949671774,0.0045
4059,0.227,0.17746194225721784,0.725,0.011470297029702972,0.1095,0.11432570731951382,0.4394267349776769,0.05449999999999999,0.4327500000000001,0.29544638949671775,0.010493593955321946
4060,0.44399999999999995,0.1425,0.647,0.027940594059405945,0.0485,0.22968907881896666,0.8663087868117328,0.079,0.4879161716171617,0.2569039603960396,0.009500000000000001
4061,0.038500000000000006,0.047,0.5439999999999999,0.026950095009500952,0.1065,0.162,0.9085000000000001,0.052000000000000005,0.5287495049504951,0.04567549668874172,0.0015
4062,0.38499999999999995,0.051500000000000004,0.6345,0.08075364247375268,0.0925,0.13377383863080686,0.9634809308338721,0.101,0.5074245245641839,0.15282710325559035,0.0034999999999999996
4063,0.32249999999999995,0.225,0.729,0.05750000000000001,0.0465,0.8047265128413048,0.892888070245835,0.14099999999999996,0.5723333333333332,0.2904463894967177,0.0055
4064,0.4114999999999999,0.08499999999999999,0.5399999999999999,0.08497029702970296,0.10899999999999999,0.0825,0.6926909160892996,0.1865,0.42600000000000005,0.3475,0.039
4065,0.191,0.092,0.4590000000000001,0.27549999999999997,0.1025,0.20204856465186535,0.2955,0.0345,0.383,0.1565,0.003
4066,0.3065,0.12050000000000001,0.6775,0.06828956715290271,0.08700000000000001,0.2132741147741148,0.727245511958852,0.0945,0.554790785997358,0.11149224093758783,0.0225
4067,0.12,0.052500000000000005,0.8135000000000001,0.09647979797979797,0.11000000000000001,0.1656810707658076,0.9585000000000001,0.0505,0.39575000000000005,0.06949999999999999,0.004999999999999999
4068,0.07450000000000001,0.0485,0.7625000000000001,0.016,0.067,0.131096518056787,0.8690000000000001,0.0965,0.61449900990099,0.09244638949671773,0.004499999999999999
4069,0.20400000000000001,0.079,0.538,0.1278877832369088,0.097,0.29094543783435445,0.12456688241639699,0.0605,0.4789908559930474,0.20279211314426218,0.012
4070,0.24450000000000002,0.10192388451443572,0.6214999999999999,0.051392922657628536,0.11499999999999999,0.13454856465186538,0.752613551592159,0.20400000000000001,0.5806995596653457,0.20286855519154806,0.0055
4071,0.0455,0.01,0.6025,0.01883499090725399,0.055999999999999994,0.1452374207747748,0.747,0.05600000000000001,0.3904333333333333,0.06124283082793329,0.008499999999999999
4072,0.0825,0.15500000000000003,0.82,0.12224122688591776,0.15399999999999997,0.6170664553759406,0.4913727232491231,0.12150000000000001,0.364,0.044,0.012999999999999998
4073,0.004,0.0025,0.5449999999999999,0.051805287936956955,0.011,0.13385410094637223,0.9335000000000001,0.009000000000000001,0.321875,0.057838870431893674,0.0045000000000000005
4074,0.18750000000000003,0.033,0.615,0.04491415503296692,0.0785,0.32683595853641617,0.084,0.088,0.7516991199116078,0.07111889369050073,0.0025
4075,0.255,0.034999999999999996,0.6005,0.009500000000000001,0.0495,0.06883255475429946,0.8011179828734539,0.28400000000000003,0.7274999999999999,0.16549999999999998,0.002
4076,0.567,0.05299999999999999,0.6645,0.0455,0.06300000000000001,0.1357146572139477,0.9789999999999999,0.056999999999999995,0.5165,0.29700000000000004,0.0075000000000000015
4077,0.009,0.0155,0.5715,0.0338690602912595,0.0045000000000000005,0.10600000000000001,0.984066882416397,0.0035000000000000005,0.259,0.0634039603960396,0.0015
4078,0.19749999999999998,0.11390634314942183,0.7965000000000001,0.05982059405940594,0.10300000000000001,0.034499999999999996,0.48434771809787913,0.0935,0.575749504950495,0.12794638949671774,0.019
4079,0.495,0.16099999999999998,0.6965,0.027943925233644862,0.07,0.2704892180710553,0.788,0.352,0.5842740298911127,0.2659183217804828,0.034487666342096726
4080,0.0095,0.0295,0.6085,0.049970297029702966,0.0,0.1665,0.9385,0.0015,0.551,0.043000000000000003,0.0
4081,0.0185,0.014500000000000002,0.5675000000000001,0.10291089108910892,0.032999999999999995,0.1505,0.9881538210237428,0.013499999999999998,0.26899950495049507,0.11804529819838079,0.007000000000000001
4082,0.23900000000000002,0.1125,0.7145,0.018500000000000003,0.0795,0.2595544506247825,0.27884316316219127,0.132,0.7255,0.15287798329079388,0.006500000000000001
4083,0.13999999999999999,0.032499999999999994,0.5700000000000001,0.0173845192930508,0.025500000000000002,0.15446424973905143,0.581,0.14150000000000001,0.3073158544085971,0.2995915840392834,0.005
4084,0.34950000000000003,0.1125,0.7579999999999999,0.074,0.10300000000000001,0.18094077102603998,0.892066882416397,0.044,0.36999999999999994,0.205,0.021984204344907624
4085,0.0345,0.0305,0.47750000000000004,0.0665,0.14500000000000002,0.096,0.9255000000000001,0.014500000000000002,0.33725,0.19783774834437087,0.001
4086,0.11400000000000002,0.045,0.633,0.04599222797927461,0.1305,0.271461630032283,0.05,0.096,0.6895,0.14374091039970685,0.0045000000000000005
4087,0.10700000000000001,0.03398021828103684,0.71,0.13183073432271705,0.064,0.1731288634443111,0.6814426637955473,0.0475,0.29900000000000004,0.060446389496717726,0.006500000000000001
4088,0.05750000000000001,0.03200000000000001,0.523,0.0345,0.006500000000000001,0.1255,0.9477297299995119,0.011,0.45797468354430376,0.12814566913645006,0.0045
4089,0.24650000000000002,0.2165,0.7785000000000001,0.046000000000000006,0.0935,0.8830685952402912,0.6038748451059011,0.097,0.6122500000000001,0.1842841378410886,0.025996858465608463
4090,0.625,0.0075000000000000015,0.674,0.0205,0.06849999999999999,0.13564400256574727,0.9870000000000001,0.039,0.526,0.3155,0.001
4091,0.21000000000000002,0.0034999999999999996,0.658,0.057470297029702966,0.047,0.12018913226621737,0.9629999999999999,0.026500000000000003,0.5303741885911581,0.14786408385193422,0.0
4092,0.3975,0.0425,0.595,0.050434357053168934,0.10250000000000001,0.1864971155383873,0.8386179828734539,0.095,0.4484907999620577,0.2822456907639519,0.004487666342096722
4093,0.3135,0.03692926829268293,0.6,0.035943925233644855,0.0675,0.12818913226621736,0.5642921811346142,0.32199999999999995,0.38649999999999995,0.3382841378410886,0.0045000000000000005
4094,0.051500000000000004,0.0205,0.43649999999999994,0.0455,0.0235,0.10773769691808274,0.8440668824163969,0.009,0.27749999999999997,0.21799999999999997,0.002
4095,0.0945,0.05098021828103684,0.6010000000000001,0.10400000000000001,0.091,0.16659523281585029,0.8185668824163971,0.006500000000000001,0.6034999999999999,0.0995,0.0045
4096,0.0195,0.0025,0.646,0.047,0.0015,0.1857741147741148,0.9261628475831148,0.0015,0.385,0.07100000000000001,0.0005
4097,0.12050000000000001,0.016999999999999998,0.5965,0.04038,0.028999999999999998,0.08589049631895666,0.8714999999999999,0.04050000000000001,0.5055000000000001,0.255,0.0035000000000000005
4098,0.3235,0.186,0.7785,0.049591848008750924,0.1465,0.40729493882455065,0.753240465416936,0.1035,0.5244570823250598,0.2723072702765063,0.034499999999999996
4099,0.40549999999999997,0.11750000000000001,0.709,0.09242035398230089,0.1265,0.16246300206630282,0.9038367859514056,0.0775,0.5633333333333334,0.1900480328510824,0.01
4100,0.409,0.24342926829268294,0.5745,0.075493762993763,0.054000000000000006,0.7399250654203215,0.7732139527869187,0.184,0.4791657318634238,0.3368503498927573,0.016969074895612744
4101,0.352,0.10750000000000001,0.6685000000000001,0.014499999999999999,0.12449999999999999,0.3115555452896195,0.5805852587839337,0.12349999999999998,0.5603333333333333,0.26540932444376764,0.01
4102,0.1995,0.025500000000000002,0.664,0.05377558496665993,0.068,0.16299999999999998,0.9085000000000001,0.056499999999999995,0.6595828382838284,0.0829039603960396,0.0095
4103,0.2165,0.015,0.3225,0.07581313840424668,0.0665,0.20737513428797763,0.6015388139102125,0.046,0.2575,0.2875,0.010499999999999999
4104,0.5609999999999999,0.026000000000000002,0.728,0.0095,0.095,0.077,0.966,0.328,0.5746333333333334,0.12544687842278204,0.011
4105,0.043500000000000004,0.052500000000000005,0.6255000000000001,0.06989732482863671,0.0215,0.14882267942598015,0.9424999999999999,0.009,0.44124812981259787,0.16926075935520093,0.001
4106,0.0155,0.014000000000000002,0.4885,0.0385,0.0095,0.148,0.9039999999999999,0.019,0.4966662269129287,0.09560027329854662,0.0045000000000000005
4107,0.191,0.0925,0.8225,0.04786599106937407,0.076,0.3722308671823157,0.831594953242422,0.048,0.54825,0.1043660970023859,0.011
4108,0.043500000000000004,0.028000000000000004,0.7255,0.023742057473293627,0.05299999999999999,0.0955,0.7885,0.009000000000000001,0.5839162269129288,0.06,0.0095
4109,0.1305,0.0875,0.6034999999999999,0.038,0.055499999999999994,0.17335302326972374,0.7605000000000001,0.0825,0.503,0.20340396039603964,0.0195
4110,0.0045,0.0045,0.6725,0.05600000000000001,0.0035000000000000005,0.17849999999999996,0.9890000000000001,0.003,0.3175,0.06999999999999999,0.0015
4111,0.4795,0.1259479727730098,0.5525,0.037000000000000005,0.14700000000000002,0.2653224032826722,0.7356134038988176,0.178,0.47866622691292876,0.2546094740853437,0.017
4112,0.21349999999999997,0.058076638616055574,0.538,0.08748469387755102,0.0085,0.09232267942598016,0.9303756345206201,0.0395,0.47211617161716174,0.14028413784108856,0.004
4113,0.10700000000000001,0.0635,0.5475,0.032360948041706826,0.0785,0.19835395828517483,0.7881179828734537,0.05700000000000001,0.5802985897609411,0.14983774834437086,0.006
4114,0.529,0.019999999999999997,0.458,0.034,0.0835,0.12368913226621733,0.843,0.11149999999999997,0.5149999999999999,0.19690316205533598,0.006
4115,0.051500000000000004,0.019000000000000003,0.6385000000000001,0.0195,0.040499999999999994,0.1492744498777506,0.8415000000000001,0.05650000000000001,0.33166666666666667,0.089,0.0
4116,0.51,0.05349999999999999,0.65,0.010499999999999999,0.0785,0.0965,0.6989663912532973,0.25999999999999995,0.41783289299867904,0.34633475584941215,0.002
4117,0.0215,0.008,0.6084999999999999,0.039,0.013500000000000002,0.15627411477411476,0.8539999999999999,0.0075000000000000015,0.368,0.1525,0.0
4118,0.012,0.006999999999999999,0.6195,0.02,0.014000000000000002,0.16718913226621737,0.7125,0.04100000000000001,0.3945,0.0335,0.004
4119,0.33999999999999997,0.09489121054990077,0.5049999999999999,0.1334203539823009,0.088,0.1355,0.5866909160892995,0.09,0.46094999999999997,0.09189326791949977,0.002
4120,0.35150000000000003,0.19899999999999998,0.6290000000000001,0.0615,0.069,0.19109786399302528,0.8700034954124958,0.1055,0.528,0.34284014634228177,0.0175
4121,0.0315,0.022000000000000002,0.5960000000000001,0.045443925233644863,0.029500000000000005,0.139,0.945,0.023,0.23349999999999999,0.09124170874041046,0.0
4122,0.15699999999999997,0.0405,0.5245,0.04448469387755102,0.127,0.11449999999999998,0.8160000000000001,0.0955,0.6622083333333333,0.15356628632222238,0.0035000000000000005
4123,0.005,0.003,0.5820000000000001,0.038484693877551025,0.0095,0.16299999999999998,0.835,0.009999999999999998,0.38350000000000006,0.047,0.0015
4124,0.5914999999999999,0.07,0.44399999999999995,0.06636957777410395,0.091,0.19970062582171813,0.8487577985056964,0.1855,0.5509157871591909,0.16903914360906586,0.0045
4125,0.033499999999999995,0.014499999999999999,0.6300000000000001,0.038000000000000006,0.027500000000000004,0.16641788884343442,0.859,0.008,0.309,0.089,0.008
4126,0.471,0.059,0.611,0.0485,0.091,0.1055,0.4021179828734539,0.229,0.4105,0.2415,0.0085
4127,0.041999999999999996,0.1559238845144357,0.8494999999999999,0.011489690721649484,0.051500000000000004,0.22531927579023198,0.692,0.4215,0.4237069028996691,0.34336609700238585,0.0005
4128,0.044,0.0195,0.504,0.032999999999999995,0.020999999999999998,0.16554265313492442,0.8969999999999999,0.013000000000000001,0.513,0.12333887043189369,0.0025
4129,0.0075000000000000015,0.0115,0.46399999999999997,0.0325,0.014500000000000002,0.0955,0.9445,0.0045,0.28125,0.174,0.0
4130,0.33249999999999996,0.10587746505058555,0.744,0.19177508031515472,0.11300000000000002,0.174997720351804,0.9625,0.1285,0.591249504950495,0.08499999999999999,0.0035000000000000005
4131,0.1915,0.0165,0.253,0.09591497865860645,0.0775,0.22087507866417316,0.728,0.08449999999999999,0.3485828382838284,0.20334241077744078,0.0075
4132,0.43149999999999994,0.21149999999999997,0.692,0.0625,0.08,0.18086101451492495,0.7950312591756526,0.15750000000000003,0.408749504950495,0.372,0.022483332365164685
4133,0.0415,0.0175,0.6195,0.01647029702970297,0.1665,0.12450000000000001,0.8644999999999999,0.043,0.46399999999999997,0.058499999999999996,0.003
4134,0.1035,0.150885221342745,0.671,0.1239142222633478,0.08900000000000001,0.23399744420849605,0.800740465416936,0.028499999999999998,0.4495,0.09733774834437084,0.0034999999999999996
4135,0.0915,0.16099999999999998,0.8855000000000001,0.0075,0.063,0.23358503839341077,0.4720668824163969,0.48550000000000004,0.3871245049504951,0.29162946872249196,0.002
4136,0.1165,0.04,0.6845000000000001,0.0175,0.1285,0.11200000000000002,0.5774936521015838,0.008,0.8199985148514852,0.07301436712063542,0.0025
4137,0.05,0.022,0.9129999999999999,0.014000000000000002,0.08,0.183,0.5043536347459686,0.0355,0.8023495049504952,0.0395,0.001
4138,0.119,0.127,0.8314999999999999,0.07050000000000001,0.13299999999999998,0.21298204052355132,0.5557251802887374,0.6104999999999998,0.34891666666666665,0.076,0.007000000000000001
4139,0.5129999999999999,0.027391210549900773,0.7215,0.03447029702970297,0.13499999999999998,0.3017863516995546,0.7145778950580133,0.298,0.6532828382838284,0.16884143214609654,0.0035000000000000005
4140,0.3065,0.18149999999999997,0.7425,0.03448469387755102,0.10049999999999999,0.09883232625787182,0.5098917631899152,0.10149999999999999,0.343,0.3035,0.027500000000000004
4141,0.25949999999999995,0.095,0.6569999999999999,0.049924378662356036,0.067,0.17027411477411478,0.7237404654169359,0.044,0.3359575220787977,0.16202603602976975,0.0305
4142,0.261,0.11792205147213335,0.6935,0.024,0.11000000000000001,0.2587065848846954,0.14450000000000002,0.221,0.5396156965577793,0.21524330839761774,0.009993593955321945
4143,0.295,0.029500000000000005,0.595,0.09344059405940594,0.092,0.17835410094637225,0.7700000000000001,0.076,0.6728324532449411,0.13214599288326928,0.0
4144,0.146,0.02648021828103684,0.568,0.09073467465959487,0.032,0.14341811733986204,0.982,0.0505,0.5254574532449411,0.15257148254746114,0.0
4145,0.16899999999999998,0.04,0.6705,0.05295499090725399,0.052000000000000005,0.076,0.9720000000000001,0.05850000000000001,0.6194578382838285,0.1936885871631925,0.0125
4146,0.125,0.085,0.6975,0.0225,0.078,0.089,0.7357486652157528,0.06,0.4658746283448959,0.10790316205533598,0.002
4147,0.3275,0.027999999999999997,0.687,0.041470297029702965,0.0665,0.08677444987775061,0.978,0.1315,0.688,0.14750000000000002,0.010991439497251013
4148,0.0925,0.0195,0.31500000000000006,0.014500000000000002,0.02,0.1325,0.43899999999999995,0.025500000000000002,0.24225,0.45628525992861135,0.001
4149,0.20950000000000002,0.08349999999999999,0.717,0.031,0.177,0.14541811883646236,0.7316179828734539,0.19049999999999997,0.57575,0.24700000000000003,0.0015
4150,0.18050000000000002,0.0915,0.567,0.11760539127942424,0.1935,0.122,0.7725000000000001,0.0975,0.5423333333333333,0.15344638949671774,0.013000000000000001
4151,0.10400000000000001,0.07949999999999999,0.544,0.050970297029702974,0.1325,0.11837710437710439,0.9526891800119319,0.0635,0.5486990099009901,0.14333774834437085,0.0125
4152,0.44899999999999995,0.08499999999999999,0.6275000000000001,0.014000000000000002,0.052000000000000005,0.26949135152305237,0.6953584482903898,0.20249999999999999,0.38849999999999996,0.304,0.0005
4153,0.07150000000000001,0.11649999999999998,0.8465,0.016999999999999998,0.077,0.20887868223743372,0.5125,0.29900000000000004,0.4998333333333333,0.12790316205533597,0.0045
4154,0.46349999999999997,0.06399999999999999,0.6114999999999999,0.049831775700934576,0.07750000000000001,0.085,0.951,0.12149999999999998,0.38025000000000003,0.2293405402135273,0.0025
4155,0.16199999999999998,0.09846194225721785,0.8314999999999999,0.047163020772344376,0.10800000000000001,0.2531785155012236,0.7523071628853859,0.1385,0.7104157318634239,0.2345181428508353,0.007000000000000001
4156,0.368,0.08349999999999999,0.501,0.054000000000000006,0.25250000000000006,0.06693348697550047,0.8523073478333331,0.20949999999999996,0.40099999999999997,0.36136856368563686,0.007000000000000001
4157,0.142,0.041836216871013285,0.4995,0.21597029702970297,0.149,0.35018881412952063,0.8793088989627533,0.0675,0.4407490099009902,0.11516530307511193,0.004
4158,0.30100000000000005,0.19597396768402156,0.645,0.06947029702970298,0.1275,0.0235,0.6604916875373424,0.1115,0.5659162263320123,0.1647392187973246,0.0455
4159,0.5874999999999999,0.252,0.6645000000000001,0.05142861911119588,0.0495,0.14474224179278442,0.8763567122130222,0.251,0.5432495049504951,0.3227846267671529,0.019999999999999997
4160,0.019,0.04,0.595,0.07037330074009936,0.023,0.09577411477411477,0.966,0.006500000000000001,0.48383289299867904,0.04825400087415761,0.0
4161,0.13249999999999998,0.0775,0.7085,0.08116127658073992,0.092,0.4062011533421888,0.4731848652898509,0.0405,0.3869024211117123,0.4959833735036113,0.0085
4162,0.22000000000000003,0.031,0.6705,0.040499999999999994,0.10700000000000001,0.13860154780873096,0.5987792793271484,0.11699999999999999,0.5465000000000001,0.20294638949671776,0.018500000000000003
4163,0.276,0.3139735426008968,0.6625,0.06246252500897759,0.11200000000000002,0.3330093209243123,0.6478008530763866,0.23049999999999998,0.5509995602462622,0.2786933642179845,0.007493593955321945
4164,0.10550000000000001,0.132,0.6185,0.10497029702970298,0.055999999999999994,0.07735410094637224,0.8785000000000001,0.034,0.46045783828382836,0.13944638949671773,0.0115
4165,0.514,0.047,0.7084999999999999,0.032,0.08600000000000001,0.28632267942598016,0.78923422966954,0.121,0.4191990298911127,0.16890396039603958,0.033
4166,0.2495,0.042499999999999996,0.5775,0.030920353982300884,0.027500000000000004,0.1315,0.882,0.06799999999999999,0.532,0.1525,0.002
4167,0.5704999999999999,0.06749999999999999,0.5385,0.062,0.075,0.3533012032169808,0.4847375852650616,0.127,0.49799999999999994,0.18439326791949978,0.009000000000000001
4168,0.698413995174078,0.49892388451443564,0.798,0.009499999999999998,0.1,0.32429606523220034,0.027500000000000004,0.7625,0.35058283828382836,0.07736521702302782,0.0005
4169,0.126,0.005,0.3635,0.018999999999999996,0.037,0.11564400256574728,0.8686179828734538,0.0165,0.29900000000000004,0.38074170874041047,0.00399375616168255
4170,0.392,0.31636571770553223,0.751,0.03840508591675494,0.1075,0.4908136551997987,0.5433119504177512,0.19549999999999998,0.4164662269129288,0.3731872998964246,0.0195
4171,0.1635,0.063,0.671,0.04480896084484922,0.10950000000000001,0.17909682680094757,0.8270808668567327,0.0695,0.5605823432343234,0.15759742287280934,0.0045
4172,0.0355,0.0315,0.46349999999999997,0.03139558496665994,0.0155,0.146,0.9486179828734539,0.0165,0.46633289357959545,0.12017661877626455,0.004
4173,0.092,0.05950000000000001,0.475,0.050175689226370654,0.035,0.09627444987775062,0.7112517477062478,0.12150000000000001,0.47639226525209066,0.13577996963110006,0.003
4174,0.0045,0.0165,0.45899999999999996,0.0485,0.035,0.10399999999999998,0.9085000000000001,0.005,0.2,0.065,0.002
4175,0.014500000000000002,0.066,0.702,0.02,0.037500000000000006,0.2516285508241229,0.9019999999999999,0.006500000000000001,0.24850000000000003,0.1,0.0005
4176,0.32999999999999996,0.052500000000000005,0.4590000000000001,0.02398969072164948,0.16099999999999998,0.11340205435129387,0.7629999999999999,0.07350000000000001,0.33599999999999997,0.34199999999999997,0.00199375616168255
4177,0.20350000000000001,0.0495,0.567,0.03685029702970297,0.076,0.10627444987775062,0.7739999999999999,0.15499999999999997,0.5497083333333334,0.14550000000000002,0.0045000000000000005
4178,0.5625,0.0895,0.4965,0.047943925233644866,0.0325,0.22230416433309425,0.6707404654169359,0.20049999999999998,0.28024950495049505,0.2489039603960396,0.0
4179,0.4439753043650401,0.242,0.7689999999999999,0.018000000000000002,0.1145,0.3455911866175112,0.6536179828734537,0.139,0.469499504950495,0.35386609700238586,0.03897453789442592
4180,0.30700000000000005,0.12092327908552716,0.7224999999999999,0.020390651012003855,0.1595,0.092,0.9349999999999999,0.059,0.5329560367759765,0.2778303823832551,0.004999999999999999
4181,0.06200000000000001,0.14450000000000002,0.7545,0.027500000000000004,0.09,0.2496711888205359,0.49547493294776723,0.047,0.553,0.2513347558494122,0.012
4182,0.183,0.0235,0.7190000000000001,0.03233366697104779,0.08199999999999999,0.22674009771585535,0.4090665506099195,0.09300000000000001,0.27999999999999997,0.17784955155205368,0.0215
4183,0.0035000000000000005,0.040999999999999995,0.5165,0.015470297029702974,0.024,0.16299999999999998,0.7826538210237428,0.20099999999999998,0.3087495049504951,0.088,0.0025
4184,0.0305,0.012,0.6725,0.012,0.023,0.20046358214396798,0.6191178707224335,0.028999999999999998,0.48,0.058499999999999996,0.002
4185,0.25949999999999995,0.06732282505601524,0.5,0.08691004470395039,0.098,0.13041443108233117,0.9210854830859745,0.05399999999999999,0.42324950495049507,0.16929059829059828,0.003
4186,0.05700000000000001,0.015000000000000003,0.938,0.1165,0.1045,0.2670932699341019,0.10300000000000001,0.061,0.8789999999999999,0.044446389496717725,0.007000000000000001
4187,0.248,0.0775,0.7110000000000001,0.16330069571595424,0.0935,0.23700000000000002,0.959,0.11099999999999999,0.3939990099009901,0.1375,0.01
4188,0.07150000000000001,0.054000000000000006,0.5155000000000001,0.0195,0.069,0.1543176830903402,0.06419091608929947,0.043000000000000003,0.6750833333333334,0.09771685372268757,0.001
4189,0.472,0.0745,0.6635,0.015000000000000003,0.11850000000000001,0.18629316491781633,0.7845,0.1305,0.5898333333333333,0.178,0.07400000000000001
4190,0.052500000000000005,0.11192267365661861,0.8234999999999999,0.052500000000000005,0.05,0.13439225393127546,0.8799999999999999,0.05500000000000001,0.5531241340306138,0.1071836995228826,0.0015
4191,0.016,0.0205,0.6064999999999999,0.040499999999999994,0.036500000000000005,0.15,0.9730000000000001,0.025,0.36899999999999994,0.08800000000000001,0.004
4192,0.3115,0.06138345425774131,0.5135,0.12771861015809396,0.053500000000000006,0.09577383863080684,0.6383447371130424,0.1065,0.45150000000000007,0.22059622245417315,0.0055
4193,0.2865,0.0205,0.8559999999999999,0.052000000000000005,0.092,0.1836669323952331,0.991117982873454,0.015,0.17149999999999999,0.1315,0.0039844416025564535
4194,0.22999999999999998,0.253,0.7195,0.0495,0.0655,0.7556431271684815,0.847849517339067,0.14099999999999996,0.5125,0.3214463894967177,0.044
4195,0.022,0.029500000000000005,0.579,0.040778763261556536,0.024,0.20337826453243474,0.9085000000000001,0.025500000000000002,0.2505,0.07849999999999999,0.002
4196,0.205,0.1645,0.7250000000000001,0.08097029702970297,0.0985,0.16612883030395426,0.7738757813791504,0.1505,0.6097495049504951,0.20270948616600787,0.016
4197,0.16,0.12450000000000001,0.6689999999999999,0.0125,0.0775,0.24806473256014172,0.8285,0.173,0.5873333333333333,0.2746295938379332,0.014500000000000002
4198,0.27549999999999997,0.07050000000000001,0.5595000000000001,0.032,0.036,0.12200000000000003,0.829,0.0645,0.38358239794917404,0.307,0.0005
4199,0.2425,0.076,0.6575,0.053500000000000006,0.215,0.079,0.9296582978723403,0.05700000000000001,0.384,0.223,0.017498424282633936
4200,0.2815,0.225,0.752,0.1086589884487152,0.093,0.7653675738508648,0.5417991550602317,0.096,0.4964569723144422,0.30198358912613843,0.016
4201,0.27949999999999997,0.11196194225721785,0.5365,0.091,0.084,0.0475,0.7184999999999999,0.21600000000000003,0.49683333333333335,0.19549999999999998,0.006500000000000001
4202,0.012,0.011999999999999999,0.518,0.027000000000000003,0.0185,0.09141811733986205,0.9764999999999999,0.0175,0.45200000000000007,0.08985004047811801,0.0
4203,0.3125,0.032,0.5825,0.03987495111257487,0.143,0.16081707184339641,0.6409427318913499,0.07450000000000001,0.48195653182548154,0.2450407493149484,0.005484524807705187
4204,0.504,0.16499999999999998,0.678,0.0795,0.15250000000000002,0.25616651522197464,0.9193088989627534,0.091,0.411749504950495,0.27936689534308956,0.011000000000000001
4205,0.433,0.1105,0.563,0.08041422226334782,0.07200000000000001,0.15985410094637223,0.9436179828734538,0.22749999999999998,0.5944995049504951,0.24728178221606298,0.003999999999999999
4206,0.2285,0.1549613368283093,0.7605000000000001,0.05346407532084999,0.11299999999999999,0.3316442802056555,0.45154259737776836,0.14650000000000002,0.37324999999999997,0.21714014984265195,0.016999999999999998
4207,0.32,0.057499999999999996,0.5505000000000001,0.05,0.05,0.05662821572048702,0.8225,0.047,0.461,0.27,0.001
4208,0.5479999999999999,0.05450000000000001,0.7625,0.006420353982300885,0.16199999999999998,0.11949999999999998,0.8135,0.06999999999999999,0.734,0.054000000000000006,0.016
4209,0.0735,0.008499999999999999,0.511,0.03197029702970297,0.06,0.12049999999999998,0.9071179828734539,0.028499999999999998,0.314,0.1935,0.0025
4210,0.11400000000000002,0.05992327908552715,0.5385,0.06587044899180183,0.015000000000000003,0.131,0.923,0.025500000000000002,0.4333319587763526,0.16850247947871713,0.003
4211,0.0815,0.10600000000000001,0.8210000000000001,0.094,0.065,0.16750616211622496,0.6141134795205897,0.07849999999999999,0.562,0.17800000000000002,0.0025
4212,0.29700000000000004,0.211,0.6415000000000001,0.043308897955406836,0.1915,0.9855,0.5572361974568145,0.159,0.5021657312825074,0.2203735757116588,0.036956151097382546
4213,0.3875,0.129,0.5860000000000001,0.044613899931285936,0.22399999999999998,0.1659184524434979,0.750633764832794,0.1285,0.633,0.174,0.01
4214,0.27599999999999997,0.06549999999999999,0.7755000000000001,0.12346133121711085,0.07350000000000001,0.3820732176121662,0.6441909160892995,0.026000000000000002,0.5283203275115507,0.4312689938245279,0.0015
4215,0.085,0.0475,0.8025,0.013500000000000002,0.0485,0.07227444987775061,0.9399999999999998,0.05,0.4501666666666667,0.1025,0.0005
4216,0.39649999999999996,0.126,0.7115000000000001,0.05779616677741832,0.0725,0.756,0.5636986949571151,0.1045,0.5372740651967571,0.2032687342598638,0.013500000000000002
4217,0.11099999999999999,0.017,0.6315,0.05121345120226308,0.0435,0.07927411477411478,0.8639999999999999,0.026500000000000003,0.47450000000000003,0.20249999999999999,0.0095
4218,0.462,0.0055,0.587,0.048,0.08600000000000001,0.05700000000000001,0.9465,0.07999999999999999,0.31966666666666665,0.210403162055336,0.004
4219,0.15650000000000003,0.041999999999999996,0.6385,0.035298319327731094,0.034499999999999996,0.11740233049460178,0.953,0.06999999999999999,0.5985416666666667,0.25220704168537134,0.018998382950493407
4220,0.557,0.048,0.4445,0.025,0.07250000000000001,0.18206898674652702,0.8710000000000001,0.0965,0.5306666666666666,0.1295,0.0015
4221,0.06,0.028499999999999998,0.6505,0.04047029702970297,0.0315,0.0895,0.9438447371130424,0.05550000000000001,0.43324906519675715,0.17025526919124728,0.0035000000000000005
4222,0.0235,0.046,0.8965,0.19899999999999998,0.14550000000000002,0.34800940857277274,0.316,0.023,0.8985,0.07499999999999998,0.0045
4223,0.42000000000000004,0.015,0.23149999999999998,0.06543968478480502,0.069,0.2195154650106889,0.513602720566686,0.1055,0.484124504950495,0.19133774834437087,0.008
4224,0.4225,0.231,0.6585000000000001,0.059,0.09949999999999999,0.23092260499154396,0.8381103066343518,0.1815,0.5235000000000001,0.2994039603960396,0.024469074895612744
4225,0.0095,0.005,0.6164999999999999,0.052500000000000005,0.004,0.1775,0.9890000000000001,0.0005,0.33999999999999997,0.05500000000000001,0.0
4226,0.2615,0.066,0.6335,0.06869331539109229,0.0675,0.08204889975550121,0.9564999999999999,0.16799999999999998,0.4956823985300904,0.18216335991021845,0.0095
4227,0.31599999999999995,0.22496194225721786,0.7264999999999999,0.028970297029702975,0.1,0.14806842639320758,0.4672790689731223,0.09549999999999999,0.357,0.3025,0.0035000000000000005
4228,0.4715,0.047,0.693,0.0475,0.055499999999999994,0.21806787688254925,0.9115668824163968,0.085,0.368,0.18150000000000002,0.0015
4229,0.07,0.0375,0.704,0.006,0.11499999999999999,0.1184632470403321,0.471,0.034999999999999996,0.5775,0.23399999999999999,0.002
4230,0.23000000000000004,0.07446194225721785,0.649,0.0225,0.10800000000000001,0.24270658488469538,0.176,0.22549999999999998,0.5046156965577793,0.2247433083976178,0.011493593955321945
4231,0.394,0.14594216053825468,0.6380000000000001,0.0781322764238298,0.1145,0.3652352537970779,0.4397359657469077,0.195,0.5268992081084877,0.27552920348186033,0.01
4232,0.05450000000000001,0.042499999999999996,0.6185,0.04,0.053000000000000005,0.1405,0.9328028481633046,0.016,0.581875,0.1089039603960396,0.0005
4233,0.364,0.591,0.728,0.06820378941625053,0.1145,0.3618740447274623,0.7413246809220935,0.1585,0.3377161716171617,0.5774463894967178,0.01049045209727436
4234,0.025500000000000002,0.0125,0.471,0.06498469387755103,0.0165,0.14100000000000001,0.8921347518576148,0.03200000000000001,0.2380328582739509,0.0810480328510824,0.001
4235,0.16299999999999998,0.11639548305792817,0.5449999999999999,0.06491331298874689,0.082,0.19011471393018015,0.5097205912891194,0.2,0.5018328382838283,0.14324281947155348,0.0015
4236,0.14200000000000002,0.029500000000000005,0.6615,0.013500000000000002,0.032,0.08864400256574727,0.9894999999999999,0.028999999999999998,0.4796662269129287,0.18240396039603962,0.001
4237,0.337,0.19697396768402156,0.697,0.04123509516696472,0.0995,0.9720000000000001,0.5606499305381569,0.14350000000000002,0.5236241193306913,0.21126021360621747,0.0195
4238,0.42200000000000004,0.156,0.6765,0.06139065101200386,0.1095,0.16959059233750656,0.5631179828734539,0.155,0.46525000000000005,0.36834955155205373,0.0025
4239,0.262,0.143,0.6815,0.07263439912874922,0.0445,0.6687567698811333,0.9085000000000001,0.093,0.5493333333333333,0.28259711326625647,0.006500000000000001
4240,0.0895,0.174,0.917,0.024,0.094,0.172237085671139,0.476,0.29500000000000004,0.46799999999999997,0.28533774834437087,0.005
4241,0.25999999999999995,0.1405,0.659,0.044920392039203914,0.152,0.8805,0.5570763429127118,0.1,0.5189995049504951,0.19157308109187782,0.015
4242,0.0435,0.03,0.579,0.0608845192930508,0.061,0.11727411477411478,0.7186178707224334,0.07350000000000001,0.4871171774316455,0.13179702543721858,0.0105
4243,0.1055,0.033999999999999996,0.667,0.2735,0.053500000000000006,0.2329475477257322,0.49942676968518673,0.031000000000000007,0.5065,0.08299999999999999,0.0055000000000000005
4244,0.10800000000000001,0.18735073693998644,0.6515000000000001,0.3685,0.1145,0.2641045826328716,0.852,0.07150000000000001,0.556,0.1539039603960396,0.002
4245,0.286,0.030500000000000006,0.48949999999999994,0.057999999999999996,0.014000000000000002,0.1995,0.8160000000000001,0.028999999999999998,0.2675,0.192,0.0015
4246,0.41150000000000003,0.12198663594470047,0.643,0.045753975986619316,0.06999999999999999,0.11162849520031841,0.8876272613212132,0.1955,0.4832495049504951,0.24784955155205365,0.018000000000000002
4247,0.437,0.026500000000000003,0.46749999999999997,0.052000000000000005,0.031000000000000007,0.123,0.857,0.093,0.254,0.27249999999999996,0.0
4248,0.019999999999999997,0.015000000000000003,0.7805,0.0335,0.0075000000000000015,0.14064149442112367,0.9905000000000002,0.009000000000000001,0.3215,0.09,0.0015
4249,0.028500000000000004,0.0495,0.5705,0.1418548163227538,0.009000000000000001,0.0952744498777506,0.762047813250269,0.027499999999999997,0.4221579616782293,0.2441053722175767,0.0
4250,0.028000000000000004,0.0045,0.5545,0.027500000000000004,0.0125,0.12372360557768924,0.9037404654169361,0.0235,0.4126666666666667,0.0775,0.001
4251,0.0605,0.06699999999999999,0.8065,0.01391422226334783,0.1025,0.13435438042620365,0.6154732920024186,0.11100000000000002,0.6202055489137273,0.12004280390429478,0.006
4252,0.0325,0.006,0.551,0.028499999999999998,0.012,0.128,0.9424999999999999,0.006500000000000001,0.346,0.0655,0.0005
4253,0.0085,0.022000000000000002,0.46799999999999997,0.03234125006228157,0.013500000000000002,0.17099999999999999,0.7795,0.022,0.3999995049504951,0.11641847797617433,0.0
4254,0.08549999999999999,0.016999999999999998,0.5874999999999999,0.035,0.05,0.11964377406931966,0.9520290874970678,0.0205,0.29050000000000004,0.159,0.006500000000000001
4255,0.1285,0.25999999999999995,0.745,0.05670378941625054,0.0955,0.22573580043020228,0.4445,0.2725,0.6224078935795954,0.23557681712166006,0.006500000000000001
4256,0.003,0.004,0.5235000000000001,0.016499999999999997,0.014500000000000002,0.1545,0.8295,0.001,0.28900000000000003,0.0715,0.0
4257,0.072,0.0435,0.5995000000000001,0.015,0.08950000000000001,0.17717227221717025,0.771,0.0385,0.3739162269129287,0.14100000000000001,0.003
4258,0.097,0.15149999999999997,0.717,0.04911748032066007,0.11100000000000002,0.12271300937356167,0.743566882416397,0.0625,0.4755,0.4165,0.007990614627291016
4259,0.27949999999999997,0.21747354260089685,0.7655000000000001,0.074954990907254,0.1135,0.39026759930806226,0.2754930612855557,0.189,0.5058323432343234,0.30353286393258727,0.015460207695083494
4260,0.2655,0.06849999999999999,0.546,0.034999999999999996,0.012,0.16585410094637226,0.8620000000000001,0.0365,0.3375,0.20049999999999998,0.0035000000000000005
4261,0.17650000000000002,0.045,0.386,0.02998469387755102,0.082,0.066,0.8899999999999999,0.069,0.5394583333333334,0.15594374802562613,0.003
4262,0.4545,0.1535,0.5879999999999999,0.041,0.078,0.14650000000000002,0.8388354947148547,0.1385,0.4641995249406176,0.332,0.0185
4263,0.2515,0.23927669474172314,0.35350000000000004,0.072,0.1055,0.28190233383112523,0.6723656510036202,0.07549999999999998,0.5127889299289619,0.13417852784811118,0.0035000000000000005
4264,0.1575,0.06299999999999999,0.6315000000000001,0.033499999999999995,0.041,0.27662571835761185,0.8790000000000001,0.074,0.2415,0.2245,0.0005
4265,0.2205,0.092,0.7104999999999999,0.10190065600287564,0.14350000000000002,0.14564352987412588,0.6689999999999999,0.0925,0.5274161716171617,0.26614566913645005,0.005
4266,0.26099999999999995,0.23399999999999999,0.7785,0.027970297029702974,0.10049999999999999,0.30389699282787425,0.6469487145949959,0.10699999999999998,0.422,0.5475,0.025984370788973567
4267,0.14950000000000002,0.0435,0.7550000000000001,0.030166514822874736,0.08499999999999999,0.09427444987775062,0.8744999999999999,0.06399999999999999,0.3083325220787977,0.08713730318432127,0.0035000000000000005
4268,0.0055,0.009,0.511,0.030500000000000006,0.008,0.121,0.9719999999999999,0.0025,0.32300000000000006,0.0615,0.002
4269,0.45899999999999996,0.07300000000000001,0.6495,0.05,0.1135,0.1565,0.9219999999999999,0.16399999999999998,0.43499999999999994,0.29,0.007000000000000001
4270,0.06499999999999999,0.139,0.58,0.385484693877551,0.10200000000000001,0.1997203831943799,0.8629999999999999,0.05600000000000001,0.5242500000000001,0.11177152796360716,0.006500000000000001
4271,0.0025,0.0415,0.5905,0.08347029702970296,0.0115,0.22999999999999998,0.9886538210237429,0.006500000000000001,0.33274950495049505,0.08457865874407769,0.0005
4272,0.10800000000000001,0.031,0.732,0.058499999999999996,0.0665,0.08127444987775062,0.9404999999999999,0.032,0.589,0.112350040478118,0.001
4273,0.1395,0.0935,0.561,0.0155,0.05550000000000001,0.18346044574309975,0.923,0.125,0.524,0.24024283082793327,0.003
4274,0.12150000000000001,0.1805,0.7585,0.020943925233644863,0.147,0.2276459553789904,0.7461132197856817,0.1275,0.5954985148514853,0.23103263077782796,0.013500000000000002
4275,0.0075000000000000015,0.039999999999999994,0.5635,0.04497029702970297,0.008,0.16650000000000004,0.8110000000000002,0.020999999999999998,0.4172911716171617,0.0735,0.0
4276,0.3085,0.21350000000000002,0.6615,0.028500000000000004,0.1495,0.3383486707187336,0.5689957564153901,0.09250000000000001,0.5166662269129288,0.3164463894967177,0.0395
4277,0.006,0.0035000000000000005,0.5349999999999999,0.052000000000000005,0.019,0.1295,0.945,0.003,0.3444999999999999,0.08800000000000001,0.0075
4278,0.43500000000000005,0.11145418596505838,0.6144999999999999,0.09034450704440325,0.072,0.21176646883114483,0.9567359657469077,0.13,0.413625,0.20738065970957442,0.0105
4279,0.020000000000000004,0.033,0.32849999999999996,0.034499999999999996,0.037,0.16818913226621737,0.5320544837185321,0.0185,0.3005996835443038,0.0499039603960396,0.0
4280,0.24250000000000002,0.029500000000000005,0.577,0.0465,0.074,0.10034029522170815,0.8063195943260351,0.10500000000000001,0.5662495049504951,0.2855,0.011
4281,0.015000000000000003,0.038,0.6039999999999999,0.11094392523364487,0.022,0.10277411477411477,0.9372577985056963,0.011,0.399,0.1825,0.0005
4282,0.2745,0.088,0.7485,0.0328658819963629,0.155,0.240591797864455,0.9302392762114563,0.3665,0.6048908554121311,0.14618966082548862,0.008
4283,0.346,0.16899999999999998,0.6945,0.062380666665096604,0.0495,0.7374999999999999,0.8573757813791503,0.129,0.5598333333333334,0.3246515221102424,0.011
4284,0.058499999999999996,0.14650000000000002,0.7585,0.0165,0.086,0.2682194773290933,0.4693103335329599,0.05800000000000001,0.54,0.2941314952388872,0.011
4285,0.19899999999999998,0.21000000000000002,0.7785,0.05929478959725483,0.12250000000000001,0.4454453501858941,0.49423592740506966,0.0945,0.2805,0.6373347558494122,0.032999999999999995
4286,0.07499999999999998,0.22592926829268292,0.8039999999999999,0.025500000000000002,0.064,0.16901440647717622,0.7721179828734539,0.4465,0.44049999999999995,0.3801897092507153,0.006500000000000001
4287,0.46349999999999997,0.22000000000000003,0.5295,0.049970297029702966,0.0955,0.29625934741786736,0.6939366129960987,0.23199999999999998,0.43949999999999995,0.3555008827973098,0.029000000000000005
4288,0.2885,0.0445,0.5800000000000001,0.06649999999999999,0.014000000000000002,0.14750000000000002,0.8936179828734538,0.0475,0.3115,0.20800000000000002,0.002
4289,0.15999999999999998,0.06648663594470046,0.5824999999999999,0.007000000000000001,0.096,0.1793649777384207,0.4370853700516351,0.1135,0.38333333333333336,0.3375323070310087,0.0095
4290,0.09949999999999999,0.1345,0.7060000000000001,0.033474384599200505,0.1275,0.2194784614522797,0.7013253923943923,0.0975,0.6112649744921568,0.09435098701353588,0.022
4291,0.07549999999999998,0.0295,0.5785,0.06686906029125951,0.025500000000000002,0.0765,0.941566882416397,0.031,0.2895,0.0905,0.0015
4292,0.0415,0.035500000000000004,0.483,0.00844392523364486,0.16799999999999998,0.15700616211622498,0.382,0.025500000000000002,0.8778333333333335,0.04740316205533597,0.007000000000000001
4293,0.04750000000000001,0.044,0.48250000000000004,0.007000000000000001,0.0665,0.20718913226621738,0.8035,0.013000000000000001,0.34933333333333333,0.41090396039603966,0.0005
4294,0.34199999999999997,0.14749999999999996,0.8415000000000001,0.020443925233644862,0.03,0.22322836411136143,0.7581337648327939,0.12000000000000002,0.3977083333333334,0.29624170874041045,0.0015
4295,0.37847530436504007,0.3095,0.752,0.05673016121230865,0.09050000000000001,0.31086558087145744,0.6474268818362072,0.257,0.40499813039351434,0.48152318712082315,0.014499999999999999
4296,0.6675000000000001,0.031,0.8869999999999999,0.008369456693568516,0.0875,0.1555,0.9995,0.038,0.4915000000000001,0.3294039603960396,0.002
4297,0.22999999999999998,0.18198398717086578,0.7380000000000001,0.04514093747897828,0.0795,0.201748760462443,0.8975,0.016,0.7177495049504949,0.17580632411067193,0.0
4298,0.10800000000000001,0.010499999999999999,0.534,0.086,0.018500000000000003,0.1465,0.8893256874994664,0.0205,0.4845,0.14490396039603962,0.0005
4299,0.19949999999999998,0.0225,0.565,0.03,0.008,0.10477444987775061,0.9315,0.0905,0.3715,0.13599999999999998,0.0025
4300,0.17,0.11600000000000002,0.7394999999999999,0.023,0.10700000000000001,0.21246265276032744,0.7076179828734539,0.11499999999999999,0.6165,0.21550000000000002,0.009
4301,0.2535,0.0155,0.5455,0.042,0.013000000000000001,0.16785410094637226,0.937,0.05249999999999999,0.35391622691292873,0.21351403700986865,0.001
4302,0.039999999999999994,0.1955,0.8525,0.07377790288997436,0.157,0.47350000000000003,0.48284763201207087,0.0405,0.799,0.02205486746399212,0.0085
4303,0.099,0.0625,0.821,0.04522427301632228,0.0975,0.30724793593198924,0.489030463704724,0.0505,0.829749504950495,0.07294687842278204,0.0029873458792991567
4304,0.054000000000000006,0.052500000000000005,0.7394999999999999,0.28550000000000003,0.05499999999999999,0.17265239627348858,0.6326179828734538,0.08049999999999999,0.43624999999999997,0.1525,0.025
4305,0.0395,0.040999999999999995,0.8564999999999999,0.013470297029702972,0.0775,0.23469756877010695,0.088,0.038,0.2505,0.053349551552053696,0.0015
4306,0.002,0.012,0.503,0.05636921317060182,0.032,0.12249999999999998,0.923,0.0,0.183,0.087,0.004999999999999999
4307,0.0185,0.0125,0.5414999999999999,0.051000000000000004,0.0185,0.08877411477411477,0.8915,0.0075000000000000015,0.217,0.1325,0.003
4308,0.1945,0.052500000000000005,0.5435,0.15098469387755103,0.07900000000000001,0.10200000000000001,0.8890668824163971,0.0405,0.40224950495049505,0.166,0.0045
4309,0.255,0.05450000000000001,0.6535,0.043000000000000003,0.05800000000000001,0.1035,0.945,0.1255,0.352,0.29399999999999993,0.0075000000000000015
4310,0.002,0.007000000000000001,0.569,0.03988,0.0045,0.16535387045813585,0.951,0.005,0.3815,0.0495,0.001
4311,0.28300000000000003,0.0195,0.5645,0.017,0.05499999999999999,0.14346358214396795,0.841,0.0675,0.424225,0.14580621261419763,0.00349375616168255
4312,0.34099999999999997,0.14046133682830933,0.6859999999999999,0.08965301320805359,0.06699999999999999,0.051854380426203626,0.810066882416397,0.1065,0.4766646864686468,0.28841823937433,0.014500000000000002
4313,0.0395,0.0485,0.6385,0.012,0.020499999999999997,0.13377411477411477,0.821,0.034,0.5594985148514852,0.07433774834437086,0.0075000000000000015
4314,0.02,0.019,0.5595,0.037454990907253995,0.028000000000000004,0.10004889975550121,0.9311909160892995,0.24700000000000003,0.41850000000000004,0.04690316205533597,0.0015
4315,0.045,0.071,0.7645000000000001,0.004,0.126,0.1699572055534771,0.6685,0.044,0.5668333333333334,0.384,0.009
4316,0.0735,0.1615,0.786,0.034910891089108914,0.05,0.13820848137257585,0.7966179828734539,0.27,0.5334991199116077,0.31198261914011727,0.0005
4317,0.1295,0.058499999999999996,0.4955,0.08049999999999999,0.018,0.13899999999999998,0.8688539486203617,0.0435,0.328,0.2325,0.0
4318,0.2545,0.25347396768402153,0.667,0.04397029702970297,0.10600000000000001,0.1285,0.6376509019541047,0.1055,0.5651662263320123,0.22152744623870638,0.02949375616168255
4319,0.0045,0.009,0.659,0.0505,0.005,0.14550000000000002,0.9484999999999999,0.004,0.298,0.055403960396039606,0.0
4320,0.2015,0.0955,0.7265,0.0355,0.1035,0.10350000000000001,0.7401847932182815,0.0465,0.38649999999999995,0.143,0.0005
4321,0.053500000000000006,0.0015,0.5335,0.034,0.008,0.144,0.9275,0.004,0.364,0.071,0.0
4322,0.3595,0.03646349504232567,0.5515000000000001,0.04547029702970297,0.084,0.2562596473761683,0.969,0.012999999999999998,0.6074999999999999,0.16880632411067195,0.0015
4323,0.21549999999999997,0.066,0.6740000000000002,0.022420353982300887,0.0755,0.0694974442084961,0.963311976322119,0.0865,0.568,0.14540396039603962,0.0055
4324,0.0155,0.0085,0.6034999999999999,0.040499999999999994,0.0305,0.1745,0.834,0.004,0.426,0.08249999999999999,0.0005
4325,0.067,0.0445,0.438,0.04543028478105542,0.05449999999999999,0.0985,0.9215,0.045,0.27775,0.30182765452541993,0.00549375616168255
4326,0.3375,0.0995,0.585,0.05754609943185596,0.065,0.2459876586200303,0.829,0.10099999999999998,0.471181868174941,0.30185004047811803,0.0755
4327,0.0645,0.06438656143045865,0.8875,0.076,0.123,0.22968913226621734,0.16849365210158374,0.043000000000000003,0.8068333333333333,0.06743159379407616,0.0115
4328,0.332,0.127,0.548,0.030823473050684412,0.09999999999999999,0.1954218111456362,0.6929190949593911,0.087,0.4271324175628628,0.3735528303669161,0.0055
4329,0.076,0.022000000000000002,0.7070000000000001,0.015,0.048,0.15050000000000002,0.8379999999999999,0.041499999999999995,0.44416666666666665,0.0925,0.0025
4330,0.198,0.049,0.5255,0.006,0.0205,0.07899999999999999,0.8935000000000001,0.034499999999999996,0.3095,0.22685004047811802,0.004
4331,0.043500000000000004,0.11299999999999999,0.563,0.0125,0.0205,0.1522744498777506,0.6539999999999999,0.034,0.4365,0.2614039603960396,0.004
4332,0.29800000000000004,0.176,0.663,0.014000000000000002,0.124,0.0951163815448419,0.7444999999999999,0.1295,0.3795,0.4955,0.024968772487561304
4333,0.0335,0.09,0.8415000000000001,0.009999999999999998,0.096,0.20537826453243474,0.7175,0.22849999999999998,0.5906240099009901,0.25430712245137554,0.0
4334,0.08650000000000001,0.044,0.709,0.01985390704815284,0.062,0.13496324704033213,0.5015000000000001,0.026999999999999996,0.3365,0.1405,0.001
4335,0.316,0.1685,0.7355,0.059,0.08800000000000001,0.24257963731416665,0.8455,0.154,0.5305833333333333,0.25493751463001235,0.01
4336,0.1145,0.191903497366564,0.752,0.027943925233644862,0.0915,0.16478000420064123,0.41815679678366624,0.10200000000000001,0.3993333333333334,0.29050000000000004,0.0055
4337,0.10600000000000001,0.05600000000000001,0.6355,0.0455,0.026500000000000003,0.17762855082412285,0.8736179828734538,0.034999999999999996,0.39358283828382834,0.30409382420541675,0.003487666342096722
4338,0.30300000000000005,0.17099999999999999,0.7295,0.05894468162890347,0.10800000000000001,0.13927444987775062,0.933,0.0445,0.45346666666666663,0.23872931103567985,0.014500000000000002
4339,0.25249999999999995,0.026000000000000002,0.6605,0.028499999999999998,0.028500000000000004,0.12112793957717909,0.814566882416397,0.0034999999999999996,0.315,0.2445,0.0045
4340,0.027500000000000004,0.05,0.952,0.0495,0.10299999999999998,0.36521705008643934,0.06000000000000001,0.031000000000000007,0.9460000000000001,0.057499999999999996,0.004
4341,0.09749999999999999,0.08739785219845723,0.596,0.027301861939795852,0.08149999999999999,0.11599662960915422,0.6826178707224335,0.119,0.44925579517955977,0.10821136768630948,0.007000000000000001
4342,0.5914999999999999,0.07,0.44399999999999995,0.06636957777410395,0.091,0.19970062582171813,0.8487577985056964,0.1855,0.5509157871591909,0.16903914360906586,0.0045
4343,0.2565,0.015500000000000003,0.38350000000000006,0.017,0.042,0.2813004155480064,0.8530000000000001,0.0205,0.28774999999999995,0.368350040478118,0.0005
4344,0.013500000000000002,0.1745,0.7825,0.0655,0.1115,0.17546009696882356,0.9040668824163969,0.0185,0.485,0.0725,0.0
4345,0.421,0.08149999999999999,0.5449999999999999,0.05148469387755102,0.1135,0.13061638154484187,0.9040668824163969,0.1755,0.5481656765676568,0.33243879720168773,0.0005
4346,0.45499999999999996,0.43200000000000005,0.675,0.06100000000000001,0.06949999999999999,0.22569885186426347,0.7637702353414859,0.248,0.3175,0.5635,0.029000000000000005
4347,0.0325,0.025,0.5970000000000001,0.006500000000000001,0.0235,0.11164400256574727,0.766066882416397,0.006999999999999999,0.4393996827914354,0.3325,0.0005
4348,0.0165,0.0125,0.6295,0.10750000000000001,0.007000000000000001,0.08677411477411476,0.9671909160892994,0.0075000000000000015,0.4095,0.151,0.0005
4349,0.06000000000000001,0.005,0.466,0.032,0.013500000000000002,0.13449999999999998,0.881,0.008,0.3855,0.072,0.0
4350,0.027000000000000003,0.05779040283607166,0.5294999999999999,0.04148469387755103,0.013500000000000002,0.11549999999999998,0.9034268818362072,0.014000000000000002,0.45158234323432345,0.1454408009313172,0.0055
4351,0.2705,0.0175,0.617,0.0395,0.024,0.07118913226621736,0.9395,0.025500000000000002,0.394,0.14640316205533596,0.0005
4352,0.0034999999999999996,0.013500000000000002,0.5445,0.037,0.011000000000000001,0.175,0.8594999999999999,0.0025,0.45775,0.06000000000000001,0.004981724911830715
4353,0.028500000000000004,0.0085,0.3235,0.03235029702970297,0.015000000000000003,0.16250000000000003,0.806,0.004,0.38199999999999995,0.055999999999999994,0.002
4354,0.046,0.07548021828103683,0.9,0.0215,0.08049999999999999,0.2324629708970242,0.3143538364693412,0.157,0.433,0.12726934213844704,0.005
4355,0.12200000000000003,0.093,0.8115,0.08548469387755102,0.0925,0.16627411477411477,0.97259267795993,0.024,0.4225,0.0875,0.002
4356,0.0195,0.0035000000000000005,0.5865,0.052500000000000005,0.008499999999999999,0.16399999999999998,0.9280000000000002,0.002,0.46075,0.1290480328510824,0.0
4357,0.523,0.08049999999999999,0.643,0.0621477261180504,0.07400000000000001,0.08077444987775062,0.932,0.23349999999999999,0.5309995049504951,0.31553734037454256,0.014979873100581678
4358,0.833,0.0225,0.5675,0.05048469387755102,0.1335,0.1325,0.9916135515921592,0.065,0.4885,0.35700000000000004,0.0035000000000000005
4359,0.052500000000000005,0.011000000000000001,0.6635,0.049,0.0105,0.19732302158273382,0.888046669175762,0.028500000000000004,0.5501662269129287,0.075,0.0115
4360,0.1655,0.057499999999999996,0.5334999999999999,0.01997029702970297,0.03749999999999999,0.22046113416037372,0.953,0.028500000000000004,0.41325,0.1720315086903051,0.002
4361,0.185,0.0675,0.6905,0.14742035398230088,0.12250000000000001,0.1827741147741148,0.9195,0.0885,0.441,0.08194687842278205,0.003
4362,0.3215,0.2985,0.7799999999999999,0.05847029702970297,0.15350000000000003,0.40176520393805104,0.4869771557458126,0.19049999999999997,0.5275,0.369753202533454,0.038981724911830704
4363,0.142,0.21331448963542793,0.7264999999999999,0.042484693877551015,0.1515,0.2443272184708652,0.5566643202427386,0.1955,0.6497059686773426,0.25448182079941367,0.024
4364,0.5435,0.0435,0.521,0.0295,0.06799999999999999,0.10664400256574727,0.9289999999999999,0.16099999999999998,0.284,0.4042417087404105,0.006475016325878752
4365,0.3045,0.10300000000000001,0.718,0.03090800055449485,0.0725,0.4027741147741148,0.8939999999999999,0.134,0.5448333333333333,0.2366889109100117,0.012
4366,0.41500000000000004,0.062,0.6214999999999999,0.08825364247375268,0.101,0.13377383863080686,0.949980930833872,0.11949999999999998,0.5266575406889527,0.14003650496499204,0.013000000000000001
4367,0.07,0.0455,0.5035000000000001,0.04142861911119587,0.0675,0.1521069734627715,0.07250000000000001,0.044,0.7018333333333333,0.05703774207315816,0.001
4368,0.5875,0.009,0.5665000000000001,0.07325699640751063,0.0965,0.21904992322217215,0.9894999999999999,0.1055,0.5589500000000001,0.11364107996008407,0.019
4369,0.086,0.038500000000000006,0.43600000000000005,0.026000000000000002,0.15150000000000002,0.15546135055245164,0.36988183217859893,0.0335,0.8673333333333334,0.04640316205533597,0.01
4370,0.0075,0.0175,0.5080000000000001,0.046943925233644865,0.023,0.1655,0.8065825073260511,0.013000000000000001,0.3022495049504951,0.09464487079574643,0.001
4371,0.10300000000000001,0.179,0.916,0.026229294360044363,0.08900000000000001,0.21073708567113897,0.4455,0.3135,0.44649950495049506,0.2575427424746375,0.003
4372,0.47650000000000003,0.034,0.5705,0.06000000000000001,0.048499999999999995,0.051000000000000004,0.8854746950864761,0.184,0.4245,0.30444638949671765,0.001
4373,0.48650000000000004,0.11699999999999999,0.67,0.07794392523364486,0.094,0.229077031846314,0.8748186301226448,0.091,0.38274075127262985,0.2068129754251679,0.05450000000000001
4374,0.1715,0.03547989093387867,0.7825,0.03998469387755102,0.10500000000000001,0.34537762825904117,0.11918475313883044,0.1045,0.5123333333333333,0.06799999999999999,0.0095
4375,0.40099999999999997,0.1483912105499008,0.6624999999999999,0.057315092563802274,0.067,0.6250173204770255,0.8309253307067868,0.21349999999999997,0.44887411991160775,0.3814710197760903,0.014000000000000002
4376,0.098,0.0435,0.36350000000000005,0.03145998775135246,0.0735,0.3634410471693479,0.39537531005292703,0.0885,0.4375,0.11199999999999999,0.009500000000000001
4377,0.7919139951740778,0.27199999999999996,0.8765000000000001,0.0215,0.08399999999999999,0.3295206095933444,0.026000000000000002,0.8685,0.3220828382838284,0.0663652170230278,0.001
4378,0.319,0.037,0.5835,0.03885181606054755,0.062,0.2045,0.7945,0.0455,0.2696666666666667,0.138,0.04
4379,0.6605,0.027999999999999997,0.515,0.057384519293050794,0.078,0.11454822954822955,0.9282577985056963,0.08449999999999999,0.4648578382838283,0.17163306185187138,0.006999999999999999
4380,0.026000000000000002,0.0215,0.708,0.042470297029702966,0.008,0.13240238945492971,0.93222070344014,0.017,0.4772662269129288,0.08940316205533598,0.0015
4381,0.0015,0.0115,0.5105000000000001,0.10828413391770889,0.004,0.10811638154484189,0.8710358381502891,0.006500000000000001,0.24850000000000003,0.07083774834437086,0.004
4382,0.5885,0.049961942257217846,0.6855,0.021500000000000002,0.0965,0.2189342459877194,0.9870000000000001,0.12150000000000001,0.503749504950495,0.3155,0.0085
4383,0.341,0.2545,0.735,0.03071329036634555,0.1345,0.2788345571316234,0.6561624764225439,0.1785,0.48654073186342384,0.27978502430743657,0.016
4384,0.2145,0.198,0.7104999999999999,0.05645499090725399,0.14400000000000002,0.23177411477411475,0.6529130441599423,0.1475,0.6099981298125978,0.17285606438329162,0.012499999999999999
4385,0.484,0.1349091592265616,0.597,0.02778538959350525,0.124,0.17373676753444223,0.899,0.125,0.3664328382838284,0.1686574723441329,0.008499999999999999
4386,0.044000000000000004,0.0315,0.45899999999999996,0.034351962458901764,0.068,0.1295,0.20811798287345384,0.052000000000000005,0.6104737481601445,0.06008252963853067,0.0005
4387,0.31399999999999995,0.0875,0.64,0.07670947976616523,0.1105,0.05500000000000001,0.5321907692307692,0.1025,0.5812083333333333,0.09996293494704991,0.013000000000000001
4388,0.35100000000000003,0.13999999999999999,0.7505,0.04470705786652723,0.0765,0.9408920653442241,0.600334267938846,0.10400000000000001,0.6024412269129288,0.18133774834437086,0.014499999999999999
4389,0.20750000000000002,0.1585,0.635,0.022051961801483787,0.1355,0.12050000000000001,0.5814922131231838,0.0885,0.5120000000000001,0.26,0.006
4390,0.27549999999999997,0.11100000000000002,0.6765000000000001,0.051500000000000004,0.10400000000000001,0.027500000000000004,0.8374552136656762,0.16199999999999998,0.612,0.133,0.009
4391,0.34550000000000003,0.10962416178583567,0.5065,0.016999999999999998,0.0675,0.2585122195351026,0.9405000000000001,0.012,0.6668333333333333,0.1542094861660079,0.0015
4392,0.624,0.07298021828103685,0.6745,0.030875382946457912,0.07100000000000001,0.281063622252766,0.9559999999999998,0.123,0.560101400819199,0.22816713073661293,0.01099375616168255
4393,0.006,0.05550000000000001,0.569,0.017834360476864014,0.034999999999999996,0.143,0.654535838150289,0.1825,0.3996657318634238,0.060946389496717726,0.0005
4394,0.2525,0.09396194225721785,0.6,0.01737254434484074,0.1155,0.2906274463563262,0.22223596574690768,0.213,0.5251156965577792,0.25623923519171504,0.014500000000000002
4395,0.28049999999999997,0.5125,0.644,0.01094059405940594,0.0945,0.2850673367298799,0.5350854830859746,0.1375,0.651249504950495,0.17246293494704995,0.0034999999999999996
4396,0.001,0.052500000000000005,0.6070000000000001,0.05249999999999999,0.008499999999999999,0.24991478060046188,0.9455,0.0045,0.34500000000000003,0.0625,0.0
4397,0.09749999999999999,0.0395,0.5255000000000001,0.0105,0.013999999999999999,0.11914400256574727,0.69637423024973,0.026500000000000003,0.43975,0.3049039603960396,0.002
4398,0.41,0.211,0.6214999999999999,0.10900000000000001,0.07100000000000001,0.1667009679784718,0.7938712982061416,0.2485,0.48949999999999994,0.339,0.004995820041799582
4399,0.381,0.05089116677470825,0.6759999999999999,0.02397029702970297,0.0795,0.24395479799337746,0.9413088989627532,0.0205,0.618,0.18930632411067194,0.001
4400,0.054000000000000006,0.030000000000000006,0.6859999999999999,0.017499999999999998,0.0625,0.09301158908003693,0.8230000000000001,0.04,0.508,0.1125,0.0005
4401,0.28900000000000003,0.03175066096652683,0.6845,0.023905047859851904,0.0765,0.1551073478180746,0.8554999999999999,0.006500000000000001,0.4025,0.064,0.0005
4402,0.0435,0.0045,0.5675,0.055999999999999994,0.004,0.146,0.9880000000000001,0.0005,0.48483289299867904,0.046740910399706834,0.002
4403,0.58,0.11800000000000002,0.5485,0.06899999999999999,0.08600000000000001,0.22529995750394027,0.8503088989627534,0.2225,0.34750000000000003,0.3154463894967177,0.033
4404,0.039999999999999994,0.0095,0.5489999999999999,0.026470297029702973,0.033,0.12477444987775062,0.9425000000000001,0.037500000000000006,0.3766662269129288,0.096,0.006
4405,0.0045,0.011500000000000002,0.5545,0.013500000000000002,0.09,0.23575125217182666,0.0185,0.010499999999999999,0.81325,0.020946389496717725,0.0005
4406,0.08299999999999999,0.016999999999999998,0.4345,0.0095,0.14400000000000002,0.14233313483196464,0.5529999999999999,0.0335,0.41233333333333333,0.22149999999999997,0.008993756161682551
4407,0.05450000000000001,0.19299999999999998,0.8540000000000001,0.0305,0.079,0.2912003638807497,0.3092358535958873,0.24900000000000003,0.55325,0.17390316205533599,0.003
4408,0.323,0.0625,0.5155000000000001,0.1817092103638235,0.1085,0.2748519759620641,0.688240465416936,0.7195,0.42435509684046196,0.21920260915242,0.016
4409,0.2245,0.192,0.6815,0.06933533264090733,0.1095,0.1095,0.9470000000000001,0.06649999999999999,0.330282397949174,0.16494638949671772,0.03498106691499896
4410,0.5385,0.14346194225721787,0.695,0.0955317033134214,0.11299999999999999,0.41104291507589286,0.2357718038971967,0.24900000000000003,0.4215,0.2731880982371282,0.007487666342096721
4411,0.491,0.3435,0.4600000000000001,0.08149999999999999,0.087,0.19630259715661916,0.7915000000000001,0.22350000000000003,0.532332892998679,0.2491055514729529,0.008990614627291017
4412,0.006500000000000001,0.029500000000000005,0.49450000000000005,0.05,0.022000000000000002,0.1565,0.9525,0.006500000000000001,0.39649999999999996,0.2785,0.0075
4413,0.39149999999999996,0.1097517591168197,0.772,0.05488337209944807,0.07400000000000001,0.3594265110476033,0.42356688241639695,0.21549999999999997,0.6677495596653455,0.13887989607111512,0.006500000000000001
4414,0.01,0.027000000000000003,0.42300000000000004,0.007000000000000001,0.0315,0.17768913226621735,0.5187357414448669,0.0015,0.381,0.048,0.001
4415,0.0685,0.08700000000000001,0.6785000000000001,0.0895,0.05800000000000001,0.13273236547880696,0.8298028481633046,0.0315,0.5101662269129288,0.244,0.0245
4416,0.13249999999999998,0.0775,0.7085,0.08116127658073992,0.092,0.4062011533421888,0.4731848652898509,0.0405,0.3869024211117123,0.4959833735036113,0.0085
4417,0.258,0.11241543242765561,0.827,0.04436921317060182,0.143,0.43648125347600375,0.21245477568121496,0.2455,0.4255,0.21927959709265724,0.0015
4418,0.28700000000000003,0.2125,0.716,0.051000000000000004,0.078,0.25137601828641776,0.6996179828734539,0.0935,0.5542495049504951,0.2769315937940761,0.0125
4419,0.695,0.041999999999999996,0.3715,0.0225,0.098,0.16854074004309633,0.8626179828734539,0.0985,0.2598333333333333,0.34194638949671774,0.0075000000000000015
4420,0.698413995174078,0.49892388451443564,0.798,0.009499999999999998,0.1,0.32429606523220034,0.027500000000000004,0.7625,0.35058283828382836,0.07736521702302782,0.0005
4421,0.2465,0.05550000000000001,0.728,0.006500000000000001,0.12150000000000001,0.0895,0.915,0.1145,0.5053996827914353,0.180903162055336,0.004
4422,0.3745,0.07799999999999999,0.6825,0.1255,0.0925,0.10877411477411478,0.861245261314782,0.1035,0.5485,0.14124203248722966,0.0085
4423,0.07400000000000001,0.10627152138334414,0.6944999999999999,0.04991422226334783,0.0965,0.20654403895782028,0.2571179828734539,0.22949999999999998,0.5256161716171617,0.17175629701538958,0.003475016325878753
4424,0.23600000000000004,0.040499999999999994,0.6409999999999999,0.09886497272176195,0.0895,0.1384506725343066,0.7241909160892995,0.077,0.5871666666666666,0.14700000000000002,0.0095
4425,0.48649999999999993,0.10900000000000001,0.7,0.042,0.11850000000000001,0.08199999999999999,0.9029268818362072,0.22550000000000003,0.4465,0.279,0.004
4426,0.5319999999999999,0.0405,0.4995,0.027499999999999997,0.032499999999999994,0.10577411477411477,0.8710668824163971,0.26799999999999996,0.2865000000000001,0.457,0.002
4427,0.51597530436504,0.035,0.735,0.06898469387755103,0.0855,0.13704795340492162,0.9380000000000001,0.07350000000000001,0.6048746290801188,0.18893061965042215,0.010499999999999999
4428,0.0415,0.035500000000000004,0.483,0.00844392523364486,0.16799999999999998,0.15700616211622498,0.382,0.025500000000000002,0.8778333333333335,0.04740316205533597,0.007000000000000001
4429,0.042499999999999996,0.06949999999999999,0.8175000000000001,0.014500000000000002,0.033499999999999995,0.22316122288765308,0.7935000000000001,0.18150000000000002,0.475456902899669,0.3941070074020927,0.0025
4430,0.099,0.0625,0.821,0.04522427301632228,0.0975,0.30724793593198924,0.489030463704724,0.0505,0.829749504950495,0.07294687842278204,0.0029873458792991567
4431,0.11399999999999999,0.19,0.705,0.05531413832247199,0.186,0.553902335108043,0.3950744733257634,0.48200000000000004,0.397375,0.21687563669661766,0.048487348011830425
4432,0.0655,0.0155,0.43549999999999994,0.02447029702970297,0.034,0.14299999999999996,0.877,0.067,0.29216666666666663,0.06490316205533597,0.0075
4433,0.48699999999999993,0.182,0.7095,0.04694059405940594,0.10800000000000001,0.16920944783673045,0.9480000000000001,0.1105,0.5803328382838283,0.2761196089504792,0.03399784554192907
4434,0.481,0.1519613368283093,0.46349999999999997,0.01997029702970297,0.092,0.0931015519734272,0.8479937642526041,0.2765,0.39424904950480133,0.38294638949671767,0.024
4435,0.349,0.034,0.711,0.07593145703180199,0.075,0.141,0.9745668824163971,0.036000000000000004,0.5873,0.09955660459380486,0.0015
4436,0.024,0.0165,0.48,0.0195,0.045,0.14550000000000002,0.9317016342740118,0.024,0.3195,0.08867549668874172,0.001
4437,0.135,0.09842172412497517,0.7310000000000001,0.020829207998322448,0.10200000000000001,0.2551347827969757,0.554066882416397,0.1165,0.4474157318634238,0.16846016212030537,0.012
4438,0.25,0.061,0.773,0.06092357033410053,0.136,0.3018173649536434,0.881,0.07750000000000001,0.6719157318634238,0.13230632411067192,0.008499999999999999
4439,0.2935,0.0475,0.6635,0.02627682193334018,0.10200000000000001,0.11627444987775062,0.7555,0.10600000000000001,0.44975,0.2158377483443709,0.0055
4440,0.0125,0.0245,0.6100000000000001,0.0405,0.008,0.12864377406931965,0.9660290874970677,0.008,0.349,0.0645,0.004
4441,0.392,0.21300000000000002,0.7885,0.026000000000000002,0.1075,0.9189999999999999,0.5873971781681293,0.092,0.508,0.18983774834437087,0.0225
4442,0.002,0.003,0.5604999999999999,0.048278763261556536,0.0175,0.141,0.9200000000000002,0.004,0.23399999999999999,0.06,0.0015
4443,0.2815,0.10499999999999998,0.643,0.01587738830959689,0.041499999999999995,0.22031489627890077,0.8234999999999999,0.2045,0.484,0.2674039603960396,0.003
4444,0.43897531413871577,0.1935,0.65,0.0655,0.0975,0.28920672798977914,0.6910016471841077,0.18849999999999997,0.4151246290801187,0.3619039603960396,0.016
4445,0.658913995174078,0.4459041027954725,0.74,0.021,0.10149999999999999,0.38257018000631504,0.0965,0.6285000000000001,0.42258283828382837,0.08525769795820379,0.0015
4446,0.36050000000000004,0.1335,0.5835000000000001,0.0195,0.07949999999999999,0.11296266696266696,0.799,0.063,0.4215833333333333,0.38906486695444376,0.023000000000000003
4447,0.1085,0.027000000000000003,0.3,0.04842702779893373,0.013000000000000001,0.14677444987775062,0.9805358381502891,0.048,0.7246657318634238,0.0819039603960396,0.0055000000000000005
4448,0.3225,0.2177943805693066,0.721,0.05897029702970297,0.11600000000000002,0.1326279852322506,0.6107998114547943,0.086,0.4921145683629902,0.1756880982371282,0.031
4449,0.42349999999999993,0.2635,0.6665,0.048,0.082,0.1900262726086591,0.7955,0.176,0.35750000000000004,0.41990316205533595,0.025489301421104976
4450,0.0445,0.005,0.6755,0.028999999999999998,0.02,0.11200000000000002,0.9720000000000001,0.0055000000000000005,0.36849999999999994,0.1685,0.005
4451,0.211,0.0695,0.639,0.093,0.028499999999999998,0.0817859590671649,0.903107687803994,0.188,0.4675000000000001,0.3158377483443709,0.005489576203482132
4452,0.392,0.1655,0.577,0.0125,0.16899999999999998,0.13131710301267502,0.7075668103448276,0.06849999999999999,0.300375,0.42400000000000004,0.01
4453,0.21349999999999997,0.058076638616055574,0.538,0.08748469387755102,0.0085,0.09232267942598016,0.9303756345206201,0.0395,0.47211617161716174,0.14028413784108856,0.004
4454,0.49197530436504006,0.0125,0.5720000000000001,0.03136945669356852,0.045,0.07623736181444692,0.9581848652898509,0.06899999999999999,0.4415,0.22094638949671772,0.0
4455,0.2415,0.14150000000000001,0.7005,0.074,0.1115,0.3011438903502186,0.4545,0.178,0.596,0.231,0.014499999999999999
4456,0.1915,0.03949999999999999,0.7035,0.037,0.037500000000000006,0.18871482683982682,0.9099999999999999,0.045500000000000006,0.502,0.0822846267671529,0.001
4457,0.2505,0.051000000000000004,0.5319999999999999,0.013000000000000001,0.10600000000000001,0.18961850901166108,0.1,0.1345,0.63625,0.14284955155205367,0.0034999999999999996
4458,0.01,0.006,0.5905,0.08089891614089885,0.006500000000000001,0.10654889975550122,0.9585000000000001,0.004999999999999999,0.36933333333333335,0.05871028450671154,0.008
4459,0.021,0.05,0.753,0.042449185734900016,0.061,0.3187738386308069,0.27949999999999997,0.038,0.33399999999999996,0.0705,0.002
4460,0.396,0.194,0.64,0.04745499090725399,0.079,0.12814428020565555,0.661066882416397,0.056999999999999995,0.5305,0.30661847745772597,0.0195
4461,0.1305,0.073,0.488,0.0785,0.1255,0.08249999999999999,0.9680853700516352,0.055499999999999994,0.35315833333333335,0.13014132431190303,0.004
4462,0.187,0.11950000000000001,0.696,0.0375,0.099,0.2050909416434819,0.9025000000000001,0.11699999999999999,0.5205,0.2145,0.009
4463,0.3575,0.36396133682830933,0.633,0.07241422226334784,0.1085,0.2811833647942758,0.6167622635167225,0.25650000000000006,0.36204950495049504,0.570140149842652,0.017
4464,0.0095,0.02,0.532,0.008499999999999999,0.013500000000000002,0.137,0.6975,0.002,0.4734999999999999,0.052500000000000005,0.0
4465,0.091,0.18091837866954782,0.7235,0.02047029702970297,0.096,0.3359798065304269,0.39861798287345385,0.1955,0.3865833333333334,0.20540316205533596,0.0095
4466,0.4669753043650401,0.031,0.7074999999999999,0.05948469387755102,0.0665,0.13218913226621737,0.917,0.0755,0.5836246290801188,0.18440316205533597,0.005990448979591837
4467,0.173,0.14450000000000002,0.783,0.015943925233644858,0.11749999999999998,0.2005096230734829,0.8949999999999999,0.0465,0.6022909240916812,0.2009259330611511,0.005
4468,0.34349999999999997,0.0915,0.47750000000000004,0.01544059405940594,0.11599999999999999,0.16415210316324158,0.6666848652898507,0.1465,0.413,0.3655,0.12150000000000001
4469,0.5900000000000001,0.07100000000000001,0.6439999999999999,0.028890651012003853,0.1345,0.13368913226621737,0.9375,0.0885,0.5347985891800245,0.16294638949671775,0.052500000000000005
4470,0.29400000000000004,0.12150000000000001,0.6960000000000001,0.0465,0.0835,0.1930306085119402,0.895781350109141,0.07999999999999999,0.534,0.148736987787316,0.013000000000000001
4471,0.0715,0.11850000000000001,0.7045,0.018,0.127,0.2233023023510159,0.6778757813791503,0.0815,0.6489985148514851,0.12141075990524985,0.024
4472,0.08549999999999999,0.0475,0.7464999999999999,0.023196217793171766,0.08299999999999999,0.11227444987775062,0.819,0.072,0.34370789299867904,0.06413730318432127,0.007000000000000001
4473,0.02,0.0025,0.6155,0.01585029702970297,0.0345,0.13804828850855747,0.6695,0.05550000000000001,0.4116000000000001,0.047838870431893686,0.0105
4474,0.1145,0.05800000000000001,0.6675,0.049680686070469125,0.037,0.08449999999999999,0.8198088989627532,0.088,0.6135412950115626,0.11211885919458801,0.019999999999999997
4475,0.14300000000000002,0.08449999999999999,0.254,0.0988219001480484,0.083,0.3304829312503265,0.6906896591740318,0.0765,0.18175,0.15135034989275734,0.002
4476,0.061,0.0775,0.664,0.06685029702970298,0.044500000000000005,0.2320862907764945,0.870307347833333,0.0485,0.44399999999999995,0.17950000000000002,0.013500000000000002
4477,0.253,0.1335,0.7020000000000001,0.022,0.029000000000000005,0.13773769691808274,0.738740465416936,0.042,0.45116622691292874,0.173,0.0055
4478,0.127,0.044000000000000004,0.5515,0.0295,0.12,0.10800000000000001,0.931,0.083,0.20850000000000005,0.4225,0.001
4479,0.1135,0.0035000000000000005,0.5545000000000001,0.025500000000000002,0.029000000000000005,0.12800000000000003,0.925,0.0005,0.2465,0.1145,0.005
4480,0.3415,0.143,0.7025,0.10091004470395037,0.0665,0.026000000000000002,0.922111747126058,0.148,0.685749504950495,0.15089375684556408,0.0055000000000000005
4481,0.0105,0.016999999999999998,0.5565,0.0595,0.038,0.10757938361114468,0.9465,0.006,0.2865,0.16250000000000003,0.0
4482,0.0415,0.020999999999999998,0.652,0.009500000000000001,0.012,0.15899999999999997,0.9550000000000001,0.0115,0.2825000000000001,0.18283774834437086,0.001
4483,0.031,0.0034999999999999996,0.453,0.11418305005860774,0.035500000000000004,0.12235410094637225,0.842,0.0015,0.20751635021097048,0.07786298603343697,0.0195
4484,0.0125,0.019,0.5565,0.12447029702970296,0.028000000000000004,0.08499999999999999,0.816807347833333,0.0025,0.42625,0.141,0.0015
4485,0.009,0.0215,0.5605,0.0335,0.013000000000000003,0.1525,0.9494999999999999,0.0015,0.4005000000000001,0.06449999999999999,0.0025
4486,0.06,0.025500000000000002,0.6819999999999999,0.03043282203868055,0.08549999999999999,0.10200000000000001,0.655,0.033999999999999996,0.519832892998679,0.14813528949352872,0.005
4487,0.0725,0.010499999999999999,0.382,0.016500000000000004,0.0295,0.10500000000000001,0.8985,0.0085,0.23024999999999998,0.2375,0.0005
4488,0.37449999999999994,0.0195,0.4755,0.06676559913024371,0.016499999999999997,0.2145,0.6682577985056964,0.128,0.3417833333333334,0.22912188618545945,0.0
4489,0.003,0.003,0.5305,0.04,0.017,0.11099999999999999,0.959,0.001,0.20133333333333336,0.11559851908267751,0.013000000000000001
4490,0.4125,0.2885,0.6555,0.06341422226334784,0.1375,0.4683182582551306,0.7311335798848467,0.1855,0.4323309128006592,0.3734481232732382,0.0215
4491,0.0015,0.0315,0.2935,0.0315,0.02,0.15550000000000003,0.725,0.002,0.47650000000000003,0.021500000000000002,0.003
4492,0.08700000000000001,0.096,0.7434999999999999,0.05143028478105542,0.12249999999999998,0.38681735132322786,0.15423585359588732,0.09600000000000002,0.40308283828382835,0.198,0.0015
4493,0.36350000000000005,0.0215,0.689,0.06348469387755103,0.1485,0.14650000000000002,0.9125280338471825,0.10149999999999999,0.6699157318634239,0.1219629349470499,0.0024935918501478803
4494,0.7595000000000001,0.0205,0.4774999999999999,0.056499999999999995,0.05800000000000001,0.19054291507589285,0.8710000000000001,0.17450000000000002,0.27649962834489594,0.22974170874041047,0.012
4495,0.004,0.002,0.6134999999999999,0.02,0.008,0.16849999999999998,0.9687404654169361,0.0,0.2575,0.0685,0.0
4496,0.3375,0.24347396768402155,0.6735,0.056940594059405936,0.1125,0.08,0.7053748455103512,0.0995,0.5682903603626261,0.22102744623870638,0.035483435683681466
4497,0.16299999999999998,0.044,0.4095,0.055726496156197104,0.02,0.1842744498777506,0.6235,0.07550000000000001,0.2700580161247687,0.23864118753680086,0.0
4498,0.1405,0.14350000000000002,0.8055,0.18839558496665992,0.0625,0.3228564833916773,0.5308476007219454,0.0835,0.47508333333333336,0.1956884219839474,0.0075
4499,0.3225,0.1165,0.6144999999999999,0.08828010425971072,0.0835,0.3097736353681882,0.5826969268346056,0.14500000000000002,0.45199900990099007,0.2853660970023859,0.015
4500,0.0215,0.07550000000000001,0.591,0.0185,0.018999999999999996,0.1519875649516857,0.7335,0.03,0.37150000000000005,0.25149999999999995,0.024955286527785944
4501,0.3015,0.0915,0.8135,0.14841089108910893,0.1085,0.16170067945953848,0.7011179828734538,0.11750000000000001,0.746,0.203,0.026487349983782032
4502,0.083,0.118,0.6325,0.06898469387755102,0.0935,0.23781480916213957,0.7125668103448275,0.1535,0.3295,0.3245,0.0225
4503,0.020999999999999998,0.0005,0.6445,0.0335,0.0115,0.12150000000000001,0.9940000000000001,0.029000000000000005,0.32799999999999996,0.0815,0.0025
4504,0.337,0.003,0.6405,0.03596938775510204,0.052000000000000005,0.0765,0.9001179828734539,0.037,0.4741666666666666,0.09490316205533597,0.001
4505,0.8405000000000001,0.06000000000000001,0.6995000000000001,0.007390651012003856,0.1815,0.14856373737015413,0.9855,0.05500000000000001,0.5961496827914354,0.23212406124823914,0.0095
4506,0.118,0.07242172412497518,0.744,0.0175,0.075,0.3195,0.596240465416936,0.05500000000000001,0.4215,0.0805,0.012999999999999998
4507,0.024,0.020999999999999998,0.609,0.0375,0.028999999999999998,0.1045,0.9719999999999999,0.0055,0.21749999999999997,0.185,0.01
4508,0.5345000000000001,0.12800000000000003,0.5614999999999999,0.3269838061107446,0.08149999999999999,0.23879968162050275,0.6046179828734539,0.34249999999999997,0.4583810442844369,0.4033616196208561,0.008
4509,0.002,0.01,0.504,0.1025,0.0115,0.11699999999999999,0.8709999999999999,0.001,0.24500000000000002,0.08767648447771606,0.0034999999999999996
4510,0.024,0.0205,0.5805,0.018,0.0225,0.13627444987775061,0.9426538210237428,0.079,0.3004161716171617,0.1764826191401173,0.0025
4511,0.45499999999999996,0.128,0.6449999999999999,0.019,0.088,0.09842911213989429,0.802307347833333,0.2225,0.396207892998679,0.4094031620553359,0.011500000000000002
4512,0.08299999999999999,0.173,0.5195000000000001,0.06728532670406286,0.158,0.6375670666228844,0.5240922218000506,0.08900000000000001,0.21599999999999997,0.015500000000000003,0.0075
4513,0.074,0.034,0.7025,0.0235,0.0675,0.083,0.7298398339136416,0.0235,0.4765,0.10300000000000001,0.001
4514,0.011,0.006,0.4485,0.029789981814507982,0.015500000000000003,0.12385410094637225,0.8975,0.0075,0.308,0.045838870431893684,0.001
4515,0.041499999999999995,0.039,0.666,0.03200000000000001,0.025500000000000002,0.23596324704033217,0.745,0.007000000000000001,0.3585,0.15940316205533597,0.0
4516,0.052500000000000005,0.013500000000000002,0.7285,0.0795,0.022,0.11400000000000002,0.9625,0.011,0.181,0.0995,0.0055
4517,0.10350000000000001,0.052000000000000005,0.6970000000000001,0.03648469387755102,0.04,0.122,0.9195668824163971,0.046,0.553,0.09554380082405226,0.014500000000000002
4518,0.3605,0.17138461591383647,0.611,0.08388785046728972,0.097,0.3882298944331214,0.5699436333940777,0.195,0.5539162263320123,0.27169376034593423,0.0125
4519,0.15350000000000003,0.025500000000000002,0.7154999999999999,0.013000000000000001,0.031,0.16849999999999998,0.6855,0.053500000000000006,0.39741622691292877,0.1395,0.005
4520,0.0445,0.05,0.6940000000000001,0.025943772354302543,0.033499999999999995,0.11399999999999999,0.9424999999999999,0.035,0.388,0.126,0.0034999999999999996
4521,0.0764139951740779,0.0505,0.873,0.07847029702970296,0.11850000000000001,0.34405656735396617,0.3095,0.057999999999999996,0.7945,0.11489277899343546,0.007000000000000001
4522,0.094,0.08549999999999999,0.6479999999999999,0.08243181818181819,0.0885,0.17731738249250645,0.8247359657469078,0.08600000000000001,0.5308909792910892,0.15428749499229533,0.026500000000000003
4523,0.5605,0.2165,0.7515,0.03791422226334783,0.0905,0.3176974185332564,0.8009999999999999,0.24900000000000003,0.4093,0.4365397497288333,0.012
4524,0.5705,0.13886285341894905,0.6950000000000001,0.08865968959810547,0.1115,0.37718881412952066,0.23927180389719674,0.231,0.50275,0.24963448773384594,0.0095
4525,0.7045,0.015000000000000003,0.477,0.096,0.0335,0.2245,0.8115,0.0705,0.2725,0.15533774834437086,0.0
4526,0.221,0.027000000000000003,0.49799999999999994,0.26399999999999996,0.0475,0.41600000000000004,0.658,0.039,0.3095,0.149,0.0035000000000000005
4527,0.2935,0.179,0.7385,0.0612895671529027,0.14299999999999996,0.13384055716267657,0.8848088989627533,0.142,0.5843328382838284,0.294908757127658,0.008499999999999999
4528,0.37699999999999995,0.2935,0.764,0.04644059405940594,0.153,0.33344813055512845,0.5371392349846718,0.202,0.4215,0.371,0.008499999999999999
4529,0.1045,0.118,0.6735,0.0205,0.121,0.1872076486699567,0.6001909160892994,0.075,0.5974999999999999,0.15150000000000002,0.0215
4530,0.3335,0.1809613368283093,0.7665000000000001,0.039279539454421926,0.08750000000000001,0.4554976445274555,0.3974442856335415,0.10400000000000001,0.651993079713924,0.30276803599464125,0.010499999999999999
4531,0.10200000000000001,0.10319411816418407,0.6565,0.03247029702970297,0.0975,0.2648540441513981,0.8164999999999999,0.025,0.6285000000000001,0.15320948616600788,0.0
4532,0.179,0.21400000000000002,0.683,0.024,0.0905,0.2935127070929884,0.45908946576318777,0.22350000000000003,0.5548333333333334,0.2824515186532376,0.010987345879299157
4533,0.3974753043650401,0.22349999999999998,0.7304999999999999,0.018,0.083,0.3466069734627715,0.6916846803419036,0.1935,0.546,0.3793220261933353,0.006500000000000001
4534,0.148,0.0775,0.719,0.042499999999999996,0.027500000000000004,0.12450000000000001,0.354,0.026000000000000002,0.4925,0.055999999999999994,0.0
4535,0.3015,0.08600000000000001,0.6695,0.018857200701036587,0.08349999999999999,0.26283703219669874,0.6144999999999999,0.12150000000000001,0.33658289299867905,0.2153660970023859,0.006500000000000001
4536,0.2455,0.027999999999999997,0.479,0.036355646910129616,0.11199999999999999,0.072,0.9001179828734538,0.053500000000000006,0.4875828382838284,0.11357113575814493,0.007000000000000001
4537,0.0355,0.006500000000000001,0.5225,0.05500000000000001,0.0185,0.1265,0.9504999999999999,0.0045,0.21233333333333332,0.1360985190826775,0.013500000000000002
4538,0.043000000000000003,0.053000000000000005,0.6615,0.0475,0.025500000000000002,0.159,0.9804999999999999,0.001,0.25799999999999995,0.1355,0.0025
4539,0.573,0.0355,0.5945,0.024,0.0335,0.09662793957717909,0.7954999999999999,0.02,0.29400000000000004,0.3355,0.001
4540,0.46900000000000003,0.14200000000000002,0.6605000000000001,0.05,0.1145,0.15122360557768927,0.6718584482903898,0.353,0.5361995249406175,0.30700000000000005,0.003995710986473111
4541,0.1665,0.020999999999999998,0.49849999999999994,0.043000000000000003,0.056999999999999995,0.084,0.915,0.06699999999999999,0.57875,0.0921295938379331,0.002
4542,0.0245,0.009500000000000001,0.5855,0.013970297029702972,0.013500000000000002,0.17450000000000002,0.8969999999999999,0.039,0.5329162269129288,0.07418809823712819,0.0025
4543,0.3215,0.1395,0.67,0.054000000000000006,0.0405,0.9514792498416285,0.9037359657469075,0.136,0.4760824538258575,0.34385620286654967,0.014500000000000002
4544,0.205,0.094,0.7695000000000001,0.062,0.07949999999999999,0.1385,0.9081179828734538,0.1445,0.5920000000000001,0.21540316205533597,0.0025
4545,0.1295,0.026000000000000002,0.3115,0.07090998181450799,0.08049999999999999,0.27635410094637225,0.7221149670593879,0.0455,0.1395,0.12673164942532913,0.012
4546,0.1055,0.028000000000000004,0.5539999999999999,0.01894059405940594,0.024,0.14918883931379892,0.8908028481633046,0.05500000000000001,0.5406245049504951,0.11314143710941993,0.003
4547,0.40099999999999997,0.122,0.6045,0.09465416139506869,0.0995,0.07935410094637224,0.4554312346477052,0.11750000000000001,0.5724583333333333,0.1298562028665497,0.0185
4548,0.23399999999999999,0.11042151537390663,0.392,0.12245499090725398,0.07550000000000001,0.26698231666685923,0.6016909160892995,0.034999999999999996,0.32674950495049504,0.17235849900778166,0.0005
4549,0.303,0.046,0.47800000000000004,0.058499999999999996,0.0405,0.16799999999999998,0.9301848652898508,0.0955,0.532,0.19903275589326905,0.004
4550,0.3065,0.045,0.631,0.036000000000000004,0.05450000000000001,0.1,0.9745000000000001,0.0415,0.2775,0.4009039603960396,0.0005
4551,0.178,0.143,0.6175,0.0331059207634688,0.11950000000000001,0.4272057244947883,0.35880284816330466,0.0795,0.4464162269129287,0.29590316205533596,0.02199143739207695
4552,0.6415000000000001,0.020499999999999997,0.403,0.020390651012003855,0.1355,0.10572360557768926,0.7185,0.10599999999999998,0.4885,0.19040316205533597,0.0035000000000000005
4553,0.798,0.041,0.5389999999999999,0.061,0.0235,0.20716693239523312,0.8776179828734538,0.0915,0.3585,0.1546945586866379,0.003
4554,0.034499999999999996,0.028000000000000004,0.5325,0.03047029702970297,0.004999999999999999,0.19185410094637223,0.7030668824163969,0.0055,0.33056634945810204,0.2968079207920792,0.002
4555,0.33049999999999996,0.16399999999999998,0.7205,0.044,0.139,0.11427383863080684,0.8470668824163969,0.16,0.5891662269129287,0.2835,0.007450333221079812
4556,0.10400000000000001,0.017499999999999998,0.49799999999999994,0.1049414246467818,0.006500000000000001,0.0955,0.8935000000000001,0.034999999999999996,0.3916666666666667,0.17737700914713989,0.0015
4557,0.37849999999999995,0.050461942257217854,0.3765,0.047890651012003856,0.0655,0.22549810351211952,0.41150000000000003,0.272,0.701,0.11399999999999999,0.001
4558,0.1555,0.054000000000000006,0.5715000000000001,0.0745,0.1035,0.10800000000000001,0.8416847531388305,0.0415,0.686,0.10450000000000001,0.0015
4559,0.3055,0.2,0.7425,0.06175696651242253,0.072,0.35406567022716123,0.723,0.158,0.4514578382838284,0.401393756845564,0.0115
4560,0.33849999999999997,0.1065,0.646,0.0485,0.095,0.16357738871218053,0.781614648229764,0.13799999999999998,0.41724950495049506,0.339403162055336,0.013000000000000001
4561,0.153,0.041,0.606,0.0105,0.22400000000000003,0.1485,0.629240465416936,0.08499999999999999,0.5418333333333334,0.284,0.005495710986473111
4562,0.2385,0.039,0.617,0.030000000000000006,0.0485,0.1176279395771791,0.826,0.0075,0.3425,0.1855,0.0075
4563,0.0635,0.14,0.8535,0.027000000000000003,0.069,0.22087868223743373,0.506,0.2595,0.5460833333333333,0.16440316205533595,0.003
4564,0.034499999999999996,0.0165,0.594,0.0425,0.014499999999999999,0.1905,0.9289999999999999,0.015000000000000003,0.44099999999999995,0.05333774834437086,0.0
4565,0.10750000000000001,0.09847396768402154,0.9199999999999999,0.12889915966386556,0.0975,0.19468913226621737,0.941066882416397,0.09,0.6040000000000001,0.05233887043189369,0.0015
4566,0.469,0.13599999999999998,0.6825,0.012,0.2085,0.13881736495364344,0.6261179828734538,0.255,0.5399999999999999,0.2528071224513756,0.0155
4567,0.296,0.07649999999999998,0.6954999999999999,0.02639558496665993,0.0805,0.20496916418252775,0.9325000000000001,0.11400000000000002,0.5599658195757464,0.18013008901960034,0.006
4568,0.3445,0.29900000000000004,0.8034999999999999,0.03,0.2355,0.28601607063292067,0.6249102733294156,0.13599999999999998,0.47225,0.2694468784227821,0.016
4569,0.0055000000000000005,0.0035000000000000005,0.605,0.039,0.0165,0.18,0.8285,0.015,0.2525,0.030999999999999993,0.004481724911830715
4570,0.0245,0.027500000000000004,0.5814999999999999,0.008,0.056499999999999995,0.19349999999999998,0.9019999999999999,0.0655,0.38375,0.05500000000000001,0.001
4571,0.461,0.139,0.608,0.03742035398230088,0.0835,0.1325,0.8763645502458605,0.20749999999999996,0.6174999999999999,0.207,0.016499999999999997
4572,0.0055,0.007000000000000001,0.538,0.0395,0.0025,0.156,0.917,0.007000000000000001,0.38,0.0485,0.0
4573,0.1295,0.14397354260089684,0.7375,0.03744392523364486,0.10800000000000001,0.24766651522197466,0.5840760527666461,0.0835,0.5797912269129288,0.12539838274383971,0.013984208449390495
4574,0.009000000000000001,0.011,0.585,0.036,0.031,0.169,0.9935,0.014000000000000002,0.3743491884947988,0.08957945708478132,0.006
4575,0.062,0.043,0.635,0.06597029702970296,0.031000000000000007,0.10982667156230949,0.9231179828734538,0.031,0.5405416666666667,0.13064143710941994,0.0115
4576,0.181,0.083,0.5239999999999999,0.0505,0.063,0.09414400256574726,0.8984268818362071,0.15,0.6731662269129288,0.22200000000000003,0.0029876663420967215
4577,0.754,0.0955,0.5254999999999999,0.06534450704440325,0.1335,0.11950000000000001,0.8905,0.2105,0.29636666666666667,0.4025758567112394,0.0085
4578,0.0055,0.0125,0.5275,0.08349999999999999,0.0205,0.136,0.9765358381502891,0.002,0.21483333333333335,0.1313865795361569,0.014000000000000002
4579,0.016999999999999998,0.041499999999999995,0.6315000000000002,0.008,0.004,0.1665,0.7166179828734538,0.015,0.5779166666666666,0.077,0.0005
4580,0.003,0.002,0.5569999999999999,0.04148469387755102,0.009000000000000001,0.13899999999999998,0.9289999999999999,0.0005,0.3091666666666667,0.0635,0.0025
4581,0.4405,0.0735,0.5209999999999999,0.068,0.08149999999999999,0.1997254054824232,0.8786179828734539,0.2475,0.43187499999999995,0.4067593649218857,0.0005
4582,0.45150000000000007,0.11000000000000001,0.8795,0.009425287936956961,0.09949999999999999,0.20331652321846333,0.9791179828734539,0.05249999999999999,0.6432982869396936,0.15762986915952557,0.0335
4583,0.6910000000000001,0.11800000000000002,0.6489999999999999,0.019,0.085,0.2695844711489358,0.5884590911286535,0.42750000000000005,0.3472995245641838,0.3489463894967177,0.029000000000000005
4584,0.33049999999999996,0.04292155179956385,0.692,0.0495,0.064,0.1383541009463722,0.8200668824163969,0.019499999999999997,0.5946662269129288,0.083,0.005
4585,0.2299139951740779,0.14550000000000002,0.788,0.08536921317060182,0.12250000000000001,0.479317117498468,0.4363609817893342,0.16349999999999998,0.264457892998679,0.535903162055336,0.011
4586,0.131,0.08449999999999999,0.7805,0.04490391298499731,0.0595,0.30016213247264767,0.6017703483758253,0.33199999999999996,0.6214999999999999,0.09790098064512368,0.026000000000000002
4587,0.347,0.12633579059093739,0.5825,0.0691740864459535,0.0805,0.19871883866205042,0.815308752104223,0.18,0.5145823985300904,0.38154339738973414,0.028500000000000004
4588,0.0195,0.014480218281036836,0.6075,0.029000000000000005,0.009999999999999998,0.22894872251527879,0.9184999999999999,0.0025,0.36866666666666664,0.074,0.0
4589,0.227,0.028000000000000004,0.7555000000000001,0.020499999999999997,0.022,0.1515,0.8995,0.05700000000000001,0.43,0.1468495515520537,0.0055000000000000005
4590,0.169,0.0165,0.5315,0.0375,0.039,0.10662855082412286,0.9085000000000001,0.1125,0.41500000000000004,0.12533887043189368,0.0085
4591,0.3325,0.0979613368283093,0.7285,0.05442861911119588,0.0845,0.3741664281309417,0.8212108832800851,0.0625,0.654499560246262,0.17215215527170097,0.01648766634209672
4592,0.0045,0.003,0.5475,0.0395,0.0185,0.11850000000000001,0.9780000000000001,0.004,0.22733333333333333,0.1158079207920792,0.0125
4593,0.49350000000000005,0.08800000000000001,0.8125,0.03139915966386554,0.10699999999999998,0.3734526099610105,0.955394305993231,0.0845,0.7551995249406176,0.0905,0.0155
4594,0.184,0.006,0.775,0.025879999999999997,0.017499999999999998,0.14250000000000002,0.9155000000000001,0.0165,0.2531662269129288,0.0669039603960396,0.0045000000000000005
4595,0.442,0.0595,0.599,0.0198845192930508,0.0365,0.09106959843204962,0.858,0.17149999999999999,0.4405,0.39543159379407616,0.006
4596,0.313,0.17450000000000002,0.73,0.04398469387755102,0.1275,0.7400488997555013,0.5761211590518753,0.0835,0.4574999999999999,0.24050000000000002,0.01199359185014788
4597,0.029500000000000005,0.04194155510934614,0.6220000000000001,0.0887895671529027,0.0095,0.14527383863080684,0.9525,0.013500000000000002,0.46574962834489586,0.11665716292949357,0.002
4598,0.252,0.0485,0.57,0.048970297029702965,0.034,0.13499999999999998,0.9225000000000001,0.121,0.4033996827914354,0.3003377483443709,0.001
4599,0.34199999999999997,0.081,0.5855,0.07350000000000001,0.0735,0.12577411477411476,0.8585,0.06999999999999999,0.4025,0.28744687842278205,0.079
4600,0.20700000000000002,0.17342327908552718,0.781,0.07549999999999998,0.10500000000000001,0.38862916798230207,0.4178725065555338,0.11399999999999999,0.48158283828382836,0.20390316205533598,0.14550000000000002
4601,0.326,0.052000000000000005,0.6345000000000001,0.014500000000000002,0.10400000000000001,0.15557958763781793,0.9631179828734538,0.05450000000000001,0.507332892998679,0.15231096227471627,0.388
4602,0.1145,0.10146194225721786,0.8150000000000001,0.05727850147929357,0.14350000000000002,0.2509279844874994,0.7711890331534018,0.1015,0.7337907318634238,0.12289513457785302,0.0025
4603,0.2855,0.147,0.6369999999999999,0.08294059405940594,0.065,0.134,0.825480930833872,0.1445,0.625875,0.272,0.013000000000000001
4604,0.08049999999999999,0.03900000000000001,0.716,0.04042702779893374,0.008,0.10039225393127549,0.9225959699134648,0.0475,0.5754990099009901,0.1644960190292074,0.0015
4605,0.10800000000000001,0.05750000000000001,0.5925,0.032,0.08349999999999999,0.1125,0.9505358381502891,0.054000000000000006,0.595,0.13140316205533598,0.0005
4606,0.499,0.16149999999999998,0.6795,0.08249999999999999,0.15250000000000002,0.23766651522197463,0.9223088989627533,0.0935,0.41374950495049506,0.2863668953430895,0.0075000000000000015
4607,0.31799999999999995,0.1484613368283093,0.7445,0.16013952563480646,0.073,0.1085,0.743566882416397,0.10700000000000001,0.5914568481848185,0.21659711326625652,0.008
4608,0.0055,0.027000000000000003,0.5155000000000001,0.0305,0.0325,0.1715,0.8393184730729588,0.017499999999999998,0.3242495049504951,0.10364487079574643,0.001
4609,0.053500000000000006,0.10450000000000001,0.9289999999999999,0.05800000000000001,0.1025,0.1631714522696001,0.7222404654169361,0.177,0.713875,0.1846880982371282,0.0055
4610,0.013999999999999999,0.006,0.6035,0.03944392523364486,0.0095,0.187,0.9065000000000001,0.0034999999999999996,0.32489999999999997,0.05379290415320977,0.0
4611,0.29800000000000004,0.08549999999999999,0.6779999999999999,0.05481593894896082,0.0755,0.07896266696266696,0.9109999999999999,0.1325,0.5981666666666666,0.22844638949671775,0.011000000000000001
4612,0.10450000000000001,0.07097396768402156,0.9209999999999999,0.1688558904330963,0.129,0.18296324704033212,0.9561909160892995,0.07350000000000001,0.56575,0.04917661877626455,0.001
4613,0.21000000000000002,0.063,0.696,0.03200000000000001,0.06849999999999999,0.10477411477411477,0.7846909160892995,0.05550000000000001,0.6152903603626261,0.13985083881882163,0.004
4614,0.541,0.0395,0.45949999999999996,0.033638823949868356,0.1255,0.13527383863080683,0.5440466691757622,0.3255,0.4668741340306138,0.33614663912247117,0.0029701586483838445
4615,0.1075,0.0935,0.41200000000000003,0.05744392523364487,0.043,0.10827411477411478,0.8564999999999999,0.0405,0.3525,0.3574039603960396,0.0069937561616825504
4616,0.128,0.034999999999999996,0.6255,0.06298469387755103,0.026500000000000003,0.10189248251748251,0.9285,0.034499999999999996,0.47650000000000003,0.09790396039603962,0.002
4617,0.0095,0.053500000000000006,0.6,0.0395,0.0185,0.173,0.8497207034401398,0.020999999999999998,0.33229036020831976,0.06633774834437087,0.002
4618,0.021500000000000002,0.010499999999999999,0.557,0.0055000000000000005,0.0405,0.12218913226621735,0.7815000000000001,0.02,0.324,0.05700000000000001,0.0
4619,0.6645,0.22390091116173122,0.67,0.017499999999999998,0.097,0.44633830041354877,0.742184865289851,0.48599999999999993,0.3355,0.49644687842278207,0.0235
4620,0.6415,0.021,0.4325,0.0195,0.0355,0.134,0.626066882416397,0.22400000000000003,0.37775000000000003,0.28550000000000003,0.001
4621,0.013500000000000002,0.004999999999999999,0.5289999999999999,0.066,0.009999999999999998,0.14168913226621735,0.9145000000000001,0.0005,0.2763333333333333,0.0599039603960396,0.0055
4622,0.068,0.0045,0.5555,0.05148469387755102,0.011,0.1435,0.9225000000000001,0.08249999999999999,0.5343656765676568,0.12,0.0044906146272910155
4623,0.302,0.033,0.5215,0.012,0.10800000000000001,0.06277411477411478,0.7653816853200686,0.13899999999999998,0.36033333333333334,0.25390396039603963,0.0005
4624,0.041499999999999995,0.0475,0.374,0.10074616084057383,0.15650000000000003,0.4656393888950595,0.43170461374013575,0.03949999999999999,0.4245,0.052500000000000005,0.004999999999999999
4625,0.21949999999999997,0.0055,0.4995,0.0805,0.025,0.08841811733986205,0.8394426637955472,0.0155,0.41550000000000004,0.21200000000000002,0.0005
4626,0.302,0.16798021828103682,0.72,0.05737747395855829,0.13099999999999998,0.6525192512623474,0.7424999999999999,0.176,0.5315000000000001,0.2433396574162175,0.024
4627,0.0475,0.008,0.49049999999999994,0.04947029702970297,0.011500000000000002,0.16149999999999998,0.9085000000000001,0.017,0.3783996827914353,0.18894638949671774,0.0
4628,0.05450000000000001,0.053000000000000005,0.5405,0.026000000000000002,0.040999999999999995,0.1645,0.8365,0.054000000000000006,0.4775813531353136,0.1365,0.008
4629,0.0505,0.0325,0.48999999999999994,0.03539558496665993,0.011000000000000001,0.149,0.9637033529250891,0.028999999999999998,0.4758328935795955,0.13867661877626455,0.001
4630,0.314,0.05550000000000001,0.6024999999999999,0.027000000000000003,0.03,0.11599999999999999,0.607,0.072,0.31175,0.39299999999999996,0.001
4631,0.3525,0.25199999999999995,0.712,0.095,0.072,0.3369650459896569,0.7948819998938343,0.166,0.5464995049504949,0.30785004047811804,0.003
4632,0.5385000000000001,0.0465,0.567,0.054000000000000006,0.082,0.13862793957717906,0.8265478132502692,0.1505,0.35250000000000004,0.19540396039603958,0.0035000000000000005
4633,0.5385,0.0745,0.579,0.052500000000000005,0.051000000000000004,0.12450000000000001,0.9484999999999999,0.3125,0.34500000000000003,0.3595,0.008
4634,0.4845,0.187,0.7490000000000001,0.039,0.062,0.45437938168071934,0.7186229128561562,0.1115,0.4955828935795953,0.34207522872678936,0.024477636121226172
4635,0.17150000000000004,0.019000000000000003,0.47300000000000003,0.037,0.08049999999999999,0.121,0.9390000000000001,0.008,0.28025,0.12185034989275734,0.017
4636,0.3325,0.1784418331910965,0.6005,0.07078800242938858,0.13299999999999998,0.13977383863080686,0.927240465416936,0.085,0.5234995049504951,0.24224522907668966,0.0095
4637,0.433,0.195,0.6295,0.043500000000000004,0.16149999999999998,0.26698406876266956,0.8018495173390668,0.182,0.4050000000000001,0.494903162055336,0.06000000000000001
4638,0.499,0.0445,0.6755,0.036433615955294346,0.05349999999999999,0.24189569483252008,0.9410000000000001,0.1315,0.38033184818481847,0.1732110828474152,0.006
4639,0.3449999999999999,0.194,0.7184999999999999,0.09019932336715702,0.0905,0.5632896844002031,0.5834791218284965,0.099,0.4521235695663358,0.2867972283155394,0.0175
4640,0.168,0.1655,0.7394999999999999,0.07150000000000001,0.0735,0.2800437770168519,0.6741074251661108,0.147,0.5745828382838284,0.23035083881882165,0.01849375616168255
4641,0.32100000000000006,0.135,0.6085,0.05694392523364485,0.09450000000000001,0.19719229107430475,0.691989151453777,0.173,0.5315,0.22709692240127027,0.013000000000000001
4642,0.27949999999999997,0.21747354260089685,0.7655000000000001,0.074954990907254,0.1135,0.39026759930806226,0.2754930612855557,0.189,0.5058323432343234,0.30353286393258727,0.015460207695083494
4643,0.05650000000000001,0.0615,0.449,0.029500000000000005,0.014500000000000002,0.13109682680094753,0.8480000000000001,0.038500000000000006,0.2245,0.3245,0.0034999999999999996
4644,0.288,0.18,0.7395000000000002,0.06142861911119588,0.1105,0.16335410094637223,0.5280658232809733,0.0915,0.402,0.2895,0.027999999999999997
4645,0.22149999999999997,0.064,0.4365,0.043000000000000003,0.0365,0.11182234432234432,0.8597577985056963,0.071,0.29800000000000004,0.3764463894967177,0.0035000000000000005
4646,0.39299999999999996,0.29750000000000004,0.6910000000000001,0.06848969072164948,0.076,0.4478672180278852,0.7181743075825079,0.16050000000000003,0.44219952494061754,0.35902807500397865,0.020499999999999997
4647,0.011000000000000001,0.016499999999999997,0.5395000000000001,0.0295,0.032999999999999995,0.1865,0.7895,0.006500000000000001,0.4205,0.056999999999999995,0.0015
4648,0.4375,0.0355,0.6194999999999999,0.05500000000000001,0.019,0.12999999999999998,0.9215,0.0115,0.3231666666666667,0.1024039603960396,0.0805
4649,0.020999999999999998,0.008,0.5904999999999999,0.011000000000000001,0.0035000000000000005,0.11299999999999999,0.9279999999999999,0.027500000000000004,0.48450000000000004,0.063,0.0
4650,0.4525,0.13599999999999998,0.5995,0.04943282203868055,0.057499999999999996,0.3229769915956076,0.7194718193427949,0.137,0.3687495049504951,0.46317490219169394,0.0205
4651,0.0315,0.05449999999999999,0.672,0.0172842660213255,0.0685,0.0965,0.876,0.024,0.5479999999999999,0.09044638949671771,0.008499999999999999
4652,0.6415,0.057499999999999996,0.3965,0.06429621137514167,0.071,0.1312744498777506,0.537566882416397,0.37099999999999994,0.3408075210752638,0.339754310288797,0.001
4653,0.0165,0.048,0.665,0.028390651012003852,0.015,0.09185410094637224,0.924,0.0035000000000000005,0.40149999999999997,0.13328525992861143,0.01
4654,0.20049999999999998,0.19699999999999998,0.723,0.06776395175210322,0.097,0.10350000000000001,0.9545,0.06549999999999999,0.335282397949174,0.16094638949671772,0.02549685846560847
4655,0.15599999999999997,0.0325,0.702,0.020414978658606447,0.0385,0.07791811733986206,0.8714999999999999,0.062,0.5350333333333334,0.19187618482116015,0.0015
4656,0.45649999999999996,0.058499999999999996,0.5349999999999999,0.03197029702970297,0.058499999999999996,0.1004606492554394,0.9305,0.0725,0.42066666666666663,0.1360445991647559,0.016499999999999997
4657,0.47400000000000003,0.119,0.7129999999999999,0.03691331298874691,0.118,0.37735206841762425,0.6451336927612246,0.20249999999999999,0.5297485701472523,0.334700748773193,0.0405
4658,0.20049999999999998,0.14650000000000002,0.6559999999999999,0.09583457624564873,0.043000000000000003,0.02027444987775061,0.9092297299995119,0.1525,0.6557495049504951,0.178850040478118,0.0005
4659,0.184,0.023,0.6090000000000001,0.04085808026661178,0.081,0.31083595853641616,0.08,0.084,0.7721991199116077,0.06078114534612986,0.002
4660,0.21849999999999997,0.15899999999999997,0.384,0.05246938775510205,0.0875,0.456462666962667,0.40577455535507934,0.22400000000000003,0.17400000000000002,0.124,0.0385
4661,0.2745,0.14,0.8625,0.07697029702970297,0.162,0.4750466201073052,0.41695519518059737,0.1,0.7565,0.0685,0.018987345879299157
4662,0.25691399517407787,0.11099999999999999,0.6930000000000002,0.06831029243705158,0.06949999999999999,0.37691460428999335,0.7541847531388305,0.1365,0.5854471597037104,0.25838489553149724,0.0385
4663,0.23500000000000001,0.16549999999999998,0.7495,0.059858147496992684,0.1035,0.1734240365011555,0.6797527542836208,0.24749999999999997,0.5141662269129288,0.33049999999999996,0.0645
4664,0.5425,0.031,0.619,0.06247029702970297,0.17200000000000001,0.0905,0.937,0.076,0.3887495049504951,0.05900000000000001,0.006
4665,0.0395,0.0375,0.618,0.051000000000000004,0.045,0.10700000000000001,0.817,0.015000000000000003,0.4486662269129288,0.192,0.003
4666,0.33699999999999997,0.24097396768402154,0.709,0.05428419182920826,0.09799999999999999,0.9625,0.5286630140309138,0.18,0.519832892998679,0.25063186697124834,0.04
4667,0.026500000000000003,0.0485,0.446,0.0245,0.018,0.149,0.93058070285995,0.028999999999999998,0.421249504950495,0.0604470246523489,0.003
4668,0.0034999999999999996,0.002,0.5545000000000001,0.047999999999999994,0.0055,0.172,0.876240465416936,0.028999999999999998,0.41634918849479885,0.06107945708478132,0.0
4669,0.22200000000000003,0.07546194225721783,0.614,0.051500000000000004,0.095,0.1746126425426542,0.7521179828734539,0.11299999999999999,0.498625,0.3223932679194998,0.004487666342096722
4670,0.364,0.0355,0.618,0.03372504954577091,0.127,0.10700000000000001,0.9205,0.17250000000000001,0.505,0.11600000000000002,0.009474862307147131
4671,0.0115,0.013000000000000001,0.559,0.0786437359833185,0.020499999999999997,0.0865,0.8779999999999999,0.0115,0.2565,0.051500000000000004,0.0005
4672,0.367,0.1475,0.6990000000000001,0.058294744630525475,0.1295,0.19331700736656002,0.7579208310367586,0.14100000000000001,0.6185,0.15994638949671774,0.03
4673,0.035500000000000004,0.04,0.553,0.09484308489751041,0.0195,0.167,0.9546179828734539,0.023500000000000004,0.4600412269129288,0.10304962953248968,0.0005
4674,0.1145,0.191903497366564,0.752,0.027943925233644862,0.0915,0.16478000420064123,0.41815679678366624,0.10200000000000001,0.3993333333333334,0.29050000000000004,0.0055
4675,0.036000000000000004,0.051000000000000004,0.5215,0.02390508591675494,0.019,0.1635,0.8974999999999997,0.005,0.4392495049504951,0.05520027317717219,0.0005
4676,0.178,0.029000000000000005,0.6095,0.0095,0.0385,0.06914400256574728,0.9406179828734539,0.0905,0.5425,0.2566995920301717,0.0075
4677,0.5050000000000001,0.057499999999999996,0.5585,0.02397029702970297,0.11749999999999998,0.1281279395771791,0.9610000000000001,0.06100000000000001,0.418,0.0835,0.006
4678,0.0315,0.0305,0.593,0.04047029702970297,0.0155,0.13449999999999998,0.9395,0.025,0.4793333333333333,0.16033475584941215,0.0015
4679,0.2695,0.1405,0.6535,0.13399222797927463,0.0875,0.19336569911727247,0.9100291060080814,0.1595,0.531082397949174,0.28983555419011575,0.01
4680,0.5630000000000001,0.07,0.5780000000000001,0.015,0.0895,0.2205175197338018,0.7796179828734539,0.2425,0.31399999999999995,0.25949999999999995,0.014500000000000002
4681,0.38441399517407787,0.05796194225721785,0.255,0.07200000000000001,0.08,0.1605,0.4083697305797016,0.17150000000000004,0.7939999999999999,0.15150000000000002,0.005
4682,0.133,0.06000000000000001,0.74,0.04997029702970297,0.17450000000000002,0.08827444987775061,0.9775,0.0095,0.3943333333333333,0.128,0.007998424282633938
4683,0.015500000000000003,0.019,0.5894999999999999,0.09691422226334782,0.059,0.1065,0.922,0.0015,0.3155,0.11400000000000002,0.0035000000000000005
4684,0.03899999999999999,0.042,0.593,0.0165,0.03,0.17708161478369985,0.466,0.0395,0.433,0.07449999999999998,0.0
4685,0.1295,0.077,0.8115,0.01798469387755102,0.064,0.15299999999999997,0.8638757746184094,0.041499999999999995,0.721,0.05940316205533597,0.0034999999999999996
4686,0.48150000000000004,0.13482970764468633,0.591,0.07331480407410622,0.08,0.31291415915373844,0.6408589451215313,0.341,0.4129990099009901,0.27918729989642455,0.0095
4687,0.022000000000000002,0.007000000000000001,0.6664999999999999,0.025470297029702972,0.003,0.1655,0.8655000000000002,0.001,0.33849999999999997,0.062,0.0
4688,0.21600000000000003,0.0805,0.7785,0.028500000000000004,0.0725,0.12133255475429945,0.652566882416397,0.071,0.6194999999999999,0.1895,0.004
4689,0.05,0.16949999999999998,0.6355,0.013500000000000002,0.0155,0.19290929456057032,0.6395000000000001,0.0435,0.44975000000000004,0.21664599288326922,0.0034999999999999996
4690,0.0365,0.10135194194930153,0.734,0.00897029702970297,0.010499999999999999,0.11844048347950505,0.9205,0.021,0.325,0.1818773754122107,0.0
4691,0.2294139951740779,0.125,0.8099999999999999,0.08997029702970297,0.1325,0.19418913226621734,0.5456179828734539,0.18550000000000003,0.6380833333333333,0.16299999999999998,0.012
4692,0.29900000000000004,0.014000000000000002,0.741,0.019999999999999997,0.081,0.07187794639573794,0.8846179828734538,0.0985,0.5648746290801187,0.16199999999999998,0.001
4693,0.08449999999999999,0.0725,0.6290000000000001,0.0115,0.0385,0.3075073272596743,0.9259999999999999,0.0625,0.33199999999999996,0.209,0.006
4694,0.38950000000000007,0.06747354260089686,0.613,0.059395584966659934,0.10400000000000001,0.24191360143794194,0.7603028481633046,0.139,0.5136661716171617,0.168,0.027500000000000004
4695,0.02,0.0045000000000000005,0.6224999999999999,0.0765,0.0045000000000000005,0.1561440025657473,0.9475,0.003,0.5555,0.030240910399706833,0.0005
4696,0.005,0.027000000000000003,0.5545,0.029000000000000005,0.006,0.134,0.9141538210237428,0.025500000000000002,0.25649950495049506,0.10417549668874174,0.0005
4697,0.016,0.028999999999999998,0.4704999999999999,0.033,0.033,0.14177444987775062,0.808,0.039,0.3,0.3127693421384471,0.0
4698,0.2995,0.09949999999999999,0.667,0.02067064044927531,0.10700000000000001,0.16985410094637227,0.6592701632699166,0.042499999999999996,0.29725,0.3143388704318937,0.030469074895612746
4699,0.041999999999999996,0.081,0.5029999999999999,0.03742039203920392,0.0495,0.144,0.9485668824163971,0.022,0.4552495049504951,0.07020027317717219,0.001
4700,0.4130000000000001,0.5269999999999999,0.6134999999999999,0.0475,0.10400000000000001,0.4810995417561754,0.7561506294250039,0.379,0.3181157512726299,0.5278167686189166,0.015999999999999997
4701,0.082,0.013000000000000001,0.5675,0.017499999999999998,0.035500000000000004,0.17666618011833882,0.875,0.092,0.25600000000000006,0.11386972526461288,0.0125
4702,0.316,0.07598663594470047,0.5730000000000001,0.05500000000000001,0.1555,0.20809118661751125,0.143,0.10699999999999998,0.45933333333333337,0.1544039603960396,0.008495820041799582
4703,0.8320000000000001,0.05399999999999999,0.7735000000000001,0.02098469387755102,0.077,0.4062797388060634,0.11961798287345386,0.5735,0.177,0.181903162055336,0.003
4704,0.073,0.4385,0.7505,0.036,0.10049999999999999,0.35246011117116305,0.5735464280163879,0.193,0.599,0.121,0.013987349983782033
4705,0.4425,0.10699999999999998,0.6485000000000001,0.0765,0.0465,0.16685410094637224,0.6255000000000001,0.09,0.37887462834489594,0.188,0.003
4706,0.42300000000000004,0.22400000000000003,0.6845,0.018,0.10499999999999998,0.17527383863080687,0.841066882416397,0.27799999999999997,0.35900000000000004,0.40049999999999997,0.0055
4707,0.1345,0.0495,0.6375,0.07292035398230087,0.0235,0.16299999999999998,0.8357359657469077,0.05,0.346,0.244,0.007490448979591838
4708,0.29500000000000004,0.20400000000000001,0.7345,0.05500000000000001,0.07300000000000001,0.3122779561974737,0.7657359657469076,0.1055,0.5233323432343234,0.31089375684556403,0.0315
4709,0.3625,0.2925,0.7225,0.095,0.087,0.33851435925334117,0.8284880481577807,0.1765,0.5619995049504951,0.2556666838494762,0.0225
4710,0.231,0.067,0.5145,0.0405,0.047,0.13622476637812664,0.8640000000000001,0.11400000000000002,0.238,0.3975,0.001
4711,0.1325,0.0295,0.5505000000000001,0.0365,0.018000000000000002,0.10459682680094755,0.8875,0.0245,0.2955,0.27949999999999997,0.006
4712,0.16599999999999998,0.01,0.6305000000000001,0.10099999999999998,0.0375,0.16149999999999998,0.922,0.0015,0.4205,0.1425,0.002
4713,0.0015,0.013000000000000001,0.5475000000000001,0.027500000000000004,0.022,0.14,0.9460000000000001,0.0005,0.22749999999999998,0.0695,0.0015
4714,0.39649999999999996,0.171,0.8035,0.044,0.1265,0.8661888141295206,0.5909078739312932,0.083,0.4885833333333334,0.20533774834437088,0.021493591850147882
4715,0.063,0.011500000000000002,0.791,0.03847029702970297,0.057999999999999996,0.12154856465186537,0.8095000000000001,0.041,0.2635,0.1059039603960396,0.008
4716,0.6689139951740779,0.31492388451443565,0.79,0.02220045824201162,0.093,0.31579606523220033,0.051000000000000004,0.7145,0.35208283828382836,0.07736521702302782,0.001
4717,0.042,0.07336102037664671,0.7294999999999999,0.0095,0.05500000000000001,0.21999999999999997,0.7214224505549124,0.0425,0.546249504950495,0.05500000000000001,0.0015
4718,0.0455,0.0995,0.755,0.0075000000000000015,0.0785,0.19946265276032746,0.6274458837288772,0.293,0.45012413403061374,0.076,0.004
4719,0.3695,0.1045,0.5145000000000001,0.12017317717135259,0.1015,0.24664550340868216,0.8755,0.11000000000000001,0.3956980397921027,0.29048612786917116,0.022000000000000002
4720,0.0015,0.0015,0.5875,0.038500000000000006,0.0165,0.18089225393127548,0.8980668824163971,0.0,0.385,0.076,0.0
4721,0.142,0.041836216871013285,0.4995,0.21597029702970297,0.149,0.35018881412952063,0.8793088989627533,0.0675,0.4407490099009902,0.11516530307511193,0.004
4722,0.0115,0.0005,0.6100000000000001,0.0315,0.004,0.144,0.9925,0.0165,0.309,0.0725,0.0025
4723,0.28800000000000003,0.067,0.674,0.05647029702970298,0.0775,0.17881895176289037,0.9380000000000001,0.0875,0.5271496827914354,0.1777841378410886,0.017499999999999998
4724,0.2165,0.05,0.642,0.06486910788331787,0.079,0.14335438042620363,0.6959926434358579,0.151,0.6170573985300905,0.12426979949695519,0.003
4725,0.32399999999999995,0.08049999999999999,0.788,0.0245,0.10049999999999999,0.17485387045813588,0.7262675296655879,0.607,0.7458750000000001,0.128,0.004490450315756346
4726,0.6335,0.0355,0.6365000000000001,0.06771888944707422,0.0855,0.31989206534422404,0.5730432014292203,0.064,0.38619952494061754,0.1440449085793952,0.012
4727,0.008,0.05450000000000001,0.5574999999999999,0.0485,0.020499999999999997,0.15350000000000003,0.9484999999999999,0.0025,0.55,0.06999999999999999,0.0
4728,0.2495,0.07649999999999998,0.6335,0.06893968478480501,0.07050000000000001,0.11613028595299406,0.901240465416936,0.14700000000000002,0.6089574532449411,0.16700712129088202,0.007000000000000001
4729,0.20750000000000002,0.12150000000000001,0.769,0.05623933561580459,0.087,0.2666087337602098,0.7878432055361742,0.154,0.5023232725523764,0.29382654923323537,0.015
4730,0.39799999999999996,0.028999999999999998,0.767,0.040970297029702965,0.0665,0.09127444987775062,0.9724999999999999,0.17250000000000001,0.7055,0.12050000000000001,0.014493593955321946
4731,0.2435,0.1348525473782101,0.5505000000000001,0.19594392523364487,0.0775,0.12375401293847596,0.958,0.043,0.4966161916072842,0.14493786708425566,0.01
4732,0.1595,0.0155,0.41150000000000003,0.008,0.030000000000000006,0.1066919559706689,0.8021179828734539,0.1135,0.39149999999999996,0.369,0.0034999999999999996
4733,0.20950000000000002,0.18439121054990076,0.8130000000000001,0.04748969072164948,0.0805,0.32151161934638983,0.5549814777057598,0.12349999999999998,0.5939157318634238,0.21677046422596985,0.0125
4734,0.08800000000000001,0.06899999999999999,0.828,0.006,0.0825,0.21908080611982764,0.3343539486203616,0.063,0.572,0.062,0.0
4735,0.2285,0.07847354260089687,0.6845000000000001,0.13810574962483022,0.096,0.22400000000000003,0.9192359657469076,0.10700000000000001,0.43466424671490894,0.12341832751667503,0.001
4736,0.1265,0.053000000000000005,0.5210000000000001,0.015000000000000003,0.1125,0.1877046565497184,0.07250000000000001,0.11000000000000001,0.61025,0.15729594104877143,0.005975178665461821
4737,0.0375,0.011000000000000001,0.575,0.0335,0.0055,0.16218913226621737,0.8935000000000001,0.017499999999999998,0.5109147417644139,0.11768778882248887,0.0
4738,0.3465,0.1615,0.7625,0.031920353982300885,0.06899999999999999,0.16399999999999998,0.9754999999999999,0.018,0.27,0.30999999999999994,0.006484441602556454
4739,0.13949999999999999,0.024499999999999997,0.4305,0.2238658819963629,0.041,0.21520820189274445,0.865,0.0175,0.2229161716171617,0.3210951869286626,0.0
4740,0.11600000000000002,0.07594500632111252,0.43499999999999994,0.01599222797927461,0.0825,0.33489687318248906,0.08049999999999999,0.08700000000000001,0.217,0.08549999999999999,0.008499999999999999
4741,0.3415,0.21600000000000003,0.6825000000000001,0.054798588677056316,0.156,0.933,0.5472387385032842,0.15699999999999997,0.5299157312825074,0.2493735757116588,0.033999999999999996
4742,0.006500000000000001,0.0025,0.5700000000000001,0.0505,0.013500000000000002,0.1385,0.9294313815062354,0.009999999999999998,0.40800000000000003,0.08600000000000001,0.0045
4743,0.382,0.29250000000000004,0.6725,0.071,0.179,0.2672454906788309,0.7551156178906413,0.20099999999999998,0.385,0.425403162055336,0.0175
4744,0.0325,0.506,0.951,0.014470297029702973,0.09949999999999999,0.16554351269242099,0.8336178707224334,0.026999999999999996,0.9315,0.025,0.001
4745,0.08199999999999999,0.14500000000000002,0.686,0.053000000000000005,0.0665,0.15487768445476954,0.573740465416936,0.027500000000000004,0.7855000000000001,0.10500000000000001,0.003
4746,0.24900000000000003,0.058499999999999996,0.8065,0.1409203539823009,0.13399999999999998,0.18462593607229102,0.9205122518878422,0.077,0.6075,0.09933774834437084,0.0015
4747,0.44749999999999995,0.1375,0.6785,0.0795,0.0775,0.20102788749320438,0.8543213357985427,0.3135,0.4078333333333334,0.405403162055336,0.03039583785508922
4748,0.1395,0.1495,0.638,0.045,0.0385,0.11004828850855745,0.8641848652898508,0.074,0.39049999999999996,0.23940396039603962,0.0045
4749,0.1315,0.09797354260089686,0.7844999999999999,0.041076671775845376,0.0635,0.3972942161703803,0.41016258857356425,0.0925,0.588966794185405,0.31820949614072414,0.0095
4750,0.273,0.17,0.7515,0.029470297029702976,0.0945,0.18434403503875857,0.895066882416397,0.034999999999999996,0.4323990498812352,0.38731377376587156,0.018000000000000002
4751,0.05750000000000001,0.1728091058571807,0.8745,0.017989690721649486,0.0675,0.19588403407689198,0.6415,0.556,0.4356652362330024,0.20983887043189373,0.0075000000000000015
4752,0.033,0.0465,0.8709999999999999,0.024,0.0935,0.3988808373322865,0.47792688183620713,0.037500000000000006,0.21550000000000002,0.04618729989642455,0.0025
4753,0.036500000000000005,0.0165,0.6475,0.0605,0.034,0.121,0.9480000000000001,0.035500000000000004,0.38499999999999995,0.078,0.003
4754,0.33149999999999996,0.0455,0.6970000000000001,0.05666411889302777,0.056499999999999995,0.2805028429791939,0.6253073478333329,0.0435,0.5921855902796782,0.39887216088686006,0.0005
4755,0.3365,0.16499999999999998,0.6835000000000001,0.06799999999999999,0.082,0.5340409196499343,0.883066882416397,0.14550000000000002,0.4850833333333333,0.2718495515520537,0.012
4756,0.139,0.05099999999999999,0.5980000000000001,0.08724033553402988,0.16549999999999998,0.06127411477411478,0.917,0.06799999999999999,0.49650000000000005,0.21607505837053576,0.0075
4757,0.301,0.0905,0.6365000000000001,0.03644392523364486,0.1165,0.09271300937356165,0.8175000000000001,0.10799999999999998,0.441,0.2395,0.0095
4758,0.01,0.027000000000000003,0.42300000000000004,0.007000000000000001,0.0315,0.17768913226621735,0.5187357414448669,0.0015,0.381,0.048,0.001
4759,0.10899999999999999,0.066,0.7310000000000001,0.059443925233644855,0.05900000000000001,0.095,0.9650000000000001,0.004,0.312,0.11390316205533597,0.002
4760,0.037,0.0074146054181389864,0.5840000000000001,0.05500000000000001,0.024,0.136,0.930162847583115,0.038,0.398,0.06399999999999999,0.0
4761,0.08199999999999999,0.05500000000000001,0.6420000000000001,0.02742035398230088,0.19849999999999998,0.12138199409067736,0.9780000000000001,0.0115,0.35316666666666663,0.11294638949671772,0.0025
4762,0.38499999999999995,0.205,0.73,0.072,0.07500000000000001,0.19785438042620362,0.656,0.1655,0.5635,0.21600000000000003,0.016
4763,0.262,0.14650000000000002,0.7314999999999999,0.0495,0.097,0.8654333155143504,0.6233061069832303,0.07,0.538,0.20298847211390963,0.01
4764,0.5115000000000001,0.14550000000000002,0.6200000000000001,0.04297029702970297,0.1055,0.3483334932906207,0.9041909160892996,0.13799999999999998,0.4789333333333333,0.2718203674844881,0.020999999999999998
4765,0.0445,0.16099999999999998,0.7465,0.06818539564252933,0.148,0.6068116863716609,0.4769543734010215,0.053500000000000006,0.371,0.0155,0.0075
4766,0.23499999999999996,0.129,0.6975,0.145970297029703,0.075,0.12946266696266698,0.4852252958885444,0.049,0.5385,0.2415,0.005
4767,0.23150000000000004,0.0345,0.6265,0.004999999999999999,0.056499999999999995,0.10954822954822956,0.7438387318808966,0.2355,0.6300833333333332,0.23049999999999998,0.0
4768,0.284,0.13046194225721786,0.6915,0.11777670085280474,0.1135,0.19146292890363537,0.9275,0.0645,0.522499504950495,0.26029722831553936,0.016417801760603673
4769,0.366,0.1045,0.684,0.020350297029702973,0.05499999999999999,0.4130586974491246,0.8010915338854231,0.078,0.5309162269129288,0.250946878422782,0.026458498553268695
4770,0.49499999999999994,0.14200000000000002,0.591,0.0375,0.0605,0.21025232209562086,0.8052359657469077,0.189,0.5104162269129288,0.22844638949671775,0.0315
4771,0.062,0.02287142883093761,0.462,0.041499999999999995,0.092,0.18870820189274448,0.574664652049216,0.08750000000000001,0.47333333333333333,0.32525037286147707,0.0
4772,0.24699999999999997,0.0885,0.7234999999999999,0.026490268917881022,0.0505,0.10800000000000001,0.8825000000000001,0.057499999999999996,0.4726227581574937,0.2430240843707875,0.0035000000000000005
4773,0.14350000000000002,0.05449999999999999,0.8400000000000001,0.01147029702970297,0.0895,0.24667145226960008,0.517043129357651,0.06999999999999999,0.7945,0.072,0.0014873458792991564
4774,0.38,0.041,0.7085,0.06550000000000002,0.06999999999999999,0.09227411477411478,0.9015000000000001,0.07150000000000001,0.30616666666666664,0.2595,0.0105
4775,0.2,0.09200000000000001,0.5175000000000001,0.052000000000000005,0.07550000000000001,0.09264400256574727,0.9059268818362071,0.15949999999999998,0.6726662269129288,0.21150000000000002,0.001987666342096722
4776,0.036500000000000005,0.022,0.5275000000000001,0.09844392523364486,0.0115,0.12249999999999998,0.908,0.0035000000000000005,0.31100000000000005,0.12414487079574643,0.004
4777,0.555,0.248,0.8115,0.07290391298499731,0.0675,0.23654856465186538,0.8102212113028608,0.5365,0.21141523681391888,0.0980500022669872,0.002
4778,0.0315,0.007000000000000001,0.6140000000000001,0.0185,0.013000000000000001,0.16168913226621734,0.9594999999999999,0.0,0.512,0.0245,0.0005
4779,0.3375,0.16296194225721786,0.729,0.030425287936956962,0.0885,0.3551293057558081,0.29711798287345387,0.16899999999999998,0.6291666666666667,0.14979691890090002,0.002993593955321945
4780,0.3755,0.05500000000000001,0.6685000000000001,0.17188034173365335,0.0895,0.21468913226621736,0.984,0.13199999999999998,0.45599900990099007,0.12436856368563687,0.006500000000000001
4781,0.39350000000000007,0.20647396768402157,0.7345,0.036000000000000004,0.11099999999999999,0.16772507071632275,0.7524892983123073,0.1125,0.6154157318634238,0.182850040478118,0.0125
4782,0.5189999999999999,0.053000000000000005,0.5095,0.062,0.16599999999999998,0.14266447108117156,0.926676898541918,0.142,0.4801666666666667,0.1537905982905983,0.011
4783,0.5805,0.086,0.6689999999999999,0.007000000000000001,0.075,0.21011876979110555,0.9155,0.4385,0.4863996827914353,0.303,0.01
4784,0.29,0.0505,0.73,0.015913312988746903,0.1105,0.17574663435747911,0.7013539486203616,0.08399999999999999,0.48783245382585755,0.0702535119480933,0.0045
4785,0.052000000000000005,0.1095,0.849,0.05530889795540683,0.1105,0.24625872373162389,0.1257517477062478,0.0355,0.8672495049504949,0.10868970925071533,0.01249375616168255
4786,0.043,0.0125,0.615,0.018,0.063,0.10500000000000001,0.8734999999999999,0.026500000000000003,0.29300000000000004,0.139,0.004999999999999999
4787,0.0895,0.1265,0.6335,0.011484693877551019,0.07250000000000001,0.09899999999999999,0.9525,0.048499999999999995,0.37425,0.18140967488657386,0.021487349983782034
4788,0.0975,0.048,0.48649999999999993,0.03436854741896759,0.0375,0.11177411477411478,0.832066882416397,0.07200000000000001,0.5354990099009901,0.1735804030798584,0.004
4789,0.5894999999999999,0.0875,0.646,0.02,0.1145,0.10662793957717909,0.8494999999999999,0.076,0.2915,0.29799999999999993,0.0005
4790,0.073,0.08437142883093762,0.48100000000000004,0.28200000000000003,0.0615,0.23885410094637222,0.7380853700516351,0.0315,0.34249911991160775,0.2417096615734225,0.005
4791,0.386,0.1494613368283093,0.6975,0.08697029702970298,0.1665,0.18704828850855743,0.9465,0.08349999999999999,0.521,0.17123747671338033,0.009
4792,0.6665000000000001,0.092,0.4,0.05,0.023,0.15719256721761266,0.6685,0.28049999999999997,0.3385,0.36074170874041045,0.0045
4793,0.03,0.008,0.6065,0.011850297029702968,0.06100000000000001,0.11199999999999999,0.8895,0.019,0.39225000000000004,0.1025,0.0005
4794,0.191,0.10400000000000001,0.63,0.016499999999999997,0.20799999999999996,0.18977940646702715,0.8216179828734539,0.124,0.5625,0.2518347558494122,0.019500000000000003
4795,0.2585,0.11793487942920618,0.466,0.07144059405940592,0.061,0.26100616211622496,0.5809891854715465,0.1315,0.37786573128250744,0.217369257034676,0.0025
4796,0.6664999999999999,0.047,0.687,0.048,0.076,0.2323824991398391,0.825,0.095,0.45150000000000007,0.1889039603960396,0.006
4797,0.0599139951740779,0.0235,0.6074999999999999,0.0385,0.027499999999999997,0.14577444987775062,0.9115,0.01,0.46633289299867897,0.0675,0.001
4798,0.41600000000000004,0.28850000000000003,0.7059999999999998,0.039999999999999994,0.058499999999999996,0.6043256572852589,0.868894305993231,0.16,0.47833333333333333,0.35794638949671775,0.013500000000000002
4799,0.016,0.020942160538254685,0.43600000000000005,0.010499999999999999,0.0325,0.16518913226621734,0.5081178707224334,0.026000000000000002,0.326,0.052000000000000005,0.0
4800,0.5980000000000001,0.07246194225721785,0.648,0.10340311906838351,0.0975,0.18423410631621845,0.7602202070453281,0.333,0.4682819228897916,0.23779959491998365,0.0095
4801,0.2415,0.075385221342745,0.5885,0.019999999999999997,0.10600000000000001,0.25902582935928026,0.25561798287345383,0.181,0.5213661916072843,0.24984014634228177,0.006500000000000001
4802,0.40099999999999997,0.11099999999999999,0.8009999999999999,0.050970297029702974,0.0945,0.21669975263380598,0.7141848652898509,0.1645,0.52705,0.24598341748082092,0.0035000000000000005
4803,0.34049999999999997,0.11199999999999999,0.5315,0.04522836058581982,0.344,0.1564161727953019,0.71,0.10599999999999998,0.6238750000000001,0.1727535119480933,0.007000000000000001
4804,0.2285,0.10600000000000001,0.756,0.040712810940404145,0.192,0.11885410094637223,0.5009680842477087,0.05299999999999999,0.5289995049504951,0.1067905982905983,0.013000000000000001
4805,0.27199999999999996,0.14750000000000002,0.581,0.1091206974018732,0.16699999999999998,0.16122360557768922,0.7673247490178962,0.1075,0.5344999999999999,0.21140396039603965,0.026000000000000002
4806,0.29300000000000004,0.07200000000000001,0.66,0.1278395102003048,0.041499999999999995,0.09927411477411477,0.9096982681166036,0.0935,0.6122495049504951,0.18886878631225185,0.0034999999999999996
4807,0.4185,0.207,0.7120000000000001,0.11349999999999998,0.11549999999999998,0.2296161825726141,0.5911459045696159,0.1605,0.4918304730469213,0.237321716778696,0.0195
4808,0.584,0.16599999999999998,0.8455,0.0563658819963629,0.19,0.211,0.93,0.1435,0.6099981488453702,0.28073695438750734,0.00799784554192907
4809,0.38499999999999995,0.1365,0.6395000000000001,0.09388118811881188,0.08499999999999999,0.20327411477411478,0.8858353816805155,0.2975,0.3942995245641838,0.44166172735947606,0.007495820041799582
4810,0.006,0.0095,0.6234999999999999,0.014000000000000002,0.0125,0.1455,0.79,0.0095,0.5215000000000001,0.039,0.0005
4811,0.08399999999999999,0.010499999999999999,0.43599999999999994,0.08944059405940594,0.027500000000000004,0.1405,0.925,0.0195,0.29809968354430383,0.07679296697473695,0.002
4812,0.398,0.20400000000000001,0.716,0.057999999999999996,0.098,0.1881520781367918,0.8512014688786168,0.1545,0.618,0.1835,0.0225
4813,0.37050000000000005,0.024,0.4325,0.030500000000000006,0.033999999999999996,0.15099999999999997,0.6245668824163969,0.1295,0.3475,0.332,0.0
4814,0.054000000000000006,0.031,0.45999999999999996,0.025,0.0405,0.12435410094637223,0.6815,0.011,0.255,0.4139039603960396,0.0029937561616825504
4815,0.34900000000000003,0.17200000000000001,0.6370000000000001,0.06036536054264763,0.051000000000000004,0.792392065344224,0.9096179828734539,0.16149999999999998,0.52069900990099,0.28419395121092056,0.011000000000000001
4816,0.3265,0.0715,0.3785,0.014500000000000002,0.09,0.17159152172114706,0.7148088989627535,0.20199999999999996,0.4253333333333333,0.37550000000000006,0.1845
4817,0.0155,0.012,0.5165,0.0715,0.0205,0.14072360557768923,0.9735358381502891,0.025500000000000002,0.2460328582739509,0.12288657953615692,0.004999999999999999
4818,0.265,0.1365,0.817,0.0470693138811774,0.20450000000000004,0.3671620037302691,0.699585185103688,0.058499999999999996,0.6974555826947534,0.15608600638708348,0.0245
4819,0.43499999999999994,0.173,0.6834999999999999,0.028851485148514856,0.1655,0.3300314147343635,0.4836847932182814,0.0595,0.4008333333333334,0.3274346707456411,0.016999999999999998
4820,0.0605,0.16999999999999998,0.7515000000000001,0.008,0.11050000000000001,0.1544475868211764,0.6104268818362071,0.016999999999999998,0.477,0.487,0.002
4821,0.004999999999999999,0.0045,0.42299999999999993,0.009,0.021500000000000002,0.10599999999999998,0.9359999999999999,0.002,0.24500000000000002,0.079,0.0025
4822,0.30300000000000005,0.26399999999999996,0.8030000000000002,0.07347029702970297,0.07849999999999999,0.4714969515471596,0.6388260484654491,0.1265,0.6495833333333334,0.24077825077424939,0.013000000000000001
4823,0.296,0.219,0.708,0.0485,0.08549999999999999,0.2528359369811873,0.798066882416397,0.136,0.39749999999999996,0.31290316205533597,0.010499999999999999
4824,0.42300000000000004,0.05900000000000001,0.623,0.052500000000000005,0.14100000000000001,0.24450000000000002,0.9266909160892993,0.2835,0.526,0.3225,0.006
4825,0.0095,0.038,0.5375,0.0355,0.0495,0.159,0.7405,0.004,0.32300000000000006,0.08,0.0015
4826,0.183,0.1085,0.6685000000000001,0.0173845192930508,0.016,0.1391888141295206,0.7768697305797018,0.11299999999999999,0.4807073432343235,0.26829059829059826,0.0025
4827,0.28650000000000003,0.1325,0.6585,0.046,0.1395,0.013499999999999998,0.8602358594744646,0.14850000000000002,0.5285,0.17149999999999999,0.018
4828,0.3875,0.16099999999999998,0.6425000000000001,0.0778356575723506,0.0485,0.7166279395771791,0.8918757813791502,0.1615,0.5496161716171617,0.2669219863362123,0.006500000000000001
4829,0.42400000000000004,0.0849668542257373,0.631,0.056499999999999995,0.093,0.1944614487644468,0.8021847531388305,0.058499999999999996,0.3235,0.17550000000000002,0.011
4830,0.6205,0.011000000000000001,0.5509999999999999,0.016,0.045500000000000006,0.08249999999999999,0.830184865289851,0.099,0.505,0.24744687842278204,0.0
4831,0.297,0.138,0.617,0.05447029702970296,0.11949999999999998,0.0865,0.7939364287735089,0.0765,0.5819157859973579,0.17149038118575627,0.0195
4832,0.29500000000000004,0.1285,0.6399999999999999,0.048,0.12450000000000001,0.0495,0.8270044311868354,0.163,0.5875000000000001,0.1262905982905983,0.021
4833,0.385,0.47300000000000003,0.737,0.07358378941625054,0.101,0.3611400502908591,0.7138246809220934,0.154,0.37971617161716176,0.49344638949671776,0.013487310562882826
4834,0.2445,0.167,0.7779999999999999,0.06599999999999999,0.166,0.24644609205964949,0.4575634593046377,0.121,0.6075000000000002,0.1595,0.02199375616168255
4835,0.4585,0.257,0.7275,0.04197029702970297,0.0645,0.44571490517021006,0.6077874009085896,0.2415,0.43699950495049505,0.4156302557068158,0.011000000000000001
4836,0.027000000000000003,0.05550000000000001,0.7095,0.018351485148514854,0.1405,0.2891872357783368,0.23650000000000002,0.032,0.758,0.04780632411067194,0.012
4837,0.10750000000000001,0.011,0.721,0.03678774860370084,0.030500000000000006,0.13399999999999998,0.9445,0.023,0.20549999999999996,0.07890396039603961,0.0035000000000000005
4838,0.2265,0.0075,0.483,0.0185,0.066,0.10400000000000001,0.9525,0.079,0.3886990851868797,0.19050671448154727,0.009496858465608465
4839,0.0,0.0055000000000000005,0.5245,0.10782059405940594,0.0075,0.132,0.875,0.0005,0.31,0.0685,0.0025
4840,0.011,0.023,0.492,0.0945088500410872,0.009,0.14200000000000002,0.9276538210237429,0.015500000000000003,0.29458283828382836,0.0701440724550428,0.003
4841,0.363,0.014499999999999999,0.499,0.07236945669356852,0.05850000000000001,0.20664400256574728,0.8905,0.032499999999999994,0.443789797060181,0.13742949756289935,0.0
4842,0.1945,0.0705,0.5780000000000001,0.009,0.022,0.09318913226621736,0.6950000000000001,0.06000000000000001,0.2845,0.4262445692192441,0.007000000000000001
4843,0.659913995174078,0.0885,0.6295,0.03250000000000001,0.055999999999999994,0.15600616211622498,0.6274469438586261,0.461,0.5215,0.3281334722168582,0.0
4844,0.15,0.003,0.5290000000000001,0.053000000000000005,0.013500000000000002,0.12000000000000002,0.9339999999999999,0.015000000000000003,0.3025,0.1725,0.0
4845,0.0915,0.223,0.5680000000000001,0.02138785046728972,0.0865,0.31117711547598825,0.6746906418542908,0.1305,0.38865000000000005,0.10272219208467445,0.0025
4846,0.036500000000000005,0.027000000000000003,0.5189999999999999,0.0305,0.029000000000000005,0.16249999999999998,0.8327826349226697,0.0035000000000000005,0.3516666666666667,0.0885,0.0025
4847,0.10447530436504009,0.038000000000000006,0.5145000000000001,0.03182511335245674,0.074,0.13192658421027076,0.6375,0.12149999999999998,0.4422241877419305,0.1616369091901688,0.014000000000000002
4848,0.2105,0.101,0.8460000000000001,0.05364352879453064,0.11299999999999999,0.16318913226621737,0.95129841688201,0.0425,0.7484999999999999,0.07979059829059829,0.019998424282633938
4849,0.31049999999999994,0.24397396768402158,0.6955,0.056440594059405935,0.11750000000000001,0.1135,0.6731263689145582,0.089,0.5804162263320124,0.20952744623870637,0.03598343568368147
4850,0.44499999999999995,0.08247989093387867,0.555,0.050835332640907324,0.0955,0.187,0.9078477128729656,0.1495,0.3414661912308505,0.23062188618545948,0.029474577665172176
4851,0.36550000000000005,0.041,0.589,0.02247029702970297,0.082,0.13768913226621735,0.9281179828734538,0.098,0.4070833333333333,0.22418778882248885,0.016499999999999997
4852,0.146,0.043000000000000003,0.516,0.014000000000000002,0.051500000000000004,0.15890177820798593,0.701,0.013499999999999998,0.36550000000000005,0.2185,0.0005
4853,0.0195,0.028499999999999998,0.496,0.0085,0.0195,0.13404265313492444,0.8844999999999998,0.0055,0.41900000000000004,0.1548388704318937,0.002
4854,0.0465,0.012,0.5805,0.03245499090725399,0.014500000000000002,0.133,0.938566882416397,0.0245,0.4485,0.059350040478118,0.0085
4855,0.0685,0.0445,0.6234999999999999,0.10429783228179772,0.101,0.11032302158273381,0.9415000000000001,0.0195,0.5399152362330024,0.03558056781592432,0.001
4856,0.07699999999999999,0.0445,0.711,0.0685,0.014500000000000002,0.09068913226621736,0.9435,0.008,0.24899999999999997,0.5305,0.0
4857,0.062,0.0345,0.5005000000000001,0.03647029702970297,0.025500000000000002,0.11727383863080684,0.9105000000000001,0.07949999999999999,0.5269162269129287,0.1547428308279333,0.0
4858,0.3215,0.18447354260089688,0.707,0.05435814749699269,0.083,0.2508922539312755,0.6807419812389608,0.164,0.5747490651967572,0.27362883923007164,0.022954651127555646
4859,0.135,0.0295,0.925,0.03822427301632229,0.083,0.3157098338407104,0.45572163681354017,0.054000000000000006,0.8654999999999999,0.054392778993435455,0.0064873458792991555
4860,0.34199999999999997,0.178,0.6765000000000001,0.06348469387755103,0.132,0.254237085671139,0.5304253307067869,0.1055,0.458,0.25,0.007493593955321945
4861,0.08850000000000001,0.075,0.8015000000000001,0.05,0.069,0.14814428020565554,0.6406178707224335,0.036,0.6054999999999999,0.22399999999999998,0.003
4862,0.20850000000000005,0.0245,0.5770000000000001,0.027000000000000003,0.08,0.0685,0.9385,0.065,0.21200000000000002,0.259403162055336,0.0035000000000000005
4863,0.019,0.023,0.9334999999999999,0.006500000000000001,0.101,0.29827383863080686,0.3988578921818716,0.019000000000000003,0.26199999999999996,0.07624091039970685,0.002
4864,0.1585,0.0645,0.634,0.023,0.057999999999999996,0.17046324704033214,0.798,0.07899999999999999,0.4680162957467854,0.10659126029246416,0.0035000000000000005
4865,0.14750000000000002,0.028999999999999998,0.6445000000000001,0.0811526110831963,0.027000000000000003,0.10027411477411477,0.7621024091198214,0.07150000000000001,0.5739648155120369,0.2651284315532147,0.003
4866,0.193,0.01747354260089686,0.41600000000000004,0.048443925233644866,0.057499999999999996,0.15270820189274448,0.4006848652898508,0.11100000000000002,0.366,0.3985,0.002
4867,0.072,0.049999999999999996,0.635,0.050397324828636715,0.0415,0.19396297089702422,0.7036179828734539,0.0425,0.46641573186342383,0.17566730937666014,0.0069937561616825504
4868,0.2395,0.1025,0.7200000000000001,0.22297029702970295,0.0615,0.11604795340492162,0.8118900055786646,0.1445,0.666875,0.13040316205533595,0.0075000000000000015
4869,0.1515,0.006,0.6745,0.047,0.024,0.0785,0.9860000000000001,0.0165,0.21399999999999997,0.1765,0.005
4870,0.26850000000000007,0.016,0.644,0.043500000000000004,0.017499999999999998,0.10777444987775062,0.883,0.043000000000000003,0.45999999999999996,0.087,0.019
4871,0.35350000000000004,0.028499999999999998,0.731,0.04992861911119588,0.0505,0.18835410094637223,0.9494999999999999,0.058499999999999996,0.3745,0.07283774834437087,0.001
4872,0.264,0.14850000000000002,0.745,0.061,0.0945,0.9164385077425002,0.5905032588199257,0.0635,0.5283749999999999,0.20958531005857367,0.009000000000000001
4873,0.589,0.11850000000000001,0.9004999999999999,0.006839753723271487,0.122,0.3069834796572934,0.9904999999999999,0.15150000000000002,0.5425,0.3234039603960396,0.0095
4874,0.148,0.017,0.4595000000000001,0.038,0.041,0.15268881412952057,0.901,0.059,0.30408333333333337,0.17665667400342924,0.0155
4875,0.45099999999999996,0.223,0.6415,0.06742035398230088,0.041,0.37622716243701654,0.8375915338854231,0.24,0.48650000000000004,0.39289326791949974,0.013000000000000001
4876,0.1,0.016,0.6525000000000001,0.025500000000000002,0.016,0.1115,0.9724999999999999,0.128,0.2881666666666666,0.07340316205533595,0.0035000000000000005
4877,0.5285,0.03949999999999999,0.5625,0.013500000000000002,0.1565,0.13661503206687692,0.601664652049216,0.11950000000000001,0.37483333333333335,0.3215315086903051,0.009000000000000001
4878,0.18450000000000003,0.1745,0.7775000000000001,0.06790998181450798,0.06949999999999999,0.08877411477411479,0.7547577985056966,0.1775,0.6497495049504951,0.17394687842278206,0.007983486383896305
4879,0.317,0.16149999999999998,0.7065,0.09,0.08149999999999999,0.4245,0.8633184451746976,0.1465,0.5455,0.2511896978943355,0.0045
4880,0.085,0.0395,0.6359999999999999,0.0595,0.031999999999999994,0.0915,0.9530000000000001,0.0195,0.24450000000000002,0.19024170874041046,0.0025
4881,0.2885000000000001,0.10350000000000001,0.5355,0.03150000000000001,0.0995,0.20733613033002105,0.06461798287345386,0.1275,0.6508746290801188,0.20746973250932235,0.0045
4882,0.3205,0.1605,0.568,0.0473845192930508,0.08900000000000001,0.20465937712833834,0.7283915633384904,0.15150000000000002,0.396,0.36400000000000005,0.1785
4883,0.5385,0.14346194225721787,0.695,0.0955317033134214,0.11299999999999999,0.41104291507589286,0.2357718038971967,0.24900000000000003,0.4215,0.2731880982371282,0.007487666342096721
4884,0.1155,0.094,0.7045,0.032970297029702965,0.1285,0.25700875682904045,0.5831435109265499,0.0635,0.5145000000000001,0.18,0.008
4885,0.0845,0.005,0.48950000000000005,0.031000000000000007,0.05149999999999999,0.1265,0.7765,0.015000000000000003,0.25149999999999995,0.20400000000000001,0.0005
4886,0.021,0.0075,0.5775,0.053394675692059,0.019,0.184993517112113,0.8200000000000001,0.021,0.43249999999999994,0.03778413784108859,0.0
4887,0.513,0.10049999999999999,0.643,0.022,0.0225,0.15307804109599815,0.892240465416936,0.1855,0.31100000000000005,0.4321880982371282,0.002496858465608465
4888,0.23199999999999998,0.1015,0.6465,0.033,0.162,0.2387056950928356,0.7845,0.0895,0.5917912269129288,0.23933411607899052,0.0395
4889,0.057999999999999996,0.006999999999999999,0.45500000000000007,0.025,0.077,0.08549999999999999,0.4318088989627533,0.034999999999999996,0.37350000000000005,0.05550000000000001,0.0005
4890,0.30999999999999994,0.2165,0.7434999999999999,0.029454990907253988,0.0645,0.41244304257874165,0.7981848652898508,0.1575,0.4920823432343234,0.3312161374805039,0.00798734998378203
4891,0.4525,0.024,0.6535,0.031,0.18249999999999997,0.21619571073113422,0.646,0.062,0.5066666666666666,0.09640396039603961,0.0075
4892,0.009000000000000001,0.05600000000000001,0.5505,0.027500000000000004,0.009,0.14049999999999999,0.7241909160892994,0.0245,0.5888324538258575,0.08862959383793309,0.0005
4893,0.2545,0.21600000000000003,0.8734999999999999,0.02,0.1765,0.38178507024533925,0.402,0.23450000000000001,0.45050000000000007,0.22487572188037191,0.0125
4894,0.1715,0.11887606837606839,0.7345,0.030334197766052735,0.0705,0.43677444987775066,0.6055384784208991,0.06799999999999999,0.46319952494061756,0.15150000000000002,0.018
4895,0.1565,0.0385,0.3935,0.01,0.059,0.10977383863080684,0.7835,0.011000000000000001,0.28250000000000003,0.25600000000000006,0.0
4896,0.08499999999999999,0.12897396768402153,0.681,0.07088118811881187,0.1015,0.29438138134713326,0.1493086399532027,0.07250000000000001,0.5645,0.15725271360738965,0.009999999999999998
4897,0.124,0.041,0.5145,0.10378701013115525,0.059,0.10377411477411477,0.91944273189135,0.0625,0.527624560246262,0.21749999999999997,0.013987666342096722
4898,0.20750000000000002,0.06892926829268294,0.5625000000000001,0.045493762993762996,0.122,0.12154856465186539,0.836,0.19050000000000003,0.5362833333333333,0.17056063439946886,0.007493756161682549
4899,0.058499999999999996,0.06949999999999999,0.7999999999999999,0.0075,0.229,0.25646358214396797,0.9057359657469076,0.0195,0.7103328382838285,0.06502617032831823,0.0005
4900,0.09799999999999999,0.1115,0.6699999999999999,0.036500000000000005,0.056999999999999995,0.10677444987775062,0.9195,0.036500000000000005,0.402,0.14650000000000002,0.006500000000000001
4901,0.22750000000000004,0.14750000000000002,0.697,0.03283427195816997,0.0395,0.20884462838746537,0.842,0.11850000000000001,0.48599999999999993,0.3317417087404105,0.006500000000000001
4902,0.0165,0.0375,0.528,0.0435,0.04,0.22046324704033213,0.6276847531388304,0.0055,0.4734999999999999,0.05800000000000001,0.002
4903,0.533,0.028500000000000004,0.437,0.021428619111195882,0.015,0.1507741147741148,0.7405,0.22400000000000003,0.30966666666666665,0.3620203505176459,0.014000000000000002
4904,0.0785,0.0365,0.8685,0.0335,0.0905,0.23301125940558168,0.4232313502430232,0.0435,0.8465,0.052500000000000005,0.0024873458792991562
4905,0.433,0.10298021828103683,0.6105,0.027500000000000004,0.08,0.21233836204804057,0.8415000000000001,0.172,0.4145,0.35544638949671775,0.037
4906,0.357,0.027500000000000004,0.7045000000000001,0.01,0.065,0.15527411477411476,0.925,0.052000000000000005,0.3465,0.11000000000000001,0.005
4907,0.076,0.026909486573719766,0.43149999999999994,0.0505,0.07100000000000001,0.19270820189274449,0.713,0.057499999999999996,0.39391622691292877,0.3380511119959938,0.0
4908,0.065,0.09196194225721785,0.5925,0.0405,0.065,0.20233309433517616,0.49347181934279505,0.05399999999999999,0.570749504950495,0.07983774834437087,0.0035000000000000005
4909,0.061,0.096,0.7444999999999999,0.06034284137454371,0.101,0.7717741147741148,0.4794509520584097,0.08099999999999999,0.32599999999999996,0.07150000000000001,0.005493591850147881
4910,0.41200000000000003,0.187,0.6875,0.04991422226334783,0.0725,0.12077374996844352,0.8930853700516351,0.181,0.48234851485148517,0.2914858154787318,0.015500000000000003
4911,0.2165,0.0375,0.6519999999999999,0.0295,0.005,0.10964400256574729,0.9514999999999999,0.0675,0.3515,0.145,0.001
4912,0.1635,0.20396194225721787,0.7285,0.009414222263347831,0.129,0.17796789875571623,0.626159560376327,0.0495,0.5350828382838284,0.34490396039603965,0.008493756161682551
4913,0.20049999999999998,0.13597396768402153,0.7555000000000001,0.032970297029702965,0.11000000000000001,0.8087190532648535,0.5153600913308989,0.09649999999999999,0.5505000000000001,0.183903162055336,0.026500000000000003
4914,0.21950000000000003,0.14389724676954868,0.683,0.0615,0.11150000000000002,0.18492621793735636,0.735063260808175,0.149,0.5848333333333333,0.22744638949671775,0.025500000000000002
4915,0.352,0.11200000000000002,0.557,0.07159099443157618,0.1365,0.2229261929109066,0.9300123148814355,0.093,0.5173333333333334,0.14544638949671773,0.0115
4916,0.079,0.039,0.6739999999999999,0.071,0.0465,0.056499999999999995,0.9174769279949853,0.012,0.41666622691292876,0.12094687842278204,0.002
4917,0.013000000000000001,0.026499999999999996,0.5785,0.0325,0.0325,0.2193102883576757,0.6931179828734537,0.0185,0.46675000000000005,0.043000000000000003,0.005
4918,0.0225,0.001,0.6615,0.0335,0.002,0.13799999999999998,0.8789999999999999,0.004,0.23925000000000002,0.034999999999999996,0.0
4919,0.5614753141387157,0.0455,0.5809999999999998,0.08023866986417033,0.1335,0.1860488997555012,0.8626879426492164,0.16899999999999998,0.5342333333333332,0.22259254755923208,0.020499999999999997
4920,0.25949999999999995,0.036,0.5385,0.013000000000000001,0.024,0.11568913226621735,0.8009999999999999,0.095,0.4295,0.15644687842278202,0.0025
4921,0.17600000000000002,0.1495,0.6155,0.11447979797979797,0.169,0.16327383863080686,0.8423386863135937,0.131,0.612999504950495,0.12084126868065007,0.0075
4922,0.38500000000000006,0.20549999999999996,0.672,0.0155,0.088,0.24935356135400005,0.571066882416397,0.1655,0.46799999999999997,0.36068430740146584,0.039436827482227675
4923,0.10149999999999999,0.06899999999999999,0.4125,0.07892528793695697,0.0685,0.2173532994130317,0.525437468497255,0.043000000000000003,0.3395,0.058499999999999996,0.0055
4924,0.17550000000000002,0.0485,0.499,0.025,0.05450000000000001,0.09059682680094756,0.8965,0.08049999999999999,0.25250000000000006,0.4099315937940761,0.006
4925,0.08950000000000001,0.0475,0.6479999999999999,0.12939660646166334,0.086,0.17049999999999998,0.7901848652898508,0.065,0.5880808294816703,0.08518003276517189,0.0025
4926,0.4640000000000001,0.031,0.543,0.05399999999999999,0.0435,0.11440205435129384,0.837,0.156,0.28874950495049506,0.3005,0.0
4927,0.0045000000000000005,0.015000000000000003,0.6039999999999999,0.027999999999999997,0.0035000000000000005,0.16649999999999998,0.7689999999999999,0.005,0.4041666666666667,0.09280632411067194,0.001
4928,0.05700000000000001,0.0295,0.659,0.0375,0.027500000000000004,0.15527444987775058,0.8925000000000001,0.033,0.4769990099009901,0.0875,0.006
4929,0.307,0.0415,0.496,0.1269203920392039,0.1015,0.20502019350845457,0.9034999999999999,0.078,0.32300000000000006,0.21150000000000002,0.0075
4930,0.376,0.14950000000000002,0.6535,0.04826452020651317,0.0485,0.8075000000000001,0.8385000000000001,0.10600000000000001,0.5140833333333333,0.2419857967044828,0.019
4931,0.321,0.143,0.6635,0.03778010425971073,0.177,0.3233245834375863,0.646133764832794,0.15599999999999997,0.45666666666666667,0.22799999999999998,0.027995820041799586
4932,0.0125,0.015000000000000003,0.46449999999999997,0.029000000000000005,0.012,0.154,0.937980930833872,0.0075,0.2685996835443038,0.08695119490641837,0.002
4933,0.192,0.074,0.522,0.01835814749699269,0.093,0.14882273838630805,0.6940000000000001,0.1035,0.579,0.22577046422596983,0.008
4934,0.016999999999999998,0.025500000000000002,0.6829999999999999,0.041999999999999996,0.001,0.1545,0.8895,0.016499999999999997,0.5821656765676567,0.0405,0.0035000000000000005
4935,0.516,0.08149999999999999,0.45549999999999996,0.459470297029703,0.148,0.08,0.9011179828734539,0.1095,0.45299999999999996,0.18,0.141
4936,0.21550000000000002,0.067,0.6340000000000001,0.083,0.0205,0.15577411477411476,0.8520448647096611,0.082,0.5248333333333333,0.2,0.0035000000000000005
4937,0.37149999999999994,0.03492926829268293,0.6065000000000002,0.06745499090725399,0.0365,0.1255,0.9584999999999999,0.06949999999999999,0.5269157318634238,0.1662846267671529,0.001
4938,0.0235,0.025500000000000002,0.5740000000000001,0.026970297029702973,0.037,0.17727411477411478,0.6679999999999999,0.021,0.26914968279143536,0.2565,0.0034999999999999996
4939,0.45199999999999996,0.23499999999999996,0.6839999999999999,0.037303964000750756,0.09250000000000001,0.46629798191754784,0.7221179828734539,0.1645,0.5037902921096858,0.3233248260206101,0.018
4940,0.16199999999999998,0.1065,0.725,0.06247029702970297,0.052500000000000005,0.11920064984177503,0.9129999999999999,0.10049999999999999,0.5491666666666666,0.2439463894967177,0.007987666342096722
4941,0.20350000000000001,0.0865,0.6045,0.055999999999999994,0.15050000000000002,0.15435410094637225,0.7686847531388304,0.078,0.43549812981259783,0.20191581259140076,0.004
4942,0.521,0.2165,0.6,0.022,0.10650000000000001,0.1105,0.8324999999999999,0.20299999999999999,0.2592495049504951,0.30715816205533597,0.010481724911830715
4943,0.326,0.08499999999999999,0.686,0.05645499090725399,0.075,0.14885410094637225,0.590066882416397,0.0475,0.4633657518535463,0.27825431028879694,0.006
4944,0.22949999999999998,0.15899999999999997,0.744,0.05750000000000001,0.06,0.16349999999999998,0.8191786295424549,0.05700000000000001,0.48250000000000004,0.2565,0.016000000000000004
4945,0.06999999999999999,0.08650000000000001,0.8674999999999999,0.010499999999999999,0.07650000000000001,0.242,0.4416847531388305,0.0865,0.3975,0.04874283082793329,0.012
4946,0.277,0.064,0.722,0.09947029702970298,0.055499999999999994,0.17877444987775062,0.6937966124159088,0.10900000000000001,0.615,0.2165,0.006981724911830714
4947,0.0125,0.0465,0.611,0.055970297029702964,0.0095,0.21800000000000003,0.9625,0.012,0.33524950495049505,0.08388578119545327,0.004
4948,0.0635,0.08,0.497,0.025989690721649483,0.024,0.15783313483196462,0.8381538210237428,0.0335,0.48533333333333334,0.1024039603960396,0.004999999999999999
4949,0.4805,0.098,0.674,0.0235,0.1315,0.21164860473712097,0.8786179828734539,0.07550000000000001,0.6305000000000001,0.11400000000000002,0.0155
4950,0.5655,0.0215,0.3675,0.015489690721649485,0.131,0.1462367675344422,0.574566882416397,0.2705,0.3295,0.37987798329079386,0.001
4951,0.42800000000000005,0.034999999999999996,0.7185,0.027500000000000004,0.08149999999999999,0.078,0.9724999999999999,0.1485,0.5278828382838283,0.11270167763764327,0.014000000000000002
4952,0.3465,0.038,0.5429999999999999,0.12338974173740294,0.07150000000000001,0.24004856465186544,0.8302527542836209,0.06699999999999999,0.4881230198019802,0.10040087071664561,0.00648766634209672
4953,0.18849999999999997,0.08149999999999999,0.5740000000000001,0.01,0.012,0.12118665570067173,0.892,0.0495,0.4243996827914354,0.32250000000000006,0.0055
4954,0.7145,0.0685,0.7825000000000001,0.03686945669356852,0.1095,0.10899999999999999,0.9970000000000001,0.0895,0.6242573979491741,0.21306728571396488,0.007000000000000001
4955,0.05,0.022,0.9129999999999999,0.014000000000000002,0.08,0.183,0.5043536347459686,0.0355,0.8023495049504952,0.0395,0.001
4956,0.221,0.014405442883186185,0.506,0.0333658819963629,0.0635,0.29534449074165586,0.9530000000000001,0.051500000000000004,0.536499504950495,0.23498423370342464,0.002
4957,0.004999999999999999,0.012,0.503,0.018304378662356034,0.026500000000000003,0.1135,0.8215,0.162,0.4385,0.05,0.0005
4958,0.34500000000000003,0.0965,0.6255,0.056970297029702965,0.06,0.2664453857758786,0.8088028481633046,0.1025,0.42993236322444595,0.2061199713774206,0.03599375616168256
4959,0.09100000000000001,0.010499999999999999,0.746,0.10049999999999999,0.05150000000000001,0.128,0.9825000000000002,0.030500000000000006,0.344,0.1155,0.011
4960,0.25250000000000006,0.0325,0.5454999999999999,0.02191422226334783,0.030000000000000006,0.07999999999999999,0.8465,0.11600000000000002,0.28250000000000003,0.39693159379407617,0.001
4961,0.22150000000000003,0.081,0.681,0.08487936956961002,0.14400000000000002,0.3341888141295207,0.7971906189903318,0.047,0.4731995249406176,0.0965,0.01
4962,0.24,0.14850000000000002,0.7505,0.06489891614089885,0.141,0.36299999999999993,0.5103258288390089,0.0635,0.5804995049504951,0.14779059829059832,0.009999999999999998
4963,0.173,0.024,0.5805,0.12687242830584253,0.0935,0.09454291507589284,0.7793757813791503,0.0345,0.404,0.246,0.0075
4964,0.15399999999999997,0.10900000000000001,0.6655000000000001,0.05900000000000001,0.1465,0.10668855218855218,0.8366847531388304,0.0465,0.6554990099009902,0.129,0.0085
4965,0.516,0.0745,0.696,0.1068845192930508,0.0395,0.16127411477411477,0.9448818321785989,0.1795,0.4558819225133579,0.36377748379379027,0.006496858465608465
4966,0.0175,0.0025,0.552,0.0505,0.0205,0.1285,0.967,0.004,0.265,0.09440396039603961,0.005
4967,0.1805,0.15,0.7545,0.07135390704815284,0.062,0.0435,0.7974828441873997,0.17450000000000002,0.6825,0.18240396039603962,0.01
4968,0.441,0.188,0.726,0.013500000000000002,0.079,0.06513718630024021,0.569308752104223,0.155,0.3435,0.417,0.008990448979591838
4969,0.2895,0.05650000000000001,0.6375,0.04648469387755102,0.05750000000000001,0.20527444987775062,0.8861725787430064,0.12449999999999999,0.6162495049504951,0.10899999999999999,0.0045
4970,0.059,0.034,0.701,0.019858339086962492,0.097,0.34500000000000003,0.5436504452024142,0.07,0.27649999999999997,0.045,0.0045000000000000005
4971,0.3555,0.0335,0.5894999999999999,0.036484693877551023,0.0695,0.07909122112331328,0.9706179828734539,0.2045,0.5019161716171617,0.22142821945376148,0.12
4972,0.029500000000000005,0.472,0.9400000000000001,0.07085057587391393,0.1545,0.5136888953745766,0.47686864909528204,0.022,0.8720000000000001,0.0155,0.007991493098352894
4973,0.438,0.14600000000000002,0.6845,0.07341172167648476,0.062,0.31999999999999995,0.5427885782367163,0.152,0.427749504950495,0.25839277899343543,0.017499999999999998
4974,0.43549999999999994,0.05650000000000001,0.6295,0.02,0.0595,0.12999999999999998,0.8082359657469077,0.16299999999999998,0.39799999999999996,0.34883475584941215,0.0105
4975,0.41200000000000003,0.0465,0.589,0.0334046540828719,0.10800000000000001,0.17528863416581147,0.8626179828734539,0.0995,0.4439079616782292,0.32041105386705865,0.0015
4976,0.328,0.0845,0.7335,0.07560361483175032,0.09,0.123,0.9189999999999999,0.072,0.5583730745168308,0.3056113519264345,0.013500000000000002
4977,0.6679999999999999,0.0475,0.4455,0.11094392523364487,0.0975,0.18691611533157432,0.6741848652898508,0.3485,0.4771652368139188,0.15464143710941994,0.004999999999999999
4978,0.0595,0.1685,0.7885000000000001,0.03341089108910891,0.049,0.15570848137257587,0.7576179828734538,0.3235,0.504332892998679,0.3204826191401173,0.0005
4979,0.49400000000000005,0.2625,0.6535,0.10947029702970297,0.135,0.29136567574692906,0.6871585256231677,0.1255,0.7095,0.22799999999999998,0.023
4980,0.227,0.12740281089357977,0.7205,0.05700000000000001,0.157,0.19235532935149524,0.693049252228669,0.08499999999999999,0.620332892998679,0.194,0.0055
4981,0.24699999999999997,0.24948021828103686,0.7725000000000001,0.05597979797979798,0.12999999999999998,0.48353213796558225,0.33392688183620717,0.1815,0.353957892998679,0.46477072962290356,0.03199375616168255
4982,0.2285,0.07847354260089687,0.6845000000000001,0.13810574962483022,0.096,0.22400000000000003,0.9192359657469076,0.10700000000000001,0.43466424671490894,0.12341832751667503,0.001
4983,0.012499999999999999,0.089,0.577,0.024,0.009000000000000001,0.19710391286667925,0.9366179828734538,0.006,0.295,0.0485,0.0005
4984,0.182,0.031,0.539,0.07350000000000001,0.021,0.11950000000000001,0.925,0.0925,0.33499999999999996,0.2299039603960396,0.001993593955321945
4985,0.06849999999999999,0.073,0.75,0.054420353982300884,0.0405,0.06409655065763963,0.9295,0.021,0.4634995602462621,0.19143159379407618,0.007000000000000001
4986,0.038,0.030500000000000006,0.5940000000000001,0.019920353982300888,0.032,0.0905,0.942,0.015000000000000003,0.279,0.196,0.001
4987,0.13249999999999998,0.0775,0.7085,0.08116127658073992,0.092,0.4062011533421888,0.4731848652898509,0.0405,0.3869024211117123,0.4959833735036113,0.0085
4988,0.10300000000000001,0.094,0.8105,0.036,0.1465,0.19462855082412284,0.8550466691757622,0.035,0.5941990298911126,0.07421028450671155,0.009
4989,0.028999999999999998,0.017499999999999998,0.6905000000000001,0.08700000000000001,0.02,0.12777411477411477,0.9845,0.006500000000000001,0.304,0.1355,0.005
4990,0.13099999999999998,0.1114613368283093,0.6849999999999999,0.2045,0.0475,0.19992322614278007,0.6069829787944339,0.12699999999999997,0.465832397949174,0.15477005739842548,0.0045
4991,0.246,0.1135,0.5290000000000001,0.07547029702970298,0.0695,0.1101518161958234,0.8975,0.0965,0.4403328929986789,0.31999999999999995,0.008
4992,0.09949999999999999,0.197,0.682,0.04247029702970297,0.225,0.2741073562132876,0.4641074251661109,0.0765,0.6350996835443038,0.09194401953951226,0.006500000000000001
4993,0.371,0.065,0.49750000000000005,0.07692084709047049,0.14600000000000002,0.3794020543512938,0.742344737018583,0.124,0.5188496835443038,0.11440981336983196,0.0075
4994,0.1355,0.05800000000000001,0.6950000000000001,0.04546938775510204,0.0435,0.12050000000000001,0.70635844829039,0.08349999999999999,0.5416,0.07640396039603961,0.006
4995,0.38150000000000006,0.2534613368283093,0.673,0.04176894859620168,0.06,0.6985286287249376,0.7647858693317213,0.186,0.4924314631459311,0.32994498603526107,0.015000000000000003
4996,0.027500000000000004,0.0675,0.508,0.035413312988746906,0.009,0.16149999999999998,0.8365,0.04,0.4046666666666667,0.10250000000000001,0.0005
4997,0.26049999999999995,0.07094183319109651,0.5535,0.030500000000000006,0.041999999999999996,0.07554323321258959,0.8718088989627534,0.1085,0.523249504950495,0.33849999999999997,0.0305
4998,0.068,0.093,0.711,0.04647029702970297,0.097,0.1757857092833323,0.5087760339877396,0.12000000000000002,0.5376,0.09740316205533597,0.006
4999,0.21949999999999997,0.173,0.6675,0.01547029702970297,0.0845,0.2197078788114631,0.8267032810114812,0.08900000000000001,0.453,0.39440932444376764,0.028999999999999998
5000,0.40099999999999997,0.1455,0.7285,0.04120705786652724,0.0835,0.945892065344224,0.5902656494450815,0.1115,0.5524412269129287,0.17583774834437085,0.015500000000000003
5001,0.0895,0.04,0.591,0.011000000000000001,0.0195,0.17158161478369988,0.521,0.0325,0.391,0.10999999999999999,0.0
5002,0.0595,0.11199999999999999,0.9490000000000001,0.0125,0.07,0.17877116475491622,0.6045,0.5,0.4845833333333333,0.145,0.002
5003,0.0775,0.026000000000000002,0.736,0.0359050478598519,0.047,0.068,0.9007577985056965,0.026500000000000003,0.7255828382838284,0.03594638949671773,0.027000000000000003
5004,0.5579999999999999,0.08696194225721784,0.48650000000000004,0.04494392523364486,0.12400000000000003,0.27489316651769186,0.5948028481633048,0.2745,0.3372,0.3575928599496715,0.013499999999999998
5005,0.034,0.083,0.6765000000000001,0.017499999999999998,0.0425,0.1814574337353863,0.6698726534140641,0.0465,0.38925,0.076,0.0
5006,0.09,0.0185,0.7714999999999999,0.0245,0.0435,0.20940948249140448,0.6579999999999999,0.0855,0.5669990099009901,0.13475967433652497,0.0045000000000000005
5007,0.028500000000000004,0.0295,0.45149999999999996,0.027000000000000003,0.0105,0.1327744498777506,0.8950000000000001,0.011500000000000002,0.28925,0.3129039603960396,0.002983273477320859
5008,0.24000000000000005,0.023,0.49949999999999994,0.034,0.08700000000000001,0.11906518217407483,0.7244999999999999,0.1305,0.4845,0.137,0.0015
5009,0.08549999999999999,0.032499999999999994,0.7045,0.022,0.018,0.15632245681381957,0.908701653826564,0.02,0.36466622691292877,0.25340396039603963,0.0045000000000000005
5010,0.04,0.05946194225721785,0.48050000000000004,0.01494392523364486,0.158,0.19435410094637223,0.4516179828734539,0.026999999999999996,0.4345,0.07300000000000001,0.008
5011,0.4165,0.0865,0.7085,0.041,0.0995,0.0935,0.868,0.10500000000000001,0.48550000000000004,0.24080712245137556,0.006
5012,0.018,0.0035000000000000005,0.7144999999999999,0.04397029702970297,0.0015,0.17627411477411478,0.977,0.004,0.3395,0.07599999999999998,0.002
5013,0.388,0.19949999999999998,0.6375,0.04294392523364486,0.1375,0.21744510630274938,0.8810764286283412,0.12450000000000001,0.27740704701941526,0.17985034989275733,0.0075
5014,0.0985,0.15441837866954783,0.7145,0.02347029702970297,0.0965,0.3337718351259188,0.39761798287345385,0.1975,0.3740833333333333,0.20140316205533595,0.0125
5015,0.174,0.19897354260089686,0.7645000000000001,0.06938027884421095,0.1505,0.5397738386308069,0.3978961196146092,0.12400000000000003,0.42800000000000005,0.17850000000000002,0.02647501216937239
5016,0.3095,0.078,0.66,0.056271666487351116,0.083,0.15809179786445499,0.9460000000000001,0.0965,0.5995411716171617,0.16248707630035822,0.011
5017,0.15250000000000002,0.05249999999999999,0.6815,0.056920353982300886,0.0125,0.08727411477411477,0.914,0.03900000000000001,0.5008333333333332,0.10925479921486125,0.005
5018,0.05500000000000001,0.12089016610150008,0.7855000000000001,0.013500000000000002,0.0725,0.3775482295482296,0.33154486470966105,0.05,0.28,0.0745,0.0005
5019,0.278,0.10434539651495915,0.6154999999999999,0.052500000000000005,0.0635,0.06977444987775061,0.9245000000000001,0.1865,0.6410818481848184,0.14701676511854636,0.0035000000000000005
5020,0.7300000000000001,0.026500000000000003,0.5485,0.008984693877551022,0.094,0.11237794639573795,0.8256179828734538,0.4835,0.4635000000000001,0.15794687842278204,0.0095
5021,0.339,0.12200000000000003,0.5389999999999999,0.016,0.09849999999999999,0.09798231666685925,0.7350668824163971,0.2445,0.41983333333333334,0.25749999999999995,0.03148172491183072
5022,0.395,0.14,0.647,0.07241036963539363,0.075,0.7145431399284626,0.8888757813791504,0.148,0.5163328382838284,0.29058311590431857,0.014000000000000002
5023,0.0865,0.06399999999999999,0.611,0.032,0.0375,0.08004856465186538,0.9349999999999999,0.06649999999999999,0.5965,0.11990316205533595,0.004
5024,0.079,0.0045,0.6834999999999999,0.058499999999999996,0.0185,0.148,0.8105,0.0055,0.374,0.0905,0.006
5025,0.294,0.05299999999999999,0.58,0.038420353982300884,0.046,0.1295,0.8795,0.0845,0.522,0.16449999999999998,0.002
5026,0.28950000000000004,0.1275,0.6655,0.052000000000000005,0.10149999999999999,0.10300000000000001,0.7975,0.17950000000000002,0.5268750000000001,0.3482857488546757,0.0075
5027,0.34199999999999997,0.029480218281036835,0.617,0.049984693877551015,0.07050000000000001,0.11964400256574725,0.8486179828734539,0.128,0.44683333333333336,0.2285,0.0015
5028,0.304,0.026500000000000003,0.5589999999999999,0.031,0.05500000000000001,0.06799999999999999,0.9615000000000002,0.11750000000000001,0.38350000000000006,0.28700000000000003,0.002481256007689843
5029,0.036,0.035,0.5805,0.05444059405940595,0.046,0.09804828850855746,0.929,0.086,0.481,0.14883774834437086,0.001
5030,0.13599999999999998,0.08249999999999999,0.8019999999999999,0.03442035398230088,0.15999999999999998,0.14177383863080686,0.36568479321828146,0.1125,0.706,0.09033887043189368,0.0095
5031,0.527,0.051486635944700467,0.3375,0.015,0.0665,0.19277411477411477,0.32435844829038984,0.2205,0.5725823432343234,0.16515916197623515,0.003999999999999999
5032,0.509,0.24897354260089685,0.7965,0.05390300371039639,0.08,0.2524884958447546,0.7744313815062356,0.457,0.1627819028996691,0.0863071967219292,0.0095
5033,0.1035,0.0785,0.8089999999999999,0.030826308543334707,0.05650000000000001,0.34839895642253615,0.4465,0.043,0.5931199550639045,0.32015922014856757,0.0025
5034,0.29600000000000004,0.14899999999999997,0.7224999999999999,0.049970297029702966,0.0955,0.3706720248596785,0.5584451599629989,0.0985,0.5116240099009902,0.23740932444376767,0.009499999999999998
5035,0.056999999999999995,0.046,0.563,0.0529203539823009,0.028000000000000004,0.11285410094637224,0.8879268818362072,0.019,0.47850000000000004,0.1347428308279333,0.006
5036,0.6375,0.12697354260089685,0.8140000000000001,0.058499999999999996,0.122,0.20042658421027076,0.7841565641148132,0.05,0.764,0.08735083881882164,0.009
5037,0.333,0.3165,0.638,0.024405047859851904,0.23150000000000004,0.1921377958004713,0.723,0.1285,0.638625,0.2305,0.022500000000000003
5038,0.177,0.072,0.8,0.12498969072164949,0.1615,0.233,0.9650000000000001,0.047,0.39199999999999996,0.10049999999999999,0.003
5039,0.08149999999999999,0.039423884514435695,0.7325,0.04229289832714163,0.0835,0.28877383863080686,0.17611787072243346,0.101,0.5341495049504952,0.07620866408789406,0.018
5040,0.0025,0.0095,0.45199999999999996,0.032999999999999995,0.0245,0.1425,0.9115,0.009000000000000001,0.29300000000000004,0.05717549668874172,0.0
5041,0.5119999999999999,0.08249999999999999,0.7505,0.05436945669356852,0.07150000000000001,0.18918913226621736,0.922117982873454,0.13349999999999998,0.5484162269129288,0.1571885871631925,0.004
5042,0.3995,0.19093590994123938,0.488,0.028364279215945743,0.132,0.24196607074478366,0.7297871345926981,0.5715,0.5255564631459311,0.12882973613168686,0.0055
5043,0.5485,0.0465,0.49400000000000005,0.06339558496665994,0.077,0.10746064925543938,0.8795,0.1285,0.5428249999999999,0.1383644075987534,0.003
5044,0.14100000000000001,0.1653397840429015,0.6605000000000001,0.015,0.0945,0.22656990236640687,0.921,0.0035000000000000005,0.6819999999999999,0.13561264822134386,0.0
5045,0.23349999999999999,0.139,0.7955,0.03742035398230088,0.186,0.41256152425912473,0.7281584163018201,0.121,0.5561324538258574,0.2455235693465188,0.025
5046,0.28700000000000003,0.10900000000000001,0.744,0.09749999999999999,0.0605,0.1928534672159809,0.7104559875741963,0.1505,0.6775828382838284,0.2646581658581659,0.015000000000000003
5047,0.319,0.21044216053825465,0.7325,0.10238451929305081,0.11349999999999998,0.4839929484780692,0.4368426944994067,0.1945,0.554332892998679,0.2179063243009037,0.021
5048,0.3215,0.062,0.7695,0.042454990907253985,0.0825,0.17196298066049437,0.6910000000000001,0.1115,0.5824833333333335,0.24824793429589348,0.006
5049,0.43150000000000005,0.14950000000000002,0.8320000000000001,0.043484693877551016,0.0805,0.3508925440664582,0.7381890246725153,0.11500000000000002,0.69025,0.16423698778731605,0.016
5050,0.5765,0.123,0.7379999999999999,0.05241422226334783,0.094,0.10300000000000001,0.9814999999999999,0.051000000000000004,0.417,0.27423213835139343,0.0015
5051,0.233,0.0475,0.6260000000000001,0.10847029702970297,0.1095,0.1612441661222317,0.8719999999999999,0.031,0.533,0.135,0.0045
5052,0.123,0.14850000000000002,0.5755,0.0325,0.0485,0.19305138738658162,0.9139999999999999,0.1315,0.4472495049504951,0.21190396039603962,0.004
5053,0.0385,0.05199999999999999,0.5439999999999999,0.005,0.10450000000000001,0.0975,0.43299999999999994,0.014500000000000002,0.6873328935795955,0.16483774834437087,0.0025
5054,0.0415,0.019942160538254684,0.6475,0.10292861911119588,0.018499999999999996,0.127,0.9209999999999999,0.0195,0.4449166666666667,0.09322544996805059,0.0055
5055,0.5095,0.07396194225721785,0.647,0.06200000000000001,0.10200000000000001,0.081,0.9357577985056965,0.187,0.5612495049504951,0.3009463894967178,0.015969638194473387
5056,0.5700000000000001,0.018000000000000002,0.7194999999999999,0.007899159663865545,0.06999999999999999,0.1779981035121195,0.9995,0.022,0.33982468279143535,0.3887993821340305,0.001
5057,0.6355000000000001,0.003999999999999999,0.434,0.042461165048543685,0.0455,0.137,0.8986179828734538,0.0034999999999999996,0.1973333333333333,0.10725431028879692,0.029000000000000005
5058,0.087,0.03,0.5465,0.05036921317060182,0.08199999999999999,0.29935410094637227,0.6500340792514907,0.031,0.147,0.0925,0.006999999999999999
5059,0.23099999999999996,0.12202867022945348,0.68,0.027939684784805012,0.11400000000000002,0.215,0.8557533325653995,0.093,0.6121819028996691,0.15177591642293756,0.0085
5060,0.313,0.054000000000000006,0.55,0.04547029702970297,0.0955,0.1512197274729012,0.8365,0.039,0.398,0.1155,0.008999999999999998
5061,0.1064139951740779,0.052000000000000005,0.8465,0.026999999999999996,0.066,0.11000000000000001,0.8714671968350938,0.0435,0.29700000000000004,0.0915,0.0125
5062,0.16999999999999998,0.0185,0.5654999999999999,0.039,0.0315,0.09096265276032744,0.8662404654169361,0.0335,0.41050000000000003,0.20750000000000002,0.014499999999999999
5063,0.44799999999999995,0.058499999999999996,0.515,0.027000000000000003,0.0845,0.1675190471430795,0.8671848652898507,0.11100000000000002,0.3295,0.3999463894967178,0.0245
5064,0.3625,0.19649999999999998,0.619,0.0665,0.0975,0.9206891322662175,0.7433474885709249,0.183,0.4135,0.3843063241106719,0.019468287713229067
5065,0.304,0.1524541859650584,0.875,0.22949999999999998,0.1655,0.20018913226621735,0.906,0.1295,0.639,0.11130632411067194,0.0035000000000000005
5066,0.086,0.09,0.6605000000000001,0.0175,0.123,0.1174475868211764,0.6208028481633047,0.0435,0.5489999999999999,0.3595,0.006
5067,0.3545,0.292,0.6705,0.074,0.125,0.37614329519765805,0.588240465416936,0.2165,0.4418,0.46590316205533594,0.016484125244241764
5068,0.16649999999999998,0.024,0.7375,0.00894059405940594,0.027500000000000004,0.13515239627348857,0.9810000000000001,0.0415,0.42458333333333326,0.11944638949671775,0.0005
5069,0.13899999999999998,0.029500000000000005,0.367,0.024,0.06399999999999999,0.13864400256574724,0.7175,0.027500000000000004,0.356,0.34674170874041044,0.0005
5070,0.4285,0.14848021828103683,0.6375,0.055499999999999994,0.091,0.46299999999999997,0.7109467437522953,0.11150000000000002,0.5050825220787977,0.14629059829059826,0.027000000000000003
5071,0.4575,0.015999999999999997,0.642,0.032,0.0455,0.12931707184339644,0.9269999999999999,0.052000000000000005,0.32300000000000006,0.18590316205533597,0.0
5072,0.6385,0.038000000000000006,0.8465,0.00397029702970297,0.1145,0.15285410094637225,0.9955,0.1125,0.33649999999999997,0.534,0.0095
5073,0.7565000000000001,0.0355,0.603,0.07385390704815284,0.0645,0.1615,0.671,0.0725,0.46128241793929653,0.13636856368563685,0.005
5074,0.008,0.046,0.5149999999999999,0.01642861911119588,0.066,0.11977411477411477,0.8021538210237429,0.2065,0.36675,0.0505,0.0005
5075,0.36,0.0895,0.6735,0.096,0.11100000000000002,0.20866447108117153,0.5782639995940901,0.1545,0.49166336662651666,0.20982171677869604,0.019
5076,0.0075,0.005,0.49000000000000005,0.037850297029702974,0.0305,0.16127383863080685,0.8634999999999999,0.007000000000000001,0.3505,0.076,0.0005
5077,0.4545,0.161,0.77,0.03791422226334783,0.12799999999999997,0.18389805035370282,0.8431135515921591,0.126,0.6251240651967571,0.21655603654772854,0.014500000000000002
5078,0.1115,0.06799999999999999,0.641,0.04597029702970297,0.0695,0.22194873227874895,0.8216275290853983,0.034,0.4461657318634238,0.213,0.003
5079,0.18250000000000002,0.082,0.7315,0.052500000000000005,0.051000000000000004,0.24337794639573795,0.937566882416397,0.08399999999999999,0.5740000000000001,0.22889326791949977,0.0
5080,0.19,0.0925,0.789,0.03698469387755102,0.1035,0.2467744498777506,0.780101189418715,0.052500000000000005,0.6824333333333332,0.13917661877626455,0.04697147112354092
5081,0.1855,0.012,0.6025,0.03086945669356852,0.017499999999999998,0.08318913226621735,0.9435,0.033499999999999995,0.48358239794917407,0.1795,0.0005
5082,0.018,0.0085,0.7365,0.07188,0.0205,0.076,0.952,0.0035000000000000005,0.263,0.10500000000000001,0.0015
5083,0.182,0.10588371564760082,0.6515,0.06797029702970296,0.10900000000000001,0.27772180820249937,0.5182342296695402,0.16699999999999998,0.6503333333333333,0.1431622690757513,0.007000000000000001
5084,0.414,0.12378691759272178,0.6140000000000001,0.04344392523364486,0.076,0.16645817243790045,0.5625,0.24050000000000002,0.4514241884947989,0.16726252495417576,0.0045
5085,0.1885,0.11299999999999999,0.619,0.05500000000000001,0.11500000000000002,0.19342349639778136,0.7442386077298833,0.09949999999999999,0.57649900990099,0.29373698778731605,0.0069937561616825504
5086,0.08499999999999999,0.038000000000000006,0.557,0.015,0.06,0.11774496083475858,0.8125,0.054000000000000006,0.5755,0.12594687842278202,0.0045
5087,0.154,0.038,0.5959999999999999,0.03497029702970297,0.016,0.14150000000000001,0.716566882416397,0.0034999999999999996,0.3663159097043641,0.27990316205533594,0.0
5088,0.4415,0.20142388451443569,0.7669999999999999,0.030000000000000006,0.12150000000000001,0.4454852363223275,0.7352843258690644,0.14750000000000002,0.5810402362330025,0.22943467074564108,0.0034999999999999996
5089,0.0495,0.0435,0.48450000000000004,0.03347029702970297,0.004,0.21749999999999997,0.9349999999999999,0.0125,0.29250000000000004,0.11690316205533598,0.0
5090,0.5485,0.1075,0.534,0.063,0.1515,0.0875,0.9338539486203615,0.134,0.418,0.256,0.0025
5091,0.42000000000000004,0.07549999999999998,0.7084999999999999,0.10151231162749101,0.063,0.2871607957516267,0.7916848652898508,0.14600000000000002,0.5722319576145196,0.1545549286136198,0.02
5092,0.0695,0.051000000000000004,0.6935,0.051500000000000004,0.1255,0.19849999999999998,0.32654666917576214,0.06749999999999999,0.7741250000000001,0.07275320253345399,0.0
5093,0.057999999999999996,0.029500000000000005,0.5075000000000001,0.23292035398230088,0.012,0.08527444987775061,0.8454809308338721,0.039,0.45333283828382837,0.15553274704092535,0.002
5094,0.6925,0.016499999999999997,0.654,0.0075,0.0765,0.10277444987775061,0.9974999999999999,0.061,0.5254999999999999,0.2915,0.001
5095,0.012,0.0075000000000000015,0.48550000000000004,0.032,0.03150000000000001,0.14185410094637224,0.9375,0.012999999999999998,0.3296,0.04133887043189369,0.003
5096,0.004999999999999999,0.0115,0.9410000000000001,0.023857200701036585,0.10300000000000001,0.19210758470971526,0.019,0.004,0.9824999999999999,0.0035000000000000005,0.0025
5097,0.261,0.15799999999999997,0.58,0.06529268255835692,0.0805,0.3347367675344422,0.727133764832794,0.1355,0.3556666666666667,0.28329059829059833,0.03044488284755923
5098,0.5735,0.08399999999999999,0.457,0.0335,0.07300000000000001,0.227568986746527,0.6620000000000001,0.21800000000000003,0.49016666666666675,0.14899999999999997,0.002
5099,0.2495,0.0605,0.621,0.0385,0.067,0.07722360557768926,0.921,0.13999999999999999,0.441,0.267,0.003
5100,0.3225,0.027500000000000004,0.6910000000000001,0.0395,0.0655,0.1222744498777506,0.924066882416397,0.0325,0.3840828382838284,0.10944638949671773,0.006984206477438896
5101,0.2959139951740779,0.32,0.732,0.08249999999999999,0.10899999999999999,0.4349686155575947,0.5276284986839286,0.16749999999999998,0.27469952494061756,0.6969315937940761,0.024
5102,0.004999999999999999,0.0245,0.978,0.005999999999999999,0.094,0.26387063283090184,0.08049999999999999,0.003,0.9905000000000002,0.013000000000000001,0.0045
5103,0.0235,0.007000000000000001,0.5549999999999999,0.0735,0.021,0.175,0.9477016342740118,0.0025,0.2791666666666667,0.05614487079574644,0.0005
5104,0.061,0.014000000000000002,0.546,0.04945499090725399,0.0335,0.12516590397503088,0.9385,0.053500000000000006,0.5321990099009901,0.12350000000000001,0.002990614627291016
5105,0.504,0.030500000000000006,0.6715,0.07059515185678364,0.0755,0.15818913226621736,0.8705,0.178,0.569125,0.157866903864098,0.006500000000000001
5106,0.3015,0.19,0.6295,0.026500000000000003,0.093,0.23418913226621738,0.6503584482903898,0.1825,0.40549999999999997,0.33396293494704987,0.037
5107,0.20400000000000001,0.08823460496143423,0.6605,0.037,0.0765,0.08918913226621736,0.762,0.0925,0.4995,0.133,0.0085
5108,0.43200000000000005,0.0195,0.5685,0.025,0.047,0.06804822954822955,0.8574999999999999,0.10899999999999999,0.3529999999999999,0.3584463894967177,0.0035000000000000005
5109,0.3579139951740779,0.12597354260089685,0.5675,0.06347029702970297,0.0985,0.21717683933268034,0.6003724964922028,0.10800000000000001,0.6033323432343234,0.13404306610296515,0.0125
5110,0.118,0.061,0.7030000000000001,0.035,0.0975,0.14356906034777328,0.6890000000000001,0.0215,0.5305000000000001,0.40099999999999997,0.001
5111,0.4535,0.0085,0.6725000000000001,0.0615,0.014000000000000002,0.1545,0.8714999999999999,0.05049999999999999,0.376,0.10800000000000001,0.0075
5112,0.051500000000000004,0.0075000000000000015,0.277,0.0185,0.091,0.1365,0.5228584482903897,0.0215,0.3364995602462621,0.051903162055335975,0.0034999999999999996
5113,0.1585,0.025,0.476,0.024,0.041,0.09204795340492163,0.6705668824163971,0.1025,0.45649999999999996,0.33333774834437085,0.0
5114,0.303,0.062,0.5465,0.026000000000000002,0.0755,0.07450000000000001,0.8076848652898508,0.185,0.5765823432343234,0.2815,0.001
5115,0.392,0.44699999999999995,0.6935,0.05974883656589958,0.072,0.3379492127371385,0.8186583425661637,0.182,0.4213740646158407,0.4811451945425656,0.013000000000000001
5116,0.008499999999999999,0.016000000000000004,0.552,0.073,0.0195,0.11400000000000002,0.893,0.0055,0.31799999999999995,0.0925,0.0015
5117,0.611,0.013999999999999999,0.41950000000000004,0.01547029702970297,0.0605,0.0965,0.9405000000000001,0.197,0.4153661916072843,0.2975,0.009
5118,0.036000000000000004,0.0005,0.6244999999999999,0.0425,0.020499999999999997,0.12250000000000001,0.993,0.0505,0.3406666666666667,0.0625,0.0015
5119,0.1505,0.063,0.6224999999999999,0.036,0.07200000000000001,0.05104828850855745,0.915,0.0815,0.5096662269129288,0.14044687842278203,0.0055
5120,0.06799999999999999,0.1135,0.784,0.026000000000000002,0.05149999999999999,0.1782898675700687,0.6261179828734538,0.09849999999999999,0.6502916666666667,0.09071644689514322,0.008
5121,0.27399999999999997,0.1165,0.6715,0.01625562373376583,0.119,0.1918534672159809,0.6325000000000001,0.1255,0.42525,0.33498341748082094,0.0099872253062574
5122,0.057999999999999996,0.045980218281036836,0.35100000000000003,0.12150000000000001,0.0995,0.19417113079637988,0.771066882416397,0.045000000000000005,0.40416622691292875,0.23496328538985617,0.003999999999999999
5123,0.08449999999999999,0.042499999999999996,0.795,0.001,0.0835,0.3420600738412797,0.10719091608929947,0.0305,0.21149999999999997,0.092,0.0005
5124,0.031,0.024,0.466,0.027500000000000004,0.014500000000000002,0.088,0.924,0.037000000000000005,0.5244162269129288,0.11968729989642454,0.0005
5125,0.1135,0.09247396768402154,0.9225,0.17650000000000002,0.128,0.18296324704033212,0.9516909160892995,0.07350000000000001,0.57925,0.046740910399706834,0.001
5126,0.013500000000000002,0.010499999999999999,0.476,0.06363332927020235,0.023,0.1525,0.8760000000000001,0.01,0.3289578382838284,0.11542225188959446,0.0
5127,0.2405,0.25999999999999995,0.78,0.052500000000000005,0.07,0.7673028744450547,0.8453697305797018,0.18050000000000002,0.5025000000000001,0.34144638949671774,0.0115
5128,0.012,0.008499999999999999,0.522,0.021500000000000002,0.023,0.15250000000000002,0.884,0.006500000000000001,0.3035,0.23233774834437088,0.002
5129,0.32649999999999996,0.2085,0.5905,0.051000000000000004,0.07450000000000001,0.1406755024550526,0.7805677892562597,0.166,0.508749504950495,0.2783503498927573,0.016469074895612744
5130,0.2775,0.09649999999999999,0.5239999999999999,0.016,0.0735,0.16623676753444222,0.6289999999999999,0.051000000000000004,0.3915,0.273,0.001
5131,0.47650000000000003,0.4345,0.67,0.05244392523364486,0.11699999999999999,0.174138194682029,0.709489017756311,0.36449999999999994,0.2615,0.5502102845067116,0.007000000000000001
5132,0.1615,0.1425,0.681,0.014499999999999999,0.030000000000000006,0.11462855082412285,0.5425,0.053000000000000005,0.3109166666666666,0.48683887043189367,0.014468250073847878
5133,0.2665,0.0485,0.5845,0.04493968478480502,0.074,0.12117616912540863,0.8071646520492161,0.0735,0.5078666666666667,0.14977252408167646,0.0155
5134,0.1635,0.078,0.5635,0.10600000000000001,0.051000000000000004,0.14550000000000002,0.8699999999999999,0.0385,0.4255,0.1485,0.008998382950493407
5135,0.174,0.08700000000000001,0.735,0.06598469387755103,0.0905,0.10104291507589284,0.9380000000000001,0.0315,0.4151999999999999,0.10485034989275732,0.0055
5136,0.8030000000000002,0.036,0.49700000000000005,0.05600000000000001,0.07150000000000001,0.17175787596596553,0.686,0.46950000000000003,0.34219952494061756,0.2695,0.004
5137,0.38,0.1419798909338787,0.618,0.06488451929305081,0.098,0.17285387045813586,0.7456881764797567,0.10699999999999998,0.5130817100890394,0.13773792296635406,0.028000000000000004
5138,0.08,0.0305,0.5349999999999999,0.0385,0.012,0.11464428020565554,0.954566882416397,0.009999999999999998,0.2665,0.0985,0.003
5139,0.06899999999999999,0.05838656143045866,0.8855000000000001,0.037500000000000006,0.1,0.23596324704033217,0.17273142231459257,0.029000000000000005,0.7707500000000002,0.09494687842278203,0.0045
5140,0.018,0.0045,0.5445,0.03799999999999999,0.026000000000000002,0.1085,0.9564999999999999,0.014500000000000002,0.22583333333333339,0.11930792079207922,0.013000000000000001
5141,0.148,0.10244183319109652,0.5994999999999999,0.03341422226334783,0.12049999999999998,0.176,0.7315,0.0805,0.4325,0.1045,0.013000000000000001
5142,0.05650000000000001,0.0025,0.687,0.17697029702970296,0.018,0.16150000000000003,0.9745000000000001,0.019,0.2375,0.1135,0.007000000000000001
5143,0.034499999999999996,0.006500000000000001,0.6225,0.03297029702970297,0.002,0.1755,0.925,0.005,0.3625,0.17633774834437085,0.0
5144,0.2595,0.094,0.78,0.10095499090725397,0.07200000000000001,0.19690833635101262,0.7895,0.061,0.6042243126244224,0.14299999999999996,0.009499999999999998
5145,0.3155,0.14133216023033837,0.651,0.014499999999999999,0.10200000000000001,0.2672122403693761,0.20550000000000002,0.203,0.5331995249406176,0.298393756845564,0.0055
5146,0.40549999999999997,0.0825,0.7725000000000001,0.028500000000000004,0.0595,0.16888361608275818,0.9475,0.14150000000000001,0.600832892998679,0.27790316205533594,0.0055
5147,0.05050000000000001,0.017,0.6185,0.05895937064480058,0.027500000000000004,0.1085,0.825,0.020999999999999998,0.2965,0.07050000000000001,0.007000000000000001
5148,0.25899999999999995,0.10841543242765561,0.825,0.07012509651115781,0.14450000000000002,0.41670741484519686,0.2047966124159088,0.2475,0.422,0.23127959709265725,0.0045000000000000005
5149,0.41500000000000004,0.145,0.7865,0.028802035209282373,0.1145,0.127,0.9761179828734539,0.08549999999999999,0.5507500000000001,0.22226449407840548,0.021
5150,0.14900000000000002,0.1035,0.6375,0.028339753723271487,0.0355,0.12250000000000001,0.8801646520492159,0.0785,0.48899900990099016,0.2389936240070965,0.003495709570957096
5151,0.255,0.06200000000000001,0.667,0.09185299777355191,0.094,0.07677383863080685,0.8785000000000001,0.10149999999999999,0.5955,0.17250000000000001,0.007000000000000001
5152,0.0225,0.0125,0.5640000000000001,0.0735,0.0235,0.16899999999999998,0.908,0.0165,0.40624950495049494,0.11240396039603961,0.004999999999999999
5153,0.5215,0.047,0.8049999999999999,0.0703406329557297,0.1275,0.3470485646518654,0.9244999999999999,0.0665,0.6036666666666667,0.121,0.016
5154,0.509,0.0885,0.5870000000000001,0.08049999999999999,0.15200000000000002,0.1275,0.9250589156684642,0.144,0.5154157318634238,0.195,0.0165
5155,0.2865,0.0205,0.8559999999999999,0.052000000000000005,0.092,0.1836669323952331,0.991117982873454,0.015,0.17149999999999999,0.1315,0.0039844416025564535
5156,0.026500000000000003,0.05800000000000001,0.537,0.020289072539907048,0.029000000000000005,0.20937826453243474,0.8695,0.0215,0.359,0.057499999999999996,0.001
5157,0.022000000000000002,0.024,0.5700000000000001,0.01287738830959689,0.078,0.11977383863080684,0.8055,0.008,0.29525,0.18,0.0005
5158,0.1545,0.04000000000000001,0.5485,0.056581018666092296,0.0485,0.1728681503298865,0.951,0.07200000000000001,0.4451642461339926,0.10946084107395933,0.0055
5159,0.374,0.10800000000000001,0.6495,0.07102706609326655,0.1075,0.3521479268319399,0.4611434072564159,0.21000000000000002,0.3347911716171617,0.3751945586866379,0.021
5160,0.3335,0.018000000000000002,0.485,0.032420353982300885,0.020999999999999998,0.11800000000000002,0.8303539486203615,0.026000000000000002,0.29100000000000004,0.27594638949671774,0.0
5161,0.27949999999999997,0.048,0.6435000000000001,0.024999999999999998,0.05,0.04877411477411477,0.868,0.1035,0.47000000000000003,0.2045,0.0015
5162,0.13699999999999998,0.13285315280711862,0.5289999999999999,0.07844011369649927,0.054000000000000006,0.18977411477411477,0.5853184451746977,0.384,0.5385810916451335,0.13414654231122453,0.0035000000000000005
5163,0.5135,0.182,0.7205,0.0358312450714098,0.062,0.381955944072451,0.8351909160892994,0.083,0.4042568677985073,0.31514898697379184,0.01995272931578552
5164,0.0485,0.24392926829268288,0.8480000000000001,0.023,0.0915,0.16351525443127946,0.7705,0.47850000000000004,0.4578328929986791,0.3828508388188216,0.0035000000000000005
5165,0.054000000000000006,0.027499999999999997,0.5630000000000001,0.02137004375797767,0.053000000000000005,0.07519744960563797,0.9301538210237428,0.0455,0.33249999999999996,0.21928413784108863,0.006
5166,0.3105,0.0105,0.7035,0.0705,0.0595,0.15000000000000002,0.9535,0.3235,0.326,0.096,0.006999999999999999
5167,0.28650000000000003,0.18800000000000003,0.753,0.057470297029702966,0.121,0.6468224032826722,0.5181143004864353,0.08399999999999999,0.42749900990099016,0.268,0.01849582004179958
5168,0.256,0.10200000000000001,0.566,0.04447029702970297,0.05550000000000001,0.2634427314818225,0.7841581632653061,0.0445,0.496,0.2285,0.016480937729447035
5169,0.13799999999999998,0.1254421605382547,0.6765000000000001,0.11780396400075074,0.0995,0.34919976960074506,0.1405,0.1075,0.401249504950495,0.2769914954234994,0.012496858465608466
5170,0.028000000000000004,0.0455,0.6499999999999999,0.019,0.004,0.12877411477411477,0.729,0.0425,0.6052490099009901,0.05800000000000001,0.006
5171,0.1135,0.176,0.924,0.03387674727232541,0.1105,0.3261768393326803,0.611240465416936,0.24900000000000003,0.47133289299867903,0.478374838355914,0.0125
5172,0.019500000000000003,0.0435,0.3625,0.0245,0.03200000000000001,0.14950000000000002,0.5574999999999999,0.011,0.34334968354430384,0.0504039603960396,0.0
5173,0.604,0.008,0.6475,0.042499999999999996,0.0165,0.1585,0.8939999999999999,0.0315,0.4095,0.19640316205533598,0.003
5174,0.35100000000000003,0.1085,0.5974999999999999,0.07442035398230087,0.0755,0.1915,0.8714999999999999,0.0825,0.4116666666666666,0.3446945586866379,0.033993756161682556
5175,0.033999999999999996,0.015,0.514,0.0819414246467818,0.008499999999999999,0.0935,0.969,0.010499999999999999,0.3947,0.14579642997483572,0.0
5176,0.782,0.0155,0.6265,0.07342861911119587,0.053000000000000005,0.23685410094637221,0.7085000000000001,0.031,0.3989495249406176,0.10304490857939523,0.007000000000000001
5177,0.1955,0.12050000000000001,0.7545,0.029334576245648714,0.064,0.2207683664097794,0.6974265106756361,0.086,0.5085000000000001,0.21825351194809334,0.017487345879299156
5178,0.5665,0.03498021828103684,0.627,0.02997029702970297,0.08349999999999999,0.13449999999999998,0.8536179828734538,0.225,0.49712462908011873,0.14004947428641962,0.003
5179,0.31300000000000006,0.183,0.5740000000000001,0.047,0.094,0.18504291507589282,0.7852765084966216,0.14550000000000002,0.37124999999999997,0.350903162055336,0.026000000000000002
5180,0.30649999999999994,0.1265,0.567,0.013000000000000001,0.093,0.18073121463949104,0.5836972273823597,0.1645,0.3135,0.19,0.015491602417481093
5181,0.008499999999999999,0.01,0.5875,0.04,0.002,0.11950000000000001,0.9935668824163969,0.002,0.2665,0.091,0.0015
5182,0.262,0.14797396768402155,0.74,0.044311547091984545,0.11499999999999999,0.9124698173865543,0.48975348388580126,0.12049999999999998,0.5416246290801187,0.20983414797082892,0.029000000000000005
5183,0.4215,0.0485,0.524,0.02447979797979798,0.1095,0.13634089226631246,0.9139208310367586,0.2445,0.4865328582739509,0.254403162055336,0.0305
5184,0.007000000000000001,0.1095,0.701,0.022400656002875628,0.0505,0.11068881412952059,0.6475,0.01,0.4175,0.25094638949671777,0.0005
5185,0.3185,0.0965,0.7615,0.03900000000000001,0.1265,0.1515,0.7983151370299895,0.567,0.6930000000000001,0.1325,0.0095
5186,0.08549999999999999,0.0435,0.571,0.03942372321344284,0.07100000000000001,0.1345,0.7785,0.033499999999999995,0.33841666666666664,0.14048453956834375,0.0034999999999999996
5187,0.4405,0.0815,0.6405000000000001,0.02591422226334783,0.0645,0.213,0.8375,0.13999999999999999,0.5104985348416077,0.27207540614889886,0.009
5188,0.018500000000000003,0.038500000000000006,0.47850000000000004,0.09046938775510202,0.027000000000000003,0.10935410094637224,0.902240465416936,0.010499999999999999,0.34416622691292875,0.2139976300427945,0.002
5189,0.36,0.08449999999999999,0.5675,0.04489915966386555,0.13899999999999998,0.1040702374700427,0.9414999999999999,0.1095,0.6391661716171617,0.2115335542339727,0.014000000000000002
5190,0.2775,0.14047354260089687,0.6799999999999999,0.0375,0.101,0.7889565572986486,0.551461615305221,0.0805,0.636249504950495,0.14144687842278203,0.015000000000000003
5191,0.009999999999999998,0.022,0.5475,0.028358903892251302,0.008,0.17418913226621738,0.8702359657469076,0.05499999999999999,0.4275412269129288,0.18490396039603962,0.006481106278687046
5192,0.2105,0.0305,0.7685,0.08307989070106402,0.15150000000000002,0.30940205435129386,0.6514314397761843,0.052500000000000005,0.5155000000000001,0.09573698778731601,0.0055
5193,0.3955,0.22400000000000003,0.7329999999999999,0.03140508591675494,0.0935,0.22987573991020938,0.933,0.0875,0.5583324538258575,0.3024449595901194,0.032
5194,0.0245,0.01,0.6565,0.022000000000000002,0.032,0.17200000000000001,0.849066882416397,0.008000000000000002,0.26866666666666666,0.05700000000000001,0.0015
5195,0.014000000000000002,0.06780971274530705,0.5055000000000001,0.049838600925703865,0.059,0.11800000000000002,0.8780000000000001,0.017499999999999998,0.29066622691292876,0.12327252408167647,0.0155
5196,0.23149999999999998,0.016461942257217848,0.571,0.068,0.124,0.09899999999999999,0.9005000000000001,0.05750000000000001,0.4780833333333333,0.12309174921852847,0.012
5197,0.31050000000000005,0.1265,0.6834999999999999,0.05500000000000001,0.0865,0.2877741147741148,0.7419426637955473,0.0855,0.5388745596653456,0.11850000000000001,0.023
5198,0.101,0.0385,0.46699999999999997,0.006969387755102041,0.1605,0.09541784119655411,0.6450000000000001,0.034,0.570499560246262,0.269,0.003
5199,0.072,0.0605,0.5994999999999999,0.0305,0.10700000000000001,0.10650000000000001,0.9596538210237429,0.052000000000000005,0.599,0.10190396039603962,0.0
5200,0.14100000000000001,0.051500000000000004,0.6930000000000001,0.01197029702970297,0.6405000000000001,0.17832861910683442,0.8496179828734538,0.097,0.5612495602462622,0.12562946872249198,0.006500000000000001
5201,0.3345,0.035,0.4135,0.003,0.034999999999999996,0.11055887770686743,0.49000000000000005,0.004,0.2825,0.40599999999999997,0.0005
5202,0.30100000000000005,0.08499999999999999,0.7115,0.0784133129887469,0.1065,0.10927444987775062,0.9490000000000001,0.027500000000000004,0.30966666666666665,0.0875,0.017499999999999998
5203,0.01,0.018,0.6279999999999999,0.021500000000000002,0.02,0.21256926288983494,0.837,0.0055,0.28250000000000003,0.08600000000000001,0.004
5204,0.6114999999999999,0.08499999999999999,0.7965000000000001,0.019139657646211075,0.1835,0.2558188381415462,0.925,0.0475,0.6411071501553824,0.19907644912843175,0.0045
5205,0.08499999999999999,0.033,0.3585,0.05779841843518694,0.027000000000000003,0.15750000000000003,0.8115358381502891,0.057499999999999996,0.5904157318634238,0.1079039603960396,0.0035000000000000005
5206,0.2405,0.15648663594470044,0.7060000000000001,0.093,0.061,0.112128215720487,0.9090606466690012,0.0925,0.6335,0.14523213835139342,0.004
5207,0.0075,0.06829962227905792,0.532,0.0435,0.0245,0.1107744498777506,0.8963088989627532,0.026999999999999996,0.45249950495049507,0.03778413784108858,0.0075
5208,0.2475,0.0695,0.732,0.0669203539823009,0.031,0.16999999999999998,0.9545852220825305,0.025,0.6232495049504951,0.05349999999999999,0.003
5209,0.0735,0.1835,0.8815,0.01,0.07949999999999999,0.1437098305041869,0.557,0.42349999999999993,0.38708333333333333,0.32349999999999995,0.003
5210,0.2265,0.14143487942920613,0.6475,0.0215,0.095,0.3296109063604667,0.6938539486203615,0.1875,0.5405823432343235,0.18857569503413724,0.022492180444316483
5211,0.046,0.0075000000000000015,0.6225,0.075,0.0095,0.18354856465186536,0.977,0.0,0.5049157312825074,0.08806239997171782,0.0
5212,0.37300000000000005,0.0905,0.5395,0.02892035398230089,0.11200000000000002,0.242040359284389,0.7012359657469077,0.127,0.45,0.2926790170250209,0.065
5213,0.0155,0.025,0.5635000000000001,0.03844392523364486,0.0185,0.1745,0.947566882416397,0.151,0.2535,0.24009366964675496,0.0024777191995637078
5214,0.014000000000000002,0.0315,0.6955,0.042499999999999996,0.0,0.1595,0.8925000000000001,0.016,0.5324990099009901,0.047,0.0
5215,0.233,0.1145,0.7645000000000002,0.06585029702970298,0.11200000000000002,0.3248438993744083,0.5381793129396946,0.076,0.5538323432343233,0.21483494631153258,0.01
5216,0.14750000000000002,0.0895,0.883,0.12895499090725399,0.091,0.17091061086778972,0.982,0.0435,0.5122495049504951,0.04160709048281788,0.001
5217,0.1495,0.05650000000000001,0.4065,0.0125,0.02,0.10700000000000001,0.8885,0.0155,0.2145,0.2967841378410886,0.0025
5218,0.003,0.0165,0.514,0.05900000000000001,0.0115,0.142,0.9559999999999998,0.0005,0.3315996835443038,0.08133774834437087,0.003
5219,0.12350000000000001,0.2313912105499008,0.8175000000000001,0.0305,0.10900000000000001,0.2741899046123001,0.9577577985056964,0.0335,0.528249504950495,0.14954331189798795,0.014480939834621101
5220,0.08349999999999999,0.04248021828103683,0.6295,0.043484693877551016,0.064,0.2949027702136371,0.327,0.1085,0.4331666666666666,0.066,0.004999999999999999
5221,0.49250000000000005,0.002,0.5105,0.043,0.031,0.11950000000000001,0.915,0.001,0.21133333333333332,0.11340396039603959,0.008
5222,0.7355,0.0055,0.6199999999999999,0.020940594059405942,0.08349999999999999,0.1026659515272325,0.9765,0.1385,0.5030995245641838,0.35874839106421924,0.0045
5223,0.015000000000000003,0.018000000000000002,0.5309999999999999,0.02092035398230089,0.0885,0.19383313483196463,0.027500000000000004,0.0115,0.7283333333333334,0.042446389496717724,0.0025
5224,0.39899999999999997,0.17099999999999999,0.6940000000000001,0.0435,0.082,0.10300000000000001,0.7565,0.19,0.437,0.37350000000000005,0.010499999999999999
5225,0.33999999999999997,0.09897396768402153,0.645,0.10197029702970298,0.063,0.15677383863080685,0.9617359657469077,0.0495,0.583,0.124,0.016
5226,0.0105,0.027000000000000003,0.5824999999999999,0.034499999999999996,0.028500000000000004,0.163,0.7561646520492159,0.008499999999999999,0.449,0.06949999999999999,0.0005
5227,0.5435000000000001,0.1535,0.6445000000000001,0.0365,0.077,0.3685452940675087,0.7392006472491909,0.1665,0.4629485695663357,0.2903144459903496,0.031
5228,0.0095,0.004,0.5425,0.06347029702970297,0.007000000000000001,0.1475,0.962,0.001,0.42899999999999994,0.09074170874041046,0.004999999999999999
5229,0.2285,0.07847354260089687,0.6845000000000001,0.13810574962483022,0.096,0.22400000000000003,0.9192359657469076,0.10700000000000001,0.43466424671490894,0.12341832751667503,0.001
5230,0.0305,0.0034999999999999996,0.5934999999999999,0.037,0.052500000000000005,0.11300000000000002,0.8539999999999999,0.012,0.2675,0.13049999999999998,0.003
5231,0.6804999999999999,0.12250000000000001,0.6169999999999999,0.0015,0.0925,0.2391141018966459,0.861,0.3915,0.2655,0.417,0.008000000000000002
5232,0.16599999999999998,0.04750000000000001,0.4305,0.10600000000000001,0.0445,0.1375,0.8195,0.023000000000000003,0.263,0.20400000000000001,0.0155
5233,0.0595,0.11199999999999999,0.9490000000000001,0.0125,0.07,0.17877116475491622,0.6045,0.5,0.4845833333333333,0.145,0.002
5234,0.11499999999999999,0.062,0.5980000000000001,0.049999999999999996,0.027000000000000003,0.12846668348832774,0.7876179828734537,0.162,0.5713333333333332,0.23900000000000002,0.0034999999999999996
5235,0.014000000000000002,0.022,0.5355000000000001,0.037,0.025500000000000002,0.1315,0.9625,0.0005,0.4,0.2449039603960396,0.0015
5236,0.19,0.042499999999999996,0.8240000000000001,0.06100000000000001,0.048,0.10852914611915776,0.924,0.529,0.33899999999999997,0.5565,0.003
5237,0.014000000000000002,0.002,0.592,0.021715548595675892,0.049,0.185,0.8084999999999999,0.012,0.18950000000000003,0.026500000000000003,0.0005
5238,0.5494999999999999,0.033999999999999996,0.4795,0.03498969072164949,0.1325,0.08322360557768924,0.8889999999999999,0.231,0.47050000000000003,0.22794638949671775,0.026000000000000002
5239,0.315,0.027000000000000003,0.709,0.04497029702970297,0.083,0.12268921920782619,0.9844999999999999,0.126,0.639,0.08409274834437085,0.009
5240,0.028000000000000004,0.017499999999999998,0.5795,0.032,0.009999999999999998,0.1775,0.7935000000000001,0.005,0.4135,0.05600000000000001,0.0005
5241,0.015,0.020999999999999998,0.526,0.033,0.028999999999999998,0.1685,0.702905117466152,0.016499999999999997,0.5290000000000001,0.082,0.0
5242,0.324,0.08464549537058821,0.7375,0.052954990907253995,0.0855,0.24323710263807805,0.9168088989627533,0.019,0.6279999999999999,0.15880632411067194,0.002
5243,0.3575,0.0045000000000000005,0.457,0.0335,0.023,0.0795,0.8795,0.0435,0.3935,0.21150000000000002,0.0015
5244,0.18,0.05500000000000001,0.7095,0.03759937438291047,0.0695,0.08535410094637225,0.9030000000000001,0.0865,0.6180416666666667,0.14961531856504726,0.0105
5245,0.3735,0.19142926829268292,0.6195,0.050470297029702973,0.1255,0.23685698083505663,0.5540668824163969,0.1665,0.5365,0.3077379179047481,0.027000000000000003
5246,0.133,0.041,0.7635000000000001,0.051925287936956964,0.094,0.22277411477411477,0.9262359657469077,0.0445,0.47708283828382836,0.10383774834437084,0.012487345879299155
5247,0.029000000000000005,0.0215,0.667,0.075,0.032,0.1444630020663028,0.922,0.0185,0.1685,0.15699999999999997,0.0005
5248,0.4245,0.1125,0.7405,0.02,0.0895,0.11248231666685926,0.888566882416397,0.0435,0.42989968279143537,0.274,0.0034999999999999996
5249,0.10800000000000001,0.18735073693998644,0.6515000000000001,0.3685,0.1145,0.2641045826328716,0.852,0.07150000000000001,0.556,0.1539039603960396,0.002
5250,0.20350000000000001,0.05500000000000001,0.6845000000000001,0.052439684784805006,0.0905,0.1615485646518654,0.6582560277693268,0.159,0.652740401902748,0.20589575034729105,0.013993593955321945
5251,0.5155000000000001,0.131,0.575,0.052839510200304786,0.07050000000000001,0.2583774333878853,0.7918450860577722,0.301,0.442049504950495,0.4026897092507153,0.0325
5252,0.33049999999999996,0.032,0.586,0.029489690721649486,0.077,0.1015,0.9715,0.14300000000000002,0.5635,0.2682409103997068,0.015000000000000003
5253,0.057999999999999996,0.045979890933878664,0.63,0.027500000000000004,0.0635,0.20749999999999996,0.9045466691757621,0.041499999999999995,0.39375000000000004,0.0832428308279333,0.0015
5254,0.052000000000000005,0.014000000000000002,0.632,0.0125,0.072,0.22443915068146741,0.7105,0.05800000000000001,0.34850000000000003,0.0875,0.0015
5255,0.34500000000000003,0.22149999999999997,0.6935,0.06504738718605285,0.09599999999999999,0.3602064200112864,0.7250257955435331,0.22149999999999997,0.5968412263320123,0.2903520006067621,0.006
5256,0.5075,0.2815,0.7835,0.026000000000000002,0.10400000000000001,0.2698774475631288,0.6118539643746864,0.351,0.42699999999999994,0.3622905982905983,0.016993593955321944
5257,0.5800000000000001,0.5530000000000002,0.8515,0.0225,0.13699999999999998,0.3997827212390119,0.482846049592525,0.3385,0.3025,0.6494463894967177,0.23349999999999999
5258,0.5740000000000001,0.0495,0.5509999999999999,0.0225,0.0985,0.1779304463896226,0.8526179828734539,0.12400000000000003,0.263,0.4729463894967177,0.002
5259,0.30599999999999994,0.10889121054990077,0.7165,0.11875562373376583,0.0505,0.1505,0.9325000000000001,0.1475,0.5189166666666667,0.21102744623870637,0.011472094127612392
5260,0.2585,0.11793487942920618,0.466,0.07144059405940592,0.061,0.26100616211622496,0.5809891854715465,0.1315,0.37786573128250744,0.217369257034676,0.0025
5261,0.2555,0.08796043656207367,0.531,0.07200000000000001,0.07999999999999999,0.15327383863080685,0.588,0.1325,0.5635,0.22400000000000003,0.01
5262,0.41050000000000003,0.05700000000000001,0.5265000000000001,0.0235,0.0875,0.16869485458145922,0.5355668824163969,0.10699999999999998,0.5862499999999999,0.14750000000000002,0.006500000000000001
5263,0.03899999999999999,0.042,0.593,0.0165,0.03,0.17708161478369985,0.466,0.0395,0.433,0.07449999999999998,0.0
5264,0.30399999999999994,0.06392926829268293,0.6545,0.04494392523364486,0.085,0.1485,0.5677611368685063,0.27849999999999997,0.392,0.336,0.004
5265,0.1105,0.044500000000000005,0.636,0.0235,0.0185,0.19508161478369987,0.64,0.037,0.6416662269129288,0.08650000000000001,0.008000000000000002
5266,0.028000000000000004,0.013000000000000001,0.5744999999999999,0.047,0.008499999999999999,0.131,0.9655000000000001,0.0105,0.3265,0.13349999999999998,0.0045
5267,0.277,0.14247354260089687,0.767,0.056970297029702965,0.1085,0.9462236055776894,0.4929995496372353,0.0595,0.6415,0.1543660970023859,0.027000000000000003
5268,0.5695,0.046,0.606,0.049399159663865544,0.0615,0.1041279395771791,0.7993431631621913,0.1605,0.612332892998679,0.17223872391634426,0.0025
5269,0.044000000000000004,0.07429498599821513,0.61,0.031,0.016999999999999998,0.149646247936205,0.5640000000000001,0.0455,0.43,0.10999999999999999,0.002
5270,0.065,0.0425,0.53,0.042940594059405944,0.0235,0.15,0.9375,0.029000000000000005,0.45866622691292874,0.198,0.0025
5271,0.05,0.03747989093387867,0.5965,0.03544392523364486,0.0875,0.21068913226621735,0.8153072757617637,0.0295,0.4322500000000001,0.07515135693099731,0.001
5272,0.0165,0.051000000000000004,0.44700000000000006,0.01,0.27999999999999997,0.157,0.491,0.002,0.4585,0.23900000000000002,0.0
5273,0.10800000000000001,0.2835,0.776,0.04124955490425516,0.086,0.3227367817367817,0.5253369274147953,0.2795,0.525,0.1898473701418414,0.025
5274,0.095,0.0805,0.6555,0.031397324828636705,0.0375,0.19328286780774517,0.7366179828734538,0.051000000000000004,0.4905412269129288,0.14584067668534825,0.0075
5275,0.019,0.019999999999999997,0.501,0.06683951020030479,0.0235,0.14,0.9504999999999999,0.012999999999999998,0.25180801687763715,0.08969955496132483,0.006500000000000001
5276,0.062,0.022,0.5279999999999999,0.02592035398230088,0.021,0.0925,0.9146179828734539,0.019,0.3735,0.21390396039603962,0.001
5277,0.34199999999999997,0.078,0.6025,0.033,0.073,0.11331702985000762,0.7178899721549274,0.14,0.562249504950495,0.36550000000000005,0.014500000000000002
5278,0.2745,0.2245,0.7379999999999999,0.055954990907254,0.051000000000000004,0.7629648977481871,0.8953028481633046,0.146,0.49949999999999994,0.3704463894967177,0.012
5279,0.0375,0.011,0.579,0.028000000000000004,0.016499999999999997,0.09964400256574728,0.9675668824163971,0.0205,0.4145,0.069850040478118,0.0034999999999999996
5280,0.003,0.006,0.5135,0.025500000000000002,0.029500000000000005,0.14250000000000002,0.9420000000000002,0.012,0.40499999999999997,0.0635,0.0015
5281,0.10200000000000001,0.156,0.587,0.09779382960649645,0.1365,0.5886496673459635,0.4782106546033722,0.143,0.2925,0.088,0.0105
5282,0.575,0.148,0.6184999999999998,0.0195,0.0745,0.25422293547916375,0.8368539486203617,0.3335,0.39369952494061755,0.35735004047811797,0.019
5283,0.0115,0.009,0.484,0.081,0.012,0.145,0.9109999999999999,0.0025,0.3625,0.09124170874041046,0.0005
5284,0.05600000000000001,0.14700000000000002,0.8885,0.012,0.074,0.1809359952099035,0.5315,0.5055,0.46425,0.1275,0.016499999999999997
5285,0.1495,0.16350000000000003,0.6980000000000001,0.033,0.1555,0.16505446482712194,0.591757726434127,0.0425,0.5007495049504951,0.29329059829059834,0.0045000000000000005
5286,0.4089753141387157,0.057999999999999996,0.602,0.09637405713535796,0.12700000000000003,0.6415,0.874,0.126,0.43949999999999995,0.16248479933799426,0.015000000000000003
5287,0.366,0.09343530451233084,0.562,0.0674293755064545,0.0875,0.20885572955781467,0.6428028481633047,0.22149999999999997,0.4357232532069987,0.21013871993605368,0.003
5288,0.40549999999999997,0.147,0.7305,0.029428619111195875,0.1935,0.1418170298500076,0.8089999999999999,0.077,0.49499999999999994,0.2539031620553359,0.014481724911830718
5289,0.251,0.0185,0.5195000000000001,0.02528821055459926,0.0355,0.10978800513149453,0.847740465416936,0.119,0.5769569723144421,0.3305251113393294,0.0075
5290,0.020999999999999998,0.006500000000000001,0.738,0.030500000000000006,0.0175,0.1617741147741148,0.986,0.0045,0.378,0.07050000000000001,0.0025
5291,0.4145,0.0825,0.7595,0.03048469387755102,0.1025,0.12011638154484187,0.8951009616678878,0.1165,0.61525,0.24858875672356975,0.0005
5292,0.074,0.11350000000000002,0.6060000000000001,0.03635390704815284,0.052000000000000005,0.13335522482829967,0.5926178707224334,0.05,0.5329485901373747,0.0476233629004981,0.0045000000000000005
5293,0.0085,0.018,0.5810000000000001,0.045,0.0935,0.14068881412952058,0.9244999999999999,0.001,0.37250000000000005,0.16999999999999998,0.0005
5294,0.016,0.06696194225721784,0.5584999999999999,0.006,0.028000000000000004,0.2205,0.6727205912891194,0.0205,0.40650000000000003,0.0315,0.0
5295,0.0055,0.007000000000000001,0.6895000000000001,0.0425,0.0095,0.1155,0.9804999999999999,0.0005,0.3365,0.1389039603960396,0.002
5296,0.2985,0.20597989093387867,0.711,0.0859108910891089,0.10350000000000001,0.03435410094637224,0.7225084261205554,0.09949999999999999,0.5930324179392966,0.16177776184818507,0.040499999999999994
5297,0.08,0.15146133682830928,0.7085,0.052000000000000005,0.07899999999999999,0.17277411477411478,0.5566178707224334,0.028000000000000004,0.335,0.1307373100261649,0.006490614627291015
5298,0.15999999999999998,0.0495,0.6675,0.03295673076923077,0.0305,0.09268913226621736,0.8629999999999999,0.099,0.5747495049504951,0.24724170874041046,0.002
5299,0.020500000000000004,0.05399999999999999,0.6405000000000001,0.017890651012003857,0.0075000000000000015,0.195134377836712,0.8324999999999999,0.0034999999999999996,0.47050000000000003,0.03983774834437086,0.0
5300,0.0785,0.037,0.798,0.0245,0.11699999999999999,0.18762855082412283,0.781,0.029500000000000005,0.533,0.07190316205533596,0.003
5301,0.0875,0.0335,0.7135,0.030500000000000006,0.038,0.1990485646518654,0.8404999999999999,0.043000000000000003,0.5234578935795954,0.13083887043189368,0.006469391253927437
5302,0.16949999999999998,0.082,0.7685000000000001,0.13399999999999998,0.07999999999999999,0.19623742077477482,0.5412516355552274,0.054000000000000006,0.5800000000000001,0.09140396039603961,0.006
5303,0.13799999999999998,0.1254421605382547,0.6765000000000001,0.11780396400075074,0.0995,0.34919976960074506,0.1405,0.1075,0.401249504950495,0.2769914954234994,0.012496858465608466
5304,0.0955,0.033499999999999995,0.506,0.006920353982300885,0.0765,0.17623769691808272,0.09969091608929946,0.101,0.592,0.0777852599286114,0.0025
5305,0.0885,0.10242267365661861,0.7894999999999999,0.02895499090725399,0.0365,0.09789225393127549,0.9364999999999999,0.051500000000000004,0.4272495049504951,0.12978053746754664,0.0075
5306,0.095,0.029500000000000005,0.5880000000000001,0.031,0.039,0.10450000000000001,0.9844999999999999,0.0205,0.3719990099009901,0.183946878422782,0.006500000000000001
5307,0.6365000000000001,0.0375,0.733,0.04238385354141657,0.094,0.10900000000000001,0.9984999999999999,0.1035,0.5223745049504951,0.16471773416191116,0.004
5308,0.10049999999999999,0.026000000000000002,0.3305,0.053788432278048116,0.10400000000000001,0.2645209777178009,0.7416179828734539,0.0235,0.41899999999999993,0.2349463894967177,0.009999999999999998
5309,0.23400000000000004,0.16349999999999998,0.704,0.128970297029703,0.10500000000000001,0.19150681535655759,0.4332744325174064,0.10900000000000001,0.5055,0.2379463894967177,0.0115
5310,0.1075,0.13219951725019552,0.646,0.3119286191111959,0.082,0.2404023894549297,0.888240465416936,0.0195,0.5880000000000001,0.071,0.003
5311,0.1265,0.11850000000000001,0.8065,0.040499999999999994,0.09749999999999999,0.0991423001933932,0.7245186006695776,0.10750000000000001,0.49849999999999994,0.2495,0.010993756161682551
5312,0.0245,0.0185,0.5835,0.03250000000000001,0.0165,0.14532271202683278,0.9504999999999999,0.0045,0.34850000000000003,0.0835,0.001
5313,0.001,0.0185,0.6275,0.014000000000000002,0.018000000000000002,0.23206926288983495,0.8915,0.0005,0.304,0.072,0.0045
5314,0.0095,0.012,0.5660000000000001,0.279970297029703,0.029500000000000005,0.13599999999999998,0.8215,0.001,0.5535,0.0905,0.0
5315,0.766,0.016000000000000004,0.5645,0.026500000000000003,0.06000000000000001,0.08622360557768924,0.9065000000000001,0.146,0.33491666666666664,0.1518495515520537,0.013000000000000001
5316,0.496,0.024,0.5880000000000001,0.08980103594478153,0.0775,0.18959152172114707,0.8536179828734539,0.125,0.3479152011318406,0.1863139934340857,0.0125
5317,0.0925,0.11397354260089684,0.621,0.055470297029702964,0.15750000000000003,0.30359121778678977,0.4525362383528783,0.07250000000000001,0.6543,0.1125,0.0075000000000000015
5318,0.1645,0.041,0.5319999999999999,0.06685814749699269,0.0945,0.17385410094637227,0.8955,0.047,0.3740828382838284,0.19,0.012
5319,0.22799999999999998,0.10400000000000001,0.7065,0.03588361001844988,0.16499999999999998,0.945,0.6212065483064471,0.066,0.5134985701472521,0.1618547406469473,0.0125
5320,0.6005,0.031000000000000007,0.7505,0.047333948550917514,0.0735,0.15746297089702418,0.975,0.1075,0.6403000000000001,0.1319314179911258,0.003999999999999999
5321,0.341,0.24847396768402158,0.7355,0.044298588677056314,0.1295,0.986,0.5078824071510283,0.20249999999999999,0.5021657859973581,0.27042246526184666,0.0365
5322,0.256,0.17450000000000002,0.726,0.015,0.1085,0.2344659760124448,0.5257825227716494,0.16149999999999998,0.5981662269129286,0.218403162055336,0.004999999999999999
5323,0.06000000000000001,0.08800000000000001,0.9259999999999999,0.013000000000000001,0.083,0.14456426655419494,0.608,0.5595000000000001,0.5535,0.1145,0.003
5324,0.0225,0.018,0.545,0.0805,0.020999999999999998,0.13699999999999998,0.9810000000000001,0.026500000000000003,0.45658289299867905,0.1025,0.004
5325,0.484,0.08047989093387867,0.42299999999999993,0.07041422226334783,0.08149999999999999,0.4049183949797703,0.3448340700843518,0.3295,0.40599999999999997,0.3625,0.01
5326,0.1275,0.08349999999999999,0.5834999999999999,0.07847692185682562,0.08600000000000001,0.135,0.8312339706599895,0.07549999999999998,0.43749956024626213,0.12450634964616547,0.0475
5327,0.037,0.06981388420651938,0.8365,0.009,0.05600000000000001,0.13527411477411477,0.7935,0.052500000000000005,0.577499560246262,0.10250000000000001,0.0125
5328,0.0005,0.032499999999999994,0.43550000000000005,0.0095,0.022,0.1597741147741148,0.817,0.008499999999999999,0.365,0.0835,0.004
5329,0.0945,0.031,0.43499999999999994,0.03894059405940595,0.0325,0.15499265495567024,0.933,0.0345,0.494249504950495,0.11883774834437086,0.002
5330,0.005,0.0195,0.581,0.034499999999999996,0.0375,0.11850000000000001,0.9545,0.006500000000000001,0.2853333333333333,0.11030792079207921,0.013000000000000001
5331,0.44049999999999995,0.067,0.6415,0.025,0.08449999999999999,0.11992334400915568,0.4341179828734538,0.14250000000000002,0.34491666666666665,0.3926766187762646,0.0
5332,0.10700000000000001,0.065,0.6054999999999999,0.02897029702970297,0.092,0.1424630020663028,0.7010000000000001,0.074,0.422,0.3539315937940762,0.015
5333,0.301,0.24699999999999997,0.7989999999999999,0.045,0.0755,0.5381261510488956,0.8138882205347802,0.2065,0.5175,0.35244638949671775,0.013000000000000001
5334,0.18400000000000002,0.07,0.517,0.05573509516696472,0.12050000000000001,0.1134630020663028,0.8720000000000001,0.1355,0.504549504950495,0.15080712245137556,0.007000000000000001
5335,0.3115,0.031836504938142045,0.5704999999999999,0.0465,0.11000000000000001,0.32738984893855355,0.841,0.10049999999999999,0.47000000000000003,0.18025271360738965,0.0045
5336,0.334,0.079,0.5355000000000001,0.11439420203706833,0.19499999999999998,0.16599805545543983,0.9108974972857945,0.1105,0.515749504950495,0.19885034989275735,0.027499999999999997
5337,0.4965,0.3488871563032996,0.7865,0.07791422226334783,0.079,0.23582240328267226,0.7453423966833542,0.5615,0.28112450495049507,0.1186154159779523,0.0035000000000000005
5338,0.046,0.014000000000000002,0.5575,0.01231798236900283,0.073,0.10177383863080684,0.851,0.015,0.30250000000000005,0.146,0.0
5339,0.017499999999999998,0.014000000000000002,0.6315000000000001,0.07200000000000001,0.01,0.133823014529616,0.8895,0.002,0.4988328382838284,0.0643388704318937,0.009
5340,0.016999999999999998,0.0125,0.9269999999999999,0.015500000000000003,0.13399999999999998,0.19637763036476114,0.036,0.010499999999999999,0.976832892998679,0.0055,0.0035000000000000005
5341,0.1815,0.1695,0.5395000000000001,0.0851842428449617,0.147,0.46858393366390516,0.5096397920496416,0.11299999999999999,0.661,0.17450000000000002,0.0195
5342,0.0295,0.0385,0.6194999999999999,0.02,0.0,0.10489701602226509,0.857,0.0295,0.41500000000000004,0.19290396039603958,0.0
5343,0.6285,0.149,0.74,0.07238451929305081,0.07800000000000001,0.38731738506721847,0.13161798287345386,0.14900000000000002,0.48413285789751714,0.4080533968988105,0.012987666342096721
5344,0.379,0.024429268292682927,0.6555000000000001,0.028880000000000006,0.096,0.10546049433147855,0.9119999999999999,0.14750000000000002,0.5250823985300904,0.21990396039603963,0.0115
5345,0.0645,0.032,0.5375,0.033999999999999996,0.022500000000000003,0.12759682680094755,0.8710000000000001,0.035,0.22199999999999998,0.331,0.005
5346,0.315,0.09600000000000002,0.7255,0.0245,0.044500000000000005,0.11197018473062348,0.9105000000000001,0.24950000000000006,0.4453333333333333,0.34064487079574646,0.02146266674576063
5347,0.019499999999999997,0.0155,0.6544999999999999,0.015334990907253992,0.05550000000000001,0.16468913226621734,0.6740668103448275,0.014500000000000002,0.34249999999999997,0.08199999999999999,0.01
5348,0.4709999999999999,0.0245,0.594,0.08197029702970297,0.1115,0.21161162094893182,0.46299999999999997,0.16549999999999998,0.442875,0.16949999999999998,0.002
5349,0.3745,0.0935,0.5955,0.04944059405940594,0.092,0.33727643636237714,0.642961063359893,0.101,0.4819162269129288,0.29779769079646207,0.018
5350,0.048,0.027000000000000003,0.5029999999999999,0.061441424646781796,0.018,0.08399999999999999,0.9176179828734539,0.0305,0.34674950495049506,0.0848401463422818,0.0035000000000000005
5351,0.506,0.13499999999999998,0.7265,0.07262907735320749,0.11750000000000001,0.3676888141295206,0.2761920808154711,0.21300000000000002,0.5441666666666667,0.23078584466484325,0.0105
5352,0.0035000000000000005,0.0335,0.661,0.03647029702970297,0.009000000000000001,0.23427383863080684,0.9814999999999999,0.004,0.32500000000000007,0.06549999999999999,0.0
5353,0.164,0.0455,0.5980000000000001,0.05522834266310679,0.0785,0.06568881412952061,0.884,0.0115,0.4405,0.1505,0.01
5354,0.022000000000000002,0.0305,0.541,0.059,0.0385,0.118,0.9282352622616639,0.015,0.446082892998679,0.052500000000000005,0.003
5355,0.5865,0.030499999999999992,0.7405,0.06545499090725398,0.0865,0.11227383863080684,0.9875,0.0655,0.551125,0.2512547992148612,0.0125
5356,0.19649999999999998,0.0895,0.7685,0.03361114697863016,0.1265,0.2245485646518654,0.860066882416397,0.07949999999999999,0.5569991332953911,0.09697882830445492,0.0025
5357,0.1375,0.0445,0.6704999999999999,0.04494392523364486,0.052000000000000005,0.178963582143968,0.6924163241288641,0.1125,0.41824950495049507,0.12794638949671772,0.023
5358,0.20049999999999998,0.10600000000000001,0.6425,0.09099145750838149,0.11749999999999998,0.3690488997555012,0.4916909542272241,0.10250000000000001,0.37,0.16999999999999998,0.03
5359,0.125,0.085,0.6975,0.0225,0.078,0.089,0.7357486652157528,0.06,0.4658746283448959,0.10790316205533598,0.002
5360,0.1875,0.03696194225721785,0.708,0.049390651012003864,0.045,0.1715,0.9795000000000001,0.014500000000000002,0.34983333333333333,0.18290396039603962,0.008496775260459732
5361,0.0915,0.15050000000000002,0.7155,0.05,0.057499999999999996,0.16087768445476952,0.636240465416936,0.01,0.808,0.10600000000000001,0.004
5362,0.088,0.0115,0.615,0.03997029702970297,0.0085,0.1877744498777506,0.8440000000000001,0.0225,0.43600000000000005,0.1695,0.0034999999999999996
5363,0.078,0.13397396768402153,0.954,0.09481951364616643,0.072,0.16418913226621737,0.9755668824163969,0.06,0.487,0.05133887043189368,0.0025
5364,0.2785,0.14150000000000001,0.6935,0.057499999999999996,0.11200000000000002,0.0875,0.5096464132907601,0.091,0.3285,0.18194638949671776,0.009500000000000001
5365,0.012,0.0045,0.5635,0.05750000000000001,0.008,0.14400000000000002,0.9800000000000001,0.0015,0.27349999999999997,0.101,0.0125
5366,0.4175,0.12747354260089688,0.737,0.04085481632275377,0.0755,0.21470848137257587,0.8891275360324947,0.178,0.5677495602462621,0.2603505354130971,0.0305
5367,0.276,0.08049999999999999,0.658,0.027000000000000003,0.07100000000000001,0.1925,0.8369585273643294,0.08549999999999999,0.6035,0.21778525992861142,0.013487666342096721
5368,0.11800000000000002,0.061499999999999985,0.7545,0.012,0.0685,0.19400616211622496,0.7645,0.126,0.7261662269129288,0.07549999999999998,0.009500000000000001
5369,0.454,0.062,0.727,0.03481222912964575,0.0925,0.15304822954822953,0.9345000000000001,0.039,0.5516661716171617,0.08394687842278203,0.0045
5370,0.165,0.0245,0.607,0.09741422226334782,0.0425,0.16999999999999998,0.9209999999999999,0.0025,0.44934968354430377,0.11674170874041045,0.0005
5371,0.01,0.009000000000000001,0.6250000000000001,0.0305,0.0085,0.14800000000000002,0.9746179828734538,0.015000000000000003,0.335,0.09840316205533597,0.0055
5372,0.14450000000000002,0.041999999999999996,0.526,0.005,0.1255,0.0603706654317544,0.6674999999999999,0.04,0.49400000000000005,0.34249999999999997,0.003
5373,0.44350000000000006,0.16499999999999998,0.6905000000000001,0.05194392523364486,0.151,0.17504856465186538,0.9171179828734537,0.1,0.3065823979491741,0.20801564303102352,0.0105
5374,0.0375,0.0215,0.5574999999999999,0.050454990907253985,0.021,0.12250000000000001,0.9664999999999999,0.0165,0.4533666666666666,0.11159174921852848,0.006
5375,0.8100000000000002,0.002,0.4795,0.024,0.03849999999999999,0.13823769691808277,0.7605,0.08,0.33849999999999997,0.26835034989275736,0.0
5376,0.029500000000000005,0.08499999999999999,0.248,0.09724616084057384,0.151,0.501803950165426,0.42876002234926,0.026000000000000002,0.36550000000000005,0.028499999999999998,0.0005
5377,0.29050000000000004,0.14097989093387867,0.6439999999999999,0.04341422226334783,0.10500000000000001,0.10705341190921183,0.7469364287735089,0.11950000000000001,0.5735399192927491,0.18634073107851362,0.027000000000000003
5378,0.377,0.13447989093387866,0.628,0.06939402024314581,0.092,0.19250000000000003,0.7586212940633598,0.0935,0.545280739980152,0.12744198191758266,0.03
5379,0.033999999999999996,0.018,0.5660000000000001,0.026470297029702973,0.006500000000000001,0.15168913226621736,0.7914999999999999,0.013000000000000001,0.4806662269129287,0.0805,0.0105
5380,0.48599999999999993,0.098,0.654,0.08398469387755102,0.137,0.24916651522197464,0.9207313495176658,0.10499999999999998,0.4205,0.2617708557391291,0.007000000000000001
5381,0.22949999999999998,0.22000000000000003,0.7185,0.1238664379939749,0.10149999999999999,0.24792755857851373,0.4925,0.10400000000000001,0.46900000000000003,0.32300000000000006,0.020999999999999998
5382,0.135,0.0375,0.7310000000000001,0.0485,0.0675,0.13677383863080686,0.878997026559917,0.036000000000000004,0.5667500000000001,0.12250000000000001,0.006500000000000001
5383,0.7195,0.13197354260089686,0.7929999999999999,0.047345641919257844,0.1255,0.15918881412952063,0.8955466691757621,0.07050000000000001,0.5783819576145197,0.25864063876871635,0.056999999999999995
5384,0.125,0.085,0.6975,0.0225,0.078,0.089,0.7357486652157528,0.06,0.4658746283448959,0.10790316205533598,0.002
5385,0.051500000000000004,0.0715,0.907,0.027500000000000004,0.11200000000000002,0.22782240328267225,0.16650000000000004,0.055499999999999994,0.9013328929986789,0.03977152796360717,0.001
5386,0.17650000000000002,0.16599999999999998,0.7839999999999999,0.05090391298499732,0.11200000000000002,0.15505785262171246,0.9775,0.0455,0.529824628344896,0.17502277100581518,0.009000000000000001
5387,0.3495,0.29942772856595523,0.7375,0.042499999999999996,0.1375,0.4469153042421096,0.6152544542654649,0.15399999999999997,0.445,0.28200000000000003,0.0085
5388,0.1115,0.095,0.5455,0.051000000000000004,0.031999999999999994,0.08301724734112825,0.885,0.065,0.5595,0.21949999999999997,0.0055000000000000005
5389,0.5055000000000001,0.12450000000000001,0.6865,0.023906450242622446,0.069,0.18318640472079645,0.8390000000000001,0.16549999999999998,0.414,0.27943159379407617,0.008499999999999999
5390,0.47000000000000003,0.11679366346806405,0.8345,0.10132753525209473,0.1295,0.394963582143968,0.41873596574690775,0.1395,0.724,0.12150000000000001,0.0045000000000000005
5391,0.24300000000000002,0.013000000000000001,0.5755,0.053869456693568504,0.3125,0.093,0.9635,0.073,0.5843333333333334,0.096,0.0045
5392,0.0375,0.02,0.477,0.044500000000000005,0.12050000000000001,0.10968881412952061,0.9055,0.0055,0.43950000000000006,0.17850000000000002,0.001
5393,0.221,0.0895,0.6985,0.06499999999999999,0.06599999999999999,0.0175,0.8851985966936724,0.1455,0.5599999999999999,0.18189375684556408,0.014499999999999999
5394,0.297,0.187,0.7485,0.07711909300630025,0.051500000000000004,0.8232741147741148,0.8618088989627534,0.1,0.5538333333333333,0.2531872998964246,0.010499999999999999
5395,0.34950000000000003,0.18847354260089685,0.7775000000000001,0.0745,0.14150000000000001,0.40956179562994643,0.6687640170203806,0.1675,0.626,0.17790396039603962,0.03997811665785307
5396,0.242,0.1329450063211125,0.5660000000000001,0.024,0.0975,0.3147348852489012,0.1285,0.1775,0.6608323432343235,0.1337964299748357,0.011993593955321945
5397,0.282,0.11400000000000002,0.68,0.045,0.095,0.0095,0.8126012650453147,0.207,0.5456995249406177,0.13929059829059826,0.019
5398,0.33249999999999996,0.034499999999999996,0.5725,0.07450130610789464,0.125,0.22851739706728078,0.6439268818362072,0.14500000000000002,0.44144906461584066,0.27311320184683524,0.002
5399,0.0795,0.0665,0.595,0.08578086065496934,0.1505,0.4559181188364624,0.43743729441067875,0.10200000000000001,0.3285,0.07300000000000001,0.004499999999999999
5400,0.4085,0.0655,0.692,0.0235,0.08700000000000001,0.1065,0.8812295864675896,0.13699999999999998,0.6662916666666667,0.1765,0.0024935939553219445
5401,0.5325,0.193,0.5694999999999999,0.44191422226334787,0.094,0.16694474621407257,0.9785,0.05499999999999999,0.42919864543314185,0.20424330839761778,0.0075
5402,0.015,0.029500000000000005,0.5095,0.02,0.035500000000000004,0.18168913226621736,0.5112357414448669,0.011000000000000001,0.3875,0.05600000000000001,0.001
5403,0.0505,0.0155,0.6144999999999999,0.0165,0.06899999999999999,0.12214400256574727,0.7560668824163969,0.009500000000000001,0.46475,0.11600000000000002,0.008499999999999999
5404,0.007000000000000001,0.032,0.587,0.04090211521152116,0.026500000000000003,0.14550000000000002,0.9075,0.003,0.35694952494061755,0.08133774834437087,0.001
5405,0.05600000000000001,0.058434404246095216,0.6115,0.028499999999999998,0.096,0.11429458776240073,0.9470000000000001,0.05050000000000001,0.344,0.165,0.001
5406,0.2815,0.06350000000000001,0.6815,0.05198469387755102,0.034999999999999996,0.0949183949797703,0.9510000000000002,0.08950000000000001,0.4385,0.1313495515520537,0.022
5407,0.1525,0.024,0.5814999999999999,0.06644059405940594,0.013999999999999999,0.16832044783446384,0.9361179828734538,0.046,0.46749999999999997,0.060967217066862846,0.001
5408,0.071,0.006500000000000001,0.7180000000000001,0.0435,0.010499999999999999,0.14953427038827632,0.9785,0.006500000000000001,0.2565,0.1655,0.002
5409,0.05950000000000001,0.01,0.5705,0.02497029702970297,0.0185,0.049,0.9555,0.07150000000000001,0.4454990099009901,0.11433774834437085,0.0005
5410,0.065,0.06649999999999999,0.6225,0.06592702779893374,0.0915,0.15710697346277147,0.6736179828734538,0.03150000000000001,0.47891573186342384,0.16222091987994242,0.00499375616168255
5411,0.219,0.045000000000000005,0.45949999999999996,0.09949999999999999,0.091,0.1807744498777506,0.34550000000000003,0.061,0.364,0.05800000000000001,0.0055
5412,0.0025,0.051500000000000004,0.5130000000000001,0.029000000000000005,0.024,0.15399999999999997,0.749,0.011000000000000001,0.39808289357959536,0.026999999999999996,0.0005
5413,0.36550000000000005,0.057999999999999996,0.6695,0.018000000000000002,0.09699999999999999,0.082,0.6218028481633047,0.1995,0.51675,0.238,0.0095
5414,0.075,0.10198021828103683,0.7875,0.017499999999999998,0.06999999999999999,0.1645429963209489,0.7646848652898509,0.043000000000000003,0.5665000000000001,0.123,0.0
5415,0.12149999999999998,0.05650000000000001,0.7685,0.09743191276407961,0.053500000000000006,0.3269632640072712,0.6505776205825586,0.0985,0.709332892998679,0.1839039603960396,0.033999999999999996
5416,0.393,0.3,0.709,0.055954990907254,0.067,0.5118365182569631,0.6976043054258378,0.16399999999999998,0.3785319228897916,0.4894684929772509,0.0375
5417,0.282,0.2369613368283093,0.705,0.07208649069564735,0.12350000000000001,0.24596123570398448,0.6778792327364282,0.2015,0.5461499999999999,0.26626810789457295,0.0155
5418,0.183,0.06,0.623,0.05800000000000001,0.169,0.08322360557768924,0.9536891800119319,0.0455,0.556499504950495,0.10733774834437086,0.011000000000000001
5419,0.54,0.1325,0.584,0.0205,0.07200000000000001,0.2345283407344704,0.9109999999999999,0.22200000000000003,0.43629906461584067,0.42194687842278206,0.049
5420,0.1825,0.041499999999999995,0.5215,0.05942035398230089,0.08449999999999999,0.18470820189274445,0.8495000000000001,0.0635,0.46324956024626207,0.25249671450838773,0.0025
5421,0.06699999999999999,0.0115,0.231,0.07731313840424668,0.082,0.234100684410227,0.712117982873454,0.016000000000000004,0.32199999999999995,0.2475,0.015000000000000003
5422,0.6375,0.036,0.599,0.041999999999999996,0.029500000000000005,0.077,0.7584922131231837,0.05550000000000001,0.4365,0.3825,0.0025
5423,0.036,0.051000000000000004,0.6875000000000001,0.026970297029702966,0.023,0.27527189355454756,0.9804999999999999,0.03799999999999999,0.25,0.2369039603960396,0.002484125244241763
5424,0.236,0.11850000000000001,0.42800000000000005,0.021,0.093,0.30854633306034907,0.12450000000000001,0.174,0.6581666666666667,0.11789326791949976,0.007993593955321943
5425,0.016,0.016499999999999997,0.657,0.0764133129887469,0.01,0.1077744498777506,0.906,0.0005,0.43616666666666665,0.0828388704318937,0.006
5426,0.36800000000000005,0.16996133682830933,0.6655,0.08446319795622596,0.0835,0.28379955202936913,0.7371585256231679,0.099,0.47046278059916646,0.2337388083729505,0.016478120477139535
5427,0.5074139951740779,0.1895,0.6610000000000001,0.08397029702970298,0.06649999999999999,0.19977383863080683,0.7000370778328449,0.182,0.54975,0.28495437247078387,0.016999999999999998
5428,0.10550000000000001,0.09146194225721785,0.7415,0.02692528793695696,0.064,0.266880784302529,0.18161798287345385,0.0815,0.4169161716171617,0.08625887599582134,0.003
5429,0.0,0.046,0.3165,0.028000000000000004,0.006999999999999999,0.1165,0.45200000000000007,0.002,0.37333289357959537,0.036,0.0
5430,0.10700000000000001,0.03398021828103684,0.71,0.13183073432271705,0.064,0.1731288634443111,0.6814426637955473,0.0475,0.29900000000000004,0.060446389496717726,0.006500000000000001
5431,0.052500000000000005,0.006500000000000001,0.634,0.037,0.0045,0.1515,0.9781179828734539,0.015000000000000003,0.271,0.09540316205533597,0.002
5432,0.213,0.096,0.618,0.02985814749699269,0.11749999999999998,0.11359682680094754,0.8525,0.096,0.47050000000000003,0.24383887043189367,0.01398420825895691
5433,0.0005,0.03150000000000001,0.6955,0.019,0.0335,0.20212855082412284,0.9755,0.086,0.36699999999999994,0.06899999999999999,0.0005
5434,0.0105,0.020499999999999997,0.5775,0.07841422226334784,0.0185,0.18454856465186537,0.9658897867706505,0.005,0.5135819581954362,0.0720094246240667,0.0025
5435,0.010499999999999999,0.0225,0.5335,0.008,0.0475,0.1262741147741148,0.9720000000000001,0.041,0.34850000000000003,0.06699999999999999,0.0015
5436,0.01,0.0235,0.6159999999999999,0.039,0.0015,0.142,0.9625,0.008,0.34950000000000003,0.093,0.0
5437,0.45599999999999996,0.2605,0.615,0.04879692300719677,0.0485,0.6244117161605871,0.7926848652898507,0.22599999999999998,0.4344157318634238,0.37169098516110344,0.031
5438,0.003,0.027000000000000003,0.548,0.042470297029702966,0.019,0.15,0.8926538210237428,0.0865,0.27574950495049505,0.06933774834437087,0.0025
5439,0.3465,0.1615,0.7625,0.031920353982300885,0.06899999999999999,0.16399999999999998,0.9754999999999999,0.018,0.27,0.30999999999999994,0.006484441602556454
5440,0.125,0.06399999999999999,0.7485,0.06298469387755101,0.095,0.12654291507589285,0.9455,0.032,0.3722,0.06685034989275733,0.006999999999999999
5441,0.5229999999999999,0.043000000000000003,0.6535,0.050380278844210945,0.099,0.0915,0.9555,0.158,0.5441662269129287,0.199,0.0045
5442,0.0025,0.006,0.641,0.030500000000000006,0.032,0.14450000000000002,0.9880000000000001,0.011,0.33999999999999997,0.12400000000000003,0.0055
5443,0.0415,0.11035194194930154,0.7565,0.04197029702970297,0.046,0.17327411477411475,0.816066882416397,0.0435,0.4144995049504951,0.14978053746754666,0.0025
5444,0.047,0.0385,0.6119999999999999,0.07447938144329898,0.033,0.1029630020663028,0.9496961505557401,0.037,0.31561666666666666,0.12603064294368116,0.0005
5445,0.133,0.0425,0.7224999999999999,0.04191422226334783,0.089,0.1005,0.8031909160892996,0.0205,0.48483333333333334,0.15047954356443338,0.0045
5446,0.28099999999999997,0.1035,0.49499999999999994,0.015000000000000003,0.004,0.18035410094637225,0.6395000000000001,0.046,0.28425,0.181,0.003
5447,0.5469999999999999,0.0365,0.5645,0.064,0.022,0.08512821572048701,0.7090202839492088,0.122,0.516,0.39340396039603964,0.003
5448,0.073,0.4385,0.7505,0.036,0.10049999999999999,0.35246011117116305,0.5735464280163879,0.193,0.599,0.121,0.013987349983782033
5449,0.0505,0.16025297730292665,0.638,0.07194392523364486,0.082,0.19510598851603317,0.885,0.006,0.7173323432343235,0.07730632411067194,0.0005
5450,0.071,0.076,0.6845,0.022000000000000002,0.21100000000000002,0.11387710437710438,0.9361909160892996,0.077,0.560831407850164,0.053000000000000005,0.0075000000000000015
5451,0.3215,0.0885,0.779,0.0375,0.10500000000000001,0.14900000000000002,0.8033151370299896,0.5865,0.7025,0.17097167630057802,0.003
5452,0.5715,0.0935,0.5795,0.029000000000000005,0.1135,0.3066877503293698,0.5051909160892996,0.0615,0.5335000000000001,0.12944638949671772,0.0045
5453,0.0625,0.0,0.457,0.0325,0.013000000000000001,0.14150000000000001,0.9175000000000001,0.041999999999999996,0.304,0.07140316205533596,0.0075
5454,0.199,0.018,0.6675,0.04692035398230089,0.0635,0.124,0.9170000000000001,0.08399999999999999,0.3610833333333333,0.15433887043189368,0.008
5455,0.1025,0.041999999999999996,0.681,0.07226146696302282,0.0775,0.1,0.5696337648327939,0.057999999999999996,0.5154981292316814,0.09838799968193922,0.0
5456,0.6145,0.06100000000000001,0.8779999999999999,0.01218960069361316,0.189,0.23077444987775064,0.9555,0.05299999999999999,0.7791236389811089,0.16374129653868869,0.002
5457,0.05700000000000001,0.024979890933878666,0.6039999999999999,0.08,0.02,0.16364400256574727,0.794,0.0385,0.633,0.05600000000000001,0.0
5458,0.11850000000000001,0.21200000000000002,0.6855,0.0505,0.0675,0.2872376969180827,0.5332296178484915,0.274,0.49750000000000005,0.24834955155205368,0.032
5459,0.0375,0.06248021828103684,0.8835000000000001,0.019,0.074,0.21804795340492164,0.16015829787234043,0.053500000000000006,0.8622500000000001,0.07100000000000001,0.005
5460,0.063,0.0325,0.48900000000000005,0.07348469387755101,0.1155,0.057151743033155976,0.9219999999999999,0.0175,0.47000000000000003,0.1075,0.0015
5461,0.354,0.183,0.702,0.0225,0.12,0.2269665124556277,0.40719713460398355,0.1675,0.3712495049504951,0.34440316205533594,0.01599375616168255
5462,0.027500000000000004,0.05,0.952,0.0495,0.10299999999999998,0.36521705008643934,0.06000000000000001,0.031000000000000007,0.9460000000000001,0.057499999999999996,0.004
5463,0.24450000000000002,0.10192388451443572,0.6214999999999999,0.051392922657628536,0.11499999999999999,0.13454856465186538,0.752613551592159,0.20400000000000001,0.5806995596653457,0.20286855519154806,0.0055
5464,0.599,0.10699999999999998,0.5055,0.028943925233644863,0.062,0.2454248955361546,0.6941848652898508,0.181,0.35490000000000005,0.3692470727881385,0.0115
5465,0.002,0.004999999999999999,0.5715,0.0835,0.02,0.14150000000000001,0.9821538210237428,0.016,0.28874950495049506,0.1150786587440777,0.003
5466,0.8370000000000001,0.0105,0.503,0.047815938948960815,0.036,0.184,0.913,0.0915,0.41494952494061754,0.1915558329490883,0.0005
5467,0.0115,0.001,0.5595,0.046,0.033499999999999995,0.12050000000000001,0.9709999999999999,0.016,0.3118491884947988,0.09607945708478133,0.0034999999999999996
5468,0.3125,0.12249999999999998,0.513,0.06689065101200385,0.1025,0.1256888141295206,0.9175000000000001,0.135,0.5566656765676568,0.2768449517519825,0.0005
5469,0.0905,0.05500000000000001,0.635,0.05897029702970297,0.089,0.0975,0.8185668824163971,0.021,0.69849900990099,0.12491832751667502,0.0014686119953131003
5470,0.1095,0.088,0.7064999999999999,0.029841250062281565,0.0195,0.1045,0.6845,0.016,0.4316662269129288,0.21200000000000002,0.0015
5471,0.663,0.14814685487453588,0.687,0.0475,0.07050000000000001,0.3812738386308068,0.40551957868762845,0.277,0.4610833333333333,0.16124091039970684,0.008499999999999999
5472,0.261,0.12148021828103683,0.7909999999999999,0.03,0.11100000000000002,0.4817763764891055,0.5826045486929071,0.0825,0.614832892998679,0.155350040478118,0.027500000000000004
5473,0.1265,0.11796194225721786,0.667,0.07597029702970297,0.10400000000000001,0.12265052435989669,0.4900405427497139,0.0675,0.506,0.20249999999999999,0.0055
5474,0.21899999999999994,0.1715,0.7110000000000001,0.0605,0.07749999999999999,0.22378795345598937,0.923,0.196,0.5165,0.256,0.044000000000000004
5475,0.26949999999999996,0.585,0.663,0.055499999999999994,0.0685,0.2876359999548012,0.7023697305797016,0.197,0.42750000000000005,0.46912834663496916,0.0055
5476,0.369,0.14750000000000002,0.6965,0.055499999999999994,0.046,0.9404505477112437,0.8534937642526043,0.13599999999999998,0.4845824538258576,0.3468137737658716,0.01549359185014788
5477,0.39147530436504013,0.08,0.7234999999999999,0.03244059405940594,0.10400000000000001,0.2091256551990651,0.8135,0.1275,0.5910661716171617,0.1857425699649582,0.008
5478,0.15050000000000002,0.061,0.6609999999999999,0.023,0.047,0.1125,0.8219893329713095,0.0955,0.5967499999999999,0.1595,0.007481724911830715
5479,0.479,0.09200000000000001,0.7274999999999999,0.03889558496665994,0.073,0.3190847391690449,0.37915819386519795,0.16899999999999998,0.5391157518535463,0.31533555419011583,0.008499999999999999
5480,0.0295,0.05450000000000001,0.646,0.08499999999999999,0.025,0.14159152172114703,0.89,0.010499999999999999,0.32699999999999996,0.168,0.026500000000000003
5481,0.4109999999999999,0.32249999999999995,0.7495,0.229,0.1085,0.12027411477411479,0.6755,0.1115,0.8195,0.10640396039603961,0.0034999999999999996
5482,0.48600000000000004,0.052000000000000005,0.5730000000000001,0.06392528793695697,0.1095,0.23349999999999999,0.7233752444938663,0.1125,0.43454952456418383,0.24903740047719186,0.0485
5483,0.101,0.0675,0.609,0.03478843227804811,0.08449999999999999,0.2203641382603576,0.6859999999999999,0.0705,0.37349999999999994,0.3102905982905983,0.01799582004179958
5484,0.251,0.011,0.5325,0.055499999999999994,0.01,0.24,0.9325000000000001,0.009,0.331,0.24683774834437083,0.0025
5485,0.23049999999999998,0.2935,0.7030000000000001,0.192,0.053000000000000005,0.125,0.5880000000000001,0.0215,0.8149999999999998,0.07680632411067194,0.0025
5486,0.8584999999999999,0.049,0.5589999999999999,0.075,0.05,0.122,0.901,0.027999999999999997,0.31116666666666665,0.1369039603960396,0.095
5487,0.022,0.0295,0.5569999999999999,0.0245,0.026000000000000002,0.1643782645324347,0.5715,0.059,0.45500000000000007,0.11924091039970683,0.001
5488,0.0175,0.01,0.5225,0.01,0.0115,0.16499999999999998,0.8600000000000001,0.0115,0.438,0.07,0.0025
5489,0.06999999999999999,0.32827691525491376,0.7384999999999999,0.017,0.068,0.2717741147741148,0.532240465416936,0.44799999999999995,0.404,0.29240316205533595,0.003
5490,0.3905,0.05449999999999999,0.666,0.03947029702970297,0.1035,0.19294529090040693,0.6554253307067869,0.1445,0.5578333333333333,0.16333887043189368,0.0075
5491,0.07100000000000001,0.0155,0.575,0.05099999999999999,0.014500000000000002,0.1155,0.9585000000000001,0.025,0.279,0.2205,0.0
5492,0.061,0.025,0.6449999999999999,0.06500000000000002,0.0665,0.14250000000000002,0.9410000000000001,0.002,0.31999999999999995,0.0845,0.002
5493,0.5415,0.26493548485811474,0.7365,0.031000000000000007,0.2165,0.15759624191347907,0.6326671229511024,0.20600000000000002,0.4046666666666667,0.3273063241106719,0.0175
5494,0.145,0.014500000000000002,0.7255,0.021500000000000002,0.0915,0.361,0.19749999999999998,0.057999999999999996,0.27599999999999997,0.10800000000000001,0.006
5495,0.3605,0.15100000000000002,0.6495,0.06597029702970297,0.0955,0.15277444987775063,0.6969806722892795,0.10999999999999999,0.5276982733514276,0.1409250860244442,0.0325
5496,0.26149999999999995,0.10049999999999999,0.7390000000000001,0.025,0.12350000000000001,0.18,0.7533428270998554,0.0775,0.599,0.14900000000000002,0.010499999999999999
5497,0.048,0.10900000000000001,0.702,0.0105,0.05900000000000001,0.23446300206630283,0.5021178707224334,0.029500000000000005,0.6495408006972804,0.18624953097730074,0.014499999999999999
5498,0.5565,0.0735,0.511,0.033372544344840736,0.09349999999999999,0.15877444987775063,0.7191179828734539,0.1355,0.369,0.279,0.024
5499,0.26799999999999996,0.1495,0.687,0.03947029702970297,0.11499999999999999,0.144388552560987,0.3871179828734538,0.08900000000000001,0.4576666666666666,0.32633774834437085,0.006500000000000001
5500,0.156,0.019,0.5959999999999999,0.1255,0.062,0.0909147806004619,0.893,0.08249999999999999,0.34233333333333327,0.174,0.002
5501,0.1685,0.081,0.5494999999999999,0.026350297029702974,0.0745,0.05977383863080684,0.851,0.1675,0.5456662269129288,0.27894687842278204,0.014499999999999999
5502,0.03849999999999999,0.0405,0.5810000000000001,0.059384519293050796,0.0595,0.10227411477411477,0.7196178707224334,0.06100000000000001,0.4722005107649788,0.1287970254372186,0.0055
5503,0.178,0.31699999999999995,0.701,0.024,0.07250000000000001,0.08237479689981814,0.7256179828734538,0.131,0.466,0.15689277899343546,0.0015
5504,0.07197531413871575,0.021,0.875,0.015500000000000003,0.10300000000000001,0.2034593325932308,0.4013553091289648,0.036000000000000004,0.8675,0.03890316205533596,0.0014873458792991564
5505,0.146,0.10299999999999998,0.601,0.033984693877551014,0.026000000000000002,0.12636397565390076,0.906,0.051500000000000004,0.5137495049504951,0.253446878422782,0.0075
5506,0.7675,0.03598021828103684,0.6014999999999999,0.008,0.08449999999999999,0.15560572897010233,0.9798088989627534,0.065,0.5125,0.312,0.002
5507,0.3295,0.06846194225721784,0.532,0.03994392523364486,0.093,0.1650670786619553,0.639643041844032,0.4035,0.321,0.26935034989275736,0.007000000000000001
5508,0.034,0.0085,0.626,0.03150000000000001,0.06899999999999999,0.10083281669526786,0.9355,0.006500000000000001,0.521,0.1945,0.002
5509,0.6245,0.06,0.484,0.025910891089108913,0.0675,0.0475,0.8859999999999999,0.0825,0.4236245049504951,0.3081081561856026,0.0025
5510,0.6755000000000001,0.099,0.718,0.027500000000000004,0.06949999999999999,0.076,0.7938028481633047,0.20750000000000002,0.5195000000000001,0.237350040478118,0.002
5511,0.08149999999999999,0.04,0.5235000000000001,0.05733457624564871,0.14950000000000002,0.12177411477411478,0.8906257980848611,0.06,0.5690000000000001,0.14429795070766968,0.0045000000000000005
5512,0.0915,0.15050000000000002,0.7155,0.05,0.057499999999999996,0.16087768445476952,0.636240465416936,0.01,0.808,0.10600000000000001,0.004
5513,0.3644753043650401,0.08,0.6910000000000001,0.024899159663865546,0.0605,0.11764428020565551,0.9055666704957412,0.0915,0.470249504950495,0.23524170874041045,0.0005
5514,0.16299999999999998,0.0595,0.688,0.0205,0.089,0.20468261072146499,0.658731534465613,0.14900000000000002,0.5046986936959594,0.21572195719064768,0.008499999999999999
5515,0.2605,0.085,0.7755000000000001,0.07535356859982806,0.1135,0.16432267942598017,0.9804999999999999,0.094,0.5357070268749864,0.17626793915526448,0.02598734998378203
5516,0.036,0.027261594932437693,0.6765000000000001,0.04593181818181817,0.039,0.12227444987775063,0.8935000000000001,0.043,0.42959880403682804,0.13728814491008562,0.0025
5517,0.11750000000000001,0.073,0.6815,0.0315,0.056499999999999995,0.09404828850855745,0.9814999999999999,0.0125,0.261,0.157,0.004
5518,0.5269999999999999,0.156,0.6805,0.053500000000000006,0.08,0.03899999999999999,0.8869222656069653,0.2575,0.5347666666666666,0.25558185508269227,0.017
5519,0.179,0.21400000000000002,0.683,0.024,0.0905,0.2935127070929884,0.45908946576318777,0.22350000000000003,0.5548333333333334,0.2824515186532376,0.010987345879299157
5520,0.0655,0.03899999999999999,0.5335,0.08478252615934873,0.11000000000000001,0.073,0.921,0.018,0.40549999999999997,0.148,0.007000000000000001
5521,0.374,0.1435,0.4955,0.026999999999999996,0.051000000000000004,0.14785410094637225,0.6915,0.11500000000000002,0.4189166666666667,0.1957977172416037,0.0045
5522,0.025,0.0235,0.659,0.022000000000000002,0.043,0.17062855082412284,0.8775000000000001,0.024,0.33099999999999996,0.074,0.0
5523,0.213,0.078,0.7295,0.077,0.08900000000000001,0.1982744498777506,0.6358429469555207,0.0655,0.6140000000000001,0.11030632411067191,0.0165
5524,0.3085,0.1329613368283093,0.72,0.05842861911119588,0.0865,0.35366642813094173,0.81511473316542,0.0595,0.6539995602462622,0.17431328483980726,0.009487666342096723
5525,0.047,0.024,0.511,0.013000000000000001,0.049,0.15350000000000003,0.6560466691757622,0.0375,0.2540833333333333,0.29400000000000004,0.002
5526,0.276,0.0195,0.5385,0.02148469387755102,0.05199999999999999,0.1155,0.8874999999999998,0.0705,0.373557892998679,0.18126949800405381,0.0025
5527,0.0465,0.0905,0.5795,0.09197029702970297,0.076,0.20420820189274447,0.7825,0.029500000000000005,0.3190828382838284,0.32247105052625596,0.0
5528,0.6325000000000001,0.0595,0.735,0.05282126973691061,0.096,0.1755,0.8955,0.1685,0.5536249999999999,0.1440450480270162,0.0015
5529,0.028500000000000004,0.040499999999999994,0.5559999999999999,0.022,0.1325,0.21733313483196462,0.18849999999999997,0.049,0.7304999999999999,0.06794638949671772,0.0025
5530,0.12149999999999998,0.033999999999999996,0.343,0.03344392523364486,0.0615,0.11527444987775062,0.6336848652898508,0.11100000000000002,0.3588333333333333,0.11564487079574644,0.004
5531,0.35050000000000003,0.1065,0.659,0.029920353982300883,0.08100000000000002,0.26401181119750133,0.8996909160892994,0.11200000000000002,0.6135828382838284,0.20283887043189366,0.025
5532,0.326,0.0155,0.617,0.0424050478598519,0.10700000000000001,0.1342744498777506,0.9632079656294567,0.0385,0.414,0.09699999999999999,0.0085
5533,0.15399999999999997,0.048,0.5835000000000001,0.055834576245648714,0.07749999999999999,0.30206207235088034,0.5732404654169361,0.10700000000000001,0.33958239794917405,0.15753896201454293,0.016
5534,0.47800000000000004,0.041,0.558,0.07244059405940594,0.1595,0.181,0.8189366129960988,0.10300000000000001,0.4050495249406175,0.23483774834437088,0.0045
5535,0.05750000000000001,0.06,0.6865,0.03594392523364486,0.051500000000000004,0.2184023894549297,0.7292251802887375,0.026500000000000003,0.38649999999999995,0.1845491435822254,0.0015
5536,0.25599999999999995,0.118,0.7605,0.03419750481795517,0.18250000000000002,0.063,0.4800956070546475,0.051000000000000004,0.5369990099009901,0.12929059829059827,0.011500000000000002
5537,0.46799999999999997,0.10900000000000001,0.6615,0.11639065101200385,0.093,0.16004373502346306,0.8621135515921591,0.12399999999999997,0.5476161916072843,0.23340316205533598,0.036000000000000004
5538,0.32,0.056999999999999995,0.41850000000000004,0.01541089108910891,0.1125,0.1115,0.7856179828734537,0.125,0.4666666666666667,0.28700000000000003,0.083
5539,0.1315,0.020999999999999998,0.361,0.02081951364616643,0.08349999999999999,0.11218913226621736,0.37069091608929944,0.029000000000000005,0.3370000000000001,0.063,0.001
5540,0.46849999999999997,0.1054613368283093,0.6875,0.03745499090725399,0.08499999999999999,0.23618913226621738,0.815272077215327,0.07,0.5855,0.1905,0.0245
5541,0.1795,0.11299999999999999,0.4845,0.048,0.097,0.1985358394135437,0.822044864709661,0.1705,0.4805,0.14918196080728957,0.006
5542,0.5079753141387158,0.023,0.6775,0.06194392523364487,0.061,0.09627411477411478,0.915,0.028000000000000004,0.32933333333333337,0.0853079207920792,0.0235
5543,0.23700000000000002,0.22799999999999998,0.727,0.05349999999999999,0.07949999999999999,0.5353369851076841,0.8089999999999999,0.14100000000000001,0.484,0.34789326791949976,0.014499999999999999
5544,0.24700000000000003,0.257,0.6025,0.17250000000000001,0.0715,0.2014631537562052,0.5568027360122842,0.034499999999999996,0.752,0.1383243727875116,0.004
5545,0.0,0.001,0.663,0.0445,0.002,0.14461638154484188,0.9925,0.001,0.314,0.0605,0.0
5546,0.409,0.11900000000000002,0.6795000000000001,0.03888785046728972,0.08249999999999999,0.3351773949558196,0.835932181714804,0.1165,0.5663333333333334,0.14736609700238587,0.007000000000000001
5547,0.22600000000000003,0.1515,0.485,0.07435140646128977,0.074,0.44404795340492165,0.42377004844718497,0.257,0.23362499999999997,0.191850040478118,0.0325
5548,0.0945,0.0085,0.49349999999999994,0.03845499090725399,0.0235,0.098,0.9171179828734537,0.006,0.27549999999999997,0.12190316205533598,0.002
5549,0.182,0.2245,0.6455,0.04056678087799938,0.121,0.33533997935847004,0.5601179828734539,0.079,0.48,0.4416991031041074,0.020499999999999997
5550,0.015000000000000003,0.009,0.658,0.0365,0.0325,0.17054333142458478,0.978,0.0034999999999999996,0.236,0.08840396039603961,0.006500000000000001
5551,0.281,0.017499999999999998,0.6765000000000001,0.016,0.0705,0.1055,0.8865000000000001,0.05500000000000001,0.4296666666666667,0.1204039603960396,0.0055
5552,0.03849999999999999,0.0425,0.924,0.1135,0.12150000000000001,0.23160365224244517,0.11599999999999999,0.033,0.917,0.06394638949671773,0.009
5553,0.41900000000000004,0.21600000000000003,0.6105,0.05134070796460177,0.05900000000000001,0.24288478519569184,0.8477359657469078,0.258,0.464832892998679,0.3667972283155393,0.013000000000000001
5554,0.034,0.0335,0.508,0.060895584966659935,0.0415,0.1275,0.6779953837707581,0.0325,0.43550000000000005,0.062,0.0005
5555,0.09300000000000001,0.14434716359996286,0.6315000000000001,0.13736921317060183,0.08700000000000001,0.23249744420849608,0.799740465416936,0.032,0.44299999999999995,0.0995,0.0034999999999999996
5556,0.032999999999999995,0.032,0.6300000000000001,0.0422842660213255,0.05149999999999999,0.06300000000000001,0.93,0.0095,0.433,0.11244638949671773,0.008
5557,0.33199999999999996,0.18398021828103683,0.7174999999999999,0.072,0.119,0.6909728686822412,0.842,0.1905,0.49974999999999997,0.2572865358389995,0.012
5558,0.557,0.048,0.4445,0.025,0.07250000000000001,0.18206898674652702,0.8710000000000001,0.0965,0.5306666666666666,0.1295,0.0015
5559,0.06600000000000002,0.030961336828309306,0.5660000000000001,0.07150000000000001,0.03,0.145,0.9470000000000001,0.023000000000000003,0.5110824532449411,0.1275250482407954,0.0045
5560,0.126,0.0595,0.6960000000000001,0.034499999999999996,0.081,0.20692621793735633,0.6931907692307692,0.123,0.5696999999999999,0.15928525992861142,0.004999999999999999
5561,0.21200000000000002,0.027500000000000004,0.6375,0.0905,0.099,0.23499999999999996,0.8362033529250888,0.0465,0.712,0.047,0.0025
5562,0.304,0.053500000000000006,0.625,0.05997029702970297,0.07899999999999999,0.15462460423377833,0.9380000000000001,0.06849999999999999,0.5243996827914355,0.12668809823712818,0.01599359185014788
5563,0.349,0.034,0.711,0.07593145703180199,0.075,0.141,0.9745668824163971,0.036000000000000004,0.5873,0.09955660459380486,0.0015
5564,0.45200000000000007,0.026000000000000002,0.44699999999999995,0.028000000000000004,0.124,0.149,0.6920000000000001,0.10500000000000001,0.46575,0.187,0.0
5565,0.0035000000000000005,0.034,0.5955,0.051500000000000004,0.0025,0.146,0.9765,0.0,0.529832892998679,0.04740316205533597,0.0035000000000000005
5566,0.18249999999999997,0.0955,0.6950000000000001,0.04728328255460734,0.08600000000000001,0.045,0.6506585256231678,0.075,0.656875,0.12133774834437086,0.0155
5567,0.24299999999999997,0.3424619422572178,0.6435000000000001,0.05985228614149681,0.15250000000000002,0.27504666816398493,0.7134764311638437,0.14450000000000002,0.4934161716171618,0.16864599288326926,0.0025
5568,0.555,0.248,0.8115,0.07290391298499731,0.0675,0.23654856465186538,0.8102212113028608,0.5365,0.21141523681391888,0.0980500022669872,0.002
5569,0.2515,0.025500000000000002,0.635,0.015,0.094,0.07583283239420771,0.8311179828734538,0.07250000000000001,0.7115,0.15899999999999997,0.0115
5570,0.019500000000000003,0.006500000000000001,0.4885,0.049,0.01,0.133,0.9319809308338721,0.0045000000000000005,0.22709968354430382,0.0840480328510824,0.0015
5571,0.017499999999999998,0.008,0.7065,0.056999999999999995,0.024,0.077,0.985,0.027500000000000004,0.2325,0.1055,0.0015
5572,0.014000000000000002,0.0025,0.5805,0.03997029702970297,0.0055000000000000005,0.17950000000000002,0.8545,0.008,0.3515,0.08090316205533597,0.0
5573,0.19249999999999998,0.11099999999999999,0.6050000000000001,0.07031930818010276,0.1305,0.2205255668463879,0.7911847932182814,0.0495,0.3584166666666666,0.265850040478118,0.0264597673867712
5574,0.005,0.0185,0.577,0.02,0.043500000000000004,0.14277411477411478,0.9814999999999999,0.011,0.3895,0.0715,0.0005
5575,0.19799999999999998,0.05500000000000001,0.8099999999999999,0.10032093579305927,0.0705,0.12150000000000001,0.9359999999999999,0.088,0.7793324538258575,0.1380938352889875,0.009000000000000001
5576,0.297,0.17847354260089685,0.727,0.07389402024314581,0.18849999999999997,0.476334865875784,0.6856843492607836,0.1645,0.5195828382838285,0.2815151541049592,0.01699359185014788
5577,0.1025,0.06749999999999999,0.6280000000000001,0.06221038904076616,0.017,0.14643917533887635,0.8561135515921592,0.058499999999999996,0.49295752192449127,0.19447233335903252,0.01848327347732086
5578,0.21849999999999997,0.15899999999999997,0.384,0.05246938775510205,0.0875,0.456462666962667,0.40577455535507934,0.22400000000000003,0.17400000000000002,0.124,0.0385
5579,0.14550000000000002,0.19649999999999998,0.7705,0.05127600089243051,0.0935,0.4301663687053902,0.43200000000000005,0.215,0.477,0.24083774834437083,0.013487345879299156
5580,0.057499999999999996,0.028000000000000004,0.591,0.05639915966386555,0.021500000000000002,0.17377383863080684,0.9126482780870152,0.011,0.4840416666666666,0.0794039603960396,0.003
5581,0.309,0.146,0.6465,0.0205,0.15549999999999997,0.23565179922888432,0.6164268818362071,0.19649999999999998,0.525,0.272,0.0835
5582,0.37,0.041499999999999995,0.568,0.09090800055449486,0.016999999999999998,0.0815,0.9510446845084607,0.05500000000000001,0.33806585440859716,0.24999683170209092,0.004
5583,0.036000000000000004,0.008499999999999999,0.608,0.0445,0.005,0.13,0.906,0.006,0.254,0.15883774834437087,0.0005
5584,0.2045,0.1325,0.7095,0.08932054400130277,0.089,0.6971554796510571,0.6294750230191571,0.08149999999999999,0.5049412263320123,0.22812709319797203,0.015000000000000003
5585,0.08,0.051500000000000004,0.6765000000000001,0.03588,0.0685,0.144,0.7046336927612246,0.027000000000000003,0.3585,0.0825,0.0055000000000000005
5586,0.072,0.11950000000000001,0.7955,0.04,0.07400000000000001,0.18768913226621736,0.7906179828734539,0.0955,0.65325,0.1045,0.004
5587,0.0245,0.003999999999999999,0.5105000000000001,0.034,0.024,0.125,0.9465,0.006,0.38349999999999995,0.07150000000000001,0.0025
5588,0.004,0.033499999999999995,0.5455,0.026000000000000002,0.08099999999999999,0.155065918506625,0.9065,0.004,0.3135,0.39499999999999996,0.001
5589,0.395,0.0445,0.6060000000000001,0.027000000000000003,0.06999999999999999,0.08286622471925376,0.868,0.127,0.41516666666666663,0.2505,0.006
5590,0.4965,0.3488871563032996,0.7865,0.07791422226334783,0.079,0.23582240328267226,0.7453423966833542,0.5615,0.28112450495049507,0.1186154159779523,0.0035000000000000005
5591,0.32500000000000007,0.028499999999999998,0.6699999999999999,0.01847029702970297,0.09,0.18318913226621736,0.488566882416397,0.077,0.6545,0.11594638949671772,0.007000000000000001
5592,0.3665,0.1585,0.5875,0.055499999999999994,0.09100000000000001,0.2814380046031041,0.6758539486203616,0.1265,0.3391661716171617,0.4090890738091016,0.0129875123233651
5593,0.0034999999999999996,0.0015,0.5995,0.1045,0.0025,0.18899999999999997,0.8067359657469076,0.0025,0.4755,0.056499999999999995,0.0
5594,0.009999999999999998,0.0895,0.968,0.01,0.09849999999999999,0.25732240328267225,0.09369091608929946,0.026000000000000002,0.975,0.011500000000000002,0.0055
5595,0.406,0.191,0.6425,0.03897029702970297,0.146,0.4175,0.6184098660257813,0.165,0.44595690289966916,0.28869376034593425,0.045
5596,0.155,0.013499999999999998,0.46749999999999997,0.05948469387755102,0.031,0.1722194023379982,0.9120000000000001,0.004999999999999999,0.1913496835443038,0.09435034989275733,0.006500000000000001
5597,0.037,0.0075000000000000015,0.5824999999999999,0.04948469387755102,0.013500000000000002,0.15450000000000003,0.8550000000000001,0.0015,0.23316666666666666,0.0835,0.001
5598,0.34900000000000003,0.16797354260089686,0.6565000000000001,0.04036945669356852,0.10700000000000001,0.3891279852322506,0.48223957752724883,0.079,0.6355000000000001,0.10473698778731602,0.018500000000000003
5599,0.39699999999999996,0.10099999999999998,0.6145,0.05500000000000001,0.12,0.25672360557768925,0.8324936521015838,0.16949999999999998,0.5645,0.26146293494705,0.0325
5600,0.16999999999999998,0.10900000000000001,0.7285,0.0405,0.053500000000000006,0.1035,0.7822359657469077,0.034,0.5005000000000001,0.0895,0.001
5601,0.3175,0.19299999999999998,0.6515000000000001,0.045,0.0475,0.6984601801282762,0.9255000000000001,0.143,0.49924999999999997,0.3232601632625893,0.008
5602,0.2065,0.14950000000000002,0.6649999999999999,0.08093478888705198,0.12450000000000001,0.3365616152658738,0.6188088989627533,0.13199999999999998,0.502,0.17664407245504282,0.005
5603,0.08149999999999999,0.020499999999999997,0.7070000000000001,0.0425,0.044000000000000004,0.0955,0.937,0.0235,0.47700000000000004,0.10300000000000001,0.002
5604,0.392,0.1535,0.757,0.05695499090725399,0.077,0.8229616707805505,0.6022526424033663,0.081,0.5103740099009901,0.25050000000000006,0.009000000000000001
5605,0.026500000000000003,0.0445,0.546,0.024,0.008,0.13523129767130015,0.907,0.074,0.45150000000000007,0.16436609700238589,0.013000000000000001
5606,0.29000000000000004,0.05475812956834608,0.6439999999999999,0.03245499090725399,0.0675,0.16512627117592688,0.7778539486203615,0.14250000000000002,0.650499504950495,0.1885940778473618,0.003
5607,0.196,0.08449999999999999,0.645,0.005,0.12,0.06577383863080685,0.7284999999999999,0.026000000000000002,0.45199999999999996,0.4165,0.0
5608,0.0005,0.0075,0.5675,0.1021172113079181,0.014000000000000002,0.1165,0.8785000000000001,0.003,0.21949999999999997,0.0835,0.0015
5609,0.1685,0.1335,0.7705,0.014000000000000002,0.098,0.3117698814627221,0.3403027360122843,0.163,0.5715,0.1404039603960396,0.0085
5610,0.2085,0.065,0.57,0.032,0.042499999999999996,0.09791241970720985,0.8863961865148291,0.16049999999999998,0.5349999999999999,0.23385083881882163,0.008
5611,0.027000000000000003,0.038,0.5385,0.0753003285390331,0.006500000000000001,0.119,0.9719999999999999,0.008,0.38549950495049506,0.09636427330020492,0.0075
5612,0.6084999999999999,0.0475,0.481,0.015,0.0595,0.0475,0.9065000000000001,0.0965,0.33499999999999996,0.3095,0.0005
5613,0.11699999999999999,0.039,0.5805,0.03997029702970297,0.23400000000000004,0.10322394014962595,0.9560000000000001,0.0905,0.5574166666666667,0.09454459916475591,0.004499999999999999
5614,0.35,0.1515,0.674,0.07047029702970298,0.09549999999999999,0.14550000000000002,0.72749707544251,0.0925,0.6051145683629902,0.13288837141430038,0.030000000000000006
5615,0.295,0.0605,0.546,0.045943925233644864,0.0885,0.2366871877216572,0.6363258728763109,0.248,0.35429999999999995,0.210946878422782,0.041499999999999995
5616,0.099,0.0695,0.7030000000000001,0.037,0.034999999999999996,0.098,0.885,0.08900000000000001,0.539,0.10750000000000001,0.017
5617,0.051000000000000004,0.043980218281036834,0.9,0.014499999999999999,0.0915,0.367012390190984,0.034999999999999996,0.06599999999999999,0.253,0.5239463894967178,0.001496775260459732
5618,0.4465,0.08499999999999999,0.538,0.0235,0.073,0.18954291507589283,0.7585,0.1825,0.399,0.19186689534308954,0.021500000000000002
5619,0.0695,0.015000000000000003,0.5175,0.0195,0.065,0.146,0.9615,0.0465,0.385,0.05750000000000001,0.003
5620,0.16949999999999998,0.20350000000000001,0.7929999999999999,0.052500000000000005,0.1,0.22104323321258962,0.6096179828734538,0.11600000000000002,0.6074999999999999,0.2888388704318937,0.017490531422142283
5621,0.21749999999999997,0.1025,0.743,0.029500000000000005,0.0795,0.26327383863080683,0.43546553983311237,0.1865,0.5019495049504951,0.20490316205533596,0.019999999999999997
5622,0.005,0.0015,0.604,0.0185,0.01,0.1295,0.9469999999999998,0.002,0.308,0.06799999999999999,0.0025
5623,0.1105,0.095,0.732,0.047,0.11000000000000001,0.3568311731252402,0.4009101393131833,0.06949999999999999,0.47400000000000003,0.09894638949671772,0.016489467148155662
5624,0.16499999999999998,0.054460178545597315,0.4085,0.143454990907254,0.07,0.2559020543512939,0.6876909160892994,0.0485,0.3157495049504951,0.1650207506634108,0.0005
5625,0.0025,0.0025,0.5229999999999999,0.0837323157358907,0.0045,0.10485410094637224,0.891,0.0015,0.253,0.03949999999999999,0.011000000000000001
5626,0.4074999999999999,0.1385,0.7550000000000001,0.04373676083682427,0.077,0.8825358394135436,0.6463342679388461,0.1405,0.5721662269129287,0.18233774834437086,0.013500000000000002
5627,0.14150000000000001,0.02634307169998589,0.6125,0.039999999999999994,0.002,0.10018855218855219,0.9630000000000001,0.0245,0.46449999999999997,0.1825,0.0045
5628,0.41,0.11994155510934615,0.6985,0.03542035398230088,0.0765,0.24565097042720296,0.4181179828734538,0.26599999999999996,0.5341662269129287,0.2617269304664074,0.007487666342096721
5629,0.017,0.0035000000000000005,0.5125,0.052500000000000005,0.019999999999999997,0.13849999999999998,0.983,0.0015,0.465,0.07190316205533596,0.0
5630,0.38899999999999996,0.12647989093387865,0.6455,0.06391422226334784,0.095,0.18885387045813584,0.7421881764797568,0.10200000000000001,0.49286456836299014,0.12483476091101811,0.028500000000000004
5631,0.2895,0.1335,0.5165,0.07533661966569075,0.064,0.07935410094637224,0.805,0.19050000000000003,0.3811573979491741,0.40214980626146823,0.003
5632,0.091,0.0035000000000000005,0.40549999999999997,0.0105,0.041,0.1155,0.8925000000000001,0.04,0.296,0.23249999999999998,0.0015
5633,0.33100000000000007,0.046,0.5359999999999999,0.020418309832845365,0.10550000000000001,0.17116294347840974,0.5791673472531432,0.1355,0.3802330161247687,0.2698503498927573,0.0055000000000000005
5634,0.03949999999999999,0.014000000000000002,0.5605,0.03,0.052500000000000005,0.09714377406931965,0.9185290874970677,0.018,0.3485,0.14550000000000002,0.0025
5635,0.18,0.0395,0.6025,0.02996938775510204,0.05550000000000001,0.13872360557768926,0.9256179828734539,0.039,0.5164156765676567,0.08843546908634473,0.0115
5636,0.261,0.186,0.6745,0.13240645024262243,0.0855,0.19875154677867404,0.5685,0.11600000000000002,0.43899999999999995,0.35839326791949977,0.016
5637,0.026500000000000003,0.0095,0.617,0.0215,0.0225,0.164,0.7175,0.0045,0.5695000000000001,0.043000000000000003,0.0
5638,0.11599999999999999,0.051000000000000004,0.38849999999999996,0.11017270264200447,0.058499999999999996,0.13399772035180402,0.9290358381502891,0.1085,0.6005823985300905,0.17585034989275733,0.003
5639,0.096,0.005,0.5295,0.0595,0.07,0.15950000000000003,0.8099999999999999,0.0045,0.29700000000000004,0.15950000000000003,0.0
5640,0.006500000000000001,0.0425,0.4645,0.0034999999999999996,0.031000000000000007,0.099,0.619,0.002,0.30249999999999994,0.3245,0.0
5641,0.5605,0.10100000000000002,0.7935000000000001,0.00447029702970297,0.195,0.2667741147741148,0.8646178707224335,0.099,0.55775,0.36100000000000004,0.012
5642,0.5954999999999999,0.16699999999999998,0.5115000000000001,0.009,0.121,0.16051905848662465,0.8241410832130598,0.43100000000000005,0.31449999999999995,0.44400000000000006,0.044470536497814926
5643,0.3315,0.063,0.38449999999999995,0.0155,0.0475,0.18272095245844389,0.607,0.0995,0.55,0.22400000000000003,0.022
5644,0.144,0.052500000000000005,0.48699999999999993,0.020999999999999998,0.05249999999999999,0.11668913226621735,0.8055,0.047,0.3117495049504951,0.42728163427219423,0.01
5645,0.36550000000000005,0.22347354260089686,0.7715000000000001,0.027719095538699518,0.11599999999999999,0.4411585859978061,0.6040282562028695,0.13699999999999998,0.512624504950495,0.32532202619333533,0.007000000000000001
5646,0.1555,0.0325,0.5855,0.019000000000000003,0.025,0.10022360557768924,0.729066882416397,0.13499999999999998,0.44675000000000004,0.3350000000000001,0.001
5647,0.06999999999999999,0.32827691525491376,0.7384999999999999,0.017,0.068,0.2717741147741148,0.532240465416936,0.44799999999999995,0.404,0.29240316205533595,0.003
5648,0.20350000000000001,0.054000000000000006,0.7034999999999999,0.0615,0.0915,0.3520479534049216,0.4385105894907205,0.1575,0.42274950495049507,0.22549999999999998,0.025
5649,0.3015,0.0915,0.8135,0.14841089108910893,0.1085,0.16170067945953848,0.7011179828734538,0.11750000000000001,0.746,0.203,0.026487349983782032
5650,0.029000000000000005,0.0,0.6435,0.021500000000000002,0.0035000000000000005,0.1575,0.9549999999999998,0.02,0.2725,0.06540316205533596,0.002
5651,0.2185,0.0675,0.6050000000000001,0.05597029702970298,0.041,0.11599999999999999,0.952617982873454,0.06799999999999999,0.5131662269129287,0.19890396039603958,0.002
5652,0.17099999999999999,0.07098021828103683,0.788,0.0665,0.0955,0.34823680952783104,0.30111798287345387,0.1035,0.4909990099009901,0.145,0.006500000000000001
5653,0.014000000000000002,0.041461942257217846,0.466,0.003,0.039,0.20949999999999996,0.7052716917461763,0.019000000000000003,0.44899999999999995,0.0215,0.0
5654,0.5095,0.029500000000000005,0.45949999999999996,0.033999999999999996,0.05349999999999999,0.1236888141295206,0.6950000000000001,0.125,0.33399999999999996,0.305,0.0045
5655,0.08,0.0455,0.6315000000000001,0.030443925233644864,0.0165,0.14895123358662649,0.8189627199864962,0.0645,0.5792078382838284,0.10311039839550085,0.006500000000000001
5656,0.437,0.2425,0.61,0.05494392523364485,0.046,0.5987048971660164,0.7981081466291292,0.217,0.4666657318634238,0.3627972283155394,0.025481724911830716
5657,0.0425,0.032,0.6839999999999999,0.032999999999999995,0.022,0.1255,0.96,0.001,0.2898333333333334,0.12150000000000001,0.0055000000000000005
5658,0.39649999999999996,0.15399999999999997,0.654,0.013000000000000001,0.1675,0.23027129527305243,0.6726365835430315,0.08299999999999999,0.6365,0.261946878422782,0.006
5659,0.2425,0.1979802182810368,0.757,0.0315,0.084,0.2524017782079859,0.5662403426870416,0.17550000000000002,0.527249504950495,0.1954963427760266,0.011500000000000002
5660,0.033,0.0155,0.5445,0.039,0.0015,0.165,0.9530000000000001,0.004,0.43149999999999994,0.0615,0.0064983829504934075
5661,0.11200000000000002,0.0935,0.7479999999999999,0.02735057587391392,0.0655,0.38154014299849204,0.22611798287345386,0.1015,0.338,0.10084955155205369,0.0155
5662,0.018000000000000002,0.022500000000000003,0.546,0.05500000000000001,0.0415,0.1916394161657408,0.7174999999999999,0.002,0.33649999999999997,0.037,0.0
5663,0.221,0.198,0.7064999999999999,0.07076306040021532,0.0965,0.13767208305819495,0.5179360482387784,0.11299999999999999,0.44874950495049504,0.15419992273436595,0.026999999999999996
5664,0.2815,0.265,0.6210000000000001,0.0885,0.0965,0.19331735132322786,0.8121179828734538,0.10800000000000001,0.5325,0.28360826397407546,0.013989984831417219
5665,0.3415,0.17894751028491837,0.603,0.06985814749699269,0.124,0.051500000000000004,0.7198527093741356,0.10699999999999998,0.5864575220787976,0.1265073377980907,0.020999999999999998
5666,0.4015000000000001,0.22547989093387866,0.7285,0.0605,0.0595,0.4046847162974248,0.7325388139102125,0.15199999999999997,0.40786476175453645,0.38680632411067195,0.035500000000000004
5667,0.05399999999999999,0.1695,0.7965,0.0115,0.0505,0.17200370308954233,0.7126179828734538,0.27149999999999996,0.434832892998679,0.37224170874041046,0.001
5668,0.3585,0.1825,0.722,0.07197029702970296,0.066,0.5740008243685395,0.9119999999999999,0.1365,0.5111240099009902,0.26379722831553937,0.010499999999999999
5669,0.144,0.0865,0.5515,0.0812189426593572,0.1315,0.48354101858801235,0.5182630304085075,0.09749999999999999,0.7195,0.11764189104483051,0.0115
5670,0.0095,0.015,0.549,0.0185,0.0125,0.1605,0.8939999999999999,0.053500000000000006,0.49924999999999997,0.07699999999999999,0.0005
5671,0.018,0.0315,0.643,0.012,0.0695,0.4225,0.4534564448850068,0.06899999999999999,0.417,0.022000000000000002,0.0095
5672,0.32700000000000007,0.1755,0.5865,0.0615,0.126,0.11515210316324156,0.9045173668184919,0.1665,0.4069999999999999,0.3179957096145681,0.021991602417481094
5673,0.3145,0.23200000000000004,0.6625,0.039797969898905175,0.1145,0.5020369506091865,0.5016146235950967,0.4215,0.5401491877419304,0.15179642997483572,0.019493593955321943
5674,0.3205,0.089,0.5005,0.051500000000000004,0.126,0.11818913226621734,0.979240465416936,0.037500000000000006,0.277,0.0415,0.0034999999999999996
5675,0.127,0.17099999999999999,0.6625,0.09192528793695696,0.1265,0.5211718041502873,0.4022805974564546,0.10650000000000001,0.424249504950495,0.1389039603960396,0.011
5676,0.0245,0.038,0.6075,0.04697029702970297,0.008,0.1335,0.916,0.0155,0.38264968279143535,0.1666456691364501,0.0
5677,0.813,0.079,0.754,0.008000000000000002,0.09799999999999999,0.09349999999999999,0.9975000000000002,0.149,0.571,0.38,0.006999999999999999
5678,0.079,0.033,0.7195,0.0355,0.027000000000000003,0.1480485646518654,0.914,0.0465,0.5391662269129288,0.13083887043189368,0.0039876663420967216
5679,0.098,0.030500000000000006,0.298,0.048927027798933743,0.013500000000000002,0.1615,0.935035838150289,0.048,0.7284162269129288,0.07321108284741519,0.002
5680,0.37100000000000005,0.07394216053825468,0.7525,0.07642861911119589,0.089,0.3230547267680904,0.475066882416397,0.186,0.6444995596653456,0.16579642997483574,0.011
5681,0.023,0.008,0.6014999999999999,0.046443925233644864,0.0485,0.17377411477411478,0.9559999999999998,0.0025,0.24100000000000002,0.2350491549386052,0.002484125244241763
5682,0.383,0.14750000000000002,0.6565000000000001,0.060414978658606455,0.08049999999999999,0.16899999999999998,0.7927517477062478,0.0815,0.5268745596653457,0.1323660970023859,0.024
5683,0.22200000000000003,0.15899999999999997,0.5955,0.0215,0.029000000000000005,0.05960666952841422,0.8205,0.186,0.549,0.3635,0.012
5684,0.171,0.10583380100388114,0.42250000000000004,0.09247029702970297,0.0765,0.345628215720487,0.5329202749282402,0.0475,0.355749504950495,0.1671818802315171,0.0015
5685,0.21950000000000003,0.08399999999999999,0.7484999999999999,0.046,0.0995,0.24404889975550126,0.6398874440596409,0.1135,0.3705,0.32199999999999995,0.013000000000000001
5686,0.030000000000000006,0.03300000000000001,0.5355,0.03947029702970297,0.049,0.11285410094637223,0.9404999999999999,0.0295,0.5345823979491741,0.034999999999999996,0.001
5687,0.2395,0.12300000000000003,0.774,0.041320935793059274,0.11699999999999999,0.8032920673498423,0.6273019475613132,0.072,0.5687902921096859,0.18359362000759596,0.022970481121370838
5688,0.3205,0.08499999999999999,0.695,0.06181437422544669,0.061,0.4145645213858812,0.8155404334283662,0.088,0.5447142857142857,0.19158971294131727,0.02
5689,0.5055,0.0225,0.46849999999999997,0.04,0.05449999999999999,0.06772360557768925,0.9035,0.255,0.5170000000000001,0.23199999999999998,0.0125
5690,0.078,0.013000000000000001,0.42799999999999994,0.02691422226334783,0.053500000000000006,0.12731768309034022,0.7121337648327939,0.11099999999999999,0.6011666666666666,0.03890316205533596,0.001
5691,0.083,0.05048021828103684,0.8574999999999999,0.021420353982300883,0.093,0.4306709036446669,0.1432357414448669,0.098,0.22749999999999998,0.4665,0.0035000000000000005
5692,0.47850000000000004,0.027500000000000004,0.4765,0.06597029702970296,0.12450000000000001,0.13077411477411477,0.9441582978723405,0.0595,0.4609162269129287,0.2023079207920792,0.01
5693,0.4225,0.263,0.67,0.09847979797979797,0.183,0.23037826453243473,0.8675544109216051,0.17200000000000001,0.5216749999999999,0.26380294280607364,0.008495709570957096
5694,0.095,0.073,0.7715000000000001,0.03,0.10300000000000001,0.1905,0.24064938974244815,0.0695,0.7679583333333333,0.10044687842278203,0.001
5695,0.1055,0.040999999999999995,0.529,0.0425,0.039,0.15499999999999997,0.8494999999999999,0.065,0.36939968279143537,0.223,0.001
5696,0.022,0.0295,0.5569999999999999,0.0245,0.026000000000000002,0.1643782645324347,0.5715,0.059,0.45500000000000007,0.11924091039970683,0.001
5697,0.3555,0.042,0.6315,0.08785148514851485,0.12350000000000001,0.0852744498777506,0.8186848652898508,0.16099999999999998,0.618625,0.17244278882248887,0.0015
5698,0.026500000000000003,0.037,0.487,0.04147029702970297,0.01,0.15199999999999997,0.8780000000000001,0.017499999999999998,0.3835,0.233,0.002
5699,0.3,0.12981298394028376,0.654,0.022,0.1275,0.261712240369376,0.231,0.184,0.5446995249406175,0.24539375684556405,0.0035000000000000005
5700,0.22599999999999998,0.041999999999999996,0.6359999999999999,0.05945499090725399,0.12599999999999997,0.10418855218855219,0.8574999999999999,0.10049999999999999,0.6559999999999999,0.1858377483443709,0.013500000000000002
5701,0.0195,0.0075,0.485,0.11131978789150246,0.048,0.10800000000000001,0.8136179828734538,0.0034999999999999996,0.1895,0.08035034989275733,0.006500000000000001
5702,0.38300000000000006,0.124,0.7464999999999999,0.05985390704815284,0.05099999999999999,0.23847849311253788,0.783566882416397,0.1315,0.4836995249406176,0.3442267483183893,0.023
5703,0.012,0.003,0.6385,0.044000000000000004,0.011500000000000002,0.17099999999999999,0.883,0.01,0.39949999999999997,0.1165,0.0015
5704,0.3525,0.096,0.6485000000000001,0.05299999999999999,0.0935,0.0935,0.8379999999999999,0.08,0.404,0.15680632411067194,0.0015
5705,0.028000000000000004,0.027500000000000004,0.41600000000000004,0.014499999999999999,0.017499999999999998,0.154,0.667,0.0115,0.44399999999999995,0.05349999999999999,0.0
5706,0.362,0.24,0.7879999999999999,0.0235,0.16699999999999998,0.47965342342804496,0.778240465416936,0.15150000000000002,0.485365311518892,0.2803908715171527,0.0475
5707,0.8059999999999998,0.051500000000000004,0.742,0.030970297029702977,0.0915,0.0885,0.9984999999999999,0.0905,0.667832892998679,0.2510240582725831,0.013000000000000001
5708,0.007000000000000001,0.003,0.679,0.08976201870618773,0.0495,0.13735410094637224,0.9174999999999999,0.0005,0.38149999999999995,0.0483388704318937,0.005
5709,0.0605,0.0805,0.7,0.0395,0.0505,0.2522904387339161,0.9105000000000001,0.0295,0.38849999999999996,0.11490316205533598,0.013000000000000001
5710,0.21749999999999997,0.095,0.8035,0.08045499090725398,0.07050000000000001,0.16877383863080683,0.8147517477062479,0.47000000000000003,0.6940000000000001,0.12350000000000001,0.006
5711,0.11950000000000001,0.17446133682830928,0.8290000000000001,0.022,0.07799999999999999,0.17988360853680735,0.6657782036413751,0.06000000000000001,0.5062495049504949,0.16283414797082893,0.018500000000000003
5712,0.088,0.013500000000000002,0.522,0.021,0.0985,0.12577411477411476,0.9365,0.05600000000000001,0.271,0.198,0.0025
5713,0.003,0.0075,0.553,0.071678435797714,0.026000000000000002,0.14250000000000002,0.8759982639226325,0.07400000000000001,0.3295,0.057499999999999996,0.0015
5714,0.0105,0.0405,0.48450000000000004,0.04197029702970297,0.014000000000000002,0.1285,0.933,0.0155,0.49124999999999996,0.07549999999999998,0.0175
5715,0.07150000000000001,0.0445,0.5385,0.0295,0.08499999999999999,0.14377915872839825,0.8005000000000001,0.053500000000000006,0.45199999999999996,0.1285,0.0005
5716,0.43499999999999994,0.11400000000000002,0.592,0.03,0.07749999999999999,0.2890344634421762,0.8131179828734538,0.23349999999999999,0.5444157312825073,0.2975590377180616,0.030981260297418666
5717,0.12250000000000001,0.18129322241884005,0.753,0.028000000000000004,0.07,0.21874876046244301,0.649,0.014500000000000002,0.69725,0.151903162055336,0.0
5718,0.0945,0.0865,0.5459999999999999,0.048,0.041999999999999996,0.10973680952783105,0.8811847531388304,0.073,0.5456662269129288,0.2895,0.006500000000000001
5719,0.5090000000000001,0.0935,0.6369999999999999,0.05098964728538603,0.14150000000000001,0.21123172920541347,0.901980930833872,0.173,0.5425083333333334,0.3457590427706303,0.015
5720,0.0155,0.025500000000000002,0.592,0.04655345814049387,0.005,0.13054889975550124,0.9029999999999999,0.0315,0.386125,0.07753100273813066,0.0015
5721,0.1745,0.17795643641233,0.7075000000000001,0.0345,0.08950000000000001,0.4561444714617087,0.36248748915111473,0.2225,0.4106249999999999,0.2691995920301717,0.0195
5722,0.017499999999999998,0.0195,0.5890000000000001,0.04047029702970297,0.013500000000000002,0.1798543804262036,0.9635,0.016999999999999998,0.30700000000000005,0.0865,0.0
5723,0.555,0.026000000000000002,0.5654999999999999,0.06599999999999999,0.021500000000000002,0.13746163706770867,0.7625,0.1805,0.28900000000000003,0.21400000000000002,0.0045
5724,0.020999999999999998,0.012,0.462,0.021394675692059002,0.024,0.17876735574291985,0.7775,0.0295,0.3406666666666666,0.04628413784108859,0.0
5725,0.33849999999999997,0.044,0.513,0.0205,0.16349999999999998,0.1799258998006596,0.5355000000000001,0.08049999999999999,0.50175,0.20249999999999999,0.001
5726,0.4305,0.006500000000000001,0.6465,0.008499999999999999,0.0335,0.076,0.9655000000000001,0.139,0.379,0.18750000000000003,0.0034999999999999996
5727,0.1825,0.028500000000000004,0.7899999999999999,0.3371671531408758,0.1275,0.3753541009463722,0.6342963153169412,0.054000000000000006,0.22600000000000003,0.057999999999999996,0.015
5728,0.1825,0.0295,0.6285000000000001,0.09123373590951425,0.0715,0.10877383863080685,0.936585370051635,0.0695,0.49079073186342387,0.2972169358212075,0.003
5729,0.008499999999999999,0.013999999999999999,0.5475,0.028999999999999998,0.0125,0.13514400256574727,0.9085000000000001,0.011,0.3422157514771126,0.08847167630057803,0.001
5730,0.036000000000000004,0.043,0.624,0.05650000000000001,0.04,0.177,0.719,0.004999999999999999,0.38649999999999995,0.0945,0.0
5731,0.094,0.03248021828103684,0.724,0.05340504785985191,0.0595,0.15910734781807453,0.8465,0.004999999999999999,0.4125,0.043000000000000003,0.0
5732,0.33791399517407794,0.083,0.582,0.026000000000000002,0.0975,0.1763582523160151,0.5195835164281069,0.2525,0.5070828382838284,0.4322280237689119,0.005980941833929911
5733,0.3575,0.2835,0.6960000000000001,0.05,0.0945,0.1535292549884574,0.775463068931226,0.17150000000000004,0.4576240651967571,0.35033774834437087,0.025990531422142284
5734,0.055499999999999994,0.012,0.5955,0.06,0.027000000000000003,0.16704628500366941,0.9400000000000001,0.021500000000000002,0.5544990099009901,0.09032148957201099,0.0005
5735,0.2905,0.025,0.3295,0.012,0.0895,0.11362855082412285,0.829881832178599,0.19,0.47186619160728427,0.28700000000000003,0.0905
5736,0.266,0.15799999999999997,0.73,0.044000000000000004,0.20549999999999996,0.49227411477411476,0.5814004185354793,0.07999999999999999,0.5888333333333333,0.14950000000000002,0.038
5737,0.2915,0.1615,0.778,0.02997029702970297,0.12049999999999998,0.21881592100408054,0.36966734725314315,0.051000000000000004,0.48600000000000004,0.4313388704318936,0.006
5738,0.2085,0.16297354260089686,0.8075000000000001,0.05836945669356852,0.16699999999999998,0.5262363741021947,0.5530448831654269,0.1315,0.534,0.21675320253345393,0.0225
5739,0.2165,0.049,0.667,0.036954990907253994,0.0985,0.18650898033297447,0.7368024782674103,0.1625,0.6472404019027479,0.21131079869103503,0.021493593955321945
5740,0.047,0.0015,0.652,0.0625,0.020499999999999997,0.159,0.97,0.0,0.246,0.10233774834437086,0.0
5741,0.294,0.185,0.6995000000000001,0.04,0.0595,0.7626542784777646,0.9085000000000001,0.131,0.5165,0.2964463894967177,0.0095
5742,0.17250000000000001,0.06736571770553221,0.683,0.1542349422876224,0.05500000000000001,0.11316670380902609,0.9635,0.12450000000000001,0.5905,0.2017846267671529,0.0125
5743,0.4215,0.15047989093387865,0.658,0.07591422226334783,0.0995,0.14899999999999997,0.6790544116469628,0.1075,0.5543645683629903,0.12392508602444421,0.025500000000000002
5744,0.182,0.10049999999999999,0.6309999999999999,0.04633457624564872,0.08800000000000001,0.11789701602226507,0.9019999999999999,0.08050000000000002,0.4496666666666666,0.3,0.0075000000000000015
5745,0.7304999999999999,0.0969613368283093,0.5935,0.05648469387755102,0.0995,0.10899999999999999,0.9810000000000001,0.0925,0.4641647958983481,0.17140316205533596,0.012
5746,0.016000000000000004,0.01,0.6185,0.014970297029702973,0.0595,0.1405,0.8230000000000001,0.034,0.4763328935795954,0.0485,0.003999999999999999
5747,0.31649999999999995,0.155,0.6969999999999998,0.0354005818107584,0.11000000000000001,0.2902251602668125,0.43600000000000005,0.23399999999999999,0.49501635021097046,0.2740657966684118,0.02
5748,0.006,0.0095,0.6234999999999999,0.014000000000000002,0.0125,0.1455,0.79,0.0095,0.5215000000000001,0.039,0.0005
5749,0.10400000000000001,0.009000000000000001,0.7729999999999999,0.04597029702970297,0.4465,0.07100000000000001,0.9269999999999999,0.0875,0.578,0.061,0.0035000000000000005
5750,0.0875,0.066,0.5130000000000001,0.012943925233644859,0.14150000000000001,0.1955360679099713,0.5861848652898508,0.0385,0.488,0.119,0.0105
5751,0.491,0.20346043656207366,0.6005,0.03886259541984733,0.187,0.4234231352835357,0.7394877134531554,0.23199999999999998,0.490132892998679,0.22370948616600791,0.0185
5752,0.1015,0.0385,0.655,0.0235,0.01,0.16599999999999998,0.8858943059932309,0.026000000000000002,0.44299999999999995,0.14836724578589577,0.02
5753,0.24850000000000003,0.1595,0.5940000000000001,0.0705,0.125,0.13927383863080683,0.9530000000000001,0.023000000000000003,0.4801662269129288,0.1587535332376482,0.014500000000000002
5754,0.45200000000000007,0.16,0.454,0.09247029702970297,0.12050000000000001,0.21477374874025137,0.8143307144888302,0.24500000000000002,0.40800000000000003,0.43890316205533597,0.010993756161682551
5755,0.184,0.026999999999999996,0.6425,0.025880000000000004,0.0835,0.0802744498777506,0.8615,0.10650000000000001,0.45633333333333337,0.14394687842278203,0.006
5756,0.627,0.05500000000000001,0.471,0.05500000000000001,0.131,0.085,0.8857359657469075,0.3135,0.30966666666666665,0.36150000000000004,0.0085
5757,0.5665,0.055999999999999994,0.707,0.028943925233644863,0.0775,0.11949999999999998,0.4916179828734538,0.133,0.4585,0.172,0.0035000000000000005
5758,0.2105,0.01,0.5090000000000001,0.0725,0.0305,0.22350000000000003,0.96,0.05,0.3536666666666667,0.23924170874041048,0.006500000000000001
5759,0.43200000000000005,0.19988366638219301,0.6639999999999999,0.0803395102003048,0.12600000000000003,0.3440283814386215,0.8190000000000002,0.21550000000000002,0.5431662269129287,0.24387224694223092,0.0115
5760,0.047,0.015000000000000003,0.3330000000000001,0.10737241224122414,0.0445,0.15550000000000003,0.868,0.013000000000000001,0.33386569655777926,0.11000871352828882,0.009000000000000001
5761,0.004,0.05630971274530705,0.557,0.026970297029702973,0.024,0.10600000000000001,0.9271179828734539,0.04,0.32258333333333333,0.11000000000000001,0.0085
5762,0.0095,0.0225,0.46049999999999996,0.023469387755102038,0.012,0.1405,0.9279999999999999,0.01,0.378332892998679,0.09183887043189369,0.0
5763,0.026500000000000003,0.08188461591383646,0.8655000000000002,0.0069702970297029695,0.0215,0.14366636870539026,0.8664999999999999,0.025500000000000002,0.38966622691292874,0.08987737541221068,0.0
5764,0.259,0.067,0.6845,0.10658109328919423,0.1135,0.31490233318635574,0.873,0.12350000000000001,0.5108394382079438,0.25977456804276644,0.0055
5765,0.38350000000000006,0.028000000000000004,0.513,0.018403912984997314,0.013000000000000001,0.146,0.6270000000000001,0.22899999999999995,0.4310823985300905,0.32570098646348694,0.0
5766,0.35699999999999993,0.0895,0.34950000000000003,0.02347029702970297,0.1085,0.22127444987775063,0.6961101959966378,0.18250000000000002,0.42116622633201234,0.4231283466349692,0.11599999999999999
5767,0.5,0.124,0.5319999999999999,0.016999999999999998,0.052500000000000005,0.1693170298500076,0.899,0.14850000000000002,0.267,0.2587417087404104,0.028000000000000004
5768,0.37049999999999994,0.1465,0.567,0.018000000000000002,0.135,0.1316504511972293,0.6678028481633047,0.17099999999999999,0.422,0.2145,0.008
5769,0.1555,0.0660465812000265,0.5645,0.11238361001844988,0.0845,0.21605376411310395,0.9730000000000001,0.0405,0.4887495049504951,0.20980712245137556,0.0235
5770,0.658913995174078,0.4459041027954725,0.74,0.021,0.10149999999999999,0.38257018000631504,0.0965,0.6285000000000001,0.42258283828382837,0.08525769795820379,0.0015
5771,0.1465,0.047461942257217844,0.632,0.022000000000000002,0.015,0.22455001201603836,0.9305,0.032,0.4049162269129288,0.19,0.006
5772,0.8345,0.023,0.6960000000000001,0.002,0.099,0.14335410094637224,0.9995,0.1845,0.46049999999999996,0.437,0.0045
5773,0.2695,0.16299999999999998,0.683,0.04988066666509661,0.05,0.9299999999999999,0.8726179828734539,0.11600000000000002,0.6178333333333332,0.2572470727881385,0.009
5774,0.26649999999999996,0.21597396768402155,0.7025,0.036925287936956964,0.122,0.7847741147741147,0.6326990933160731,0.11300000000000002,0.5491662263320123,0.17233774834437085,0.0205
5775,0.036000000000000004,0.15150000000000002,0.9195,0.02294392523364486,0.123,0.25132240328267225,0.1885,0.057499999999999996,0.866082397949174,0.08912156844172517,0.004999999999999999
5776,0.319,0.049429268292682925,0.646,0.03398469387755102,0.128,0.4007863516995546,0.5393246809220934,0.657,0.6615323432343235,0.17308057917230418,0.004
5777,0.294,0.039,0.5715,0.10997029702970296,0.0185,0.1155,0.9326179828734539,0.076,0.4672912269129288,0.27921693582120755,0.0005
5778,0.0245,0.006999999999999999,0.499,0.01844392523364486,0.0305,0.126,0.7969999999999999,0.0335,0.22149950495049503,0.04491720542915219,0.0
5779,0.313,0.0195,0.5045,0.027000000000000003,0.08349999999999999,0.095,0.9285,0.1125,0.5545,0.133,0.0075000000000000015
5780,0.5685,0.062,0.5785,0.023000000000000003,0.11200000000000002,0.07318855218855219,0.9276179828734538,0.162,0.6166662269129287,0.22580712245137557,0.009
5781,0.37950000000000006,0.1305,0.5035,0.0085,0.09949999999999999,0.17047048249121413,0.866,0.18550000000000003,0.51,0.324,0.06799999999999999
5782,0.0125,0.027500000000000004,0.42800000000000005,0.0361654166187822,0.032499999999999994,0.16618913226621734,0.632,0.020999999999999998,0.4562565515934766,0.12709575936226378,0.0015
5783,0.079,0.0665,0.785,0.014499999999999999,0.0775,0.22504377701685185,0.38661798287345384,0.0635,0.526,0.069,0.0024935918501478808
5784,0.008,0.0035000000000000005,0.549,0.0455,0.0235,0.11549999999999998,0.9834999999999999,0.006500000000000001,0.4655,0.071,0.0
5785,0.458,0.19547354260089683,0.5894999999999999,0.028500000000000004,0.135,0.2576694309270985,0.7793914164799601,0.209,0.39699999999999996,0.3296042053692544,0.02793753263098726
5786,0.324,0.10400000000000001,0.692,0.03437674727232541,0.05449999999999999,0.10785438042620363,0.8997826349226699,0.125,0.3965,0.3465,0.003968928353627792
5787,0.3425,0.19297396768402156,0.6799999999999999,0.0572978322817977,0.10299999999999998,0.9875,0.6575590996264659,0.124,0.5284162263320124,0.23118069816303438,0.0365
5788,0.05600000000000001,0.056999999999999995,0.6275000000000001,0.07527925787455218,0.0025,0.15816590397503089,0.8571907692307693,0.0235,0.5451061661958003,0.05510549311455108,0.0015
5789,0.062,0.08549999999999999,0.5625,0.03378956715290271,0.017,0.18568913226621736,0.875,0.019999999999999997,0.4104157318634238,0.10102523768906613,0.013498382950493406
5790,0.45099999999999996,0.044,0.5055,0.067,0.05,0.11985387045813586,0.9139999999999999,0.139,0.265,0.3729039603960396,0.0
5791,0.018500000000000003,0.05138582677165354,0.6084999999999999,0.0125,0.022000000000000002,0.164,0.8685,0.006500000000000001,0.5070823432343234,0.053500000000000006,0.0025
5792,0.0195,0.0375,0.5055000000000001,0.06628093484708658,0.0225,0.1165,0.9435,0.027500000000000004,0.24130801687763714,0.09313414125035971,0.004999999999999999
5793,0.073,0.30642926829268297,0.827,0.056857179153825786,0.0865,0.1839359952099035,0.6575,0.462,0.47000000000000003,0.33399143752373395,0.019999999999999997
5794,0.3425,0.13899999999999998,0.68,0.0965,0.073,0.6394977787804328,0.8786846803419037,0.16899999999999998,0.5143333333333333,0.2810936582903751,0.0085
5795,0.30999999999999994,0.030000000000000006,0.5495,0.006999999999999999,0.048,0.13615965417395148,0.908,0.1325,0.4205,0.25,0.001
5796,0.4335,0.051000000000000004,0.6755,0.0788143742254467,0.065,0.094,0.9244999999999999,0.13999999999999999,0.55245,0.21031377376587157,0.001
5797,0.04,0.016423884514435695,0.6379999999999999,0.066,0.003,0.1425,0.953566882416397,0.009,0.5334990099009901,0.14283774834437085,0.0005
5798,0.3605,0.07,0.6365000000000001,0.075,0.04800000000000001,0.1695,0.6236179828734538,0.069,0.6154999999999999,0.066,0.002
5799,0.14750000000000002,0.092,0.7665000000000001,0.040428619111195885,0.0595,0.06599999999999999,0.9318757813791503,0.025,0.53,0.1085,0.002
5800,0.33899999999999997,0.066,0.6545,0.09927426103045371,0.10450000000000001,0.13379514811572016,0.9675,0.031,0.37525,0.0925,0.0005
5801,0.1985,0.177,0.7435,0.066,0.137,0.4875410809067313,0.5162832228886585,0.1125,0.5151666666666668,0.23382276548239908,0.022000000000000002
5802,0.05500000000000001,0.08800000000000001,0.7515000000000001,0.05591089108910892,0.12250000000000001,0.18127383863080687,0.5834762068618028,0.0315,0.6055,0.11850000000000001,0.0655
5803,0.17,0.0195,0.418,0.020499999999999997,0.0475,0.09722360557768925,0.9078186301226447,0.12449999999999999,0.3685,0.24700000000000003,0.0045
5804,0.349,0.1075,0.6565,0.05847029702970297,0.093,0.1316641624525845,0.7578539486203615,0.10900000000000001,0.45308283828382845,0.260509370933542,0.013997846255798543
5805,0.0034999999999999996,0.056499999999999995,0.5345,0.036,0.010499999999999999,0.18050000000000002,0.729,0.028500000000000004,0.605,0.05149999999999999,0.0005
5806,0.1255,0.23499999999999996,0.8285,0.049,0.10200000000000001,0.22760677613562247,0.5633695463571119,0.08800000000000001,0.7234999999999999,0.08249999999999999,0.0075000000000000015
5807,0.33999999999999997,0.184,0.6234999999999999,0.008,0.0965,0.16354930922325608,0.91485844829039,0.132,0.38775000000000004,0.443446878422782,0.017998382950493406
5808,0.10400000000000001,0.0725,0.5215000000000001,0.0335,0.11000000000000001,0.17905852700785432,0.0485,0.07450000000000001,0.66075,0.17328114534612987,0.005975178665461822
5809,0.0105,0.039999999999999994,0.606,0.06091422226334783,0.024,0.21750000000000003,0.9566538210237429,0.0095,0.320249504950495,0.10138578119545325,0.0
5810,0.12350000000000001,0.0665,0.5885,0.053440594059405946,0.0695,0.20493180747043374,0.5302404654169359,0.075,0.3905323632244459,0.10261504324345479,0.024
5811,0.174,0.028000000000000004,0.6575,0.11850000000000001,0.0445,0.14861567092191325,0.958,0.018,0.483,0.1395,0.006500000000000001
5812,0.15949999999999998,0.0465,0.694,0.054970297029702964,0.0345,0.1095,0.977,0.014000000000000002,0.6197495049504951,0.061903960396039605,0.002
5813,0.026000000000000002,0.0175,0.6154999999999999,0.0455,0.025500000000000002,0.13706903764015135,0.958,0.0035000000000000005,0.27999999999999997,0.123,0.0015
5814,0.014500000000000002,0.019,0.5095,0.08078330333033304,0.025500000000000002,0.14400000000000002,0.8865000000000001,0.026500000000000003,0.37803327864200087,0.12075633743652499,0.0
5815,0.09,0.057499999999999996,0.6475,0.06235075101237658,0.07949999999999999,0.12546324704033215,0.9715,0.032,0.544524504950495,0.17123499959545743,0.005
5816,0.0015,0.0085,0.6705000000000001,0.006500000000000001,0.008499999999999999,0.19512855082412287,0.9675,0.003,0.27399999999999997,0.081,0.0005
5817,0.3045,0.0829541859650584,0.594,0.04089558496665993,0.057499999999999996,0.1281515230855764,0.9620000000000001,0.1545,0.5997911716171617,0.20867423746267924,0.002
5818,0.4439139951740779,0.0429238845144357,0.567,0.026000000000000002,0.099,0.10315206116985273,0.7910404334283663,0.199,0.409375,0.3804315937940762,0.0025
5819,0.25349999999999995,0.24347396768402155,0.6485000000000001,0.04097029702970297,0.094,0.135,0.6651509019541046,0.10950000000000001,0.541832892998679,0.2497433083976178,0.031493756161682554
5820,0.28099999999999997,0.2129802182810368,0.7585,0.0625,0.11100000000000002,0.25612997846944785,0.8533087521042232,0.1105,0.611,0.18079059829059832,0.011000000000000001
5821,0.066,0.0195,0.7215,0.1356970483805476,0.052000000000000005,0.1715,0.9755,0.0035000000000000005,0.307,0.05,0.0005
5822,0.472,0.063,0.619,0.0215,0.11850000000000001,0.078,0.7125,0.2245,0.48637499999999995,0.20275499999999996,0.002
5823,0.049,0.0035000000000000005,0.6079999999999999,0.0385,0.013000000000000001,0.0735,0.9265000000000001,0.021,0.5285,0.028000000000000004,0.0015
5824,0.057999999999999996,0.025,0.6955,0.006,0.017,0.134559185019454,0.8465,0.045,0.43249999999999994,0.16299999999999998,0.003
5825,0.4375,0.13499999999999998,0.5855,0.0165,0.06,0.18254856465186536,0.8080466691757622,0.2665,0.3135833333333333,0.3276440724550428,0.006
5826,0.4305,0.1448319992925966,0.8400000000000001,0.315,0.1,0.2051570909217967,0.4324921410516144,0.071,0.8160000000000001,0.10500000000000001,0.013500000000000002
5827,0.43900000000000006,0.4154999999999999,0.6795,0.036414222263347826,0.0645,0.10296292890363538,0.8570343826289177,0.20400000000000001,0.42749999999999994,0.563755,0.0085
5828,0.38,0.0595,0.642,0.07498469387755102,0.11000000000000001,0.14600000000000002,0.9866909160892995,0.045,0.6057495049504951,0.10496293494704992,0.01
5829,0.175,0.213,0.8709999999999999,0.041999999999999996,0.0815,0.34668913226621734,0.4502359657469078,0.2935,0.499125,0.2891995920301717,0.023993591850147877
5830,0.16,0.12042926829268293,0.755,0.03539558496665993,0.07250000000000001,0.2947498437139161,0.5166521643971398,0.137,0.51475,0.18159158403928335,0.012
5831,0.2545,0.042,0.7565,0.047443925233644865,0.11950000000000001,0.1555,0.7585000000000001,0.019999999999999997,0.5576666666666666,0.10040316205533598,0.002
5832,0.21541399517407794,0.014499999999999999,0.43800000000000006,0.276984693877551,0.052500000000000005,0.10177411477411477,0.6167120172516136,0.07400000000000001,0.3757495049504951,0.3401766187762646,0.0
5833,0.1375,0.031000000000000007,0.6535,0.0388845192930508,0.0615,0.065,0.8365,0.035,0.508,0.18671212581492602,0.0015
5834,0.302,0.0805,0.5235,0.07392372321344284,0.11600000000000002,0.23691811733986207,0.7662304817446693,0.05399999999999999,0.5302499999999999,0.08336756756756758,0.0075000000000000015
5835,0.0485,0.038,0.648,0.05449999999999999,0.015000000000000003,0.15885410094637226,0.9004999999999999,0.014500000000000002,0.351,0.15400000000000003,0.001
5836,0.012,0.0245,0.5495,0.07288680908907216,0.005,0.12050000000000001,0.8985,0.026000000000000002,0.3145996835443038,0.09281788303804935,0.006
5837,0.16599999999999998,0.015,0.38849999999999996,0.0295,0.019,0.09964400256574726,0.882,0.011,0.3715,0.2247417087404105,0.0005
5838,0.093,0.0955,0.6035,0.029000000000000005,0.0885,0.12110495295372066,0.7314999999999999,0.16599999999999998,0.40750000000000003,0.16546328538985616,0.014000000000000002
5839,0.0045,0.012,0.44699999999999995,0.02234125006228157,0.014000000000000002,0.146,0.783,0.0085,0.39812450495049506,0.0947284086208079,0.0
5840,0.0745,0.0055,0.6835,0.40650000000000003,0.021,0.129,0.942,0.0075,0.24050000000000002,0.1555,0.0
5841,0.1465,0.013500000000000002,0.48950000000000005,0.073,0.0975,0.09318881412952061,0.8885,0.09999999999999999,0.57,0.21400000000000002,0.0015
5842,0.0455,0.056999999999999995,0.6655,0.0305,0.045,0.11499999999999999,0.8699999999999999,0.0185,0.41600000000000004,0.259,0.0015
5843,0.0925,0.0415,0.5145,0.04048469387755102,0.059,0.15241617226360274,0.8775000000000001,0.04,0.343999504950495,0.24971028450671157,0.007999999999999998
5844,0.426,0.24900000000000003,0.659,0.0233845192930508,0.2515,0.32579854339309716,0.8269718149346017,0.127,0.414,0.3955,0.0175
5845,0.4305,0.254,0.7104999999999999,0.0819896907216495,0.0985,0.2571781568605438,0.5771743075825079,0.1835,0.4972495049504951,0.32696609497934,0.017499999999999998
5846,0.3165,0.2719735426008969,0.7190000000000001,0.045,0.15499999999999997,0.2625661383915584,0.7426474384178168,0.17750000000000002,0.488875,0.3453779832907939,0.013500000000000002
5847,0.758,0.0695,0.7120000000000001,0.06228034778267742,0.082,0.08249999999999999,0.9914999999999999,0.043000000000000003,0.6705819028996691,0.23761660583181515,0.0055
5848,0.446,0.13099999999999998,0.609,0.062,0.13099999999999998,0.1330690324015985,0.9138882182149398,0.191,0.45699999999999996,0.22100000000000003,0.006500000000000001
5849,0.018,0.069,0.5275,0.027500000000000004,0.12799999999999997,0.1246888141295206,0.6745,0.006500000000000001,0.437,0.2835,0.0005
5850,0.12450000000000001,0.0415,0.6785,0.025970297029702973,0.10350000000000001,0.10847438374735982,0.8944252185557664,0.05450000000000001,0.5556666666666666,0.17493546908634472,0.006500000000000001
5851,0.0475,0.1635,0.5834999999999999,0.042499999999999996,0.008,0.10199999999999998,0.8705,0.0405,0.2874995602462621,0.048,0.0015
5852,0.12349999999999998,0.08,0.6625000000000001,0.04,0.053000000000000005,0.10537100053539024,0.975,0.044500000000000005,0.2775,0.238,0.004
5853,0.31899999999999995,0.03,0.39249999999999996,0.040499999999999994,0.0645,0.18,0.5495000000000001,0.0385,0.2455,0.18,0.001
5854,0.33599999999999997,0.34450000000000003,0.6535,0.1355,0.049,0.10046292890363537,0.7779202449690308,0.19849999999999998,0.4897495049504951,0.49050000000000005,0.006
5855,0.658913995174078,0.4459041027954725,0.74,0.021,0.10149999999999999,0.38257018000631504,0.0965,0.6285000000000001,0.42258283828382837,0.08525769795820379,0.0015
5856,0.013500000000000002,0.016999999999999998,0.418,0.03544392523364486,0.008,0.15149999999999997,0.8549999999999999,0.0245,0.3262495049504951,0.1060104368398546,0.0
5857,0.11300000000000002,0.1275,0.651,0.08794585892609472,0.1035,0.2465479534049216,0.684066882416397,0.057499999999999996,0.4605,0.15050000000000002,0.027000000000000003
5858,0.033499999999999995,0.0305,0.499,0.014500000000000002,0.0205,0.08654291507589285,0.9114999999999999,0.002,0.3745,0.15628525992861142,0.01
5859,0.462,0.07,0.5985,0.09093028478105543,0.095,0.15177383863080687,0.8535416455986757,0.16899999999999998,0.5595,0.18390316205533597,0.025500000000000002
5860,0.04,0.1113477690288714,0.808,0.0395,0.14150000000000001,0.22454351269242098,0.15854666917576216,0.058499999999999996,0.7460991884947988,0.10071840638638921,0.004487350117004495
5861,0.0665,0.013999999999999999,0.639,0.039999999999999994,0.018499999999999996,0.14446358214396798,0.9355,0.044,0.30799999999999994,0.07,0.0085
5862,0.31450000000000006,0.02,0.6755,0.022239662162403657,0.12800000000000003,0.1025,0.7975,0.10149999999999999,0.69625,0.05139277899343545,0.0105
5863,0.04,0.05946194225721785,0.48050000000000004,0.01494392523364486,0.158,0.19435410094637223,0.4516179828734539,0.026999999999999996,0.4345,0.07300000000000001,0.008
5864,0.008,0.0035000000000000005,0.6079999999999999,0.0395,0.0115,0.16749999999999998,0.951066882416397,0.009000000000000001,0.289,0.077,0.0
5865,0.6975,0.078,0.6170000000000001,0.042984693877551015,0.121,0.17285410094637227,0.9439347394215971,0.10699999999999998,0.688,0.20549999999999996,0.0045
5866,0.8055,0.035,0.379,0.0355,0.05450000000000001,0.14722360557768926,0.671,0.48599999999999993,0.312,0.2545,0.0005
5867,0.22200000000000003,0.244,0.7034999999999999,0.05900000000000001,0.098,0.1787744498777506,0.5472190601411485,0.084,0.662,0.1854463894967177,0.002
5868,0.0415,0.03400000000000001,0.6455,0.023500000000000004,0.044,0.12458695403371312,0.7195,0.044,0.6495828382838283,0.0620925919520343,0.0015
5869,0.048,0.024,0.485,0.19660554161703722,0.029500000000000005,0.179,0.9365,0.013000000000000001,0.43113811444864164,0.191349197280207,0.0005
5870,0.15950000000000003,0.09400000000000001,0.5625,0.01,0.0745,0.131,0.8549999999999999,0.0485,0.30025,0.24674170874041046,0.0
5871,0.27949999999999997,0.1255,0.682,0.08031480407410621,0.191,0.349418117339862,0.7487003108214383,0.119,0.5349995049504951,0.1784312528118807,0.019
5872,0.008913995174077904,0.013000000000000001,0.5525,0.0485,0.021500000000000002,0.20839883239619236,0.897,0.003,0.30854166666666666,0.10200000000000001,0.006500000000000001
5873,0.48250000000000004,0.013000000000000001,0.4725,0.0455,0.008,0.16949999999999998,0.9019999999999999,0.0405,0.3621666666666667,0.22824091039970681,0.001
5874,0.21600000000000003,0.054000000000000006,0.6495000000000001,0.016,0.20800000000000002,0.13387736631807282,0.776,0.131,0.6563333333333333,0.1578495515520537,0.0105
5875,0.020999999999999998,0.072,0.48250000000000004,0.049,0.032,0.21750000000000003,0.9234313815062356,0.039999999999999994,0.5045,0.23499999999999996,0.0045000000000000005
5876,0.42400000000000004,0.13839121054990078,0.7545,0.043500000000000004,0.051000000000000004,0.2480219356098762,0.8287517477062478,0.203,0.4766662269129288,0.2948495515520537,0.001
5877,0.515,0.049,0.6,0.008,0.0595,0.06727444987775061,0.9410000000000001,0.21100000000000002,0.25949999999999995,0.2515,0.0095
5878,0.41950000000000004,0.11299999999999999,0.4185,0.06039891614089885,0.1485,0.3866279395771791,0.801292034276084,0.0905,0.38724950495049504,0.10040981336983194,0.011000000000000001
5879,0.29050000000000004,0.06777553162641015,0.3185,0.05900000000000001,0.076,0.22465306329276252,0.946,0.05950000000000001,0.515332892998679,0.22227040784123173,0.008
5880,0.131,0.035500000000000004,0.6785,0.038000000000000006,0.044,0.07677411477411478,0.9145,0.0465,0.4798333333333334,0.20444687842278203,0.0
5881,0.4675000000000001,0.0455,0.5185000000000001,0.06695998775135245,0.0895,0.19,0.8063539486203615,0.1645,0.46833289299867903,0.18418386621009805,0.028000000000000004
5882,0.0915,0.038,0.5465,0.040999999999999995,0.063,0.18396324704033212,0.9125,0.0385,0.221,0.2,0.0005
5883,0.25,0.11850000000000001,0.716,0.051425287936956963,0.1675,0.945,0.611233608437669,0.07300000000000001,0.4835823432343235,0.16933709806768532,0.013999999999999999
5884,0.008000000000000002,0.0505,0.47050000000000003,0.0465,0.0295,0.11227444987775062,0.8704627199864963,0.085,0.42933289299867894,0.036175496688741725,0.001
5885,0.266,0.057499999999999996,0.659,0.04136094804170683,0.1165,0.095,0.977,0.075,0.51,0.20690316205533596,0.004
5886,0.3155,0.2545,0.7049999999999998,0.037000000000000005,0.1035,0.26952582384277174,0.7199708105191075,0.17849999999999996,0.475249504950495,0.35550000000000004,0.042964894937412325
5887,0.18,0.089,0.6185,0.01,0.035500000000000004,0.16496297089702422,0.6116179828734538,0.0725,0.45437400990099014,0.24123747671338033,0.002
5888,0.3625,0.188,0.6625,0.069,0.089,0.6097377138850218,0.8361337648327941,0.14250000000000002,0.46799999999999997,0.3041365763171175,0.006500000000000001
5889,0.5269999999999999,0.22034867347739273,0.7755,0.06031313840424668,0.07350000000000001,0.22867678370887584,0.7560989137073258,0.33799999999999997,0.29280713678924486,0.07605032601380637,0.006500000000000001
5890,0.144,0.022500000000000003,0.42700000000000005,0.011872506823485564,0.0165,0.16083313483196465,0.5415000000000001,0.027999999999999997,0.4783328929986791,0.12974170874041047,0.0
5891,0.378,0.052000000000000005,0.5944999999999999,0.020999999999999998,0.1265,0.15302103334160538,0.931,0.075,0.38849999999999996,0.233,0.0015
5892,0.3485,0.1075,0.6729999999999999,0.0505,0.12200000000000003,0.11732240328267225,0.9565000000000001,0.11200000000000002,0.45041666666666663,0.26090396039603964,0.013946564474853962
5893,0.168,0.05500000000000001,0.5844999999999999,0.0405,0.0665,0.07112986098733606,0.8351538210237429,0.052000000000000005,0.5763323432343235,0.1808773754122107,0.002
5894,0.38449999999999995,0.014500000000000002,0.6214999999999999,0.025877388309596887,0.040499999999999994,0.056999999999999995,0.9505000000000001,0.059,0.32199999999999995,0.2065,0.004
5895,0.0125,0.0165,0.5279999999999999,0.047443925233644865,0.0195,0.13799999999999998,0.9486538210237428,0.0115,0.264,0.09648182079941366,0.0
