,task1,task2,task3,task4,task5,task6,task7,task8,task9,task10,task11
0,0.27480000000000004,0.2516,0.7007999999999999,0.1167049504950495,0.048799999999999996,0.2707744777906147,0.8055999999999999,0.0884,0.49779920792079213,0.46147291042147687,0.0032
1,0.0032,0.0336,0.38839999999999997,0.10333861386138614,0.0052,0.10301907090464549,0.8161887725975262,0.004,0.20819960396039608,0.04922593511525066,0.0048000000000000004
2,0.1988,0.5988,0.9256,0.05849108910891089,0.0508,0.33323858363858366,0.7139325458643407,0.8852,0.13619960396039604,0.08498215317183892,0.0064
3,0.28240000000000004,0.11079999999999998,0.7372,0.09401584158415839,0.1076,0.4446312015069961,0.5697663177925785,0.22160000000000002,0.5407988118811883,0.23321392556646967,0.019174894881641716
4,0.2672,0.10999999999999999,0.686,0.08075247524752475,0.11756967213114752,0.8194691340905852,0.7270470245610735,0.0696,0.7355984158415841,0.2029682276053692,0.014800000000000002
5,0.1272,0.1964,0.6172,0.10915247524752476,0.144,0.11621929181929183,0.5032718417729991,0.0872,0.3424,0.3,0.010400000000000001
6,0.5311999999999999,0.22196955380577427,0.6424000000000001,0.040400000000000005,0.10826461548890018,0.26680000000000004,0.7235550006692884,0.29159999999999997,0.4972,0.23312252964426877,0.0268
7,0.42800000000000005,0.13840000000000002,0.5519999999999999,0.07354851485148514,0.1052,0.28040000000000004,0.8253478917417054,0.09519999999999999,0.5135980198019803,0.22336886627793215,0.0088
8,0.16720000000000002,0.07809868766404202,0.7788,0.0032,0.12,0.25154739425203976,0.6367999999999999,0.0116,0.7151984158415841,0.18953645521073845,0.009600000000000001
9,0.24720000000000003,0.10778639229729312,0.6164,0.07108118811881188,0.0824,0.24225819070904647,0.5231999999999999,0.1132,0.6133980198019802,0.18144505928853755,0.007600000000000001
10,0.3032,0.1608,0.6691999999999999,0.06508118811881189,0.16916967213114756,0.48119999999999996,0.6954919341709689,0.0792,0.4984,0.2603225296442688,0.0247948734801183
11,0.11280000000000001,0.072,0.5900000000000001,0.044000000000000004,0.7656,0.2942315961680265,0.7897887725975263,0.1056,0.5964,0.2510456979611005,0.00877975850306794
12,0.2616,0.21036906946264744,0.7876,0.078,0.082,0.14454164788174703,0.8294830691754729,0.0992,0.40239960396039604,0.3706456979611004,0.0047950049293460405
13,0.3124,0.07673910761154856,0.47400000000000003,0.022376237623762375,0.1172,0.09661929181929182,0.8008000000000001,0.0808,0.5115999999999999,0.16832316831683167,0.0024000000000000002
14,0.2312,0.0288,0.5824,0.016400000000000005,0.044399999999999995,0.15805044615802563,0.8408091341579448,0.11760000000000001,0.723399207920792,0.2542602622001331,0.007600000000000001
15,0.009999999999999998,0.0008,0.3096,0.0092,0.005200000000000001,0.096,0.9383999999999999,0.002,0.4236,0.025922529644268777,0.004399999999999999
16,0.03319999999999999,0.0004,0.2984,0.0248,0.0332,0.07825743362858277,0.9067999999999999,0.0928,0.41979999999999995,0.2992,0.0016
17,0.2516,0.0988,0.8788,0.01795247524752475,0.16672099644128116,0.47805027241164166,0.23014368354599823,0.2508,0.506,0.26376758893280633,0.0004
18,0.04240000000000001,0.0992,0.5711999999999999,0.06477623762376238,0.0668,0.13327726161369194,0.9004943862987631,0.0108,0.2872,0.34199999999999997,0.054395004929346034
19,0.3336,0.28033910761154857,0.6616,0.03435247524752475,0.0392,0.2380369552367121,0.7105436835459982,0.1236,0.506799603960396,0.2708,0.020794873480118305
20,0.5539999999999999,0.34956955380577426,0.7756000000000001,0.0364,0.076,0.22939274444653415,0.6837932499556822,0.33880000000000005,0.4203996039603961,0.44799999999999995,0.03
21,0.2972,0.1852,0.7771999999999999,0.09639603960396038,0.0796,0.35012724441352594,0.8141213184618667,0.17040000000000002,0.532199603960396,0.26896758893280637,0.017599999999999998
22,0.1448,0.057999999999999996,0.7712,0.016400000000000005,0.08480000000000001,0.09941929181929181,0.8152000000000001,0.045200000000000004,0.49959999999999993,0.23561456423903254,0.0
23,0.0144,0.008799999999999999,0.33199999999999996,0.0076,0.0344,0.12919999999999998,0.674094386298763,0.0004,0.23759999999999998,0.0728,0.0
24,0.14400000000000002,0.0344,0.6032,0.03809108910891088,0.059199999999999996,0.2450579226261378,0.6728943862987631,0.08680000000000002,0.4518,0.17588090948225257,0.0056
25,0.748,0.11960000000000001,0.472,0.021576237623762373,0.1372,0.1656497362458243,0.5092989533777355,0.22199999999999998,0.42219999999999996,0.3483225296442688,0.0004
26,0.2584,0.28147773087997024,0.7572,0.15815841584158413,0.1684,0.28288978687707295,0.699132366422708,0.186,0.6255980198019802,0.22684113802684616,0.012
27,0.1052,0.011600000000000001,0.38280000000000003,0.09665742574257426,0.0536,0.07581907090464549,0.7736942965779467,0.1328,0.37459960396039604,0.19936822760536926,0.012
28,0.49240000000000006,0.0944,0.6728,0.0372,0.1476,0.08323814180929096,0.8796000000000002,0.1032,0.36700000000000005,0.16792316831683168,0.009989880093603595
29,0.2404,0.005200000000000001,0.6628,0.09835247524752475,0.007200000000000001,0.21388328075709778,0.327483069175473,0.04,0.256,0.5044,0.0004
30,0.06439999999999999,0.1688,0.602,0.059176237623762375,0.0496,0.10781929181929181,0.9106831588962894,0.0124,0.23479999999999998,0.3964,0.03959500492934604
31,0.1008,0.3996,0.7548000000000001,0.0012000000000000001,0.0328,0.1828383627239373,0.7348943862987631,0.0712,0.15399920792079208,0.23050404414354478,0.002
32,0.156,0.04,0.5332,0.05155514018691589,0.06676967213114754,0.06601181535117966,0.8656,0.0056,0.19340000000000002,0.2964,0.0004
33,0.0024000000000000002,0.009999999999999998,0.32280000000000003,0.019152475247524753,0.018,0.1508383627239373,0.9544943862987632,0.0072,0.32720000000000005,0.10281392556646969,0.0
34,0.48719999999999997,0.17676955380577428,0.55,0.037599999999999995,0.0792,0.2345415283023653,0.8816943862987632,0.0676,0.4085988118811881,0.2313821531718389,0.0064
35,0.30920000000000003,0.0984,0.72,0.09359999999999999,0.0576,0.40164838090461563,0.7836000000000001,0.09,0.5672,0.22552252964426875,0.046
36,0.6796,0.1292,0.5912,0.045576237623762374,0.09119999999999999,0.26109655343298377,0.6804,0.02,0.28059920792079207,0.5380139255664698,0.0116
37,0.2076,0.06280000000000001,0.6544,0.10077623762376238,0.048799999999999996,0.11639999999999999,0.8255774554742361,0.039599999999999996,0.22600000000000003,0.0824,0.0076
38,0.0092,0.07360000000000001,0.6851999999999999,0.018000000000000002,0.008400000000000001,0.06821929181929182,0.8617887725975262,0.009600000000000001,0.4888,0.10200000000000001,0.0024000000000000002
39,0.03799999999999999,0.024,0.5864,0.0152,0.0008,0.24697540602797458,0.874,0.0076,0.4204,0.0524,0.0004
40,0.10400000000000001,0.0764,0.6268,0.0347009900990099,0.0708,0.1574195599022005,0.8848719314938155,0.0256,0.33039999999999997,0.2883225296442688,0.0008
41,0.12279999999999999,0.053200000000000004,0.4488,0.0252,0.0424,0.06981929181929182,0.6807999999999998,0.0128,0.2904,0.3861688662779321,0.006
42,0.13840000000000002,0.0632,0.7712,0.07905742574257427,0.072,0.11851584525227558,0.8256943862987631,0.1008,0.5531984158415841,0.2638583461824443,0.0004
43,0.023200000000000002,0.0416,0.6336,0.10517623762376238,0.12120000000000002,0.06363814180929096,0.6742382492863939,0.004,0.5315996039603961,0.29,0.0012000000000000001
44,0.14679999999999999,0.06836955380577428,0.7956,0.03760000000000001,0.6487999999999999,0.10439999999999998,0.9617886828767098,0.1036,0.5984,0.21280000000000002,0.009995004929346041
45,0.0756,0.0084,0.8644000000000001,0.023528712871287126,0.08120000000000001,0.37841288768281434,0.07519999999999999,0.09319999999999999,0.18660000000000002,0.6601688662779321,0.004789878409464344
46,0.2116,0.05,0.39799999999999996,0.0436,0.033999999999999996,0.059199999999999996,0.9314606143705252,0.06720000000000001,0.3656,0.3847999999999999,0.0176
47,0.022,0.027599999999999996,0.3992,0.09159603960396039,0.027600000000000003,0.06745814354078412,0.9724,0.23359999999999997,0.3327992079207921,0.28576822760536924,0.003994873480118304
48,0.0732,0.013600000000000001,0.34640000000000004,0.0551049504950495,0.015200000000000002,0.0396,0.9228,0.016,0.23719960396039608,0.11264569796110047,0.0064
49,0.23879999999999998,0.17160000000000003,0.6916,0.10077227722772278,0.0504,0.37365293831406304,0.8984943862987631,0.2576,0.5481999999999999,0.22409139592220093,0.007600000000000001
50,0.35440000000000005,0.0392,0.6308,0.0048000000000000004,0.0908,0.1744,0.7384000000000001,0.2068,0.3802,0.3984,0.009169636912532284
51,0.2516,0.0268,0.5556,0.028000000000000004,0.0212,0.10541929181929181,0.9508000000000001,0.1052,0.41159999999999997,0.364,0.0012000000000000001
52,0.7552,0.09519999999999999,0.45280000000000004,0.09315247524752475,0.0504,0.18935513880306057,0.7816943862987631,0.0488,0.32859960396039606,0.3057954400657457,0.006389880093603596
53,0.47520000000000007,0.22759999999999997,0.8368,0.024,0.1004,0.38109579635252,0.7666831588962892,0.13,0.47119999999999995,0.3175225296442688,0.060769768361760026
54,0.256,0.06799999999999999,0.4424,0.022,0.07680000000000001,0.06723858363858365,0.8956719314938153,0.0996,0.4561992079207921,0.19039999999999999,0.012
55,0.8352,0.0256,0.49759999999999993,0.0016,0.008400000000000001,0.1258579226261378,0.9221663177925784,0.6052,0.44559999999999994,0.3286456979611005,0.0008
56,0.3444,0.2711695538057743,0.9292,0.010376237623762377,0.08839999999999999,0.17153491615692107,0.43,0.0888,0.4819992079207921,0.27224505928853754,0.007984883338810386
57,0.039599999999999996,0.0108,0.3252,0.005104950495049505,0.1388,0.1918579226261378,0.24388315889628925,0.033600000000000005,0.8273999999999999,0.08586026220013307,0.0076
58,0.3268,0.02636955380577428,0.9231999999999999,0.06512475247524753,0.0884,0.25779279161479646,0.730786051307283,0.1052,0.6169984158415841,0.17722657378781356,0.010799999999999999
59,0.4244,0.3155695538057743,0.6464000000000001,0.07060990099009902,0.0412,0.6845255332551176,0.8601887725975261,0.2352,0.48159881188118814,0.3889821531718389,0.015989878409464343
60,0.246,0.0504,0.728,0.08279999999999998,0.3106646154889002,0.094,0.8988943862987631,0.06839999999999999,0.4991999999999999,0.21000000000000002,0.012
61,0.0028,0.028800000000000003,0.9112,0.012,0.005200000000000001,0.21021929181929183,0.7872,0.0324,0.0852,0.014000000000000002,0.0012000000000000001
62,0.16799999999999998,0.06796955380577427,0.7,0.04065346534653465,0.04920000000000001,0.3400239459535303,0.3573887725975261,0.0804,0.5679837623762377,0.36445908347356476,0.002
63,0.0,0.09116906946264744,0.6224000000000001,0.0476,0.011200000000000002,0.27385814354078414,0.9772000000000001,0.0004,0.47999999999999987,0.056400000000000006,0.0032
64,0.26280000000000003,0.0716,0.9448000000000001,0.028328712871287125,0.11079999999999998,0.24927637697886018,0.18089438629876312,0.030400000000000003,0.8841996039603961,0.0927231683168317,0.0624
65,0.32599999999999996,0.2492,0.6828,0.0432,0.06319999999999999,0.5472782970098896,0.8514831588962892,0.1504,0.45979960396039604,0.4048,0.013600000000000001
66,0.17919999999999997,0.040799999999999996,0.5892,0.028000000000000004,0.033999999999999996,0.29421929181929185,0.8160267527214712,0.0376,0.1932,0.13920000000000002,0.0048000000000000004
67,0.34199999999999997,0.060399999999999995,0.8096,0.03908118811881188,0.09,0.70949677434763,0.5984717520521828,0.14440000000000003,0.666199603960396,0.17624505928853756,0.023200000000000002
68,0.033999999999999996,0.096,0.6744,0.058562376237623746,0.05840000000000001,0.10509623818181277,0.6301887725975261,0.029599999999999998,0.45280000000000004,0.16624569796110047,0.0016
69,0.6060000000000001,0.05,0.4476,0.0324,0.10706461548890019,0.0984,0.9456,0.18039999999999998,0.2876,0.2548,0.008400000000000001
70,0.1824,0.057199999999999994,0.6112000000000001,0.038,0.011199999999999998,0.0684,0.8996000000000001,0.0184,0.31120000000000003,0.21359999999999996,0.0132
71,0.6744,0.053969553805774284,0.8295999999999999,0.018776237623762376,0.057999999999999996,0.23850279616025474,0.9503999999999999,0.0848,0.3204,0.4631225296442688,0.005200000000000001
72,0.236,0.072,0.5780000000000001,0.0007762376237623762,0.0676,0.1248383627239373,0.596,0.1296,0.19499960396039606,0.4309695049504951,0.0004
73,0.24559999999999998,0.16999999999999998,0.8612,0.00952871287128713,0.13,0.20993518423982968,0.9289887725975261,0.0412,0.5095984158415842,0.1693040441435448,0.040400000000000005
74,0.324,0.21280000000000002,0.7011999999999999,0.10493861386138612,0.08879999999999999,0.09650265626870917,0.7631144786967328,0.1076,0.6623980198019802,0.17504569796110045,0.0388
75,0.16839999999999997,0.09119999999999999,0.7984,0.027952475247524755,0.024399999999999998,0.1468388517214923,0.8827775451950524,0.1072,0.7083999999999999,0.24496758893280632,0.004000000000000001
76,0.03319999999999999,0.0024000000000000002,0.4508,0.0348,0.004,0.08061907090464547,0.9431550903901046,0.0008,0.5034,0.0172,0.0008
77,0.009600000000000001,0.0004,0.6759999999999999,0.012,0.002,0.11370183911430361,0.9936,0.0064,0.2464,0.054400000000000004,0.0012000000000000001
78,0.328,0.12914341463414633,0.6416000000000001,0.05456237623762376,0.09556967213114755,0.39388044875526534,0.7751325458643408,0.1832,0.566,0.288,0.0176
79,0.5192,0.2939695538057743,0.7207999999999999,0.04595247524752475,0.04,0.6275763292941775,0.8058831588962893,0.2684,0.5142,0.30209139592220086,0.03077975850306794
80,0.22799999999999998,0.2008,0.7236,0.06912871287128712,0.027200000000000002,0.0048000000000000004,0.8463550903901046,0.16639999999999996,0.6762,0.168,0.0048000000000000004
81,0.3264,0.1656,0.616,0.11505742574257427,0.0812,0.445249264563201,0.7843326355851571,0.1356,0.4147996039603961,0.2665954400657457,0.0064
82,0.074,0.0388,0.4936,0.11441980198019801,0.008,0.14207694636252094,0.9359999999999999,0.0188,0.5381980198019802,0.12658215317183893,0.0032
83,0.6452,0.005200000000000001,0.368,0.044281188118811876,0.0372,0.314412840514552,0.8128,0.011200000000000002,0.19060000000000002,0.058399999999999994,0.007200000000000001
84,0.8144,0.0884,0.6484,0.013952475247524753,0.11640000000000002,0.2546958086896976,0.6484943862987631,0.0128,0.439199603960396,0.28880000000000006,0.0176
85,0.23440000000000003,0.09636955380577428,0.5156,0.0964,0.0796,0.1255860250588857,0.8247775451950524,0.13,0.46799999999999997,0.41320000000000007,0.13119999999999998
86,0.09559999999999999,0.08674341463414634,0.9544,0.041881188118811884,0.0744,0.2002577017114915,0.9423550903901047,0.024,0.9164,0.03704633663366337,0.0064
87,0.4468,0.14120000000000002,0.712,0.04435247524752475,0.16356967213114754,0.9464391198044009,0.66887596024789,0.05519999999999999,0.4396,0.2224,0.038
88,0.004,0.1368,0.7312000000000001,0.014400000000000001,0.0024000000000000002,0.0744,0.8751999999999999,0.024000000000000004,0.35439999999999994,0.041999999999999996,0.0
89,0.0352,0.15,0.966,0.0472,0.1008,0.2622574336285828,0.22376613835094586,0.0392,0.8889996039603961,0.0568,0.015200000000000002
90,0.02,0.047200000000000006,0.6908,0.04917623762376237,0.062,0.10295474414203024,0.95,0.0,0.1496,0.0864,0.0012000000000000001
91,0.378,0.21680000000000002,0.7268000000000001,0.061976237623762365,0.06999999999999999,0.23181955990220046,0.5392045670789724,0.18080000000000002,0.6493980198019802,0.3782456979611005,0.014800000000000002
92,0.1296,0.03716955380577428,0.5212,0.02308118811881188,0.07759999999999999,0.25389579635252,0.7046831588962894,0.146,0.6994,0.23865962352757014,0.006
93,0.6452,0.6357559461030673,0.6335999999999999,0.015152475247524753,0.10399999999999998,0.33283836272393735,0.12301561503981362,0.7672000000000001,0.3318,0.092,0.0012000000000000001
94,0.44560000000000005,0.2552,0.6836,0.06693861386138614,0.0988,0.2412,0.5418382492863939,0.1948,0.6018,0.19864569796110046,0.024399999999999998
95,0.4612,0.1216,0.6567999999999999,0.07503366336633663,0.06439999999999999,0.2812871681429138,0.6008492972472352,0.11479999999999999,0.3116,0.26680000000000004,0.0208
96,0.2004,0.0524,0.7276,0.013552475247524754,0.0152,0.23675852799960015,0.7232000000000001,0.0416,0.5271999999999999,0.193551658122334,0.002
97,0.20400000000000001,0.0736,0.534,0.07672475247524752,0.0736,0.1551993469240197,0.9315999999999999,0.0728,0.4227988118811881,0.3419370938833014,0.0012000000000000001
98,0.12079999999999999,0.02314341463414634,0.9448000000000001,0.025786138613861385,0.0504,0.28601288768281435,0.4552718417729992,0.0344,0.9359999999999999,0.041999999999999996,0.0016
99,0.16679999999999998,0.08480000000000001,0.6388,0.06557623762376238,0.1472,0.1420383627239373,0.8676942965779467,0.10999999999999999,0.6216,0.16199999999999998,0.01
100,0.014400000000000001,0.011200000000000002,0.766,0.0128,0.002,0.1145018391143036,0.9972,0.007200000000000001,0.28600000000000003,0.0428,0.0
101,0.08519999999999998,0.0372,0.302,0.0056,0.16560000000000002,0.1136,0.5240943862987631,0.0376,0.3508,0.4507999999999999,0.0012000000000000001
102,0.8664000000000002,0.5150200692803308,0.8907999999999999,0.017599999999999998,0.0968,0.24367748252833826,0.027200000000000002,0.8815999999999999,0.7464,0.054400000000000004,0.0004
103,0.5536,0.1116,0.6012000000000001,0.036257425742574255,0.152,0.2317161133351843,0.6376942965779467,0.0684,0.639199603960396,0.10664569796110046,0.0032
104,0.43479999999999996,0.19480000000000003,0.6891999999999999,0.21253861386138612,0.0712,0.29003858363858365,0.5308942965779468,0.1248,0.5079999999999999,0.2788145642390326,0.030400000000000003
105,0.014800000000000002,0.15514088537098,0.5156,0.057481188118811886,0.10400000000000001,0.23811606616692194,0.426,0.0128,0.20259960396039603,0.37952252964426875,0.0012000000000000001
106,0.2612,0.1132,0.6728,0.07804356435643564,0.09240000000000001,0.5408768294523579,0.669424300593677,0.0644,0.5242000000000001,0.164,0.0172
107,0.5052,0.0484,0.6076,0.0024000000000000002,0.1268,0.2434437314605816,0.4748,0.028000000000000004,0.6299996039603961,0.16616886627793215,0.0
108,0.1428,0.055969553805774286,0.8984,0.0012000000000000001,0.0912,0.0654967743476301,0.9763999999999999,0.05720000000000001,0.363799603960396,0.0972145642390326,0.0004
109,0.33440000000000003,0.22199999999999998,0.7508,0.042281188118811874,0.08320000000000001,0.3426968215158924,0.7931550903901046,0.11200000000000002,0.568199603960396,0.2814709944037882,0.0312
110,0.5024,0.18756955380577428,0.644,0.0715049504950495,0.036,0.2150960172671664,0.49559999999999993,0.17479999999999998,0.194,0.15544505928853752,0.0084
111,0.11040000000000001,0.0376,0.6368,0.0628,0.055600000000000004,0.1633160661669219,0.8468,0.0412,0.5836,0.19769075724963803,0.004399999999999999
112,0.002,0.0348,0.48319999999999996,0.02345742574257426,0.0008,0.08029650626472143,0.9835999999999998,0.0008,0.5463992079207921,0.03752316831683169,0.008
113,0.276,0.03834341463414634,0.4988,0.033928712871287126,0.0872,0.12079999999999999,0.8405887725975261,0.017599999999999998,0.4178,0.22281328689390678,0.009600000000000001
114,0.06839999999999999,0.4259695538057743,0.728,0.05465742574257426,0.04240000000000001,0.23695433455433457,0.6541434143835493,0.48200000000000004,0.8596,0.0924,0.00639500492934604
115,0.2432,0.12836955380577428,0.7424,0.0084,0.011200000000000002,0.13971553000110457,0.8093887725975261,0.11280000000000001,0.5953996039603962,0.2235225296442688,0.004400000000000001
116,0.0072,0.027599999999999996,0.5392,0.046538613861386136,0.0016,0.13931530908645823,0.9176,0.004399999999999999,0.7411984158415841,0.1388139255664697,0.0028
117,0.074,0.1132,0.7168,0.08540990099009901,0.009999999999999998,0.2189163342498306,0.9475999999999999,0.0628,0.6059980198019802,0.1698463366336634,0.0028
118,0.2812,0.048400000000000006,0.7140000000000001,0.013600000000000001,0.0832,0.0568,0.9008943862987632,0.1348,0.3096,0.45544569796110046,0.0019948734801183044
119,0.0076,0.02436955380577428,0.3052,0.06418613861386138,0.0224,0.09941929181929182,0.8104719314938155,0.0036000000000000003,0.382399603960396,0.09384505928853756,0.0016
120,0.42400000000000004,0.14040000000000002,0.844,0.009152475247524753,0.10759999999999999,0.3634461020162516,0.7466607040913414,0.1488,0.4293992079207921,0.374,0.021599999999999998
121,0.2512,0.2472378764581033,0.6636,0.09477227722772277,0.18760000000000002,0.3477546969737679,0.7669887725975262,0.08880000000000002,0.5996,0.30176822760536925,0.013595004929346042
122,0.1976,0.06939021497676406,0.5276000000000001,0.09420990099009902,0.086,0.27037367354188874,0.542354910948472,0.27759999999999996,0.5693992079207921,0.29672252964426876,0.0048000000000000004
123,0.008400000000000001,0.007169553805774278,0.49960000000000004,0.011199999999999998,0.004,0.2557627043489908,0.7092,0.0088,0.5068,0.0088,0.0
124,0.2936,0.17120000000000002,0.7556,0.06585742574257426,0.07120000000000001,0.40345765454322907,0.7189438629876308,0.1916,0.6152,0.1376,0.012
125,0.4888,0.0996,0.6084,0.04637623762376238,0.036,0.31243148164613,0.9068943862987633,0.19319999999999998,0.4162,0.39385898485500725,0.014000000000000002
126,0.017599999999999998,0.5046243664496066,0.9331999999999999,0.014799999999999999,0.09480000000000001,0.2525283233473942,0.6832,0.0004,0.6997992079207921,0.20432316831683167,0.0
127,0.366,0.030339107611548555,0.8204,0.018934653465346535,0.033999999999999996,0.45260418245161527,0.20428315889628929,0.0124,0.39358534653465355,0.5741080953312723,0.008
128,0.22640000000000002,0.0352,0.422,0.06520000000000001,0.0948,0.2742190709046455,0.3278829794546566,0.1404,0.37259960396039604,0.1343231683168317,0.002
129,0.27680000000000005,0.1016,0.7056,0.058653465346534636,0.05600000000000001,0.80509677434763,0.9065887725975262,0.1436,0.5535988118811881,0.3993682276053692,0.008400000000000001
130,0.17719999999999997,0.049999999999999996,0.7624000000000001,0.14070099009900988,0.0732,0.1365539398933042,0.8092943862987632,0.07560000000000001,0.3011992079207921,0.10569011857707508,0.0128
131,0.27840000000000004,0.0772,0.6152,0.004000000000000001,0.0608,0.19215447605912156,0.3612718417729991,0.1316,0.5692,0.1763225296442688,0.0036000000000000003
132,0.005600000000000001,0.004,0.5692,0.08053465346534652,0.019200000000000002,0.0948,0.8099999999999999,0.0,0.1988,0.0612,0.004000000000000001
133,0.25880000000000003,0.12236906946264745,0.6628000000000001,0.0092,0.0492,0.11363858363858363,0.9067550006692884,0.0672,0.2178,0.25599999999999995,0.0108
134,0.1544,0.27080000000000004,0.8164000000000001,0.030752475247524752,0.018,0.13589704243053874,0.6361887725975262,0.09040000000000001,0.295399603960396,0.37672316831683167,0.010400000000000001
135,0.0248,0.0104,0.43079999999999996,0.02902970297029702,0.007600000000000001,0.10887716727716727,0.9916,0.06760000000000001,0.262999603960396,0.10601264822134389,0.0048000000000000004
136,0.1396,0.12834341463414634,0.8463999999999998,0.09895445544554453,0.10954361904761904,0.377572568968657,0.7429213184618668,0.0828,0.46119841584158416,0.16793645521073847,0.010400000000000001
137,0.1548,0.0612,0.5776000000000001,0.009176237623762375,0.078,0.14985792262613779,0.812494386298763,0.05639999999999999,0.2926,0.13352252964426878,0.009600000000000001
138,0.0132,0.0284,0.356,0.022376237623762375,0.012,0.09323836272393729,0.9468,0.0024000000000000002,0.17919960396039605,0.06472252964426879,0.0008
139,0.8744,0.04596955380577428,0.7936,0.0068000000000000005,0.134,0.3225022241073753,0.9732,0.1584,0.781,0.1268,0.00199500492934604
140,0.1008,0.0392,0.40759999999999996,0.06065742574257425,0.0132,0.09781929181929182,0.9316942965779468,0.0268,0.5441980198019802,0.07872316831683168,0.0024000000000000002
141,0.1712,0.21800000000000003,0.8732000000000001,0.01832871287128713,0.0524,0.16789672717936777,0.459694386298763,0.3288,0.2772,0.43064505928853763,0.0028
142,0.1876,0.0568,0.7272,0.049057425742574254,0.07400000000000001,0.1554190709046455,0.9118831588962892,0.04,0.376,0.12992252964426876,0.0056
143,0.5544,0.2512,0.7747999999999999,0.10400000000000001,0.1048,0.1807614758668562,0.8815548212276557,0.2004,0.4606,0.4272,0.02239500492934604
144,0.0052,0.0,0.40679999999999994,0.0204,0.0108,0.1330192918192918,0.998,0.0676,0.2008,0.05840000000000001,0.0004
145,0.32080000000000003,0.1392,0.7156,0.06232871287128713,0.0752,0.2159211309335954,0.889294386298763,0.1492,0.553599603960396,0.37072316831683166,0.005200000000000001
146,0.318,0.22960000000000003,0.7327999999999999,0.09096237623762375,0.09119999999999999,0.9652,0.5820575341970169,0.166,0.5693996039603961,0.25032252964426877,0.053200000000000004
147,0.016,0.002,0.488,0.006376237623762377,0.0032,0.0740383627239373,0.9907999999999999,0.011199999999999998,0.3048,0.07432252964426878,0.006
148,0.0104,0.008000000000000002,0.3964,0.03155247524752475,0.026000000000000002,0.10043858363858364,0.8452,0.019200000000000002,0.6402,0.10153581653817556,0.004399999999999999
149,0.12279999999999999,0.11953862326842173,0.9444000000000001,0.10190495049504952,0.1252,0.22593567323738473,0.9665887725975262,0.0776,0.793998811881188,0.12865962352757015,0.0008
150,0.5884,0.0236,0.2344,0.01,0.057199999999999994,0.28214120605245435,0.1367775451950523,0.22719999999999999,0.6613980198019802,0.18784505928853756,0.0028
151,0.24159999999999998,0.032,0.48880000000000007,0.032376237623762384,0.0476,0.18113393816181103,0.8356,0.098,0.34640000000000004,0.4073682276053693,0.016800000000000002
152,0.0112,0.005938623268421722,0.40520000000000006,0.0364,0.0016,0.08549623818181275,0.9812,0.0004,0.2344,0.11232252964426877,0.0108
153,0.0016,0.0004,0.3044,0.014400000000000001,0.016400000000000005,0.0888,0.9280000000000002,0.0004,0.28040000000000004,0.0696,0.0
154,0.0348,0.0856,0.598,0.038,0.0536,0.15381929181929183,0.8968943862987631,0.004399999999999999,0.5391980198019801,0.3177675889328063,0.004000000000000001
155,0.7308,0.1652,0.9384,0.0837108910891089,0.06520000000000001,0.3017160661669219,0.0548286705202312,0.09119999999999999,0.3077980198019802,0.6290271232340625,0.0216
156,0.1712,0.0444,0.8328,0.08380990099009901,0.12793934426229508,0.2878955754378737,0.5909026232485448,0.0672,0.6927996039603961,0.08224505928853756,0.0024000000000000002
157,0.9780000000000001,0.035539107611548555,0.764,0.01957623762376238,0.10639999999999998,0.38103181708267286,0.1204,0.9571999999999999,0.20279999999999995,0.20224505928853756,0.0032
158,0.20400000000000001,0.2135695538057743,0.5808,0.043976237623762376,0.06912099644128114,0.3528773779553528,0.7010421883196521,0.07319999999999999,0.518,0.22759999999999997,0.018784755257861153
159,0.2496,0.10476955380577428,0.5724,0.03917623762376238,0.1028,0.21941907090464546,0.8331550903901046,0.06599999999999999,0.38999999999999996,0.254,0.03718988009360359
160,0.3276,0.1204,0.7584,0.03352871287128713,0.1112,0.1301543345543346,0.5869887725975261,0.0336,0.43199960396039605,0.2914456979611005,0.024399999999999998
161,0.2988,0.14599999999999996,0.6756,0.09451485148514852,0.092,0.2935732788808583,0.8890831588962893,0.08399999999999999,0.46839881188118815,0.1856126482213439,0.0084
162,0.0028,0.059199999999999996,0.42560000000000003,0.02348118811881188,0.0124,0.10541907090464549,0.6852942965779467,0.0056,0.4306,0.06856758893280632,0.0
163,0.04479999999999999,0.05840000000000001,0.5199999999999999,0.02752871287128713,0.036,0.14781907090464547,0.8104943862987632,0.026000000000000002,0.275599603960396,0.14273517786561266,0.0032
164,0.2952,0.013600000000000001,0.358,0.04625742574257426,0.0188,0.16624412143140752,0.9528494766888678,0.1412,0.43919841584158414,0.40852116307282904,0.008
165,0.0,0.0636,0.37520000000000003,0.0451049504950495,0.0004,0.0840383627239373,0.426,0.0,0.18760000000000002,0.027999999999999997,0.004399999999999999
166,0.3432,0.035199999999999995,0.4628,0.037176237623762376,0.0128,0.044399999999999995,0.9832000000000001,0.2572,0.1838,0.434,0.006379628737979456
167,0.11200000000000002,0.027200000000000002,0.8164,0.1697108910891088,0.0756,0.2836383627239373,0.7444764985727877,0.13799999999999998,0.4943813861386139,0.45366749892380553,0.004000000000000001
168,0.29600000000000004,0.027908661417322834,0.574,0.14978217821782175,0.1412,0.12741929181929182,0.48148315889628923,0.118,0.5987972277227722,0.1701675889328063,0.004
169,0.005200000000000001,0.0548,0.9272,0.01,0.024,0.12265743362858277,0.302377455474236,0.014400000000000001,0.008799999999999999,0.015122529644268773,0.0036000000000000003
170,0.0988,0.03384776902887139,0.3252,0.008799999999999999,0.13840000000000002,0.21625792262613777,0.5597663177925786,0.0412,0.2372,0.12864505928853756,0.012784883338810385
171,0.4272,0.015999999999999997,0.5900000000000001,0.030233663366336632,0.05554361904761904,0.11261907090464547,0.9548943862987631,0.13920000000000002,0.5327996039603959,0.28776886627793213,0.0036000000000000003
172,0.2552,0.1244,0.6232,0.08107722772277227,0.11199999999999999,0.6510296392015601,0.6341930705140496,0.10840000000000001,0.43159960396039604,0.16736822760536924,0.019200000000000002
173,0.426,0.006,0.37479999999999997,0.01,0.014000000000000002,0.14421907090464547,0.737294386298763,0.2164,0.6064,0.0892,0.024
174,0.1476,0.1628,0.6679999999999999,0.06924356435643565,0.22279999999999997,0.4706703213113971,0.43379289107241703,0.5931999999999998,0.5087999999999999,0.24778151449927602,0.04275465506884891
175,0.398,0.082,0.5563999999999999,0.07115247524752474,0.046,0.12927699353078329,0.8108943862987632,0.1524,0.3444,0.20416886627793213,0.00559500492934604
176,0.0684,0.0608,0.688,0.0376,0.1668,0.24351800723047665,0.5153886828767098,0.11680000000000001,0.5698000000000001,0.188,0.0004
177,0.316,0.2124,0.8116,0.06343366336633663,0.1092,0.2356383627239373,0.7590428163653664,0.1568,0.7397992079207921,0.12155038077720817,0.0108
178,0.3644,0.05,0.5599999999999999,0.0027762376237623764,0.0676,0.0732,0.9216000000000001,0.07999999999999999,0.368,0.25384505928853757,0.0016
179,0.0352,0.038400000000000004,0.6552,0.011576237623762376,0.0012000000000000001,0.0718835043409629,0.9648,0.017599999999999998,0.356599603960396,0.146,0.011200000000000002
180,0.0836,0.0308,0.8207999999999999,0.09764356435643565,0.019999999999999997,0.24658054677150165,0.7774831588962892,0.0412,0.6956,0.1768,0.045589746960236606
181,0.2888,0.040369553805774276,0.4332,0.052000000000000005,0.11040000000000001,0.09381929181929181,0.946,0.0024000000000000002,0.1976,0.04304569796110046,0.004000000000000001
182,0.05,0.0252,0.5731999999999999,0.017552475247524756,0.032799999999999996,0.13101907090464548,0.7532,0.0172,0.4999992079207921,0.03656822760536923,0.0012000000000000001
183,0.0932,0.006,0.4896,0.024399999999999998,0.0004,0.15693774087906115,0.8804000000000001,0.0,0.17640000000000003,0.0336,0.009999999999999998
184,0.08320000000000001,0.031200000000000006,0.4748,0.10022970297029701,0.0208,0.15376655949320983,0.705694386298763,0.053200000000000004,0.5223964356435644,0.1235279740147928,0.0048000000000000004
185,0.07039999999999999,0.0352,0.4800000000000001,0.03138613861386138,0.06520000000000001,0.25269731051344746,0.0324,0.016,0.8511996039603961,0.039045059288537555,0.0004
186,0.28840000000000005,0.14120000000000002,0.6524000000000001,0.04148118811881188,0.0264,0.08759999999999998,0.8380000000000001,0.062,0.48359920792079214,0.25809075724963804,0.0172
187,0.34199999999999997,0.32200000000000006,0.5284,0.1289148514851485,0.0792,0.23331579808401326,0.8504943862987631,0.15839999999999999,0.4363988118811881,0.4091643063436778,0.007200000000000001
188,0.38639999999999997,0.08033910761154857,0.8248000000000001,0.07213861386138612,0.0392,0.5990195599022005,0.6374829794546567,0.16440000000000002,0.6437976237623761,0.21144505928853757,0.018000000000000002
189,0.2372,0.17400000000000002,0.6963999999999999,0.019152475247524753,0.196,0.24167634045480296,0.35637754519505227,0.076,0.583399603960396,0.33441328689390676,0.0152
190,0.0612,0.15560000000000002,0.3472,0.5349861386138615,0.11599999999999999,0.2543997914225312,0.9179999999999999,0.057600000000000005,0.4833996039603961,0.09256822760536923,0.02039500492934604
191,0.43879999999999997,0.12833910761154857,0.666,0.06766732673267326,0.0968,0.4628,0.7954197335147045,0.0988,0.578399603960396,0.17384569796110047,0.008400000000000001
192,0.23199999999999998,0.0872,0.5436,0.042304950495049495,0.10880000000000001,0.1490192918192918,0.7359773657534197,0.1044,0.42639960396039606,0.2084,0.007200000000000001
193,0.44239999999999996,0.1264,0.6484,0.04863366336633663,0.15,0.29979159270504013,0.9393887725975262,0.027600000000000003,0.8826,0.036,0.004399999999999999
194,0.6872,0.03196955380577428,0.37279999999999996,0.10020990099009901,0.0804,0.364004082856384,0.954,0.034,0.7211996039603961,0.03592252964426877,0.007200000000000001
195,0.0852,0.0456,0.4976,0.0132,0.06799999999999999,0.1604383627239373,0.04157754519505232,0.0576,0.6516,0.10976822760536924,0.0008
196,0.0664,0.1252,0.8700000000000001,0.017128712871287127,0.06399999999999999,0.20319999999999996,0.7331550903901046,0.0268,0.3736,0.09759999999999999,0.0
197,0.1728,0.028399999999999998,0.4104,0.012233663366336633,0.0084,0.0564383627239373,0.9668000000000001,0.0668,0.443999603960396,0.21556366767111493,0.004399999999999999
198,0.088,0.016739107611548554,0.758,0.024,0.0996,0.1568,0.9521887725975262,0.0048000000000000004,0.5409992079207921,0.046,0.0012000000000000001
199,0.166,0.0708,0.7752000000000001,0.07693861386138613,0.1336,0.24712208797954655,0.7461887725975261,0.08080000000000001,0.6413984158415842,0.11401392556646969,0.004400000000000001
200,0.18,0.0508,0.5448,0.027081188118811883,0.1044,0.3042294837463542,0.7709886828767099,0.06,0.30739920792079206,0.1828132868939068,0.0048000000000000004
201,0.0536,0.08236955380577429,0.4344,0.026328712871287123,0.1728,0.4754418179484194,0.3440987739361029,0.0316,0.12759960396039602,0.08032252964426877,0.003999999999999999
202,0.01,0.07516955380577428,0.4284,0.063009900990099,0.11316967213114755,0.09699274444653419,0.881294386298763,0.007600000000000001,0.29979920792079207,0.17913517786561264,0.013599999999999998
203,0.0748,0.033999999999999996,0.8112,0.019999999999999997,0.004000000000000001,0.1090195599022005,0.8010831588962892,0.0032,0.6132,0.0932,0.0008
204,0.3436,0.1212,0.6976,0.06159603960396039,0.08120000000000001,0.2578967271793678,0.6399193149381541,0.07160000000000001,0.5625996039603961,0.1315231683168317,0.0488
205,0.35239999999999994,0.30596955380577434,0.6868000000000001,0.035176237623762374,0.08520000000000001,0.30212885951321156,0.7521211390202343,0.1724,0.5163992079207921,0.40512252964426876,0.046400000000000004
206,0.2432,0.1636,0.6576,0.07265346534653465,0.0852,0.7782371488875157,0.5673436835459982,0.0968,0.46679960396039605,0.20144569796110043,0.0484
207,0.2324,0.1435695538057743,0.7152,0.05477623762376238,0.10600000000000001,0.8443218643956814,0.6074468451194409,0.061999999999999986,0.7091992079207919,0.20872316831683166,0.007200000000000001
208,0.2876,0.12516955380577427,0.6528,0.03557623762376237,0.1584,0.2075361150666774,0.3896719314938154,0.08920000000000002,0.44539999999999996,0.30153709388330135,0.0016
209,0.5748,0.0688,0.56,0.023833663366336633,0.238,0.1702195599022005,0.5702606143705252,0.06520000000000001,0.524999603960396,0.4025675889328063,0.012779889952295679
210,0.0388,0.005200000000000001,0.5776000000000001,0.03515247524752475,0.053200000000000004,0.1937027961602547,0.9693887725975262,0.0004,0.19980000000000003,0.0624,0.011199999999999998
211,0.1068,0.076,0.0624,0.11089865942346447,0.0836,0.3113161133351842,0.7412268424422874,0.052000000000000005,0.12399920792079207,0.13178343051696473,0.0004
212,0.3136,0.1916,0.64,0.05952871287128712,0.08559999999999998,0.0108,0.8460719314938154,0.2164,0.5974,0.16312316831683168,0.012399999999999998
213,0.368,0.08679999999999999,0.728,0.0432,0.0528,0.164,0.8054607040913415,0.088,0.6165984158415843,0.29930276679841905,0.022
214,0.14679999999999999,0.0504,0.4363999999999999,0.15496237623762374,0.07,0.26447699353078324,0.09209438629876308,0.039599999999999996,0.414599603960396,0.22024505928853752,0.0144
215,0.016800000000000002,0.0028,0.5815999999999999,0.012657425742574257,0.06120000000000001,0.1428383627239373,0.97,0.028399999999999998,0.1774,0.3809960787383086,0.0016
216,0.1608,0.038369553805774274,0.5964,0.08668118811881188,0.0696,0.24829579635252003,0.5978649122870487,0.06799999999999999,0.504599603960396,0.09,0.004794873480118305
217,0.0008,0.022,0.45599999999999996,0.0152,0.0332,0.059019291819291816,0.9763999999999999,0.0004,0.3452,0.1036,0.011600000000000001
218,0.0116,0.015200000000000002,0.5344,0.038352475247524755,0.0,0.1276383627239373,0.9984,0.005599999999999999,0.17200000000000001,0.032413925566469694,0.0016
219,0.11240000000000001,0.15560000000000002,0.396,0.009600000000000001,0.0156,0.12687748252833825,0.8421887725975262,0.07880000000000001,0.1382,0.4676,0.11219784456085638
220,0.0308,0.008799999999999999,0.6632,0.05437623762376237,0.034,0.17843836272393732,0.6700943862987631,0.005200000000000001,0.17159999999999997,0.026000000000000002,0.002
221,0.066,0.006,0.9416,0.03778613861386138,0.07272099644128113,0.1605163342498306,0.7544535059331177,0.037200000000000004,0.07200000000000001,0.032400000000000005,0.0092
222,0.4976000000000001,0.20673910761154857,0.73,0.08120000000000001,0.04479999999999999,0.10611579808401324,0.8640943862987631,0.1984,0.5488000000000001,0.4548,0.004
223,0.0368,0.041600000000000005,0.6312,0.019999999999999997,0.0248,0.1540772144454296,0.4404,0.023600000000000003,0.3848,0.1136,0.0
224,0.42400000000000004,0.14040000000000002,0.844,0.009152475247524753,0.10759999999999999,0.3634461020162516,0.7466607040913414,0.1488,0.4293992079207921,0.374,0.021599999999999998
225,0.5152,0.03673813892529489,0.6428,0.025552475247524752,0.026399999999999996,0.17603651073820065,0.7734831588962894,0.2412,0.2434,0.2531225296442688,0.0084
226,0.0368,0.0776,0.3544,0.13345742574257424,0.054000000000000006,0.36956147586685617,0.756777455474236,0.024399999999999998,0.32619960396039605,0.08944569796110045,0.012
227,0.9452,0.0184,0.8248,0.0016,0.0632,0.24828350434096289,1.0,0.06639999999999999,0.596,0.422,0.002
228,0.4504,0.3111695538057743,0.8151999999999999,0.10268118811881188,0.08719999999999999,0.37917046888416217,0.728359657469077,0.25599999999999995,0.37299999999999994,0.6056272124603764,0.035189878409464345
229,0.32680000000000003,0.0692,0.65,0.0,0.13520000000000001,0.0696,0.8412,0.11080000000000001,0.476,0.172,0.0
230,0.2772,0.0328,0.6839999999999999,0.023386138613861386,0.17919999999999997,0.22597420970770607,0.41317754519505234,0.11879999999999999,0.34839960396039604,0.29721392556646975,0.0024000000000000002
231,0.2612,0.05600000000000001,0.5296000000000001,0.027176237623762377,0.0756,0.17033464807401238,0.8644000000000001,0.11440000000000002,0.638598415841584,0.20104569796110044,0.0068000000000000005
232,0.029199999999999997,0.032,0.5536,0.08557623762376236,0.014800000000000002,0.08501907090464547,0.8573886828767099,0.0056,0.2694,0.08265834618244433,0.0024000000000000002
233,0.4544,0.012,0.8632,0.08359603960396038,0.07680000000000001,0.35397447779061475,0.9423999999999999,0.10839999999999998,0.7949999999999999,0.09032316831683167,0.012
234,0.1212,0.2644,0.6708,0.04595247524752476,0.0988,0.18821929181929184,0.6311775451950523,0.024399999999999998,0.8381996039603961,0.0764,0.0012000000000000001
235,0.0484,0.0048000000000000004,0.9423999999999999,0.029999999999999992,0.0444,0.10331579808401323,0.7556943862987631,0.0372,0.11259999999999999,0.061922529644268774,0.0108
236,0.3832,0.16357278459458624,0.6696,0.12418217821782176,0.1032,0.42803705455099095,0.8749438629876309,0.148,0.5717980198019802,0.15555165812233399,0.0364
237,0.1564,0.0984,0.6748,0.007576237623762376,0.14079999999999998,0.27261847733410505,0.7096494766888677,0.04,0.7349976237623762,0.1563225296442688,0.007200000000000001
238,0.31,0.20400000000000001,0.7184,0.0660910891089109,0.1112,0.05781955990220049,0.7191593883066281,0.11240000000000001,0.5455992079207921,0.31824569796110047,0.021194873480118302
239,0.0032,0.0684,0.5799999999999998,0.04317623762376238,0.0056,0.17043858363858366,0.9456000000000001,0.0,0.18919999999999998,0.06520000000000001,0.0232
240,0.1996,0.0528,0.5496,0.09736237623762375,0.058399999999999994,0.13433508990330506,0.7025887725975262,0.16440000000000002,0.3945992079207921,0.4072822760536924,0.0012000000000000001
241,0.5688,0.0324,0.6856,0.019576237623762375,0.08914361904761905,0.0316,0.986,0.49560000000000004,0.2828,0.3292913959222009,0.005200000000000001
242,0.1748,0.059199999999999996,0.7724,0.007176237623762375,0.0984,0.22341929181929182,0.6761887725975262,0.012399999999999998,0.3984,0.1528,0.0024000000000000002
243,0.072,0.032799999999999996,0.5276000000000001,0.016352475247524752,0.04239999999999999,0.14571535625472057,0.7916677450047575,0.034,0.7251996039603961,0.17096822760536923,0.007595004929346042
244,0.5836,0.2636,0.6943999999999999,0.04505742574257425,0.052000000000000005,0.08159999999999999,0.8503999999999999,0.24359999999999998,0.2638,0.5202106429773412,0.0028
245,0.38199999999999995,0.1504,0.6275999999999999,0.08006732673267325,0.08680000000000002,0.2802190709046455,0.7361929807932333,0.0972,0.5809988118811881,0.14136758893280632,0.0116
246,0.29680000000000006,0.0596,0.6516,0.011552475247524754,0.2104,0.17861955990220052,0.8675775451950523,0.03760000000000001,0.4692,0.32320000000000004,0.0076
247,0.039999999999999994,0.0196,0.4424,0.03030495049504951,0.0548,0.0960383627239373,0.6500535059331176,0.013600000000000001,0.16839762376237624,0.16985898485500725,0.0108
248,0.2724,0.14864680034261774,0.6764,0.17548118811881186,0.1464,0.3468775865328217,0.40873254586434066,0.21400000000000002,0.3867992079207921,0.23300936563221536,0.0056
249,0.1512,0.0408,0.4568,0.008376237623762377,0.1312,0.2153155771693669,0.5816942965779468,0.0964,0.6938000000000001,0.2552,0.007984755257861152
250,0.0008,0.0016,0.46080000000000004,0.09218613861386138,0.0012000000000000001,0.07781907090464547,0.9272,0.016800000000000002,0.323599603960396,0.06592252964426878,0.005200000000000001
251,0.3876,0.1364,0.6248,0.018752475247524752,0.0556,0.20331535625472058,0.8971775451950522,0.164,0.396,0.5108145642390326,0.0048000000000000004
252,0.016800000000000002,0.0012000000000000001,0.36920000000000003,0.0124,0.0008,0.0780383627239373,0.944,0.0,0.2488,0.036000000000000004,0.0
253,0.22999999999999998,0.16633910761154855,0.7212000000000001,0.12277227722772274,0.048799999999999996,0.08080000000000001,0.9554607040913415,0.0528,0.6695952475247525,0.23013317262160998,0.004399999999999999
254,0.348,0.1036,0.4904,0.052000000000000005,0.0784,0.20997447779061473,0.8667775451950523,0.11000000000000001,0.2642,0.3968,0.005589878409464344
255,0.054400000000000004,0.11120000000000001,0.954,0.004000000000000001,0.0348,0.19608902979660925,0.438,0.4324,0.2528,0.4911225296442687,0.0
256,0.2876,0.054400000000000004,0.4768,0.023576237623762375,0.0452,0.16167580695820444,0.8601887725975261,0.12079999999999999,0.3605988118811881,0.20544569796110043,0.0456
257,0.6828000000000001,0.009600000000000001,0.4944,0.06783366336633663,0.0188,0.11963858363858364,0.837694386298763,0.11599999999999999,0.5256000000000001,0.12079999999999999,0.0008
258,0.1008,0.057600000000000005,0.4748,0.02124356435643564,0.018,0.08611557716936692,0.5967775451950523,0.0616,0.6677996039603961,0.21148747466050954,0.011199999999999998
259,0.0364,0.029199999999999997,0.9396000000000001,0.06799999999999999,0.0352,0.09563885172149231,0.9208942965779467,0.010400000000000001,0.9931999999999999,0.0004,0.042
260,0.008,0.0124,0.9835999999999998,0.017599999999999998,0.0832,0.212039119804401,0.0088,0.007200000000000001,0.9904,0.0092,0.0
261,0.3892,0.0312,0.7332000000000001,0.028776237623762378,0.0312,0.29788162509138344,0.8804000000000001,0.06720000000000001,0.326,0.17039999999999997,0.0008
262,0.3908,0.0128,0.6532,0.024376237623762377,0.022399999999999996,0.11429628535007508,0.8127118294165205,0.1324,0.5436000000000001,0.09999999999999999,0.0188
263,0.017599999999999998,0.03636955380577428,0.2744,0.0076,0.1052,0.24731579808401322,0.29513227670189174,0.020800000000000003,0.9815999999999999,0.0116,0.0008
264,0.126,0.10368996948775906,0.5035999999999999,0.04180990099009901,0.11039999999999998,0.26270952052565744,0.982,0.027200000000000002,0.5687988118811881,0.2503231683168317,0.0016
265,0.38439999999999996,0.0992,0.6315999999999999,0.1514811881188119,0.0832,0.24127650453322821,0.8248719314938155,0.1332,0.6283988118811881,0.07464569796110046,0.0012000000000000001
266,0.0016,0.0064,0.2344,0.010400000000000001,0.0316,0.08541907090464547,0.9339999999999999,0.0304,0.24359960396039604,0.044645059288537556,0.0024000000000000002
267,0.35359999999999997,0.038,0.7647999999999999,0.026000000000000002,0.0432,0.31363797773086566,0.9357887725975262,0.0832,0.282199603960396,0.1333040441435448,0.008
268,0.2152,0.4136,0.6212,0.07585742574257426,0.048799999999999996,0.295650982323843,0.7238831588962892,0.2292,0.31419920792079215,0.6238589848550072,0.0092
269,0.016800000000000002,0.06960000000000001,0.5471999999999999,0.07748118811881188,0.045200000000000004,0.13901907090464546,0.6056,0.030000000000000006,0.3912,0.06760000000000001,0.0
270,0.28400000000000003,0.0128,0.4016,0.0128,0.0248,0.04865743362858278,0.8936,0.094,0.5307999999999999,0.35519999999999996,0.0184
271,0.012,0.030000000000000006,0.32080000000000003,0.0116,0.007200000000000001,0.10491579808401326,0.9444000000000001,0.0128,0.38360000000000005,0.026000000000000002,0.0
272,0.10359999999999998,0.0112,0.6052,0.021599999999999998,0.0004,0.18690205141696853,0.7512000000000001,0.20239999999999997,0.4777996039603961,0.064,0.0016
273,0.0076,0.0344,0.47719999999999996,0.04472871287128713,0.0016,0.09032164615025387,0.848894386298763,0.0188,0.26259999999999994,0.13908555864282082,0.0
274,0.10400000000000001,0.0764,0.6268,0.0347009900990099,0.0708,0.1574195599022005,0.8848719314938155,0.0256,0.33039999999999997,0.2883225296442688,0.0008
275,0.336,0.2496,0.6816,0.0388,0.13916967213114756,0.0344383627239373,0.5627099116177604,0.1348,0.366,0.30032252964426875,0.028800000000000003
276,0.22080000000000002,0.1012,0.6811999999999999,0.12195514018691589,0.09636967213114753,0.1660120834340883,0.7349662280717622,0.013600000000000001,0.5365988118811881,0.3099225296442688,0.038
277,0.43,0.041999999999999996,0.7288,0.07058613861386138,0.06799999999999999,0.19905765454322913,0.8583999999999999,0.1068,0.5881956435643565,0.32374709818807973,0.020795004929346043
278,0.3048,0.3804,0.7256,0.07286732673267327,0.11593934426229509,0.29263213233384383,0.6961662280717623,0.1244,0.45199999999999996,0.32881392556646966,0.014389878409464346
279,0.06000000000000001,0.0508,0.6295999999999999,0.057219801980198014,0.0248,0.2432,0.8628,0.0756,0.4204,0.0688,0.0012000000000000001
280,0.0828,0.015999999999999997,0.6140000000000001,0.0324,0.0516,0.1405407738911204,0.627577455474236,0.11399999999999999,0.46719999999999995,0.12744505928853755,0.0012000000000000001
281,0.3664,0.1548,0.7060000000000001,0.0224,0.0832,0.30019348862131834,0.8261663177925784,0.1424,0.5716,0.5296000000000001,0.018000000000000002
282,0.5808,0.4513564304461942,0.812,0.0447049504950495,0.16920000000000002,0.2664772144454296,0.9139775451950524,0.172,0.669199603960396,0.34707546511172854,0.0108
283,0.2576,0.164,0.7392000000000001,0.07404356435643564,0.13720000000000002,0.9205272187741625,0.5745297348532812,0.13,0.5893988118811881,0.24296758893280632,0.019999999999999997
284,0.3068,0.2692,0.5976,0.22265742574257424,0.0636,0.1748,0.891294386298763,0.0868,0.403,0.46672316831683175,0.0124
285,0.356,0.09559999999999999,0.6980000000000001,0.1307762376237624,0.045200000000000004,0.27563885172149233,0.6797932499556822,0.1112,0.4612,0.1812,0.009600000000000001
286,0.021200000000000004,0.0176,0.47640000000000005,0.005200000000000001,0.0424,0.09901929181929181,0.9228,0.007200000000000001,0.2996,0.029599999999999998,0.0032
287,0.2424,0.13387821522309712,0.7352,0.09275247524752475,0.192,0.2582574336285828,0.39360000000000006,0.0792,0.5395996039603961,0.15592252964426875,0.0056
288,0.5668,0.33556955380577425,0.86,0.04077623762376238,0.054400000000000004,0.3336627601747191,0.7622831588962894,0.1024,0.4181988118811882,0.40872316831683164,0.0024000000000000002
289,0.316,0.22759999999999997,0.9056000000000001,0.014799999999999999,0.06200000000000001,0.18200000000000002,0.8742607040913416,0.0268,0.5642,0.1812,0.09757476511655325
290,0.3675999999999999,0.0364,0.5,0.07388118811881188,0.017599999999999998,0.12723863080684597,0.8785887725975263,0.0944,0.24979960396039602,0.4813682276053692,0.0028
291,0.29,0.1868,0.8151999999999999,0.07028118811881189,0.10200000000000001,0.9955999999999999,0.6148578033594657,0.18,0.5123992079207922,0.3192913959222009,0.054400000000000004
292,0.7028,0.06116955380577428,0.9427999999999999,0.025176237623762376,0.09359999999999999,0.32126294022454893,0.9568943862987631,0.1116,0.8199996039603962,0.093290757249638,0.0028
293,0.07880000000000001,0.034769553805774275,0.6616000000000001,0.045200000000000004,0.016800000000000002,0.12585787545787547,0.8016,0.084,0.6287999999999999,0.09112252964426878,0.0012000000000000001
294,0.32199999999999995,0.12276955380577428,0.7788,0.03677623762376237,0.0988,0.200773231712596,0.8209435041043657,0.14440000000000003,0.5054000000000001,0.23529075724963802,0.0236
295,0.23079999999999998,0.4895695538057743,0.6068,0.09028118811881189,0.11039999999999998,0.3100772144454296,0.7028718417729991,0.136,0.4469984158415842,0.5308132868939068,0.008
296,0.08280000000000001,0.08120000000000001,0.5148,0.046,0.0704,0.2355189852255867,0.5835999999999999,0.004399999999999999,0.3068,0.0432,0.0012000000000000001
297,0.21400000000000002,0.09796955380577428,0.6988,0.0132,0.12876967213114754,0.3867210080806699,0.669271841772999,0.10399999999999998,0.5555999999999999,0.2212,0.021200000000000004
298,0.484,0.0832,0.4828,0.029104950495049502,0.05,0.11821929181929183,0.768,0.156,0.658399603960396,0.21352316831683166,0.0024000000000000002
299,0.18719999999999998,0.10519999999999999,0.524,0.027152475247524753,0.0984,0.21403836272393728,0.8242381595655776,0.1296,0.41079999999999994,0.182,0.0204
300,0.11720000000000001,0.11240000000000001,0.6207999999999999,0.04197623762376238,0.18319999999999997,0.08687677261613692,0.6506607040913416,0.030799999999999994,0.49000000000000005,0.30920000000000003,0.0052
301,0.0944,0.06236955380577428,0.8032,0.024352475247524753,0.0936,0.1394192918192918,0.8320000000000001,0.021599999999999998,0.6032,0.06352316831683168,0.002
302,0.0976,0.1572,0.4888,0.1327762376237624,0.07440000000000001,0.18535464980550556,0.48437754519505233,0.04240000000000001,0.42160000000000003,0.15296822760536924,0.018
303,0.0824,0.0464,0.1988,0.013504950495049503,0.1912,0.33280000000000004,0.5588534157221259,0.06960000000000001,0.6811999999999999,0.048,0.005200000000000001
304,0.21680000000000002,0.05913910761154856,0.5424000000000001,0.07858217821782179,0.05279999999999999,0.08061907090464548,0.977694386298763,0.027200000000000002,0.6401984158415841,0.07025898485500723,0.0028
305,0.21000000000000002,0.1712,0.7096000000000001,0.04152871287128713,0.057999999999999996,0.19563858363858364,0.8543775451950524,0.136,0.632999603960396,0.21032252964426879,0.005200000000000001
306,0.254,0.182708177074196,0.3912,0.05519999999999999,0.021599999999999998,0.19203885172149232,0.7037887725975261,0.055999999999999994,0.8455999999999999,0.14279999999999998,0.008400000000000001
307,0.23199999999999998,0.062,0.6799999999999999,0.17470495049504947,0.07400000000000001,0.15890238818580052,0.7784942965779467,0.08920000000000002,0.122,0.0252,0.0028
308,0.6784,0.1016,0.6,0.06929108910891088,0.13920000000000002,0.3042195599022005,0.8048943862987631,0.2016,0.336599603960396,0.5701688662779322,0.031113779411440834
309,0.2112,0.0636,0.6024,0.023504950495049505,0.0536,0.19455398706156654,0.8946831588962892,0.036,0.38480000000000003,0.21721456423903263,0.016800000000000002
310,0.0836,0.17800000000000002,0.782,0.026304950495049502,0.05920000000000001,0.2808383627239373,0.6757662280717621,0.008400000000000001,0.9373996039603961,0.04936822760536923,0.0008
311,0.0068000000000000005,0.0384,0.21639999999999998,0.014400000000000001,0.009600000000000001,0.07883836272393731,0.9768000000000001,0.010400000000000001,0.29679999999999995,0.20800000000000002,0.0132
312,0.2164,0.0388,0.7952,0.043904950495049506,0.05319999999999999,0.19941907090464545,0.7707774554742362,0.0852,0.6219996039603961,0.09570340547098188,0.0068000000000000005
313,0.26080000000000003,0.19236955380577428,0.7724,0.013600000000000001,0.005600000000000001,0.1692769463625209,0.7967550903901046,0.0744,0.5544,0.1768,0.005600000000000001
314,0.34,0.26680000000000004,0.7660000000000001,0.045528712871287125,0.1044,0.39482161261721166,0.7896000000000001,0.0624,0.439799603960396,0.40256822760536914,0.023594873480118305
315,0.019999999999999997,0.0184,0.6076,0.0164,0.0332,0.13963885172149232,0.30609438629876307,0.004,0.13799999999999998,0.016,0.0
316,0.1028,0.0144,0.23440000000000003,0.03272871287128713,0.005200000000000001,0.07741929181929183,0.9,0.0004,0.0914,0.07873581653817555,0.0008
317,0.0196,0.08959999999999999,0.562,0.10880000000000001,0.039599999999999996,0.055819070904645475,0.934494386298763,0.0172,0.36139960396039605,0.20281264822134384,0.0024000000000000002
318,0.3276,0.08,0.5748,0.05192871287128713,0.023200000000000002,0.076,0.9096943862987631,0.1384,0.6409992079207921,0.310890757249638,0.013600000000000001
319,0.2564,0.1236,0.5332,0.06886732673267326,0.10800000000000001,0.3423988605956835,0.5351999999999999,0.0496,0.39619960396039605,0.18304633663366338,0.0076
320,0.2488,0.06276955380577429,0.542,0.1269148514851485,0.1864,0.25680000000000003,0.9148943862987633,0.1232,0.4781988118811881,0.23881392556646971,0.025989878409464345
321,0.16240000000000002,0.12440000000000002,0.6824,0.0651049504950495,0.09720000000000001,0.1232767254478746,0.7564,0.13920000000000002,0.5389996039603961,0.2949688662779321,0.0112
322,0.0612,0.029599999999999998,0.23160000000000003,0.006,0.08680000000000002,0.16145770171149146,0.3256,0.0128,0.7041999999999999,0.07384569796110046,0.0
323,0.132,0.10200000000000001,0.8183999999999999,0.043057425742574255,0.05626461548890018,0.23610279616025473,0.8959999999999999,0.0356,0.495399603960396,0.0788,0.002
324,0.1796,0.1916,0.8576,0.035199999999999995,0.1424,0.377120024339378,0.6204718417729991,0.1276,0.21080000000000002,0.8096,0.0144
325,0.2232,0.1464,0.6824000000000001,0.05877623762376237,0.14756967213114755,0.9377410393048103,0.7240804376060461,0.05840000000000001,0.5777972277227723,0.16938087582671313,0.0076
326,0.37799999999999995,0.21359999999999996,0.7204,0.05917623762376238,0.13799999999999998,0.22950811036921345,0.9421933396764987,0.0992,0.6367999999999999,0.3039643063436778,0.029200000000000004
327,0.6124,0.0848,0.7283999999999999,0.0388,0.10874361904761905,0.23461810524671298,0.978,0.1444,0.5332000000000001,0.36200000000000004,0.012
328,0.504,0.19599999999999998,0.4972,0.008,0.0644,0.0952,0.8664,0.3556,0.4112,0.21352316831683166,0.007200000000000001
329,0.0012000000000000001,0.0004,0.2812,0.008352475247524752,0.016800000000000002,0.086,0.9277887725975262,0.0004,0.31980000000000003,0.07161264822134387,0.0008
330,0.009200000000000002,0.02,0.3356,0.025833663366336634,0.0004,0.09287699353078327,0.9360943862987632,0.0128,0.20459920792079206,0.056520524400266114,0.0008
331,0.22160000000000002,0.002,0.4936,0.0156,0.041600000000000005,0.1620383627239373,0.8076942965779468,0.057199999999999994,0.16419920792079207,0.2658583461824443,0.0024000000000000002
332,0.008,0.0068000000000000005,0.3496,0.013952475247524753,0.009600000000000001,0.07003814180929095,0.9416,0.0072,0.23159960396039603,0.021871633076351114,0.0
333,0.3752,0.296,0.6424,0.04037623762376237,0.13034361904761904,0.23341929181929183,0.8026875465336291,0.16999999999999998,0.618599603960396,0.2850463366336634,0.01039500492934604
334,0.0256,0.0444,0.4988,0.03790495049504951,0.024,0.10861929181929182,0.9064943862987631,0.022399999999999996,0.21659881188118812,0.08955101944977106,0.0036000000000000003
335,0.04440000000000001,0.1152,0.8788,0.0112,0.033600000000000005,0.1978181025774942,0.5556,0.5768000000000001,0.4064,0.13232252964426877,0.020800000000000003
336,0.33999999999999997,0.13116955380577427,0.8224,0.18150099009900986,0.06720000000000001,0.17063311032895387,0.6635775451950524,0.24159999999999998,0.540199603960396,0.32824505928853753,0.0184
337,0.0576,0.0644,0.6908,0.019999999999999997,0.0004,0.14974029723074292,0.8860000000000001,0.047200000000000006,0.5517992079207921,0.16944569796110046,0.0076
338,0.366,0.22716955380577425,0.8699999999999999,0.0364,0.066,0.26415438172259686,0.9015550903901046,0.0728,0.612598811881188,0.29016886627793215,0.048394873480118304
339,0.8019999999999999,0.005817322834645669,0.8016,0.0028,0.22400000000000003,0.24427098405533615,0.998,0.028800000000000003,0.6476,0.23475101944977106,0.005200000000000001
340,0.0216,0.09319999999999999,0.7356,0.05077623762376238,0.06799999999999999,0.10473567323738472,0.8415999999999999,0.0044,0.2948,0.10879999999999998,0.0016
341,0.5531999999999999,0.1908,0.6392,0.03350495049504951,0.0496,0.7558705893943058,0.7909887725975262,0.376,0.40919920792079206,0.4543377325558643,0.0468
342,0.11200000000000002,0.027200000000000002,0.8164,0.1697108910891088,0.0756,0.2836383627239373,0.7444764985727877,0.13799999999999998,0.4943813861386139,0.45366749892380553,0.004000000000000001
343,0.11079999999999998,0.020739107611548555,0.4208,0.29712871287128717,0.14120000000000002,0.33495447605912154,0.9027775451950524,0.06920000000000001,0.46719999999999995,0.09076366767111495,0.0004
344,0.088,0.098,0.6044,0.03851485148514851,0.1224,0.36519999999999997,0.599793160234866,0.09200000000000001,0.2742,0.09280000000000001,0.0092
345,0.6616,0.7843434146341464,0.9040000000000001,0.032586138613861386,0.1272,0.30445088798731834,0.13708306917547294,0.7424,0.871799603960396,0.029846336633663366,0.00599000985869208
346,0.064,0.0024000000000000002,0.4768,0.02277623762376238,0.002,0.08501907090464549,0.884,0.006,0.4224,0.0832,0.006
347,0.3492,0.053200000000000004,0.41480000000000006,0.029600000000000005,0.012400000000000001,0.15421929181929184,0.906,0.236,0.24399920792079208,0.5451377325558642,0.0055898800936035956
348,0.2984,0.32476955380577427,0.7316,0.11235247524752476,0.0944,0.18958448237031944,0.8503775451950524,0.11440000000000002,0.6963999999999999,0.17704569796110045,0.022399999999999996
349,0.2424,0.09996955380577428,0.6184,0.1303049504950495,0.08516967213114754,0.23825536837517278,0.984,0.0496,0.4999992079207921,0.18241520291159552,0.01
350,0.0116,0.0184,0.42879999999999996,0.03668118811881189,0.005200000000000001,0.08461907090464547,0.8080943862987631,0.1008,0.27899841584158414,0.07443922200915745,0.014800000000000002
351,0.11400000000000002,0.0895381389252949,0.5472,0.06597623762376237,0.0556,0.23238511125942002,0.8938831588962893,0.0376,0.415599603960396,0.10152252964426878,0.0016
352,0.4856,0.0396,0.5151999999999999,0.0128,0.0708,0.11323858363858363,0.840894386298763,0.3912,0.49919960396039603,0.3631231683168317,0.00879500492934604
353,0.6199999999999999,0.092,0.38639999999999997,0.0596,0.0472,0.1544388517214923,0.8168,0.13,0.3876,0.42279999999999995,0.0048000000000000004
354,0.3256,0.27199999999999996,0.7548,0.04531089108910891,0.0484,0.4671154058112494,0.6103099116177603,0.098,0.5409944554455446,0.32702392987124795,0.0128
355,0.268,0.0512,0.7848,0.033999999999999996,0.022,0.13763858363858364,0.8696943862987631,0.06799999999999999,0.6135992079207921,0.19,0.0044
356,0.1916,0.04360000000000001,0.6728,0.049928712871287126,0.042800000000000005,0.25873562606912237,0.7534831588962894,0.254,0.5021996039603961,0.4699636676711149,0.009994873480118304
357,0.28440000000000004,0.07919999999999999,0.6868000000000001,0.02780990099009901,0.062,0.1605803258568553,0.8445887725975261,0.04357158596694695,0.44639762376237624,0.2701034054709819,0.0012000000000000001
358,0.09480000000000001,0.0336,0.674,0.06432871287128714,0.0752,0.22345770171149146,0.22548306917547295,0.11679999999999999,0.49899960396039617,0.11545962352757015,0.009600000000000001
359,0.027600000000000003,0.0264,0.4088,0.027599999999999996,0.0388,0.22669655343298376,0.7876943862987631,0.005599999999999999,0.42339960396039605,0.3079231683168317,0.001994875164257556
360,0.0716,0.054000000000000006,0.5476,0.03237623762376238,0.144,0.16487650453322827,0.5452270218839201,0.048799999999999996,0.47119999999999995,0.3363231683168316,0.0012000000000000001
361,0.06639999999999999,0.0128,0.3384,0.05800000000000001,0.0676,0.35981929181929184,0.8000000000000002,0.007600000000000001,0.2096,0.0728,0.0024000000000000002
362,0.22199999999999998,0.0568,0.44720000000000004,0.08329108910891088,0.1686646154889002,0.43553486898865873,0.5053521896582288,0.07360000000000001,0.6148,0.1303231683168317,0.01559500492934604
363,0.0668,0.0188,0.34800000000000003,0.11345742574257427,0.0036000000000000003,0.11443858363858364,0.9471999999999999,0.023200000000000002,0.4133984158415841,0.19250532148867058,0.0036000000000000003
364,0.7016,0.0248,0.7876,0.029104950495049502,0.038,0.1943739887930597,0.5572943862987632,0.2908,0.1928,0.2535225296442688,0.002
365,0.126,0.0728,0.8756,0.058209900990099005,0.0964,0.25887721444542955,0.17018877259752618,0.057999999999999996,0.9083984158415841,0.055305960161233514,0.016399999999999998
366,0.0424,0.07200000000000001,0.6068,0.03260990099009901,0.05,0.1436,0.5346831588962893,0.008400000000000001,0.734,0.14392252964426877,0.0204
367,0.3084,0.1567695538057743,0.7988000000000002,0.08112871287128713,0.08480000000000001,0.2401536718103955,0.7392719314938154,0.11359999999999999,0.550399603960396,0.14464569796110047,0.018
368,0.29040000000000005,0.1608,0.6247999999999999,0.09383366336633664,0.12716967213114755,0.6553665615141956,0.6697612340953574,0.072,0.6573972277227722,0.21985962352757013,0.013989880093603597
369,0.26680000000000004,0.17479999999999998,0.5052,0.006,0.11199999999999999,0.23807672544787462,0.9284000000000001,0.1508,0.4264,0.24816886627793214,0.020389880093603596
370,0.8484,0.0004,0.7404,0.0024000000000000002,0.05800000000000001,0.16123836272393732,0.9844000000000002,0.1656,0.6628000000000001,0.4812,0.008400000000000001
371,0.07880000000000001,0.1848,0.71,0.07220990099009901,0.2179209964412811,0.6191858041442393,0.5701111293607755,0.084,0.12000000000000002,0.0048000000000000004,0.005200000000000001
372,0.0068000000000000005,0.0028,0.4104,0.016399999999999998,0.008,0.1250192918192918,0.9472942965779468,0.0036000000000000003,0.3144,0.05920000000000001,0.007200000000000001
373,0.4048,0.03196955380577428,0.6276,0.04465742574257425,0.078,0.24548060097275046,0.8282607040913416,0.09277158596694694,0.5055976237623763,0.42262520721637387,0.0036000000000000003
374,0.1656,0.05316955380577428,0.716,0.026582178217821783,0.045200000000000004,0.3264895659624266,0.3476943862987631,0.0872,0.5745833663366338,0.39248501858881546,0.002
375,0.03200000000000001,0.010799999999999999,0.9936,0.032,0.0596,0.23339376960990652,0.423177455474236,0.0196,0.9812,0.0156,0.0
376,0.0316,0.013199999999999998,0.49040000000000006,0.011976237623762376,0.0636,0.12523885172149232,0.8032535059331177,0.02,0.3287988118811881,0.050568227605369234,0.0004
377,0.0184,0.088,0.5404,0.03515247524752475,0.0092,0.1367990815103298,0.8341887725975262,0.132,0.2834,0.1144132868939068,0.01
378,0.2912,0.0168,0.46880000000000005,0.0036000000000000003,0.0268,0.0428383627239373,0.9036,0.022399999999999996,0.48919999999999997,0.3091225296442688,0.016
379,0.2564,0.2468,0.7284,0.051881188118811886,0.268,0.0228,0.8213437732668145,0.1864,0.6125999999999999,0.21624505928853757,0.007200000000000001
380,0.0,0.0688,0.6035999999999999,0.044800000000000006,0.005200000000000001,0.17803858363858363,0.9763999999999999,0.0008,0.2252,0.052000000000000005,0.0132
381,0.1696,0.16436955380577428,0.6148,0.03755247524752475,0.09480000000000001,0.2697925235318878,0.48228315889628925,0.1356,0.3676,0.19960000000000003,0.0064
382,0.2408,0.04801809131656708,0.7364,0.031152475247524753,0.1276,0.3178315961680265,0.9635999999999999,0.054400000000000004,0.49219999999999997,0.21184569796110045,0.0
383,0.6,0.1992,0.5731999999999999,0.006,0.07680000000000001,0.04461907090464547,0.9059775451950524,0.26839999999999997,0.396,0.4948,0.06625909316442424
384,0.1532,0.022799999999999997,0.5572,0.059199999999999996,0.004000000000000001,0.13261907090464548,0.8412,0.0368,0.4789999999999999,0.17424505928853756,0.0156
385,0.648,0.026000000000000002,0.5396,0.016,0.028399999999999998,0.20749628535007508,0.6926831588962893,0.202,0.649,0.0844,0.0035948751642575563
386,0.06520000000000001,0.0964,0.7908000000000001,0.02,0.011600000000000001,0.14651638141809292,0.8936062157152836,0.03319999999999999,0.6544,0.07752316831683168,0.00359500492934604
387,0.1512,0.07479999999999999,0.44800000000000006,0.05677623762376237,0.033600000000000005,0.12967726161369192,0.7524943862987632,0.0456,0.365799603960396,0.22519999999999998,0.004789878409464344
388,0.4088,0.28600000000000003,0.726,0.08100990099009901,0.10880000000000001,0.866,0.5985214081826832,0.18519999999999998,0.5972000000000001,0.19056822760536923,0.027199999999999995
389,0.6464,0.06960000000000001,0.5684,0.03312871287128712,0.048799999999999996,0.2628752435285443,0.661271841772999,0.30839999999999995,0.377799603960396,0.49529075724963806,0.007589880093603596
390,0.22000000000000003,0.075816354148392,0.7216,0.0248,0.14796967213114753,0.30808934504778024,0.5217932499556822,0.10999999999999999,0.6087996039603961,0.10296758893280633,0.018
391,0.0644,0.1192,0.7904,0.0048000000000000004,0.14079999999999998,0.08581929181929182,0.5968,0.01,0.1868,0.6868000000000001,0.002
392,0.3088,0.0744,0.7152000000000001,0.06771485148514851,0.2512,0.1778576545432291,0.8239775451950523,0.1972,0.5619984158415842,0.2357973560834344,0.0044
393,0.20800000000000002,0.20076955380577427,0.3076,0.032352475247524756,0.0856,0.385212840514552,0.08969438629876307,0.1172,0.381399603960396,0.39274910343208236,0.0028
394,0.484,0.0448,0.7632,0.11240000000000001,0.08559999999999998,0.21941929181929182,0.9578831588962892,0.0992,0.5612,0.1856,0.016400000000000005
395,0.056799999999999996,0.0088,0.3076,0.048657425742574256,0.0116,0.2342190709046455,0.8092942965779468,0.0068000000000000005,0.3702,0.11249075724963802,0.0008
396,0.0668,0.27954233840036047,0.7952,0.01,0.04560000000000001,0.24131585492023427,0.7248,0.5636,0.2905992079207921,0.38474910343208235,0.0
397,0.08360000000000001,0.0772,0.5184,0.007600000000000001,0.038400000000000004,0.09261907090464547,0.8005887725975261,0.0228,0.4695988118811881,0.1776,0.0011950049293460402
398,0.2464,0.1912027464456851,0.4324,0.0368,0.12280000000000002,0.10585792262613777,0.5181887725975262,0.2564,0.48200000000000004,0.3696,0.0032
399,0.2584,0.2091695538057743,0.6752,0.035976237623762376,0.052000000000000005,0.16291606616692192,0.7960989533777355,0.0668,0.2536,0.1396,0.018
400,0.0064,0.0228,0.5516,0.059104950495049505,0.0284,0.09843836272393729,0.8757885931558935,0.004399999999999999,0.5727984158415842,0.0612,0.0012000000000000001
401,0.11120000000000001,0.057969069462647446,0.9328,0.09120000000000002,0.1092,0.3411358941520311,0.11578868287670985,0.066,0.9279999999999999,0.07712252964426877,0.0056
402,0.6279999999999999,0.1324,0.4032,0.061176237623762376,0.1432,0.17360000000000003,0.6777886828767098,0.21600000000000003,0.3738,0.5428265737878136,0.0016
403,0.43360000000000004,0.0752,0.49040000000000006,0.0612,0.047200000000000006,0.16847694636252092,0.8134831588962893,0.27680000000000005,0.5251992079207921,0.4703225296442688,0.0128
404,0.5479999999999999,0.1272,0.6075999999999999,0.020399999999999998,0.0648,0.3979832970615367,0.7122379801239449,0.2852,0.2894,0.4043225296442688,0.016
405,0.3064,0.19116955380577427,0.6388,0.11051485148514853,0.11479999999999999,0.11461955990220049,0.8060537746053912,0.1044,0.6227972277227722,0.30736822760536925,0.023200000000000002
406,0.18439999999999998,0.05716955380577428,0.5940000000000001,0.06015841584158414,0.048400000000000006,0.2481544760591215,0.3242831588962892,0.1524,0.548199603960396,0.12538151449927604,0.0056
407,0.2816,0.2536,0.7376000000000001,0.034681188118811886,0.1036,0.17367721444542958,0.3850607040913416,0.13319999999999999,0.34900000000000003,0.6454589848550073,0.0116
408,0.3592,0.0428,0.6404,0.022300990099009897,0.062,0.13843863080684599,0.8365887725975261,0.126,0.4272,0.33724305404453486,0.0032
409,0.1824,0.19636955380577428,0.6152,0.05557623762376237,0.016800000000000002,0.09651557716936691,0.6696494766888678,0.0504,0.3196,0.1832,0.033999999999999996
410,0.2592,0.17224680034261775,0.6988000000000001,0.1300910891089109,0.0432,0.18304373146058162,0.9309887725975262,0.1152,0.6559996039603961,0.2582450592885376,0.004394875164257556
411,0.1076,0.2807695538057743,0.7716000000000001,0.021504950495049503,0.05920000000000001,0.3486162485707718,0.38889438629876305,0.1632,0.46239841584158414,0.2369675889328063,0.0032
412,0.012000000000000002,0.05916906946264744,0.3856,0.008,0.0332,0.3316767726161369,0.5569435041043655,0.041600000000000005,0.46319999999999995,0.0248,0.0052
413,0.0284,0.009569553805774279,0.2832,0.03308118811881188,0.0064,0.09101929181929182,0.8673887725975261,0.0128,0.35499960396039604,0.08056758893280633,0.0
414,0.4396000000000001,0.09280000000000001,0.5760000000000001,0.010067326732673267,0.1008,0.2935220520924844,0.3049663177925785,0.1908,0.552,0.2719571115973742,0.0064
415,0.248,0.2048,0.6984000000000001,0.06795247524752475,0.08080000000000001,0.25357425687596835,0.909694386298763,0.0792,0.6141996039603961,0.28712252964426876,0.0236
416,0.5208,0.2119690694626474,0.728,0.17999603960396038,0.11599999999999999,0.34144052391457963,0.8596943862987632,0.22959999999999997,0.5145976237623763,0.24244433138966065,0.0112
417,0.5800000000000001,0.10800000000000001,0.5843999999999999,0.0512,0.1092,0.21211557716936688,0.7231550903901047,0.3464,0.49039960396039606,0.25304569796110044,0.014000000000000002
418,0.324,0.26880000000000004,0.7220000000000001,0.07672871287128712,0.11639999999999999,1.0,0.5612085061122306,0.168,0.532199603960396,0.2790450592885375,0.048799999999999996
419,0.05600000000000001,0.1052,0.4795999999999999,0.07660198019801978,0.0028,0.2262965062647214,0.9527999999999999,0.0316,0.3499984158415842,0.039963667671114936,0.0024000000000000002
420,0.4032,0.0764,0.5471999999999999,0.04157623762376237,0.08280000000000001,0.11000000000000001,0.7231775451950524,0.18080000000000002,0.48199920792079204,0.3516901185770751,0.040799999999999996
421,0.0008,0.0004,0.21200000000000002,0.005952475247524752,0.017600000000000005,0.0884,0.8993887725975261,0.0004,0.3106,0.07161264822134387,0.0008
422,0.015200000000000002,0.0012000000000000001,0.3952,0.0036000000000000003,0.0372,0.11203836272393733,0.7121887725975261,0.017599999999999998,0.3416,0.058399999999999994,0.0056
423,0.4152,0.13720000000000002,0.6112,0.12249108910891089,0.21316967213114751,0.0464,0.892,0.1248,0.39199920792079207,0.1264913959222009,0.0036000000000000003
424,0.0808,0.1833290554277046,0.458,0.07275247524752475,0.0732,0.2293163814180929,0.7132,0.056799999999999996,0.6328,0.0876,0.0048000000000000004
425,0.035199999999999995,0.12040000000000002,0.9708,0.009600000000000001,0.0376,0.11843836272393729,0.957577455474236,0.0064,0.09880000000000001,0.0284,0.00438501478803812
426,0.0,0.0012000000000000001,0.49000000000000005,0.06980990099009901,0.0016,0.06701907090464547,0.808494386298763,0.0,0.2258,0.024322529644268776,0.014800000000000002
427,0.2812,0.1216,0.6684,0.0228,0.13916967213114756,0.04741907090464548,0.60042702188392,0.11839999999999999,0.4016,0.26592252964426877,0.0188
428,0.1348,0.14116906946264746,0.6592,0.04675247524752475,0.038,0.1333542079762129,0.8091774554742359,0.10799999999999998,0.7511992079207921,0.14376886627793212,0.017989746960236606
429,0.392,0.0196,0.5843999999999999,0.0264,0.04,0.06447716727716728,0.9004000000000001,0.007200000000000001,0.31819960396039604,0.098,0.11920000000000001
430,0.264,0.2072,0.7028,0.0516,0.0784,0.35290099834152033,0.6309887725975261,0.146,0.4725992079207921,0.41225962352757006,0.013999999999999999
431,0.17840000000000003,0.11240000000000001,0.6192,0.0484,0.0236,0.29265792262613777,0.8638157944814463,0.1452,0.5947992079207921,0.12832252964426877,0.0084
432,0.3044,0.1324,0.5128,0.10333465346534651,0.11479999999999999,0.07821929181929181,0.859325526657574,0.059199999999999996,0.5931964356435644,0.20338279184440183,0.012
433,0.8732,0.16399999999999998,0.9315999999999999,0.09275514018691589,0.0648,0.23069672717936776,0.7630382492863939,0.8596,0.4379988118811881,0.4776920345947639,0.034709175320191576
434,0.05519999999999999,0.11276955380577429,0.9352,0.20745742574257425,0.1548,0.2389284176839189,0.9252943862987631,0.04,0.1862,0.05192316831683169,0.0016
435,0.09159999999999999,0.0376,0.6396000000000001,0.015976237623762372,0.0128,0.1337158452522756,0.8192,0.0496,0.2852,0.08184505928853755,0.014400000000000001
436,0.28600000000000003,0.11916955380577428,0.5408,0.009176237623762377,0.046,0.3601534980640115,0.9006607040913416,0.0784,0.517,0.11992252964426878,0.011600000000000001
437,0.0364,0.0884,0.6132,0.0108,0.013600000000000001,0.09825743362858277,0.6348,0.0236,0.515799603960396,0.4038456979611005,0.00996976836176002
438,0.646,0.0012000000000000001,0.2812,0.028000000000000004,0.0004,0.17901907090464547,0.42040000000000005,0.25,0.278,0.1024,0.0
439,0.3224,0.0744,0.6328,0.013976237623762374,0.0448,0.12450257524560837,0.8564719314938154,0.19839999999999997,0.6664,0.23480000000000004,0.0048000000000000004
440,0.2064,0.054400000000000004,0.7176,0.016352475247524752,0.028000000000000004,0.36043885172149237,0.7292314095212599,0.0516,0.54,0.22000000000000003,0.01279500492934604
441,0.476,0.1276,0.8316000000000001,0.004000000000000001,0.0676,0.25716019390177536,0.9503999999999998,0.053200000000000004,0.3128,0.32785962352757014,0.0016
442,0.37440000000000007,0.07796955380577428,0.774,0.026304950495049502,0.06,0.30865867970660144,0.4724493869680514,0.1976,0.7385992079207921,0.12018279184440184,0.01
443,0.007200000000000001,0.17113862326842172,0.7988,0.042352475247524744,0.1044,0.2281549650566766,0.9288943862987631,0.008799999999999999,0.3177996039603961,0.0536,0.0004
444,0.09359999999999999,0.1376,0.9735999999999999,0.01,0.046,0.13861907090464548,0.947977455474236,0.0068000000000000005,0.22139960396039604,0.044399999999999995,0.007599999999999998
445,0.32480000000000003,0.23879999999999998,0.8155999999999999,0.10519603960396037,0.088,0.9252135504267536,0.649986051307283,0.14920000000000003,0.5655984158415841,0.29881456423903263,0.04439487348011831
446,0.1848,0.05960000000000001,0.36439999999999995,0.020776237623762378,0.0668,0.1116,0.9549887725975262,0.09240000000000001,0.19140000000000001,0.3917682276053692,0.014800000000000002
447,0.029599999999999998,0.07120000000000001,0.36920000000000003,0.117009900990099,0.11839999999999999,0.2276992044087398,0.6856,0.12039999999999998,0.38819920792079204,0.0344,0.0
448,0.0092,0.0004,0.736,0.051057425742574256,0.031999999999999994,0.12163836272393728,0.638,0.011199999999999998,0.16799999999999998,0.013600000000000001,0.008
449,0.12279999999999999,0.1976,0.6136,0.04731485148514851,0.19080000000000003,0.47812766060345524,0.5431895417364597,0.1324,0.3496,0.12112252964426877,0.0048000000000000004
450,0.3768000000000001,0.188,0.6903999999999999,0.09908118811881188,0.062,0.047858411623692795,0.9084943862987631,0.22319999999999998,0.654799603960396,0.18384569796110045,0.013600000000000001
451,0.17840000000000003,0.11240000000000001,0.6192,0.0484,0.0236,0.29265792262613777,0.8638157944814463,0.1452,0.5947992079207921,0.12832252964426877,0.0084
452,0.1584,0.10790769273106915,0.454,0.07195247524752475,0.10919999999999999,0.19356053172658463,0.9098604349288927,0.0316,0.487399603960396,0.06649075724963802,0.0048000000000000004
453,0.1888,0.0268,0.6164,0.054400000000000004,0.055200000000000006,0.09981907090464547,0.8365887725975263,0.0348,0.47359999999999997,0.18576886627793213,0.0
454,0.0048000000000000004,0.024399999999999998,0.3356,0.037104950495049506,0.0008,0.10883836272393729,0.9540000000000001,0.008,0.246,0.05604113802684617,0.0004
455,0.0632,0.092,0.9376,0.05397623762376238,0.1051393442622951,0.20283858363858367,0.16969438629876307,0.038400000000000004,0.9292000000000001,0.10144505928853756,0.00399500492934604
456,0.046400000000000004,0.12279999999999999,0.7819999999999999,0.0288,0.0508,0.18585814354078414,0.779883069175473,0.0548,0.868,0.13312316831683169,0.0
457,0.3416,0.0756,0.75,0.0432,0.0836,0.24581766341742028,0.8546831588962892,0.1192,0.5949992079207921,0.19272252964426878,0.0092
458,0.004000000000000001,0.0036000000000000003,0.42799999999999994,0.007528712871287128,0.0004,0.07505743362858278,0.9117887725975262,0.0068000000000000005,0.33639960396039603,0.013445059288537547,0.0
459,0.2044,0.03268203790256806,0.2144,0.0076,0.0376,0.15603814180929096,0.8997887725975262,0.0472,0.506,0.2332,0.0072
460,0.047200000000000006,0.11839999999999999,0.6632,0.017599999999999998,0.0512,0.35443814180929095,0.6763591191441793,0.0652,0.3074,0.11512252964426876,0.0028
461,0.0424,0.004000000000000001,0.3964,0.03218613861386139,0.0032,0.058038362723937295,0.9960000000000001,0.0072,0.5379984158415841,0.02169139592220092,0.0
462,0.0516,0.07959999999999999,0.6344000000000001,0.10166732673267327,0.18280000000000002,0.4411354051544761,0.43114069309330605,0.072,0.1508,0.0228,0.0008
463,0.34320000000000006,0.21556955380577425,0.6839999999999999,0.03995247524752475,0.1356,0.25385787545787547,0.7533887725975262,0.1928,0.5577976237623762,0.28227354909403984,0.01237476343241398
464,0.011199999999999998,0.06956955380577427,0.9751999999999998,0.013481188118811882,0.09272099644128115,0.3476119096877043,0.022,0.008400000000000001,0.1396,0.7554463366336635,0.0007950049293460401
465,0.056400000000000006,0.17153910761154856,0.5860000000000001,0.1439287128712871,0.004000000000000001,0.11429699526227644,0.9514831588962892,0.05439999999999999,0.47919920792079207,0.07985898485500724,0.006
466,0.29240000000000005,0.17800000000000002,0.7872,0.016800000000000002,0.028000000000000004,0.31807683275857185,0.7996943862987631,0.068,0.48379960396039606,0.2489682276053692,0.024399999999999998
467,0.1908,0.18276955380577425,0.4076000000000001,0.05284356435643565,0.17160000000000003,0.44368929787951794,0.5436879567892972,0.1244,0.7971999999999999,0.1416,0.0128
468,0.2056,0.14596906946264745,0.774,0.07284356435643564,0.11306461548890019,0.2240772616136919,0.8370831588962894,0.0792,0.5952,0.1247225296442688,0.0048000000000000004
469,0.046,0.02796955380577428,0.34400000000000003,0.04905742574257426,0.048,0.12301907090464548,0.07959999999999999,0.046799999999999994,0.6521972277227722,0.09917887058271044,0.0008
470,0.0536,0.034339107611548556,0.7344,0.005976237623762376,0.014000000000000002,0.08661929181929182,0.8736,0.0068000000000000005,0.46039960396039603,0.0156,0.0004
471,0.0732,0.03787821522309711,0.8948,0.0488,0.08600000000000001,0.2821541608079505,0.3856717520521828,0.058800000000000005,0.8976,0.0788,0.0016
472,0.0324,0.0752,0.3867999999999999,0.017576237623762377,0.10840000000000001,0.0568,0.9376,0.0288,0.19519999999999998,0.5463225296442688,0.0112
473,0.44160000000000005,0.08236955380577428,0.582,0.03395247524752475,0.1956,0.20563814180929096,0.8842831588962893,0.06839999999999999,0.38719960396039604,0.47104569796110046,0.0048000000000000004
474,0.2996,0.2991690694626474,0.4643999999999999,0.0836,0.2068,0.13527716727716727,0.8708,0.158,0.5741996039603962,0.24264505928853755,0.0128
475,0.47519999999999996,0.024399999999999998,0.692,0.05995247524752475,0.0392,0.17047677261613695,0.9236000000000001,0.11080000000000001,0.6319988118811881,0.20529139592220091,0.034
476,0.10639999999999998,0.044399999999999995,0.574,0.0092,0.12079999999999999,0.18050235166174328,0.0376,0.122,0.7006,0.19529203459476382,0.0008
477,0.1016,0.0264,0.7272000000000001,0.06119999999999999,0.48360000000000003,0.15919999999999998,0.8765887725975261,0.094,0.6888,0.17584505928853753,0.011594873480118305
478,0.37200000000000005,0.162,0.7756,0.08929108910891088,0.10199999999999998,0.9931999999999999,0.6981971889889406,0.14920000000000003,0.5115968316831683,0.34466090087269596,0.029594873480118307
479,0.7587999999999999,0.05600000000000001,0.6928,0.0028,0.0784,0.1588,0.9663999999999999,0.0308,0.6422000000000001,0.29632252964426875,0.0032
480,0.5115999999999999,0.05436955380577428,0.6896,0.11034851485148514,0.126,0.20603576130470996,0.7037933396764986,0.31357158596694695,0.4451972277227723,0.2461954400657457,0.0036000000000000003
481,0.522,0.024,0.9204000000000001,0.06844356435643564,0.088,0.3431744777906147,0.9800000000000001,0.082,0.8440000000000001,0.0636,0.0096
482,0.07680000000000001,0.016769553805774277,0.5788,0.027599999999999996,0.0324,0.1413407738911204,0.620377455474236,0.0992,0.4,0.11904505928853755,0.0016
483,0.11359999999999999,0.064,0.5544,0.04703366336633663,0.0264,0.3092377123171758,0.5947633278300616,0.054000000000000006,0.3409996039603961,0.09144569796110046,0.022399999999999996
484,0.1504,0.3035695538057743,0.6612,0.02995247524752475,0.03560000000000001,0.08327694636252095,0.6748943862987631,0.1336,0.34039960396039604,0.1508,0.009200000000000002
485,0.1204,0.07834341463414635,0.8388,0.08768316831683166,0.0496,0.36108146796463714,0.8934831588962894,0.0344,0.5294000000000001,0.09312252964426877,0.0048000000000000004
486,0.39479999999999993,0.128,0.5452,0.03477623762376238,0.0408,0.18727726161369196,0.8000717520521828,0.0816,0.634198811881188,0.24072252964426877,0.012789748644375858
487,0.18239999999999998,0.020399999999999998,0.6648000000000001,0.0312,0.04,0.06829628535007508,0.8162877259752618,0.0472,0.6108,0.28761328689390675,0.002
488,0.30040000000000006,0.1848,0.8548,0.05272871287128713,0.06559999999999999,0.2600134238486317,0.8879999999999999,0.0628,0.4814,0.168,0.06520000000000001
489,0.014000000000000002,0.19104728468574458,0.8135999999999999,0.0528,0.0868,0.22571584525227556,0.6347775451950524,0.0228,0.692,0.0832,0.0004
490,0.29760000000000003,0.2651695538057743,0.5311999999999999,0.07192871287128713,0.04,0.1323356260691224,0.7125663177925784,0.1232,0.6314,0.3556913959222009,0.03595912434259193
491,0.18160000000000004,0.0756,0.7004,0.08515247524752476,0.13599999999999998,0.2657532894865427,0.7471775451950523,0.026399999999999996,0.36860000000000004,0.0448,0.0004
492,0.296,0.0484,0.5208,0.12597623762376237,0.10400000000000001,0.14745814354078415,0.7016,0.0648,0.29899722772277226,0.18544569796110047,0.0004
493,0.7492,0.005416838491518836,0.8012,0.0036000000000000003,0.1196,0.2434315961680265,0.9652000000000001,0.020800000000000003,0.6545988118811881,0.2351510194497711,0.0068000000000000005
494,0.0576,0.030400000000000003,0.7132,0.05277623762376238,0.0076,0.1298195599022005,0.8461887725975261,0.043199999999999995,0.5768,0.13832252964426878,0.007200000000000001
495,0.1272,0.033600000000000005,0.7796000000000001,0.07072871287128714,0.066,0.18083858363858366,0.8055999999999999,0.0872,0.6131992079207921,0.17824505928853754,0.013599999999999998
496,0.2696,0.1288,0.6803999999999999,0.0372,0.053200000000000004,0.09861929181929181,0.813694386298763,0.15080000000000002,0.46480000000000005,0.36119999999999997,0.00439500492934604
497,0.26480000000000004,0.1336,0.5588,0.04813861386138614,0.24515391068279824,0.9276,0.6938506047110666,0.0996,0.5867980198019802,0.23067227174891403,0.0108
498,0.1328,0.10880000000000001,0.42519999999999997,0.022,0.0184,0.16465814354078415,0.8800000000000001,0.042800000000000005,0.3101992079207921,0.13864505928853757,0.010400000000000001
499,0.2468,0.08679999999999999,0.6540000000000001,0.0252,0.0848,0.41070474220156383,0.08477754519505235,0.1036,0.7365988118811881,0.21473709388330137,0.0024000000000000002
500,0.11279999999999998,0.1472,0.6416,0.09241980198019802,0.11356967213114755,0.22273508990330507,0.8275775451950522,0.0548,0.4065988118811881,0.2650602622001331,0.00399500492934604
501,0.2684,0.0084,0.4016,0.6963762376237623,0.06559999999999999,0.265131242406059,0.6256943862987632,0.019200000000000002,0.1288,0.16440000000000002,0.0
502,0.21280000000000002,0.09119999999999999,0.6599999999999999,0.05915247524752475,0.0752,0.21584643984106083,0.7909886828767099,0.1172,0.5233984158415842,0.2178589848550072,0.00799000985869208
503,0.258,0.1884,0.6136,0.09677623762376238,0.0504,0.09461929181929182,0.7516,0.07320000000000002,0.4488,0.45184633663366336,0.018394873480118305
504,0.4288,0.0496,0.5095999999999999,0.01,0.052000000000000005,0.3169625844415958,0.7885887725975261,0.21760000000000002,0.288,0.5000901185770752,0.023974631983186244
505,0.1016,0.0008,0.1544,0.01943366336633663,0.0072,0.07181929181929182,0.8943999999999999,0.0036000000000000003,0.1226,0.0628,0.0048000000000000004
506,0.07880000000000001,0.08876955380577428,0.8852,0.0027287128712871287,0.08432099644128115,0.36285054049455023,0.07009438629876309,0.053599999999999995,0.1538,0.6604920345947638,0.002
507,0.252,0.2551695538057743,0.6504,0.0412,0.0968,0.28492944284729127,0.7911101807802094,0.16119999999999998,0.48599999999999993,0.2555225296442688,0.04397489488164171
508,0.2896,0.26636906946264743,0.7971999999999999,0.06942970297029702,0.0756,0.16775371897865785,0.6644718417729992,0.11200000000000002,0.517,0.26947354909403987,0.0076
509,0.37560000000000004,0.22039999999999998,0.3604,0.08912871287128712,0.041999999999999996,0.25217911363367507,0.6123775451950524,0.057199999999999994,0.8245992079207921,0.12376758893280633,0.0004
510,0.2192,0.209508177074196,0.8235999999999999,0.08089108910891088,0.05439999999999999,0.13323858363858365,0.6637886828767099,0.10919999999999999,0.37259960396039604,0.30312252964426883,0.010789880093603595
511,0.06520000000000001,0.008400000000000001,0.6416000000000001,0.009999999999999998,0.0828,0.06181929181929182,0.793294386298763,0.0264,0.22359999999999997,0.19472252964426878,0.0048000000000000004
512,0.07200000000000001,0.09676955380577427,0.62,0.0184,0.027200000000000002,0.1554961239408686,0.913294386298763,0.0752,0.4949992079207921,0.3678577075098814,0.0024000000000000002
513,0.05319999999999999,0.11200000000000002,0.7656000000000001,0.10515247524752476,0.0356,0.10469655343298374,0.946094386298763,0.013600000000000001,0.501,0.1248,0.015999999999999997
514,0.0264,0.0016,0.3876,0.0032,0.0312,0.14643836272393732,0.6992943862987631,0.0116,0.16640000000000002,0.0504,0.0
515,0.1116,0.0332,0.5728,0.0192,0.013999999999999999,0.16825336521669038,0.8752000000000001,0.0028,0.4548,0.04359999999999999,0.0
516,0.392,0.056799999999999996,0.33599999999999997,0.08712871287128712,0.0852,0.4082923112747074,0.8166831588962893,0.13840000000000002,0.3388,0.36129011857707505,0.0064
517,0.021199999999999997,0.027600000000000003,0.7684000000000001,0.01957623762376238,0.03,0.11588328075709779,0.7548000000000001,0.0004,0.30720000000000003,0.324,0.004399999999999999
518,0.346,0.1388,0.5412000000000001,0.041128712871287124,0.0664,0.21073540515447609,0.6217887725975262,0.1528,0.5093988118811881,0.5644152029115955,0.033179888268156425
519,0.0324,0.05600000000000001,0.5711999999999999,0.14895049504950492,0.011199999999999998,0.06623181708267283,0.9544,0.007200000000000001,0.5769936633663366,0.14375236410597583,0.0
520,0.2476,0.22519999999999998,0.7268,0.0412,0.09119999999999999,0.1142960172671664,0.7809933396764986,0.10519999999999999,0.5012000000000001,0.40199999999999997,0.06434965494577718
521,0.45999999999999996,0.1092,0.736,0.033999999999999996,0.0284,0.18425841162369277,0.9336,0.030400000000000003,0.3316,0.1936,0.0036000000000000003
522,0.045200000000000004,0.010400000000000001,0.318,0.0328,0.06120000000000001,0.22775447605912152,0.002,0.016800000000000002,0.9018,0.0284,0.0
523,0.0184,0.0312,0.9428000000000001,0.02284356435643564,0.05,0.15705743362858277,0.3004943862987631,0.018,0.897799603960396,0.0665040441435448,0.0
524,0.4168,0.09356955380577428,0.6248,0.0112,0.1048,0.1721904506315048,0.8116943862987631,0.086,0.4633996039603961,0.3661675889328063,0.017599999999999998
525,0.23120000000000002,0.0524,0.7135999999999999,0.014799999999999999,0.0456,0.05840000000000001,0.923694386298763,0.0128,0.4248,0.1152,0.0036000000000000003
526,0.0056,0.0048000000000000004,0.418,0.0076,0.0024000000000000002,0.16021929181929181,0.9440719314938153,0.005200000000000001,0.3016,0.0784,0.0004
527,0.17559999999999998,0.047108177074196,0.7584,0.08995247524752474,0.025599999999999994,0.23607721444542965,0.5210831588962892,0.19119999999999998,0.45840000000000003,0.2856,0.016800000000000002
528,0.5831999999999999,0.03876955380577428,0.6484,0.02395247524752475,0.062,0.22437301079794966,0.6458607040913416,0.3124,0.32119960396039604,0.43176886627793215,0.007564510392650589
529,0.1648,0.21680000000000002,0.6952,0.11355247524752474,0.13240000000000002,0.14381929181929182,0.815321318461867,0.08,0.549999207920792,0.22200000000000003,0.0196
530,0.0128,0.0004,0.5544,0.008776237623762376,0.0008,0.08105792262613778,0.994,0.01,0.16999999999999998,0.0172,0.0
531,0.42960000000000004,0.072,0.6596,0.024657425742574256,0.0996,0.19385825021448627,0.6836,0.12360000000000002,0.535399603960396,0.2915225296442688,0.010000000000000002
532,0.5524,0.0356,0.612,0.01912871287128713,0.0712,0.21025765454322914,0.9544943862987629,0.11640000000000002,0.6617980198019802,0.36257622666614486,0.007200000000000001
533,0.6304000000000001,0.10554341463414633,0.842,0.03,0.0744,0.28828179021454814,0.936494386298763,0.057600000000000005,0.6947996039603961,0.11024505928853753,0.0324
534,0.1008,0.1136,0.33919999999999995,0.20198415841584155,0.013600000000000001,0.1112383627239373,0.8440943862987631,0.020399999999999998,0.4913924752475247,0.286569022815325,0.013600000000000001
535,0.1676,0.16439999999999996,0.6140000000000001,0.04415841584158415,0.0392,0.16661929181929183,0.8598382492863939,0.11800000000000002,0.2959988118811881,0.3041544585762924,0.0024000000000000002
536,0.0784,0.1,0.28759999999999997,0.058209900990099005,0.009600000000000001,0.13091530908645824,0.7924,0.0312,0.5003980198019802,0.20221319766759285,0.0016
537,0.27840000000000004,0.0688,0.7368,0.06710495049504951,0.11400000000000002,0.035199999999999995,0.4318052464970895,0.1056,0.4136,0.266,0.021589748644375857
538,0.0884,0.0172,0.546,0.037599999999999995,0.0664,0.14461929181929184,0.6264943862987631,0.0868,0.41079999999999994,0.06232252964426878,0.002
539,0.21279999999999996,0.1592,0.7127999999999999,0.08350495049504951,0.032799999999999996,0.0432,0.8222174431177572,0.18639999999999998,0.7036,0.17264569796110046,0.004400000000000001
540,0.4364,0.0948,0.5208,0.1156,0.11039999999999998,0.2754581907090465,0.5494156150398136,0.1972,0.41619801980198023,0.22159999999999996,0.023594875164257557
541,0.422,0.158,0.7508,0.09129108910891089,0.072,0.09455594305178658,0.7984493869680513,0.1828,0.5249988118811881,0.23305770750988142,0.040799999999999996
542,0.09519999999999999,0.10713862326842172,0.7836000000000001,0.0132,0.08159999999999999,0.29996005337323467,0.8543550006692883,0.032,0.5298,0.18747354909403985,0.0028
543,0.0168,0.0068000000000000005,0.42960000000000004,0.008000000000000002,0.0752,0.15941907090464547,0.513554910948472,0.004,0.178,0.0568,0.0
544,0.004000000000000001,0.0048000000000000004,0.6656,0.0024000000000000002,0.0196,0.14432208797954654,0.9749887725975261,0.0016,0.25420000000000004,0.045200000000000004,0.0
545,0.040400000000000005,0.058399999999999994,0.9172,0.0,0.09240000000000001,0.2454967743476301,0.029599999999999998,0.029199999999999997,0.17,0.07984633663366336,0.0004
546,0.18119999999999997,0.1028,0.7092,0.7335287128712872,0.0236,0.178439119804401,0.38308315889628924,0.0324,0.3484,0.11000000000000001,0.008799999999999999
547,0.3536,0.0728,0.6476,0.0012000000000000001,0.0236,0.12825770171149145,0.7335775451950524,0.1296,0.4588,0.4932145642390326,0.0
548,0.0068000000000000005,0.006000000000000001,0.9583999999999999,0.0032,0.0588,0.24221955990220048,0.5180269321631038,0.006,0.11300000000000002,0.10272252964426878,0.0016
549,0.0088,0.014800000000000002,0.7144,0.0855049504950495,0.007600000000000001,0.12043885172149231,0.981694386298763,0.0348,0.5825996039603961,0.073690757249638,0.0004
550,0.34320000000000006,0.029599999999999998,0.76,0.08195247524752475,0.06200000000000001,0.10563885172149232,0.7956494766888678,0.1488,0.733,0.21584569796110045,0.0016
551,0.16,0.22959999999999997,0.6188,0.036,0.0576,0.16350846312068806,0.880921049299418,0.1552,0.45940000000000003,0.19992252964426876,0.009600000000000001
552,0.546,0.1544,0.634,0.0084,0.09759999999999999,0.1160383627239373,0.879038249286394,0.38239999999999996,0.5740000000000001,0.3187231683168317,0.006
553,0.2816,0.1476,0.5492000000000001,0.06908118811881189,0.20396967213114753,0.9408385836385836,0.6861157861605641,0.11159999999999999,0.6053984158415842,0.23825898485500724,0.011600000000000001
554,0.022799999999999997,0.047200000000000006,0.9315999999999999,0.013952475247524753,0.08872099644128115,0.37245102949210535,0.011199999999999998,0.029599999999999998,0.11960000000000001,0.7829688662779322,0.0012000000000000001
555,0.7156,0.004,0.346,0.0807287128712871,0.0252,0.22280000000000003,0.45600000000000007,0.22000000000000003,0.2524,0.1832,0.0032
556,0.19,0.0956,0.4720000000000001,0.059477227722772266,0.0892,0.16327770344298462,0.7792943862987631,0.11440000000000002,0.46639762376237626,0.42453444996673584,0.016399999999999998
557,0.19959999999999994,0.2996,0.7556,0.0385148514851485,0.0496,0.3258494951458061,0.7713887725975261,0.0764,0.43459960396039604,0.39049203459476384,0.016
558,0.2024,0.0468,0.36319999999999997,0.021200000000000004,0.148,0.11781907090464547,0.539294386298763,0.0924,0.47940000000000005,0.4316000000000001,0.005200000000000001
559,0.0012000000000000001,0.0472,0.25799999999999995,0.018233663366336632,0.0536,0.252,0.6385438629876308,0.0012000000000000001,0.1684,0.0152,0.0
560,0.0128,0.0124,0.732,0.03881980198019802,0.0108,0.13036022711961875,0.566894386298763,0.06399999999999999,0.487199603960396,0.055305960161233514,0.0
561,0.21080000000000002,0.11480000000000001,0.6324,0.020328712871287128,0.18996967213114754,0.5187999999999999,0.5912846458017531,0.0988,0.4152,0.29096758893280633,0.01
562,0.3468,0.0484,0.5488000000000001,0.009152475247524753,0.0496,0.16927672544787462,0.3242831588962892,0.23120000000000002,0.5818,0.22200000000000003,0.0168
563,0.014400000000000001,0.008400000000000001,0.5952,0.010776237623762376,0.0012000000000000001,0.09065792262613778,0.9936,0.0116,0.23879999999999998,0.018399999999999996,0.0004
564,0.07880000000000001,0.05756906946264745,0.38680000000000003,0.07560000000000001,0.0792,0.29905765454322913,0.6148942965779468,0.040400000000000005,0.3974,0.35952252964426873,0.0028
565,0.1584,0.08719999999999999,0.7532,0.030000000000000006,0.036,0.11181929181929182,0.9590607040913415,0.05800000000000001,0.783,0.11872252964426877,0.014799999999999999
566,0.0016,0.009600000000000001,0.4688,0.044376237623762374,0.024399999999999998,0.08021907090464547,0.884,0.0,0.15539960396039604,0.096,0.008000000000000002
567,0.014800000000000002,0.15514088537098,0.5156,0.057481188118811886,0.10400000000000001,0.23811606616692194,0.426,0.0128,0.20259960396039603,0.37952252964426875,0.0012000000000000001
568,0.0376,0.039599999999999996,0.38,0.027528712871287126,0.0388,0.14083885172149233,0.8897438629876309,0.0432,0.18299960396039605,0.11656822760536922,0.0012000000000000001
569,0.1312,0.1404,0.7856,0.039576237623762375,0.0952,0.08043911980440097,0.9272943862987632,0.0252,0.33219841584158416,0.5140265737878136,0.0204
570,0.6444,0.1232,0.22960000000000003,0.038,0.024399999999999998,0.20749628535007508,0.8081887725975261,0.5984,0.3048,0.4187225296442688,0.3604
571,0.040400000000000005,0.18000000000000002,0.944,0.0019762376237623764,0.034,0.15851575091575093,0.4332000000000001,0.3856,0.4,0.2591225296442688,0.0
572,0.27,0.12636955380577428,0.6571999999999999,0.05971485148514851,0.0508,0.20691579808401322,0.8668000000000001,0.12000000000000002,0.49359960396039604,0.16378343051696473,0.0156
573,0.2952,0.16440000000000002,0.734,0.019200000000000002,0.0796,0.3063811254838698,0.7690831588962893,0.1152,0.36279920792079207,0.3789802371541502,0.0152
574,0.22079999999999997,0.2536,0.7228,0.08065742574257426,0.039999999999999994,0.2717927444465342,0.645177455474236,0.1804,0.40179841584158416,0.334982153171839,0.012
575,0.0048000000000000004,0.0112,0.46560000000000007,0.05272871287128713,0.021200000000000004,0.0848383627239373,0.9144,0.0008,0.433,0.06176822760536923,0.0004
576,0.244,0.2472,0.6776000000000001,0.04952871287128713,0.1248,0.11800000000000002,0.7667325458643408,0.2008,0.45119999999999993,0.2515225296442688,0.0108
577,0.186,0.043199999999999995,0.6612,0.03395247524752475,0.5048,0.14863137525338016,0.7931775451950523,0.2652,0.5843968316831682,0.2360901185770751,0.013600000000000001
578,0.11080000000000001,0.13193910761154856,0.5592,0.025128712871287123,0.06040000000000001,0.061277214445429606,0.95,0.0516,0.34159920792079207,0.31361392556646966,0.0047950049293460405
579,0.28200000000000003,0.17560000000000003,0.5388000000000001,0.0355049504950495,0.14679999999999999,0.32065704863551114,0.615154910948472,0.1528,0.476399603960396,0.3829675889328063,0.031184883338810383
580,0.3844,0.1728,0.8184000000000001,0.025362376237623763,0.16753934426229508,0.27410216727115416,0.5890607040913415,0.15960000000000002,0.636399603960396,0.2129682276053692,0.006
581,0.3892,0.1748,0.6123999999999999,0.08397623762376237,0.10200000000000001,0.2522584116236928,0.8067775451950524,0.18319999999999997,0.6062,0.25,0.023200000000000002
582,0.5936,0.016399999999999998,0.4032,0.020399999999999998,0.026000000000000002,0.1322190709046455,0.5844,0.13,0.2812,0.2967225296442688,0.0008
583,0.1592,0.33055546175994055,0.7064,0.08797623762376237,0.016,0.10989623818181275,0.5949886828767099,0.046,0.708,0.25,0.004399999999999999
584,0.3224,0.0316,0.714,0.031033663366336634,0.1,0.3203363831495861,0.6684943862987631,0.8308,0.830999603960396,0.16145962352757012,0.0024000000000000002
585,0.6264,0.06,0.7796,0.010700990099009901,0.22276967213114754,0.2735350899033051,0.932,0.027200000000000002,0.6845980198019802,0.27200863773333855,0.0032
586,0.0032,0.0028,0.2748,0.02863366336633663,0.0036000000000000003,0.06705765454322912,0.9672000000000001,0.0016,0.4861996039603961,0.05315165812233398,0.0
587,0.1632,0.12436955380577427,0.5432,0.1068910891089109,0.09586461548890017,0.5264000000000001,0.6039100013385766,0.1036,0.20419960396039602,0.16312316831683168,0.0124
588,0.4184,0.23679999999999998,0.6212,0.032677227722772276,0.0548,0.310602972657165,0.5832,0.1536,0.4427980198019802,0.6036816373811295,0.009999999999999998
589,0.014799999999999999,0.11679999999999999,0.5004,0.055999999999999994,0.0408,0.2768388517214923,0.9516,0.0024000000000000002,0.24420000000000003,0.06520000000000001,0.004400000000000001
590,0.264,0.0824,0.6516,0.10435247524752475,0.1052,0.8581414269671006,0.6888539540470239,0.054400000000000004,0.659,0.23329139592220088,0.01
591,0.12840000000000001,0.096,0.62,0.025576237623762377,0.0832,0.1190192918192918,0.7392719314938154,0.0764,0.516,0.3492,0.02277975850306794
592,0.016800000000000002,0.0956,0.5048,0.0124,0.0208,0.1496,0.7048,0.0216,0.2698,0.036,0.0028
593,0.0548,0.0028,0.3928,0.0108,0.016400000000000005,0.07680000000000001,0.9304,0.0004,0.2576,0.1252,0.0024000000000000002
594,0.0284,0.0616,0.312,0.0076,0.0436,0.12735411363968824,0.7304943862987631,0.004399999999999999,0.35680000000000006,0.0548,0.0016
595,0.0032,0.027200000000000002,0.4492,0.08068118811881189,0.0048000000000000004,0.12221929181929184,0.9953887725975262,0.010400000000000001,0.132,0.085781514499276,0.005600000000000001
596,0.366,0.1988,0.7575999999999999,0.1072,0.0728,0.17341907090464548,0.9788,0.08,0.27759999999999996,0.2734450592885376,0.0064
597,0.3944,0.09756955380577428,0.5384,0.09797227722772277,0.07239999999999999,0.248038630806846,0.6963550006692885,0.196,0.5007976237623762,0.22681328689390678,0.0012000000000000001
598,0.2536,0.25,0.7535999999999999,0.08908118811881187,0.1652,0.0144,0.8249662280717622,0.1732,0.542,0.24159999999999998,0.0088
599,0.17040000000000002,0.0492,0.5704,0.08025346534653463,0.11639999999999999,0.0928,0.7456943862987631,0.11679999999999999,0.5361992079207921,0.16601264822134387,0.007600000000000001
600,0.3748,0.2408,0.78,0.032776237623762375,0.0824,0.7515351370715673,0.8596,0.2204,0.4808,0.36896886627793213,0.012400000000000001
601,0.6972,0.04516955380577428,0.8704000000000001,0.0056,0.053599999999999995,0.21450279616025472,0.9955999999999999,0.054400000000000004,0.2976,0.3984,0.0084
602,0.29760000000000003,0.16760000000000003,0.5388,0.07945346534653464,0.1032,0.014400000000000001,0.7656761396895225,0.12,0.5671952475247524,0.3273053214886706,0.02357975850306794
603,0.1548,0.044,0.3904,0.3076986594234644,0.0248,0.25716000620497237,0.6806831588962892,0.0196,0.15019920792079208,0.2684563409384417,0.0004
604,0.1612,0.07759999999999999,0.7535999999999999,0.008,0.008799999999999999,0.1508388517214923,0.992,0.0188,0.512,0.1772,0.010799999999999999
605,0.3076,0.2272,0.8455999999999999,0.15395247524752476,0.074,0.47667982064118986,0.662148340345787,0.172,0.5427996039603961,0.5174450592885376,0.03955977822045209
606,0.0004,0.008400000000000001,0.3396,0.0068000000000000005,0.036,0.12560000000000002,0.6516943862987631,0.0004,0.2244,0.07360000000000001,0.0
607,0.2372,0.1855695538057743,0.7396,0.0168,0.0268,0.27428316182594914,0.559294386298763,0.23399999999999999,0.5801999999999999,0.1984152029115955,0.0112
608,0.0048000000000000004,0.1252,0.4848,0.05197623762376238,0.10840000000000001,0.09029655343298376,0.86362702188392,0.0024000000000000002,0.45019960396039604,0.47400000000000003,0.0068000000000000005
609,0.3936,0.0328,0.25240000000000007,0.021599999999999998,0.1276,0.25095513880306053,0.6346831588962892,0.078,0.39999999999999997,0.3471231683168317,0.032395004929346036
610,0.5076,0.029599999999999998,0.41200000000000003,0.0704,0.0424,0.13261907090464548,0.624,0.048,0.328,0.18719999999999998,0.0032
611,0.248,0.0688,0.4655999999999999,0.062,0.0568,0.11345792262613778,0.8456719314938155,0.1008,0.2082,0.5224,0.015194875164257557
612,0.0772,0.2048,0.7607999999999999,0.017481188118811882,0.03760000000000001,0.14781907090464547,0.3660719314938154,0.0632,0.11939960396039603,0.18929203459476382,0.009200000000000002
613,0.0568,0.1688,0.3588,0.006,0.055600000000000004,0.11661907090464547,0.9283999999999999,0.06,0.22759999999999997,0.41432252964426874,0.004399999999999999
614,0.0536,0.011200000000000002,0.3512,0.021176237623762372,0.0716,0.2400377123171758,0.6824943862987631,0.0832,0.5171984158415841,0.1348132868939068,0.0004
615,0.18919999999999998,0.2516,0.8215999999999999,0.07463366336633662,0.11436967213114757,0.13741907090464547,0.7403324561435243,0.07519999999999999,0.5513999999999999,0.32552252964426875,0.005994875164257556
616,0.28680000000000005,0.132,0.6692,0.04352871287128713,0.14396967213114756,0.0412,0.5731325458643407,0.118,0.4316,0.2676,0.0216
617,0.16760000000000003,0.0992,0.7556,0.07719603960396039,0.0236,0.258,0.8370382492863939,0.08199999999999999,0.548,0.186,0.0236
618,0.2584,0.0472,0.4875999999999999,0.0892,0.0388,0.11923863080684598,0.8154831588962892,0.1332,0.3166,0.4377682276053692,0.004000000000000001
619,0.29159999999999997,0.0012000000000000001,0.346,0.029976237623762374,0.008,0.1288,0.7088,0.08520000000000001,0.12079999999999999,0.2535225296442688,0.0
620,0.07560000000000001,0.009600000000000001,0.5704,0.10668118811881189,0.0016,0.046438362723937296,0.9376494766888678,0.027599999999999996,0.43359999999999993,0.22159999999999996,0.0
621,0.053599999999999995,0.0092,0.5056,0.017857425742574255,0.014799999999999999,0.13393437999110372,0.9555999999999999,0.05600000000000001,0.6657992079207922,0.12345962352757014,0.0028
622,0.1376,0.1628,0.34199999999999997,0.0092,0.008799999999999999,0.14603836272393728,0.8687999999999999,0.0088,0.30040000000000006,0.32680000000000003,0.0016
623,0.7604000000000001,0.0116,0.41240000000000004,0.012400000000000001,0.0408,0.13185814354078412,0.6625663177925785,0.1748,0.3058,0.16560000000000002,0.0
624,0.034,0.002,0.9604000000000001,0.1351287128712871,0.1328,0.28611633424983063,0.9707999999999999,0.0264,0.6380000000000001,0.0684,0.0008
625,0.2908,0.0468,0.8051999999999999,0.09336237623762375,0.0464,0.1387348218203964,0.72682702188392,0.11479999999999999,0.7229988118811881,0.1771710371638439,0.004
626,0.1572,0.074,0.49280000000000007,0.08548118811881188,0.0956,0.19123858363858365,0.8213663177925785,0.1044,0.5173984158415842,0.21498279184440183,0.0052000000000000015
627,0.37160000000000004,0.0784,0.8128,0.018376237623762375,0.0836,0.2827346480740124,0.9149438629876308,0.0252,0.637199603960396,0.18232316831683168,0.03760000000000001
628,0.06799999999999999,0.0448,0.4744,0.045552475247524746,0.1768,0.31799999999999995,0.550830871196362,0.064,0.7636,0.058399999999999994,0.004000000000000001
629,0.0268,0.0372,0.9652000000000001,0.03875247524752475,0.0776,0.1962190709046455,0.09148315889628925,0.03319999999999999,0.9331999999999999,0.03560000000000001,0.0031897503285151117
630,0.4464,0.1252,0.588,0.08222970297029701,0.10200000000000001,0.26280000000000003,0.8357478917417055,0.08280000000000001,0.5293980198019802,0.20256822760536922,0.0128
631,0.316,0.3203695538057743,0.7571999999999999,0.09079999999999999,0.13440000000000002,0.32748262768111747,0.7737930705140498,0.18119999999999997,0.5857988118811882,0.19242785113293942,0.0268
632,0.2652,0.023969553805774278,0.42279999999999995,0.1006059405940594,0.0676,0.2330192918192918,0.8869887725975261,0.0732,0.34239920792079215,0.24753581653817558,0.00919500492934604
633,0.6188,0.3612,0.8867999999999998,0.021128712871287127,0.0664,0.2985160189986596,0.7292719314938154,0.5516,0.07559881188118812,0.05105962352757014,0.002389746960236609
634,0.2652,0.1664,0.6584,0.03995247524752475,0.0904,0.48450257257638957,0.9013887725975263,0.16760000000000003,0.38559960396039605,0.35401392556646966,0.0124
635,0.15960000000000002,0.2536,0.7624,0.09477623762376239,0.0568,0.8217542551444751,0.8954831588962893,0.14200000000000002,0.5272,0.42800000000000005,0.018394873480118305
636,0.2224,0.014799999999999999,0.42119999999999996,0.03707722772277228,0.06000000000000001,0.2607356732373848,0.05849438629876308,0.09040000000000001,0.8541996039603961,0.041767588932806334,0.002
637,0.5372,0.0228,0.7700000000000001,0.074,0.13,0.09501907090464548,0.9148000000000002,0.0728,0.4676,0.03832316831683168,0.004
638,0.0064,0.0028,0.512,0.0152,0.0032,0.13941929181929183,0.9064,0.0072,0.3476,0.0304,0.0
639,0.088,0.11443497039934232,0.67,0.08458613861386137,0.012,0.14141814974575653,0.548,0.0472,0.45519920792079205,0.09449267326732674,0.0012000000000000001
640,0.096,0.0028,0.6088,0.05600000000000001,0.0372,0.07247699353078327,0.9356942965779467,0.0764,0.31720000000000004,0.11032252964426878,0.0132
641,0.2712,0.1652,0.632,0.06505742574257425,0.1488,0.033600000000000005,0.8463775451950522,0.192,0.6163996039603961,0.2633808758267131,0.0143847535737219
642,0.248,0.13040000000000002,0.6512,0.05020990099009901,0.14996967213114756,0.7434584116236929,0.7003369335016806,0.0732,0.588,0.23192252964426877,0.015994873480118302
643,0.020399999999999998,0.0356,0.5972,0.023196039603960397,0.008,0.10167770344298462,0.7788942965779467,0.0396,0.6831988118811881,0.07959999999999999,0.0048000000000000004
644,0.14800000000000002,0.0392,0.5828,0.05228118811881188,0.033600000000000005,0.12447672544787461,0.9551999999999999,0.0256,0.4466,0.3108000000000001,0.004000000000000001
645,0.4196,0.36916955380577426,0.7756000000000001,0.039504950495049505,0.0376,0.7501048657943521,0.7532719314938154,0.2092,0.44739920792079213,0.44585962352757014,0.03439500492934604
646,0.0016,0.028769553805774273,0.28159999999999996,0.04576237623762376,0.0204,0.17065792262613777,0.8231775451950523,0.0128,0.2293988118811881,0.11802785113293938,0.0
647,0.1712,0.1824,0.5212,0.011081188118811881,0.0252,0.2289414269671007,0.8524,0.09240000000000001,0.3399992079207921,0.44424569796110047,0.0036000000000000003
648,0.058800000000000005,0.0108,0.3572000000000001,0.0332,0.005599999999999999,0.13861907090464548,0.5831999999999999,0.0104,0.4136,0.0236,0.0
649,0.33680000000000004,0.1648,0.5508,0.0851960396039604,0.0504,0.8426195599022005,0.7105210492994178,0.172,0.4034,0.23041328689390678,0.0048000000000000004
650,0.32439999999999997,0.0196,0.5571999999999999,0.30637623762376237,0.09319999999999999,0.18025704863551117,0.820494386298763,0.1592,0.3887980198019802,0.256490757249638,0.0
651,0.26880000000000004,0.17,0.6264,0.08188118811881187,0.0648,0.29085027386412526,0.6773886828767097,0.27157158596694697,0.48339999999999994,0.3987225296442688,0.019994873480118306
652,0.0444,0.0048000000000000004,0.67,0.012776237623762376,0.004,0.1400383627239373,0.8584989533777355,0.0028,0.7159996039603961,0.011923168316831682,0.0016
653,0.23079999999999998,0.11879999999999999,0.656,0.1999287128712871,0.1284,0.11000000000000001,0.7465662280717622,0.07880000000000001,0.4984,0.2068139255664697,0.005200000000000001
654,0.1484,0.0364,0.6208,0.12528712871287126,0.0796,0.1048772144454296,0.7868719314938154,0.0508,0.5059980198019802,0.45448291472625524,0.0
655,0.0632,0.068,0.7068000000000001,0.08560000000000001,0.0312,0.11461907090464547,0.8484,0.0444,0.5196000000000001,0.2008,0.0168
656,0.008400000000000001,0.45770563908869183,0.7396,0.004,0.0736,0.2585664651566852,0.716,0.0028,0.31999960396039606,0.3887231683168316,0.0
657,0.008400000000000001,0.07276906946264745,0.6444,0.0184,0.06159999999999999,0.1470192918192918,0.8597887725975262,0.0012000000000000001,0.22479960396039605,0.078,0.0048000000000000004
658,0.04240000000000001,0.0904,0.8512000000000001,0.0124,0.0484,0.19614147146614425,0.924,0.0104,0.021200000000000004,0.013199999999999998,0.00559500492934604
659,0.3544,0.2712,0.6232,0.06995247524752475,0.0576,0.2099700941275513,0.736894386298763,0.13520000000000001,0.6038,0.2691231683168317,0.0324
660,0.004399999999999999,0.0508,0.4204,0.11498613861386138,0.016,0.11661907090464547,0.7867774554742362,0.0028,0.289,0.08979352404805699,0.0004
661,0.0304,0.05834341463414635,0.4664,0.019881188118811878,0.0256,0.05581907090464548,0.8725887725975262,0.0096,0.21979960396039605,0.20089075724963798,0.010799999999999999
662,0.4504,0.1508,0.7116,0.057199999999999994,0.0996,0.12261907090464548,0.8608719314938155,0.1836,0.3848,0.23079999999999998,0.0064
663,0.238,0.22316955380577425,0.5552,0.052162376237623764,0.1204,0.2793165551644769,0.7786831588962894,0.09,0.4969972277227723,0.3190716330763511,0.02
664,0.22119999999999998,0.1924,0.7544000000000001,0.0352,0.20276967213114752,0.7615999999999999,0.5626420088780195,0.0744,0.46840000000000004,0.2324,0.028000000000000004
665,0.2012,0.2535695538057743,0.836,0.06698613861386138,0.09752099644128114,0.44215540688596927,0.3287773657534197,0.2156,0.3389972277227723,0.48604241537197196,0.03236937738235532
666,0.1496,0.020800000000000003,0.5396,0.08080000000000001,0.0308,0.12607748252833828,0.8071999999999999,0.0184,0.4328,0.22679999999999997,0.0
667,0.3452,0.09276955380577427,0.8228,0.062138613861386124,0.0464,0.8787107343620791,0.5732717520521827,0.13520000000000001,0.5951972277227722,0.32544505928853756,0.0132
668,0.0796,0.086,0.5776,0.037152475247524755,0.0196,0.18171584525227558,0.8953663177925785,0.0736,0.6401988118811881,0.13816822760536923,0.0024000000000000002
669,0.014000000000000002,0.19104728468574458,0.8135999999999999,0.0528,0.0868,0.22571584525227556,0.6347775451950524,0.0228,0.692,0.0832,0.0004
670,0.46040000000000003,0.15230866141732285,0.5351999999999999,0.05077623762376238,0.1456,0.2222192918192918,0.8882831588962894,0.36239999999999994,0.5391996039603961,0.19889075724963798,0.01
671,0.22999999999999998,0.2179695538057743,0.7203999999999999,0.06063366336633663,0.1548,0.24225765454322912,0.7567775451950524,0.21000000000000002,0.449399603960396,0.36345962352757016,0.019594875164257557
672,0.33080000000000004,0.10150817707419599,0.6344000000000001,0.06760000000000001,0.024399999999999998,0.2992516922360443,0.5796,0.06559999999999999,0.6376000000000001,0.18319999999999997,0.005200000000000001
673,0.0868,0.0116,0.7676,0.02,0.004,0.09476076328543606,0.6028,0.0184,0.626,0.24152252964426876,0.0
674,0.29400000000000004,0.20479999999999995,0.7071999999999999,0.037576237623762374,0.092,0.4974192918192918,0.7662831588962893,0.16040000000000001,0.6564,0.3672000000000001,0.014395004929346042
675,0.4272,0.1076,0.6512,0.13,0.0856,0.24407743536007595,0.7256943862987631,0.1432,0.16379960396039603,0.21352252964426874,0.008400000000000001
676,0.23479999999999998,0.049138138925294894,0.5176000000000001,0.024233663366336634,0.1276,0.193973231712596,0.7884943862987631,0.0856,0.5001960396039603,0.4473034054709819,0.0068000000000000005
677,0.14679999999999999,0.03996955380577428,0.46040000000000003,0.040799999999999996,0.072,0.10113482182039639,0.9328,0.0628,0.3954,0.3764,0.0004
678,0.3416,0.0704,0.5364000000000001,0.02355247524752475,0.0884,0.2122428753533888,0.9627326355851569,0.08839999999999999,0.5565992079207921,0.3567231683168317,0.0284
679,0.1936,0.015200000000000002,0.5927999999999999,0.023219801980198018,0.004,0.09181907090464549,0.9782831588962893,0.046,0.6588,0.09595038077720815,0.0004
680,0.0664,0.11199999999999999,0.5968,0.04477623762376237,0.036800000000000006,0.13323814180929097,0.8880719314938155,0.0328,0.44119960396039604,0.2464,0.0028
681,0.1132,0.11639999999999999,0.6788000000000001,0.008752475247524753,0.0092,0.2895100566914748,0.873694386298763,0.0444,0.4207992079207921,0.20776758893280628,0.0028
682,0.059199999999999996,0.007200000000000001,0.5728,0.0548,0.0528,0.1548,0.9117663177925784,0.005200000000000001,0.2752,0.05112252964426878,0.0
683,0.32439999999999997,0.1564,0.5488,0.05338613861386139,0.092,0.4755727898833033,0.5858873670919965,0.10999999999999999,0.4046,0.18104569796110043,0.0216
684,0.682,0.052000000000000005,0.362,0.03432871287128712,0.09159999999999999,0.38647514919201964,0.5600943862987631,0.392,0.3149984158415841,0.4335604743083004,0.004399999999999999
685,0.014799999999999999,0.14880000000000002,0.55,0.12597623762376237,0.16199999999999998,0.08443814180929093,0.830332635585157,0.0108,0.496999603960396,0.26464569796110043,0.0012000000000000001
686,0.2856,0.20716906946264743,0.6588,0.0411049504950495,0.072,0.3465158452522756,0.6182692999243885,0.1292,0.47879960396039606,0.23033581653817556,0.019999999999999997
687,0.0436,0.0064,0.3932,0.020399999999999995,0.0,0.1468,0.7912000000000001,0.016800000000000002,0.27999999999999997,0.0792,0.0004
688,0.17719999999999997,0.19156955380577428,0.7308,0.02750495049504951,0.0436,0.08403836272393729,0.6579775451950522,0.16360000000000002,0.3497980198019802,0.3234735490940398,0.0008
689,0.0172,0.25064680034261777,0.8635999999999999,0.03832871287128713,0.09519999999999999,0.2657938167781688,0.7808943862987631,0.013600000000000001,0.25019960396039603,0.0892,0.005184753573721901
690,0.16440000000000002,0.05,0.5432,0.02105742574257426,0.06639999999999999,0.21763836272393727,0.8830830691754729,0.06960000000000001,0.5545992079207921,0.2731231683168317,0.0116
691,0.20800000000000002,0.08759999999999998,0.35960000000000003,0.1008,0.048,0.09763836272393729,0.9710606143705253,0.1376,0.1684,0.6167231683168317,0.02912376618447025
692,0.28959999999999997,0.074,0.5555999999999999,0.12112871287128715,0.0508,0.2727739887930597,0.571694386298763,0.1984,0.36779960396039607,0.4333046828161077,0.0004
693,0.0356,0.025999999999999995,0.6527999999999999,0.0132,0.074,0.1296,0.9423999999999999,0.064,0.21539999999999998,0.045599999999999995,0.0088
694,0.22599999999999998,0.29716821773425056,0.6571999999999999,0.0016,0.10800000000000001,0.25230881061345606,0.7936,0.0024000000000000002,0.7883980198019802,0.16738279184440186,0.009200000000000002
695,0.055600000000000004,0.0668,0.3372,0.06439999999999999,0.028000000000000004,0.07265743362858278,0.9739999999999999,0.0356,0.2318,0.12496758893280632,0.0028
696,0.2048,0.2344,0.5548,0.0916,0.1176,0.0921023881858005,0.8264000000000001,0.1004,0.5381984158415841,0.29872252964426876,0.014794875164257556
697,0.0692,0.057999999999999996,0.46560000000000007,0.020376237623762374,0.17479999999999998,0.26123858363858365,0.6407999999999999,0.0312,0.601399207920792,0.18601328689390678,0.0072
698,0.1416,0.027599999999999996,0.4768,0.030752475247524752,0.21239999999999998,0.09545770171149145,0.745932635585157,0.007200000000000001,0.4356,0.358569504950495,0.0
699,0.31199999999999994,0.21876906946264746,0.6516,0.055999999999999994,0.0608,0.9823999999999999,0.8023775451950523,0.14679999999999999,0.586599603960396,0.2924,0.024
700,0.2852,0.0032,0.3776,0.0092,0.0484,0.09861907090464547,0.8196943862987631,0.0216,0.17379999999999998,0.3669695049504951,0.0
701,0.0028,0.004000000000000001,0.5424,0.006776237623762377,0.0024000000000000002,0.06883836272393731,0.9976,0.0008,0.3408,0.028000000000000004,0.004399999999999999
702,0.272,0.23596955380577428,0.7456000000000002,0.114609900990099,0.142,0.3215984054529669,0.7252494766888677,0.1036,0.6667984158415842,0.12744569796110045,0.019200000000000002
703,0.006,0.03196955380577428,0.4652,0.05651485148514852,0.0392,0.1370584116236928,0.8169663177925784,0.004,0.27579920792079204,0.10216822760536923,0.0004
704,0.0764,0.0412,0.774,0.0308,0.12200000000000003,0.07523858363858364,0.7032,0.012,0.4619996039603961,0.3400145642390326,0.0176
705,0.0252,0.0968,0.7412000000000001,0.024681188118811877,0.007200000000000001,0.12659376960990654,0.8628,0.0168,0.6573980198019802,0.05707163307635112,0.0028
706,0.3972,0.0748,0.5832,0.0076,0.0344,0.14625765454322912,0.9089887725975261,0.062,0.396,0.24159999999999998,0.0
707,0.010400000000000001,0.0764,0.7832,0.0028,0.1676,0.23535496505667655,0.6357887725975262,0.020800000000000003,0.44020000000000004,0.4828,0.0016
708,0.47240000000000004,0.22316955380577425,0.9072000000000001,0.08096237623762376,0.048,0.18309623818181275,0.9343999999999999,0.0804,0.4139980198019802,0.5714754651117285,0.0112
709,0.0008,0.0,0.5235999999999998,0.02745742574257426,0.027600000000000003,0.11985765454322912,0.719694386298763,0.009600000000000001,0.2272,0.005600000000000001,0.0004
710,0.2116,0.17760000000000004,0.7204,0.04136237623762376,0.19196967213114752,0.5420383627239372,0.5846777163158028,0.066,0.601,0.10298279184440182,0.020799999999999996
711,0.29680000000000006,0.2504,0.7204,0.0512,0.0536,0.8718703523755262,0.8461663177925786,0.11920000000000001,0.506199603960396,0.2674456979611005,0.01
712,0.4648,0.0676,0.758,0.04343366336633663,0.0776,0.773457654543229,0.6500717520521828,0.16240000000000002,0.597599603960396,0.28041328689390677,0.0184
713,0.3992,0.24916955380577427,0.882,0.05524356435643564,0.027200000000000002,0.22576580241274616,0.9216,0.06080000000000001,0.41899603960396037,0.5750657065706571,0.044800000000000006
714,0.23879999999999998,0.2404,0.7931999999999999,0.12072871287128713,0.0456,0.261652449316508,0.7173887725975262,0.1456,0.6082,0.13184505928853757,0.0048000000000000004
715,0.041199999999999994,0.25880000000000003,0.6164000000000001,0.0156,0.0364,0.06803863080684597,0.664,0.0184,0.2666,0.13584505928853757,0.0132
716,0.0184,0.0776,0.526,0.02988118811881188,0.038400000000000004,0.1790576545432291,0.5841887725975262,0.0388,0.303999603960396,0.35792252964426874,0.004
717,0.22999999999999998,0.024369553805774276,0.48840000000000006,0.3561861386138614,0.08360000000000001,0.15799908151032982,0.44719999999999993,0.08520000000000001,0.6321984158415842,0.3610874746605095,0.0
718,0.03,0.010400000000000001,0.4852,0.05505742574257425,0.0316,0.14145765454322912,0.9164,0.015999999999999997,0.36579920792079207,0.1765053214886706,0.0064
719,0.0316,0.04756955380577428,0.5671999999999999,0.01700990099009901,0.064,0.2045155771693669,0.868,0.0316,0.5317980198019802,0.1295377325558643,0.006
720,0.5232,0.046400000000000004,0.48600000000000004,0.0088,0.09,0.2878311543387338,0.4856492075264188,0.0636,0.6997996039603961,0.138,0.006
721,0.0356,0.007600000000000001,0.38039999999999996,0.1867762376237624,0.0008,0.2017797425227757,0.932,0.0168,0.318,0.2156,0.0008
722,0.29600000000000004,0.2088,0.7292,0.061576237623762374,0.0196,0.29326226150920526,0.7351775451950523,0.14679999999999999,0.442,0.475879641241643,0.035579889952295676
723,0.1012,0.2016,0.5656000000000001,0.0444,0.0184,0.1032,0.8203775451950523,0.044000000000000004,0.26179960396039603,0.4210450592885375,0.07393940190601381
724,0.1968,0.1359695538057743,0.5156,0.05364356435643565,0.17160000000000003,0.4471472205056558,0.5467935704905342,0.1264,0.7968,0.1492,0.0124
725,0.31920000000000004,0.1048,0.7296,0.033552475247524756,0.2911539106827982,0.09680000000000001,0.9524000000000001,0.048799999999999996,0.36979683168316835,0.19820872695965247,0.0028
726,0.47919999999999996,0.06353813892529489,0.682,0.007176237623762377,0.1048,0.28277296362968735,0.4892494766888678,0.22799999999999998,0.37439960396039607,0.36250404414354476,0.0092
727,0.0692,0.18156955380577428,0.6128,0.07270099009900989,0.22472099644128113,0.616554696973768,0.5815676252564097,0.054400000000000004,0.22859920792079208,0.03512316831683168,0.015594875164257555
728,0.6228,0.076,0.6040000000000001,0.07039999999999999,0.0856,0.1528,0.8795999999999999,0.2044,0.24419999999999997,0.4295231683168317,0.0
729,0.47519999999999996,0.1264,0.5768,0.053952475247524743,0.10279999999999997,0.0814195599022005,0.8056000000000001,0.0624,0.41939960396039605,0.3350761037842915,0.004394873480118304
730,0.154,0.029199999999999997,0.49239999999999995,0.021976237623762374,0.029200000000000004,0.18233442715936604,0.8516719314938154,0.062,0.6331976237623762,0.10496822760536924,0.012
731,0.07560000000000001,0.1648,0.5940000000000001,0.03792871287128713,0.028000000000000004,0.15193486898865874,0.8761887725975261,0.0852,0.6255976237623763,0.19473581653817557,0.042374633667325495
732,0.14240000000000003,0.0712,0.6048000000000001,0.02352871287128713,0.19119999999999998,0.11079999999999998,0.9673886828767099,0.10880000000000001,0.45599999999999996,0.092,0.004
733,0.0076,0.030800000000000004,0.32520000000000004,0.008776237623762376,0.0012000000000000001,0.08261929181929181,0.9763999999999999,0.0032,0.2304,0.13801264822134388,0.0
734,0.06439999999999999,0.20544954678830285,0.5995999999999999,0.14225742574257424,0.08399999999999999,0.2759356732373847,0.734,0.0132,0.3785992079207921,0.076,0.009600000000000001
735,0.3792,0.044,0.508,0.08757227722772276,0.08320000000000001,0.12779225544897915,0.8977478922318808,0.0948,0.7159984158415842,0.13465962352757016,0.0327898800936036
736,0.26,0.04476955380577428,0.47120000000000006,0.040776237623762375,0.1068,0.3733660233273925,0.8805887725975261,0.08480000000000001,0.5033992079207921,0.2680582569561304,0.0124
737,0.1708,0.09480000000000001,0.44720000000000004,0.04013861386138613,0.1444,0.4576519131506907,0.538767086931512,0.0996,0.9023999999999999,0.0588,0.007600000000000001
738,0.16040000000000001,0.1356,0.6072,0.015200000000000002,0.040400000000000005,0.20101929181929182,0.7747326355851569,0.18040000000000003,0.6593996039603961,0.36672316831683166,0.009959259160098164
739,0.2132,0.05639999999999999,0.5915999999999999,0.05392871287128713,0.0376,0.13828309636650868,0.7751775451950523,0.0528,0.18919999999999998,0.14600000000000002,0.008799999999999999
740,0.8459999999999999,0.014400000000000001,0.312,0.06359999999999999,0.011600000000000001,0.19221907090464546,0.46880000000000005,0.22920000000000001,0.313,0.13640000000000002,0.0016
741,0.3016,0.1012,0.6624,0.042,0.12276967213114753,0.0412,0.6989438629876308,0.07800000000000001,0.32,0.3144,0.029200000000000004
742,0.44799999999999995,0.23559999999999998,0.7619999999999999,0.07185742574257425,0.07400000000000001,0.3384230195359348,0.8793663177925785,0.0696,0.5086,0.25104505928853754,0.014799999999999999
743,0.0472,0.08280000000000001,0.4720000000000001,0.08161980198019801,0.0328,0.062476946362520935,0.8804000000000001,0.0056,0.25339999999999996,0.15760000000000002,0.009600000000000001
744,0.2324,0.1785863922972931,0.7884,0.02983366336633663,0.027600000000000003,0.3998826197061312,0.8471325458643406,0.0756,0.4372000000000001,0.074,0.0004
745,0.21839999999999998,0.0784,0.47920000000000007,0.036800000000000006,0.06960000000000001,0.13985735324247708,0.806,0.2728,0.4086,0.4427225296442687,0.008394875164257557
746,0.45920000000000005,0.059199999999999996,0.696,0.014776237623762378,0.056400000000000006,0.0604767254478746,0.7685887725975261,0.12840000000000001,0.41559999999999997,0.22359999999999997,0.0004
747,0.1056,0.0496,0.8088,0.0324,0.038,0.2609548707201519,0.4212943862987631,0.057999999999999996,0.7054,0.09432316831683168,0.004399999999999999
748,0.1796,0.1568,0.7152000000000001,0.0348,0.1276,0.8178581907090464,0.5487635965023353,0.08919999999999999,0.5373984158415841,0.23249075724963802,0.011200000000000002
749,0.0128,0.0084,0.4468,0.04677623762376237,0.0016,0.09505743362858278,0.9452,0.0112,0.2364,0.1892,0.014799999999999999
750,0.7243999999999999,0.024,0.3484,0.0232,0.0636,0.19963863080684596,0.41009438629876305,0.31079999999999997,0.16359999999999997,0.5684,0.0004
751,0.32839999999999997,0.132,0.7716000000000001,0.04472871287128713,0.05920000000000001,0.15792186439568143,0.8742877259752617,0.07039999999999999,0.44239999999999996,0.11159999999999999,0.022799999999999997
752,0.08360000000000001,0.1592,0.7516,0.005200000000000001,0.0284,0.0892,0.9488,0.0412,0.26280000000000003,0.18512252964426879,0.0
753,0.1396,0.1212,0.6064,0.05915247524752474,0.0804,0.316439119804401,0.863694386298763,0.12000000000000002,0.472599603960396,0.2929682276053692,0.0116
754,0.11199999999999999,0.0064,0.4548,0.025976237623762378,0.0464,0.08011579808401324,0.8644000000000001,0.1008,0.666,0.1316,0.0004
755,0.26880000000000004,0.13316955380577428,0.6652000000000001,0.047528712871287127,0.0948,0.3462190709046455,0.7758382492863939,0.1488,0.5359980198019803,0.31515038077720814,0.005200000000000001
756,0.16839999999999997,0.09240000000000001,0.6952,0.23719603960396038,0.10756967213114754,0.1529923026172415,0.8669663177925784,0.0156,0.4027988118811881,0.11889203459476383,0.0032
757,0.008799999999999999,0.0824,0.7992000000000001,0.035104950495049504,0.018400000000000003,0.1954190709046455,0.9173886828767099,0.0072,0.6625996039603961,0.10144505928853756,0.0016
758,0.2824,0.13920000000000002,0.6516,0.2635524752475248,0.08600000000000001,0.2874965062647214,0.8921663177925785,0.1404,0.6052,0.2056,0.008400000000000001
759,0.1824,0.1076,0.6548,0.06475247524752475,0.10839999999999998,0.9030568634359313,0.6955592088649956,0.1008,0.6353972277227724,0.1897954400657457,0.004
760,0.0032,0.028800000000000003,0.39319999999999994,0.017548514851485147,0.012,0.10629601726716642,0.8412000000000001,0.0012000000000000001,0.2178,0.027600000000000003,0.0016
761,0.1336,0.0772,0.548,0.05183366336633664,0.12679999999999997,0.32047721444542965,0.36360000000000003,0.13,0.3512,0.23352252964426876,0.0
762,0.2572,0.10600000000000001,0.4476,0.025057425742574257,0.10200000000000001,0.26363814180929096,0.12162867052023121,0.19319999999999998,0.721399207920792,0.17940280955847462,0.0036000000000000003
763,0.194,0.0636,0.5167999999999999,0.0172,0.08360000000000001,0.1399358941520311,0.7939550903901047,0.0696,0.5376,0.42160000000000003,0.0024000000000000002
764,0.004000000000000001,0.021599999999999998,0.5588,0.07557227722772276,0.016800000000000002,0.14477372071015102,0.9376,0.0016,0.6159980198019802,0.17227418776660272,0.0004
765,0.4112,0.4331695538057743,0.6124,0.0979049504950495,0.09759999999999999,0.24534169238079057,0.7690830691754729,0.17119999999999996,0.3794,0.3719364552107384,0.0256
766,0.43879999999999997,0.2135695538057743,0.7492000000000001,0.0851049504950495,0.045200000000000004,0.2970825784918695,0.9081887725975261,0.08439999999999999,0.5893988118811881,0.1723510194497711,0.0392
767,0.054000000000000006,0.1384,0.7792,0.13032871287128714,0.0596,0.10389628535007507,0.8673662280717622,0.0116,0.6563992079207921,0.17512316831683167,0.005200000000000001
768,0.0128,0.022799999999999997,0.4244,0.010352475247524752,0.0712,0.07581929181929181,0.9416535059331176,0.018,0.37659841584158416,0.13024569796110047,0.0
769,0.0884,0.0172,0.546,0.037599999999999995,0.0664,0.14461929181929184,0.6264943862987631,0.0868,0.41079999999999994,0.06232252964426878,0.002
770,0.2528,0.18000000000000002,0.7128,0.011576237623762375,0.17956967213114755,0.18530097802935652,0.6549887725975262,0.03560000000000001,0.5782,0.29480000000000006,0.008799999999999999
771,0.009600000000000001,0.0736,0.546,0.10352871287128713,0.055999999999999994,0.2546192918192918,0.9152535059331177,0.0392,0.3881988118811881,0.04096822760536924,0.0024000000000000002
772,0.0576,0.1316,0.8799999999999999,0.013976237623762378,0.044,0.3002578754578754,0.8929887725975263,0.0176,0.5495988118811882,0.11369203459476382,0.0064
773,0.6359999999999999,0.0216,0.5748,0.0188,0.10640000000000001,0.2009027961602547,0.7045663177925785,0.0616,0.43600000000000005,0.2747478260869566,0.007200000000000001
774,0.0952,0.11033910761154857,0.36839999999999995,0.12441584158415839,0.042800000000000005,0.12798611939541032,0.8620000000000001,0.0692,0.47739405940594065,0.2270186420381169,0.0036000000000000003
775,0.05239999999999999,0.04079999999999999,0.3036,0.08432871287128714,0.0216,0.06487694636252093,0.8772,0.04240000000000001,0.4861984158415842,0.1280297671506281,0.0016
776,0.0308,0.0284,0.22479999999999997,0.07176237623762376,0.0128,0.09861907090464547,0.836894386298763,0.0048000000000000004,0.21760000000000002,0.10344505928853756,0.010400000000000001
777,0.2104,0.006,0.33199999999999996,0.017176237623762376,0.0736,0.14753442715936602,0.7548943862987632,0.09440000000000001,0.24779999999999996,0.3440913959222009,0.0024000000000000002
778,0.2384,0.2972,0.6459999999999999,0.12837623762376238,0.14479999999999998,0.43458035971169373,0.6999775451950524,0.27159999999999995,0.5616,0.23784505928853755,0.0108
779,0.0728,0.06,0.5012,0.049600000000000005,0.020800000000000003,0.066,0.9492,0.0156,0.5596,0.27959999999999996,0.00559000985869208
780,0.027200000000000002,0.0656,0.8408,0.017552475247524752,0.0528,0.09727721444542961,0.0932,0.01,0.0364,0.0072,0.0016
781,0.058800000000000005,0.009600000000000001,0.49160000000000004,0.0152,0.07999999999999999,0.12185765454322914,0.8956,0.004,0.14540000000000003,0.1476,0.0028
782,0.11679999999999999,0.033600000000000005,0.32120000000000004,0.009999999999999998,0.174,0.18246057360189388,0.7292,0.029200000000000004,0.4295984158415841,0.15178279184440185,0.0024000000000000002
783,0.346,0.2584,0.8184000000000001,0.05483960396039602,0.045200000000000004,0.407177714488717,0.8035550006692883,0.09,0.5531952475247526,0.339654424920753,0.0084
784,0.4168,0.16440000000000002,0.7215999999999999,0.05472871287128713,0.19436967213114756,0.7095332002094461,0.7010240314312279,0.09159999999999999,0.5527980198019803,0.19376886627793216,0.0184
785,0.22000000000000003,0.0688,0.5147999999999999,0.0172,0.0412,0.09101955990220048,0.8897887725975261,0.0232,0.3136,0.13592252964426876,0.0128
786,0.6891999999999999,0.6093254999088418,0.6448,0.030304950495049505,0.11640000000000002,0.35098049960323935,0.1332,0.7308000000000001,0.32499920792079207,0.11921264822134388,0.005600000000000001
787,0.0,0.0024000000000000002,0.542,0.10517227722772275,0.014400000000000001,0.0672,0.8192943862987629,0.002,0.22760000000000002,0.0368,0.0012000000000000001
788,0.0632,0.0984,0.6332,0.04849108910891089,0.09559999999999999,0.46560000000000007,0.6581211390202343,0.0684,0.31459999999999994,0.0936,0.0112
789,0.1488,0.1076,0.5651999999999999,0.04263366336633664,0.08320000000000001,0.19775416080795055,0.28917754519505234,0.2392,0.42839920792079206,0.31898151449927603,0.004
790,0.11840000000000002,0.046400000000000004,0.4488,0.013176237623762377,0.004,0.14367699353078328,0.880894386298763,0.0156,0.27479960396039604,0.08689747896528785,0.0
791,0.36,0.2056,0.6372,0.06432871287128712,0.0748,0.3523311620199533,0.8230831588962892,0.1268,0.5176000000000001,0.3376145642390326,0.0256
792,0.21600000000000003,0.028708661417322832,0.23679999999999998,0.0344,0.046400000000000004,0.127238630806846,0.2192,0.02,0.223,0.6752152029115954,0.0
793,0.076,0.0524,0.42519999999999997,0.035009900990099006,0.0744,0.33045031957990395,0.5686421888098274,0.0764,0.3701980198019802,0.11253061793135835,0.0012000000000000001
794,0.041999999999999996,0.009600000000000001,0.41400000000000003,0.025504950495049507,0.11000000000000001,0.132,0.5247549109484719,0.029200000000000004,0.2592,0.1072,0.004399999999999999
795,0.0916,0.004,0.5191999999999999,0.02355247524752475,0.0036000000000000003,0.14181929181929182,0.7992,0.002,0.189,0.041523168316831685,0.0068000000000000005
796,0.0648,0.0012000000000000001,0.49479999999999996,0.008400000000000001,0.0056,0.0572383627239373,0.9899999999999999,0.1116,0.2444,0.022399999999999996,0.0016
797,0.0392,0.049943414634146345,0.5544,0.03035247524752475,0.1092,0.1322190709046455,0.8073887725975262,0.0048000000000000004,0.26919960396039605,0.1696,0.0376
798,0.0512,0.10076955380577428,0.6656,0.04957623762376238,0.019200000000000002,0.15607748252833828,0.8240000000000001,0.015200000000000002,0.686,0.1548,0.0264
799,0.0476,0.1332,0.8632,0.0144,0.0548,0.1637409353003269,0.364,0.6888,0.42639999999999995,0.15216758893280632,0.0024000000000000002
800,0.09640000000000001,0.0132,0.8263999999999999,0.0124,0.0216,0.21725142415313567,0.3317214081826832,0.2016,0.40779999999999994,0.45920000000000005,0.0012000000000000001
801,0.10200000000000001,0.019200000000000002,0.3536,0.06999999999999999,0.027999999999999997,0.11069416528142975,0.8375999999999999,0.12160000000000001,0.6199996039603961,0.25232252964426877,0.0008
802,0.0252,0.022799999999999997,0.5963999999999999,0.005200000000000001,0.08679999999999999,0.19701929181929184,0.5824719314938154,0.0332,0.248,0.0952,0.0
803,0.182,0.09,0.7148,0.09755247524752472,0.0964,0.21647726161369193,0.6384943862987631,0.0956,0.41939960396039605,0.3434450592885375,0.010799999999999999
804,0.2364,0.09440226210255828,0.5192,0.15423366336633665,0.0192,0.20047465254749158,0.5298607040913416,0.0932,0.4298,0.3097675889328063,0.016
805,0.1776,0.11279999999999998,0.7184,0.06988118811881187,0.0512,0.3129157980840132,0.7639372026641296,0.038400000000000004,0.6352,0.124,0.002
806,0.9179999999999999,0.040400000000000005,0.5660000000000001,0.03037623762376237,0.0536,0.17021907090464547,0.5608,0.018400000000000003,0.4326,0.11479999999999999,0.0132
807,0.32080000000000003,0.10778590795416629,0.7616,0.020986138613861387,0.0804,0.2890167395893125,0.9148000000000002,0.0936,0.5835988118811881,0.17345898485500727,0.0048000000000000004
808,0.2028,0.2988,0.7896000000000001,0.047200000000000006,0.08114361904761905,0.8818728134674345,0.8326382492863939,0.1388,0.49059920792079215,0.40024569796110043,0.005599999999999999
809,0.29600000000000004,0.1372,0.5548,0.05915247524752475,0.06920000000000001,0.12279999999999999,0.9116,0.0888,0.544,0.26752316831683165,0.018389878409464343
810,0.022399999999999996,0.0092,0.6504000000000001,0.028399999999999998,0.0108,0.21101929181929183,0.9072000000000001,0.010400000000000001,0.35199881188118815,0.1008,0.0032
811,0.5144,0.05153910761154856,0.3468,0.0044,0.1196,0.11167699353078327,0.6636943862987632,0.1848,0.4756,0.2839225296442688,0.0004
812,0.41600000000000004,0.15273910761154857,0.7524,0.052000000000000005,0.09359999999999999,0.38165087775085754,0.9105887725975264,0.1604,0.3392,0.4527225296442688,0.0128
813,0.0988,0.09159999999999999,0.7908,0.02272871287128713,0.047200000000000006,0.17341907090464548,0.7528270218839201,0.08120000000000001,0.807799603960396,0.09519999999999999,0.009600000000000001
814,0.24359999999999998,0.032,0.3456,0.10192871287128713,0.1252,0.23135371897865786,0.07959999999999999,0.12279999999999999,0.5780000000000001,0.17929139592220092,0.0024000000000000002
815,0.606,0.11036955380577429,0.582,0.015600000000000003,0.09119999999999999,0.24909655343298373,0.6848,0.038,0.28759881188118813,0.5135370938833014,0.0108
816,0.11599999999999999,0.35196955380577427,0.7464000000000001,0.04743366336633663,0.0392,0.2788124780951187,0.6604490280847861,0.48279999999999995,0.8056000000000001,0.059199999999999996,0.003595004929346041
817,0.25839999999999996,0.0708,0.41319999999999996,0.06197623762376238,0.1072,0.06461907090464547,0.9648943862987631,0.0368,0.202,0.49984505928853756,0.0012000000000000001
818,0.0664,0.0376,0.752,0.0444,0.05476967213114754,0.10323858363858365,0.9717887725975262,0.002,0.34679999999999994,0.196,0.0016
819,0.32080000000000003,0.1396,0.6976,0.06146499605712783,0.1772,0.19820455545695467,0.8358607040913416,0.0852,0.59,0.1668,0.010794873480118306
820,0.0036000000000000003,0.17153910761154859,0.7904,0.192,0.11639999999999999,0.23171682324738557,0.9460000000000001,0.0016,0.7062,0.0656,0.0
821,0.49560000000000004,0.2203695538057743,0.8715999999999999,0.013576237623762376,0.2372,0.3235985324388329,0.6468494766888677,0.1488,0.45859960396039606,0.35553645521073846,0.022374503902237015
822,0.030400000000000003,0.09319999999999999,0.9179999999999999,0.0352,0.0028,0.1304,0.9832000000000001,0.0028,0.036,0.8196,0.005989750328515111
823,0.29280000000000006,0.2631072083879423,0.8051999999999999,0.16361980198019802,0.2036,0.5483880753856305,0.4456825348464387,0.1928,0.566799603960396,0.3286456979611005,0.0559948734801183
824,0.17040000000000002,0.16519348200740996,0.5604,0.01,0.0884,0.25885110890196467,0.9012,0.0008,0.7081980198019803,0.14952316831683168,0.0
825,0.1644,0.11273862326842173,0.5035999999999999,0.06468118811881188,0.0692,0.38323836272393724,0.5020984150528376,0.0836,0.22360000000000002,0.0988,0.0064
826,0.1776,0.2044,0.6428,0.09738613861386139,0.096,0.21625743362858274,0.6397660486301296,0.0428,0.305,0.36079999999999995,0.0132
827,0.08560000000000001,0.0116,0.7143999999999999,0.03635247524752476,0.1632,0.09923911980440098,0.6756045670789724,0.04440000000000001,0.4524,0.19544569796110045,0.0048000000000000004
828,0.062,0.17313910761154855,0.7576,0.0472,0.1052,0.20233508990330504,0.6637662280717622,0.07680000000000001,0.6855992079207921,0.08352252964426878,0.0088
829,0.1076,0.1964,0.7068,0.06684356435643565,0.22480000000000003,0.47586983231384206,0.4101210492994179,0.6748000000000001,0.4824,0.22722657378781355,0.04355977990459135
830,0.0288,0.009199999999999998,0.7892,0.018704950495049506,0.066,0.24007743536007595,0.593671841772999,0.0328,0.7,0.019200000000000002,0.006
831,0.0688,0.05519999999999999,0.5603999999999999,0.0224,0.009600000000000001,0.16185814354078415,0.913694386298763,0.015600000000000003,0.43399960396039605,0.148,0.00359500492934604
832,0.126,0.08476906946264744,0.6252000000000001,0.03677623762376238,0.06520000000000001,0.14454093796954567,0.9684000000000001,0.0632,0.3064,0.3037675889328063,0.00279500492934604
833,0.2112,0.1236,0.7092,0.03809108910891088,0.126,0.008400000000000001,0.5537606060496432,0.068,0.6847996039603961,0.2672291284780652,0.0156
834,0.2364,0.11148155355944125,0.604,0.03740990099009901,0.08760000000000001,0.254941158884192,0.6919550903901046,0.12000000000000002,0.6343972277227723,0.25853061793135834,0.003194875164257556
835,0.9276,0.0188,0.924,0.0008,0.1096,0.1832383627239373,0.9996,0.0672,0.8048,0.32481264822134387,0.002
836,0.172,0.2136,0.7028000000000001,0.09037623762376237,0.10759999999999999,0.262438630806846,0.6167137609302022,0.1524,0.3868,0.15,0.0064
837,0.1016,0.028739107611548555,0.39120000000000005,0.005200000000000001,0.0668,0.06807699353078327,0.8916000000000001,0.0996,0.4408,0.3102450592885376,0.0008
838,0.048799999999999996,0.02596955380577428,0.5955999999999999,0.015176237623762379,0.0288,0.10981929181929181,0.6101887725975261,0.008799999999999999,0.5036,0.06872252964426877,0.01
839,0.12,0.1379695538057743,0.7452,0.0164,0.038,0.12663039725827013,0.6093887725975262,0.0388,0.5757996039603961,0.10352252964426878,0.009600000000000001
840,0.064,0.0984,0.6304,0.01595247524752475,0.014000000000000002,0.2618928796821217,0.8363999999999999,0.072,0.3712,0.29152316831683167,0.021159646771224363
841,0.0576,0.07070866141732282,0.9800000000000001,0.15823366336633665,0.1152,0.37469699526227646,0.4255775451950523,0.0468,0.8576,0.05552252964426877,0.014000000000000002
842,0.1472,0.0184,0.7051999999999999,0.08795247524752475,0.0204,0.18213854512778718,0.6664,0.0424,0.48360000000000003,0.19,0.010799999999999999
843,0.296,0.2679695538057743,0.7492000000000001,0.03639603960396039,0.07360000000000001,0.7474574187019176,0.8349438629876309,0.182,0.4465992079207921,0.5015655836888037,0.01918974864437586
844,0.0028,0.0032,0.5472,0.076,0.004399999999999999,0.10105765454322913,0.6764,0.0568,0.3148,0.0748,0.0
845,0.1364,0.05960000000000001,0.9007999999999999,0.021504950495049503,0.0864,0.3825544760591216,0.08359999999999998,0.092,0.26459960396039606,0.6029688662779321,0.01159500492934604
846,0.4164,0.0152,0.4484,0.024328712871287128,0.0504,0.13440000000000002,0.9688000000000001,0.1568,0.6083999999999999,0.17392252964426877,0.0032
847,0.2672,0.09359999999999999,0.6028,0.029199999999999997,0.09280000000000002,0.19850235166174326,0.05,0.11279999999999998,0.7407999999999999,0.16536886627793215,0.0024000000000000002
848,0.4635999999999999,0.3136,0.6116,0.12225742574257425,0.0636,0.2752769935307833,0.6945438629876308,0.33359999999999995,0.3895980198019802,0.377951658122334,0.005600000000000001
849,0.24159999999999998,0.09076955380577427,0.7836,0.06637623762376238,0.0792,0.3093792744743796,0.42924947668886776,0.11520000000000001,0.5266000000000001,0.28952252964426883,0.0068000000000000005
850,0.0108,0.004000000000000001,0.40919999999999995,0.031786138613861384,0.0016,0.06505765454322912,0.9960000000000001,0.0032,0.5483988118811881,0.017123168316831684,0.0
851,0.2076,0.06280000000000001,0.6544,0.10077623762376238,0.048799999999999996,0.11639999999999999,0.8255774554742361,0.039599999999999996,0.22600000000000003,0.0824,0.0076
852,0.3672000000000001,0.02793910761154856,0.7932,0.014800000000000002,0.0708,0.2308247050549797,0.5421887725975262,0.0168,0.0892,0.022799999999999997,0.010400000000000001
853,0.0412,0.0432,0.6272,0.009128712871287128,0.074,0.15643885172149233,0.43289438629876315,0.0164,0.21839999999999998,0.018000000000000002,0.0016
854,0.0072,0.0004,0.4304,0.016399999999999998,0.0016,0.09101929181929182,0.9212,0.0008,0.11039999999999998,0.1356,0.0
855,0.10439999999999998,0.0964,0.5692,0.028800000000000003,0.8400000000000001,0.18160000000000004,0.7984943862987631,0.11079999999999998,0.5429999999999999,0.3185675889328063,0.007994873480118304
856,0.24,0.15919999999999998,0.5327999999999999,0.0355049504950495,0.041999999999999996,0.19301907090464548,0.9347999999999999,0.078,0.4661972277227723,0.4410106429773412,0.0128
857,0.0516,0.006,0.4404,0.013576237623762375,0.0576,0.11341929181929182,0.9038831588962892,0.007200000000000001,0.11959999999999997,0.03912252964426877,0.0088
858,0.28240000000000004,0.028339107611548557,0.4444,0.10961980198019802,0.027200000000000002,0.21190787978660838,0.8589478922318806,0.0636,0.3585980198019802,0.4368867467616327,0.008000000000000002
859,0.40199999999999997,0.2464,0.4364,0.0128,0.0308,0.14050141985864922,0.9376000000000001,0.1504,0.535998811881188,0.47616822760536925,0.05
860,0.3872,0.08919999999999999,0.5980000000000001,0.06510495049504951,0.08320000000000001,0.13683863080684597,0.888894386298763,0.1688,0.4808,0.2563231683168317,0.01679000985869208
861,0.0316,0.07276955380577428,0.5015999999999999,0.021976237623762378,0.0232,0.09099376960990654,0.9624943862987632,0.010400000000000001,0.5429992079207921,0.09299799475599733,0.0004
862,0.1696,0.0252,0.5716000000000001,0.0256,0.0008,0.1210964590964591,0.9044000000000001,0.032,0.1996,0.138,0.0088
863,0.20600000000000002,0.12840000000000001,0.7644,0.02828118811881188,0.1008,0.3122578754578755,0.6729662280717622,0.1988,0.5577996039603962,0.25521328689390677,0.0156
864,0.1,0.1048,0.4024,0.083619801980198,0.17512099644128115,0.44488783088685296,0.45281244514548885,0.08959999999999999,0.6202,0.07880000000000001,0.0104
865,0.0692,0.0344,0.4244,0.08750099009900988,0.098,0.1558579226261378,0.9884943862987632,0.0288,0.46659960396039607,0.21000000000000002,0.0004
866,0.0576,0.07070866141732282,0.9800000000000001,0.15823366336633665,0.1152,0.37469699526227646,0.4255775451950523,0.0468,0.8576,0.05552252964426877,0.014000000000000002
867,0.1424,0.025999999999999995,0.5048,0.02705742574257426,0.074,0.2939346009057501,0.7728943862987631,0.0484,0.5327996039603959,0.3285053214886705,0.002
868,0.42519999999999997,0.23636955380577432,0.7248,0.0536,0.0688,0.2862298375425681,0.7875774554742361,0.0844,0.4025988118811881,0.3360145642390326,0.008799999999999999
869,0.27280000000000004,0.12273910761154856,0.5488000000000001,0.1396,0.0628,0.18927650453322825,0.7816045670789725,0.036000000000000004,0.5720000000000001,0.27240000000000003,0.0783948734801183
870,0.2676,0.21000000000000002,0.6732,0.08140990099009901,0.21959999999999996,0.9968,0.6609745547423602,0.18480000000000002,0.4899988118811881,0.3754589848550072,0.030789748644375864
871,0.05960000000000001,0.055600000000000004,0.7532000000000001,0.0824,0.01,0.0708,0.9743999999999999,0.0064,0.16040000000000001,0.30999999999999994,0.002
872,0.0728,0.042,0.9071999999999999,0.04376237623762376,0.0968,0.41477403596132206,0.12348306917547291,0.0492,0.2352,0.634969504950495,0.010795004929346042
873,0.5252,0.0628,0.5276000000000001,0.03131485148514851,0.1752,0.2962190709046455,0.5961887725975262,0.029599999999999998,0.4497996039603961,0.40833773255586425,0.016394873480118304
874,0.3024,0.1476,0.6096,0.09686732673267326,0.1448,0.21820581821291002,0.7149663177925785,0.1504,0.4185992079207921,0.4984907572496381,0.01999000985869208
875,0.044,0.0732,0.6292,0.0392,0.057600000000000005,0.24047716727716723,0.7968,0.05239999999999999,0.3492,0.0848,0.0008
876,0.1008,0.046278215223097115,0.33120000000000005,0.0376,0.0204,0.15687775061124695,0.9017663177925785,0.03319999999999999,0.4196,0.11800000000000002,0.0156
877,0.058800000000000005,0.0752,0.8676,0.0344,0.0792,0.1746962853500751,0.3428,0.0812,0.2928,0.21504569796110048,0.0051948734801183045
878,0.0328,0.08356955380577427,0.7844,0.005200000000000001,0.0064,0.13941929181929183,0.8109886828767099,0.027999999999999997,0.545999207920792,0.146,0.0003950049293460401
879,0.4532,0.09359999999999999,0.6412000000000001,0.03557623762376238,0.0428,0.2069146586796967,0.8447999999999999,0.0752,0.7044,0.0944,0.0092
880,0.5296000000000001,0.0088,0.566,0.03435247524752475,0.0164,0.128,0.9339999999999999,0.0256,0.31059960396039604,0.22065834618244434,0.0008
881,0.0684,0.17676906946264745,0.8224,0.0643049504950495,0.0504,0.18705787545787544,0.6604942965779468,0.4680000000000001,0.44000000000000006,0.2759225296442688,0.013600000000000001
882,0.36839999999999995,0.1092,0.7316,0.024776237623762375,0.1036,0.3050130787441301,0.7952943862987631,0.1568,0.306199603960396,0.35824505928853756,0.01238501478803812
883,0.11520000000000001,0.029543414634146347,0.492,0.020233663366336634,0.010400000000000001,0.3109767514202722,0.8562831588962891,0.029599999999999998,0.347199603960396,0.27305898485500724,0.0264
884,0.1056,0.014799999999999999,0.7288,0.016776237623762374,0.0092,0.086,0.9663999999999999,0.057199999999999994,0.29339960396039605,0.43456886627793223,0.005595004929346041
885,0.2164,0.11839999999999999,0.6644000000000001,0.04613861386138614,0.1236,0.18208951879416427,0.6810607040913416,0.1348,0.5969996039603961,0.21986153954525886,0.008400000000000001
886,0.0876,0.006,0.49640000000000006,0.0252,0.0004,0.16035681178370664,0.884,0.0,0.18800000000000003,0.032799999999999996,0.008799999999999999
887,0.029599999999999998,0.1044,0.35280000000000006,0.13086336633663362,0.0368,0.1815998385907935,0.7022831588962892,0.8204,0.582599207920792,0.26187482643916565,0.0012000000000000001
888,0.0184,0.10400000000000001,0.43920000000000003,0.012,0.005200000000000001,0.07625765454322911,0.9795999999999999,0.002,0.3016,0.11872252964426877,0.0008
889,0.27880000000000005,0.10824728468574456,0.6776,0.07743366336633664,0.1276,0.23741907090464545,0.8694606143705252,0.064,0.6392,0.14872252964426877,0.012400000000000001
890,0.34400000000000003,0.1956,0.624,0.020304950495049507,0.22556967213114754,0.13363858363858366,0.7716719314938154,0.074,0.586599207920792,0.23321392556646972,0.008799999999999999
891,0.0764,0.0348,0.514,0.007176237623762377,0.018,0.11305792262613779,0.7512000000000001,0.038400000000000004,0.636598811881188,0.11159999999999999,0.0
892,0.07120000000000001,0.082,0.5319999999999999,0.030000000000000006,0.0064,0.1183223560624552,0.8427999999999999,0.041999999999999996,0.5385980198019802,0.2799225296442688,0.0156
893,0.2292,0.020800000000000003,0.7020000000000001,0.01428118811881188,0.022,0.12523863080684597,0.9743999999999999,0.13679999999999998,0.6687980198019802,0.1492411380268462,0.0104
894,0.088,0.1315695538057743,0.72,0.05152871287128713,0.06080000000000001,0.2858964590964591,0.709837710961496,0.2772,0.7868,0.13720000000000002,0.016
895,0.0284,0.0348,0.578,0.0256,0.0008,0.1564383627239373,0.8847999999999999,0.0152,0.4766,0.1284,0.0048000000000000004
896,0.5468,0.2364,0.7136,0.047200000000000006,0.0948,0.25811709133029426,0.6880000000000001,0.3108,0.34240000000000004,0.3282456979611005,0.004000000000000001
897,0.0152,0.04876906946264745,0.3336,0.10432871287128713,0.0704,0.27487672544787467,0.6688943862987631,0.033600000000000005,0.321399603960396,0.3638450592885375,0.002
898,0.22959999999999997,0.02,0.6328,0.03355247524752475,0.0916,0.15960000000000002,0.9047101807802094,0.09319999999999998,0.435799603960396,0.08904633663366336,0.0032
899,0.0984,0.1728,0.7003999999999999,0.06114851485148515,0.22080000000000002,0.4808889032184876,0.41322684244228747,0.5776,0.5024000000000001,0.20922657378781356,0.04437476511655323
900,0.0616,0.025999999999999995,0.44560000000000005,0.05512871287128712,0.0228,0.10803814180929094,0.17360000000000003,0.08080000000000001,0.6151984158415841,0.15378406918952764,0.0016
901,0.33120000000000005,0.24033813892529485,0.6859999999999999,0.04950495049504951,0.2184,0.2130556275943733,0.8488,0.1012,0.40599920792079214,0.46752252964426877,0.08947868246763538
902,0.2852,0.1804,0.7596,0.09143366336633663,0.0616,0.37481408659257076,0.9036943862987631,0.25,0.6166,0.14504569796110045,0.0076
903,0.5464,0.09480000000000001,0.7363999999999999,0.0172,0.0504,0.14901907090464547,0.3220943862987631,0.1304,0.413399603960396,0.18,0.0016
904,0.022,0.0024000000000000002,0.6796,0.034800000000000005,0.010400000000000001,0.16501929181929184,0.9165887725975261,0.0012000000000000001,0.2836,0.06,0.0048000000000000004
905,0.0764,0.06760000000000001,0.7176,0.02201980198019802,0.11000000000000001,0.0732,0.5376042081957072,0.0348,0.5077999999999999,0.18064569796110047,0.005600000000000001
906,0.10640000000000001,0.1096,0.7568,0.05557623762376238,0.08800000000000001,0.30334120338323556,0.13658868287670983,0.154,0.4662,0.11079999999999998,0.004
907,0.020800000000000003,0.11600000000000002,0.6968000000000001,0.04228118811881189,0.0288,0.14687694636252097,0.918683069175473,0.011199999999999998,0.5997972277227722,0.09816886627793216,0.0064
908,0.06200000000000001,0.014799999999999997,0.5967999999999999,0.023200000000000002,0.004400000000000001,0.11207748252833827,0.9368000000000001,0.010400000000000001,0.20779999999999998,0.1032,0.0024000000000000002
909,0.16360000000000002,0.0692,0.7128,0.018800000000000004,0.132,0.18437349979550471,0.6368,0.0204,0.466,0.5492,0.008
910,0.0216,0.0392,0.6892,0.08213861386138613,0.021599999999999998,0.09389677434763011,0.9076000000000001,0.2048,0.49079960396039607,0.1204,0.0032
911,0.0124,0.0252,0.5715999999999999,0.05199999999999999,0.0044,0.12021907090464548,0.6628943862987631,0.0068000000000000005,0.4568,0.3322596235275702,0.0016
912,0.2012,0.2535695538057743,0.836,0.06698613861386138,0.09752099644128114,0.44215540688596927,0.3287773657534197,0.2156,0.3389972277227723,0.48604241537197196,0.03236937738235532
913,0.3916,0.2632,0.5539999999999999,0.11013861386138613,0.1252,0.273521948088001,0.8185663177925784,0.21000000000000002,0.449,0.37904569796110044,0.021599999999999998
914,0.6891999999999999,0.6093254999088418,0.6448,0.030304950495049505,0.11640000000000002,0.35098049960323935,0.1332,0.7308000000000001,0.32499920792079207,0.11921264822134388,0.005600000000000001
915,0.2632,0.1572,0.732,0.08503366336633664,0.06,0.4721768457567969,0.6897929807932334,0.1296,0.391599603960396,0.4060404993542832,0.013600000000000001
916,0.064,0.0328,0.5516,0.05917227722772277,0.014800000000000002,0.16941929181929183,0.805694386298763,0.0504,0.3401988118811881,0.18613990344177603,0.0008
917,0.6352000000000001,0.20600000000000002,0.6944,0.06385742574257425,0.19706461548890014,0.37593508990330504,0.11560000000000001,0.6815999999999999,0.5716,0.2212,0.01119500492934604
918,0.3032,0.2816,0.7735999999999998,0.10578613861386137,0.1256,0.2810585182973949,0.5920492972472352,0.0632,0.6668000000000001,0.29272252964426876,0.0132
919,0.296,0.16599999999999998,0.7295999999999999,0.11606732673267325,0.032,0.096,0.7767774554742359,0.1428,0.5945940594059407,0.28467227174891396,0.010400000000000001
920,0.0032,0.0212,0.5664,0.07554851485148514,0.0152,0.14277372071015101,0.938,0.002,0.6043976237623763,0.17387418776660274,0.0008
921,0.0828,0.0248,0.39039999999999997,0.08526732673267326,0.07759999999999999,0.20683836272393732,0.3911775451950523,0.1328,0.5123996039603961,0.04864569796110045,0.0028
922,0.45600000000000007,0.3136,0.798,0.027009900990099006,0.0988,0.31823257416313655,0.7011550903901048,0.2052,0.356599603960396,0.6005072375063593,0.0368
923,0.062,0.052000000000000005,0.638,0.1363049504950495,0.0936,0.10247694636252094,0.8514607040913417,0.0264,0.6591964356435642,0.302491395922201,0.01
924,0.1652,0.22079999999999997,0.538,0.07999999999999999,0.25356967213114756,0.10261955990220051,0.6139816636699431,0.21600000000000003,0.34080000000000005,0.2631225296442688,0.01
925,0.1652,0.1296,0.5448000000000001,0.08696237623762376,0.0884,0.31909650626472147,0.6532761396895226,0.11560000000000001,0.3407980198019802,0.2918709944037882,0.026790009858692083
926,0.3556,0.054400000000000004,0.48919999999999997,0.010799999999999999,0.11079999999999998,0.10265792262613778,0.5694831588962892,0.15960000000000002,0.36619999999999997,0.35529139592220094,0.010400000000000001
927,0.0464,0.8036,0.966,0.05872871287128713,0.03560000000000001,0.1176,0.9724,0.015200000000000002,0.9481996039603959,0.0156,0.0068000000000000005
928,0.2112,0.138,0.7567999999999999,0.07171485148514853,0.0588,0.26814115888419204,0.8096719314938154,0.0696,0.4717992079207921,0.20745962352757014,0.011199999999999998
929,0.23479999999999998,0.0912,0.718,0.02797623762376238,0.23559999999999998,0.10967699353078326,0.8443999999999999,0.0708,0.4959992079207921,0.2927225296442688,0.008
930,0.07160000000000001,0.09836955380577428,0.7744000000000001,0.014800000000000002,0.06999999999999999,0.1302181524149753,0.818,0.0436,0.4353992079207921,0.13864505928853757,0.0104
931,0.1012,0.04673910761154856,0.5144,0.19065742574257424,0.08120000000000001,0.166851329816611,0.8434607040913417,0.012,0.3429992079207921,0.09530596016123352,0.006
932,0.4,0.46159999999999995,0.7619999999999999,0.0248,0.07880000000000001,0.40292832334739426,0.718543593825182,0.23199999999999998,0.414,0.5327225296442688,0.02719500492934604
933,0.5328,0.017599999999999998,0.5512,0.0076,0.035199999999999995,0.1552,0.8826831588962893,0.11680000000000001,0.49659999999999993,0.07552252964426878,0.0048000000000000004
934,0.15200000000000002,0.2015695538057743,0.6275999999999999,0.09828118811881188,0.11960000000000001,0.30470699612802304,0.5917252579853003,0.10399999999999998,0.5814,0.23104569796110047,0.013184751889582649
935,0.33,0.11593862326842172,0.7931999999999999,0.25475247524752476,0.16599999999999998,0.17832123817579962,0.9815999999999999,0.14,0.6786,0.11040000000000001,0.000789880093603596
936,0.3356,0.246,0.8200000000000001,0.047504950495049506,0.11000000000000001,0.3954444838508408,0.5659549109484721,0.16240000000000002,0.562999207920792,0.3627225296442688,0.019200000000000002
937,0.5788,0.028000000000000004,0.45519999999999994,0.0196,0.024399999999999998,0.11775513880306057,0.7183775451950523,0.09079999999999999,0.5511996039603961,0.23872252964426877,0.003579760187207192
938,0.4056,0.23359999999999997,0.8131999999999999,0.071219801980198,0.0416,0.3761615602544698,0.8762607040913416,0.1748,0.48719683168316835,0.38730659883379637,0.024
939,0.42000000000000004,0.1115695538057743,0.6612,0.07729108910891089,0.1112,0.4364386308068459,0.7674915752877036,0.0896,0.548199603960396,0.19376822760536921,0.008400000000000001
940,0.2532,0.11120000000000001,0.6092,0.05355247524752475,0.05399999999999999,0.12607721444542963,0.8292494766888676,0.08680000000000002,0.581,0.33858087582671315,0.005200000000000001
941,0.262,0.13036955380577428,0.5476000000000001,0.06557227722772277,0.10200000000000001,0.18976678509806072,0.7697932499556822,0.1204,0.6069956435643564,0.2656284898055023,0.019990009858692082
942,0.1552,0.3452,0.6072,0.051881188118811886,0.1036,0.3351597852903261,0.6900988636569192,0.1232,0.4506,0.31720000000000004,0.09238475188958266
943,0.25,0.04316955380577427,0.7832000000000001,0.0064,0.0356,0.17527694636252095,0.5668,0.1008,0.46399999999999997,0.18024505928853754,0.002
944,0.09280000000000001,0.059599999999999986,0.5940000000000001,0.06818613861386139,0.0324,0.08603885172149231,0.9376494766888678,0.028399999999999998,0.3628,0.2859225296442688,0.035595004929346044
945,0.3128,0.2352,0.8300000000000001,0.0432,0.1008,0.34629642587861575,0.6944,0.1808,0.5736,0.3064,0.022800000000000004
946,0.11320000000000001,0.6363086614173229,0.6304,0.02072871287128713,0.1548,0.336773231712596,0.6392265732798385,0.10880000000000001,0.628599603960396,0.03696822760536923,0.007200000000000001
947,0.398,0.094,0.7336,0.06742970297029702,0.0428,0.34905443754832505,0.8157887725975261,0.14400000000000002,0.5199980198019801,0.2900417766994091,0.0128
948,0.014000000000000002,0.01,0.6304000000000001,0.024399999999999998,0.036800000000000006,0.11701929181929185,0.6892943862987632,0.0,0.39879999999999993,0.06720000000000001,0.0
949,0.22279999999999997,0.21760000000000002,0.6584,0.055128712871287136,0.0512,0.022,0.8760943862987631,0.1212,0.6396,0.1575231683168317,0.009600000000000001
950,0.27480000000000004,0.11320000000000001,0.5428,0.15209108910891084,0.176,0.2472,0.8336943862987631,0.10799999999999998,0.4457996039603961,0.2693834305169648,0.008
951,0.04719999999999999,0.03836906946264745,0.47519999999999996,0.0684,0.0656,0.20003836272393732,0.04729438629876308,0.0392,0.6702,0.1288,0.0048000000000000004
952,0.036,0.005200000000000001,0.6344000000000001,0.0184,0.0728,0.15877420970770606,0.8548,0.0168,0.1462,0.09759999999999999,0.00239500492934604
953,0.21559999999999996,0.21975594610306742,0.828,0.08545742574257424,0.0828,0.14632208797954654,0.9500943862987631,0.04360000000000001,0.4343968316831683,0.28656822760536926,0.008400000000000001
954,0.29080000000000006,0.0512,0.426,0.010376237623762377,0.0696,0.2264383627239373,0.9111775451950523,0.052000000000000005,0.38159960396039605,0.20096758893280628,0.016
955,0.013999999999999999,0.0988,0.658,0.021199999999999997,0.0052,0.2554581435407841,0.872094386298763,0.0016,0.40800000000000003,0.10559999999999999,0.0024000000000000002
956,0.3356,0.07836955380577426,0.7256,0.045552475247524746,0.11240000000000001,0.2952772144454296,0.35007193149381544,0.18919999999999998,0.47539920792079216,0.39557167583640673,0.0036000000000000003
957,0.10359999999999998,0.06710866141732283,0.4024,0.019200000000000002,0.1036,0.16833535798621374,0.8796494766888678,0.048,0.315,0.46512252964426876,0.0064
958,0.4532,0.11839999999999999,0.5944,0.06783366336633663,0.033999999999999996,0.21239999999999998,0.46762684244228747,0.0708,0.16339960396039604,0.09744505928853756,0.0036000000000000003
959,0.16920000000000002,0.15433910761154856,0.6204,0.10190495049504951,0.2008,0.11345814354078414,0.8680719314938153,0.08559999999999998,0.5209992079207921,0.2600126482213439,0.0056
960,0.2736,0.1632,0.546,0.068209900990099,0.19356967213114754,0.9668385836385835,0.6721342122114373,0.12199999999999997,0.5901972277227723,0.29804241537197196,0.0092
961,0.33599999999999997,0.36479999999999996,0.78,0.08813861386138613,0.1176,0.3617648706096522,0.7071775451950524,0.1804,0.6443996039603961,0.36985962352757024,0.0168
962,0.244,0.2428,0.5316,0.031952475247524745,0.16640000000000002,0.12701955990220049,0.7972719314938155,0.0608,0.3032,0.20912252964426878,0.0035948751642575563
963,0.6619999999999999,0.0092,0.4452,0.0252,0.0408,0.044038362723937304,0.8215775451950524,0.23879999999999998,0.434,0.18839999999999998,0.0
964,0.5384,0.0768,0.7784000000000001,0.026000000000000002,0.07,0.15305770171149144,0.96,0.0836,0.7171992079207921,0.12464569796110045,0.034800000000000005
965,0.054400000000000004,0.11120000000000001,0.954,0.004000000000000001,0.0348,0.19608902979660925,0.438,0.4324,0.2528,0.4911225296442687,0.0
966,0.0004,0.004,0.46160000000000007,0.020776237623762378,0.002,0.06701929181929182,0.912094386298763,0.005599999999999999,0.3932,0.0688,0.009600000000000001
967,0.09319999999999999,0.0024000000000000002,0.6739999999999999,0.0283009900990099,0.0504,0.16385814354078412,0.7891775451950523,0.0128,0.3152,0.0868,0.015600000000000003
968,0.5559999999999999,0.12511296843992062,0.75,0.013809900990099008,0.1204,0.31613931720340915,0.9470831588962891,0.0508,0.6127980198019801,0.2547020388995421,0.014799999999999999
969,0.29480000000000006,0.10200000000000001,0.4992,0.13018613861386139,0.0588,0.1577770815981085,0.7828943862987631,0.132,0.35379960396039606,0.45466026220013306,0.007579625369700954
970,0.3572,0.1724,0.542,0.0432,0.0972,0.5666195599022005,0.882777455474236,0.17239999999999997,0.5437996039603961,0.3767231683168316,0.014394875164257557
971,0.19599999999999998,0.1316,0.8284,0.04980990099009901,0.0764,0.3473797475005299,0.7062152561565483,0.074,0.718799207920792,0.22544633663366337,0.0116
972,0.14279999999999998,0.013600000000000001,0.7692,0.05377425742574256,0.1096,0.2790574336285828,0.7324045670789724,0.1608,0.44118772277227725,0.42817651782569566,0.004000000000000001
973,0.08560000000000001,0.0948,0.3876,0.18324356435643563,0.22400000000000003,0.1671356260691224,0.9206876362544454,0.0972,0.5825968316831683,0.2683225296442687,0.032395004929346036
974,0.034,0.072,0.7868,0.002,0.1244,0.1234967743476301,0.6796,0.0164,0.29419960396039607,0.6357979947559974,0.003574765116553232
975,0.0876,0.024800000000000003,0.5536,0.0504,0.013600000000000001,0.18171530908645822,0.6202831588962893,0.0988,0.43420000000000003,0.1056,0.0
976,0.0324,0.21639999999999998,0.8987999999999999,0.0072,0.0764,0.1993157509157509,0.5480942965779467,0.29279999999999995,0.6612,0.1976,0.006
977,0.2192,0.0752,0.6559999999999999,0.11569108910891088,0.046,0.12779234978550383,0.905294386298763,0.0356,0.5546,0.1196145642390326,0.008000000000000002
978,0.3048,0.056799999999999996,0.592,0.0468,0.1152,0.29611628708156823,0.5905932499556823,0.2124,0.4232,0.3106450592885376,0.0076
979,0.0256,0.12039999999999998,0.7175999999999999,0.01832871287128713,0.008,0.24256820023225895,0.9416,0.0248,0.6787996039603961,0.039599999999999996,0.003595004929346041
980,0.2812,0.15400000000000003,0.7604,0.04072871287128713,0.11359999999999999,0.23423061817291643,0.0872,0.14679999999999999,0.5424,0.22224505928853758,0.0188
981,0.2964,0.126,0.552,0.038752475247524745,0.0832,0.16223132808511784,0.9568,0.092,0.2652,0.5186456979611005,0.0164
982,0.0172,0.25064680034261777,0.8635999999999999,0.03832871287128713,0.09519999999999999,0.2657938167781688,0.7808943862987631,0.013600000000000001,0.25019960396039603,0.0892,0.005184753573721901
983,0.43520000000000003,0.08359999999999998,0.78,0.029200000000000004,0.057969672131147544,0.19047694636252094,0.8671999999999999,0.0608,0.35120000000000007,0.06760000000000001,0.005200000000000001
984,0.30000000000000004,0.2,0.6176,0.055999999999999994,0.08319999999999998,0.1752,0.7424491178056024,0.1404,0.42160000000000003,0.3706456979611005,0.024800000000000003
985,0.3128,0.26799999999999996,0.5936,0.03825742574257426,0.31675391068279823,0.38534143194485493,0.8226607040913416,0.1436,0.4753996039603961,0.4775225296442688,0.018
986,0.004000000000000001,0.0108,0.5044000000000001,0.06592871287128713,0.0124,0.1398192918192918,0.9764943862987631,0.0208,0.2686,0.11129139592220091,0.0048000000000000004
987,0.0284,0.0616,0.312,0.0076,0.0436,0.12735411363968824,0.7304943862987631,0.004399999999999999,0.35680000000000006,0.0548,0.0016
988,0.48279999999999995,0.1396,0.4396,0.014776237623762376,0.0256,0.3760314248099089,0.861977455474236,0.2572,0.435799603960396,0.46040000000000003,0.026790009858692083
989,0.3684,0.2472,0.69,0.0432,0.1016,0.16469699526227644,0.7748719314938154,0.11039999999999998,0.532,0.36592252964426875,0.05276477329110606
990,0.8347999999999999,0.045200000000000004,0.7003999999999999,0.0032,0.0524,0.1708,0.9996,0.005600000000000001,0.7040000000000001,0.2604,0.0012000000000000001
991,0.14079999999999998,0.06630817707419599,0.7472000000000001,0.02997623762376238,0.496,0.22119999999999998,0.8768494766888677,0.09519999999999999,0.4475992079207921,0.24201392556646967,0.018769507147443805
992,0.20399999999999996,0.23159999999999997,0.7504,0.146,0.0396,0.12421929181929184,0.8200719314938155,0.1448,0.6788000000000001,0.3730463366336633,0.0184
993,0.046400000000000004,0.0164,0.7612,0.01860990099009901,0.05639999999999999,0.09525044615802562,0.8123999999999999,0.0036000000000000003,0.275,0.2784,0.0016
994,0.13920000000000002,0.08320000000000001,0.7232000000000001,0.0284,0.12279999999999999,0.15879934959323844,0.434,0.1048,0.3508,0.25144569796110045,0.013994873480118302
995,0.008400000000000001,0.07876906946264745,0.6,0.027104950495049508,0.020800000000000003,0.13061907090464547,0.8283775451950524,0.0004,0.237399603960396,0.11879999999999999,0.044395004929346046
996,0.2304,0.18905051547455648,0.6516,0.24451485148514857,0.1752,0.13403911980440097,0.9516943862987631,0.1112,0.4207980198019802,0.22489011857707508,0.014384883338810387
997,0.46040000000000003,0.7884,0.808,0.126,0.13720000000000002,0.21221929181929183,0.9792000000000002,0.07640000000000001,0.12079999999999999,0.8331231683168318,0.0068000000000000005
998,0.0856,0.05,0.562,0.13075247524752476,0.0268,0.11341907090464547,0.9516943862987631,0.0064,0.21020000000000003,0.07176886627793214,0.0
999,0.4412,0.038343414634146346,0.6416000000000001,0.08829702970297029,0.0612,0.2619607187863925,0.8411101807802094,0.1528,0.5437988118811882,0.16841328689390678,0.05878475525786114
1000,0.8484,0.15439999999999998,0.6164000000000001,0.04268118811881188,0.1276,0.2585935486952602,0.7004942965779468,0.0472,0.5129996039603961,0.19472252964426878,0.0128
1001,0.5740000000000001,0.59,0.7524,0.06536237623762377,0.0964,0.3101668598177155,0.24249429657794677,0.1288,0.2714,0.6871225296442688,0.0047950049293460405
1002,0.32520000000000004,0.10876955380577429,0.7388,0.029199999999999997,0.054400000000000004,0.24716079980949335,0.9305438629876308,0.062,0.7686000000000001,0.12904505928853754,0.2584
1003,0.30440000000000006,0.23159999999999997,0.6216,0.03915247524752476,0.11560000000000001,0.3146962853500751,0.7821437732668146,0.11679999999999999,0.6908,0.1856,0.0132
1004,0.1532,0.084,0.4008,0.027152475247524753,0.066,0.11981907090464547,0.7592943862987631,0.0548,0.1978,0.5681688662779322,0.0036000000000000003
1005,0.3504,0.0516,0.5436,0.016776237623762374,0.046,0.339619586885091,0.9176943862987631,0.08360000000000001,0.710599603960396,0.10640000000000001,0.0168
1006,0.08,0.0908,0.37520000000000003,0.0372,0.0432,0.08021961940764032,0.9475999999999999,0.11440000000000002,0.44159999999999994,0.35200000000000004,0.035594873480118305
1007,0.0432,0.036000000000000004,0.6228,0.031576237623762375,0.041600000000000005,0.09993508990330506,0.8124943862987631,0.0284,0.6441988118811881,0.16961328689390678,0.0
1008,0.7032,0.06833910761154856,0.61,0.036633663366336625,0.1008,0.19917301079794966,0.8932943862987631,0.16999999999999998,0.693999603960396,0.3287497421046453,0.008400000000000001
1009,0.7332,0.03392223403267251,0.8976,0.007552475247524754,0.2164,0.25249027587462797,0.9880000000000001,0.0124,0.654799603960396,0.2011231683168317,0.0
1010,0.024399999999999998,0.06960000000000001,0.23559999999999998,0.009200000000000002,0.0064,0.0632383627239373,0.8907999999999999,0.019200000000000002,0.186,0.06960000000000001,0.01599000985869208
1011,0.0244,0.0124,0.5916,0.03785742574257425,0.014400000000000001,0.09483858363858363,0.9048943862987631,0.0308,0.6151980198019802,0.07492052440026611,0.006799999999999999
1012,0.5624,0.1012,0.496,0.12075247524752475,0.04240000000000001,0.2813554068859692,0.6816942965779467,0.09680000000000001,0.17179960396039604,0.3348913959222009,0.0012000000000000001
1013,0.0432,0.4404,0.8283999999999999,0.029600000000000005,0.08399999999999999,0.196411273639106,0.8072989533777356,0.08959999999999999,0.7872000000000001,0.0516,0.0008
1014,0.029200000000000004,0.07627724653684345,0.852,0.0076,0.0372,0.26125023491133803,0.8252,0.15760000000000002,0.39179920792079204,0.5213821531718389,0.0012000000000000001
1015,0.40519999999999995,0.19996955380577427,0.7288000000000001,0.07957227722772275,0.053200000000000004,0.2454579226261378,0.7160044773581562,0.1776,0.5069980198019801,0.2766213751809964,0.016400000000000005
1016,0.08879999999999999,0.0092,0.5984,0.015128712871287128,0.0036000000000000003,0.11461907090464547,0.9200943862987632,0.017599999999999998,0.3308,0.10456822760536924,0.008400000000000001
1017,0.2332,0.13633910761154858,0.6548,0.08295841584158414,0.054000000000000006,0.8339353579862138,0.8725887725975262,0.1236,0.5561976237623762,0.3063364552107385,0.0076
1018,0.22039999999999998,0.2772,0.6728,0.04197623762376238,0.08360000000000001,0.3482832807570978,0.8569887725975261,0.1652,0.3444,0.4589675889328063,0.0248
1019,0.5112,0.11396955380577427,0.8276,0.048796039603960395,0.132,0.3506314695899048,0.4336494766888677,0.1336,0.7464000000000001,0.12704505928853754,0.008400000000000001
1020,0.324,0.0548,0.5092000000000001,0.0156,0.1312,0.16636000620497238,0.8184719314938154,0.1312,0.5852,0.2863225296442688,0.13240000000000002
1021,0.4215999999999999,0.19,0.8164,0.0208,0.0972,0.22763836272393728,0.928494386298763,0.0832,0.5484,0.24032252964426876,0.0216
1022,0.33240000000000003,0.25876955380577427,0.6315999999999999,0.0324,0.05159999999999999,0.1101155771693669,0.5132494766888678,0.14440000000000003,0.309399603960396,0.1748,0.02
1023,0.2132,0.025969553805774277,0.5004,0.05677623762376237,0.0832,0.17941929181929184,0.9492,0.0964,0.282799603960396,0.04944569796110046,0.0064
1024,0.48760000000000003,0.033600000000000005,0.746,0.03717623762376237,0.06794361904761906,0.09523863080684598,0.962094386298763,0.1312,0.6099996039603961,0.1808,0.004399999999999999
1025,0.0376,0.0492,0.5524,0.14804356435643568,0.0764,0.19025792262613778,0.058800000000000005,0.0312,0.4261996039603961,0.13433581653817556,0.0048000000000000004
1026,0.0472,0.004399999999999999,0.564,0.007576237623762377,0.0024000000000000002,0.07219252353188783,0.9928000000000001,0.0044,0.2104,0.25816758893280634,0.004000000000000001
1027,0.352,0.1004,0.5232,0.012376237623762377,0.068,0.1746960172671664,0.805694386298763,0.14920000000000003,0.2732,0.2892,0.0032
1028,0.6108,0.04560000000000001,0.5212,0.0228,0.0828,0.08163863080684597,0.8684943862987631,0.27280000000000004,0.22759999999999997,0.5398463366336633,0.0012000000000000001
1029,0.01,0.048799999999999996,0.2008,0.05600000000000001,0.059199999999999996,0.19857641885416946,0.6596,0.004000000000000001,0.1116,0.013600000000000001,0.0
1030,0.37760000000000005,0.1896,0.6964,0.0844,0.13240000000000002,0.22171535625472055,0.6602649122870488,0.06720000000000001,0.5758,0.27785898485500726,0.0112
1031,0.021599999999999998,0.020399999999999995,0.4312,0.023552475247524754,0.0508,0.13185743362858277,0.7716000000000001,0.0164,0.06059960396039604,0.08041328689390678,0.005599999999999999
1032,0.43279999999999996,0.1432,0.666,0.07206732673267327,0.1336,0.2612,0.7292580725219147,0.0952,0.535799207920792,0.20713709388330134,0.0044
1033,0.022799999999999997,0.047200000000000006,0.9315999999999999,0.013952475247524753,0.08872099644128115,0.37245102949210535,0.011199999999999998,0.029599999999999998,0.11960000000000001,0.7829688662779322,0.0012000000000000001
1034,0.2696,0.0984,0.5852,0.06409108910891088,0.0864,0.32171611333518424,0.6073663177925784,0.1368,0.5773980198019802,0.238581514499276,0.09040000000000001
1035,0.22999999999999998,0.17750866141732283,0.8076000000000001,0.06757623762376239,0.1192,0.3316521812335993,0.5009482506249706,0.13,0.666399603960396,0.14106026220013307,0.036
1036,0.22359999999999997,0.37039999999999995,0.7324000000000002,0.025152475247524748,0.074,0.2068777506112469,0.8208,0.28640000000000004,0.2104,0.16040000000000001,0.03839500492934604
1037,0.0464,0.018,0.7784,0.01,0.038,0.1288388517214923,0.8461663177925786,0.026799999999999997,0.3664,0.0876,0.004
1038,0.32680000000000003,0.0692,0.65,0.0,0.13520000000000001,0.0696,0.8412,0.11080000000000001,0.476,0.172,0.0
1039,0.0016,0.0048000000000000004,0.5012,0.015176237623762375,0.0008,0.12123885172149232,0.9176,0.0016,0.2052,0.1052,0.004399999999999999
1040,0.08080000000000001,0.052000000000000005,0.5119999999999999,0.0428,0.02,0.1182960172671664,0.5681663177925784,0.0496,0.7118,0.14601328689390677,0.0112
1041,0.454,0.09633910761154856,0.54,0.05328712871287128,0.041600000000000005,0.22096559116605857,0.7292719314938154,0.2036,0.4963976237623763,0.4889688662779322,0.0024000000000000002
1042,0.2872,0.2504,0.7088000000000001,0.08124356435643564,0.0616,0.3925407583162221,0.8185214081826832,0.1976,0.49359960396039604,0.4157960787383086,0.01239500492934604
1043,0.31239999999999996,0.029969069462647446,0.42280000000000006,0.022,0.09,0.10265765454322913,0.9340943862987631,0.16640000000000002,0.546,0.35,0.009600000000000001
1044,0.20839999999999997,0.072708177074196,0.808,0.08759603960396038,0.053200000000000004,0.24232172717335465,0.4825662280717622,0.11639999999999999,0.6455980198019802,0.22273709388330137,0.030000000000000006
1045,0.728,0.0664,0.8012,0.013457425742574258,0.11760000000000001,0.12861955990220048,0.97,0.0944,0.38019920792079204,0.46574582084295385,0.0036000000000000003
1046,0.3428,0.1372,0.6972,0.05960000000000001,0.0968,0.18255491788841421,0.6433212287410505,0.0932,0.7338,0.1068,0.019999999999999997
1047,0.0368,0.028000000000000004,0.5496,0.04955247524752475,0.074,0.14101929181929182,0.7787775451950523,0.0244,0.4782,0.14320000000000002,0.0024000000000000002
1048,0.32280000000000003,0.0124,0.49800000000000005,0.2131287128712871,0.0772,0.308798589843556,0.22049438629876308,0.052000000000000005,0.2104,0.10272316831683168,0.005200000000000001
1049,0.002,0.005200000000000001,0.46720000000000006,0.006776237623762377,0.005600000000000001,0.08367699353078326,0.7828,0.0024000000000000002,0.32039999999999996,0.053522529644268776,0.0
1050,0.28040000000000004,0.13516906946264745,0.49559999999999993,0.07352871287128712,0.0664,0.18274630403697126,0.8242380698447613,0.22000000000000003,0.34899841584158414,0.5314450592885376,0.013999999999999999
1051,0.014000000000000002,0.053200000000000004,0.9676,0.23840000000000003,0.17872099644128117,0.35255496505667655,0.4720943862987631,0.026000000000000002,0.9503999999999999,0.06999999999999999,0.0024000000000000002
1052,0.1252,0.06356955380577428,0.47280000000000005,0.09512871287128712,0.004399999999999999,0.24625787545787542,0.9092494766888677,0.0556,0.6153992079207922,0.1693053214886706,0.0008
1053,0.2144,0.0344,0.6776,0.165619801980198,0.041999999999999996,0.22523911980440098,0.8103775451950522,0.024,0.2652,0.2791225296442688,0.0004
1054,0.22479999999999997,0.0992,0.3668,0.05620990099009902,0.07880000000000001,0.17709704243053875,0.8550380698447613,0.16119999999999998,0.40579841584158416,0.4410100043047783,0.004399999999999999
1055,0.3016,0.14400000000000002,0.39,0.04240000000000001,0.0612,0.07959999999999999,0.8760942965779467,0.11039999999999998,0.31839960396039607,0.4243370938833014,0.01357976018720719
1056,0.33840000000000003,0.22276906946264746,0.6268,0.057928712871287126,0.054400000000000004,0.8133809274174306,0.7966831588962894,0.1472,0.5772,0.35320000000000007,0.0196
1057,0.22959999999999997,0.19990866141732283,0.5304,0.3023274174146387,0.11240000000000001,0.16006248242385163,0.9555999999999999,0.0328,0.3527988118811881,0.24833709388330139,0.0164
1058,0.1772,0.1408,0.726,0.06355247524752475,0.1044,0.7734195599022005,0.5980579828010983,0.08719999999999999,0.744799207920792,0.21352316831683166,0.009600000000000001
1059,0.41,0.18359999999999999,0.7484,0.11089108910891088,0.124,0.5610581907090465,0.7427859615864667,0.10640000000000001,0.6239992079207921,0.143290757249638,0.015600000000000003
1060,0.1024,0.006,0.7972,0.18578613861386137,0.1096,0.3361544760591215,0.9688000000000001,0.013999999999999999,0.5578,0.07704505928853755,0.0016
1061,0.0008,0.053200000000000004,0.4124,0.06312871287128713,0.0288,0.0828383627239373,0.924,0.0,0.21879999999999997,0.08513517786561266,0.0024000000000000002
1062,0.30800000000000005,0.0864,0.6644,0.0247049504950495,0.11279999999999998,0.08763858363858364,0.652,0.1308,0.4372,0.3034456979611005,0.004000000000000001
1063,0.033600000000000005,0.055999999999999994,0.44160000000000005,0.07597623762376238,0.094,0.16621929181929182,0.8514831588962892,0.005200000000000001,0.29800000000000004,0.2547225296442688,0.00559500492934604
1064,0.024800000000000003,0.041600000000000005,0.6616,0.021976237623762378,0.0048000000000000004,0.11963885172149231,0.8904,0.0032,0.6673996039603961,0.11320000000000001,0.008400000000000001
1065,0.068,0.6167391076115486,0.7607999999999999,0.05863366336633663,0.1232,0.2729543956730158,0.6284038493124419,0.0904,0.7181996039603961,0.0308,0.007200000000000001
1066,0.0536,0.13916906946264745,0.694,0.10315247524752476,0.0644,0.15367694636252094,0.4568,0.0716,0.6551988118811881,0.09720000000000001,0.0
1067,0.6279999999999999,0.20516955380577429,0.6172,0.1291287128712871,0.0628,0.48682080836848574,0.7686157944814462,0.4728,0.35599920792079215,0.4585682276053692,0.027600000000000003
1068,0.017599999999999998,0.0496,0.1728,0.061576237623762374,0.052000000000000005,0.1528,0.5802607040913416,0.023600000000000003,0.3384,0.06624569796110044,0.0
1069,0.20800000000000002,0.20076955380577427,0.3076,0.032352475247524756,0.0856,0.385212840514552,0.08969438629876307,0.1172,0.381399603960396,0.39274910343208236,0.0028
1070,0.012,0.0012000000000000001,0.4244,0.0064,0.021199999999999997,0.11923836272393731,0.8253886828767099,0.004,0.16,0.0528,0.0
1071,0.16360000000000002,0.15236955380577427,0.6944,0.08715247524752476,0.08080000000000001,0.15687743536007595,0.9187775451950524,0.06760000000000001,0.6345944554455445,0.3179484647595195,0.0184
1072,0.4696000000000001,0.059199999999999996,0.8004,0.037104950495049506,0.08839999999999999,0.25771584525227553,0.8381663177925786,0.0612,0.6908000000000001,0.26680000000000004,0.0032
1073,0.4572,0.07596955380577428,0.7588,0.07023366336633664,0.096,0.5873945266903702,0.5809885931558936,0.1888,0.4851988118811881,0.25505834618244433,0.011200000000000002
1074,0.008400000000000001,0.025969553805774277,0.32720000000000005,0.10936237623762375,0.0204,0.0988383627239373,0.8023999999999999,0.0012000000000000001,0.40659920792079207,0.16104505928853757,0.0
1075,0.0396,0.1072,0.6548,0.028376237623762374,0.002,0.2058967743476301,0.8712,0.018400000000000003,0.6138,0.13440000000000002,0.0008
1076,0.046400000000000004,0.0032,0.20919999999999997,0.013599999999999998,0.036,0.0796767254478746,0.8231999999999999,0.0184,0.24759960396039604,0.036968866277932146,0.0008
1077,0.27840000000000004,0.44160000000000005,0.708,0.021952475247524753,0.039599999999999996,0.23356882340310742,0.6884,0.1804,0.33080000000000004,0.5817675889328063,0.020399999999999998
1078,0.7584,0.005169553805774278,0.49640000000000006,0.030257425742574257,0.0304,0.16443836272393728,0.8023999999999999,0.13640000000000002,0.33739920792079203,0.2716411380268462,0.0028
1079,0.5004000000000001,0.0132,0.49879999999999997,0.007552475247524752,0.08120000000000001,0.17632235606245522,0.998,0.0752,0.4155980198019802,0.36255029155089424,0.0012000000000000001
1080,0.022800000000000004,0.036,0.38239999999999996,0.020800000000000003,0.0008,0.17913415907645738,0.9675999999999998,0.0024000000000000002,0.2941992079207921,0.33496886627793215,0.00719500492934604
1081,0.264,0.06239999999999999,0.6355999999999999,0.03315247524752475,0.06799999999999999,0.1236,0.9404,0.033999999999999996,0.3399988118811881,0.24211796971001448,0.0
1082,0.45039999999999997,0.1748,0.6744,0.040799999999999996,0.0624,0.48206070018001557,0.6994428163653662,0.282,0.6298,0.35762721246037643,0.0076
1083,0.2424,0.1056,0.7748,0.0196,0.0792,0.20873562606912238,0.9607999999999999,0.08679999999999999,0.5953999999999999,0.23200000000000004,0.007195004929346041
1084,0.0144,0.008799999999999999,0.33199999999999996,0.0076,0.0344,0.12919999999999998,0.674094386298763,0.0004,0.23759999999999998,0.0728,0.0
1085,0.1396,0.0436,0.3564,0.0368,0.13756967213114754,0.06870734362079105,0.8472,0.22360000000000002,0.5538000000000001,0.429690757249638,0.008400000000000001
1086,0.2008,0.04476906946264745,0.7984,0.1072910891089109,0.10840000000000001,0.2501549650566765,0.8423775451950523,0.134,0.6573992079207921,0.26073645521073846,0.0016
1087,0.1008,0.0652,0.5948,0.031528712871287126,0.08719999999999999,0.0634195599022005,0.962,0.086,0.4686,0.11376822760536924,0.0027948734801183043
1088,0.6416,0.10676955380577427,0.8380000000000001,0.012399999999999998,0.054720996441281144,0.25291633424983057,0.8741438629876308,0.0448,0.35239841584158416,0.07387354909403984,0.01
1089,0.126,0.08910817707419601,0.6492,0.035176237623762374,0.033999999999999996,0.37503135534896065,0.49658877259752626,0.07959999999999999,0.5957984158415842,0.2918868359879466,0.0
1090,0.13,0.006,0.3572,0.0236,0.06319999999999999,0.06421907090464549,0.8156000000000001,0.0008,0.2734,0.4431231683168317,0.0004
1091,0.28559999999999997,0.06353910761154855,0.5608000000000001,0.02416237623762376,0.03,0.21251535625472057,0.7000045670789726,0.15560000000000002,0.6101984158415842,0.23794974210464526,0.0056
1092,0.0056,0.0036000000000000003,0.5304,0.05865742574257425,0.0808,0.13701907090464546,0.8783999999999998,0.004399999999999999,0.25220000000000004,0.07416758893280632,0.0004
1093,0.1548,0.076,0.6764,0.01623366336633663,0.088,0.24727694636252093,0.8577662280717622,0.039599999999999996,0.5127999999999999,0.16360000000000002,0.0008
1094,0.21680000000000002,0.3839391076115486,0.7352,0.10785742574257426,0.022000000000000002,0.26269579635252005,0.8115775451950524,0.148,0.6496000000000001,0.4115377325558643,0.016800000000000002
1095,0.10399999999999998,0.1288,0.49000000000000005,0.09999999999999999,0.0304,0.0812383627239373,0.8760943862987631,0.1432,0.33540000000000003,0.08144505928853754,0.0032
1096,0.004399999999999999,0.0084,0.538,0.04075514018691589,0.0,0.10461929181929182,0.8,0.0656,0.284,0.11879999999999999,0.0004
1097,0.0712,0.046400000000000004,0.5376,0.0436,0.033999999999999996,0.08803885172149231,0.9748000000000001,0.032,0.5284,0.1816,0.0004
1098,0.0968,0.026000000000000002,0.5076,0.0304,0.0848,0.18491584525227558,0.8431596574690771,0.0372,0.6258000000000001,0.2853688662779321,0.0036000000000000003
1099,0.34320000000000006,0.028000000000000004,0.336,0.016681188118811884,0.027999999999999997,0.045200000000000004,0.9204000000000001,0.041999999999999996,0.230999603960396,0.3169808758267131,0.011979889952295677
1100,0.278,0.24676955380577428,0.8416,0.12355247524752475,0.11000000000000001,0.23479999999999998,0.9843999999999999,0.0328,0.6293988118811882,0.15241392556646968,0.04713927382506457
1101,0.15999999999999998,0.22119999999999998,0.47359999999999997,0.02875247524752475,0.0444,0.09079999999999999,0.8584943862987631,0.06639999999999999,0.25680000000000003,0.4596,0.05598001971738416
1102,0.3048,0.056799999999999996,0.592,0.0468,0.1152,0.29611628708156823,0.5905932499556823,0.2124,0.4232,0.3106450592885376,0.0076
1103,0.0428,0.07320000000000002,0.6452,0.017881188118811883,0.039999999999999994,0.15349677434763012,0.7623774554742359,0.0392,0.6811964356435644,0.08642384064493405,0.016
1104,0.1864,0.34559999999999996,0.5992,0.024681188118811884,0.028800000000000003,0.07781929181929181,0.8412000000000001,0.1252,0.4972,0.4876278511329394,0.00719500492934604
1105,0.0808,0.0004,0.6256,0.02705742574257426,0.0108,0.0656,0.9400000000000001,0.007200000000000001,0.2352,0.12112252964426877,0.0004
1106,0.2412,0.0196,0.4815999999999999,0.02148118811881188,0.0524,0.19901815241497528,0.7669887725975262,0.46319999999999995,0.34179960396039605,0.4530365780925919,0.007200000000000001
1107,0.0904,0.07200000000000001,0.6404,0.06420990099009902,0.0908,0.21771579808401326,0.7200718417729991,0.08560000000000001,0.6103996039603959,0.11881328689390677,0.0032
1108,0.0984,0.036739107611548555,0.5452,0.09395247524752474,0.0504,0.1528383627239373,0.6997887725975261,0.009200000000000002,0.4016,0.04032252964426877,0.0028
1109,0.24080000000000004,0.0108,0.6456,0.04195514018691589,0.10719999999999999,0.06145765454322912,0.9696,0.096,0.5276000000000001,0.16199999999999998,0.0
1110,0.0132,0.0004,0.5056,0.0055762376237623755,0.002,0.055600000000000004,0.9952,0.0132,0.1892,0.11040000000000001,0.0056
1111,0.0132,0.060399999999999995,0.5068,0.06632871287128712,0.026799999999999997,0.0964383627239373,0.9339999999999999,0.0064,0.2326,0.08881264822134387,0.005200000000000001
1112,0.1784,0.037200000000000004,0.2752,0.0019762376237623764,0.032,0.06483814180929096,0.5644,0.0412,0.584199603960396,0.39306026220013307,0.0028
1113,0.026000000000000002,0.0256,0.46319999999999995,0.0188,0.048,0.07861929181929182,0.788094386298763,0.005200000000000001,0.423799603960396,0.2967231683168317,0.0011948751642575559
1114,0.24559999999999998,0.1388,0.7068,0.022376237623762375,0.0752,0.19963814180929093,0.6142607040913416,0.09719999999999998,0.504199603960396,0.22985962352757014,0.0064
1115,0.14440000000000003,0.1012705847548873,0.41200000000000003,0.01,0.10200000000000001,0.2579869558857334,0.9872,0.0308,0.5767988118811881,0.25536950495049504,0.0012000000000000001
1116,0.014000000000000002,0.0132,0.46319999999999995,0.016776237623762374,0.04279999999999999,0.14640000000000003,0.7984270218839201,0.0104,0.18059960396039604,0.09512252964426877,0.0
1117,0.05600000000000001,0.12836955380577428,0.7872,0.034,0.0588,0.2770967743476301,0.0712,0.058800000000000005,0.4699996039603961,0.1391231683168317,0.004
1118,0.1772,0.0964,0.6079999999999999,0.1132,0.0776,0.15123863080684596,0.9612,0.013600000000000001,0.501,0.034723168316831685,0.0
1119,0.6944,0.115016354148392,0.5548000000000001,0.11785742574257425,0.1592,0.3354717411357998,0.2572943862987631,0.196,0.5012000000000001,0.35858215317183895,0.0048000000000000004
1120,0.27240000000000003,0.17,0.6144000000000001,0.03063366336633664,0.02,0.09523836272393729,0.8724000000000001,0.11359999999999999,0.37300000000000005,0.42756558368880365,0.007200000000000001
1121,0.32680000000000003,0.0352,0.7111999999999999,0.004,0.03,0.2425416950500094,0.9728,0.023200000000000002,0.3804,0.3088,0.018799999999999997
1122,0.0356,0.11240000000000001,0.5728,0.0092,0.1564,0.10381929181929181,0.5812943862987631,0.0184,0.2052,0.6847571115973743,0.0028
1123,0.198,0.20914341463414635,0.6192,0.04585742574257425,0.1484,0.13509650626472144,0.6837887725975261,0.148,0.6092,0.21832252964426874,0.0036000000000000003
1124,0.21000000000000002,0.07039999999999999,0.35040000000000004,0.015176237623762375,0.066,0.1528,0.9536000000000001,0.06839999999999999,0.4175996039603961,0.2833821531718389,0.0064
1125,0.1728,0.074,0.33599999999999997,0.09395247524752474,0.07959999999999999,0.17923814180929093,0.8904,0.0728,0.3261988118811881,0.47362721246037653,0.02631377772730158
1126,0.3408,0.13999999999999999,0.6588,0.057600000000000005,0.0472,0.2782708103089521,0.537060524649709,0.15,0.523799603960396,0.2201675889328063,0.029599999999999998
1127,0.10400000000000001,0.1932,0.7108,0.05874851485148515,0.22280000000000003,0.47608890321848757,0.41522684244228747,0.616,0.5012000000000001,0.21522657378781357,0.04195977990459135
1128,0.0132,0.008,0.32999999999999996,0.0683049504950495,0.013199999999999998,0.08650257524560838,0.9064,0.0612,0.16640000000000002,0.09914782608695652,0.0
1129,0.3136,0.0688,0.6476000000000001,0.110819801980198,0.12279999999999999,0.0954832807570978,0.9076943862987632,0.176,0.611399207920792,0.2256152029115955,0.0032
1130,0.1096,0.1628,0.7972,0.04649108910891089,0.182,0.39805054049455035,0.13637745547423602,0.06599999999999999,0.4842000000000001,0.28209139592220095,0.02
1131,0.019999999999999997,0.0128,0.9583999999999999,0.11275247524752477,0.09392099644128113,0.4322321795021062,0.0548,0.020399999999999998,0.8569996039603961,0.13114910343208233,0.0008
1132,0.3024,0.21000000000000002,0.8503999999999999,0.0324,0.038400000000000004,0.3286707631406898,0.7711101807802094,0.3316,0.598799603960396,0.32080000000000003,0.03958974696023661
1133,0.28640000000000004,0.11240000000000001,0.6456000000000001,0.23524622929582675,0.0692,0.21781571240495445,0.9823999999999999,0.06359999999999999,0.43979999999999997,0.21105962352757013,0.008
1134,0.004,0.0064,0.5056,0.035199999999999995,0.0012000000000000001,0.06541907090464548,0.8784000000000001,0.002,0.32280000000000003,0.033600000000000005,0.0008
1135,0.16440000000000002,0.1056,0.3032,0.0504,0.0512,0.0876,0.8999775451950522,0.11760000000000001,0.392,0.19,0.0244
1136,0.4288,0.038,0.46519999999999995,0.025176237623762376,0.059199999999999996,0.194,0.832094386298763,0.0344,0.24800000000000005,0.10072316831683167,0.004400000000000001
1137,0.6644000000000001,0.03,0.4168,0.008376237623762377,0.098,0.17883863080684595,0.6966831588962894,0.24199999999999994,0.4184,0.3861688662779321,0.0048000000000000004
1138,0.0424,0.07200000000000001,0.6068,0.03260990099009901,0.05,0.1436,0.5346831588962893,0.008400000000000001,0.734,0.14392252964426877,0.0204
1139,0.3532,0.09910866141732283,0.9016,0.02112871287128713,0.0612,0.43914823074236276,0.8903775451950523,0.08199999999999999,0.932399603960396,0.04296758893280633,0.004000000000000001
1140,0.1996,0.2663695538057743,0.748,0.06559999999999999,0.1116,0.2517796026312301,0.4758607040913416,0.0536,0.5757992079207921,0.38049139592220094,0.11200000000000002
1141,0.074,0.018677730879970277,0.5267999999999999,0.017976237623762378,0.0256,0.09611486725716556,0.8089887725975261,0.0352,0.29699920792079204,0.3363231683168317,0.002
1142,0.3104,0.31836955380577436,0.6811999999999999,0.06538613861386139,0.1276,0.30184621892641456,0.7618831588962893,0.1296,0.670599603960396,0.31416886627793217,0.008799999999999999
1143,0.10400000000000001,0.0004,0.46560000000000007,0.0012000000000000001,0.0228,0.0978192918192918,0.8516,0.010799999999999999,0.11339999999999999,0.0412,0.0004
1144,0.1024,0.1836,0.5147999999999999,0.11157623762376238,0.06239999999999999,0.0986967743476301,0.5935550903901047,0.027599999999999996,0.444799603960396,0.45359999999999995,0.0688
1145,0.3712,0.07085775103800102,0.3632,0.007200000000000001,0.10800000000000001,0.27925137698487335,0.9612942965779467,0.01,0.7171988118811882,0.20338279184440183,0.006
1146,0.005200000000000001,0.029600000000000005,0.9372,0.021976237623762378,0.0868,0.14381929181929182,0.15560000000000002,0.0108,0.9423999999999999,0.05352252964426877,0.0024000000000000002
1147,0.5563999999999999,0.0496,0.5364,0.022376237623762375,0.0064,0.0528,0.9164000000000001,0.008799999999999999,0.1618,0.06920000000000001,0.3808
1148,0.568,0.054400000000000004,0.7972,0.026304950495049505,0.10400000000000001,0.1929025725763896,0.914,0.056799999999999996,0.7229999999999999,0.1653948013931828,0.006
1149,0.1496,0.3108636388341366,0.766,0.20524356435643565,0.21000000000000002,0.15091584525227558,0.9728,0.06560000000000002,0.49400000000000005,0.22449075724963802,0.002
1150,0.266,0.8751999999999999,0.6704,0.044376237623762374,0.0352,0.2794967743476301,0.7441214081826832,0.2036,0.34519999999999995,0.6292000000000001,0.0008
1151,0.10799999999999998,0.08556955380577427,0.6956,0.06961980198019802,0.16640000000000002,0.47041364476327807,0.5396846458017532,0.1352,0.5385996039603961,0.1237675889328063,0.0012000000000000001
1152,0.002,0.002,0.3308,0.008,0.0004,0.12021929181929181,0.8799999999999999,0.0008,0.29880000000000007,0.05,0.0
1153,0.0716,0.24276955380577428,0.8516,0.03583366336633663,0.058399999999999994,0.34910890494998076,0.3166831588962893,0.2516,0.5217984158415842,0.23512252964426877,0.0008
1154,0.2324,0.2008,0.8371999999999999,0.046328712871287134,0.055600000000000004,0.1830579226261378,0.8153438629876307,0.0596,0.5528000000000001,0.3332913959222009,0.0024000000000000002
1155,0.3484,0.2408,0.6364000000000001,0.0528,0.074,0.6162192918192918,0.761954910948472,0.1768,0.42519999999999997,0.3615225296442688,0.0352
1156,0.1204,0.0268,0.3952,0.026399999999999996,0.017599999999999998,0.09323863080684597,0.7692943862987631,0.0412,0.36360000000000003,0.2080913959222009,0.0076
1157,0.33,0.192,0.6464000000000001,0.05948118811881188,0.13348296330991413,0.42087319320179956,0.5806830691754729,0.2912,0.532399603960396,0.23040000000000002,0.007200000000000001
1158,0.258,0.2076,0.4739999999999999,0.09077623762376237,0.03,0.2948383627239373,0.6954831588962893,0.027600000000000003,0.9067999999999999,0.033999999999999996,0.007600000000000001
1159,0.346,0.0888,0.434,0.04397623762376237,0.0108,0.2825155771693669,0.47759999999999997,0.22279999999999997,0.17899841584158419,0.236890757249638,0.0048000000000000004
1160,0.10200000000000001,0.036,0.5912000000000001,0.014704950495049504,0.008,0.0862579226261378,0.9804,0.029199999999999997,0.5919988118811881,0.0688,0.0004
1161,0.192,0.039569553805774274,0.8312000000000002,0.007576237623762377,0.12,0.1582967743476301,0.9391999999999999,0.07520000000000002,0.38179960396039603,0.13544569796110045,0.0132
1162,0.17919999999999997,0.075508177074196,0.7163999999999999,0.06439999999999999,0.028800000000000003,0.08923836272393729,0.868,0.06720000000000001,0.5881996039603961,0.3096,0.0176
1163,0.4588,0.0404,0.6508,0.024352475247524753,0.031999999999999994,0.0284,0.9784,0.12600000000000003,0.5965999999999999,0.18144505928853755,0.0028
1164,0.20599999999999996,0.0232,0.7952000000000001,0.010304950495049505,0.016,0.1028,0.634,0.0764,0.5539992079207922,0.3769325339490471,0.0016
1165,0.1528,0.0688,0.6696000000000001,0.0084,0.036,0.13021929181929182,0.8416,0.0916,0.5613992079207921,0.2072,0.0008
1166,0.13679999999999998,0.0632,0.4676,0.03216237623762376,0.0688,0.17291606616692193,0.7226607040913414,0.0988,0.5101960396039604,0.1933192470551403,0.0036000000000000003
1167,0.43079999999999996,0.1416,0.7024,0.05237623762376237,0.1204,0.18701929181929183,0.6840492972472351,0.2564,0.3644,0.2827231683168317,0.0072
1168,0.29280000000000006,0.2631072083879423,0.8051999999999999,0.16361980198019802,0.2036,0.5483880753856305,0.4456825348464387,0.1928,0.566799603960396,0.3286456979611005,0.0559948734801183
1169,0.5327999999999999,0.046,0.7531999999999999,0.0236,0.074,0.14825770171149144,0.9652000000000001,0.0692,0.715999207920792,0.12664569796110045,0.0328
1170,0.018,0.0128,0.26480000000000004,0.148,0.05920000000000001,0.1086576545432291,0.9732,0.008400000000000001,0.3056,0.3308,0.0004
1171,0.26839999999999997,0.054400000000000004,0.6776,0.05757623762376237,0.05314361904761905,0.21135567496887792,0.9771999999999998,0.0636,0.6994,0.1268,0.0008
1172,0.1752,0.044000000000000004,0.7615999999999999,0.0528,0.2558646154889002,0.11839999999999999,0.9331999999999999,0.0412,0.41600000000000004,0.13440000000000002,0.005600000000000001
1173,0.414,0.0568,0.648,0.0264,0.08159999999999999,0.12509655343298373,0.9315775451950523,0.1076,0.6281992079207921,0.29225834618244434,0.016
1174,0.37279999999999996,0.11920000000000001,0.5896,0.07935841584158414,0.096,0.21400000000000002,0.8149478917417055,0.0824,0.5079984158415842,0.18224569796110043,0.018799999999999997
1175,0.0036000000000000003,0.0684,0.20319999999999996,0.02195247524752475,0.0008,0.21087194712378085,0.37,0.0004,0.292,0.008,0.0
1176,0.0036000000000000003,0.0704,0.5288,0.0144,0.0048000000000000004,0.23407716727716726,0.9628,0.0104,0.4084,0.1136,0.0012000000000000001
1177,0.21679999999999996,0.04754341463414634,0.6764,0.045572277227722766,0.0636,0.22367699353078324,0.9094968601332065,0.12840000000000001,0.7523980198019802,0.1228291284780652,0.004
1178,0.0172,0.06160000000000001,0.366,0.010257425742574258,0.017599999999999998,0.10101907090464549,0.7730831588962893,0.0104,0.2495992079207921,0.379690757249638,0.0028
1179,0.0168,0.029599999999999998,0.5227999999999999,0.018728712871287127,0.0164,0.062476725447874595,0.9324,0.0068000000000000005,0.38799960396039607,0.08360000000000001,0.004
1180,0.1252,0.07716955380577427,0.7287999999999999,0.18230099009900988,0.10436967213114753,0.15463137525338017,0.9589886828767099,0.0172,0.4689980198019802,0.1220582569561304,0.014799999999999999
1181,0.28400000000000003,0.0784,0.7224,0.019200000000000002,0.0164,0.23581955990220047,0.8536719314938154,0.1048,0.41179999999999994,0.2324913959222009,0.008799999999999999
1182,0.019200000000000002,0.0,0.5871999999999999,0.011176237623762377,0.0012000000000000001,0.0784383627239373,0.9936,0.0152,0.1756,0.0176,0.0
1183,0.0788,0.06916955380577428,0.6636000000000001,0.043176237623762374,0.1824,0.304038630806846,0.6112085061122307,0.0488,0.7916,0.0632,0.0028
1184,0.35320000000000007,0.0236,0.596,0.2770574257425743,0.1056,0.258178262624431,0.47188315889628923,0.0488,0.33320000000000005,0.16312316831683166,0.0048000000000000004
1185,0.0248,0.0864,0.5864,0.06560000000000002,0.04440000000000001,0.09021907090464548,0.9362831588962892,0.2612,0.3396,0.23904569796110042,0.0012000000000000001
1186,0.0172,0.06,0.21200000000000002,0.05877623762376237,0.0524,0.1504,0.618894386298763,0.011199999999999998,0.34579960396039605,0.06624569796110044,0.0
1187,0.154,0.0948,0.6920000000000001,0.07973861386138613,0.13996967213114755,0.3285925235318878,0.2512942965779468,0.166,0.34319999999999995,0.2576913959222009,0.0008
1188,0.0036000000000000003,0.054799999999999995,0.2644000000000001,0.017928712871287132,0.0008,0.10483836272393729,0.44239999999999996,0.0004,0.366,0.014799999999999999,0.0
1189,0.0108,0.08316955380577427,0.4044,0.0068000000000000005,0.0112,0.2773551859713229,0.6778381595655776,0.016,0.37139960396039606,0.0196,0.0
1190,0.4944,0.11280000000000001,0.616,0.0704,0.10314361904761904,0.12585787545787547,0.8465214081826831,0.48360000000000003,0.5324000000000001,0.35752316831683173,0.00279000985869208
1191,0.1288,0.09947773087997028,0.5584,0.08649108910891089,0.0776,0.1439356260691224,0.42428315889628926,0.21479999999999996,0.6716,0.21963840488396666,0.0007950049293460401
1192,0.3188,0.16833910761154858,0.7532,0.01835247524752475,0.1036,0.31490187031116124,0.7644943862987631,0.1264,0.4131988118811881,0.41529139592220093,0.0088
1193,0.2068,0.07156955380577427,0.5432,0.15173465346534654,0.042800000000000005,0.2449150881718119,0.6520493869680515,0.1296,0.40619999999999995,0.2749192470551403,0.0015897503285151118
1194,0.008799999999999999,0.0364,0.42000000000000004,0.07592871287128714,0.0056,0.09141929181929181,0.9690831588962892,0.0,0.1018,0.09994910343208234,0.0084
1195,0.2012,0.2535695538057743,0.836,0.06698613861386138,0.09752099644128114,0.44215540688596927,0.3287773657534197,0.2156,0.3389972277227723,0.48604241537197196,0.03236937738235532
1196,0.0112,0.074,0.7572,0.026399999999999996,0.009600000000000001,0.06985814354078412,0.86922702188392,0.0472,0.8065996039603961,0.08176822760536923,0.008400000000000001
1197,0.022000000000000002,0.0992,0.9800000000000001,0.0008,0.0792,0.1792771672771673,0.6544000000000001,0.3664,0.7435999999999999,0.14479999999999998,0.0
1198,0.058399999999999994,0.09359999999999999,0.7132000000000001,0.014376237623762379,0.0364,0.09003863080684596,0.7121706157091021,0.0184,0.42919999999999997,0.1216,0.002
1199,0.6144000000000001,0.0644,0.45120000000000005,0.03990495049504951,0.018000000000000002,0.038619070904645475,0.8016,0.066,0.5103996039603961,0.2775377325558643,0.0032
1200,0.0696,0.09559999999999999,0.6380000000000001,0.18515247524752473,0.027599999999999996,0.08669655343298374,0.8663821122740248,0.08320000000000001,0.476,0.28832252964426874,0.0004
1201,0.16440000000000002,0.1036,0.6524,0.0088,0.014800000000000002,0.2259343799911037,0.9528000000000001,0.0372,0.5900000000000001,0.0908,0.005600000000000001
1202,0.3,0.070308177074196,0.5107999999999999,0.04479999999999999,0.07360000000000001,0.2987346952422747,0.7745754519505234,0.06999999999999999,0.4976,0.1943225296442688,0.017190009858692082
1203,0.035199999999999995,0.1528,0.76,0.032799999999999996,0.0128,0.07203863080684596,0.8820494766888677,0.011600000000000001,0.35940000000000005,0.19112316831683168,0.0024000000000000002
1204,0.0004,0.08876906946264745,0.4952,0.0396,0.015999999999999997,0.2592,0.9364000000000001,0.0,0.3496,0.05639999999999999,0.0024000000000000002
1205,0.008,0.0132,0.3252,0.025576237623762377,0.05960000000000001,0.17421929181929183,0.5684492075264187,0.0024000000000000002,0.366,0.0836,0.0004
1206,0.37399999999999994,0.16360000000000002,0.6028,0.09081980198019801,0.10600000000000001,0.1496,0.8281254369367577,0.07880000000000001,0.5395968316831683,0.18721456423903254,0.02
1207,0.24159999999999998,0.35916955380577426,0.6684000000000001,0.04632871287128713,0.0944,0.22979359586352252,0.735694386298763,0.18239999999999998,0.4769980198019802,0.34961328689390675,0.008384755257861153
1208,0.28040000000000004,0.06280000000000001,0.4304,0.0508,0.0264,0.1167348689886587,0.8325887725975262,0.3028,0.20119999999999996,0.644,0.019924420062330427
1209,0.0364,0.0648,0.47920000000000007,0.08655445544554455,0.027199999999999995,0.23976700868192583,0.752494386298763,0.0508,0.3423980198019802,0.22046385786404726,0.0012000000000000001
1210,0.2736,0.14876955380577428,0.5688,0.07545742574257426,0.032,0.25855420797621287,0.4484943862987631,0.236,0.4232,0.23144505928853754,0.0024000000000000002
1211,0.024,0.018,0.9808,0.006352475247524752,0.088,0.2422579226261378,0.04689438629876308,0.0104,0.9719999999999999,0.009600000000000001,0.0004
1212,0.1736,0.1864,0.492,0.06752871287128712,0.11996967213114754,0.6307730107979496,0.5315592088649955,0.0884,0.229,0.21080000000000002,0.0128
1213,0.2444,0.14,0.72,0.030681188118811882,0.0628,0.3186431025714811,0.7076719314938155,0.09440000000000001,0.5058,0.3496,0.0735897469602366
1214,0.3807999999999999,0.014769069462647444,0.36760000000000004,0.0152,0.0656,0.12065743362858276,0.9,0.07959999999999999,0.242,0.4196901185770751,0.006
1215,0.1496,0.043543414634146335,0.48360000000000003,0.0448,0.06839999999999999,0.21381810524671296,0.8146831588962892,0.06520000000000001,0.674399603960396,0.14536758893280632,0.0152
1216,0.1332,0.056400000000000006,0.5064,0.04588118811881188,0.0388,0.20065787545787547,0.7608719314938155,0.0432,0.4189996039603961,0.18315038077720816,0.04240000000000001
1217,0.3012,0.0048000000000000004,0.4024,0.045081188118811885,0.0356,0.23002425525070072,0.9288000000000001,0.01,0.175,0.060399999999999995,0.018800000000000004
1218,0.3084,0.10633910761154855,0.6592,0.0224,0.0752,0.23363824581377432,0.3896719314938154,0.3136,0.636599603960396,0.18472252964426877,0.0024000000000000002
1219,0.002,0.0016,0.42800000000000005,0.014400000000000001,0.0004,0.06501929181929182,0.9571999999999999,0.002,0.1936,0.068,0.012
1220,0.008,0.006,0.4659999999999999,0.011600000000000001,0.007200000000000001,0.08981907090464547,0.9106831588962893,0.0084,0.1828,0.049999999999999996,0.0
1221,0.39160000000000006,0.31796906946264747,0.09240000000000001,0.007976237623762376,0.0628,0.20039818453832056,0.15969429657794676,0.244,0.47219920792079206,0.4116920345947638,0.0748
1222,0.2776,0.1384,0.772,0.0941108910891089,0.1312,0.1522192918192918,0.8104000000000001,0.0732,0.6684,0.11776758893280634,0.0008
1223,0.076,0.0656,0.7508,0.05475247524752476,0.0844,0.2174192918192918,0.232377455474236,0.0748,0.7987992079207921,0.09841392556646969,0.01
1224,0.01,0.028000000000000004,0.5599999999999999,0.0092,0.0124,0.0967743040442307,0.9136,0.0016,0.318,0.030000000000000006,0.0028
1225,0.064,0.057600000000000005,0.3652000000000001,0.1263960396039604,0.7664,0.1093546969737679,0.932,0.09119999999999999,0.48899564356435643,0.25230012288185344,0.008799999999999999
1226,0.10959999999999999,0.0376,0.5780000000000001,0.15679207920792065,0.06400000000000002,0.22491579808401324,0.6977887725975261,0.36360000000000003,0.6153786138613861,0.32071754236293193,0.007200000000000001
1227,0.05079999999999999,0.2183695538057743,0.6524,0.026000000000000002,0.072,0.09269623818181275,0.7421887725975262,0.0184,0.4058,0.13152252964426878,0.0032
1228,0.13720000000000002,0.016399999999999998,0.49960000000000004,0.005576237623762376,0.05840000000000001,0.13621907090464547,0.7896000000000001,0.08280000000000001,0.09659999999999999,0.2740132868939068,0.0016
1229,0.042800000000000005,0.04754341463414634,0.4779999999999999,0.0312,0.1092,0.08741907090464549,0.8531775451950523,0.0188,0.2516,0.25641328689390674,0.009600000000000001
1230,0.0268,0.0196,0.4476,0.029152475247524755,0.0516,0.0920383627239373,0.6516535059331175,0.014000000000000002,0.17079762376237623,0.16985898485500725,0.008799999999999999
1231,0.30760000000000004,0.11439999999999999,0.4572000000000001,0.06920000000000001,0.1004,0.13197447779061472,0.8325436835459982,0.17880000000000001,0.5225996039603961,0.1830450592885376,0.0524
1232,0.13440000000000002,0.040400000000000005,0.8492,0.12571089108910888,0.044,0.18193519657700724,0.8575326355851569,0.09799999999999999,0.609799207920792,0.21312252964426878,0.00199500492934604
1233,0.029200000000000004,0.0424,0.7032,0.025952475247524753,0.0052,0.08065787545787548,0.8863775451950524,0.0328,0.576999603960396,0.0884,0.0
1234,0.038799999999999994,0.0616,0.8204,0.0472,0.029600000000000005,0.16250257524560838,0.8091999999999999,0.0324,0.5519999999999999,0.15104505928853756,0.029184883338810384
1235,0.3508,0.286,0.7256,0.03555247524752475,0.08320000000000001,0.42374849882527155,0.40682684244228745,0.132,0.517399603960396,0.3528,0.008799999999999999
1236,0.2896,0.1564,0.6928,0.0467049504950495,0.0516,0.10145765454322912,0.8233885931558935,0.09559999999999999,0.38039920792079207,0.36516430634367786,0.0128
1237,0.4124,0.13440000000000002,0.7327999999999999,0.04232871287128713,0.16476967213114754,0.7237914483232156,0.6905028026901775,0.06,0.4630000000000001,0.2872,0.0156
1238,0.062,0.032400000000000005,0.4812,0.033857425742574256,0.0356,0.11123814180929095,0.8269887725975261,0.0444,0.5191996039603961,0.20230267757210502,0.0008
1239,0.3848,0.1456,0.542,0.0412,0.0484,0.066,0.7868,0.16879999999999998,0.5797996039603961,0.16319999999999998,0.0004
1240,0.1688,0.09359999999999999,0.6436,0.0396,0.016400000000000005,0.11621955990220048,0.9052,0.0212,0.34800000000000003,0.16792316831683168,0.005600000000000001
1241,0.052000000000000005,0.1012,0.5115999999999999,0.08460990099009899,0.016800000000000002,0.09069601726716642,0.913294386298763,0.018,0.4902,0.15360000000000001,0.017595004929346042
1242,0.0164,0.0244,0.6444,0.010400000000000001,0.03560000000000001,0.12447694636252093,0.886094386298763,0.022000000000000002,0.5356,0.0428,0.0016
1243,0.25239999999999996,0.027199999999999995,0.128,0.0792,0.004400000000000001,0.2162190709046455,0.18409438629876307,0.09558526980309634,0.0668,0.03880000000000001,0.0004
1244,0.192,0.1115695538057743,0.7288,0.06418613861386138,0.1316,0.2842176757545978,0.5982831588962892,0.1264,0.30579999999999996,0.2576,0.01
1245,0.0124,0.0,0.5968,0.007976237623762376,0.0008,0.08923836272393729,0.9408000000000001,0.017599999999999998,0.1336,0.018000000000000002,0.0004
1246,0.013600000000000001,0.0008,0.3516,0.004399999999999999,0.04279999999999999,0.09963836272393731,0.6477887725975261,0.013600000000000001,0.44800000000000006,0.020399999999999998,0.006
1247,0.2652,0.12790720838794234,0.616,0.14600000000000002,0.08159999999999999,0.20882470772419848,0.7546473834443388,0.1756,0.7112,0.18352316831683166,0.0023950049293460403
1248,0.02,0.0392,0.64,0.06823366336633663,0.0316,0.12793531081795143,0.9248000000000001,0.0092,0.488399603960396,0.17344505928853757,0.0004
1249,0.3984,0.3147695538057743,0.6319999999999999,0.08696237623762376,0.0304,0.3084680673849377,0.8208943862987631,0.22799999999999998,0.4449976237623763,0.36236622236136656,0.025184883338810388
1250,0.45,0.0736,0.5012000000000001,0.06075247524752475,0.1156,0.0908,0.7163999999999999,0.14640000000000003,0.508199603960396,0.3457688662779322,0.0012000000000000001
1251,0.1336,0.0196,0.23640000000000003,0.0367049504950495,0.0676,0.13803836272393732,0.600777455474236,0.1004,0.27879920792079205,0.19131605369232574,0.002
1252,0.1416,0.06471296843992062,0.5599999999999999,0.018728712871287127,0.042800000000000005,0.0971614758668562,0.962094386298763,0.06720000000000001,0.44439920792079207,0.28121392556646974,0.0016
1253,0.0184,0.004399999999999999,0.5052,0.0023524752475247526,0.0104,0.10021929181929182,0.9233886828767097,0.002,0.39479881188118815,0.19731140453175752,0.0
1254,0.038799999999999994,0.0016,0.8844,0.0228,0.0716,0.21713460090575004,0.1596943862987631,0.022399999999999996,0.9187999999999998,0.0228,0.0007897503285151118
1255,0.07959999999999998,0.04556955380577428,0.784,0.06395247524752476,0.0344,0.23265770171149142,0.6910646431245998,0.11039999999999998,0.7032,0.18352252964426877,0.0028
1256,0.040400000000000005,0.058399999999999994,0.9172,0.0,0.09240000000000001,0.2454967743476301,0.029599999999999998,0.029199999999999997,0.17,0.07984633663366336,0.0004
1257,0.11200000000000002,0.0472,0.9079999999999998,0.0004,0.09519999999999999,0.2595219115639437,0.0444,0.028399999999999998,0.1972,0.08096950495049506,0.0
1258,0.12,0.045200000000000004,0.3376,0.10533861386138614,0.042,0.1554962853500751,0.0516,0.0612,0.7333984158415842,0.10476494501624076,0.0012000000000000001
1259,0.0172,0.02074341463414634,0.5576,0.03192871287128713,0.041999999999999996,0.06381907090464548,0.8480943862987631,0.004000000000000001,0.321,0.14144505928853754,0.0368
1260,0.1376,0.0756,0.6656000000000001,0.07540594059405939,0.0456,0.1322190709046455,0.6580943862987632,0.11359999999999999,0.4449972277227722,0.233278265565687,0.009600000000000001
1261,0.018,0.0,0.644,0.010376237623762375,0.0008,0.0776383627239373,0.9896,0.013600000000000001,0.188,0.053599999999999995,0.0
1262,0.47359999999999997,0.1012,0.8404,0.05720000000000001,0.09956967213114754,0.2482950987774962,0.9888,0.09759999999999999,0.45260000000000006,0.3895225296442688,0.009999999999999998
1263,0.0264,0.12556906946264745,0.6564,0.14117623762376236,0.0492,0.19105814354078415,0.4457886828767098,0.05439999999999999,0.660798811881188,0.0772,0.006
1264,0.3812,0.0996,0.6788000000000001,0.05305742574257425,0.0728,0.3326932421015551,0.8789887725975263,0.15360000000000001,0.6595980198019802,0.22171988572770318,0.0128
1265,0.1116,0.19716955380577428,0.5831999999999999,0.08948118811881187,0.008400000000000001,0.08873464807401238,0.6186831588962892,0.0064,0.33019960396039605,0.18001264822134388,0.027200000000000002
1266,0.4248,0.20553910761154856,0.6599999999999999,0.06037623762376239,0.08960000000000001,0.2922190709046455,0.7626604349288927,0.1928,0.47540000000000004,0.2896,0.02438001971738416
1267,0.6404000000000001,0.017169069462647447,0.264,0.03679999999999999,0.118,0.14945819070904648,0.5652943862987632,0.0588,0.19279999999999997,0.5152,0.0004
1268,0.17160000000000003,0.053599999999999995,0.41640000000000005,0.1281267326732673,0.020399999999999998,0.25717274271504104,0.8574831588962892,0.124,0.5621988118811883,0.23712252964426878,0.0012000000000000001
1269,0.036000000000000004,0.032,0.6436,0.03220990099009901,0.002,0.06309623818181276,0.9236000000000001,0.024,0.35999722772277226,0.19462584588893672,0.005200000000000001
1270,0.6928,0.11920000000000001,0.5332,0.14361980198019803,0.09,0.21571682324738561,0.7894831588962893,0.194,0.266,0.34576822760536924,0.004
1271,0.0024000000000000002,0.016000000000000004,0.496,0.0188,0.0,0.16021907090464546,0.9783999999999999,0.0004,0.3052,0.033600000000000005,0.0
1272,0.1976,0.13399999999999998,0.694,0.10157623762376237,0.01,0.2542311543387338,0.9,0.03,0.4529992079207921,0.3871225296442688,0.0032
1273,0.2476,0.1928,0.724,0.04961980198019801,0.1879696721311475,0.3017163342498306,0.5723002608415668,0.1096,0.5861999999999999,0.12121328689390679,0.022
1274,0.09759999999999999,0.0636,0.762,0.013600000000000001,0.0312,0.1753551859713229,0.9256,0.0436,0.6239992079207921,0.025599999999999994,0.0024000000000000002
1275,0.26880000000000004,0.13240000000000002,0.6220000000000001,0.04352871287128712,0.0476,0.009600000000000001,0.899294386298763,0.13319999999999999,0.5515996039603961,0.1476,0.0028
1276,0.1672,0.098,0.718,0.050962376237623765,0.038400000000000004,0.42671660472100575,0.4245663177925786,0.0712,0.565791287128713,0.39682995499549956,0.0028
1277,0.03,0.1056,0.7152000000000001,0.03715247524752475,0.13079999999999997,0.13047694636252094,0.5905438629876307,0.0196,0.3586,0.5675571115973741,0.0
1278,0.35840000000000005,0.15760000000000002,0.5376,0.003976237623762377,0.0364,0.2432370356913108,0.8019999999999999,0.21400000000000002,0.35279999999999995,0.5166450592885374,0.0216
1279,0.22480000000000003,0.3032,0.5995999999999999,0.040704950495049505,0.0816,0.2276373043427216,0.7110831588962894,0.22959999999999997,0.5658000000000001,0.3252132868939067,0.0068000000000000005
1280,0.40120000000000006,0.49879999999999997,0.6664000000000001,0.0996,0.10800000000000001,0.37139376960990655,0.598665271170314,0.308,0.44200000000000006,0.6711231683168317,0.019184883338810386
1281,0.2,0.0824,0.7392000000000001,0.1719287128712871,0.16560000000000002,0.26077212616311796,0.8898830691754729,0.0596,0.3715988118811881,0.09312252964426877,0.005599999999999999
1282,0.0016,0.0084,0.5056,0.0204,0.0024000000000000002,0.16355663803732262,0.8283999999999999,0.0008,0.22799999999999998,0.0112,0.0
1283,0.11520000000000001,0.015569553805774277,0.41479999999999995,0.01992871287128713,0.07680000000000001,0.1,0.9376,0.0744,0.5205988118811881,0.07849075724963801,0.0016
1284,0.002,0.1484,0.3272,0.0636,0.027200000000000002,0.12883836272393728,0.6060943862987631,0.0132,0.33459999999999995,0.059367588932806324,0.0
1285,0.672,0.1436,0.6195999999999999,0.018328712871287126,0.05800000000000001,0.11232123817579964,0.6865887725975263,0.0688,0.3559996039603961,0.5267231683168316,0.010784883338810386
1286,0.13879999999999998,0.07790866141732285,0.7255999999999999,0.05136237623762376,0.0852,0.20725142415313566,0.43751018078020937,0.196,0.45019960396039604,0.3790463366336634,0.0008
1287,0.1156,0.01954341463414634,0.9468,0.026138613861386134,0.0504,0.2792128876828143,0.4513662280717622,0.0328,0.9380000000000001,0.0424,0.0012000000000000001
1288,0.2484,0.09919999999999998,0.44960000000000006,0.08320000000000002,0.086,0.23815545405423158,0.6782382492863939,0.0876,0.5528,0.3412,0.040400000000000005
1289,0.27959999999999996,0.13279999999999997,0.6931999999999999,0.045009900990099,0.052000000000000005,0.09523885172149231,0.850894386298763,0.14679999999999999,0.630199603960396,0.2551225296442688,0.010779760187207192
1290,0.0364,0.0092,0.492,0.009600000000000001,0.0516,0.10661929181929182,0.7856000000000001,0.046400000000000004,0.5274000000000001,0.09392252964426877,0.0004
1291,0.40359999999999996,0.0632,0.5512,0.04755247524752475,0.0696,0.04360000000000001,0.7637663177925784,0.1264,0.4865988118811881,0.3445046828161077,0.0412
1292,0.2212,0.06960000000000001,0.5684,0.06065742574257425,0.1076,0.2773025725763896,0.8260943862987631,0.17600000000000002,0.4937996039603961,0.19193709388330138,0.0084
1293,0.2688,0.03,0.7388,0.0168,0.07200000000000001,0.10999999999999999,0.8724000000000001,0.0172,0.5224,0.3487364552107385,0.002
1294,0.12840000000000001,0.09338687664041996,0.748,0.022681188118811882,0.07160000000000001,0.19465841162369277,0.9124000000000001,0.066,0.41479999999999995,0.20599999999999996,0.007195004929346041
1295,0.2352,0.0172,0.9672000000000001,0.0516,0.07239999999999999,0.2129025752456084,0.9996,0.012,0.0596,0.0132,0.0008
1296,0.348,0.12840000000000001,0.48600000000000004,0.034752475247524756,0.1496,0.2587720711871248,0.486494386298763,0.10759999999999999,0.5687992079207922,0.46416822760536924,0.0364
1297,0.022799999999999997,0.08480000000000001,0.6152,0.021152475247524748,0.0156,0.11477376787841335,0.9213887725975264,0.154,0.3343992079207921,0.1508272124603765,0.0016
1298,0.7248,0.0164,0.21480000000000002,0.005200000000000001,0.011200000000000002,0.1164383627239373,0.8492,0.1688,0.3812,0.22264569796110045,0.0008
1299,0.3524,0.16799999999999998,0.6224000000000001,0.03792871287128713,0.0736,0.04825743362858277,0.8989887725975262,0.176,0.5633992079207921,0.15754846475951945,0.0068000000000000005
1300,0.074,0.1888,0.7164,0.07260990099009901,0.21872099644128112,0.6199858041442393,0.5700167430620124,0.0796,0.11840000000000002,0.004,0.0048000000000000004
1301,0.5816000000000001,0.06799999999999999,0.4824,0.05600000000000001,0.04479999999999999,0.0588,0.9372,0.4608,0.2838,0.446,0.0016
1302,0.17120000000000002,0.015999999999999997,0.6492,0.08063366336633662,0.0608,0.1925028406592983,0.751294386298763,0.0252,0.6199984158415841,0.16073645521073848,0.0008
1303,0.3056,0.12279999999999999,0.6012000000000001,0.1351362831858407,0.072,0.2711606716181302,0.8418607040913415,0.15680000000000002,0.4588,0.30024569796110046,0.00559500492934604
1304,0.047599999999999996,0.024,0.9312000000000001,0.3872,0.1967209964412811,0.32051611333518426,0.34308315889628926,0.0504,0.8784000000000001,0.0968,0.002
1305,0.7548,0.05319999999999999,0.7908000000000002,0.03571485148514851,0.09280000000000001,0.3168772144454296,0.13010060201404663,0.054799999999999995,0.5043980198019802,0.35716430634367785,0.0124
1306,0.09440000000000001,0.009600000000000001,0.4715999999999999,0.007528712871287128,0.048,0.026000000000000002,0.9875999999999999,0.057999999999999996,0.48099920792079215,0.10352252964426878,0.0
1307,0.0684,0.07239999999999999,0.4596,0.009152475247524753,0.033999999999999996,0.331424137014846,0.6466831588962891,0.0328,0.3467980198019802,0.42010404414354474,0.002
1308,0.44800000000000006,0.1944,0.5716,0.03717623762376237,0.0432,0.26771655516447695,0.8228,0.1984,0.514,0.31880000000000003,0.047989880093603596
1309,0.0024000000000000002,0.0024000000000000002,0.3888,0.0835049504950495,0.0024000000000000002,0.13443836272393728,0.9464,0.0008,0.34240000000000004,0.06536758893280632,0.0
1310,0.1132,0.22760000000000002,0.8176,0.07115247524752474,0.042,0.19091606616692194,0.44089438629876304,0.2596,0.44480000000000003,0.37632252964426877,0.010799999999999999
1311,0.03,0.010400000000000001,0.4852,0.05505742574257425,0.0316,0.14145765454322912,0.9164,0.015999999999999997,0.36579920792079207,0.1765053214886706,0.0064
1312,0.3444,0.021599999999999998,0.5152,0.08557623762376237,0.030400000000000003,0.11767726161369194,0.6481438629876308,0.0472,0.5126,0.32704569796110045,0.0004
1313,0.17959999999999998,0.0492,0.7428,0.042,0.04360000000000001,0.2950946097799412,0.6965887725975262,0.08760000000000001,0.602599603960396,0.1588,0.02
1314,0.15360000000000001,0.0196,0.2572,0.029528712871287128,0.06839999999999999,0.14603836272393733,0.5455774554742361,0.11240000000000001,0.2761988118811881,0.1908385833365945,0.0012000000000000001
1315,0.05319999999999999,0.11200000000000002,0.7656000000000001,0.10515247524752476,0.0356,0.10469655343298374,0.946094386298763,0.013600000000000001,0.501,0.1248,0.015999999999999997
1316,0.048,0.11880000000000002,0.9523999999999999,0.1563049504950495,0.06559999999999999,0.20682470303399397,0.9769887725975261,0.0268,0.45520000000000005,0.0388,0.0012000000000000001
1317,0.0132,0.0708,0.5024,0.06395247524752476,0.0312,0.08683836272393729,0.9739999999999999,0.0024000000000000002,0.1948,0.07184505928853754,0.0048000000000000004
1318,0.010400000000000001,0.017143414634146342,0.3808,0.011881188118811881,0.016,0.04981907090464548,0.8856943862987631,0.0056,0.2948,0.11624505928853757,0.034
1319,0.09519999999999999,0.020308661417322835,0.4356,0.024328712871287128,0.0176,0.06061929181929182,0.9472943862987631,0.0492,0.4133984158415841,0.09064569796110046,0.0032
1320,0.17880000000000001,0.17600000000000002,0.6900000000000001,0.06432475247524752,0.2439696721311475,0.49000000000000005,0.6012440341083813,0.09359999999999999,0.7093980198019801,0.1945967174108715,0.018400000000000003
1321,0.43760000000000004,0.2028,0.7939999999999999,0.08797227722772276,0.154,0.5766579226261378,0.7413028026901773,0.1216,0.544799603960396,0.1556901185770751,0.014400000000000001
1322,0.7187999999999999,0.06439999999999999,0.5492,0.019976237623762376,0.048799999999999996,0.0432,0.9075775451950523,0.304,0.45380000000000004,0.22559999999999997,0.0032
1323,0.46040000000000003,0.056799999999999996,0.614,0.0236,0.1436,0.2546183733296216,0.5873887725975262,0.034,0.5154,0.2269682276053692,0.0016
1324,0.3992,0.039169553805774276,0.8868,0.009976237623762376,0.122,0.31277274271504096,0.9200943862987631,0.0804,0.7885992079207921,0.1865059601612335,0.0036000000000000003
1325,0.08800000000000001,0.039999999999999994,0.6135999999999999,0.08148118811881189,0.03,0.27448603371635155,0.9120943862987632,0.009600000000000001,0.3491988118811881,0.17553645521073846,0.011174633667325497
1326,0.192,0.0948,0.7495999999999998,0.04797623762376237,0.0664,0.20985841162369284,0.8864000000000001,0.07957158596694694,0.4819996039603961,0.28472252964426875,0.007994873480118304
1327,0.0008,0.0016,0.26799999999999996,0.0036000000000000003,0.0304,0.0928,0.8375999999999999,0.004,0.32880000000000004,0.05639999999999999,0.0
1328,0.0988,0.046400000000000004,0.5388,0.019576237623762375,0.0512,0.13785765454322912,0.7582831588962893,0.0636,0.5049980198019802,0.22281328689390678,0.0092
1329,0.3352,0.026000000000000002,0.4159999999999999,0.02388118811881188,0.011600000000000001,0.11145765454322912,0.9516,0.0,0.6161988118811881,0.0144,0.0012000000000000001
1330,0.08519999999999998,0.0952,0.6688000000000001,0.0304,0.0376,0.11639999999999999,0.8317887725975261,0.066,0.4598,0.1612,0.00919500492934604
1331,0.3804,0.0424,0.44719999999999993,0.008000000000000002,0.13679999999999998,0.24876049520252744,0.95,0.04560000000000001,0.852,0.0884,0.0016
1332,0.024399999999999998,0.0568,0.45,0.016800000000000002,0.0212,0.0908,0.9512,0.047200000000000006,0.126,0.46399999999999997,0.00639500492934604
1333,0.0984,0.0312,0.7767999999999999,0.06345742574257426,0.05,0.24403836272393736,0.6571549109484721,0.020800000000000003,0.7061999999999999,0.1129046828161077,0.0012000000000000001
1334,0.21680000000000002,0.32880000000000004,0.8628,0.04672871287128713,0.1232,0.28913415907645734,0.5477970095473079,0.1252,0.685399603960396,0.21096886627793215,0.0076
1335,0.17159999999999997,0.1512,0.8468,0.04595247524752476,0.07479999999999999,0.29750788945456713,0.7118378904031287,0.09079999999999999,0.662999603960396,0.2868,0.02
1336,0.4048,0.1464,0.5892,0.037433663366336634,0.1424,0.17501955990220047,0.6828943862987631,0.2016,0.37799920792079206,0.4506596235275702,0.01758475188958265
1337,0.0132,0.02,0.48040000000000005,0.032352475247524756,0.0388,0.09861929181929183,0.9015775451950523,0.6039999999999999,0.23199999999999998,0.07881456423903259,0.0044
1338,0.6408,0.0688,0.4104,0.14641584158415838,0.0784,0.2321542079762129,0.652125437426933,0.14120000000000002,0.2711944554455446,0.5565477368606426,0.0004
1339,0.182,0.004000000000000001,0.4248,0.009600000000000001,0.022799999999999997,0.05825743362858278,0.8184000000000001,0.13520000000000001,0.3974,0.1961046828161077,0.0016
1340,0.354,0.28680000000000005,0.8156000000000001,0.0436,0.07999999999999999,0.23123885172149228,0.8270604349288927,0.11199999999999999,0.6462000000000001,0.2144,0.023594875164257557
1341,0.28840000000000005,0.055600000000000004,0.6652,0.05752871287128712,0.0616,0.20220732003665987,0.7416943862987632,0.1336,0.5159980198019802,0.2272132868939068,0.005990009858692079
1342,0.08080000000000001,0.013600000000000001,0.3532,0.014799999999999999,0.0012000000000000001,0.06803858363858364,0.9576,0.0072,0.1176,0.0612,0.0064
1343,0.1452,0.0132,0.768,0.05663366336633663,0.08120000000000001,0.28814120338323557,0.2508943862987631,0.072,0.3882,0.1152,0.0
1344,0.08120000000000001,0.05673910761154856,0.5368,0.016776237623762378,0.0284,0.1203744306223524,0.9795999999999999,0.0324,0.46759722772277224,0.10529075724963799,0.00319000985869208
1345,0.40840000000000004,0.1052,0.8248,0.05896237623762375,0.04240000000000001,0.9936,0.6081885931558936,0.126,0.6081976237623763,0.22264505928853753,0.0092
1346,0.057199999999999994,0.06636955380577428,0.7295999999999999,0.012182178217821782,0.033999999999999996,0.08701929181929183,0.666,0.0376,0.5447988118811881,0.014400000000000001,0.0016
1347,0.0612,0.0312,0.4208,0.192,0.0092,0.12861929181929183,0.882,0.0392,0.266,0.06399999999999999,0.0032
1348,0.5108,0.09753910761154856,0.37520000000000003,0.028704950495049508,0.078,0.2352768417895355,0.7814831588962894,0.1072,0.49379920792079196,0.1937059601612335,0.0132
1349,0.3116,0.21880000000000002,0.7404,0.09004356435643564,0.15360000000000001,0.7145160189986596,0.877271841772999,0.16839999999999997,0.6468,0.2819231683168317,0.009600000000000001
1350,0.2452,0.138,0.8612,0.09693861386138614,0.10079999999999997,0.46931549678326123,0.41033254586434065,0.1632,0.23679999999999998,0.6516913959222009,0.0036000000000000003
1351,0.7307999999999999,0.1344,0.8056000000000001,0.05569108910891089,0.06999999999999999,0.31793508990330505,0.06842867052023122,0.028000000000000004,0.5027984158415842,0.5005053214886706,0.0024000000000000002
1352,0.0356,0.013199999999999998,0.9712,0.025786138613861385,0.16960000000000003,0.33843885172149235,0.265177455474236,0.0232,0.9132,0.030799999999999994,0.0012000000000000001
1353,0.2684,0.3164,0.6736000000000001,0.012776237623762376,0.1032,0.0760383627239373,0.8942607040913417,0.1032,0.2584,0.2444,0.002
1354,0.0016,0.0516,0.4304,0.06072871287128713,0.029199999999999997,0.08523836272393728,0.9448000000000001,0.0004,0.2294,0.08273517786561266,0.002
1355,0.1252,0.034,0.5812,0.10816237623762374,0.08152099644128113,0.29716022711961876,0.5223326355851571,0.068,0.37140000000000006,0.20178215317183895,0.015184755257861154
1356,0.29400000000000004,0.064,0.578,0.018776237623762376,0.1032,0.2108388517214923,0.713132635585157,0.0412,0.5234000000000001,0.2551231683168317,0.014799999999999999
1357,0.2312,0.166,0.6564,0.044328712871287125,0.0432,0.0012000000000000001,0.8924943862987631,0.1572,0.601999603960396,0.17872252964426877,0.0028
1358,0.2624,0.2524,0.7163999999999999,0.06920000000000001,0.06799999999999999,0.3456,0.7817887725975261,0.1016,0.5021996039603961,0.4686463366336634,0.010400000000000001
1359,0.6448,0.008,0.5736,0.08870495049504949,0.0524,0.1728,0.8952,0.0048000000000000004,0.30960000000000004,0.0632,0.0012000000000000001
1360,0.1444,0.036800000000000006,0.3756,0.12058613861386136,0.0152,0.18731584525227557,0.8290831588962891,0.072,0.6065988118811882,0.24181192032246704,0.006
1361,0.0128,0.011600000000000001,0.39320000000000005,0.14597623762376238,0.0068000000000000005,0.08101907090464547,0.9559999999999998,0.0004,0.18280000000000002,0.0364,0.0
1362,0.22560000000000002,0.09513862326842173,0.6103999999999999,0.0471049504950495,0.0816,0.3727212950120207,0.3517437732668145,0.072,0.6776,0.2087225296442688,0.0024000000000000002
1363,0.19080000000000003,0.2155695538057743,0.8055999999999999,0.030938613861386133,0.13716967213114756,0.15273486898865873,0.5313437732668145,0.0988,0.3148,0.3178596235275702,0.006
1364,0.3144,0.1584,0.6355999999999999,0.09550099009900989,0.11839999999999999,0.09720000000000001,0.8087593883066282,0.09559999999999999,0.4959964356435643,0.22545962352757015,0.03
1365,0.6072,0.1504,0.6744000000000001,0.06280000000000001,0.09359999999999999,0.2629551859713229,0.8176,0.244,0.1976,0.41432252964426886,0.0004
1366,0.4204,0.11239999999999999,0.5871999999999999,0.04241980198019802,0.1056,0.15047699353078325,0.8808,0.146,0.3959992079207921,0.19618151449927604,0.0048000000000000004
1367,0.5856,0.19436955380577428,0.7036,0.0284,0.044399999999999995,0.18633460090575005,0.8788719314938154,0.1692,0.5144,0.2847231683168317,0.007200000000000001
1368,0.296,0.132,0.5147999999999999,0.04595247524752476,0.08919999999999999,0.0024000000000000002,0.9104000000000001,0.16959999999999997,0.47159960396039596,0.21133189527648416,0.007200000000000001
1369,0.6407999999999999,0.5296000000000001,0.8760000000000001,0.035904950495049506,0.0836,0.31833508990330506,0.7068269321631038,0.7868,0.18539841584158415,0.053136455210738474,0.0004
1370,0.04,0.0252,0.366,0.040400000000000005,0.0884,0.12323836272393732,0.0164,0.016,0.5828,0.13016822760536922,0.0008
1371,0.46040000000000003,0.1635695538057743,0.7064,0.031176237623762378,0.08399999999999999,0.37150993978131186,0.7224718417729991,0.148,0.5581988118811881,0.3441078761789223,0.012400000000000001
1372,0.022,0.08719999999999999,0.5352,0.034728712871287135,0.0012000000000000001,0.20207721444542964,0.9643999999999998,0.011199999999999998,0.23599960396039604,0.049613925566469694,0.006799999999999999
1373,0.004,0.0032,0.35840000000000005,0.011976237623762378,0.0012000000000000001,0.10181929181929181,0.9628,0.0,0.2,0.0516,0.0004
1374,0.2564,0.05920000000000001,0.48840000000000006,0.03235247524752475,0.1012,0.24539354869526017,0.7041885931558935,0.038400000000000004,0.4109996039603961,0.3105688662779322,0.030784885022949637
1375,0.0372,0.0204,0.4224,0.0628,0.06,0.21476045070348385,0.826,0.013600000000000001,0.3584,0.057999999999999996,0.0008
1376,0.2428,0.15080000000000002,0.7256,0.05533861386138613,0.0516,0.4999967153639121,0.9170606143705253,0.1512,0.5671984158415841,0.13722785113293937,0.005200000000000001
1377,0.41159999999999997,0.18480000000000002,0.7268,0.10460990099009901,0.11399999999999999,0.3518190709046455,0.7557478020208891,0.0872,0.5435996039603961,0.13104505928853755,0.0196
1378,0.3252,0.16799999999999998,0.8775999999999999,0.27395247524752475,0.11560000000000001,0.19615496505667657,0.4808,0.062,0.8960000000000001,0.0892,0.008400000000000001
1379,0.052000000000000005,0.005599999999999999,0.374,0.030257425742574257,0.0056,0.06203836272393729,0.9708,0.013599999999999998,0.5003984158415842,0.12232316831683168,0.004
1380,0.31,0.4412,0.7112,0.030752475247524752,0.040400000000000005,0.20643482371487085,0.7290830691754728,0.18480000000000002,0.3748,0.6056901185770751,0.0184
1381,0.038400000000000004,0.0436,0.9056,0.02357623762376238,0.0508,0.20821788166284785,0.07609438629876308,0.029199999999999997,0.1748,0.07056822760536924,0.0
1382,0.4084,0.0232,0.096,0.06794851485148515,0.1512,0.22665722505111394,0.39654386298763084,0.17440000000000003,0.8208,0.16792316831683168,0.004000000000000001
1383,0.11599999999999999,0.4330477690288713,0.6904,0.047200000000000006,0.046400000000000004,0.17621929181929183,0.7767999999999999,0.558,0.35639960396039605,0.5450450592885375,0.0028
1384,0.26680000000000004,0.27480000000000004,0.6824,0.06952871287128712,0.1216,0.1764,0.6024943862987631,0.09720000000000001,0.7509996039603961,0.2263231683168317,0.0047950049293460405
1385,0.2864,0.036399999999999995,0.69,0.08576237623762376,0.017599999999999998,0.09207721444542961,0.862921408182683,0.0004,0.24220000000000003,0.0928,0.015200000000000002
1386,0.08280000000000001,0.0892,0.5536000000000001,0.041904950495049505,0.033600000000000005,0.13945358613133677,0.7788,0.026000000000000002,0.3484,0.16898151449927604,0.0047950049293460405
1387,0.1028,0.0548,0.4555999999999999,0.03752871287128713,0.0216,0.05021955990220049,0.958,0.018,0.48020000000000007,0.26280000000000003,0.0031948734801183045
1388,0.8036,0.022000000000000002,0.4288,0.07952871287128713,0.026000000000000002,0.1512,0.7460494766888678,0.040799999999999996,0.37739960396039607,0.27810468281610773,0.0
1389,0.2184,0.11439999999999999,0.6888000000000001,0.05357227722772277,0.1368,0.05800000000000001,0.5028618321135403,0.053200000000000004,0.4944,0.26378343051696473,0.01
1390,0.1236,0.0712,0.6620000000000001,0.015200000000000002,0.055600000000000004,0.26374093796954573,0.7985887725975263,0.06760000000000001,0.295599603960396,0.182890757249638,0.0024000000000000002
1391,0.122,0.1050477690288714,0.5364000000000001,0.1283762376237624,0.0228,0.13967716727716728,0.7494831588962892,0.09,0.39979960396039604,0.2724126482213439,0.013595004929346042
1392,0.08759999999999998,0.021200000000000004,0.4812,0.0188,0.012,0.03781907090464548,0.9104000000000001,0.0264,0.4305992079207921,0.2643225296442688,0.0008
1393,0.0772,0.024739107611548555,0.5268,0.06275247524752475,0.053200000000000004,0.08109623818181276,0.7567775451950524,0.041600000000000005,0.612599603960396,0.07344505928853755,0.004399999999999999
1394,0.0352,0.0204,0.6604,0.13192475247524751,0.055600000000000004,0.1324383627239373,0.734777455474236,0.047599999999999996,0.6745976237623762,0.04304569796110046,0.0024000000000000002
1395,0.1396,0.21680000000000002,0.8775999999999999,0.12244356435643564,0.0836,0.19424390051676116,0.9400719314938154,0.1132,0.3337984158415842,0.0512,0.0024000000000000002
1396,0.6728000000000001,0.0188,0.36480000000000007,0.06440000000000001,0.0172,0.1528383627239373,0.8644000000000001,0.016399999999999998,0.44999960396039607,0.19,0.0
1397,0.35039999999999993,0.5971695538057743,0.6608,0.03900990099009901,0.0472,0.5051323619059561,0.7346382492863939,0.48279999999999995,0.3671992079207921,0.5821059601612335,0.0024000000000000002
1398,0.010400000000000001,0.028000000000000004,0.6564,0.027552475247524754,0.036,0.06061907090464548,0.8844942965779469,0.0024000000000000002,0.33920000000000006,0.242,0.0256
1399,0.21480000000000002,0.1758477690288714,0.5436000000000001,0.1872316831683168,0.046,0.26717349979550464,0.5996,0.21480000000000002,0.3509956435643564,0.3082988455367276,0.013600000000000001
1400,0.4444,0.08680000000000002,0.7136000000000001,0.004399999999999999,0.0944,0.1502579226261378,0.6292943862987631,0.07880000000000001,0.532,0.4187231683168317,0.0316
1401,0.036800000000000006,0.0212,0.7792,0.05275247524752476,0.0216,0.15327743536007596,0.8020000000000002,0.178,0.6763992079207921,0.0324,0.0016
1402,0.2116,0.186,0.6388,0.06590495049504949,0.0512,0.0444,0.8215775451950524,0.08679999999999999,0.31319960396039603,0.5895849627303135,0.007194873480118305
1403,0.14079999999999998,0.029199999999999997,0.6288,0.04515247524752475,0.5488000000000001,0.12203836272393731,0.7483774554742361,0.2756,0.5929980198019802,0.19624505928853755,0.0048000000000000004
1404,0.4888,0.19196955380577427,0.7816,0.021599999999999998,0.25395391068279827,0.2520385836385836,0.9155775451950523,0.1384,0.558799603960396,0.18664505928853756,0.019200000000000002
1405,0.0868,0.0036,0.4128,0.48891485148515057,0.07039999999999999,0.20061907090464545,0.8121478922318806,0.13640000000000002,0.628106534653465,0.40401112041638987,0.002
1406,0.0988,0.08120000000000001,0.7379999999999999,0.022,0.0216,0.16221929181929184,0.9756,0.0988,0.1472,0.14880000000000002,0.004000000000000001
1407,0.0612,0.10800000000000001,0.2752,0.0993148514851485,0.0892,0.10261907090464548,0.9116943862987632,0.024800000000000003,0.1411988118811881,0.344763667671115,0.002779889952295676
1408,0.1904,0.09,0.5804,0.11493861386138612,0.0528,0.26443819864551205,0.5378876362544454,0.094,0.43539960396039606,0.3117053214886706,0.003994875164257556
1409,0.3876,0.1288,0.4064,0.09677623762376238,0.062,0.05781907090464548,0.8976943862987632,0.21280000000000002,0.3724,0.3414450592885375,0.0108
1410,0.04240000000000001,0.0904,0.6479999999999999,0.029599999999999998,0.0528,0.20647748252833828,0.8312943862987631,0.009600000000000001,0.39120000000000005,0.2593675889328063,0.0116
1411,0.0484,0.06000000000000001,0.7,0.12926732673267324,0.0528,0.09643885172149232,0.9856,0.016,0.3621980198019802,0.05904505928853755,0.0012000000000000001
1412,0.154,0.1524,0.7139999999999999,0.05025742574257426,0.094,0.14763836272393732,0.763932635585157,0.0852,0.4901984158415842,0.2947231683168317,0.0036000000000000003
1413,0.2144,0.0224,0.386,0.0124,0.09440000000000001,0.1425795216081293,0.8240494766888677,0.1312,0.5959999999999999,0.284,0.08
1414,0.602,0.1152,0.6264000000000001,0.024399999999999998,0.1068,0.06999999999999999,0.880894386298763,0.1708,0.11620000000000001,0.3625682276053692,0.0012000000000000001
1415,0.1244,0.11436906946264744,0.7632,0.0792,0.0864,0.2687348689886587,0.6599325458643408,0.1004,0.6615988118811881,0.094,0.002
1416,0.2364,0.1512,0.9067999999999999,0.3031049504950495,0.11120000000000001,0.2125798368593003,0.8779775451950522,0.14279999999999998,0.7274,0.19064633663366337,0.004
1417,0.0492,0.096,0.5683999999999999,0.047200000000000006,0.013600000000000001,0.20581907090464546,0.7656719314938154,0.016399999999999998,0.46719920792079206,0.2927231683168317,0.006794875164257556
1418,0.5052,0.0484,0.6076,0.0024000000000000002,0.1268,0.2434437314605816,0.4748,0.028000000000000004,0.6299996039603961,0.16616886627793215,0.0
1419,0.2044,0.11679999999999999,0.7784000000000001,0.04234851485148514,0.0132,0.2282962853500751,0.7855596574690772,0.17759999999999998,0.3964,0.35898215317183896,0.0064
1420,0.27080000000000004,0.1728,0.7116,0.20312871287128714,0.1068,0.20087797152589332,0.7387596574690771,0.3024,0.6216000000000002,0.3176,0.0032
1421,0.0,0.0028,0.29200000000000004,0.013857425742574259,0.0016,0.08821907090464548,0.8408000000000001,0.022800000000000004,0.22319801980198023,0.08331395922200917,0.0016
1422,0.1272,0.09193910761154855,0.5028,0.02357623762376238,0.035199999999999995,0.08931535625472058,0.9772000000000001,0.0252,0.38739881188118813,0.21425898485500725,0.0032
1423,0.0504,0.05193910761154855,0.6931999999999999,0.013999999999999999,0.012,0.16443385248275225,0.8128,0.002,0.429199603960396,0.0924,0.0008
1424,0.124,0.022708177074196,0.8544,0.01483960396039603,0.030800000000000004,0.4419587913923044,0.4404,0.016,0.5815758415841585,0.36175224826830515,0.0028
1425,0.1052,0.09,0.6348,0.07632871287128713,0.074,0.27193535798621377,0.9257663177925786,0.0736,0.5033992079207922,0.21984505928853756,0.0028
1426,0.0412,0.0684,0.7656,0.01748118811881188,0.0076,0.11873486898865873,0.9308,0.0308,0.6175968316831683,0.049226573787813574,0.0024000000000000002
1427,0.0992,0.0708,0.45840000000000003,0.02515247524752475,0.038000000000000006,0.07614191596465571,0.9768000000000001,0.08,0.4563992079207921,0.26825962352757016,0.0008
1428,0.3032,0.04673910761154856,0.48,0.0332,0.1644,0.17389601726716644,0.5866381595655776,0.10840000000000001,0.4081988118811881,0.43344569796110044,0.0024000000000000002
1429,0.12320000000000002,0.05639999999999999,0.6364,0.06098613861386139,0.0784,0.1569155771693669,0.917271841772999,0.0588,0.6133928712871286,0.0694988455367276,0.0004
1430,0.3084,0.1567695538057743,0.7988000000000002,0.08112871287128713,0.08480000000000001,0.2401536718103955,0.7392719314938154,0.11359999999999999,0.550399603960396,0.14464569796110047,0.018
1431,0.0,0.0008,0.2976,0.004000000000000001,0.026000000000000002,0.0944,0.8652000000000001,0.0016,0.33520000000000005,0.052000000000000005,0.0
1432,0.334,0.16436955380577428,0.7216000000000001,0.0769148514851485,0.092,0.25815389272504186,0.9088,0.0924,0.654799207920792,0.18458279184440182,0.018
1433,0.2364,0.1444,0.47759999999999997,0.16799999999999998,0.07760000000000002,0.11007770344298462,0.8008000000000001,0.0624,0.3436,0.44912252964426874,0.016800000000000002
1434,0.11640000000000002,0.0436,0.7124,0.06435247524752476,0.1476,0.16181929181929183,0.7628,0.046,0.5966,0.1155231683168317,0.0028
1435,0.27280000000000004,0.3188,0.754,0.053081188118811885,0.0804,0.3902577612169313,0.7249931602348659,0.21960000000000002,0.42739960396039606,0.4906463366336634,0.009590009858692081
1436,0.07120000000000001,0.033600000000000005,0.46959999999999996,0.05035247524752475,0.0012000000000000001,0.09040000000000001,0.9088943862987631,0.0016,0.3164,0.20312252964426877,0.0
1437,0.07599999999999998,0.2379695538057743,0.6620000000000001,0.03,0.006,0.11193464807401239,0.8448943862987631,0.0704,0.330199603960396,0.3224132868939068,0.0008
1438,0.182,0.0048000000000000004,0.4628,0.015576237623762373,0.0792,0.0508,0.9860000000000001,0.059199999999999996,0.096,0.49672252964426883,0.0
1439,0.1296,0.03716955380577428,0.5212,0.02308118811881188,0.07759999999999999,0.25389579635252,0.7046831588962894,0.146,0.6994,0.23865962352757014,0.006
1440,0.5424,0.1152,0.6424000000000001,0.01957623762376238,0.0676,0.23945721271393644,0.9092719314938155,0.1176,0.5858,0.1252,0.0024000000000000002
1441,0.8664,0.004399999999999999,0.7816000000000001,0.0039762376237623765,0.10200000000000001,0.17443836272393728,0.9968,0.1344,0.7508000000000001,0.4393688662779322,0.0028
1442,0.1036,0.09440000000000001,0.37839999999999996,0.031992079207920784,0.056799999999999996,0.07101955990220049,0.6956,0.0472,0.4803992079207921,0.18019544006574567,0.0036000000000000003
1443,0.0036000000000000003,0.17153910761154859,0.7904,0.192,0.11639999999999999,0.23171682324738557,0.9460000000000001,0.0016,0.7062,0.0656,0.0
1444,0.49399999999999994,0.013999999999999999,0.8628,0.0011762376237623763,0.1424,0.149238630806846,0.772,0.0392,0.8932,0.021200000000000004,0.006
1445,0.49800000000000005,0.27480000000000004,0.6312,0.1116,0.0616,0.16670761170369974,0.7440494766888678,0.264,0.5153996039603961,0.4243225296442688,0.0028
1446,0.08,0.0396,0.3652,0.18449865942346447,0.024399999999999998,0.2768767254478746,0.8939999999999999,0.005600000000000001,0.15799920792079208,0.2628225632998083,0.0
1447,0.0132,0.0576,0.6796,0.008,0.0196,0.14219283878305883,0.6851999999999999,0.132,0.356199603960396,0.07192252964426878,0.0012000000000000001
1448,0.1928,0.0264,0.5548,0.0636,0.0092,0.0552383627239373,0.8919775451950522,0.020800000000000003,0.534,0.3024,0.0
1449,0.0708,0.009999999999999998,0.308,0.02835247524752475,0.0248,0.07661907090464548,0.7682831588962892,0.1212,0.43920000000000003,0.5523364552107385,0.007200000000000001
1450,0.158,0.16519999999999999,0.5995999999999999,0.017176237623762376,0.0484,0.19981907090464546,0.8612,0.1044,0.37279999999999996,0.4794450592885376,0.006784885022949635
1451,0.1172,0.053569069462647445,0.7232000000000001,0.0172,0.0208,0.16011579808401324,0.8529886828767099,0.0332,0.3216,0.0972,0.008000000000000002
1452,0.5352,0.0664,0.3972,0.03280000000000001,0.0764,0.27701929181929186,0.5933887725975262,0.328,0.5820000000000001,0.05639999999999999,0.0004
1453,0.05920000000000001,0.10396955380577429,0.4720000000000001,0.0236,0.0924,0.17781929181929182,0.7589663177925786,0.0264,0.496999603960396,0.2693682276053692,0.0028
1454,0.0016,0.0536,0.40679999999999994,0.06432871287128714,0.027599999999999996,0.0796383627239373,0.9192,0.0,0.21359999999999996,0.08993517786561264,0.002
1455,0.8019999999999999,0.005817322834645669,0.8016,0.0028,0.22400000000000003,0.24427098405533615,0.998,0.028800000000000003,0.6476,0.23475101944977106,0.005200000000000001
1456,0.048,0.0744,0.5871999999999999,0.015176237623762375,0.046799999999999994,0.13623039725827013,0.4692,0.0092,0.15399960396039605,0.5093040441435448,0.002
1457,0.24359999999999998,0.1012,0.6872,0.13157227722772277,0.11240000000000001,0.539458143540784,0.8635999999999999,0.1272,0.6261980198019802,0.1502112816499041,0.005200000000000001
1458,0.0612,0.013599999999999998,0.5464,0.0024000000000000002,0.11640000000000002,0.20490257524560834,0.5664,0.017599999999999998,0.5932000000000001,0.13440000000000002,0.0024000000000000002
1459,0.292,0.0916,0.6819999999999999,0.07112871287128712,0.019200000000000002,0.10825787545787546,0.8872,0.26280000000000003,0.583,0.2452913959222009,0.0084
1460,0.0384,0.2076,0.4452,0.10155247524752475,0.1308,0.231639119804401,0.8240000000000001,0.006,0.3446,0.27576822760536923,0.0104
1461,0.1616,0.10879999999999998,0.5236000000000001,0.0132,0.04959999999999999,0.15494137979883837,0.8372943862987631,0.1152,0.48919999999999997,0.1052,0.0028
1462,0.1588,0.13399999999999998,0.562,0.10223366336633663,0.028800000000000003,0.08221907090464547,0.8913887725975262,0.0184,0.23579762376237623,0.31606178530896567,0.004
1463,0.198,0.2616,0.666,0.1132,0.1,0.5278832807570978,0.8765887725975261,0.16160000000000002,0.4004,0.4397675889328063,0.020800000000000003
1464,0.22480000000000003,0.01,0.538,0.03555247524752475,0.0504,0.07967699353078327,0.8273006020140465,0.1344,0.32460000000000006,0.3621688662779321,0.0
1465,0.029199999999999997,0.0356,0.4680000000000001,0.0068000000000000005,0.004399999999999999,0.11531579808401324,0.85,0.0196,0.3556,0.17352252964426879,0.002
1466,0.047599999999999996,0.1592,0.4507999999999999,0.006,0.028399999999999998,0.11781907090464547,0.9148,0.09640000000000001,0.2072,0.3588,0.004400000000000001
1467,0.4236,0.192,0.674,0.05025742574257426,0.1696,0.22556008989729195,0.8290380698447614,0.21760000000000002,0.5551984158415842,0.25381128164990413,0.0028
1468,0.0704,0.12279999999999999,0.7472,0.0132,0.011199999999999998,0.2468771672771673,0.9635999999999999,0.03,0.4875999999999999,0.08359999999999998,0.0024000000000000002
1469,0.14279999999999998,0.149508177074196,0.7948,0.01595247524752475,0.018,0.122979789691038,0.6807325458643406,0.04360000000000001,0.34800000000000003,0.146,0.0064
1470,0.0108,0.012,0.6192,0.014776237623762376,0.015200000000000002,0.12211530908645825,0.8855999999999999,0.055200000000000006,0.6371996039603961,0.1248901185770751,0.002
1471,0.09720000000000001,0.0288,0.4948,0.014800000000000002,0.05636967213114754,0.08741929181929181,0.7335999999999999,0.046,0.45280000000000004,0.3336,0.002
1472,0.3168,0.1336,0.5923999999999999,0.08839603960396039,0.1276,0.0108,0.7960312300796273,0.13240000000000002,0.6583980198019803,0.17658215317183892,0.009600000000000001
1473,0.018000000000000002,0.052000000000000005,0.746,0.013552475247524754,0.0028,0.09273562606912242,0.7496,0.0176,0.766198811881188,0.019200000000000002,0.0012000000000000001
1474,0.6684,0.110817536798726,0.788,0.0028,0.2116,0.25070978860856613,0.9916,0.021200000000000004,0.723398811881188,0.2718748264391656,0.009600000000000001
1475,0.7212,0.1032,0.5508000000000001,0.01597623762376238,0.10400000000000001,0.24717425687596836,0.6928943862987631,0.0132,0.42059920792079203,0.45264569796110043,0.0124
1476,0.2652,0.2592,0.794,0.08418613861386137,0.14279999999999998,0.34639999999999993,0.5572850046850185,0.062,0.6157996039603961,0.2630463366336634,0.0312
1477,0.33280000000000004,0.0568,0.6572000000000001,0.11788118811881187,0.0284,0.22301929181929178,0.8904943862987631,0.11479999999999999,0.33599999999999997,0.34839999999999993,0.0016
1478,0.06720000000000001,0.19359999999999997,0.5768,0.1339207920792079,0.13076967213114754,0.3259990316728487,0.4019775451950524,0.1708,0.5339984158415841,0.15621544867530232,0.014400000000000001
1479,0.1448,0.019999999999999997,0.642,0.035199999999999995,0.0128,0.13814093530032692,0.4728,0.0324,0.4469992079207922,0.05824633663366337,0.0
1480,0.2844,0.17320000000000002,0.6020000000000001,0.06397623762376238,0.08280000000000001,0.20025721271393643,0.7872,0.10359999999999998,0.48939960396039606,0.2796,0.007984751889582649
1481,0.4976,0.27999999999999997,0.6888,0.06755247524752475,0.0748,0.17325298548232534,0.8096,0.2536,0.5071996039603961,0.32080000000000003,0.004394873480118305
1482,0.7492,0.0492,0.36480000000000007,0.029976237623762374,0.11239999999999999,0.15080000000000002,0.604,0.2712,0.1996,0.28952252964426883,0.0004
1483,0.3012,0.09796955380577428,0.5408000000000001,0.0172,0.006000000000000001,0.09883863080684596,0.9688000000000001,0.0492,0.3792,0.19256758893280634,0.0016
1484,0.118,0.053200000000000004,0.46559999999999996,0.007952475247524753,0.0648,0.10203836272393729,0.7069887725975262,0.0316,0.22359999999999997,0.6623999999999999,0.019200000000000002
1485,0.029199999999999997,0.09280000000000001,0.8012,0.023200000000000002,0.148,0.15185743362858278,0.6481887725975263,0.0124,0.5008,0.5052,0.0003948751642575559
1486,0.40359999999999996,0.1868,0.7928,0.016728712871287126,0.08360000000000001,0.32414101899264647,0.8628943862987631,0.16999999999999998,0.43519881188118814,0.2195491034320823,0.0116
1487,0.0728,0.033600000000000005,0.4484,0.05437623762376238,0.014799999999999999,0.13345765454322914,0.6524,0.11239999999999999,0.6523984158415841,0.09792252964426877,0.0016
1488,0.0644,0.0028,0.7824,0.05660990099009901,0.0632,0.13581907090464546,0.6060942965779468,0.027599999999999996,0.1404,0.035199999999999995,0.0044
1489,0.0,0.064,0.39239999999999997,0.0419049504950495,0.0004,0.09323836272393729,0.4492,0.0,0.19519999999999998,0.0248,0.003999999999999999
1490,0.10840000000000001,0.0904,0.6636,0.052000000000000005,0.1008,0.1762192918192918,0.8308,0.002,0.35239999999999994,0.1272,0.0004
1491,0.25,0.1276,0.7924,0.0977148514851485,0.009600000000000001,0.16793491615692105,0.7651101807802092,0.17719999999999997,0.488,0.39538151449927605,0.0028
1492,0.356,0.0844,0.36360000000000003,0.03752871287128713,0.0704,0.1552,0.9231999999999999,0.0696,0.2426,0.4446463366336634,0.006
1493,0.44320000000000004,0.21680000000000002,0.6796,0.061338613861386136,0.13440000000000002,0.35523836272393733,0.7553747341839929,0.11240000000000001,0.559199603960396,0.23264569796110046,0.0128
1494,0.0,0.041600000000000005,0.4364,0.056328712871287136,0.0008,0.0988383627239373,0.7037887725975261,0.0188,0.46399999999999997,0.0596,0.0028
1495,0.3428,0.16119999999999998,0.7091999999999998,0.06889108910891088,0.1252,0.1903736735418887,0.8367775451950523,0.1356,0.6339988118811881,0.41201392556646976,0.027200000000000002
1496,0.0236,0.08560000000000001,0.7188000000000001,0.06200000000000001,0.057199999999999994,0.2404388517214923,0.802332635585157,0.0368,0.4344,0.08520000000000001,0.007200000000000001
1497,0.5132,0.048799999999999996,0.6136,0.10103366336633664,0.1016,0.20981929181929182,0.9592943862987632,0.07200000000000001,0.5575976237623762,0.1630602622001331,0.0068000000000000005
1498,0.344,0.2424,0.6628000000000001,0.027904950495049506,0.1735842385516507,0.44479810027749894,0.8458607040913415,0.1336,0.45839960396039603,0.505460900872696,0.05756464184187833
1499,0.2828,0.13520000000000001,0.6195999999999999,0.03912475247524752,0.031999999999999994,0.2752893159516393,0.8266830691754729,0.12279999999999999,0.5231984158415841,0.30068090948225257,0.0084
1500,0.7468,0.34996955380577427,0.7856,0.0156,0.2212,0.2005157509157509,0.8005438629876307,0.2076,0.384,0.5212000000000001,0.04355990798554058
1501,0.004399999999999999,0.2175695538057743,0.9884000000000001,0.07279603960396039,0.17112099644128115,0.5041544760591216,0.560906831444252,0.0092,0.6479999999999999,0.0056,0.0024000000000000002
1502,0.16719999999999996,0.04276955380577428,0.7384000000000001,0.23218613861386136,0.028000000000000004,0.26198678213934934,0.6871999999999999,0.14320000000000002,0.421599603960396,0.1842741877666027,0.0028
1503,0.162,0.10399999999999998,0.69,0.05298613861386139,0.05196967213114754,0.09681208343408834,0.6385887725975261,0.14040000000000002,0.3932,0.3176139255664697,0.010400000000000001
1504,0.4324,0.13753910761154856,0.49000000000000005,0.04635247524752475,0.048799999999999996,0.2018579226261378,0.8334831588962892,0.0712,0.3851976237623762,0.31503193803653984,0.0024000000000000002
1505,0.5904,0.20227821522309714,0.8388,0.08799603960396038,0.0644,0.22985792262613777,0.6976269321631038,0.3076,0.2725980198019802,0.08130404414354479,0.004399999999999999
1506,0.3632000000000001,0.3715695538057743,0.756,0.03792871287128713,0.1056,0.26859328061235155,0.5638607040913417,0.23479999999999998,0.40440000000000004,0.5549675889328063,0.01
1507,0.2528,0.1896,0.6204,0.07512871287128713,0.1348,0.17429655343298375,0.7960943862987631,0.10200000000000001,0.45159960396039606,0.37352252964426874,0.004
1508,0.029599999999999998,0.1044,0.35280000000000006,0.13086336633663362,0.0368,0.1815998385907935,0.7022831588962892,0.8204,0.582599207920792,0.26187482643916565,0.0012000000000000001
1509,0.44320000000000004,0.08996906946264745,0.6003999999999999,0.11013861386138613,0.024799999999999996,0.1324388517214923,0.9113887725975263,0.2072,0.43,0.29827418776660275,0.0068000000000000005
1510,0.12840000000000001,0.03308203790256806,0.2812,0.0032,0.013600000000000001,0.17425770171149144,0.9243550903901048,0.07359999999999998,0.5192,0.23479999999999998,0.0064
1511,0.1804,0.2023723002514594,0.7312000000000001,0.23258613861386138,0.12520000000000003,0.1171359413202934,0.9772000000000001,0.07799999999999999,0.46619920792079217,0.24552252964426877,0.01399500492934604
1512,0.3224,0.0328,0.5212000000000001,0.10277623762376238,0.1136,0.11861929181929183,0.525932635585157,0.0444,0.1856,0.07544505928853754,0.039195004929346036
1513,0.20599999999999996,0.0232,0.7952000000000001,0.010304950495049505,0.016,0.1028,0.634,0.0764,0.5539992079207922,0.3769325339490471,0.0016
1514,0.11600000000000002,0.0064,0.2364,0.0016,0.008,0.11763863080684596,0.9591775451950522,0.0968,0.41879999999999995,0.26864569796110044,0.0056
1515,0.7404000000000002,0.07120000000000001,0.6567999999999999,0.02166732673267327,0.0636,0.22952145909044602,0.8709887725975263,0.1924,0.49559999999999993,0.269290757249638,0.0024000000000000002
1516,0.1348,0.028000000000000004,0.6708000000000001,0.014752475247524755,0.0628,0.21876045070348385,0.8388,0.008000000000000002,0.366599603960396,0.045599999999999995,0.0012000000000000001
1517,0.3356,0.21000000000000002,0.7939999999999999,0.10489375404830201,0.1888,0.3840127933462897,0.770237980123945,0.21839999999999998,0.6037992079207921,0.24505962352757016,0.015589750328515112
1518,0.39879999999999993,0.1032,0.26000000000000006,0.06355247524752475,0.12396967213114754,0.33775420797621286,0.8497438629876308,0.0736,0.2744,0.070490757249638,0.0028
1519,0.28280000000000005,0.192,0.6384,0.0708,0.074,0.29451628708156824,0.8799775451950523,0.15360000000000001,0.3804,0.2731231683168317,0.00959500492934604
1520,0.27440000000000003,0.29790866141732286,0.8044,0.07785742574257426,0.08120000000000001,0.8236508408190559,0.7049663177925785,0.18839999999999998,0.5879996039603961,0.3137675889328063,0.02876438062756211
1521,0.0972,0.015999999999999997,0.538,0.0228,0.0228,0.06807694636252093,0.9655999999999999,0.0548,0.30640000000000006,0.12472252964426878,0.0008
1522,0.074,0.1888,0.7164,0.07260990099009901,0.21872099644128112,0.6199858041442393,0.5700167430620124,0.0796,0.11840000000000002,0.004,0.0048000000000000004
1523,0.3236,0.0252,0.4732,0.007481188118811882,0.13520000000000001,0.15895416080795055,0.37037754519505234,0.13440000000000002,0.15779920792079208,0.5206596235275702,0.0016
1524,0.11080000000000001,0.0968,0.7112,0.0408,0.074,0.21704355504497883,0.843721408182683,0.124,0.7664000000000001,0.18313709388330138,0.0144
1525,0.144,0.19360000000000002,0.8671999999999999,0.03343366336633663,0.1668,0.1686314695899048,0.6212492972472351,0.046,0.5313996039603961,0.21424505928853757,0.0188
1526,0.07320000000000002,0.06720000000000001,0.5307999999999999,0.02272871287128713,0.04360000000000001,0.25541907090464544,0.7939550006692884,0.038,0.35679960396039606,0.051768227605369234,0.0
1527,0.0828,0.24753910761154857,0.5676,0.0435049504950495,0.17832099644128113,0.4705168232473856,0.6144577136386495,0.10600000000000001,0.2942,0.17792316831683166,0.011194875164257555
1528,0.0408,0.06116955380577428,0.9452,0.01948118811881188,0.0356,0.2553790771096178,0.2630606143705253,0.122,0.415799603960396,0.15885506359331586,0.0008
1529,0.2664,0.022,0.46440000000000003,0.018776237623762373,0.035199999999999995,0.044219070904645476,0.9196,0.08,0.36760000000000004,0.488980875826713,0.0016
1530,0.0748,0.005200000000000001,0.7604,0.3859524752475248,0.12440000000000002,0.27415469697376793,0.9872,0.0064,0.684,0.08064505928853755,0.0008
1531,0.5616000000000001,0.1863129684399206,0.6036,0.03197623762376238,0.0344,0.22361261959990567,0.48689438629876314,0.2124,0.32239999999999996,0.286,0.0152
1532,0.05800000000000001,0.22360000000000002,0.7628,0.04150495049504951,0.0092,0.14321181535117966,0.8373230568189942,0.0876,0.37359920792079204,0.3507491034320823,0.0
1533,0.386,0.0396,0.7428,0.0196,0.0376,0.2429796229433939,0.8432000000000001,0.0764,0.37699960396039606,0.32032252964426877,0.0004
1534,0.2856,0.2548,0.6764,0.08112871287128712,0.022800000000000004,0.22952208797954654,0.9121887725975262,0.1048,0.613999603960396,0.19032252964426877,0.0268
1535,0.6508,0.032,0.5548,0.0,0.0784,0.22698001060568435,0.9972000000000001,0.07680000000000001,0.5957999999999999,0.3677999107736861,0.0016
1536,0.2036,0.13116955380577427,0.7628,0.07462970297029703,0.11346461548890016,0.33815523313958523,0.5174830691754729,0.05,0.6099992079207921,0.10058087582671311,0.0012000000000000001
1537,0.0176,0.032,0.592,0.04223366336633663,0.011199999999999998,0.07443858363858363,0.866,0.012,0.5285984158415842,0.08290532148867061,0.0
1538,0.056400000000000006,0.004000000000000001,0.38680000000000003,0.46978217821782353,0.07519999999999999,0.17560000000000003,0.8192535059331176,0.038400000000000004,0.5999449504950494,0.3070541728955503,0.0008
1539,0.0068000000000000005,0.014339107611548557,0.46399999999999997,0.0124,0.06520000000000001,0.13363863080684596,0.5976718417729991,0.062,0.3032,0.06120000000000001,0.0
1540,0.28680000000000005,0.05639999999999999,0.4539999999999999,0.030799999999999994,0.1024,0.13793486898865873,0.7208943862987629,0.1484,0.3834000000000001,0.36112316831683167,0.028774374137148527
1541,0.0168,0.027200000000000002,0.7716000000000001,0.019176237623762377,0.029599999999999998,0.11428328075709779,0.7588,0.0,0.3104,0.3252,0.004000000000000001
1542,0.07039999999999999,0.0024000000000000002,0.5820000000000001,0.09105742574257425,0.0092,0.10400000000000001,0.924,0.006,0.516,0.1244,0.0128
1543,0.4556,0.22316955380577425,0.604,0.030328712871287127,0.0764,0.0568388517214923,0.8053887725975262,0.21279999999999996,0.488799603960396,0.40521520291159546,0.06768638908885044
1544,0.0016,0.0244,0.5272,0.0308,0.0028,0.1468383627239373,0.7487999999999999,0.006000000000000001,0.6184,0.04440000000000001,0.0
1545,0.038799999999999994,0.0108,0.49239999999999995,0.0064,0.0628,0.1178190709046455,0.8400942965779468,0.05600000000000001,0.19840000000000002,0.1292,0.002
1546,0.0324,0.052769553805774284,0.5944,0.03350495049504951,0.0016,0.07869650626472144,0.8988943862987631,0.0268,0.47519920792079207,0.06819735608343444,0.0
1547,0.22600000000000003,0.0372,0.7496,0.08957623762376236,0.046,0.23232205209248438,0.6652044773581561,0.060399999999999995,0.556199603960396,0.0908,0.0152
1548,0.5519999999999999,0.0256,0.7824,0.0884,0.13,0.09741907090464548,0.9148,0.0716,0.462,0.03752316831683168,0.002
1549,0.07520000000000002,0.0516,0.6,0.05717623762376238,0.0664,0.10221929181929183,0.9427999999999999,0.0012000000000000001,0.22999999999999998,0.0912,0.0
1550,0.36239999999999994,0.12756955380577428,0.7188000000000001,0.028186138613861385,0.0204,0.19638531514668434,0.793294386298763,0.1676,0.47939881188118816,0.599691395922201,0.0072
1551,0.009600000000000001,0.004000000000000001,0.406,0.030209900990099004,0.0012000000000000001,0.06545765454322912,0.9960000000000001,0.0032,0.549598811881188,0.017123168316831687,0.0
1552,0.014799999999999999,0.0804,0.7136,0.05868118811881188,0.008,0.19109699526227644,0.7696943862987631,0.03,0.5259988118811881,0.03912252964426878,0.007200000000000001
1553,0.3352,0.0496,0.6204000000000001,0.0308,0.1412,0.11811584525227556,0.6877933396764986,0.0548,0.4788,0.5391999999999999,0.0084
1554,0.047599999999999996,0.008,0.5024000000000001,0.04835514018691589,0.049169672131147535,0.09110805353299241,0.8888,0.002,0.24939999999999998,0.2603225296442688,0.0
1555,0.3912,0.19676955380577427,0.7288,0.0372,0.0196,0.3367777144887169,0.8089885931558936,0.1212,0.38120000000000004,0.4139225296442688,0.006
1556,0.0124,0.051169069462647446,0.37679999999999997,0.008400000000000001,0.038,0.2709153562547206,0.6269660486301295,0.022,0.5528000000000001,0.0304,0.004
1557,0.048,0.0832,0.5044000000000001,0.044,0.0124,0.20469699526227644,0.963694386298763,0.0168,0.284,0.048400000000000006,0.0047950049293460405
1558,0.01,0.0468,0.4464,0.0456,0.0064,0.0480383627239373,0.9747999999999999,0.005200000000000001,0.1812,0.37520000000000003,0.020764771606966808
1559,0.07239999999999999,0.16,0.8291999999999999,0.009999999999999998,0.0076,0.2157416923807906,0.9012,0.046,0.5702,0.14319999999999997,0.012
1560,0.2656,0.0512,0.5439999999999999,0.0196,0.012,0.09368907696487158,0.950894386298763,0.07880000000000001,0.305799603960396,0.32409075724963804,0.004
1561,0.0372,0.0904,0.9292,0.042776237623762384,0.09152099644128113,0.3956385836385836,0.13197754519505234,0.022799999999999997,0.9256,0.05752252964426878,0.0016
1562,0.3996,0.244,0.7252,0.06745742574257425,0.08800000000000001,0.2946581435407841,0.5773663177925785,0.13799999999999998,0.5815980198019801,0.3516291284780652,0.037995004929346037
1563,0.05720000000000001,0.0196,0.27759999999999996,0.008799999999999999,0.0104,0.07243863080684596,0.8014831588962894,0.0128,0.49720000000000003,0.2076,0.032
1564,0.08480000000000001,0.1068,0.6116,0.038376237623762376,0.055999999999999994,0.1686574336285828,0.8244989533777355,0.014800000000000002,0.6779976237623763,0.1596139255664697,0.0004
1565,0.0948,0.0324,0.4016,0.020776237623762375,0.044399999999999995,0.07905792262613778,0.6916,0.01,0.5219988118811881,0.2048145642390326,0.0044
1566,0.37279999999999996,0.045200000000000004,0.5908,0.03955247524752475,0.0184,0.064,0.9763999999999999,0.07799999999999999,0.2642,0.2816,0.0092
1567,0.0244,0.0492,0.5636000000000001,0.025881188118811883,0.07239999999999999,0.16763858363858364,0.9722831588962892,0.026000000000000002,0.6273976237623764,0.13553709388330137,0.0048000000000000004
1568,0.5004000000000001,0.0132,0.49879999999999997,0.007552475247524752,0.08120000000000001,0.17632235606245522,0.998,0.0752,0.4155980198019802,0.36255029155089424,0.0012000000000000001
1569,0.029200000000000004,0.037200000000000004,0.41600000000000004,0.006,0.058399999999999994,0.09130279616025472,0.6912943862987632,0.01,0.6892,0.0368,0.0004
1570,0.12279999999999999,0.11953862326842173,0.9444000000000001,0.10190495049504952,0.1252,0.22593567323738473,0.9665887725975262,0.0776,0.793998811881188,0.12865962352757015,0.0008
1571,0.12239999999999998,0.0472,0.236,0.04440000000000001,0.0208,0.15847699353078326,0.821532635585157,0.0744,0.246,0.34440000000000004,0.002
1572,0.094,0.024399999999999998,0.438,0.0027762376237623764,0.0528,0.1226579226261378,0.8181663177925784,0.010799999999999999,0.4688,0.3708,0.0008
1573,0.3672000000000001,0.02793910761154856,0.7932,0.014800000000000002,0.0708,0.2308247050549797,0.5421887725975262,0.0168,0.0892,0.022799999999999997,0.010400000000000001
1574,0.0128,0.0268,0.296,0.0352,0.031599999999999996,0.03367721444542961,0.8976000000000001,0.0108,0.37520000000000003,0.29472252964426876,0.0004
1575,0.2664,0.0072,0.7844,0.024,0.1328,0.34250306424316346,0.09119999999999999,0.05600000000000001,0.6048,0.044399999999999995,0.003999999999999999
1576,0.29800000000000004,0.16236955380577428,0.6476,0.07849108910891088,0.11714361904761905,0.1988,0.9314830691754729,0.1784,0.446399207920792,0.30296822760536923,0.010784885022949636
1577,0.4076000000000001,0.012,0.7236,0.027200000000000002,0.03,0.16381743983355515,0.5195775451950524,0.26159999999999994,0.6652,0.2772,0.0064
1578,0.012000000000000002,0.05916906946264744,0.3856,0.008,0.0332,0.3316767726161369,0.5569435041043655,0.041600000000000005,0.46319999999999995,0.0248,0.0052
1579,0.1992,0.25680000000000003,0.6996,0.05806732673267327,0.029599999999999998,0.0516,0.7946830691754728,0.22600000000000003,0.5814,0.20041456423903262,0.010400000000000001
1580,0.3788,0.2896,0.776,0.13040000000000002,0.032,0.4130708199769108,0.7112943862987631,0.14400000000000002,0.5058,0.3224478688470122,0.009999999999999998
1581,0.0224,0.034,0.51,0.019552475247524754,0.002,0.07887721444542961,0.9347999999999999,0.044,0.5667996039603961,0.0328,0.0016
1582,0.2908,0.0716,0.43079999999999996,0.013600000000000001,0.024399999999999998,0.20021907090464547,0.5244943862987631,0.10599999999999998,0.30399960396039605,0.18592252964426875,0.0
1583,0.17800000000000002,0.0196,0.4284,0.008400000000000001,0.122,0.2124628468642707,0.4328,0.0776,0.48199999999999993,0.20224633663366337,0.007200000000000001
1584,0.076,0.0656,0.7508,0.05475247524752476,0.0844,0.2174192918192918,0.232377455474236,0.0748,0.7987992079207921,0.09841392556646969,0.01
1585,0.7815999999999999,0.4529863922972931,0.8531999999999998,0.02183366336633663,0.1072,0.2751220879795465,0.0528,0.834,0.23480000000000004,0.0848,0.004
1586,0.0536,0.0048000000000000004,0.594,0.0068000000000000005,0.05840000000000001,0.0716383627239373,0.665694386298763,0.0152,0.2848,0.026000000000000002,0.0
1587,0.386,0.05600000000000001,0.5147999999999999,0.046,0.044800000000000006,0.1522576545432291,0.8963775451950523,0.2092,0.39259999999999995,0.09759999999999999,0.0036000000000000003
1588,0.08919999999999999,0.029600000000000005,0.4692,0.06268118811881188,0.036800000000000006,0.08891535625472057,0.9256494766888679,0.1076,0.5159992079207921,0.3235814252729621,0.002
1589,0.1484,0.0196,0.5672,0.030819801980198014,0.004399999999999999,0.07541907090464547,0.9503999999999999,0.0156,0.14479960396039604,0.09064505928853754,0.0156
1590,0.2324,0.1008,0.526,0.03997623762376237,0.07680000000000001,0.14931633424983057,0.9023550006692884,0.0896,0.6171996039603961,0.1977675889328063,0.008400000000000001
1591,0.0004,0.008400000000000001,0.3396,0.0068000000000000005,0.036,0.12560000000000002,0.6516943862987631,0.0004,0.2244,0.07360000000000001,0.0
1592,0.2684,0.2048,0.5668,0.14908118811881188,0.12079999999999999,0.307107658871962,0.8462830691754728,0.15000000000000002,0.521,0.23159999999999997,0.008400000000000001
1593,0.1,0.08456055424264634,0.5444,0.027176237623762377,0.09440000000000001,0.3016511089019646,0.8392943862987631,0.014400000000000001,0.6381984158415842,0.1827231683168317,0.0004
1594,0.0868,0.027199999999999995,0.4612,0.05157623762376238,0.0204,0.06301907090464548,0.8847999999999999,0.0484,0.37360000000000004,0.1956,0.005200000000000001
1595,0.1988,0.1924,0.7348,0.06077623762376237,0.0896,0.2968131085974607,0.6794604349288926,0.1476,0.5197992079207922,0.21424505928853757,0.016
1596,0.18839999999999998,0.14920000000000003,0.6684000000000001,0.16035247524752477,0.07560000000000001,0.053419559902200486,0.8200719314938155,0.060399999999999995,0.728,0.1804,0.012
1597,0.15999999999999998,0.015200000000000002,0.6392,0.032,0.0268,0.16065792262613782,0.7844719314938156,0.028399999999999998,0.34699960396039603,0.1396,0.0031948734801183045
1598,0.038,0.0716,0.6004,0.0627049504950495,0.0496,0.09283836272393729,0.8660943862987631,0.0188,0.5939952475247525,0.20122657378781356,0.006
1599,0.11280000000000001,0.0356,0.5528000000000001,0.06875514018691589,0.04836967213114754,0.08841181535117967,0.874894386298763,0.0072,0.17199960396039604,0.2363231683168317,0.0004
1600,0.0504,0.013599999999999998,0.9831999999999999,0.026681188118811882,0.03560000000000001,0.2250574336285828,0.5416042081957072,0.034800000000000005,0.8966000000000001,0.03818406918952765,0.0
1601,0.10640000000000001,0.13156906946264746,0.6172,0.031576237623762375,0.05800000000000001,0.15083814180929095,0.9364719314938152,0.024,0.4524,0.2092,0.0027950049293460405
1602,0.28680000000000005,0.2752,0.7828,0.03797623762376238,0.06559999999999999,0.4130192918192918,0.8256,0.1476,0.4173996039603961,0.4830456979611005,0.0212
1603,0.020800000000000003,0.026399999999999996,0.6092000000000001,0.15371485148514852,0.07999999999999999,0.14967743536007597,0.9280943862987631,0.1984,0.6055999999999999,0.21152316831683166,0.007200000000000001
1604,0.118,0.06102055362345762,0.6931999999999999,0.011976237623762378,0.1008,0.32713421591267844,0.8876,0.074,0.3449996039603961,0.22809203459476382,0.0024000000000000002
1605,0.5128000000000001,0.08519999999999998,0.6116,0.45575841584158583,0.1032,0.24421907090464545,0.5341478922318806,0.27040000000000003,0.5051045544554458,0.45494619966344507,0.0056
1606,0.1436,0.19153910761154855,0.76,0.009576237623762376,0.0744,0.18517394162479736,0.7585886828767098,0.07160000000000001,0.47840000000000005,0.32472252964426873,0.01
1607,0.0196,0.07880000000000001,0.3096,0.05837623762376237,0.015999999999999997,0.10483836272393729,0.8518831588962893,0.032,0.4242,0.10792252964426877,0.020800000000000003
1608,0.0092,0.028000000000000004,0.36639999999999995,0.02557623762376237,0.0208,0.08061907090464547,0.8596,0.014400000000000001,0.3631972277227723,0.16355038077720815,0.007600000000000001
1609,0.0304,0.014000000000000002,0.7687999999999999,0.01957623762376238,0.0012000000000000001,0.08501929181929181,0.7667999999999999,0.024,0.29000000000000004,0.042,0.0
1610,0.1776,0.0504,0.6963999999999999,0.04075247524752475,0.05,0.17468240676647118,0.5421887725975262,0.044800000000000006,0.3296,0.2064,0.013600000000000001
1611,0.16599999999999998,0.11439999999999999,0.5244,0.03677623762376238,0.1076,0.10923885172149231,0.8385885931558935,0.0112,0.3438,0.050490118577075103,0.0048000000000000004
1612,0.1876,0.0568,0.7272,0.049057425742574254,0.07400000000000001,0.1554190709046455,0.9118831588962892,0.04,0.376,0.12992252964426876,0.0056
1613,0.032,0.22920000000000001,0.7300000000000001,0.08832871287128712,0.014799999999999999,0.12030863686707209,0.8276,0.028000000000000004,0.38519881188118815,0.23192252964426877,0.002
1614,0.192,0.05920000000000001,0.3508,0.12988118811881189,0.056400000000000006,0.08287699353078326,0.8992000000000001,0.024,0.24719881188118809,0.038042415371971984,0.0
1615,0.5428,0.10916955380577427,0.6668000000000001,0.07037623762376238,0.0132,0.1315351370715674,0.5920494766888676,0.11880000000000002,0.5155992079207922,0.31376886627793216,0.0
1616,0.1892,0.17800000000000002,0.6152,0.03428118811881188,0.0632,0.44906658517805786,0.8483325458643407,0.0992,0.4247936633663366,0.3995775932375846,0.0075948751642575555
1617,0.384,0.0256,0.5391999999999999,0.005200000000000001,0.0588,0.1248383627239373,0.6230831588962893,0.2264,0.29960000000000003,0.5073682276053693,0.005599999999999999
1618,0.32999999999999996,0.29000000000000004,0.7844,0.08505742574257426,0.07680000000000001,0.9384,0.5661520999374126,0.18480000000000002,0.5656,0.23672252964426876,0.0536
1619,0.0068000000000000005,0.0028,0.2524,0.04512871287128713,0.024,0.09621907090464547,0.8756,0.0004,0.2734,0.0328901185770751,0.0012000000000000001
1620,0.2964,0.1744,0.5952,0.08597623762376239,0.11000000000000001,0.1996,0.8244,0.08879999999999999,0.4167992079207921,0.4626463366336634,0.021989748644375858
1621,0.1976,0.34559999999999996,0.6952,0.03872871287128713,0.0548,0.2708520074872153,0.719483069175473,0.12079999999999999,0.5306,0.41384569796110043,0.0554073139576711
1622,0.14479999999999998,0.1348,0.52,0.04,0.060399999999999995,0.10905867970660146,0.8552719314938153,0.0792,0.45599999999999996,0.18159999999999998,0.0072
1623,0.0608,0.12756955380577428,0.8444,0.04675247524752475,0.1436,0.22985819070904645,0.08399999999999999,0.09079999999999999,0.7237988118811881,0.13414582084295387,0.014799999999999999
1624,0.38120000000000004,0.3971381389252949,0.7672000000000001,0.03517623762376238,0.06839999999999999,0.4490275720361209,0.8188000000000001,0.10400000000000001,0.5601992079207921,0.27736950495049506,0.0116
1625,0.046799999999999994,0.06720000000000001,0.4668,0.057976237623762375,0.0308,0.1260772144454296,0.9680718417729992,0.06520000000000001,0.22959999999999997,0.5599999999999999,0.04583819778963201
1626,0.29800000000000004,0.25313910761154856,0.7504,0.05960000000000001,0.08276967213114753,0.8572777534352871,0.8423100013385767,0.1272,0.6067996039603961,0.2016,0.0144
1627,0.048799999999999996,0.09960000000000001,0.4895999999999999,0.05192871287128713,0.054799999999999995,0.11839999999999999,0.8985663177925785,0.053200000000000004,0.2942,0.23201520291159547,0.0048000000000000004
1628,0.0392,0.1092,0.35760000000000003,0.0232,0.011600000000000001,0.06287748252833827,0.7749887725975262,0.0184,0.3652,0.21384505928853753,0.030794875164257562
1629,0.3376,0.282,0.7276,0.023176237623762377,0.11720000000000001,0.2939092996110111,0.7703774554742361,0.06200000000000001,0.49099960396039605,0.17889203459476383,0.008799999999999999
1630,0.046400000000000004,0.0324,0.9656,0.051176237623762375,0.10799999999999998,0.29571633424983057,0.2184,0.024399999999999998,0.9648,0.0432,0.0008
1631,0.005200000000000001,0.016769553805774277,0.48519999999999996,0.08767128712871283,0.0008,0.11065743362858278,0.8777887725975262,0.0036000000000000003,0.43039445544554467,0.12327760497788912,0.0
1632,0.3716,0.2584,0.7744,0.041600000000000005,0.0716,0.7149025752456083,0.6881437732668145,0.1236,0.4608,0.4504,0.03117949392047321
1633,0.2924,0.1272,0.6256,0.09387722772277227,0.059199999999999996,0.9810190709046456,0.8936,0.13,0.6463988118811881,0.3046450592885376,0.008
1634,0.30440000000000006,0.1176,0.7571999999999999,0.031104950495049504,0.0668,0.24545787545787548,0.9172494766888677,0.0168,0.5747988118811882,0.301781514499276,0.0308
1635,0.28559999999999997,0.2639695538057743,0.7688,0.057081188118811875,0.0948,0.1300767254478746,0.6623775451950523,0.15760000000000002,0.5696,0.3876,0.009995004929346041
1636,0.19720000000000001,0.2528,0.5312,0.11917623762376237,0.1032,0.0972,0.874,0.16639999999999996,0.5055988118811883,0.28539607873830863,0.014000000000000002
1637,0.1112,0.094,0.8044,0.0236,0.0396,0.07065792262613778,0.8082382492863939,0.007200000000000001,0.43199999999999994,0.21433581653817554,0.0004
1638,0.058800000000000005,0.0332,0.438,0.018,0.0016,0.09989623818181274,0.942,0.016800000000000002,0.3328,0.055999999999999994,0.0084
1639,0.3292,0.24559999999999998,0.732,0.049976237623762375,0.08280000000000001,0.28993584698376873,0.7506605246497089,0.2064,0.3528,0.4182450592885375,0.014400000000000001
1640,0.48,0.04396955380577428,0.5956,0.0108,0.09516967213114755,0.2554313752533801,0.9476000000000001,0.056400000000000006,0.7323999999999999,0.3296,0.0132
1641,0.008,0.0008,0.6216,0.011552475247524754,0.0012000000000000001,0.14985765454322914,0.9856,0.0132,0.21400000000000002,0.022722529644268775,0.0
1642,0.3028,0.1476,0.6664,0.08752871287128712,0.094,0.3243727898833033,0.7294606143705252,0.1264,0.5345996039603961,0.2858596235275702,0.026000000000000002
1643,0.35879999999999995,0.2024,0.5652,0.08197227722772275,0.11280000000000001,0.07829704243053877,0.7898649122870488,0.08320000000000001,0.6335980198019803,0.32090468281610773,0.0104
1644,0.0612,0.20705003113142967,0.6176,0.12868118811881188,0.09159999999999999,0.27535496505667656,0.7392000000000001,0.0156,0.3679992079207921,0.08096758893280631,0.005200000000000001
1645,0.05,0.05036955380577428,0.4,0.05515247524752476,0.0076,0.1570962381818128,0.9626831588962892,0.064,0.618599207920792,0.18187354909403985,0.0008
1646,0.040799999999999996,0.15553862326842172,0.5052,0.0571049504950495,0.074,0.2914192918192918,0.67,0.033600000000000005,0.36379920792079207,0.18424569796110046,0.004000000000000001
1647,0.0492,0.045200000000000004,0.7108,0.05477623762376238,0.0284,0.06799999999999999,0.9415999999999999,0.008400000000000001,0.1872,0.12,0.0024000000000000002
1648,0.4344,0.0772,0.6856,0.0036000000000000003,0.04479999999999999,0.19101907090464548,0.9776,0.0516,0.6204000000000001,0.3872,0.0012000000000000001
1649,0.4096,0.1868,0.6003999999999999,0.05813861386138615,0.0432,0.34183173767281344,0.7304270218839202,0.2928,0.5513960396039603,0.17950267757210506,0.0064
1650,0.0212,0.0016,0.4744,0.016376237623762373,0.008400000000000001,0.11211530908645824,0.9071999999999999,0.054400000000000004,0.6883988118811881,0.08329139592220092,0.0008
1651,0.42639999999999995,0.3050825222456949,0.8331999999999999,0.05575841584158414,0.098,0.28670814786951704,0.7823550903901048,0.1604,0.5831988118811882,0.20658087582671308,0.0072
1652,0.0012000000000000001,0.021599999999999998,0.4976,0.0316,0.0172,0.09821907090464546,0.8287775451950523,0.0068000000000000005,0.146,0.0616,0.0048000000000000004
1653,0.024399999999999998,0.032708661417322836,0.688,0.016376237623762377,0.008400000000000001,0.13029699526227645,0.9120000000000001,0.024,0.699199207920792,0.0268,0.009999999999999998
1654,0.2912,0.182,0.6548,0.0943960396039604,0.21719999999999998,0.9984,0.6890691204827559,0.178,0.5071976237623763,0.3385053214886707,0.0347948734801183
1655,0.21799999999999997,0.1968,0.6900000000000001,0.0412,0.1332,0.2808224317926029,0.7028531465596771,0.1544,0.619599603960396,0.24936822760536925,0.05755413432435572
1656,0.1656,0.05316955380577428,0.716,0.026582178217821783,0.045200000000000004,0.3264895659624266,0.3476943862987631,0.0872,0.5745833663366338,0.39248501858881546,0.002
1657,0.13720000000000002,0.08473862326842173,0.6696,0.0316,0.03799999999999999,0.14447694636252095,0.8460000000000001,0.0464,0.20999960396039602,0.2850093656322154,0.02
1658,0.3216,0.1328,0.758,0.05585742574257426,0.1572,0.7828,0.6187001711207506,0.055600000000000004,0.605599207920792,0.11936886627793215,0.016399999999999998
1659,0.14600000000000002,0.08320000000000001,0.39239999999999997,0.036257425742574255,0.0728,0.11520000000000001,0.9217663177925786,0.027199999999999995,0.5784,0.10752252964426878,0.0016
1660,0.3128,0.16040000000000001,0.6024,0.05931485148514851,0.1216,0.14385792262613778,0.8393214081826832,0.11199999999999999,0.47119999999999995,0.2888913959222009,0.028779756818928685
1661,0.1224,0.094,0.626,0.10432871287128713,0.14880000000000002,0.13661842049788397,0.8271775451950523,0.1504,0.5533988118811881,0.2757179697100145,0.0
1662,0.14880000000000002,0.0384,0.6092000000000001,0.038538613861386135,0.0596,0.2450579226261378,0.667694386298763,0.0908,0.4457999999999999,0.17308090948225258,0.006
1663,0.29840000000000005,0.15867821522309714,0.6260000000000001,0.03903366336633664,0.21559999999999996,0.46349729558678215,0.8445887725975261,0.22959999999999997,0.5007988118811881,0.21195101944977104,0.006
1664,0.047599999999999996,0.1652,0.7188,0.05674851485148515,0.16,0.5320131085974606,0.516789362294827,0.0876,0.27139960396039603,0.041122529644268775,0.0012000000000000001
1665,0.1116,0.18316955380577427,0.6424000000000001,0.05,0.004399999999999999,0.12513464807401237,0.624638249286394,0.016800000000000002,0.33540000000000003,0.1308,0.014799999999999999
1666,0.1404,0.09034341463414633,0.6759999999999999,0.05392871287128712,0.0796,0.15494052999509147,0.834,0.0568,0.6489980198019801,0.07913645521073848,0.0012000000000000001
1667,0.374,0.0516,0.4812,0.02957623762376238,0.0328,0.14175367181039553,0.7851775451950523,0.1696,0.559399603960396,0.3795225296442687,0.0036000000000000003
1668,0.15200000000000002,0.2384,0.6804,0.017976237623762374,0.0092,0.22397376787841336,0.8220719314938154,0.252,0.6,0.20401328689390677,0.008000000000000002
1669,0.033600000000000005,0.13520000000000001,0.5763999999999999,0.041999999999999996,0.0856,0.11443858363858365,0.9244,0.034800000000000005,0.4612,0.07880000000000001,0.0
1670,0.1608,0.05756906946264745,0.5848,0.0348,0.046400000000000004,0.09287748252833827,0.8868,0.07919999999999999,0.466999603960396,0.2644,0.002
1671,0.0628,0.0268,0.42400000000000004,0.028728712871287126,0.0356,0.10371553000110459,0.8904,0.09559999999999999,0.694198811881188,0.15049075724963804,0.0
1672,0.38360000000000005,0.1584,0.744,0.02757623762376238,0.05920000000000001,0.3798960172671665,0.8371775451950523,0.1276,0.602599207920792,0.3622450592885375,0.05439487516425756
1673,0.21000000000000002,0.1712,0.7096000000000001,0.04152871287128713,0.057999999999999996,0.19563858363858364,0.8543775451950524,0.136,0.632999603960396,0.21032252964426879,0.005200000000000001
1674,0.15799999999999997,0.016399999999999998,0.7404,0.020376237623762377,0.041600000000000005,0.10981929181929184,0.719788772597526,0.0064,0.2764,0.06799999999999999,0.0032
1675,0.0668,0.13199999999999998,0.5736000000000001,0.06510761543444063,0.06676967213114754,0.07303110717047148,0.6719999999999999,0.014799999999999999,0.39480000000000004,0.2048,0.0012000000000000001
1676,0.08600000000000001,0.1116,0.72,0.0204,0.0088,0.054000000000000006,0.9296,0.057600000000000005,0.5233996039603961,0.3144,0.002
1677,0.4448,0.088,0.6612,0.13597623762376237,0.0288,0.1522192918192918,0.5444943862987631,0.11280000000000001,0.28,0.3184,0.0248
1678,0.3208,0.2484,0.6956000000000001,0.08277623762376238,0.1216,0.9976,0.5603859615864667,0.16720000000000002,0.42339960396039605,0.24856822760536926,0.056739014294887605
1679,0.0504,0.0176,0.5932000000000001,0.008,0.014799999999999999,0.08305743362858277,0.851932635585157,0.05,0.24040000000000003,0.23712252964426878,0.0031948734801183045
1680,0.31720000000000004,0.0668,0.5352,0.07286732673267327,0.11679999999999999,0.0896383627239373,0.5397661383509458,0.0836,0.24199920792079208,0.41490404414354487,0.0032
1681,0.0048000000000000004,0.238,0.9932000000000001,0.04401980198019802,0.16672099644128116,0.4999740359613221,0.5418012177430149,0.008,0.9488,0.0008,0.0016
1682,0.5184,0.11599999999999999,0.6708,0.033600000000000005,0.045599999999999995,0.1504388517214923,0.8679774554742359,0.1152,0.35419999999999996,0.3419231683168317,0.00839500492934604
1683,0.1392,0.1688,0.7779999999999999,0.10230099009900988,0.14,0.43833513707156735,0.314763506781519,0.2076,0.5529996039603959,0.10873773255586427,0.002
1684,0.2068,0.2752,0.776,0.1052,0.0752,0.762477261613692,0.8407550006692883,0.14840000000000003,0.6644,0.28640000000000004,0.012
1685,0.0036000000000000003,0.025969553805774277,0.2976,0.075009900990099,0.033999999999999996,0.09861907090464547,0.7964943862987631,0.002,0.350399603960396,0.08264505928853756,0.0
1686,0.2096,0.21959999999999996,0.7100000000000001,0.04397623762376237,0.058800000000000005,0.12731579808401325,0.6864989533777356,0.1172,0.6899992079207922,0.27264569796110044,0.008794875164257556
1687,0.05600000000000001,0.0068000000000000005,0.4871999999999999,0.15875247524752473,0.0116,0.0914308390875628,0.9808,0.0256,0.32999920792079207,0.08674910343208235,0.0008
1688,0.3224,0.0316,0.714,0.031033663366336634,0.1,0.3203363831495861,0.6684943862987631,0.8308,0.830999603960396,0.16145962352757012,0.0024000000000000002
1689,0.18039999999999998,0.27840000000000004,0.8543999999999998,0.036186138613861385,0.056799999999999996,0.28793460090575007,0.5151773657534197,0.1996,0.299199603960396,0.4422450592885376,0.03236937569821606
1690,0.0432,0.030712968439920624,0.5608000000000001,0.0068000000000000005,0.017599999999999998,0.1509019221696281,0.5310831588962892,0.076,0.5236,0.17712252964426878,0.002
1691,0.0324,0.0952,0.5156000000000001,0.015176237623762379,0.026000000000000002,0.1048,0.772894386298763,0.036000000000000004,0.148,0.0464,0.0004
1692,0.186,0.046,0.4404,0.05155247524752475,0.0568,0.0504,0.9656943862987631,0.06599999999999999,0.13559801980198022,0.31284113802684616,0.0024000000000000002
1693,0.07680000000000001,0.0764,0.5795999999999999,0.027904950495049506,0.074,0.1586190709046455,0.7788943862987632,0.0268,0.16279960396039606,0.20624505928853756,0.018000000000000002
1694,0.04,0.0416,0.5984,0.03592871287128713,0.008400000000000001,0.1478579226261378,0.9407774554742361,0.0248,0.250799603960396,0.0740139255664697,0.0132
1695,0.3788,0.04396906946264744,0.7428,0.06705742574257426,0.029600000000000005,0.2586584116236928,0.6113663177925786,0.1936,0.2747988118811881,0.5844913959222009,0.0028
1696,0.27280000000000004,0.09636906946264745,0.616,0.04105742574257426,0.10956967213114754,0.9461788956989869,0.6792085958330469,0.0548,0.640798811881188,0.16667227174891402,0.011199999999999998
1697,0.262,0.2272,0.6527999999999999,0.0128,0.0508,0.29771584525227557,0.5757438629876309,0.08120000000000001,0.7700000000000001,0.186,0.0036000000000000003
1698,0.0492,0.10640000000000001,0.5664,0.011576237623762376,0.0188,0.20163858363858367,0.9128000000000001,0.15960000000000002,0.3268,0.04536758893280633,0.004399999999999999
1699,0.1196,0.07680000000000001,0.538,0.0172,0.038400000000000004,0.13727672544787461,0.8868,0.0624,0.437,0.26280000000000003,0.016794875164257556
1700,0.0776,0.2432,0.43000000000000005,0.011952475247524751,0.06440000000000001,0.16421929181929182,0.9123775451950523,0.06960000000000001,0.5395996039603961,0.33392252964426883,0.03355478314979814
1701,0.2636,0.10116955380577428,0.8104000000000001,0.12691089108910888,0.029599999999999998,0.17869606443542874,0.9252,0.1476,0.4861992079207921,0.2101682276053692,0.02305817807224785
1702,0.2504,0.1392,0.5247999999999999,0.06954851485148514,0.1068,0.2604,0.7382157944814464,0.0988,0.6089948514851484,0.27555165812233395,0.03317975850306794
1703,0.033999999999999996,0.004000000000000001,0.6612,0.024352475247524753,0.0156,0.08465814354078413,0.8712,0.004,0.2298,0.136,0.0048000000000000004
1704,0.0328,0.128,0.6416000000000001,0.016000000000000004,0.0172,0.06861907090464547,0.5201887725975262,0.015999999999999997,0.29179801980198017,0.2920278511329394,0.00199500492934604
1705,0.3792,0.0632,0.562,0.014728712871287127,0.09792099644128113,0.2095747458735234,0.880094386298763,0.12037158596694693,0.515,0.1759370938833014,0.0004
1706,0.0,0.010400000000000001,0.6284000000000001,0.0667960396039604,0.024,0.08680000000000002,0.8848943862987632,0.0012000000000000001,0.18719999999999998,0.09304569796110046,0.0032
1707,0.23279999999999998,0.2948,0.7672000000000001,0.0408,0.05960000000000001,0.9771999999999998,0.8062607040913417,0.096,0.4888,0.3571225296442687,0.014000000000000002
1708,0.0144,0.027169069462647445,0.6936,0.0644,0.053200000000000004,0.12105787545787547,0.9823999999999999,0.004000000000000001,0.31520000000000004,0.1583225296442688,0.0012000000000000001
1709,0.354,0.092,0.876,0.0424,0.0104,0.08941929181929181,0.9248000000000001,0.047200000000000006,0.5035999999999999,0.3428,0.0064
1710,0.4596,0.0612,0.1668,0.064209900990099,0.1332,0.2828772144454296,0.5338382492863939,0.1652,0.521999603960396,0.31730340547098185,0.0028
1711,0.2848,0.06520000000000001,0.5336000000000001,0.03108118811881188,0.1028,0.1835730107979497,0.8436,0.1028,0.6739972277227723,0.18721392556646968,0.005600000000000001
1712,0.0376,0.058769553805774276,0.6192,0.025976237623762378,0.20759999999999995,0.12341955990220048,0.9430831588962892,0.013600000000000001,0.35840000000000005,0.15378087582671313,0.00279500492934604
1713,0.1824,0.05,0.6828,0.06432871287128712,0.0492,0.13105814354078413,0.9759999999999998,0.019200000000000002,0.7516,0.12592252964426878,0.0044
1714,0.0012000000000000001,0.0,0.3268,0.031176237623762378,0.005200000000000001,0.09043836272393731,0.9624943862987629,0.0036000000000000003,0.18719999999999998,0.019999999999999997,0.0
1715,0.0524,0.0784,0.5368,0.0016,0.029599999999999998,0.09963836272393731,0.6478831588962892,0.0028,0.4852,0.0784,0.0036000000000000003
1716,0.3852,0.16519999999999999,0.6256,0.1047049504950495,0.18919999999999998,0.29033508990330503,0.7630831588962892,0.1552,0.44939960396039613,0.2393682276053693,0.0152
1717,0.1012,0.06839999999999999,0.6512,0.11606732673267324,0.06080000000000001,0.11203771231717577,0.700494386298763,0.16918526980309634,0.5045980198019803,0.2850698827005715,0.0012000000000000001
1718,0.0648,0.0764,0.4892,0.10808712871287127,0.0004,0.10927743536007595,0.9058607040913417,0.022,0.5533964356435644,0.1100576182835675,0.0004
1719,0.16160000000000002,0.0164,0.6368,0.0256,0.0972,0.06865743362858277,0.7913214081826832,0.068,0.5732000000000002,0.35024505928853755,0.0028
1720,0.27280000000000004,0.09359999999999999,0.6020000000000001,0.0972,0.0852,0.17320000000000002,0.7329887725975262,0.0536,0.602399207920792,0.15856822760536923,0.0008
1721,0.28600000000000003,0.33393910761154855,0.6728000000000001,0.08738613861386138,0.0312,0.1968767254478746,0.8196719314938153,0.13640000000000002,0.669399603960396,0.2747225296442688,0.03
1722,0.11320000000000001,0.1076,0.5912,0.05244356435643564,0.023600000000000003,0.1282190709046455,0.8757887725975262,0.0472,0.5903976237623763,0.205290757249638,0.0048000000000000004
1723,0.2284,0.0352,0.5948,0.005600000000000001,0.10120000000000003,0.20912164348103507,0.05717754519505234,0.1232,0.7008,0.17256886627793216,0.0032
1724,0.012,0.006338623268421722,0.4008,0.0372,0.002,0.08469623818181274,0.9788,0.0012000000000000001,0.22640000000000002,0.11752252964426879,0.0104
1725,0.25,0.0712,0.6328,0.07348118811881188,0.029199999999999997,0.33541575957321673,0.9549663177925785,0.1012,0.5037992079207921,0.2628145642390326,0.029589878409464344
1726,0.19119999999999998,0.28200000000000003,0.776,0.0268,0.05,0.6125534980640116,0.8895775451950524,0.1216,0.4666,0.4896,0.007994875164257556
1727,0.024,0.015108177074196,0.584,0.02691485148514851,0.0548,0.19425704863551113,0.4852989533777355,0.1036,0.6097992079207921,0.05130468281610769,0.002
1728,0.4640000000000001,0.0856,0.7032,0.06397623762376238,0.09546461548890019,0.17083836272393732,0.9103550903901046,0.2612,0.7358,0.218090757249638,0.022799999999999997
1729,0.08320000000000001,0.10879999999999998,0.5692,0.045200000000000004,0.10319999999999999,0.18050235166174328,0.026000000000000002,0.08399999999999999,0.7414,0.21016886627793213,0.0008
1730,0.3444,0.04,0.5680000000000001,0.005576237623762376,0.052000000000000005,0.2038687599822074,0.9112,0.1568,0.5534000000000001,0.38985962352757014,0.0084
1731,0.22559999999999997,0.1548,0.6724,0.0395049504950495,0.1076,0.4541891498179818,0.8153437732668145,0.11599999999999999,0.4711932673267327,0.40142201385355925,0.009600000000000001
1732,0.1312,0.05639999999999999,0.356,0.014400000000000001,0.07160000000000001,0.066,0.8628,0.006,0.2692,0.4295999999999999,0.005200000000000001
1733,0.16799999999999998,0.10036955380577428,0.5187999999999999,0.0184,0.0504,0.055600000000000004,0.9864,0.03760000000000001,0.500799603960396,0.2460901185770751,0.007999999999999998
1734,0.11199999999999999,0.032369553805774276,0.4699999999999999,0.07552871287128712,0.08,0.1537155771693669,0.40117754519505233,0.046400000000000004,0.47459841584158424,0.15833709388330136,0.0004
1735,0.09119999999999999,0.05920000000000001,0.63,0.07416237623762376,0.036,0.28277252180039464,0.8479550903901046,0.0548,0.6387976237623761,0.16738151449927602,0.0064
1736,0.08080000000000001,0.1156,0.4236,0.0032,0.1024,0.15269601726716645,0.8381886828767099,0.056400000000000006,0.17200000000000001,0.45359999999999995,0.00559500492934604
1737,0.19,0.13476906946264747,0.6688,0.027457425742574253,0.13440000000000002,0.5974190709046455,0.57050298213181,0.0796,0.551999603960396,0.19584505928853754,0.0128
1738,0.35279999999999995,0.2536,0.5916,0.07253861386138613,0.1476,0.22265743362858276,0.8752719314938154,0.11320000000000001,0.5223992079207921,0.1856901185770751,0.014800000000000002
1739,0.07120000000000001,0.0396,0.6752,0.025057425742574257,0.0144,0.14083863080684594,0.927483069175473,0.078,0.5329988118811881,0.07512252964426877,0.0024000000000000002
1740,0.30360000000000004,0.0424,0.6348,0.011976237623762376,0.032,0.202435155396992,0.9640000000000001,0.0444,0.378,0.16536758893280631,0.0004
1741,0.5227999999999999,0.0456,0.322,0.0196,0.056400000000000006,0.06701907090464547,0.7814607040913416,0.15760000000000002,0.3164,0.29600000000000004,0.00837476343241398
1742,0.0728,0.0612,0.8492,0.008000000000000002,0.08436967213114754,0.22361252526338102,0.3293885931558935,0.0308,0.5868,0.06960000000000001,0.0004
1743,0.402,0.1292,0.8016,0.034,0.08720000000000001,0.2595604952025274,0.9388943862987631,0.1688,0.5756,0.22792252964426876,0.0064
1744,0.038,0.098,0.3388,0.0764,0.035199999999999995,0.06909677434763009,0.8792,0.0504,0.12279960396039605,0.2828139255664697,0.004
1745,0.0024000000000000002,0.0472,0.394,0.08167920792079206,0.021200000000000004,0.1432383627239373,0.6504943862987631,0.023600000000000003,0.40499603960396036,0.17498903142488162,0.0028
1746,0.17639999999999997,0.178708177074196,0.8248,0.032,0.048,0.24870863686707206,0.8103550903901047,0.0796,0.3468,0.10464505928853755,0.0032
1747,0.27880000000000005,0.2083695538057743,0.788,0.016752475247524753,0.0412,0.24908090761194007,0.7156,0.0776,0.33,0.2534596235275702,0.014000000000000002
1748,0.31,0.18760000000000002,0.5576000000000001,0.02915247524752475,0.06000000000000001,0.14007743536007597,0.6462381595655776,0.1676,0.39819841584158416,0.4107358165381756,0.0036000000000000003
1749,0.006,0.06360000000000002,0.5732000000000002,0.0068000000000000005,0.004,0.2176769463625209,0.7352,0.0028,0.4136,0.03512252964426878,0.0004
1750,0.07880000000000001,0.0284,0.4668,0.016800000000000002,0.03,0.1068,0.897694386298763,0.0048000000000000004,0.3532,0.3516,0.002
1751,0.10600000000000001,0.0196,0.5084,0.006376237623762377,0.0576,0.1630192918192918,0.8756,0.0668,0.31239999999999996,0.16704505928853755,0.0
1752,0.0764,0.22233910761154854,0.8176,0.010752475247524752,0.07919999999999999,0.25789623818181273,0.34969438629876304,0.156,0.4215996039603961,0.2247225296442688,0.0004
1753,0.14440000000000003,0.043143414634146345,0.7159999999999999,0.04140990099009901,0.0392,0.22232186706490023,0.8596989533777355,0.08320000000000001,0.45259841584158417,0.10701192032246705,0.0084
1754,0.3108000000000001,0.14079999999999998,0.5512,0.09305346534653465,0.1256,0.1731863450002612,0.7611819328323921,0.0752,0.5849960396039603,0.3385834305169647,0.0264
1755,0.41079999999999994,0.11879999999999999,0.6523999999999999,0.09183366336633661,0.0316,0.14265797946235886,0.922943862987631,0.2484,0.6133996039603961,0.2081682276053692,0.011600000000000001
1756,0.26639999999999997,0.09476906946264745,0.7444000000000001,0.09404356435643564,0.07906461548890019,0.19327775061124694,0.949788772597526,0.0796,0.5764,0.11072252964426879,0.0036000000000000003
1757,0.22999999999999998,0.11239999999999999,0.5836,0.11933861386138614,0.0508,0.1854576545432291,0.9333887725975261,0.0312,0.4891988118811881,0.0772291284780652,0.016000000000000004
1758,0.2096,0.059969553805774276,0.2904,0.5211762376237624,0.2152,0.30513638314958613,0.9331999999999999,0.074,0.6359999999999999,0.13096822760536925,0.0064
1759,0.43439999999999995,0.19073862326842173,0.788,0.022,0.038,0.16689910597844254,0.7015774554742361,0.1448,0.4572,0.4444,0.0056
1760,0.49560000000000004,0.057199999999999994,0.6348,0.0356,0.045599999999999995,0.16283885172149232,0.7408,0.0508,0.3362,0.22569203459476386,0.002
1761,0.1296,0.0176,0.5512,0.02348118811881188,0.0536,0.10861929181929182,0.9071999999999999,0.054000000000000006,0.3278,0.12299544006574573,0.0232
1762,0.008400000000000001,0.03,0.7688,0.014800000000000002,0.0372,0.21330279616025472,0.8836719314938154,0.0068000000000000005,0.39299960396039607,0.043199999999999995,0.0024000000000000002
1763,0.1824,0.05,0.6828,0.06432871287128712,0.0492,0.13105814354078413,0.9759999999999998,0.019200000000000002,0.7516,0.12592252964426878,0.0044
1764,0.047200000000000006,0.0588,0.5188,0.0032,0.0016,0.09145765454322911,0.9576,0.0128,0.38520000000000004,0.0912,0.008
1765,0.30000000000000004,0.2404,0.7716000000000001,0.11063366336633662,0.13879999999999998,0.4183181477590173,0.5917745547423602,0.3144,0.5736000000000001,0.24192252964426877,0.014400000000000001
1766,0.1272,0.0432,0.6352,0.017952475247524753,0.016800000000000002,0.0692,0.9244,0.0336,0.4324,0.2824,0.0068000000000000005
1767,0.022,0.0776,0.45359999999999995,0.027176237623762374,0.0108,0.06901929181929181,0.9145886828767098,0.0036000000000000003,0.2992,0.17032252964426875,0.0
1768,0.0348,0.060399999999999995,0.5544,0.06552871287128711,0.0256,0.11541907090464547,0.9224,0.002,0.1992,0.07184505928853756,0.006
1769,0.047599999999999996,0.0188,0.6916,0.0556,0.11079999999999998,0.22101907090464548,0.8836943862987632,0.009600000000000001,0.34619960396039606,0.05720000000000001,0.0092
1770,0.3788,0.04396906946264744,0.7428,0.06705742574257426,0.029600000000000005,0.2586584116236928,0.6113663177925786,0.1936,0.2747988118811881,0.5844913959222009,0.0028
1771,0.0004,0.038400000000000004,0.5972000000000001,0.04275247524752475,0.0188,0.14130257524560838,0.8425887725975262,0.2232,0.26279960396039603,0.06033645521073846,0.0004
1772,0.1444,0.06750817707419601,0.5532,0.08077227722772276,0.033999999999999996,0.16494142696710068,0.7315550903901047,0.059199999999999996,0.5413984158415841,0.20091268187688333,0.007200000000000001
1773,0.2572,0.10600000000000001,0.4476,0.025057425742574257,0.10200000000000001,0.26363814180929096,0.12162867052023121,0.19319999999999998,0.721399207920792,0.17940280955847462,0.0036000000000000003
1774,0.06920000000000001,0.0392,0.6264000000000001,0.066,0.06559999999999999,0.2030178843320666,0.8716000000000002,0.0064,0.5376,0.0904,0.0044
1775,0.8392,0.13920000000000002,0.8088,0.038162376237623766,0.0772,0.29185814354078415,0.06480621571528354,0.0352,0.46419801980198017,0.4365967174108715,0.0092
1776,0.1044,0.17840000000000003,0.7459999999999999,0.09795247524752473,0.072,0.11527770344298463,0.6633214081826833,0.11880000000000002,0.434,0.3540139255664697,0.06959500492934605
1777,0.2508,0.1688,0.7832,0.051504950495049495,0.1276,0.2469160189986596,0.672592891072417,0.10880000000000001,0.49160000000000004,0.19312252964426876,0.008799999999999999
1778,0.0,0.0648,0.364,0.04748118811881188,0.0012000000000000001,0.0828383627239373,0.42679999999999996,0.0004,0.1776,0.0288,0.0036
1779,0.35519999999999996,0.11240000000000001,0.3064,0.2049861386138614,0.0612,0.32215367181039556,0.6016,0.008,0.1937992079207921,0.19478078660039916,0.0
1780,0.0004,0.008400000000000001,0.3396,0.0068000000000000005,0.036,0.12560000000000002,0.6516943862987631,0.0004,0.2244,0.07360000000000001,0.0
1781,0.0232,0.0624,0.4516,0.0071524752475247535,0.002,0.23101929181929184,0.6496,0.0132,0.36699960396039605,0.03656886627793214,0.004399999999999999
1782,0.011600000000000001,0.0208,0.39960000000000007,0.04868118811881188,0.0516,0.13123858363858365,0.6825887725975261,0.027999999999999997,0.6892,0.0844,0.0044
1783,0.0772,0.0172,0.4076000000000001,0.16472475247524748,0.0068000000000000005,0.07083858363858364,0.6484943862987631,0.0376,0.46939881188118815,0.20091924705514028,0.0
1784,0.17880000000000001,0.017543414634146343,0.5732,0.019976237623762376,0.058399999999999994,0.122,0.8213887725975262,0.006799999999999999,0.4331999999999999,0.13384505928853757,0.023200000000000002
1785,0.0468,0.019139107611548557,0.26319999999999993,0.016704950495049505,0.0812,0.2728767254478746,0.4941475328584401,0.014000000000000002,0.9712,0.028246336633663365,0.0
1786,0.26080000000000003,0.11913862326842173,0.42519999999999997,0.19444356435643562,0.0952,0.3011218670649002,0.6793887725975262,0.054000000000000006,0.1076,0.0392,0.0064
1787,0.4424,0.2367391076115486,0.5896,0.03708118811881188,0.18280000000000002,0.189239119804401,0.5900943862987631,0.11839999999999999,0.4151992079207921,0.41721456423903264,0.0028
1788,0.1768,0.21319999999999997,0.524,0.04755247524752475,0.2004,0.26660205271501114,0.614894386298763,0.1044,0.614799207920792,0.3355225296442688,0.014800000000000002
1789,0.4176,0.2856,0.7032,0.008376237623762377,0.0216,0.2367071686576719,0.5044943862987632,0.056400000000000006,0.2653996039603961,0.5494450592885376,0.0112
1790,0.6512,0.13640000000000002,0.8779999999999999,0.023833663366336633,0.1632,0.1940772144454296,0.8288,0.0704,0.852399207920792,0.10362848980550228,0.002
1791,0.088,0.039016354148392,0.6108,0.018752475247524752,0.07560000000000001,0.1586195599022005,0.5762422785306437,0.0612,0.7235992079207921,0.06018087582671311,0.00239500492934604
1792,0.4944,0.3268,0.1448,0.17675247524752474,0.057199999999999994,0.18560000000000001,0.6416494766888677,0.0068000000000000005,0.7483992079207921,0.09584569796110044,0.0004
1793,0.25759999999999994,0.039847284685744555,0.182,0.04440000000000001,0.12079999999999999,0.2294712521382448,0.9708942965779468,0.0308,0.5387996039603961,0.2645065988337964,0.0184
1794,0.046,0.0152,0.4544,0.0228,0.0628,0.1352,0.6536270218839201,0.022799999999999997,0.306199603960396,0.1096,0.0024000000000000002
1795,0.2832,0.12,0.8656,0.08265346534653464,0.12079999999999999,0.4755345676879067,0.42762693216310377,0.1656,0.2408,0.662491395922201,0.0024000000000000002
1796,0.0784,0.12919999999999998,0.6124,0.03352871287128713,0.1292,0.5474819157479305,0.5596123554246726,0.11000000000000001,0.2264,0.034,0.0032
1797,0.0232,0.0536,0.2896,0.06310495049504951,0.04240000000000001,0.08647699353078327,0.9344000000000001,0.012,0.21859881188118813,0.09185625171212775,0.0004
1798,0.0156,0.029508661417322835,0.5076,0.1435762376237624,0.008400000000000001,0.08181929181929183,0.7596,0.0144,0.47219960396039606,0.0204,0.0004
1799,0.0,0.06439999999999999,0.38,0.0447049504950495,0.0004,0.0856383627239373,0.4396,0.0,0.1872,0.027599999999999996,0.004399999999999999
1800,0.2548,0.14996955380577429,0.4619999999999999,0.06738613861386138,0.11440000000000002,0.38604930408449034,0.8101887725975262,0.16720000000000002,0.4902,0.246,0.0208
1801,0.17160000000000003,0.053599999999999995,0.41640000000000005,0.1281267326732673,0.020399999999999998,0.25717274271504104,0.8574831588962892,0.124,0.5621988118811883,0.23712252964426878,0.0012000000000000001
1802,0.038400000000000004,0.2363423384003605,0.8715999999999999,0.008799999999999999,0.040400000000000005,0.26019284845101753,0.7575999999999999,0.5012,0.2744,0.4989034054709819,0.0012000000000000001
1803,0.246,0.1236,0.5084000000000001,0.07557227722772278,0.045200000000000004,0.2912765045332283,0.44489438629876304,0.14720000000000003,0.4521992079207921,0.20225962352757013,0.018400000000000003
1804,0.0408,0.1651695538057743,0.7399999999999999,0.05995247524752475,0.0324,0.12207743536007595,0.7414157944814462,0.10200000000000001,0.4279992079207921,0.24336758893280633,0.002
1805,0.2572,0.28436906946264745,0.7008,0.0248,0.04920000000000001,0.5956688383286557,0.7858831588962892,0.1468,0.533,0.4016,0.02
1806,0.1332,0.1292,0.5808,0.023176237623762374,0.05199999999999999,0.10701907090464546,0.7814831588962894,0.0872,0.4005992079207921,0.19681456423903257,0.0027948734801183043
1807,0.148,0.08320000000000001,0.7859999999999999,0.0424,0.162,0.056400000000000006,0.960894386298763,0.045599999999999995,0.376,0.1912,0.0024000000000000002
1808,0.014799999999999999,0.040400000000000005,0.334,0.0436,0.07,0.17763863080684597,0.028800000000000003,0.0108,0.7806,0.05112316831683168,0.0004
1809,0.0008,0.0064,0.6904,0.0048000000000000004,0.0208,0.18312208797954654,0.9397887725975261,0.0004,0.3196,0.03,0.0
1810,0.3252,0.1992,0.7048,0.02108118811881188,0.12040000000000002,0.2487604978717462,0.9440943862987631,0.09280000000000002,0.5688,0.16199999999999998,0.0023950049293460403
1811,0.18719999999999998,0.016399999999999998,0.4208,0.19166336633663367,0.013600000000000001,0.19332717160590018,0.7846831588962893,0.096,0.5715980198019801,0.21085761828356747,0.0024000000000000002
1812,0.1296,0.1972,0.8084,0.029552475247524752,0.1799842385516507,0.27407677261613694,0.48073236642270806,0.078,0.6684,0.082,0.013989750328515113
1813,0.2596,0.09720000000000001,0.6060000000000001,0.09729108910891089,0.0736,0.37739230261724155,0.22546061437052525,0.1992,0.38079960396039614,0.3111351778656126,0.009594875164257556
1814,0.2408,0.1383695538057743,0.7487999999999999,0.0905108910891089,0.11592099644128114,0.39797452495887703,0.40019262190996807,0.0792,0.602599207920792,0.09498151449927601,0.0024000000000000002
1815,0.6264,0.06,0.7796,0.010700990099009901,0.22276967213114754,0.2735350899033051,0.932,0.027200000000000002,0.6845980198019802,0.27200863773333855,0.0032
1816,0.5692,0.09999999999999999,0.6487999999999999,0.03159603960396039,0.11916967213114756,0.20237394162479738,0.9265887725975261,0.1648,0.5075976237623763,0.4122828254999414,0.009600000000000001
1817,0.3724,0.1964,0.4192,0.04112871287128714,0.0744,0.21015540688596923,0.9271999999999998,0.3136,0.34679960396039605,0.21792252964426875,0.2855746353514647
1818,0.0412,0.0396,0.656,0.01595247524752475,0.0252,0.13149628535007507,0.874894386298763,0.0368,0.516,0.13520000000000001,0.0252
1819,0.2552,0.12,0.7064,0.06677623762376238,0.20676967213114752,0.93,0.7135861410280993,0.1052,0.6197960396039603,0.21938023715415017,0.007600000000000001
1820,0.5312,0.0052,0.3608,0.032752475247524754,0.11720000000000001,0.15061929181929185,0.8276,0.1796,0.19599960396039603,0.26032316831683167,0.005200000000000001
1821,0.43640000000000007,0.049468771908098653,0.6540000000000001,0.011152475247524754,0.0836,0.25463154899976415,0.9450831588962891,0.052000000000000005,0.6555972277227722,0.25035101944977106,0.0028
1822,0.094,0.031169553805774276,0.49879999999999997,0.043833663366336637,0.094,0.13557394162479736,0.8836943862987632,0.053200000000000004,0.35999920792079215,0.3405834305169647,0.0068000000000000005
1823,0.3372,0.1252,0.434,0.16921980198019798,0.11680000000000001,0.17865770171149145,0.8992000000000001,0.0972,0.44479920792079214,0.16467418776660275,0.002
1824,0.1276,0.06159999999999999,0.15999999999999998,0.13647489704722685,0.078,0.27411611333518426,0.703554910948472,0.058800000000000005,0.08419960396039605,0.15298406918952762,0.009600000000000001
1825,0.072,0.030400000000000003,0.5128,0.07435247524752474,0.0736,0.10065819070904647,0.8991775451950523,0.053200000000000004,0.526998811881188,0.10952316831683169,0.0068000000000000005
1826,0.2408,0.1744,0.584,0.12585742574257425,0.1356,0.21909672717936773,0.6655775451950523,0.128,0.5685996039603961,0.20576822760536922,0.04359500492934604
1827,0.0064,0.0692,0.6524,0.09985742574257425,0.048,0.16018027868859303,0.8664,0.0004,0.421,0.17152252964426878,0.0064
1828,0.3452,0.10876955380577429,0.6944,0.07025742574257425,0.062,0.3998027294093692,0.6743550903901048,0.16999999999999998,0.5085992079207922,0.23291860838257739,0.0184
1829,0.020399999999999998,0.0316,0.458,0.08120000000000001,0.0316,0.05181907090464547,0.9248000000000001,0.0012000000000000001,0.2982,0.17559999999999998,0.0064
1830,0.029199999999999997,0.004000000000000001,0.3612,0.021904950495049508,0.005200000000000001,0.0504383627239373,0.9736,0.008799999999999999,0.423199207920792,0.122,0.004000000000000001
1831,0.2592,0.2072,0.7768,0.06780990099009901,0.05600000000000001,0.26801225718047234,0.9572943862987631,0.08,0.23599960396039607,0.07384505928853755,0.008400000000000001
1832,0.3484,0.0756,0.5871999999999999,0.041952475247524754,0.0636,0.2015343799911037,0.8239550903901047,0.0928,0.6434,0.09752252964426879,0.0048000000000000004
1833,0.2112,0.0372,0.7584,0.03980990099009901,0.0896,0.19473486898865872,0.9864,0.04440000000000001,0.6815996039603961,0.1496,0.0028
1834,0.048,0.014000000000000002,0.6064,0.0028,0.0372,0.1360383627239373,0.6859999999999999,0.1364,0.33280000000000004,0.19119999999999998,0.0004
1835,0.43079999999999996,0.0984,0.5744,0.10277623762376238,0.11000000000000001,0.126,0.7133663177925785,0.2524,0.3876,0.29159999999999997,0.0188
1836,0.7071999999999999,0.038799999999999994,0.4184,0.027200000000000002,0.022799999999999997,0.1052383627239373,0.8241887725975262,0.5,0.47919999999999996,0.4464,0.0068000000000000005
1837,0.3436,0.1976,0.7295999999999999,0.09868118811881188,0.08,0.9888,0.6117704362674694,0.17760000000000004,0.5149996039603961,0.2772913959222009,0.044399999999999995
1838,0.1316,0.08480000000000001,0.7575999999999998,0.010400000000000001,0.1072,0.20015297423537168,0.6984943862987631,0.0412,0.5732,0.11560000000000001,0.0032
1839,0.2548,0.178,0.6364,0.0048000000000000004,0.0852,0.06189557543787373,0.78,0.0892,0.2544,0.37439999999999996,0.004399999999999999
1840,0.2764,0.058369553805774285,0.7932,0.009952475247524751,0.1592,0.11541907090464547,0.9176,0.024399999999999998,0.40119881188118817,0.13769075724963803,0.004
1841,0.20239999999999997,0.2576,0.728,0.1668,0.040400000000000005,0.07123858363858364,0.8254607040913416,0.1768,0.6843999999999999,0.3598463366336634,0.0212
1842,0.1296,0.1972,0.8084,0.029552475247524752,0.1799842385516507,0.27407677261613694,0.48073236642270806,0.078,0.6684,0.082,0.013989750328515113
1843,0.2156,0.0688,0.538,0.13270495049504952,0.009200000000000002,0.15963836272393728,0.9687999999999999,0.08399999999999999,0.3687992079207921,0.3362456979611005,0.0027898784094643444
1844,0.27240000000000003,0.17,0.732,0.08343366336633663,0.134,0.1906190709046455,0.5741482506249707,0.1916,0.628,0.27064569796110044,0.027999999999999997
1845,0.5024,0.09476955380577427,0.8444,0.04237623762376238,0.16720000000000002,0.2598037017784918,0.9263775451950522,0.0504,0.6103996039603962,0.09504505928853754,0.032
1846,0.5551999999999999,0.056400000000000006,0.5948,0.040400000000000005,0.05,0.15072129501202072,0.8176943862987631,0.4523999999999999,0.22199999999999998,0.26416758893280634,0.007200000000000001
1847,0.0536,0.13916906946264745,0.694,0.10315247524752476,0.0644,0.15367694636252094,0.4568,0.0716,0.6551988118811881,0.09720000000000001,0.0
1848,0.2836,0.1572,0.7792000000000001,0.036186138613861385,0.04240000000000001,0.3272643787008131,0.7651550903901047,0.094,0.6446,0.31304569796110043,0.011189750328515113
1849,0.0008,0.0216,0.4548,0.0152,0.0328,0.05741929181929182,0.9756,0.0016,0.3404,0.1048,0.0124
1850,0.354,0.13,0.8156000000000001,0.043152475247524746,0.08076967213114754,0.3463757186099269,0.8508000000000001,0.1068,0.44160000000000005,0.27240000000000003,0.0316
1851,0.2848,0.06393910761154856,0.6272,0.07658613861386139,0.0664,0.038,0.39280000000000004,0.09119999999999999,0.6095984158415841,0.15856822760536923,0.007200000000000001
1852,0.43200000000000005,0.13836955380577426,0.5428,0.02336237623762376,0.0652,0.1828375252573679,0.7650382492863939,0.21439999999999998,0.676199207920792,0.31256822760536923,0.014800000000000002
1853,0.018,0.004,0.5735999999999999,0.06792871287128713,0.0176,0.0766584116236928,0.861694386298763,0.0024000000000000002,0.25339999999999996,0.09319999999999999,0.005200000000000001
1854,0.0236,0.03596955380577428,0.5856000000000001,0.03428118811881188,0.0132,0.05069650626472142,0.8768,0.027200000000000002,0.6453992079207921,0.05115165812233398,0.0
1855,0.2884,0.11600000000000002,0.49319999999999997,0.017576237623762377,0.020399999999999998,0.15727672544787458,0.7067775451950524,0.05720000000000001,0.599599207920792,0.4089821531718389,0.018000000000000002
1856,0.22360000000000002,0.0344,0.37920000000000004,0.016800000000000002,0.12079999999999999,0.16137952160812932,0.8574157944814462,0.15319999999999998,0.453,0.30160000000000003,0.0376
1857,0.002,0.004,0.576,0.08135841584158414,0.019200000000000002,0.0844,0.8135999999999999,0.0,0.2052,0.06040000000000001,0.0028
1858,0.0004,0.0084,0.4104,0.10990495049504952,0.0032,0.0790579226261378,0.8288,0.0,0.25659960396039605,0.0968,0.0028
1859,0.0728,0.04510866141732283,0.5936,0.13305742574257426,0.09159999999999999,0.27713589415203105,0.9188000000000001,0.02,0.4275992079207921,0.09616758893280633,0.0024000000000000002
1860,0.0048000000000000004,0.0352,0.7055999999999999,0.04117623762376237,0.0164,0.0564772144454296,0.8484943862987631,0.020399999999999998,0.23959999999999998,0.1016,0.002
1861,0.3684,0.24196955380577428,0.8160000000000001,0.08187722772277227,0.1016,0.8836381418092909,0.6488269321631037,0.18639999999999998,0.4187972277227723,0.28802721246037655,0.019999999999999997
1862,0.2112,0.0448,0.47759999999999997,0.0224,0.0784,0.10785765454322913,0.782,0.1288,0.4446,0.3552,0.0376
1863,0.018,0.04479999999999999,0.4816,0.061528712871287125,0.0324,0.1344383627239373,0.982,0.008,0.2048,0.08184505928853755,0.002
1864,0.44639999999999996,0.04479999999999999,0.5780000000000001,0.1992158415841584,0.11840000000000002,0.2662584116236928,0.5104719314938155,0.1152,0.537999603960396,0.08679999999999999,0.0016
1865,0.012,0.1528,0.454,0.05677623762376237,0.0436,0.11563885172149231,0.9368000000000001,0.017599999999999998,0.22679999999999997,0.10640000000000001,0.00919500492934604
1866,0.0616,0.0484,0.2548,0.05555247524752475,0.0268,0.10403836272393732,0.9164,0.0252,0.2784,0.06736758893280634,0.0
1867,0.3044,0.22830720838794233,0.8016000000000002,0.15211485148514853,0.22359999999999997,0.5251096148621821,0.4592329684367547,0.19319999999999998,0.6369996039603961,0.2779225296442688,0.049169377382355314
1868,0.3484,0.12113862326842173,0.5684,0.021552475247524756,0.09066461548890019,0.19687748252833828,0.823977455474236,0.023200000000000002,0.370599603960396,0.0152,0.0036000000000000003
1869,0.3516,0.3788,0.7692,0.08717623762376238,0.0432,0.3361501990697603,0.6968943862987631,0.1808,0.37039999999999995,0.6419225296442688,0.029984885022949638
1870,0.057999999999999996,0.16353910761154858,0.7487999999999999,0.04240000000000001,0.09759999999999999,0.20233508990330504,0.6677662280717621,0.0736,0.695199207920792,0.08472252964426877,0.008400000000000001
1871,0.1856,0.07880000000000001,0.6060000000000001,0.029081188118811878,0.0516,0.11679999999999999,0.8488,0.024399999999999998,0.42499801980198015,0.06104569796110045,0.0012000000000000001
1872,0.05,0.0128,0.4408,0.083009900990099,0.008,0.09821907090464548,0.831694386298763,0.0044,0.17500000000000002,0.05824505928853755,0.0252
1873,0.4816,0.1032,0.6144000000000001,0.06037227722772277,0.0524,0.29555872957832907,0.89602702188392,0.059199999999999996,0.48100000000000004,0.12664505928853756,0.0156
1874,0.0708,0.0852,0.5144,0.038,0.04959999999999999,0.1568383627239373,0.03127193149381541,0.020800000000000003,0.703,0.11872252964426877,0.0016
1875,0.0088,0.004,0.6144,0.029552475247524756,0.0008,0.0848383627239373,0.9655999999999999,0.018,0.12479999999999998,0.018799999999999997,0.0008
1876,0.0024000000000000002,0.0032,0.6567999999999999,0.008,0.0016,0.17232208797954657,0.874,0.0008,0.2906000000000001,0.032,0.0
1877,0.2048,0.1072,0.5404,0.04477623762376237,0.0396,0.07545765454322913,0.9078831588962892,0.11640000000000002,0.511999603960396,0.3582450592885376,0.0032
1878,0.0048000000000000004,0.03556906946264744,0.522,0.0032,0.022799999999999997,0.1916,0.7236,0.0032,0.3216,0.08512252964426878,0.002
1879,0.0624,0.022,0.6252000000000001,0.0492,0.005200000000000001,0.07083863080684596,0.9788,0.022,0.3016,0.07592252964426878,0.0052
1880,0.17119999999999996,0.047599999999999996,0.7392000000000001,0.03477623762376238,0.07880000000000001,0.0944,0.8393887725975262,0.007200000000000001,0.4259980198019802,0.19393517786561265,0.0084
1881,0.304,0.09559999999999999,0.49720000000000003,0.012,0.013999999999999999,0.1158192918192918,0.8833663177925786,0.2004,0.6702,0.19680000000000003,0.005600000000000001
1882,0.7332,0.03392223403267251,0.8976,0.007552475247524754,0.2164,0.25249027587462797,0.9880000000000001,0.0124,0.654799603960396,0.2011231683168317,0.0
1883,0.2044,0.1068,0.7708,0.15357623762376238,0.0716,0.17585787545787546,0.15129438629876307,0.0316,0.1396,0.06040000000000001,0.0008
1884,0.21959999999999996,0.19680000000000003,0.5919999999999999,0.07037623762376237,0.0868,0.2501169744201313,0.8210831588962894,0.142,0.4862,0.14704633663366337,0.022800000000000004
1885,0.1336,0.12153910761154856,0.8859999999999999,0.017599999999999998,0.0608,0.29010259619476725,0.7724,0.20800000000000002,0.6245976237623763,0.3793046828161077,0.0
1886,0.0428,0.02796955380577428,0.5027999999999999,0.18976237623762376,0.0188,0.07683885172149231,0.924,0.0388,0.437599603960396,0.0966767424568544,0.005200000000000001
1887,0.0032,0.002,0.336,0.004376237623762376,0.0012000000000000001,0.08505743362858278,0.8619999999999999,0.0016,0.2888,0.04512252964426877,0.0
1888,0.3052,0.03676955380577428,0.5108,0.04152871287128713,0.1496,0.072,0.9290831588962891,0.03,0.4477996039603961,0.1444,0.0067950049293460405
1889,0.018000000000000002,0.0144,0.7048,0.10576237623762377,0.026399999999999996,0.08105814354078414,0.974,0.45760000000000006,0.571199603960396,0.07584505928853755,0.00439500492934604
1890,0.5732,0.14356955380577427,0.774,0.064419801980198,0.12106461548890017,0.32125151848966027,0.4833887725975262,0.0732,0.7448,0.08392316831683169,0.0076
1891,0.2752,0.23147821522309714,0.7712,0.07470495049504951,0.1484,0.30859208170259517,0.6562156150398136,0.1252,0.689598811881188,0.18696886627793213,0.01918475188958265
1892,0.2068,0.22756955380577426,0.7943999999999999,0.057199999999999994,0.05600000000000001,0.36323885172149234,0.7476493869680515,0.15480000000000002,0.6441996039603961,0.202,0.008799999999999999
1893,0.0716,0.028000000000000004,0.9184000000000001,0.0124,0.07796967213114754,0.23445115607022698,0.47586052464970896,0.053200000000000004,0.8684,0.0424,0.0036000000000000003
1894,0.3452,0.14150866141732282,0.5272,0.06192871287128713,0.08800000000000001,0.028000000000000004,0.7437663177925785,0.19518526980309633,0.47619881188118807,0.3569821531718389,0.06558462212449416
1895,0.2496,0.1272,0.6788000000000001,0.09526336633663365,0.0468,0.8706579226261377,0.9144,0.13240000000000002,0.5941992079207921,0.335290757249638,0.008799999999999999
1896,0.046400000000000004,0.005200000000000001,0.5592,0.005576237623762377,0.027200000000000002,0.0684383627239373,0.8860000000000001,0.009600000000000001,0.31599999999999995,0.057999999999999996,0.008799999999999999
1897,0.2496,0.1792,0.35,0.09677623762376238,0.06720000000000001,0.1868383627239373,0.49957745547423604,0.1264,0.28419524752475245,0.251690757249638,0.004
1898,0.2988,0.0184,0.5631999999999999,0.009600000000000001,0.030000000000000006,0.14181929181929182,0.8878831588962892,0.0156,0.4506,0.056799999999999996,0.0008
1899,0.22479999999999997,0.0656,0.9551999999999999,0.0188,0.11599999999999999,0.21680000000000002,0.10809429657794678,0.0896,0.922,0.10112252964426878,0.004399999999999999
1900,0.5871999999999999,0.0428,0.6016,0.04917623762376238,0.030400000000000003,0.06341929181929182,0.9204000000000001,0.0664,0.6168,0.17865962352757014,0.0028
1901,0.0152,0.005200000000000001,0.3916,0.020633663366336635,0.03,0.07541929181929183,0.9644494766888677,0.0184,0.425199603960396,0.05721392556646969,0.0008
1902,0.2156,0.0648,0.6048,0.09105346534653465,0.0388,0.14375393989330423,0.7594831588962891,0.0616,0.42579920792079207,0.10322785113293938,0.0028
1903,0.0756,0.09836955380577428,0.43600000000000005,0.041057425742574254,0.022,0.14851530908645824,0.8740943862987631,0.0848,0.4659984158415842,0.18155165812233398,0.0004
1904,0.3416,0.008799999999999999,0.33280000000000004,0.0196,0.0708,0.0824383627239373,0.8827999999999999,0.0828,0.5316,0.3992,0.0032
1905,0.06799999999999999,0.0692,0.3892,0.008752475247524752,0.0152,0.23035778977881666,0.7904719314938153,0.020399999999999998,0.2284,0.07912252964426877,0.0016
1906,0.1668,0.07578687664041994,0.614,0.09938217821782178,0.0696,0.2594195599022005,0.2898831588962893,0.1344,0.530799603960396,0.22936886627793213,0.010799999999999999
1907,0.2732,0.1492,0.6459999999999999,0.10856237623762374,0.19476967213114754,0.48300537140586314,0.6053340327698046,0.134,0.5799972277227722,0.27908747466050954,0.005200000000000001
1908,0.1092,0.5185364100129687,0.7812000000000001,0.025576237623762377,0.0756,0.17807721444542962,0.8192,0.0616,0.6761992079207921,0.15424633663366336,0.00359500492934604
1909,0.1968,0.2096,0.6256,0.07588118811881188,0.0804,0.1464777034429846,0.8816943862987632,0.07959999999999999,0.4821976237623763,0.34425962352757017,0.021974633667325497
1910,0.3136,0.07793910761154857,0.6368,0.0104,0.0548,0.2322190709046455,0.8774830691754729,0.0508,0.3512,0.21200000000000002,0.01479500492934604
1911,0.5511999999999999,0.0876,0.7779999999999999,0.0548,0.046,0.30280000000000007,0.8873887725975262,0.162,0.5372,0.12192252964426878,0.002
1912,0.33920000000000006,0.39273910761154857,0.6176,0.13795117979087626,0.11320000000000001,0.2895734526272424,0.5724943862987631,0.1648,0.6545992079207921,0.21792252964426878,0.004000000000000001
1913,0.13040000000000002,0.0508,0.4816,0.018776237623762376,0.0508,0.0790960172671664,0.9352,0.07200000000000001,0.4856,0.4424,0.022
1914,0.032799999999999996,0.023200000000000002,0.6608,0.0008,0.0392,0.11083836272393732,0.7956,0.0128,0.43439999999999995,0.022799999999999997,0.0
1915,0.1044,0.026799999999999997,0.7312,0.037809900990099,0.2732,0.2083218643956814,0.47569438629876304,0.026799999999999997,0.4745996039603961,0.3874729104214769,0.0392
1916,0.1976,0.2616,0.7776000000000001,0.08675247524752475,0.0304,0.34930149267751287,0.7038830691754729,0.2488,0.44320000000000004,0.2392,0.010799999999999999
1917,0.15560000000000002,0.044399999999999995,0.39480000000000004,0.0596,0.1304,0.18043858363858364,0.7345663177925785,0.09,0.7157988118811881,0.17506026220013304,0.0048000000000000004
1918,0.012400000000000001,0.05720000000000001,0.6192,0.05755247524752475,0.0,0.1369025752456084,0.8541887725975261,0.0608,0.3286,0.04873581653817556,0.0008
1919,0.4612,0.26076906946264744,0.658,0.07148118811881188,0.0728,0.2593155300011046,0.7144943862987632,0.16840000000000002,0.502,0.39032252964426883,0.0707847535737219
1920,0.0948,0.09116955380577427,0.7664,0.32755247524752484,0.024399999999999998,0.2742062477050252,0.491294386298763,0.1,0.559199207920792,0.09784569796110046,0.008799999999999999
1921,0.47240000000000004,0.09954341463414633,0.7404,0.0885108910891089,0.11279999999999998,0.2729549178884142,0.8816494766888677,0.0928,0.6396,0.13944569796110046,0.013999999999999999
1922,0.40279999999999994,0.1572,0.6047999999999999,0.09114851485148515,0.1068,0.1224,0.7387635067815189,0.1008,0.5079980198019802,0.1841053214886706,0.019200000000000002
1923,0.074,0.0364,0.564,0.1235049504950495,0.0688,0.17581929181929182,0.5763999999999999,0.0068000000000000005,0.413599207920792,0.22352316831683172,0.002
1924,0.0728,0.18239999999999998,0.7208,0.037176237623762376,0.027600000000000003,0.1273518669929212,0.7540494766888677,0.0452,0.6131988118811881,0.21921520291159552,0.0124
1925,0.1652,0.032,0.5248,0.03275247524752476,0.01,0.1916,0.9753887725975261,0.184,0.2592,0.13344505928853756,0.004
1926,0.0168,0.060399999999999995,0.46440000000000003,0.044399999999999995,0.09519999999999999,0.08887726161369193,0.914,0.0108,0.23959999999999998,0.43360000000000004,0.0172
1927,0.916,0.02276955380577428,0.7876,0.005599999999999999,0.1584,0.21603836272393728,0.9616,0.1096,0.8788,0.19841264822134388,0.0032
1928,0.2028,0.11639999999999999,0.7163999999999999,0.09241980198019802,0.09759999999999999,0.24121306142919835,0.7967326355851571,0.2032,0.5435988118811881,0.28841264822134394,0.023133896195702164
1929,0.2084,0.09119999999999999,0.5912,0.1078811881188119,0.029199999999999997,0.4019442812616191,0.5770607040913416,0.1356,0.49059960396039604,0.2120145642390326,0.006000000000000001
1930,0.0904,0.12160000000000001,0.7712000000000001,0.0736,0.009600000000000001,0.23050279616025474,0.9112,0.045200000000000004,0.2932,0.0548,0.0224
1931,0.006,0.009600000000000001,0.5208,0.012,0.027599999999999996,0.09181929181929181,0.9832000000000001,0.008799999999999999,0.3112,0.038,0.0
1932,0.044,0.05076955380577427,0.3604,0.04355247524752475,0.0036000000000000003,0.17149623818181275,0.9753887725975261,0.024,0.587599207920792,0.14033645521073848,0.0036000000000000003
1933,0.5376000000000001,0.1252,0.5844,0.0548,0.0372,0.08600000000000001,0.7769887725975261,0.1752,0.5088,0.3136,0.0035948751642575563
1934,0.2048,0.1504,0.5896,0.020186138613861385,0.0064,0.06559999999999999,0.9332,0.0964,0.32199920792079206,0.3986881133330724,0.0024000000000000002
1935,0.2804,0.15999999999999998,0.7043999999999999,0.06587722772277227,0.1824,0.17787863426983228,0.5176841971976716,0.11879999999999999,0.503599603960396,0.2329034054709819,0.019999999999999997
1936,0.8263999999999999,0.3416,0.8664,0.0032,0.0548,0.2622430265261345,0.8311999999999999,0.7424,0.3862,0.5227231683168316,0.0388
1937,0.3383999999999999,0.1904,0.5252,0.0208,0.094,0.2395080535329924,0.8691550903901046,0.12279999999999999,0.49919960396039603,0.33104505928853756,0.1235798899522957
1938,0.44559999999999994,0.0336,0.5404,0.024376237623762377,0.06674361904761905,0.1368383627239373,0.9716000000000001,0.12840000000000001,0.5243992079207921,0.21296886627793216,0.0076
1939,0.0176,0.033600000000000005,0.5164000000000001,0.0224,0.0,0.09963885172149231,0.9048,0.0016,0.26539999999999997,0.046,0.0
1940,0.1436,0.11673910761154856,0.6576000000000001,0.026799999999999997,0.01,0.1717913342900902,0.8844719314938155,0.04279999999999999,0.6139996039603961,0.18096886627793213,0.006
1941,0.33720000000000006,0.14676955380577428,0.6292,0.09394851485148514,0.1056,0.1138195599022005,0.7930916650085199,0.078,0.5759968316831683,0.1624145642390326,0.015599999999999998
1942,0.38920000000000005,0.5492,0.7091999999999999,0.03552871287128713,0.0504,0.3412495615231939,0.7652270218839201,0.23680000000000004,0.45119920792079204,0.4820920345947638,0.0132
1943,0.045200000000000004,0.09796906946264745,0.9583999999999999,0.4332000000000001,0.12832099644128114,0.335639119804401,0.34400000000000003,0.027999999999999997,0.9405999999999999,0.0668,0.0004
1944,0.3108,0.21280000000000002,0.8084,0.032,0.2132,0.20607346128470821,0.6564,0.08199999999999999,0.570599603960396,0.19209075724963803,0.008799999999999999
1945,0.3592,0.21399999999999997,0.6759999999999999,0.03865742574257426,0.27480000000000004,0.24244990999220825,0.8814831588962893,0.1416,0.388599603960396,0.4588152029115955,0.02279500492934604
1946,0.1008,0.0652,0.5948,0.031528712871287126,0.08719999999999999,0.0634195599022005,0.962,0.086,0.4686,0.11376822760536924,0.0027948734801183043
1947,0.33920000000000006,0.2444,0.6536,0.064,0.0548,0.1336,0.7068494766888678,0.18439999999999998,0.5096,0.3557682276053692,0.030799999999999994
1948,0.0408,0.0892,0.7252,0.027738613861386142,0.03,0.12149672717936777,0.7456943862987631,0.0668,0.5817960396039604,0.14252997925879546,0.011994875164257558
1949,0.36360000000000003,0.0092,0.4772,0.024,0.146,0.1422055564334473,0.8445887725975261,0.0708,0.4645988118811881,0.39376950495049506,0.0
1950,0.3296,0.4568,0.7048,0.27393628318584073,0.03306461548890018,0.2004,0.4720943862987631,0.0208,0.8602000000000001,0.037690118577075105,0.0068000000000000005
1951,0.3196,0.24080000000000004,0.6392,0.044376237623762374,0.14679999999999999,0.25847770344298465,0.804494386298763,0.0188,0.528999603960396,0.15336822760536922,0.006
1952,0.32120000000000004,0.10756955380577429,0.7392,0.029199999999999997,0.054400000000000004,0.2451607998094933,0.9369438629876308,0.0616,0.7701999999999999,0.12904505928853754,0.2572
1953,0.16760000000000003,0.09079999999999999,0.6696,0.04,0.0252,0.10785841162369281,0.9535999999999998,0.15120000000000003,0.6324000000000001,0.1928,0.0068000000000000005
1954,0.0304,0.0048000000000000004,0.9668000000000001,0.0027524752475247523,0.11280000000000001,0.26527699353078327,0.12258877259752617,0.013999999999999999,0.9423999999999999,0.020800000000000003,0.0
1955,0.2096,0.059969553805774276,0.2904,0.5211762376237624,0.2152,0.30513638314958613,0.9331999999999999,0.074,0.6359999999999999,0.13096822760536925,0.0064
1956,0.4128,0.18516955380577427,0.6032,0.02241980198019802,0.2004,0.2486312015069961,0.6096943862987632,0.14040000000000002,0.548999603960396,0.39561328689390673,0.026000000000000002
1957,0.43760000000000004,0.19,0.5024,0.014799999999999999,0.12400000000000003,0.29954668433983833,0.8402831588962894,0.24359999999999998,0.6183992079207921,0.47219544006574576,0.035589880093603594
1958,0.0016,0.014400000000000001,0.5256000000000001,0.09129108910891089,0.0392,0.10461907090464548,0.824494386298763,0.0048000000000000004,0.1544,0.05129075724963801,0.0028
1959,0.292,0.21636955380577425,0.516,0.0312,0.12079999999999999,0.2273136384940786,0.8628,0.0804,0.40359920792079207,0.32416822760536923,0.00919500492934604
1960,0.0492,0.01634341463414634,0.5708,0.04032871287128713,0.054000000000000006,0.07861907090464548,0.7833887725975262,0.004,0.39439960396039603,0.1216,0.0396
1961,0.22519999999999998,0.1388,0.5940000000000001,0.7338811881188119,0.10999999999999999,0.1900127933462897,0.9256,0.06999999999999999,0.4185948514851486,0.08750331624466794,0.0004
1962,0.2064,0.1708,0.5356,0.07077623762376238,0.0284,0.3739657576327503,0.8516,0.0648,0.44959999999999994,0.33616886627793213,0.0152
1963,0.004,0.08,0.11800000000000002,0.1279960396039604,0.184,0.4858432377728222,0.41003928758777625,0.008400000000000001,0.24819999999999998,0.0132,0.0004
1964,0.0196,0.06076906946264744,0.534,0.03635247524752476,0.0112,0.09381907090464549,0.8497887725975263,0.254,0.2048,0.08025962352757016,0.0036000000000000003
1965,0.5012000000000001,0.10800000000000001,0.5740000000000001,0.012,0.0308,0.12370238818580051,0.916,0.3276,0.32460000000000006,0.37944505928853756,0.02159500492934604
1966,0.0704,0.07076955380577428,0.8048000000000002,0.04375841584158416,0.040799999999999996,0.11163885172149231,0.6470831588962893,0.0364,0.3429996039603961,0.015200000000000002,0.0004
1967,0.29640000000000005,0.11320000000000001,0.6068,0.1,0.038400000000000004,0.1804370024049744,0.8746830691754729,0.1096,0.3944,0.2272,0.032400000000000005
1968,0.4056,0.1036,0.6756,0.015033663366336636,0.14596967213114753,0.6960388517214924,0.6527228950881472,0.0772,0.4992,0.1909034054709819,0.01
1969,0.0316,0.038,0.5408000000000001,0.03359603960396039,0.1452,0.22909633251833741,0.2912,0.0124,0.8700000000000001,0.06761328689390679,0.00559500492934604
1970,0.0028,0.0068000000000000005,0.488,0.0579049504950495,0.0056,0.0684383627239373,0.758,0.005200000000000001,0.3276,0.038,0.0016
1971,0.3132,0.2531695538057743,0.8276,0.021976237623762378,0.05800000000000001,0.23345396788668746,0.8375999999999999,0.088,0.4179968316831683,0.3732913959222009,0.0031897503285151117
1972,0.015600000000000003,0.014000000000000002,0.4908,0.0068000000000000005,0.0376,0.10541929181929184,0.9551999999999999,0.0068000000000000005,0.5,0.0412,0.0
1973,0.2144,0.10987724653684346,0.7016,0.02348118811881188,0.13199999999999998,0.778,0.5884086855538633,0.0732,0.617399603960396,0.15712252964426876,0.014799999999999999
1974,0.17519999999999997,0.1492,0.8492,0.045152475247524755,0.07479999999999999,0.30339139379553004,0.6813435041043656,0.09359999999999999,0.662599603960396,0.2864,0.0224
1975,0.2812,0.014800000000000002,0.6756,0.013081188118811881,0.1268,0.11465814354078412,0.46666070409134164,0.0508,0.749999603960396,0.1856,0.0004
1976,0.0916,0.08439999999999999,0.6216,0.025576237623762377,0.034,0.13403863080684597,0.9284942965779468,0.07,0.5185992079207922,0.25296886627793214,0.0012000000000000001
1977,0.06839999999999999,0.4259695538057743,0.728,0.05465742574257426,0.04240000000000001,0.23695433455433457,0.6541434143835493,0.48200000000000004,0.8596,0.0924,0.00639500492934604
1978,0.046,0.0132,0.4944,0.07900990099009901,0.007200000000000001,0.10141907090464548,0.7172,0.018,0.16459960396039602,0.07424505928853756,0.014799999999999999
1979,0.3004,0.013600000000000001,0.312,0.006776237623762377,0.0968,0.1554574336285828,0.759294386298763,0.0772,0.256,0.36066217821782176,0.0
1980,0.5452,0.013600000000000001,0.6536,0.0,0.0432,0.1941030642431634,0.9975999999999999,0.0492,0.32500000000000007,0.31893572731186165,0.0
1981,0.07039999999999999,0.0352,0.4800000000000001,0.03138613861386138,0.06520000000000001,0.25269731051344746,0.0324,0.016,0.8511996039603961,0.039045059288537555,0.0004
1982,0.1988,0.054400000000000004,0.5312,0.0024000000000000002,0.011200000000000002,0.13259360553148125,0.9672000000000001,0.08919999999999999,0.43479999999999996,0.4364,0.014799999999999997
1983,0.0548,0.0668,0.5164,0.054799999999999995,0.018800000000000004,0.10741955990220049,0.8881887725975263,0.0388,0.4071999999999999,0.3528,0.005584625492772668
1984,0.0016,0.0456,0.5204,0.07136237623762376,0.0016,0.09651606616692193,0.9944,0.0028,0.5665992079207921,0.08152316831683168,0.0
1985,0.2564,0.06836955380577428,0.5648,0.14776237623762378,0.08760000000000001,0.036038583638583636,0.4412943862987631,0.08120000000000001,0.5511988118811881,0.153290757249638,0.012
1986,0.0248,0.06113910761154856,0.9216,0.009952475247524753,0.08152099644128113,0.35485049332628793,0.07400000000000001,0.0284,0.13440000000000002,0.7487377325558644,0.0012000000000000001
1987,0.3276,0.1631381389252949,0.586,0.08445544554455443,0.11599999999999999,0.21829645909645906,0.6908943862987631,0.1476,0.5491996039603961,0.18593645521073848,0.002
1988,0.038400000000000004,0.0024000000000000002,0.48319999999999996,0.015200000000000002,0.0172,0.0804,0.9202831588962892,0.0632,0.2892,0.054400000000000004,0.0028
1989,0.0548,0.0012000000000000001,0.43,0.028752475247524757,0.019200000000000002,0.0636,0.9836,0.0152,0.188,0.21442657378781355,0.0044
1990,0.836,0.0728,0.564,0.0464,0.0964,0.1416,0.8284,0.22319999999999998,0.34640000000000004,0.41769011857707505,0.0004
1991,0.254,0.22870817707419597,0.7243999999999999,0.1163762376237624,0.0364,0.2988767254478746,0.725487546533629,0.15360000000000001,0.5636,0.42504633663366337,0.027194873480118304
1992,0.019999999999999997,0.0184,0.6076,0.0164,0.0332,0.13963885172149232,0.30609438629876307,0.004,0.13799999999999998,0.016,0.0
1993,0.028000000000000004,0.1024,0.5780000000000001,0.10588118811881189,0.05439999999999999,0.08429655343298374,0.9340719314938155,0.026000000000000002,0.34119960396039606,0.2608901185770751,0.0004
1994,0.0324,0.007200000000000001,0.4932,0.09093861386138613,0.08679999999999999,0.17083814180929097,0.7345662280717622,0.014000000000000002,0.3193988118811881,0.052645697961100454,0.0024000000000000002
1995,0.1676,0.0808,0.5795999999999999,0.0076,0.046400000000000004,0.0872767254478746,0.7828000000000002,0.0844,0.5064,0.39560000000000006,0.03560000000000001
1996,0.2612,0.05600000000000001,0.5296000000000001,0.027176237623762377,0.0756,0.17033464807401238,0.8644000000000001,0.11440000000000002,0.638598415841584,0.20104569796110044,0.0068000000000000005
1997,0.2624,0.2184,0.8088,0.055600000000000004,0.07360000000000001,0.21303061817291646,0.8197035204567079,0.138,0.7137988118811881,0.34376886627793213,0.14199500492934605
1998,0.7752,0.0,0.6055999999999999,0.013857425742574259,0.0944,0.16145743362858275,0.9879999999999999,0.0472,0.6954,0.34079999999999994,0.0016
1999,0.45360000000000006,0.08320000000000001,0.6083999999999999,0.015057425742574255,0.0412,0.1398195599022005,0.998,0.19680000000000003,0.537599603960396,0.21373381129417285,0.0016
2000,0.2624,0.056400000000000006,0.5176000000000001,0.022,0.0548,0.10301929181929181,0.9396000000000001,0.0264,0.4775992079207921,0.22064505928853753,0.0032
2001,0.0632,0.0468,0.6244,0.0039762376237623765,0.0088,0.13047743536007594,0.726094386298763,0.06960000000000001,0.528799603960396,0.14361264822134387,0.0032
2002,0.06559999999999999,0.02276955380577428,0.5168,0.020776237623762378,0.06399999999999999,0.1588,0.5507821122740247,0.040400000000000005,0.3694,0.08,0.0036000000000000003
2003,0.6267999999999999,0.08194341463414634,0.5367999999999999,0.028914851485148513,0.052000000000000005,0.26459203453433283,0.69207840152236,0.0992,0.8377996039603961,0.11387418776660274,0.0092
2004,0.0008,0.0,0.4135999999999999,0.016776237623762378,0.0008,0.05861929181929182,0.9968,0.0,0.1552,0.057999999999999996,0.008400000000000001
2005,0.0108,0.05,0.504,0.0196,0.0048000000000000004,0.1808383627239373,0.924,0.0236,0.3148,0.02064505928853755,0.0036000000000000003
2006,0.045599999999999995,0.04076955380577428,0.5356,0.04192871287128712,0.0424,0.07919999999999999,0.8929887725975263,0.0144,0.43399841584158416,0.006723168316831683,0.004399999999999999
2007,0.1592,0.0816,0.7172000000000001,0.01355247524752475,0.0696,0.3188388517214923,0.6799594780274445,0.0456,0.5087999999999999,0.18919999999999998,0.009995004929346041
2008,0.28240000000000004,0.3296,0.6688000000000001,0.04931485148514851,0.0892,0.4254946307291001,0.6478607040913417,0.1824,0.4079976237623762,0.5494602622001331,0.044
2009,0.1328,0.025939107611548558,0.8672000000000001,0.0019287128712871288,0.024399999999999998,0.5123716790751187,0.09898877259752617,0.008,0.40219564356435644,0.4873467945055376,0.0016
2010,0.272,0.0992,0.7207999999999999,0.050752475247524756,0.1044,0.2919358941520311,0.5971677149772262,0.04039999999999999,0.5755988118811881,0.1200901185770751,0.0124
2011,0.3484,0.164,0.5871999999999999,0.03785742574257426,0.03,0.061638851721492305,0.9391999999999999,0.24240000000000003,0.6657992079207921,0.2791370938833014,0.005600000000000001
2012,0.20600000000000002,0.2171695538057743,0.6552,0.09835247524752475,0.06520000000000001,0.23141907090464545,0.7502605246497089,0.11599999999999999,0.6208,0.18002593511525064,0.0032
2013,0.032,0.06443836080123012,0.47000000000000003,0.017576237623762377,0.060399999999999995,0.2727473942520397,0.9125887725975262,0.0028,0.40739960396039604,0.5258456979611005,0.0
2014,0.0972,0.11399999999999999,0.55,0.029528712871287128,0.05600000000000001,0.24557501395643203,0.8031774554742359,0.0632,0.5484,0.1952,0.034759124342591916
2015,0.0216,0.002,0.5212,0.053081188118811885,0.044399999999999995,0.0606835043409629,0.966494386298763,0.0004,0.4133992079207921,0.06472316831683168,0.012
2016,0.2032,0.13920000000000002,0.554,0.06397623762376237,0.1076,0.0116,0.8075550006692884,0.1336,0.5022,0.17519999999999997,0.045589878409464345
2017,0.042800000000000005,0.038,0.46959999999999996,0.02148118811881188,0.0344,0.1832,0.9105887725975261,0.023200000000000002,0.22179920792079208,0.21226026220013305,0.01473862499962215
2018,0.6776,0.13036955380577428,0.21360000000000007,0.23635247524752473,0.07880000000000001,0.2198577017114914,0.5909886828767099,0.14479999999999998,0.7379996039603961,0.12176758893280634,0.0064
2019,0.4824,0.1876,0.7304,0.02235247524752475,0.10999999999999999,0.30381724092404505,0.7785438629876308,0.2832,0.542399207920792,0.5466021708859118,0.0172
2020,0.35519999999999996,0.11240000000000001,0.3064,0.2049861386138614,0.0612,0.32215367181039556,0.6016,0.008,0.1937992079207921,0.19478078660039916,0.0
2021,0.08879999999999999,0.0556,0.1688,0.036328712871287125,0.0408,0.32357425687596836,0.6512943862987631,0.09440000000000001,0.32559960396039606,0.14992252964426878,0.0116
2022,0.68,0.06639999999999999,0.49119999999999997,0.052000000000000005,0.0464,0.09,0.8884000000000001,0.3964,0.40679999999999994,0.40112252964426875,0.0004
2023,0.4368,0.05196955380577428,0.6188,0.016800000000000002,0.08396967213114755,0.26263213233384375,0.976,0.0884,0.7479999999999999,0.29304569796110047,0.011999999999999999
2024,0.058800000000000005,0.0752,0.8676,0.0344,0.0792,0.1746962853500751,0.3428,0.0812,0.2928,0.21504569796110048,0.0051948734801183045
2025,0.15760000000000002,0.1218477690288714,0.7135999999999999,0.24425742574257425,0.012,0.2719098357768284,0.5664,0.1312,0.4347992079207921,0.1733973560834344,0.006
2026,0.344,0.14720000000000003,0.7696,0.06234851485148514,0.0364,0.25377894955524977,0.8176943862987629,0.0972,0.555399207920792,0.3041954400657457,0.0064
2027,0.7236,0.8922463159994909,0.9512,0.12684356435643565,0.10512099644128114,0.3763339033307262,0.8568719314938156,0.704,0.21439960396039606,0.01896886627793214,0.006
2028,0.22360000000000002,0.0484,0.7368,0.06868118811881188,0.0372,0.1467327987574945,0.906238249286394,0.076,0.6067988118811881,0.11256886627793214,0.0024000000000000002
2029,0.1696,0.276,0.674,0.04517623762376237,0.08320000000000001,0.7018195449755352,0.894094386298763,0.1328,0.5986,0.3932,0.0228
2030,0.1592,0.0864,0.7003999999999999,0.03517623762376238,0.0236,0.11745841162369279,0.9940000000000001,0.0432,0.23279999999999998,0.1616,0.0008
2031,0.0596,0.029600000000000005,0.4796,0.006776237623762377,0.046,0.17073508990330505,0.85242702188392,0.0132,0.4812,0.42160000000000003,0.0056
2032,0.8824,0.22956955380577426,0.8352,0.0344,0.18800000000000003,0.19971655516447692,0.9816,0.0468,0.6361988118811881,0.17307354909403985,0.0036000000000000003
2033,0.472,0.0196,0.6931999999999999,0.048,0.10200000000000001,0.2034192918192918,0.946,0.0744,0.515799207920792,0.15016886627793213,0.007200000000000001
2034,0.29000000000000004,0.1416,0.5144,0.037200000000000004,0.0084,0.1762932421015551,0.6613887725975263,0.06,0.403999603960396,0.27826026220013306,0.0124
2035,0.2908,0.1032,0.4832000000000001,0.11040000000000001,0.057599999999999985,0.11123858363858363,0.7609662280717622,0.1928,0.5128,0.3792,0.015584622124494166
2036,0.616,0.1336,0.6384000000000001,0.038799999999999994,0.0624,0.15103017634362378,0.6838831588962893,0.28600000000000003,0.437399603960396,0.3061682276053692,0.01
2037,0.488,0.4824,0.7944,0.3088,0.08386461548890019,0.2124388517214923,0.6776,0.16599999999999998,0.9155999999999999,0.031122529644268777,0.008
2038,0.5144,0.0496,0.7692,0.019952475247524755,0.10959999999999999,0.0974195599022005,0.9456000000000001,0.1024,0.4342,0.3682906680233241,0.014799999999999999
2039,0.1632,0.08550769273106917,0.75,0.0108,0.0576,0.20207721444542961,0.22218877259752617,0.06599999999999999,0.26799999999999996,0.22184569796110046,0.0016
2040,0.568,0.044,0.6788,0.06748118811881187,0.0828,0.28232164348103506,0.8453663177925785,0.14600000000000002,0.39799920792079213,0.233690757249638,0.009600000000000001
2041,0.1024,0.3108,0.8488000000000001,0.13555247524752476,0.0748,0.2531497598299554,0.9411999999999999,0.0252,0.6927996039603961,0.18856822760536923,0.036
2042,0.13599999999999998,0.26430817707419607,0.5964,0.0224,0.1092,0.2564256338608417,0.9291773657534197,0.0616,0.4697996039603961,0.22467674245685437,0.0048000000000000004
2043,0.2484,0.09919999999999998,0.44960000000000006,0.08320000000000002,0.086,0.23815545405423158,0.6782382492863939,0.0876,0.5528,0.3412,0.040400000000000005
2044,0.15760000000000002,0.20193910761154857,0.6796,0.07625742574257426,0.0932,0.4481160661669219,0.5074607040913415,0.060399999999999995,0.7503992079207921,0.16784633663366338,0.008799999999999999
2045,0.0248,0.18030866141732288,0.5536,0.16392871287128713,0.1072,0.17327699353078327,0.6633887725975262,0.016800000000000002,0.530599207920792,0.2691364552107385,0.0
2046,0.6172,0.14999999999999997,0.8664,0.008400000000000001,0.144,0.10261929181929182,0.7692045670789724,0.14479999999999998,0.6512,0.10679999999999998,0.011199999999999998
2047,0.07239999999999999,0.014799999999999999,0.6268,0.012043564356435643,0.2372,0.27019408486107754,0.278,0.0188,0.7548,0.07753581653817555,0.0036000000000000003
2048,0.23440000000000003,0.0424,0.778,0.06251485148514851,0.039999999999999994,0.10887694636252095,0.8980943862987631,0.0924,0.697399603960396,0.2500485075195751,0.0008
2049,0.1988,0.1588,0.7312000000000001,0.030352475247524748,0.0344,0.48937889608354157,0.9244,0.14520000000000002,0.42380000000000007,0.29041456423903267,0.0128
2050,0.4284,0.1276,0.6504000000000001,0.06077623762376237,0.0844,0.19687721444542963,0.89,0.3708,0.2962,0.42929203459476384,0.006
2051,0.3452,0.19319999999999998,0.7188,0.07641980198019802,0.0524,0.8116383627239372,0.5279775451950524,0.1568,0.597399603960396,0.21609139592220092,0.0284
2052,0.08120000000000001,0.1024,0.6888,0.09994851485148515,0.0648,0.15389623818181275,0.8917887725975261,0.12079999999999999,0.5111980198019801,0.047629128478065205,0.0036000000000000003
2053,0.1632,0.1544,0.6456,0.046799999999999994,0.0216,0.03603858363858364,0.8810831588962893,0.028000000000000004,0.394,0.37639999999999996,0.0036000000000000003
2054,0.47400000000000003,0.023600000000000003,0.6923999999999999,0.03825742574257425,0.0268,0.190011547268271,0.7264719314938155,0.11279999999999998,0.5786,0.09072252964426877,0.0092
2055,0.2764,0.27880000000000005,0.7152,0.04108118811881188,0.0816,0.2179343799911037,0.6954831588962893,0.1044,0.445,0.3354463366336634,0.037964513760929096
2056,0.056400000000000006,0.004000000000000001,0.38680000000000003,0.46978217821782353,0.07519999999999999,0.17560000000000003,0.8192535059331176,0.038400000000000004,0.5999449504950494,0.3070541728955503,0.0008
2057,0.23640000000000003,0.094,0.6968000000000001,0.023600000000000003,0.0512,0.23781929181929184,0.8442607040913416,0.022,0.41259999999999997,0.156,0.0072
2058,0.3892,0.0224,0.45,0.04404356435643564,0.0308,0.13665787545787544,0.7825887725975262,0.24800000000000005,0.585398811881188,0.3093682276053692,0.0128
2059,0.2476,0.22000000000000003,0.5848,0.0048000000000000004,0.11796967213114755,0.05501929181929181,0.9219999999999999,0.1388,0.261,0.18280000000000002,0.0024000000000000002
2060,0.008400000000000001,0.45770563908869183,0.7396,0.004,0.0736,0.2585664651566852,0.716,0.0028,0.31999960396039606,0.3887231683168316,0.0
2061,0.2184,0.10799999999999998,0.8068,0.051500990099009894,0.16312099644128114,0.5608772616136919,0.3016267527214712,0.1648,0.44099960396039606,0.21880000000000002,0.004399999999999999
2062,0.4728,0.032138263451013574,0.7,0.009552475247524752,0.0896,0.259212036265826,0.97,0.0104,0.6427996039603961,0.1839231683168317,0.005200000000000001
2063,0.0548,0.0464,0.3096,0.07755247524752475,0.0708,0.0900383627239373,0.9311999999999999,0.0628,0.18960000000000002,0.10096758893280633,0.0024000000000000002
2064,0.0,0.0012000000000000001,0.5067999999999999,0.06943366336633663,0.0012000000000000001,0.07181907090464548,0.8512000000000001,0.0012000000000000001,0.23819999999999997,0.019122529644268776,0.0132
2065,0.1528,0.08600000000000001,0.5452,0.0524,0.0336,0.11367770344298463,0.7517887725975262,0.1416,0.4532,0.2596,0.009600000000000001
2066,0.3252,0.06596906946264745,0.638,0.0116,0.0568,0.16087770344298463,0.9620000000000001,0.2812,0.23479999999999998,0.24392252964426878,0.0004
2067,0.6699999999999999,0.004,0.6028,0.015833663366336632,0.030000000000000006,0.09851535625472056,0.9696,0.0344,0.3617984158415842,0.5455039549172309,0.0036000000000000003
2068,0.1436,0.10436955380577428,0.6639999999999999,0.02157623762376238,0.11679999999999999,0.14192235606245523,0.8149885931558936,0.052000000000000005,0.4571980198019802,0.2457960787383086,0.0016
2069,0.0664,0.040400000000000005,0.4431999999999999,0.015176237623762375,0.0032,0.10803814180929094,0.7676000000000001,0.0128,0.1742,0.1704,0.0004
2070,0.16240000000000002,0.0308,0.5776000000000001,0.02515247524752475,0.0484,0.10603863080684597,0.927977455474236,0.11680000000000001,0.28479920792079205,0.2260913959222009,0.01239500492934604
2071,0.07880000000000001,0.08876955380577428,0.8852,0.0027287128712871287,0.08432099644128115,0.36285054049455023,0.07009438629876309,0.053599999999999995,0.1538,0.6604920345947638,0.002
2072,0.2284,0.13879999999999998,0.5768,0.05157623762376238,0.1236,0.04181907090464547,0.827932635585157,0.128,0.49799999999999994,0.19984633663366336,0.0064
2073,0.0992,0.0216,0.2952,0.05915247524752475,0.0436,0.10905743362858278,0.8204719314938155,0.0468,0.369,0.18921456423903257,0.052000000000000005
2074,0.0124,0.029600000000000005,0.5136000000000001,0.020376237623762377,0.035199999999999995,0.11643858363858364,0.9393887725975262,0.019200000000000002,0.3144,0.08264505928853755,0.004
2075,0.008400000000000001,0.0012000000000000001,0.4548,0.010376237623762375,0.0012000000000000001,0.10087699353078328,0.9795999999999999,0.02,0.1796,0.0224,0.0
2076,0.042800000000000005,0.13319999999999999,0.4112,0.6250574257425743,0.11280000000000001,0.2747612549522099,0.8768,0.0428,0.4229976237623763,0.16162721246037648,0.00519500492934604
2077,0.29480000000000006,0.16993910761154857,0.6128000000000001,0.0164,0.082,0.144,0.795860524649709,0.17079999999999998,0.5005999999999999,0.2566456979611005,0.010400000000000001
2078,0.0024000000000000002,0.006338623268421722,0.37160000000000004,0.036,0.0064,0.08549623818181276,0.9667999999999999,0.0,0.22139999999999999,0.12192252964426878,0.0128
2079,0.0392,0.0372,0.5376,0.02950495049504951,0.0268,0.22363836272393728,0.717294386298763,0.027599999999999996,0.44220000000000004,0.14664505928853755,0.0024000000000000002
2080,0.39559999999999995,0.0476,0.5599999999999999,0.030799999999999994,0.08520000000000001,0.08901907090464548,0.8900943862987631,0.11080000000000001,0.2104,0.47032316831683174,0.0008
2081,0.0092,0.01876955380577428,0.47919999999999996,0.08632871287128713,0.007200000000000001,0.092,0.9620000000000001,0.0156,0.4949992079207921,0.013923168316831682,0.0
2082,0.0104,0.0032,0.5176000000000001,0.008,0.005200000000000001,0.16007694636252096,0.85,0.0004,0.2104,0.13544569796110048,0.0
2083,0.6679999999999999,0.044800000000000006,0.7192000000000001,0.012776237623762376,0.078,0.27778958633026896,0.8210607040913416,0.152,0.5668,0.23305770750988142,0.0032
2084,0.0364,0.009200000000000002,0.4032,0.06345742574257426,0.0036000000000000003,0.11025765454322914,0.9512,0.0016,0.6615988118811881,0.0264,0.002
2085,0.23399999999999999,0.008799999999999999,0.692,0.04023366336633664,0.094,0.3719219115639437,0.22079999999999997,0.05600000000000001,0.2706,0.096,0.0012000000000000001
2086,0.0444,0.052000000000000005,0.7183999999999999,0.044376237623762374,0.0608,0.09855474414203022,0.9495999999999999,0.0,0.2192,0.092,0.0056
2087,0.6684,0.110817536798726,0.788,0.0028,0.2116,0.25070978860856613,0.9916,0.021200000000000004,0.723398811881188,0.2718748264391656,0.009600000000000001
2088,0.1464,0.1308,0.2144,0.05747722772277227,0.0968,0.2529144254278729,0.7513438629876308,0.0252,0.7147992079207921,0.1172,0.0128
2089,0.3232,0.2212,0.7375999999999999,0.07272871287128714,0.11316967213114752,0.18847748252833832,0.7407775451950523,0.1484,0.4665992079207921,0.2195225296442688,0.011994875164257558
2090,0.2252,0.11839999999999999,0.5532,0.02,0.0216,0.0728,0.8836,0.0188,0.27139960396039603,0.1332,0.008400000000000001
2091,0.23359999999999997,0.11839999999999999,0.8375999999999999,0.8175762376237623,0.048799999999999996,0.192321948088001,0.2753212287410506,0.11399999999999999,0.34699960396039603,0.24986026220013308,0.0076
2092,0.1244,0.11436906946264744,0.7632,0.0792,0.0864,0.2687348689886587,0.6599325458643408,0.1004,0.6615988118811881,0.094,0.002
2093,0.4464,0.09959999999999998,0.5711999999999999,0.02394851485148515,0.08199999999999999,0.13345770171149143,0.9843999999999999,0.11320000000000001,0.5816,0.2557682276053692,0.014800000000000002
2094,0.4168,0.23036955380577426,0.7215999999999999,0.04220990099009901,0.0288,0.7656512975750139,0.7553663177925785,0.2684,0.44979881188118814,0.4584158415841584,0.022384883338810384
2095,0.8371999999999999,0.0688,0.7487999999999999,0.06275247524752475,0.07799999999999999,0.17029601726716642,0.9719999999999999,0.08359999999999998,0.4554,0.0692,0.0044
2096,0.152,0.1252,0.6384000000000001,0.10400000000000001,0.0492,0.2090960172671664,0.7862870979295474,0.0752,0.2852,0.4952,0.008379888268156426
2097,0.09440000000000001,0.0972,0.518,0.1212,0.014000000000000002,0.20563858363858367,0.8248719314938153,0.06520000000000001,0.2912,0.33599999999999997,0.025194875164257557
2098,0.5187999999999999,0.13520000000000001,0.6392,0.08463366336633663,0.0656,0.23517274271504102,0.8549887725975263,0.176,0.5455972277227723,0.36442721246037646,0.0108
2099,0.388,0.08959999999999999,0.7852,0.045809900990099,0.07880000000000001,0.9355490970860162,0.5872718417729992,0.1688,0.604399603960396,0.3186450592885376,0.0168
2100,0.9004,0.11080000000000001,0.4728,0.0212,0.08080000000000001,0.10621929181929182,0.6224270218839201,0.13440000000000002,0.49160000000000004,0.17880000000000001,0.0
2101,0.1456,0.029199999999999997,0.4124,0.1788435643564356,0.0588,0.1566690280651161,0.9047775451950523,0.036800000000000006,0.4713976237623762,0.24593837122842724,0.002
2102,0.13440000000000002,0.0692,0.5184,0.016399999999999998,0.0156,0.161639119804401,0.8274831588962893,0.03157158596694694,0.26339999999999997,0.4015225296442687,0.00599500492934604
2103,0.41600000000000004,0.15273910761154857,0.7524,0.052000000000000005,0.09359999999999999,0.38165087775085754,0.9105887725975264,0.1604,0.3392,0.4527225296442688,0.0128
2104,0.28480000000000005,0.2575695538057743,0.768,0.07828118811881188,0.15919999999999998,0.19825651246969384,0.6202603452080763,0.05439999999999999,0.416199603960396,0.49904505928853754,0.0184
2105,0.07680000000000001,0.016769553805774277,0.5788,0.027599999999999996,0.0324,0.1413407738911204,0.620377455474236,0.0992,0.4,0.11904505928853755,0.0016
2106,0.0668,0.04796906946264744,0.7852,0.10428118811881189,0.0828,0.17563858363858367,0.5932,0.07680000000000001,0.628999603960396,0.09720000000000001,0.0004
2107,0.15360000000000001,0.0588,0.386,0.09074851485148513,0.15152099644128114,0.48354619534228344,0.43385033554861757,0.09480000000000001,0.873199603960396,0.044800000000000006,0.007200000000000001
2108,0.2604,0.2603386232684217,0.7424,0.04028118811881188,0.11436967213114754,0.20873486898865873,0.43494377326681455,0.05840000000000001,0.3048,0.2983231683168317,0.004399999999999999
2109,0.1652,0.045200000000000004,0.5972,0.04034851485148515,0.039999999999999994,0.0428,0.9743999999999999,0.028000000000000004,0.26559920792079206,0.2888913959222009,0.00319000985869208
2110,0.2324,0.0024000000000000002,0.5731999999999999,0.005952475247524753,0.0892,0.11007770344298462,0.9600943862987631,0.16240000000000002,0.3609996039603961,0.2231225296442688,0.0028
2111,0.38520000000000004,0.1367695538057743,0.7879999999999999,0.03578613861386139,0.0316,0.21601257243164335,0.8025662280717623,0.13040000000000002,0.6995968316831682,0.21391915782882634,0.00199500492934604
2112,0.39959999999999996,0.09833910761154856,0.4612,0.004704950495049505,0.0868,0.2990192918192918,0.18468315889628925,0.2124,0.593,0.4218942054806756,0.00758501478803812
2113,0.2908,0.029569553805774272,0.4588,0.05032871287128713,0.11680000000000001,0.13723885172149233,0.7100943862987631,0.058399999999999994,0.5805988118811881,0.20475229679489684,0.0056
2114,0.17559999999999998,0.047108177074196,0.7584,0.08995247524752474,0.025599999999999994,0.23607721444542965,0.5210831588962892,0.19119999999999998,0.45840000000000003,0.2856,0.016800000000000002
2115,0.4396,0.3083695538057743,0.7144,0.040681188118811884,0.0232,0.6043047296631648,0.796588772597526,0.18919999999999998,0.42799881188118816,0.4255370938833013,0.02159500492934604
2116,0.3364,0.15796906946264744,0.6195999999999999,0.2777861386138614,0.0516,0.18549677434763012,0.6020942965779468,0.0596,0.8064,0.0688,0.0064
2117,0.5231999999999999,0.15311248409679376,0.7092,0.0144,0.0636,0.24918498201207956,0.6925887725975262,0.0732,0.42179960396039606,0.30256758893280633,0.0004
2118,0.6216,0.1264,0.6003999999999999,0.08258880355325252,0.06520000000000001,0.14745814354078413,0.6879775451950524,0.14400000000000002,0.4053992079207921,0.239690757249638,0.0028
2119,0.248,0.138,0.85,0.15095841584158415,0.06,0.22528996062345694,0.8478830691754731,0.07,0.32119960396039604,0.07520000000000002,0.009600000000000001
2120,0.2152,0.1284027464456851,0.7608,0.04037227722772276,0.016399999999999998,0.3484630598039307,0.8774831588962894,0.044000000000000004,0.4224,0.12432252964426878,0.0012000000000000001
2121,0.053200000000000004,0.056769553805774274,0.4231999999999999,0.030328712871287127,0.0312,0.09526405111246458,0.9081887725975262,0.0868,0.47400000000000003,0.064,0.007200000000000001
2122,0.37639999999999996,0.1364,0.6472,0.19354851485148514,0.04560000000000001,0.1618584116236928,0.9776,0.1264,0.4888,0.18953709388330137,0.004790009858692081
2123,0.6428,0.0092,0.8304,0.009600000000000001,0.068,0.15760000000000002,0.9863999999999999,0.0656,0.672,0.2652,0.004000000000000001
2124,0.0156,0.1136,0.5588000000000001,0.06760000000000001,0.06960000000000001,0.2518581435407842,0.9148,0.0052,0.284,0.07880000000000001,0.002
2125,0.0648,0.012369553805774279,0.4391999999999999,0.029976237623762374,0.018,0.1004772144454296,0.9608000000000001,0.020399999999999998,0.572199603960396,0.0452145642390326,0.0016
2126,0.018399999999999996,0.0068000000000000005,0.6804,0.05439999999999999,0.052000000000000005,0.1288,0.9747999999999999,0.0024000000000000002,0.25939999999999996,0.1076,0.0
2127,0.5619999999999999,0.22039999999999998,0.6312,0.20635247524752476,0.13840000000000002,0.23691562433762922,0.622094386298763,0.19,0.3358,0.3289688662779321,0.0028
2128,0.3764,0.14156906946264744,0.8224,0.03437623762376238,0.11040000000000001,0.27530214041505563,0.8758605246497089,0.1464,0.5822,0.26273709388330135,0.014799999999999999
2129,0.008,0.0,0.6808,0.011199999999999998,0.002,0.10650183911430362,0.9868,0.004,0.203,0.0672,0.0
2130,0.6476,0.024,0.4368,0.009600000000000001,0.0324,0.10243814180929096,0.8476000000000001,0.4556,0.4788,0.27640000000000003,0.0004
2131,0.1036,0.10756955380577429,0.5296000000000001,0.017104950495049502,0.008000000000000002,0.1168767254478746,0.7380000000000001,0.0172,0.318999603960396,0.16153645521073848,0.0012000000000000001
2132,0.1396,0.21680000000000002,0.8775999999999999,0.12244356435643564,0.0836,0.19424390051676116,0.9400719314938154,0.1132,0.3337984158415842,0.0512,0.0024000000000000002
2133,0.3116,0.16360000000000002,0.572,0.05987326732673266,0.11320000000000001,0.29241192202488187,0.5480943862987632,0.09519999999999999,0.35839841584158416,0.600854424920753,0.013199999999999998
2134,0.36080000000000007,0.2615434146341463,0.7595999999999999,0.057481188118811886,0.1815842385516507,0.43343206259194317,0.8849213184618667,0.11839999999999999,0.569199603960396,0.41512316831683166,0.02
2135,0.1472,0.039999999999999994,0.5972,0.0496,0.03879999999999999,0.08283836272393731,0.8953887725975263,0.064,0.7756000000000001,0.2708913959222009,0.0076
2136,0.010400000000000001,0.078,0.9283999999999999,0.0124,0.060399999999999995,0.24196071611717374,0.8011999999999999,0.18439999999999998,0.450999603960396,0.47736758893280634,0.0004
2137,0.05519999999999999,0.11276955380577429,0.9352,0.20745742574257425,0.1548,0.2389284176839189,0.9252943862987631,0.04,0.1862,0.05192316831683169,0.0016
2138,0.39239999999999997,0.124,0.6288,0.032799999999999996,0.05399999999999999,0.22523873481132933,0.7969258855408392,0.1016,0.6252,0.20872316831683166,0.0068000000000000005
2139,0.5279999999999999,0.22519999999999998,0.7691999999999999,0.0368,0.2088,0.2931358941520311,0.7028942965779468,0.352,0.4628,0.35839999999999994,0.009589746960236609
2140,0.38280000000000003,0.1336,0.6644,0.08058613861386138,0.0904,0.25880000000000003,0.7703818431115759,0.09159999999999999,0.6411972277227723,0.123690757249638,0.023200000000000002
2141,0.2736,0.022400000000000003,0.732,0.004,0.058800000000000005,0.1889027961602547,0.9136,0.06160000000000001,0.4152,0.09280000000000001,0.0004
2142,0.055600000000000004,0.0392,0.626,0.04034851485148515,0.018,0.1628,0.6180943862987631,0.0124,0.5244,0.11392252964426877,0.004399999999999999
2143,0.0912,0.0732,0.6512,0.027081188118811876,0.10196967213114753,0.2953285120204436,0.4856943862987631,0.0836,0.6473988118811881,0.19195101944977105,0.0012000000000000001
2144,0.07120000000000001,0.09519999999999999,0.4816000000000001,0.13689108910891087,0.2448,0.15677420970770606,0.9403550903901048,0.1016,0.5635968316831683,0.20456758893280633,0.0064
2145,0.37679999999999997,0.2496,0.6039999999999999,0.06315247524752475,0.074,0.1789153090864582,0.6163774554742361,0.152,0.5067980198019801,0.2776152029115955,0.07999999999999999
2146,0.027599999999999996,0.008400000000000001,0.5696000000000001,0.059576237623762386,0.016800000000000002,0.1568,0.8713887725975262,0.023600000000000003,0.3066,0.08919999999999999,0.0008
2147,0.0868,0.1008,0.6016,0.0188,0.0536,0.1998576545432291,0.766188772597526,0.0688,0.390599603960396,0.06912252964426878,0.012
2148,0.354,0.1436,0.6447999999999999,0.06797623762376238,0.0708,0.13803885172149233,0.8593213184618668,0.16240000000000002,0.527,0.3759231683168317,0.036
2149,0.3376,0.148,0.496,0.08037623762376238,0.11200000000000002,0.212039119804401,0.5056,0.06520000000000001,0.31800000000000006,0.10432252964426877,0.004
2150,0.48040000000000005,0.0324,0.43600000000000005,0.009600000000000001,0.13599999999999998,0.23935393989330417,0.5298831588962892,0.156,0.2532,0.5506450592885377,0.0004
2151,0.026799999999999997,0.0128,0.384,0.0845148514851485,0.0456,0.13727694636252094,0.8906831588962894,0.038,0.6181988118811881,0.01904505928853755,0.0008
2152,0.4248,0.1516,0.7491999999999999,0.062467326732673266,0.11239999999999999,0.2064,0.7581074594899662,0.09640000000000001,0.626,0.1993682276053692,0.009600000000000001
2153,0.3744,0.5172,0.6759999999999999,0.03552871287128713,0.076,0.3955857569759771,0.713532635585157,0.28200000000000003,0.45119999999999993,0.5226456979611005,0.009600000000000001
2154,0.258,0.2076,0.4739999999999999,0.09077623762376237,0.03,0.2948383627239373,0.6954831588962893,0.027600000000000003,0.9067999999999999,0.033999999999999996,0.007600000000000001
2155,0.19519999999999998,0.08280000000000001,0.5788,0.06418217821782177,0.1728,0.45037327888085843,0.49756708693151197,0.11359999999999999,0.8176,0.10672252964426879,0.014400000000000001
2156,0.0032,0.0024000000000000002,0.34199999999999997,0.08870495049504949,0.0028,0.12683836272393728,0.9460000000000001,0.0004,0.35759960396039603,0.06976758893280632,0.0
2157,0.24559999999999998,0.06916955380577429,0.5552,0.07658217821782178,0.07,0.22232186706490017,0.8103101807802092,0.12840000000000001,0.4711984158415842,0.1309675889328063,0.0012000000000000001
2158,0.5932000000000001,0.05956955380577429,0.8824,0.0068000000000000005,0.0836,0.39303223633832723,0.9872942965779468,0.1436,0.6948000000000001,0.23112252964426877,0.008
2159,0.021200000000000004,0.0064,0.6328,0.013600000000000001,0.005200000000000001,0.0814579226261378,0.8772,0.0064,0.22359999999999997,0.05352252964426877,0.0004
2160,0.36319999999999997,0.1010053821253996,0.8019999999999999,0.04512871287128713,0.0852,0.253212036265826,0.9332,0.013599999999999998,0.6563992079207921,0.11912316831683167,0.0028
2161,0.17880000000000001,0.23560000000000003,0.74,0.07726732673267325,0.17279999999999998,0.37008885605022523,0.22899498831280973,0.124,0.6016,0.27569156156410995,0.0024000000000000002
2162,0.0748,0.033999999999999996,0.8112,0.019999999999999997,0.004000000000000001,0.1090195599022005,0.8010831588962892,0.0032,0.6132,0.0932,0.0008
2163,0.29560000000000003,0.1448,0.7784,0.057948514851485146,0.047599999999999996,0.41271601381968404,0.7577887725975261,0.1348,0.37239960396039606,0.4665730333033304,0.016399999999999998
2164,0.37039999999999995,0.0848,0.5963999999999999,0.041552475247524756,0.0956,0.2021160661669219,0.7616943862987631,0.2432,0.3084,0.2804,0.0032
2165,0.0032,0.014000000000000002,0.36640000000000006,0.0508,0.024800000000000003,0.07181929181929182,0.8968943862987631,0.0248,0.5443999999999999,0.07320000000000002,0.0
2166,0.7864000000000001,0.026000000000000002,0.6380000000000001,0.032352475247524756,0.052000000000000005,0.1936388517214923,0.9888,0.10200000000000001,0.6995988118811881,0.33619544006574575,0.0068000000000000005
2167,0.0492,0.045200000000000004,0.7108,0.05477623762376238,0.0284,0.06799999999999999,0.9415999999999999,0.008400000000000001,0.1872,0.12,0.0024000000000000002
2168,0.3712,0.07085775103800102,0.3632,0.007200000000000001,0.10800000000000001,0.27925137698487335,0.9612942965779467,0.01,0.7171988118811882,0.20338279184440183,0.006
2169,0.023200000000000002,0.09230866141732283,0.9071999999999999,0.026681188118811882,0.0528,0.3403605500177628,0.8131999999999999,0.4756,0.803998811881188,0.15089203459476383,0.0004
2170,0.4728,0.086093690123597,0.5788,0.0056,0.1204,0.24783208516558147,0.952,0.0256,0.7235976237623762,0.27427418776660273,0.009999999999999998
2171,0.0316,0.04756955380577428,0.5671999999999999,0.01700990099009901,0.064,0.2045155771693669,0.868,0.0316,0.5317980198019802,0.1295377325558643,0.006
2172,0.3196,0.002,0.31079999999999997,0.023176237623762374,0.0528,0.05109557543787373,0.8552943862987631,0.046400000000000004,0.4824,0.39889267326732675,0.006
2173,0.0848,0.042,0.5559999999999999,0.047928712871287124,0.0868,0.2593274396888089,0.855694386298763,0.0688,0.4779988118811881,0.2261834305169647,0.0072
2174,0.1484,0.092,0.6548,0.032776237623762375,0.6567999999999999,0.29660205271501117,0.8168718417729991,0.1432,0.5303992079207921,0.19361328689390678,0.007194873480118305
2175,0.29840000000000005,0.15867821522309714,0.6260000000000001,0.03903366336633664,0.21559999999999996,0.46349729558678215,0.8445887725975261,0.22959999999999997,0.5007988118811881,0.21195101944977104,0.006
2176,0.0132,0.0708,0.42639999999999995,0.002,0.011600000000000001,0.21159793943679447,0.7172494766888677,0.0184,0.43759999999999993,0.09456822760536923,0.00039487348011830434
2177,0.0856,0.043969553805774275,0.7176000000000001,0.025576237623762377,0.0016,0.10341929181929184,0.788,0.013600000000000001,0.5414,0.14679999999999999,0.0004
2178,0.4168,0.026000000000000002,0.5136000000000001,0.0056,0.004000000000000001,0.09785743362858276,0.9087775451950524,0.2464,0.37320000000000003,0.22880000000000003,0.006
2179,0.15560000000000002,0.044399999999999995,0.39480000000000004,0.0596,0.1304,0.18043858363858364,0.7345663177925785,0.09,0.7157988118811881,0.17506026220013304,0.0048000000000000004
2180,0.5336000000000001,0.11840000000000002,0.576,0.12543366336633663,0.1244,0.2125410189926465,0.5301887725975262,0.2612,0.40579960396039605,0.41624569796110045,0.0032
2181,0.2432,0.11439999999999999,0.6691999999999999,0.02628118811881188,0.13996967213114753,0.534,0.6147950957444115,0.0836,0.5536,0.17098087582671312,0.0092
2182,0.11400000000000002,0.38836955380577426,0.7491999999999999,0.07037623762376237,0.0776,0.2616772616136919,0.6576494766888678,0.0636,0.669199603960396,0.07680000000000001,0.004399999999999999
2183,0.3272,0.053969553805774284,0.414,0.026776237623762373,0.0828,0.44907895190926983,0.7276764985727878,0.18960000000000002,0.5215980198019803,0.39076302899855203,0.0216
2184,0.2452,0.08639999999999999,0.5868000000000001,0.028399999999999998,0.08680000000000002,0.21552164348103506,0.048377545195052336,0.10759999999999999,0.7344,0.1860913959222009,0.0024000000000000002
2185,0.236,0.045200000000000004,0.6876,0.0112,0.0164,0.1466311543387338,0.956094386298763,0.0472,0.6716,0.11424569796110044,0.19280000000000003
2186,0.6260000000000001,0.0728,0.5064,0.0588,0.0492,0.0612,0.9368000000000001,0.4928,0.3084,0.4431225296442688,0.0024000000000000002
2187,0.13,0.2116,0.6136,0.05472871287128713,0.022800000000000004,0.2113649649461768,0.9475999999999999,0.042800000000000005,0.5204000000000001,0.38032316831683166,0.007200000000000001
2188,0.49399999999999994,0.1004,0.666,0.007976237623762376,0.0712,0.2277163342498306,0.6207372026641294,0.362,0.3844,0.38464505928853754,0.003589880093603596
2189,0.17600000000000002,0.1340668696229485,0.4452,0.29964356435643563,0.11439999999999999,0.09909726334518512,0.9772000000000001,0.0916,0.46159999999999995,0.1980913959222009,0.00599500492934604
2190,0.24160000000000004,0.18394341463414635,0.644,0.0088,0.12160000000000001,0.2402049634314089,0.8115775451950524,0.09880000000000001,0.5627984158415842,0.19107291042147692,0.001994875164257556
2191,0.4708,0.1,0.7252,0.0328,0.0388,0.2491587498904929,0.6836,0.0764,0.363,0.4987231683168317,0.009194875164257557
2192,0.0376,0.12956955380577428,0.6948,0.0028,0.0008,0.14225814354078414,0.9248000000000001,0.006,0.40899960396039603,0.019999999999999997,0.0024000000000000002
2193,0.4572,0.2088,0.7876,0.10955247524752473,0.15560000000000002,0.25858005510472787,0.9164943862987631,0.08959999999999999,0.364399603960396,0.2552,0.019200000000000002
2194,0.0432,0.1316,0.6432,0.09917623762376236,0.0684,0.1398190709046455,0.742,0.019999999999999997,0.11460000000000001,0.09386026220013306,0.0064
2195,0.37320000000000003,0.27959999999999996,0.7204,0.023033663366336634,0.12000000000000002,0.2506178843320666,0.919388772597526,0.09359999999999999,0.5871999999999999,0.15032316831683168,0.0067950049293460405
2196,0.024399999999999998,0.0448,0.37720000000000004,0.015976237623762376,0.0012000000000000001,0.1616769935307833,0.9640000000000001,0.0032,0.21799999999999997,0.0152,0.0
2197,0.43839999999999996,0.13920000000000002,0.42160000000000003,0.04228118811881188,0.1744,0.2900114206901493,0.723694386298763,0.29840000000000005,0.492999603960396,0.4699999999999999,0.01958475525786115
2198,0.4,0.0548,0.5444,0.021976237623762378,0.124,0.13101907090464548,0.7572719314938154,0.22080000000000002,0.43579841584158413,0.19936822760536926,0.0108
2199,0.0036000000000000003,0.008369553805774277,0.4124,0.0092,0.004,0.2527819961682827,0.6799999999999999,0.008400000000000001,0.4645999999999999,0.004399999999999999,0.0
2200,0.37320000000000003,0.0776,0.6992,0.08995247524752477,0.0548,0.3807995828450624,0.6306155253189973,0.1136,0.5595988118811881,0.21035101944977108,0.023200000000000002
2201,0.008799999999999999,0.019600000000000003,0.6716,0.04032871287128713,0.0492,0.05381907090464548,0.7743550903901047,0.004399999999999999,0.4116000000000001,0.27793581653817556,0.0012000000000000001
2202,0.0216,0.010400000000000001,0.8228,0.0188,0.0424,0.1482192918192918,0.667388772597526,0.008400000000000001,0.26599999999999996,0.0804,0.0012000000000000001
2203,0.336,0.1524,0.718,0.0236,0.11040000000000001,0.2122948977672694,0.8559550903901046,0.21600000000000003,0.6504,0.3075225296442688,0.04795412590365945
2204,0.074,0.1888,0.7164,0.07260990099009901,0.21872099644128112,0.6199858041442393,0.5700167430620124,0.0796,0.11840000000000002,0.004,0.0048000000000000004
2205,0.4152,0.13040000000000002,0.5112000000000001,0.03350495049504951,0.0368,0.18247726161369196,0.6967773657534198,0.0732,0.6219984158415841,0.3232126482213439,0.014390009858692081
2206,0.41079999999999994,0.0648,0.47520000000000007,0.12797227722772275,0.0864,0.09301929181929182,0.9267999999999998,0.05,0.33099999999999996,0.13450532148867061,0.0004
2207,0.1296,0.1972,0.8084,0.029552475247524752,0.1799842385516507,0.27407677261613694,0.48073236642270806,0.078,0.6684,0.082,0.013989750328515113
2208,0.31920000000000004,0.26999999999999996,0.6264000000000001,0.08625742574257425,0.078,0.19917345262724234,0.6194831588962892,0.16720000000000002,0.41079999999999994,0.3028,0.026394875164257554
2209,0.0116,0.048799999999999996,0.7363999999999999,0.002,0.0212,0.1172,0.9824943862987631,0.011600000000000001,0.36639999999999995,0.054799999999999995,0.0076
2210,0.28759999999999997,0.2036,0.6804,0.0689108910891089,0.07999999999999999,0.6386579226261377,0.8453887725975262,0.17920000000000003,0.4835988118811881,0.3827370938833014,0.016800000000000002
2211,0.5056,0.12079999999999999,0.7003999999999999,0.04955247524752475,0.07026461548890019,0.17989753142809378,0.9180000000000001,0.1232,0.519,0.10072252964426875,0.014395004929346039
2212,0.0344,0.0376,0.43200000000000005,0.0596,0.0048000000000000004,0.08880000000000002,0.7660719314938154,0.004,0.4324,0.1068,0.0104
2213,0.06520000000000001,0.006369553805774278,0.5912,0.06889108910891088,0.0844,0.12781907090464548,0.821694386298763,0.0076,0.23219960396039602,0.066,0.004400000000000001
2214,0.0068000000000000005,0.02956955380577428,0.44720000000000004,0.0016,0.008,0.20803863080684598,0.9140719314938155,0.004400000000000001,0.2504,0.0524,0.0
2215,0.4572,0.34633862326842174,0.5452000000000001,0.04388118811881188,0.1376,0.33797301079794967,0.7834606143705252,0.6504000000000001,0.42479960396039607,0.17672252964426877,0.0048000000000000004
2216,0.11039999999999998,0.0864,0.7624000000000001,0.2669386138613861,0.07320000000000002,0.27247650453322825,0.9829887725975262,0.0748,0.6273996039603961,0.07225962352757016,0.0008
2217,0.088,0.11443497039934232,0.67,0.08458613861386137,0.012,0.14141814974575653,0.548,0.0472,0.45519920792079205,0.09449267326732674,0.0012000000000000001
2218,0.2556,0.07267821522309711,0.6432,0.12244356435643564,0.1348,0.1312,0.5456943862987631,0.12840000000000001,0.6083988118811882,0.2256139255664697,0.0032
2219,0.0884,0.0328,0.5128,0.06835247524752475,0.052000000000000005,0.14348328075709782,0.8566473834443388,0.0312,0.6368,0.10152252964426878,0.0012000000000000001
2220,0.007999999999999998,0.008,0.5848,0.010776237623762376,0.0008,0.0772383627239373,0.9564,0.012,0.2004,0.0252,0.0004
2221,0.05399999999999999,0.018,0.6207999999999999,0.03512871287128713,0.0968,0.15705765454322912,0.9216,0.0436,0.29239801980198016,0.4832152029115955,0.002
2222,0.5484,0.012,0.33920000000000006,0.03197623762376238,0.0712,0.15425819070904648,0.49489438629876314,0.1848,0.23759999999999998,0.5103231683168318,0.0004
2223,0.6679999999999999,0.7270158698052652,0.9032,0.10319603960396037,0.10552099644128114,0.4220373970660048,0.821532366422708,0.6299999999999999,0.26080000000000003,0.04585898485500724,0.005200000000000001
2224,0.2156,0.074,0.6043999999999999,0.01500990099009901,0.046400000000000004,0.267927245757053,0.5873887725975261,0.0536,0.39539841584158414,0.46373317262160996,0.0056
2225,0.36880000000000007,0.1276,0.5791999999999999,0.112819801980198,0.178,0.2581155771693669,0.7929886828767099,0.1436,0.509199603960396,0.25976886627793216,0.0204
2226,0.21959999999999996,0.066,0.6796000000000001,0.11665346534653465,0.12840000000000001,0.2952,0.7904540437678402,0.06520000000000001,0.6483996039603961,0.0588,0.008
2227,0.3084,0.1567695538057743,0.7988000000000002,0.08112871287128713,0.08480000000000001,0.2401536718103955,0.7392719314938154,0.11359999999999999,0.550399603960396,0.14464569796110047,0.018
2228,0.28800000000000003,0.06,0.388,0.02201980198019802,0.11839999999999999,0.22883814180929093,0.158922967098178,0.21880000000000002,0.6393992079207921,0.22300217088591173,0.0032
2229,0.4332,0.17200000000000001,0.6359999999999999,0.07823366336633664,0.10880000000000001,0.47620550555122687,0.7854157047606299,0.1288,0.368199207920792,0.45513773255586426,0.030784622124494166
2230,0.38999999999999996,0.128,0.6056,0.08472475247524752,0.1068,0.15701955990220048,0.8298647328454161,0.08600000000000001,0.5601984158415841,0.22184569796110046,0.013579889952295676
2231,0.0304,0.0048000000000000004,0.9668000000000001,0.0027524752475247523,0.11280000000000001,0.26527699353078327,0.12258877259752617,0.013999999999999999,0.9423999999999999,0.020800000000000003,0.0
2232,0.008,0.02956955380577428,0.4231999999999999,0.06340990099009901,0.0348,0.09941907090464548,0.8190831588962892,0.01,0.24299960396039602,0.10961392556646969,0.0008
2233,0.6508,0.032,0.5548,0.0,0.0784,0.22698001060568435,0.9972000000000001,0.07680000000000001,0.5957999999999999,0.3677999107736861,0.0016
2234,0.0084,0.008799999999999999,0.4128,0.029952475247524757,0.049600000000000005,0.06661929181929183,0.9256535059331178,0.0028,0.17219841584158418,0.15464569796110045,0.0112
2235,0.05199999999999999,0.0012000000000000001,0.4476,0.01912871287128713,0.0076,0.11341929181929182,0.8976000000000001,0.0008,0.11300000000000002,0.11120000000000001,0.0036000000000000003
2236,0.18119999999999997,0.0956,0.5975999999999999,0.04733861386138613,0.0656,0.17385765454322913,0.9667999999999999,0.0324,0.46759881188118807,0.13978279184440184,0.014000000000000002
2237,0.406,0.19310866141732283,0.8048,0.06197623762376238,0.08199999999999999,0.28418009162878516,0.9325887725975261,0.0708,0.6425996039603961,0.17561520291159552,0.006000000000000001
2238,0.39559999999999995,0.13520000000000001,0.6516,0.006,0.1616,0.23497748256258477,0.6009663177925784,0.1004,0.5660000000000001,0.2858456979611005,0.019999999999999997
2239,0.098,0.11267773087997028,0.5384,0.02315247524752475,0.03280000000000001,0.0917030642431634,0.9244,0.038,0.45599881188118807,0.3999225296442688,0.013190009858692082
2240,0.045200000000000004,0.010400000000000001,0.318,0.0328,0.06120000000000001,0.22775447605912152,0.002,0.016800000000000002,0.9018,0.0284,0.0
2241,0.0028,0.011199999999999998,0.6672,0.0032,0.008000000000000002,0.1562192918192918,0.9045886828767099,0.007600000000000001,0.1984,0.3468,0.0008
2242,0.060399999999999995,0.21796955380577426,0.868,0.07832871287128712,0.10800000000000001,0.19273513707156742,0.9728,0.028000000000000004,0.6871988118811881,0.20776758893280634,0.009194873480118304
2243,0.45199999999999996,0.012,0.3644,0.10075247524752476,0.0328,0.16360000000000002,0.3592943862987631,0.047599999999999996,0.20620000000000002,0.08632316831683168,0.0144
2244,0.1508,0.17880000000000001,0.7003999999999999,0.19574127880077727,0.08720000000000001,0.15741661001395876,0.9715999999999999,0.0116,0.3883984158415842,0.1942589848550072,0.0284
2245,0.2132,0.134,0.8899999999999999,0.07668118811881187,0.0744,0.41475673678309954,0.6460492075264188,0.1068,0.9019999999999999,0.049135177865612646,0.0128
2246,0.4236,0.002,0.5464,0.05515247524752476,0.0032,0.27640000000000003,0.4795550903901047,0.0356,0.45919999999999994,0.1012,0.0024000000000000002
2247,0.0164,0.005200000000000001,0.45,0.0048000000000000004,0.027200000000000002,0.09745743362858278,0.7636000000000001,0.011199999999999998,0.12120000000000002,0.013600000000000001,0.0
2248,0.040400000000000005,0.18000000000000002,0.944,0.0019762376237623764,0.034,0.15851575091575093,0.4332000000000001,0.3856,0.4,0.2591225296442688,0.0
2249,0.11280000000000001,0.13640000000000002,0.6204,0.03218613861386138,0.0508,0.17301929181929182,0.9251999999999999,0.0252,0.3801988118811881,0.21827482643916563,0.0064
2250,0.18760000000000002,0.0224,0.48,0.05955247524752475,0.0512,0.20236045070348382,0.6748943862987631,0.1868,0.303599603960396,0.2012,0.0364
2251,0.48440000000000005,0.0884,0.8488,0.0108,0.0568,0.2957874545512471,0.8920943862987631,0.09759999999999999,0.7204,0.2332,0.0036000000000000003
2252,0.3104,0.3059391076115486,0.8220000000000001,0.027552475247524754,0.052000000000000005,0.23439845262122921,0.6246157944814462,0.1272,0.7651988118811882,0.22761328689390678,0.02557988826815642
2253,0.2052,0.09649505371461595,0.4236,0.10769108910891087,0.0324,0.13916000887419117,0.7407999999999999,0.11079999999999998,0.4787992079207921,0.195690757249638,0.0104
2254,0.298,0.14079999999999998,0.6200000000000001,0.1187049504950495,0.05960000000000001,0.1534709368870738,0.9077529971455757,0.1752,0.6161996039603961,0.19496886627793214,0.015989880093603595
2255,0.007200000000000001,0.17113862326842172,0.7988,0.042352475247524744,0.1044,0.2281549650566766,0.9288943862987631,0.008799999999999999,0.3177996039603961,0.0536,0.0004
2256,0.45359999999999995,0.09759999999999999,0.6420000000000001,0.023200000000000002,0.14674361904761907,0.11239999999999999,0.9603999999999999,0.36360000000000003,0.3754,0.4190456979611004,0.0116
2257,0.4904,0.156,0.6123999999999999,0.0412,0.1076,0.1949547441420302,0.6009887725975263,0.3832,0.5946,0.3535225296442688,0.044779627053840206
2258,0.38120000000000004,0.18880000000000002,0.7008000000000001,0.11361980198019801,0.17439999999999997,0.9847999999999999,0.6789295554116486,0.19,0.5279972277227724,0.36722848980550227,0.029199999999999997
2259,0.09239999999999998,0.0012000000000000001,0.6504000000000001,0.0491049504950495,0.0388,0.15985765454322912,0.6415999999999998,0.0256,0.34639960396039604,0.11200000000000002,0.0076
2260,0.0248,0.18030866141732288,0.5536,0.16392871287128713,0.1072,0.17327699353078327,0.6633887725975262,0.016800000000000002,0.530599207920792,0.2691364552107385,0.0
2261,0.1916,0.09480000000000001,0.866,0.009576237623762376,0.0628,0.20821955990220048,0.8027999999999998,0.5319999999999999,0.7227992079207921,0.19432252964426877,0.0048000000000000004
2262,0.0036000000000000003,0.004,0.46040000000000003,0.03825742574257425,0.005200000000000001,0.08101907090464547,0.8512000000000001,0.0028,0.1768,0.040799999999999996,0.0
2263,0.2392,0.1907695538057743,0.7040000000000001,0.10835247524752475,0.1012,0.32643858363858363,0.3517478025110644,0.11159999999999999,0.5207992079207922,0.31672316831683167,0.04715425903702645
2264,0.384,0.022,0.4468,0.007552475247524752,0.057600000000000005,0.08127699353078326,0.8255775451950523,0.11960000000000001,0.429399603960396,0.4134450592885376,0.0016
2265,0.5836,0.046,0.6851999999999999,0.024257425742574258,0.15594361904761905,0.1350960172671664,0.974,0.1332,0.5499988118811882,0.34621255899502995,0.0068000000000000005
2266,0.3436,0.1212,0.6976,0.06159603960396039,0.08120000000000001,0.2578967271793678,0.6399193149381541,0.07160000000000001,0.5625996039603961,0.1315231683168317,0.0488
2267,0.3116,0.2332,0.7032,0.0728,0.0508,0.6126637062829791,0.8499550903901045,0.1236,0.508199603960396,0.3139231683168317,0.0156
2268,0.034,0.0304,0.24800000000000005,0.02392871287128713,0.005200000000000001,0.08541929181929182,0.9104000000000001,0.014000000000000002,0.17880000000000001,0.13113581653817558,0.002
2269,0.016800000000000002,0.0632,0.40599999999999997,0.07032871287128713,0.0364,0.08585792262613777,0.9016,0.009200000000000002,0.15739881188118812,0.0809046828161077,0.0036000000000000003
2270,0.7076,0.07036955380577427,0.8375999999999999,0.025976237623762378,0.1312,0.31278482614912934,0.9404,0.06999999999999999,0.4508,0.3348,0.0092
2271,0.2284,0.0352,0.5948,0.005600000000000001,0.10120000000000003,0.20912164348103507,0.05717754519505234,0.1232,0.7008,0.17256886627793216,0.0032
2272,0.858,0.09280000000000001,0.62,0.012376237623762377,0.0932,0.25949580868969757,0.683294386298763,0.014000000000000002,0.48699960396039604,0.274,0.017599999999999998
2273,0.0024000000000000002,0.09440000000000001,0.558,0.0256,0.0024000000000000002,0.2350576545432291,0.8827999999999999,0.0064,0.30200000000000005,0.055600000000000004,0.002
2274,0.1572,0.086,0.6768,0.035338613861386134,0.0812,0.18051486725716553,0.9715999999999999,0.0868,0.7025968316831683,0.17084241537197198,0.0072
2275,0.0516,0.1376,0.7736000000000001,0.0483009900990099,0.152,0.18461907090464544,0.7197886828767098,0.007200000000000001,0.681199603960396,0.09192252964426878,0.004
2276,0.027599999999999996,0.0212,0.5252,0.002,0.0,0.12683836272393728,0.8168000000000001,0.0128,0.4084,0.033999999999999996,0.0
2277,0.05319999999999999,0.1916,0.908,0.11778613861386138,0.21799999999999997,0.6338048278806225,0.5142950657168802,0.08719999999999999,0.12760000000000002,0.0036000000000000003,0.004000000000000001
2278,0.008799999999999999,0.027999999999999997,0.5816,0.04235247524752475,0.0,0.13643836272393728,0.9644943862987632,0.009600000000000001,0.185,0.03409139592220092,0.0012000000000000001
2279,0.3424,0.1392,0.5752,0.07926732673267327,0.1216,0.0252,0.7588312300796272,0.11639999999999999,0.6749984158415843,0.162090757249638,0.013600000000000001
2280,0.078,0.0112,0.554,0.007576237623762376,0.014799999999999999,0.0852767254478746,0.947694386298763,0.0608,0.2996,0.21712252964426876,0.0024000000000000002
2281,0.1628,0.32676955380577427,0.9092,0.016233663366336634,0.026799999999999997,0.18752067313289805,0.6868943862987631,0.0644,0.32439960396039613,0.1893675889328063,0.024
2282,0.37279999999999996,0.0328,0.54,0.012776237623762376,0.1012,0.20517252180039466,0.8162428163653663,0.17719999999999997,0.6755996039603961,0.18376886627793215,0.0164
2283,0.1832,0.0408,0.8219999999999998,0.07889108910891088,0.1359393442622951,0.29767650453322825,0.6752576239178332,0.078,0.6439996039603961,0.07744505928853755,0.0024000000000000002
2284,0.09440000000000001,0.009600000000000001,0.4715999999999999,0.007528712871287128,0.048,0.026000000000000002,0.9875999999999999,0.057999999999999996,0.48099920792079215,0.10352252964426878,0.0
2285,0.0684,0.053200000000000004,0.8972,0.013552475247524754,0.10959999999999999,0.21585787545787544,0.9537887725975261,0.0216,0.48439920792079205,0.07952316831683168,0.0008
2286,0.5152,0.0132,0.7156,0.0008,0.03560000000000001,0.12243863080684596,0.9772000000000001,0.47759999999999997,0.7378,0.1493186083825774,0.0068000000000000005
2287,0.2076,0.008799999999999999,0.5984,0.009200000000000002,0.040400000000000005,0.13983047006589583,0.9048943862987631,0.1036,0.13879999999999998,0.4551225296442688,0.0
2288,0.19560000000000002,0.03636955380577428,0.6176,0.018776237623762376,0.096,0.17560000000000003,0.8604943862987631,0.0756,0.552999603960396,0.20800000000000002,0.0012000000000000001
2289,0.1732,0.08360000000000001,0.6916,0.009952475247524753,0.0908,0.3060632913627821,0.8698381595655775,0.0408,0.5904,0.11079999999999998,0.0
2290,0.2708,0.028769553805774277,0.6607999999999998,0.003176237623762376,0.030400000000000003,0.07123858363858364,0.9448000000000001,0.1156,0.4664,0.1488,0.0036000000000000003
2291,0.007999999999999998,0.0048000000000000004,0.3116,0.026304950495049505,0.0004,0.0924383627239373,0.978094386298763,0.048799999999999996,0.216399603960396,0.08279662818455757,0.0016
2292,0.0308,0.0092,0.7492000000000001,0.03792871287128713,0.0496,0.096,0.9568,0.0,0.227,0.1211231683168317,0.02
2293,0.28480000000000005,0.1571695538057743,0.7884,0.015128712871287128,0.055600000000000004,0.22278553606133067,0.8806831588962893,0.0196,0.41179881188118805,0.15562848980550228,0.07999999999999999
2294,0.2916,0.0992,0.6704000000000001,0.11192871287128714,0.1012,0.2018195599022005,0.8363999999999999,0.0712,0.5922000000000001,0.3036,0.029994873480118305
2295,0.2112,0.09080000000000002,0.8436,0.0196,0.05,0.16381907090464548,0.9829887725975262,0.0236,0.346,0.094,0.0052
2296,0.23199999999999998,0.08399999999999999,0.6864,0.04298217821782178,0.15039999999999998,0.29167823960880196,0.8612,0.11679999999999999,0.3055984158415842,0.20825834618244432,0.0004
2297,0.4768,0.27280000000000004,0.5828,0.039576237623762375,0.0688,0.34091416210366166,0.7088719314938154,0.2052,0.523798811881188,0.3829059601612335,0.007200000000000001
2298,0.244,0.20879999999999996,0.7076,0.1368,0.08120000000000001,0.25439999999999996,0.7823775451950523,0.10880000000000001,0.5149996039603961,0.47584633663366327,0.017594875164257555
2299,0.1936,0.015969069462647444,0.37279999999999996,0.013999999999999999,0.055200000000000006,0.1824767726161369,0.8263550903901045,0.08120000000000001,0.48319999999999996,0.3419225296442688,0.002
2300,0.2068,0.0924,0.7928000000000001,0.3470534653465355,0.040799999999999996,0.3385354547110049,0.6584943862987631,0.07039999999999999,0.525122376237624,0.5280618447931751,0.0
2301,0.30360000000000004,0.09476955380577427,0.8328000000000001,0.008748514851485149,0.0516,0.5135051604809718,0.14708315889628926,0.0108,0.5615695049504951,0.4563485054592416,0.0028
2302,0.25,0.07,0.6772,0.07366732673267326,0.06080000000000001,0.15931562433762922,0.7000943862987631,0.0628,0.23279999999999998,0.20682657378781358,0.027200000000000002
2303,0.2696,0.11396955380577427,0.6436,0.0308,0.17476967213114752,0.5268383627239374,0.4717930705140496,0.11520000000000001,0.334,0.3383225296442688,0.016399999999999998
2304,0.21639999999999998,0.11400000000000002,0.576,0.014400000000000001,0.22558423855165066,0.09640000000000001,0.8985887725975262,0.1524,0.4064,0.3616,0.029979888268156424
2305,0.01,0.076,0.49240000000000006,0.013152475247524753,0.004000000000000001,0.10345765454322912,0.980094386298763,0.004,0.5009968316831682,0.06776822760536924,0.0
2306,0.2988,0.0184,0.5631999999999999,0.009600000000000001,0.030000000000000006,0.14181929181929182,0.8878831588962892,0.0156,0.4506,0.056799999999999996,0.0008
2307,0.16919999999999996,0.11436955380577427,0.882,0.01988118811881188,0.1244,0.26295416080795053,0.47249823561120496,0.0904,0.5268,0.172,0.0108
2308,0.11359999999999999,0.0156,0.6576,0.1771762376237624,0.008000000000000002,0.08861929181929182,0.9688942965779468,0.0032,0.2044,0.1572,0.010779888268156424
2309,0.18639999999999998,0.11439999999999999,0.4088,0.0444,0.0044,0.15975442889085922,0.749577455474236,0.038,0.4372,0.14232252964426878,0.007200000000000001
2310,0.1496,0.030000000000000006,0.33440000000000003,0.027009900990099013,0.10840000000000001,0.15725039898976328,0.7682831588962893,0.172,0.3704,0.40472316831683175,0.0048000000000000004
2311,0.8211999999999999,0.7861559461030674,0.8624,0.004399999999999999,0.098,0.2871220879795465,0.0128,0.8859999999999999,0.2152,0.0548,0.0
2312,0.2848,0.1416,0.7368,0.0996,0.060399999999999995,0.3316100105337053,0.8595101807802094,0.08159999999999999,0.6494000000000001,0.19793645521073847,0.00999500492934604
2313,0.1196,0.06916955380577428,0.2868,0.02837623762376238,0.126,0.11421907090464548,0.7152,0.0704,0.272,0.35889139592220093,0.0004
2314,0.3428,0.1452,0.8088,0.017976237623762374,0.0236,0.23701955990220047,0.9676,0.11000000000000001,0.48360000000000003,0.1512,0.0036000000000000003
2315,0.0284,0.0312,0.3752,0.37726732673267327,0.0388,0.14981907090464547,0.8016943862987631,0.0268,0.4213996039603961,0.18369139592220093,0.008400000000000001
2316,0.0956,0.061938623268421714,0.258,0.01675247524752475,0.004,0.22655322998110283,0.9196,0.01,0.508,0.24976886627793213,0.0048000000000000004
2317,0.17120000000000002,0.1032,0.6268,0.009200000000000002,0.0304,0.04341929181929182,0.7448943862987629,0.23400000000000004,0.7312,0.2544,0.0028
2318,0.22559999999999997,0.2712,0.6527999999999999,0.031176237623762378,0.057600000000000005,0.5614376552000024,0.8676,0.142,0.499,0.4164,0.01638974696023661
2319,0.038400000000000004,0.066,0.39480000000000004,0.0108,0.0156,0.09251655516447692,0.9879999999999999,0.0172,0.27040000000000003,0.38,0.02829406371141972
2320,0.3907999999999999,0.1312,0.5900000000000001,0.025528712871287128,0.122,0.1938195599022005,0.6799999999999999,0.09319999999999999,0.513999603960396,0.14624569796110046,0.022399999999999996
2321,0.0548,0.04756955380577428,0.294,0.09314851485148515,0.07160000000000001,0.14407699353078326,0.9299999999999999,0.0088,0.26259920792079205,0.09959279614918014,0.0004
2322,0.008799999999999999,0.035199999999999995,0.9480000000000001,0.0048000000000000004,0.06,0.25745841162369276,0.545932635585157,0.0064,0.1246,0.11792252964426878,0.0116
2323,0.0424,0.15913910761154856,0.8619999999999999,0.1819762376237624,0.128,0.30775594305178655,0.8379999999999999,0.0128,0.5386,0.092,0.002394873480118304
2324,0.3104,0.0128,0.6859999999999999,0.06035247524752476,0.0056,0.196,0.4928719314938155,0.038400000000000004,0.16599999999999998,0.0524,0.0012000000000000001
2325,0.154,0.21000000000000002,0.4908,0.0096,0.048799999999999996,0.12665819070904644,0.9048943862987631,0.0372,0.17740000000000003,0.57,0.0156
2326,0.2512,0.066,0.4748,0.13148118811881188,0.03319999999999999,0.31260741437318457,0.534,0.174,0.300199603960396,0.5546729104214769,0.0004
2327,0.2472,0.13,0.7948000000000001,0.09622970297029701,0.06599999999999999,0.6788391198044009,0.899294386298763,0.15960000000000002,0.647,0.2971225296442688,0.011600000000000001
2328,0.2424,0.1728,0.6416000000000001,0.058281188118811875,0.16436967213114756,0.46621929181929184,0.6897976375930222,0.09040000000000001,0.5147999999999999,0.27072252964426874,0.024389878409464345
2329,0.10319999999999999,0.11720000000000001,0.784,0.008400000000000001,0.0392,0.1422195599022005,0.9196943862987631,0.024,0.34619999999999995,0.08112252964426878,0.0132
2330,0.21760000000000002,0.10200000000000001,0.7144,0.06035247524752475,0.13316967213114755,0.2608517394043066,0.59482702188392,0.08920000000000002,0.472,0.28272252964426875,0.045599999999999995
2331,0.0,0.008799999999999999,0.48439999999999994,0.043176237623762374,0.020800000000000003,0.08821907090464547,0.93,0.0012000000000000001,0.16499999999999998,0.09079999999999999,0.005599999999999999
2332,0.0844,0.0608,0.49799999999999994,0.008799999999999999,0.0848,0.1512003275883485,0.8632,0.038,0.5816,0.15032316831683168,0.0164
2333,0.634,0.04920000000000001,0.7448,0.03783366336633664,0.0408,0.1493539398933042,0.9812943862987631,0.11439999999999999,0.5231996039603961,0.24964497006222358,0.0064
2334,0.0084,0.06319999999999999,0.5784,0.01832871287128713,0.045200000000000004,0.1636383627239373,0.5645887725975263,0.008400000000000001,0.3696,0.05800000000000001,0.0
2335,0.026399999999999996,0.048799999999999996,0.9148,0.01995247524752475,0.0612,0.1915216434810351,0.058399999999999994,0.0216,0.21259999999999998,0.0216145642390326,0.002
2336,0.24159999999999998,0.158,0.7628,0.05717623762376238,0.1424,0.9006634502688289,0.5798506944318829,0.1268,0.5383992079207921,0.24712252964426878,0.014000000000000002
2337,0.34240000000000004,0.11639999999999999,0.41400000000000003,0.011904950495049506,0.0984,0.2762576545432291,0.006,0.2508,0.7057988118811881,0.25021545777981846,0.006
2338,0.0196,0.037078215223097115,0.6444,0.023952475247524755,0.0028,0.1196777034429846,0.958,0.0152,0.631799207920792,0.041600000000000005,0.014800000000000002
2339,0.040400000000000005,0.0972,0.6144000000000001,0.06060990099009901,0.0648,0.21717275238299974,0.8738421888098274,0.019999999999999997,0.37479881188118813,0.30424633663366335,0.0172
2340,0.0144,0.1567695538057743,0.8792,0.01715247524752475,0.0504,0.36157156112021643,0.7644,0.2492,0.7133964356435645,0.29258215317183894,0.0004
2341,0.1952,0.1204,0.5064,0.1016,0.0972,0.20839999999999997,0.8213887725975262,0.32320000000000004,0.2244,0.264090757249638,0.0
2342,0.29000000000000004,0.22959999999999997,0.7392000000000001,0.10546009068196541,0.0692,0.4782190559779802,0.6604989533777356,0.11839999999999999,0.366799207920792,0.33010532148867067,0.03560000000000001
2343,0.1916,0.0384,0.8480000000000001,0.14864950495049503,0.0964,0.18534056531365156,0.8650607040913416,0.13240000000000002,0.6249999999999999,0.1348,0.0035898800936035964
2344,0.006,0.1076,0.6184000000000001,0.059176237623762375,0.0004,0.12432164615025387,0.835294386298763,0.016800000000000002,0.358,0.13458215317183891,0.0
2345,0.38639999999999997,0.15172549990884168,0.636,0.14135841584158415,0.047599999999999996,0.17505819070904644,0.7268942965779468,0.1024,0.6331999999999999,0.1508,0.009999999999999998
2346,0.0076,0.0124,0.35240000000000005,0.015176237623762375,0.0672,0.20665765454322912,0.5530605246497089,0.005599999999999999,0.2984,0.05960000000000001,0.0004
2347,0.0748,0.0844,0.4816,0.05840000000000001,0.0968,0.09261907090464548,0.9162831588962893,0.4156000000000001,0.2934,0.3161682276053692,0.0012000000000000001
2348,0.0812,0.006,0.4968,0.0248,0.0004,0.1631568117837066,0.8816,0.0,0.2016,0.031199999999999995,0.008799999999999999
2349,0.0168,0.06839999999999999,0.5456000000000001,0.014000000000000002,0.0504,0.21937885619497152,0.6957887725975261,0.0132,0.52,0.0712,0.0
2350,0.0512,0.0708,0.6572000000000001,0.15077227722772277,0.022,0.13713508990330509,0.8523999999999999,0.0796,0.5349972277227723,0.16770596016123349,0.0008
2351,0.1668,0.11120000000000001,0.6008,0.0643049504950495,0.0388,0.0064,0.896094386298763,0.1272,0.5904,0.17256822760536922,0.007600000000000001
2352,0.17559999999999998,0.15839999999999999,0.5948,0.07265742574257425,0.04239999999999999,0.17779269727827185,0.881294386298763,0.13240000000000002,0.406,0.3075225296442688,0.0172
2353,0.2656,0.1356,0.6195999999999999,0.07023366336633664,0.19275391068279824,0.8484502894390236,0.7085523690998615,0.09280000000000001,0.6515968316831682,0.21755165812233396,0.0112
2354,0.1672,0.0368,0.36479999999999996,0.002376237623762376,0.04556967213114754,0.13962367787062163,0.4777438629876308,0.0908,0.5866,0.33075229679489687,0.0028
2355,0.7672,0.009539107611548556,0.41200000000000003,0.0456,0.027600000000000003,0.15701907090464548,0.4332,0.42479999999999996,0.31000000000000005,0.12504505928853754,0.0012000000000000001
2356,0.1984,0.008,0.6688000000000001,0.07275247524752475,0.032,0.17741929181929184,0.8827999999999999,0.11679999999999999,0.337,0.0948,0.0048000000000000004
2357,0.3572,0.16181635414839202,0.6648,0.08376237623762377,0.0728,0.208514705847959,0.3115775451950523,0.152,0.2444,0.5628920345947639,0.005200000000000001
2358,0.27759999999999996,0.014799999999999999,0.5432,0.014799999999999999,0.044,0.07025787545787546,0.9908000000000001,0.018,0.1486,0.22904569796110047,0.004399999999999999
2359,0.34199999999999997,0.03156955380577428,0.738,0.11792871287128712,0.0536,0.28127823960880194,0.5205663177925786,0.1792,0.745599207920792,0.13881392556646968,0.0028
2360,0.41719999999999996,0.3475695538057743,0.6916,0.0853148514851485,0.0416,0.7156422221625153,0.7984943862987631,0.22879999999999998,0.47419920792079207,0.3709821531718389,0.018789878409464344
2361,0.1488,0.16036955380577428,0.6943999999999999,0.05275247524752476,0.1336,0.3472368721813876,0.4168493869680514,0.0468,0.642999603960396,0.2316145642390326,0.0012000000000000001
2362,0.24720000000000003,0.10778639229729312,0.6164,0.07108118811881188,0.0824,0.24225819070904647,0.5231999999999999,0.1132,0.6133980198019802,0.18144505928853755,0.007600000000000001
2363,0.0956,0.1224,0.5276,0.026776237623762376,0.030000000000000006,0.11625765454322914,0.8511550903901046,0.10439999999999998,0.5507988118811882,0.19393581653817557,0.0048000000000000004
2364,0.29480000000000006,0.2292,0.6556,0.0803049504950495,0.0596,0.18869623818181275,0.7265887725975262,0.14120000000000002,0.5012000000000001,0.32512252964426874,0.05919487516425755
2365,0.142,0.0356,0.6008000000000001,0.016800000000000002,0.0036000000000000003,0.11407694636252094,0.7988943862987632,0.029200000000000004,0.25680000000000003,0.18392252964426878,0.0012000000000000001
2366,0.030400000000000003,0.09160000000000001,0.2068,0.16738217821782175,0.088,0.2710190709046455,0.6828045670789724,0.018400000000000003,0.4600000000000001,0.18359999999999999,0.0012000000000000001
2367,0.1056,0.1032,0.5588,0.0188,0.0028,0.12415416080795057,0.9285438629876308,0.0316,0.5214000000000001,0.17073581653817557,0.0028
2368,0.07239999999999999,0.0304,0.6719999999999999,0.054000000000000006,0.02,0.10003858363858364,0.8527999999999999,0.016000000000000004,0.7023992079207921,0.04240000000000001,0.0004
2369,0.3104,0.0128,0.6859999999999999,0.06035247524752476,0.0056,0.196,0.4928719314938155,0.038400000000000004,0.16599999999999998,0.0524,0.0012000000000000001
2370,0.3192,0.757908177074196,0.47519999999999996,0.014657425742574257,0.0816,0.2906430687166426,0.7115550006692883,0.0728,0.7715996039603961,0.10113773255586427,0.002394873480118304
2371,0.2652,0.08759999999999998,0.7984000000000001,0.023600000000000003,0.0508,0.24581766341742023,0.8273214081826833,0.10600000000000001,0.7644,0.11384505928853754,0.015999999999999997
2372,0.0988,0.03594341463414634,0.502,0.01,0.0688,0.19043717615135844,0.7953887725975262,0.038,0.692,0.19984505928853755,0.008800000000000002
2373,0.2004,0.16640000000000002,0.6564,0.09115247524752475,0.11839999999999999,0.5074176607482015,0.6253075492107825,0.062,0.5043996039603961,0.2661688662779321,0.0208
2374,0.3316,0.0756,0.42119999999999996,0.024,0.030000000000000006,0.04941929181929182,0.9048,0.1776,0.34120000000000006,0.43759999999999993,0.009979500657030224
2375,0.0024000000000000002,0.0396,0.488,0.03872871287128713,0.0164,0.1362190709046455,0.8129887725975262,0.0792,0.29239960396039605,0.06402657378781357,0.0016
2376,0.122,0.0064,0.3884,0.03832871287128713,0.0512,0.24076022978883752,0.9284943862987631,0.0264,0.1982,0.508581514499276,0.004
2377,0.21000000000000002,0.2931695538057743,0.7148,0.07717623762376237,0.15,0.3145155300011046,0.39398157394912686,0.1672,0.42140000000000005,0.21800000000000003,0.0068000000000000005
2378,0.188,0.27,0.6900000000000002,0.07778613861386138,0.0248,0.18551081377193848,0.8465438629876308,0.1376,0.5949996039603961,0.21873645521073848,0.041999999999999996
2379,0.11279999999999998,0.10400000000000001,0.5640000000000001,0.1036,0.014400000000000001,0.17967743536007597,0.8477886828767099,0.0428,0.44239999999999996,0.2687571115973742,0.010794873480118304
2380,0.33520000000000005,0.1004,0.6828000000000001,0.027200000000000002,0.09436967213114754,0.11480000000000001,0.7605437732668145,0.07759999999999999,0.3928,0.29440000000000005,0.054000000000000006
2381,0.5904,0.20227821522309714,0.8388,0.08799603960396038,0.0644,0.22985792262613777,0.6976269321631038,0.3076,0.2725980198019802,0.08130404414354479,0.004399999999999999
2382,0.2404,0.20276955380577427,0.7656,0.04597227722772277,0.0884,0.4241151054867437,0.6664943862987631,0.0904,0.576599603960396,0.33898406918952767,0.04239500492934604
2383,0.33480000000000004,0.09541683849151884,0.4236000000000001,0.038400000000000004,0.04240000000000001,0.1266579226261378,0.8241887725975261,0.4572,0.33119960396039605,0.5919225296442688,0.0036000000000000003
2384,0.04839999999999999,0.007200000000000001,0.3436,0.0424,0.0504,0.1368772144454296,0.792494386298763,0.0104,0.38239999999999996,0.07752252964426878,0.0
2385,0.20800000000000002,0.056799999999999996,0.5052,0.051667326732673255,0.09119999999999999,0.1303855360613307,0.8730382492863938,0.07637158596694694,0.37499762376237616,0.35133061793135834,0.0016
2386,0.23559999999999998,0.1692,0.6891999999999999,0.0834059405940594,0.122,0.3615100566914748,0.6667592985858117,0.1032,0.577999603960396,0.137781514499276,0.05519487348011831
2387,0.354,0.18433910761154854,0.7424000000000001,0.04698613861386138,0.0972,0.27975420797621287,0.7827775451950524,0.1292,0.5392,0.2502450592885376,0.0004
2388,0.5399999999999999,0.1644,0.8124,0.008776237623762376,0.0152,0.22235962121190073,0.3456,0.1232,0.26059960396039605,0.5000139255664696,0.0012000000000000001
2389,0.4328,0.4611391076115486,0.6772,0.10418613861386139,0.08839999999999999,0.39405178657256895,0.692894386298763,0.1768,0.5196000000000001,0.3306589848550073,0.0032
2390,0.3956,0.30360000000000004,0.8084,0.0792,0.0336,0.3606445925455287,0.8188494766888678,0.1972,0.5970000000000001,0.30353773255586425,0.01119500492934604
2391,0.25880000000000003,0.06799999999999999,0.7727999999999999,0.030000000000000006,0.048,0.23541788433206662,0.8644045670789724,0.0992,0.7736,0.11664505928853755,0.0124
2392,0.0052,0.029600000000000005,0.39080000000000004,0.016776237623762374,0.046799999999999994,0.1376,0.9875999999999999,0.0216,0.43359999999999993,0.0840139255664697,0.0004
2393,0.024,0.052000000000000005,0.9823999999999999,0.06161980198019801,0.18112099644128116,0.514734916156921,0.5518955143209617,0.0216,0.8936,0.0252,0.0016
2394,0.18120000000000003,0.0116,0.4084,0.016376237623762373,0.0068000000000000005,0.0980383627239373,0.9868,0.1312,0.5481999999999999,0.1878855586428208,0.0024000000000000002
2395,0.33039999999999997,0.12,0.45280000000000004,0.022799999999999997,0.0916,0.24673464807401238,0.0188,0.2036,0.7299992079207921,0.21197103716384386,0.004
2396,0.30960000000000004,0.12147724653684344,0.5928,0.023714851485148514,0.0216,0.10400000000000001,0.966,0.0756,0.5254000000000001,0.18960000000000005,0.011195004929346043
2397,0.076,0.1012,0.4628,0.07505742574257426,0.0048000000000000004,0.11629579635252008,0.9536,0.007600000000000001,0.5141996039603961,0.24112252964426878,0.016395004929346042
2398,0.008,0.0036000000000000003,0.6248,0.0188,0.007200000000000001,0.13341929181929182,0.9179999999999999,0.0032,0.13640000000000002,0.0364,0.0
2399,0.22679999999999997,0.15399999999999997,0.48919999999999997,0.027176237623762377,0.06440000000000001,0.2805975747154231,0.847694386298763,0.1728,0.477,0.19512252964426877,0.0096
2400,0.10600000000000001,0.014400000000000001,0.4936,0.0288,0.0044,0.1444,0.9616,0.0524,0.1744,0.1172,0.0024000000000000002
2401,0.4151999999999999,0.09193910761154857,0.6096,0.07435247524752475,0.0648,0.375250351821501,0.6218606143705252,0.1028,0.5664,0.2863231683168317,0.030800000000000004
2402,0.1016,0.047200000000000006,0.3824,0.0059762376237623765,0.15560000000000002,0.2374970424305388,0.7368,0.0608,0.7087999999999999,0.15522657378781357,0.0059897486443758596
2403,0.019999999999999997,0.0184,0.6076,0.0164,0.0332,0.13963885172149232,0.30609438629876307,0.004,0.13799999999999998,0.016,0.0
2404,0.021200000000000004,0.0356,0.4332,0.0184,0.0008,0.09385765454322913,0.9899999999999999,0.014800000000000002,0.49759960396039615,0.054000000000000006,0.0
2405,0.0756,0.05840000000000001,0.7036,0.05552871287128712,0.022,0.18997461831915535,0.8480000000000001,0.0376,0.5647992079207921,0.06512252964426876,0.0004
2406,0.2424,0.15760000000000002,0.48599999999999993,0.028000000000000004,0.1658646154889002,0.18359999999999999,0.8804000000000001,0.0336,0.26519960396039605,0.33072252964426874,0.011189878409464343
2407,0.11039999999999998,0.0172,0.2972,0.007576237623762376,0.1,0.10243836272393729,0.5304,0.0032,0.22839960396039602,0.48833773255586427,0.0
2408,0.38239999999999996,0.0108,0.5267999999999999,0.18298613861386137,0.06559999999999999,0.21116022978883747,0.458,0.15320000000000003,0.3593992079207921,0.5762735490940398,0.0012000000000000001
2409,0.32680000000000003,0.2543695538057743,0.636,0.04458613861386139,0.14320000000000002,0.14087743536007594,0.6598830691754729,0.11040000000000001,0.39640000000000003,0.4971231683168317,0.021574502218097764
2410,0.2596,0.0896,0.5712,0.011976237623762378,0.057199999999999994,0.18650279616025472,0.9767999999999999,0.2372,0.2882,0.29024633663366334,0.0004
2411,0.5628,0.22080000000000002,0.6164,0.1903287128712871,0.13840000000000002,0.2337156243376292,0.6260943862987631,0.1916,0.3378,0.33169139592220087,0.0028
2412,0.16440000000000002,0.0256,0.7464000000000001,0.1283287128712871,0.04240000000000001,0.27433616223493973,0.5088807964893113,0.1116,0.7436,0.11776822760536923,0.0048000000000000004
2413,0.3724,0.1516,0.5156000000000001,0.022,0.1052,0.1582304915947948,0.6936943862987631,0.138,0.5924,0.24672252964426877,0.03639487348011831
2414,0.04240000000000001,0.0904,0.8512000000000001,0.0124,0.0484,0.19614147146614425,0.924,0.0104,0.021200000000000004,0.013199999999999998,0.00559500492934604
2415,0.10519999999999999,0.16040000000000001,0.7088,0.1191049504950495,0.17360000000000003,0.13229672717936775,0.6598606143705252,0.0536,0.6242,0.2136,0.01958001971738416
2416,0.22799999999999998,0.2036,0.7016,0.0456,0.0172,0.23897833608028982,0.7949663177925785,0.08560000000000001,0.36060000000000003,0.4692,0.005200000000000001
2417,0.2136,0.06239999999999999,0.6148,0.04063366336633663,0.0344,0.1544383627239373,0.8576943862987629,0.11039999999999998,0.351799603960396,0.16256822760536924,0.0004
2418,0.0812,0.017599999999999998,0.884,0.036257425742574255,0.024,0.11411390159923303,0.9948,0.0652,0.7346,0.0168,0.023600000000000003
2419,0.784,0.0104,0.5436,0.10712871287128714,0.0188,0.23019305969770518,0.752,0.1564,0.26659920792079206,0.12352252964426877,0.007600000000000001
2420,0.9752000000000001,0.023600000000000003,0.8700000000000001,0.006,0.0456,0.3379982440437604,0.9992000000000001,0.7756,0.7238,0.26280000000000003,0.0004
2421,0.026000000000000002,0.0172,0.6148,0.0316,0.0264,0.0944,0.9310831588962893,0.008,0.3516,0.02512252964426877,0.0008
2422,0.2204,0.11040000000000001,0.5808,0.0432,0.10840000000000001,0.27491579808401323,0.3333887725975262,0.23840000000000003,0.35039881188118815,0.34056822760536926,0.0
2423,0.1944,0.0088,0.4436,0.042752475247524756,0.0516,0.07505770171149144,0.8381887725975263,0.0196,0.3698,0.38656822760536924,0.0
2424,0.0056,0.0,0.1896,0.015976237623762376,0.002,0.06141929181929182,0.8987999999999999,0.0008,0.1278,0.064,0.0004
2425,0.248,0.0444,0.6308,0.0051049504950495045,0.026799999999999997,0.20612595979046427,0.7375775451950524,0.1012,0.5209992079207921,0.40386634524321996,0.0032
2426,0.0212,0.060799999999999986,0.22880000000000003,0.0624,0.06799999999999999,0.20359597875636998,0.6584,0.008799999999999999,0.07680000000000001,0.015200000000000002,0.0004
2427,0.6584,0.012,0.6192,0.07679603960396039,0.0128,0.14901929181929183,0.9179999999999999,0.011600000000000001,0.36199841584158415,0.2046741877666028,0.0004
2428,0.0612,0.1956,0.8048,0.1244,0.1516,0.18003858363858363,0.8868943862987632,0.0092,0.3376,0.27080000000000004,0.0016
2429,0.3108000000000001,0.3596,0.6444,0.06056237623762376,0.09319999999999999,0.1854190709046455,0.792471841772999,0.1636,0.4925992079207921,0.44104505928853754,0.015989878409464343
2430,0.38839999999999997,0.03,0.6068,0.05016237623762376,0.09280000000000001,0.3848809498090455,0.9848000000000001,0.0512,0.572398811881188,0.12912252964426876,0.0032
2431,0.21639999999999998,0.0256,0.8964000000000001,0.0676,0.0832,0.2594053714058631,0.9972,0.015599999999999998,0.12880000000000003,0.1204,0.012374631983186246
2432,0.1332,0.3456,0.75,0.0548,0.08679999999999999,0.2610321323338438,0.6862830691754729,0.1328,0.5415992079207921,0.2880132868939068,0.0172
2433,0.42119999999999996,0.174,0.6876,0.05352871287128713,0.14956967213114755,0.8256385836385836,0.6809028924109937,0.0476,0.37779999999999997,0.1992,0.019999999999999997
2434,0.27599999999999997,0.13040000000000002,0.49720000000000003,0.10150495049504951,0.048799999999999996,0.43522557176591403,0.7956000000000001,0.19840000000000002,0.515199603960396,0.4217954400657457,0.0524
2435,0.0284,0.008,0.6204,0.008400000000000001,0.044,0.13521110543897832,0.905694386298763,0.0088,0.1506,0.41319999999999996,0.009574633667325496
2436,0.0,0.0004,0.504,0.0064,0.0024000000000000002,0.08821929181929182,0.8640000000000001,0.0144,0.27040000000000003,0.0328,0.0
2437,0.35439999999999994,0.1908,0.6128,0.045176237623762376,0.06520000000000001,0.10688871454543827,0.8690831588962892,0.13799999999999998,0.4941999999999999,0.43384505928853756,0.10369268854694627
2438,0.1924,0.1316,0.4968,0.08237623762376238,0.022000000000000002,0.12141955990220048,0.8948,0.08479999999999999,0.4024,0.30720000000000003,0.018399999999999996
2439,0.0112,0.0388,0.47319999999999995,0.03232871287128713,0.0172,0.08865765454322912,0.9767999999999999,0.019200000000000002,0.34820000000000007,0.08961392556646969,0.0016
2440,0.040400000000000005,0.002,0.6916,0.07757623762376238,0.057199999999999994,0.1204,0.984,0.0064,0.26080000000000003,0.060399999999999995,0.0032
2441,0.2036,0.13116955380577427,0.7628,0.07462970297029703,0.11346461548890016,0.33815523313958523,0.5174830691754729,0.05,0.6099992079207921,0.10058087582671311,0.0012000000000000001
2442,0.0736,0.28280000000000005,0.9151999999999999,0.013976237623762378,0.0984,0.1902192918192918,0.8072719314938155,0.27240000000000003,0.7228000000000001,0.3575225296442688,0.0008
2443,0.8019999999999999,0.005817322834645669,0.8016,0.0028,0.22400000000000003,0.24427098405533615,0.998,0.028800000000000003,0.6476,0.23475101944977106,0.005200000000000001
2444,0.4204,0.3015695538057743,0.6976,0.04948118811881188,0.0288,0.6023949978908198,0.8002831588962893,0.17720000000000002,0.46259881188118807,0.39905962352757013,0.021984883338810386
2445,0.3984,0.10516906946264744,0.7051999999999999,0.12460594059405941,0.036,0.13923858363858363,0.921294386298763,0.1348,0.4119992079207921,0.4015522967948969,0.004389880093603596
2446,0.027600000000000003,0.062,0.552,0.12499370892841495,0.06720000000000001,0.11410306424316341,0.7849663177925785,0.22000000000000003,0.3971988118811881,0.16800544437052403,0.0016
2447,0.0864,0.0632,0.4356,0.014776237623762376,0.004399999999999999,0.06801137352188698,0.9635775451950523,0.0392,0.39179881188118815,0.10978279184440183,0.0008
2448,0.288,0.3888,0.7300000000000001,0.048400000000000006,0.0504,0.2957937224416442,0.8555999999999999,0.07039999999999999,0.5008,0.21879999999999997,0.0432
2449,0.402,0.3839695538057743,0.6996,0.05618613861386138,0.0672,0.4545061787438314,0.7538831588962893,0.2172,0.4571992079207921,0.44130532148867063,0.03079500492934604
2450,0.0752,0.08313862326842172,0.752,0.032799999999999996,0.12,0.1608,0.7174605246497089,0.044,0.5921992079207921,0.21736822760536922,0.0024000000000000002
2451,0.3028,0.19,0.6848000000000001,0.05566732673267326,0.19720000000000001,0.3226047129914452,0.6933437732668145,0.17959999999999998,0.5593996039603961,0.44621609645238147,0.029199999999999997
2452,0.22599999999999998,0.29716821773425056,0.6571999999999999,0.0016,0.10800000000000001,0.25230881061345606,0.7936,0.0024000000000000002,0.7883980198019802,0.16738279184440186,0.009200000000000002
2453,0.1564,0.0376,0.7488,0.03703366336633663,0.0308,0.13033415907645735,0.9851999999999999,0.0948,0.533,0.072,0.0188
2454,0.17359999999999998,0.0372,0.4948,0.008776237623762376,0.04279999999999999,0.13007721444542963,0.7440719314938153,0.05720000000000001,0.4424,0.24578279184440183,0.0016
2455,0.1908,0.11633862326842173,0.7939999999999999,0.07272871287128713,0.07316967213114753,0.20212690352299156,0.8338831588962894,0.053200000000000004,0.6095992079207921,0.1031377325558643,0.0048000000000000004
2456,0.0788,0.06916955380577428,0.6636000000000001,0.043176237623762374,0.1824,0.304038630806846,0.6112085061122307,0.0488,0.7916,0.0632,0.0028
2457,0.2908,0.29880000000000007,0.7276,0.09145742574257425,0.0691393442622951,0.29475762836961017,0.6643774554742361,0.1308,0.45079960396039603,0.36904505928853754,0.03679487516425756
2458,0.11400000000000002,0.1092,0.7120000000000001,0.0188,0.0124,0.14268350434096289,0.891694386298763,0.044,0.2608,0.33480000000000004,0.00318501478803812
2459,0.07999999999999999,0.0232,0.4436,0.048633663366336635,0.012400000000000001,0.10277376787841334,0.9010607040913416,0.11239999999999999,0.46419881188118806,0.3130284005791884,0.002
2460,0.0396,0.09480000000000001,0.7919999999999999,0.0304,0.024399999999999998,0.19709677434763012,0.9715999999999999,0.0336,0.4,0.178,0.0016
2461,0.3412,0.21833910761154857,0.5524000000000001,0.2131762376237624,0.0596,0.23312186439568144,0.7945663177925785,0.2564,0.6765999999999999,0.35376886627793214,0.021974894881641716
2462,0.016399999999999998,0.0064,0.7108000000000001,0.0064,0.0208,0.17654115888419203,0.9089887725975261,0.002,0.2918,0.092,0.0
2463,0.055600000000000004,0.0388,0.44959999999999994,0.006776237623762377,0.022,0.0628,0.9696,0.010400000000000001,0.2028,0.258,0.014799999999999999
2464,0.15360000000000001,0.244,0.7732000000000001,0.13,0.09036967213114755,0.567652513799702,0.9128000000000001,0.1264,0.5424,0.41392316831683174,0.019589750328515114
2465,0.016000000000000004,0.0324,0.9763999999999999,0.02813465346534653,0.09519999999999999,0.2151995705078848,0.007200000000000001,0.0144,0.9932000000000001,0.005599999999999999,0.0008
2466,0.378,0.012,0.7771999999999999,0.10183366336633662,0.0468,0.22741929181929182,0.7692719314938155,0.0372,0.32080000000000003,0.1316,0.007200000000000001
2467,0.3676,0.3143695538057743,0.7051999999999999,0.04957623762376238,0.0508,0.2402741797737289,0.7577663177925785,0.14479999999999998,0.463999603960396,0.3818456979611004,0.03554413913063005
2468,0.2636,0.11836955380577427,0.7220000000000001,0.01712871287128713,0.045599999999999995,0.2833025008135033,0.5244943862987631,0.2524,0.49959999999999993,0.18056886627793214,0.0096
2469,0.42519999999999997,0.0504,0.3848,0.019176237623762374,0.0988,0.15501907090464548,0.7502831588962893,0.1944,0.365,0.6081992721011231,0.0112
2470,0.023200000000000002,0.0832,0.4756,0.016728712871287126,0.0612,0.11443836272393733,0.6516943862987631,0.0376,0.6399999999999999,0.06544569796110046,0.0
2471,0.4136,0.1332,0.6652,0.051152475247524753,0.10600000000000001,0.22768836705267023,0.8316719314938155,0.1516,0.5711999999999999,0.34600000000000003,0.0028
2472,0.2004,0.15000000000000002,0.6712,0.027833663366336636,0.1224,0.268373231712596,0.94962702188392,0.5784,0.6187992079207921,0.16402657378781357,0.002
2473,0.284,0.17840000000000003,0.7571999999999999,0.09,0.092,0.20430776820364502,0.6773887725975262,0.0948,0.5312000000000001,0.3186450592885376,0.017599999999999998
2474,0.4328,0.31316955380577427,0.8039999999999999,0.06611485148514853,0.19999999999999998,0.22999999999999998,0.45924947668886773,0.09280000000000001,0.34259999999999996,0.45710813104714526,0.017468303031062005
2475,0.002,0.004399999999999999,0.6204,0.0032,0.0196,0.16934115888419204,0.9829887725975262,0.0012000000000000001,0.2948,0.08360000000000001,0.0
2476,0.36000000000000004,0.024399999999999998,0.2424,0.029599999999999998,0.168,0.14963836272393732,0.8392,0.1004,0.33259999999999995,0.29121392556646974,0.0
2477,0.924,0.0656,0.7816,0.0043287128712871294,0.17,0.1866965062647214,0.9972,0.0248,0.695599207920792,0.2694125589950299,0.0068000000000000005
2478,0.28959999999999997,0.2648,0.6244,0.1514811881188119,0.1,0.27891633424983053,0.4921438629876308,0.174,0.5079984158415842,0.2186874746605095,0.027200000000000002
2479,0.48440000000000005,0.14479999999999998,0.48040000000000005,0.02183366336633663,0.0156,0.1056,0.818,0.0996,0.20159960396039606,0.38179735608343446,0.0
2480,0.14,0.08116906946264744,0.9264000000000001,0.034209900990099004,0.156,0.438851471321398,0.2207775451950523,0.10839999999999998,0.9096,0.0908139255664697,0.005594875164257556
2481,0.2936,0.1232,0.6519999999999999,0.0463049504950495,0.07039999999999999,0.2322576545432291,0.7825214081826831,0.2752,0.29199881188118815,0.3749198857277032,0.0012000000000000001
2482,0.4368,0.076,0.6519999999999999,0.0688,0.036000000000000004,0.11320000000000001,0.9536,0.2144,0.16419999999999998,0.5071231683168317,0.01708841139462708
2483,0.0112,0.0268,0.774,0.018776237623762376,0.027600000000000003,0.1130832807570978,0.7596,0.0004,0.31160000000000004,0.3264,0.004000000000000001
2484,0.1252,0.03319999999999999,0.49799999999999994,0.003176237623762376,0.0424,0.1562192918192918,0.7584,0.0596,0.32059960396039605,0.25304505928853754,0.0012000000000000001
2485,0.4088,0.094,0.7060000000000001,0.005576237623762377,0.029199999999999997,0.1096383627239373,0.3412943862987631,0.2912,0.4364,0.5992145642390326,0.0036000000000000003
2486,0.0008,0.022799999999999997,0.5288,0.061528712871287125,0.0948,0.09141907090464547,0.9068943862987631,0.0024000000000000002,0.25339999999999996,0.078,0.0004
2487,0.3012,0.053538623268421716,0.7023999999999999,0.14565940594059393,0.0568,0.40762071403196104,0.6036943862987632,0.029199999999999997,0.3675481188118813,0.584394771651078,0.0028
2488,0.022,0.054000000000000006,0.5628,0.12597623762376237,0.12160000000000001,0.11131557716936691,0.780238249286394,0.004399999999999999,0.45640000000000003,0.25232252964426877,0.01756950546330455
2489,0.37439999999999996,0.1256,0.6308,0.07216237623762377,0.19511329117876658,0.1990307125094411,0.8238831588962892,0.2512,0.570398811881188,0.23235038077720813,0.006384883338810385
2490,0.32,0.134,0.5551999999999999,0.08037227722772276,0.1196,0.028000000000000004,0.7809257060992066,0.1448,0.5937988118811882,0.23953581653817557,0.009600000000000001
2491,0.1464,0.0168,0.47240000000000004,0.008376237623762375,0.01,0.08375322998110284,0.7456943862987631,0.08559999999999998,0.5422,0.3013682276053692,0.0
2492,0.21960000000000002,0.1132,0.5880000000000001,0.18531089108910886,0.13233934426229507,0.19571530908645823,0.7974606143705253,0.39559999999999995,0.5767984158415842,0.14510331624466793,0.0336
2493,0.8392,0.1196,0.5384,0.04117623762376237,0.04759999999999999,0.3252774825283383,0.8112943862987632,0.2476,0.2709996039603961,0.3128139255664697,0.0032
2494,0.0012000000000000001,0.014799999999999999,0.5488,0.007200000000000001,0.0264,0.12581907090464547,0.813694386298763,0.009600000000000001,0.36880000000000007,0.0684,0.0
2495,0.1024,0.012400000000000001,0.3984,0.029600000000000005,0.0368,0.11301929181929182,0.9176,0.0344,0.43079999999999996,0.0712,0.0032
2496,0.2952,0.09040000000000001,0.2664,0.030114851485148513,0.1312,0.2102574336285828,0.4967775451950523,0.0756,0.3008,0.10784505928853753,0.02719500492934604
2497,0.39559999999999995,0.038400000000000004,0.662,0.027057425742574255,0.124,0.16872189068327786,0.6545663177925785,0.0944,0.5551996039603961,0.3863225296442688,0.0067950049293460405
2498,0.28759999999999997,0.1524,0.6312,0.08383366336633663,0.2252,0.9955999999999999,0.6615633273398864,0.196,0.47579841584158417,0.3054589848550073,0.027999999999999997
2499,0.53,0.1504,0.5711999999999999,0.007999999999999998,0.053569672131147536,0.053200000000000004,0.884894386298763,0.1828,0.5136,0.16512316831683166,0.024394873480118307
2500,0.47119999999999995,0.0252,0.6843999999999999,0.032776237623762375,0.06394361904761905,0.08541907090464548,0.9564943862987632,0.132,0.589399603960396,0.186,0.0036000000000000003
2501,0.614,0.0784,0.5172000000000001,0.08891485148514851,0.066,0.13145867970660147,0.7042829794546566,0.1728,0.19259960396039605,0.38176886627793216,0.00199500492934604
2502,0.044000000000000004,0.16439999999999996,0.9231999999999999,0.0008,0.007200000000000001,0.12205098232384297,0.6608719314938154,0.08959999999999999,0.11679999999999997,0.24632252964426876,0.0
2503,0.1588,0.0988,0.8924000000000001,0.07315247524752475,0.055600000000000004,0.21850005484948182,0.8394203615604188,0.0632,0.6895992079207921,0.088,0.0316
2504,0.39320000000000005,0.1956,0.8231999999999999,0.07804356435643564,0.1016,0.1754576545432291,0.6650830691754729,0.1844,0.576399207920792,0.3403225296442688,0.017969770045899273
2505,0.0196,0.04,0.5988,0.0088,0.006000000000000001,0.11025814354078414,0.7015773657534197,0.004000000000000001,0.3226,0.0368,0.00799500492934604
2506,0.2684,0.23836955380577426,0.834,0.10755247524752473,0.1096,0.23280000000000003,0.986,0.03,0.6305988118811882,0.1528139255664697,0.04713927382506457
2507,0.2024,0.16840000000000002,0.6812,0.07072871287128714,0.028000000000000004,0.014400000000000001,0.8575550903901046,0.1384,0.6446,0.1388,0.004000000000000001
2508,0.011199999999999998,0.0108,0.5928,0.006752475247524753,0.0028,0.07287672544787459,0.7724,0.0156,0.607399207920792,0.024,0.0004
2509,0.0432,0.0832,0.9052,0.03515247524752475,0.06040000000000001,0.2694835043409629,0.5736492972472351,0.0364,0.2804,0.11000000000000001,0.005600000000000001
2510,0.057199999999999994,0.049199999999999994,0.5208,0.07011485148514851,0.014400000000000001,0.1174195599022005,0.6821886828767099,0.0696,0.4425992079207921,0.08185962352757016,0.0008
2511,0.024,0.0412,0.4344,0.011952475247524751,0.0044,0.11083836272393732,0.6016,0.0016,0.40800000000000003,0.0028,0.0
2512,0.38639999999999997,0.22319999999999998,0.7807999999999999,0.03595247524752475,0.0752,0.33101250130101184,0.8276943862987631,0.14479999999999998,0.42899881188118816,0.43079999999999996,0.04
2513,0.2076,0.005200000000000001,0.4408,0.011976237623762376,0.0392,0.14687672544787458,0.7069887725975261,0.1048,0.3144,0.2923383712284272,0.002
2514,0.3648,0.1236,0.4328,0.027176237623762374,0.0496,0.12713486898865872,0.7971101807802092,0.1016,0.5016,0.3471231683168317,0.2283948734801183
2515,0.054799999999999995,0.068,0.34519999999999995,0.030352475247524758,0.0416,0.06701929181929181,0.8644943862987631,0.0312,0.40520000000000006,0.16440000000000002,0.0
2516,0.38639999999999997,0.15756955380577428,0.7167999999999999,0.030376237623762382,0.09119999999999999,0.21603863080684596,0.873694386298763,0.21319999999999997,0.5344,0.1972,0.009600000000000001
2517,0.35439999999999994,0.186,0.59,0.129619801980198,0.07520000000000002,0.21945787545787546,0.727932635585157,0.2424,0.45219801980198027,0.3941695049504951,0.05036976836176003
2518,0.057199999999999994,0.0556,0.9704,0.1012,0.11472099644128113,0.24953665123249474,0.0728,0.0288,0.9632000000000002,0.044722529644268774,0.005200000000000001
2519,0.33599999999999997,0.10433910761154856,0.6556,0.06359603960396039,0.0744,0.22803885172149227,0.6028718417729991,0.0756,0.653399207920792,0.10976886627793214,0.006000000000000001
2520,0.3364,0.12947821522309713,0.5528000000000001,0.031152475247524746,0.11880000000000002,0.44438785447098406,0.5591775451950524,0.2048,0.4202,0.1683231683168317,0.008000000000000002
2521,0.0304,0.0312,0.624,0.002,0.0844,0.13581907090464546,0.5595999999999999,0.0024000000000000002,0.1204,0.45872316831683174,0.003984885022949637
2522,0.0,0.0084,0.5164,0.006,0.0024000000000000002,0.12221929181929181,0.976894386298763,0.0008,0.16840000000000002,0.039999999999999994,0.0
2523,0.034800000000000005,0.08516955380577428,0.6684,0.013600000000000001,0.0056,0.1400383627239373,0.765532635585157,0.0324,0.5195996039603961,0.2351225296442688,0.011200000000000002
2524,0.29080000000000006,0.1824,0.6152,0.08720000000000001,0.0716,0.2578425278606208,0.818,0.0824,0.48539960396039605,0.46904633663366335,0.023994875164257554
2525,0.0388,0.0156,0.4232,0.0116,0.03319999999999999,0.09363836272393729,0.9258831588962891,0.002,0.329,0.42000000000000004,0.004794875164257556
2526,0.5332,0.2424,0.6968,0.005600000000000001,0.09759999999999999,0.13843885172149234,0.9100943862987633,0.1336,0.23479999999999998,0.23664633663366336,0.0044
2527,0.6836,0.2484,0.6900000000000001,0.0331049504950495,0.041600000000000005,0.13683836272393732,0.531932635585157,0.16319999999999998,0.5671999999999999,0.2671522967948969,0.0032
2528,0.046,0.02796955380577428,0.34400000000000003,0.04905742574257426,0.048,0.12301907090464548,0.07959999999999999,0.046799999999999994,0.6521972277227722,0.09917887058271044,0.0008
2529,0.098,0.13440000000000002,0.8176,0.03409108910891089,0.09839999999999999,0.2809019221696281,0.5834831588962893,0.0336,0.5821999999999999,0.0636,0.0128
2530,0.0072,0.0612,0.5452,0.005200000000000001,0.05319999999999999,0.24992077215962719,0.7092943862987631,0.016399999999999998,0.5756,0.08159999999999999,0.0
2531,0.0316,0.0152,0.5700000000000001,0.04477623762376237,0.0008,0.11625814354078412,0.9092,0.005200000000000001,0.21059999999999998,0.09759999999999999,0.007595004929346042
2532,0.21680000000000002,0.10188203790256807,0.7008000000000001,0.1004,0.027200000000000002,0.2444772144454296,0.5284,0.0616,0.6828,0.0632,0.006
2533,0.004,0.03230866141732283,0.5104,0.0132,0.0032,0.07243814180929095,0.9496,0.0016,0.33680000000000004,0.1092,0.0
2534,0.1492,0.072,0.8896,0.09178613861386138,0.0984,0.34029650626472147,0.580310091059393,0.09999999999999999,0.463999603960396,0.07424569796110045,0.1888
2535,0.1708,0.2548,0.74,0.09597623762376238,0.06439999999999999,0.8422852121526937,0.8653887725975261,0.098,0.5056,0.4204,0.032394873480118304
2536,0.1176,0.1528,0.9604000000000001,0.005599999999999999,0.0456,0.13261907090464548,0.925177455474236,0.006,0.19819960396039604,0.0536,0.007600000000000001
2537,0.2312,0.2548,0.7548,0.0392,0.1732,0.2962581907090464,0.6581438629876308,0.11520000000000001,0.555,0.2384,0.0324
2538,0.09559999999999999,0.13510866141732286,0.7288,0.074,0.16999999999999998,0.11705867970660147,0.8202831588962892,0.0712,0.5303996039603961,0.27712252964426876,0.0004
2539,0.3644,0.10473910761154856,0.5056,0.05235247524752475,0.07992099644128114,0.1452,0.9701887725975261,0.019999999999999997,0.5047988118811881,0.11801392556646968,0.002384885022949636
2540,0.35960000000000003,0.19756906946264746,0.6519999999999999,0.0316,0.0696,0.1306704950577811,0.9410831588962892,0.1012,0.575399603960396,0.37312252964426873,0.10353914574411534
2541,0.0236,0.13520000000000001,0.6848,0.004000000000000001,0.011600000000000001,0.1303600533732347,0.706494386298763,0.0432,0.5244,0.04872252964426878,0.0004
2542,0.057600000000000005,0.4343086614173228,0.8476000000000001,0.0368,0.0928,0.230051645067782,0.8503999999999999,0.5704,0.324,0.5557688662779322,0.0012000000000000001
2543,0.024799999999999996,0.038799999999999994,0.38079999999999997,0.06890693069306929,0.008400000000000001,0.17810257524560838,0.8420943862987631,0.048799999999999996,0.2529972277227723,0.20676990725159472,0.0048000000000000004
2544,0.0196,0.0092,0.47759999999999997,0.023152475247524753,0.010400000000000001,0.07385787545787545,0.7032,0.047599999999999996,0.6451992079207921,0.07344505928853755,0.0
2545,0.0372,0.0904,0.9292,0.042776237623762384,0.09152099644128113,0.3956385836385836,0.13197754519505234,0.022799999999999997,0.9256,0.05752252964426878,0.0016
2546,0.3828,0.2683695538057743,0.8648,0.06745742574257427,0.1396,0.33605044615802565,0.6956718417729991,0.1,0.5366,0.2887225296442688,0.0084
2547,0.6195999999999999,0.032,0.614,0.023104950495049507,0.0904,0.18485173940430663,0.567294386298763,0.23479999999999998,0.2502,0.2939225296442688,0.0016
2548,0.33999999999999997,0.1096,0.6464000000000001,0.07195247524752475,0.0412,0.10345787545787546,0.9244,0.1076,0.22959999999999997,0.22960000000000003,0.0084
2549,0.012000000000000002,0.05916906946264744,0.3856,0.008,0.0332,0.3316767726161369,0.5569435041043655,0.041600000000000005,0.46319999999999995,0.0248,0.0052
2550,0.5644,0.1962477690288714,0.7404,0.07234851485148515,0.0708,0.2324770503670043,0.6500943862987631,0.23879999999999998,0.6266,0.34641392556646966,0.02119000985869208
2551,0.22200000000000003,0.036800000000000006,0.9468,0.3435485148514852,0.032,0.2634042594732081,0.9992000000000001,0.014400000000000001,0.8111992079207921,0.1457046828161077,0.0012000000000000001
2552,0.3156,0.0628,0.5728000000000001,0.043128712871287125,0.08159999999999999,0.23321252526338104,0.34240000000000004,0.044,0.35439881188118816,0.19890468281610768,0.0
2553,0.3436,0.08720000000000001,0.6719999999999999,0.002376237623762376,0.0628,0.09621907090464547,0.6152,0.1768,0.2622,0.35778151449927603,0.0016
2554,0.062,0.0196,0.196,0.07672475247524752,0.027600000000000003,0.1430835043409629,0.8384943862987632,0.027999999999999997,0.21219960396039603,0.12051733103745157,0.021599999999999998
2555,0.3124,0.05199999999999999,0.53,0.06115247524752475,0.0588,0.1116383627239373,0.6810607040913416,0.0484,0.3021996039603961,0.573291395922201,0.0
2556,0.1468,0.0972,0.5688,0.0088,0.029600000000000005,0.0650195599022005,0.8468943862987631,0.0328,0.23339960396039605,0.2112,0.021184883338810384
2557,0.6944,0.1452,0.7971999999999999,0.06844356435643564,0.0668,0.3266181497457565,0.1150893746115728,0.1296,0.46560000000000007,0.4689827918444019,0.011184620440354913
2558,0.4208,0.041600000000000005,0.41879999999999995,0.01717623762376238,0.0252,0.18526084168480256,0.8479326355851571,0.134,0.40619881188118806,0.2850456979611004,0.0368
2559,0.020800000000000003,0.05,0.2624,0.0064,0.005200000000000001,0.0988,0.9105663177925786,0.012400000000000001,0.22840000000000002,0.0728,0.0016
2560,0.2644,0.29240000000000005,0.8183999999999999,0.06068118811881188,0.06306461548890017,0.33561235151699703,0.7188044773581561,0.192,0.46319999999999995,0.3948,0.01279000985869208
2561,0.0156,0.027200000000000002,0.49800000000000005,0.018,0.027200000000000002,0.13021907090464546,0.9720000000000001,0.0104,0.25680000000000003,0.029599999999999994,0.007200000000000001
2562,0.5988,0.028800000000000003,0.4768,0.0184,0.0884,0.2573893065369838,0.7032943862987631,0.256,0.3694,0.48784505928853755,0.0004
2563,0.06920000000000001,0.04276955380577428,0.5568,0.005599999999999999,0.033569672131147546,0.16790885778171843,0.9244,0.016,0.6212,0.1968,0.005200000000000001
2564,0.278,0.1264,0.5984,0.06449108910891088,0.054000000000000006,0.20385792262613775,0.8113887725975262,0.1868,0.5153992079207921,0.20282912847806517,0.006
2565,0.3944,0.08676955380577428,0.5824,0.047200000000000006,0.08879999999999999,0.24647634312402172,0.8603550903901047,0.1408,0.48199881188118815,0.4451225296442688,0.016
2566,0.46240000000000003,0.2516,0.692,0.03319999999999999,0.17873934426229507,0.06621929181929183,0.9486831588962893,0.18319999999999997,0.46659960396039607,0.17872316831683172,0.0216
2567,0.046400000000000004,0.007169069462647444,0.34640000000000004,0.0164,0.0048000000000000004,0.08229623818181275,0.9748000000000001,0.0324,0.294,0.09712252964426878,0.0
2568,0.07479999999999999,0.1048,0.8184000000000001,0.10799999999999998,0.1296,0.21455270615246302,0.8564719314938154,0.008,0.5997999999999999,0.11272252964426879,0.0048000000000000004
2569,0.4368,0.023855039679673066,0.6396,0.038281188118811885,0.09640000000000001,0.26779274444653417,0.9896,0.0104,0.6247988118811881,0.15392316831683167,0.0012000000000000001
2570,0.1988,0.126,0.2084,0.10124356435643564,0.0616,0.32775438172259685,0.5649887725975262,0.022,0.2621992079207921,0.13230203889954212,0.0
2571,0.23200000000000004,0.013600000000000001,0.48679999999999995,0.02875247524752475,0.0748,0.0888,0.8881887725975262,0.08,0.3253996039603961,0.07776822760536924,0.004000000000000001
2572,0.0064,0.13720000000000002,0.43479999999999996,0.072,0.0804,0.0972383627239373,0.6152,0.0112,0.30419841584158414,0.41513773255586434,0.0008
2573,0.05720000000000001,0.07600000000000001,0.4796,0.10616237623762377,0.0216,0.22963858363858364,0.97,0.016,0.3208,0.05433645521073847,0.0032
2574,0.264,0.0912,0.6652000000000001,0.0188,0.13,0.7258578754578754,0.6995865896321808,0.1,0.5327999999999999,0.27840000000000004,0.05558488333881038
2575,0.23359999999999997,0.3771391076115485,0.6235999999999999,0.04757227722772277,0.052000000000000005,0.35521306142919834,0.5887097321761278,0.1152,0.5204000000000001,0.2230456979611005,0.0036000000000000003
2576,0.0012000000000000001,0.0044,0.4328,0.009976237623762377,0.010400000000000001,0.11029557543787372,0.894094386298763,0.0004,0.21420000000000003,0.029122529644268775,0.0
2577,0.34199999999999997,0.0216,0.6332,0.009928712871287129,0.058800000000000005,0.2797389547154828,0.7849438629876309,0.0692,0.5488000000000001,0.2142456979611005,0.0112
2578,0.2576,0.1308,0.6308,0.09559999999999999,0.0496,0.1693927444465342,0.7425887725975262,0.1172,0.5384,0.45359999999999995,0.062394873480118296
2579,0.0732,0.13997278459458623,0.8780000000000001,0.006376237623762377,0.03560000000000001,0.1744764670329247,0.6952,0.6716,0.5631999999999999,0.13352252964426875,0.0068000000000000005
2580,0.198,0.246,0.756,0.029199999999999997,0.2312,0.16683858363858364,0.820683069175473,0.047200000000000006,0.504599603960396,0.30576822760536926,0.016794875164257556
2581,0.37720000000000004,0.0232,0.5372,0.0128,0.0368,0.019999999999999997,0.8948,0.0928,0.19880000000000003,0.36944505928853755,0.004400000000000001
2582,0.22760000000000002,0.14156955380577427,0.8404,0.035976237623762376,0.026000000000000002,0.2642195599022005,0.9831999999999999,0.084,0.583399207920792,0.19256822760536924,0.027200000000000002
2583,0.014799999999999999,0.0192,0.38639999999999997,0.007200000000000001,0.030000000000000006,0.08647770344298461,0.912494386298763,0.0016,0.30479999999999996,0.36986026220013307,0.0
2584,0.426,0.03200000000000001,0.7864,0.08281980198019802,0.0432,0.3265409353003269,0.7431101807802094,0.10800000000000001,0.529999603960396,0.1516913959222009,0.028399999999999998
2585,0.0064,0.010400000000000001,0.4928,0.0164,0.0024000000000000002,0.12625765454322913,0.8637887725975262,0.0068000000000000005,0.294,0.09519999999999999,0.0004
2586,0.1176,0.005599999999999999,0.34919999999999995,0.017904950495049508,0.0256,0.12720000000000004,0.8112,0.019200000000000002,0.238,0.1252,0.005599999999999999
2587,0.0632,0.0648,0.37679999999999997,0.04531485148514852,0.0036000000000000003,0.06251513534007422,0.86,0.009600000000000001,0.5393988118811881,0.09213189527648417,0.0028
2588,0.40759999999999996,0.17160000000000003,0.6355999999999999,0.07308118811881188,0.18275391068279823,0.9856,0.7527185971716237,0.08360000000000001,0.5669968316831683,0.23876686103392947,0.0108
2589,0.33120000000000005,0.1252,0.5256,0.03237623762376238,0.019999999999999997,0.25157404562928076,0.47919999999999996,0.08720000000000001,0.3443980198019802,0.5057040441435448,0.00599500492934604
2590,0.008400000000000001,0.06520000000000001,0.5568000000000001,0.008776237623762376,0.05399999999999999,0.21999841609717202,0.6536943862987631,0.016400000000000005,0.5244,0.0392,0.0
2591,0.32799999999999996,0.2943695538057743,0.8628,0.020776237623762378,0.14354361904761906,0.2873039678061683,0.791748071183338,0.1976,0.502,0.13440000000000002,0.0288
2592,0.23359999999999997,0.3771391076115485,0.6235999999999999,0.04757227722772277,0.052000000000000005,0.35521306142919834,0.5887097321761278,0.1152,0.5204000000000001,0.2230456979611005,0.0036000000000000003
2593,0.26639999999999997,0.1532,0.6792,0.0607009900990099,0.202,0.17380141982440273,0.5173786732172511,0.1204,0.49660000000000004,0.21705834618244432,0.018800000000000004
2594,0.3644,0.1608,0.36839999999999995,0.057600000000000005,0.0364,0.15785765454322914,0.9305661383509458,0.174,0.3821992079207921,0.3027377325558643,0.0203847535737219
2595,0.434,0.1328,0.6075999999999999,0.09742970297029703,0.10640000000000001,0.1488,0.8386422780404684,0.0792,0.5669964356435643,0.17041456423903262,0.013199999999999998
2596,0.4356,0.188,0.6392,0.047786138613861384,0.0744,0.2252383627239373,0.6475100013385766,0.3096,0.5519999999999999,0.20256822760536922,0.024794873480118308
2597,0.15960000000000002,0.18839999999999998,0.7528,0.0752,0.039599999999999996,0.14541929181929183,0.8341887725975262,0.0264,0.44079999999999997,0.16,0.0068000000000000005
2598,0.2232,0.16356955380577426,0.8644000000000001,0.0232,0.0184,0.11811508817181189,0.7808943862987631,0.0804,0.5227999999999999,0.32880000000000004,0.0016
2599,0.13720000000000002,0.08559999999999998,0.6776,0.0284,0.08399999999999999,0.06607743536007596,0.8597663177925785,0.182,0.5668,0.3628,0.008400000000000001
2600,0.22999999999999998,0.02874341463414634,0.658,0.0356,0.10800000000000001,0.1376,0.750894386298763,0.0212,0.4728,0.19384505928853754,0.0048000000000000004
2601,0.0008,0.04240000000000001,0.3612,0.01592871287128713,0.0008,0.10523836272393731,0.6035999999999999,0.0,0.46959999999999996,0.0108,0.0
2602,0.1244,0.028000000000000004,0.5871999999999999,0.16666009068196538,0.03556967213114754,0.08295367181039552,0.7996,0.005200000000000001,0.1832,0.0824,0.019200000000000002
2603,0.2936,0.12079999999999999,0.6736,0.031176237623762378,0.09519999999999999,0.1012,0.9715999999999999,0.0656,0.5625976237623762,0.2811364552107385,0.029200000000000004
2604,0.18719999999999998,0.12679999999999997,0.6472,0.07992871287128714,0.16440000000000002,0.44278460523448304,0.3865436835459982,0.1868,0.055200000000000006,0.8400000000000001,0.005594873480118305
2605,0.3484,0.1,0.7272,0.044000000000000004,0.1028,0.3801532868173239,0.6938651814494976,0.0796,0.580799603960396,0.23609075724963802,0.0204
2606,0.1748,0.20596955380577428,0.7188000000000001,0.05035247524752475,0.0932,0.24841190968770427,0.6360267527214711,0.11679999999999999,0.6487999999999999,0.1727225296442688,0.013179627053840204
2607,0.40920000000000006,0.0076,0.32999999999999996,0.0432,0.088,0.08901907090464548,0.8388,0.054799999999999995,0.3272,0.4232,0.0004
2608,0.059199999999999996,0.006,0.4652,0.02992871287128713,0.0764,0.15709726334518512,0.9728943862987631,0.0496,0.260399603960396,0.30536886627793214,0.014364121097385135
2609,0.04279999999999999,0.26239999999999997,0.7580000000000001,0.048799999999999996,0.059199999999999996,0.1112,0.974,0.0036000000000000003,0.23779920792079207,0.1031231683168317,0.06998501478803812
2610,0.0932,0.0264,0.5744,0.0996,0.0128,0.11039999999999998,0.9129887725975262,0.0196,0.5654,0.238,0.023600000000000003
2611,0.22560000000000002,0.0856,0.7156,0.21799603960396036,0.0736,0.30941929181929184,0.8382606143705253,0.0784,0.49079881188118807,0.3867225296442688,0.028784885022949635
2612,0.28359999999999996,0.012,0.4208,0.11232871287128714,0.038400000000000004,0.24600000000000005,0.28138877259752615,0.04360000000000001,0.23079999999999998,0.057768227605369225,0.002
2613,0.1672,0.098,0.718,0.050962376237623765,0.038400000000000004,0.42671660472100575,0.4245663177925786,0.0712,0.565791287128713,0.39682995499549956,0.0028
2614,0.1616,0.088,0.8320000000000001,0.16477227722772278,0.08834361904761905,0.1840388517214923,0.7656764088519716,0.0984,0.776999603960396,0.178,0.017959385556908146
2615,0.4064,0.053200000000000004,0.5548,0.23230495049504948,0.04079999999999999,0.5446581435407841,0.7204943862987631,0.0492,0.3062,0.14864505928853755,0.0032
2616,0.013600000000000001,0.041999999999999996,0.8044,0.07075247524752476,0.018,0.08545787545787545,0.8640000000000001,0.0268,0.6517999999999999,0.0784,0.004
2617,0.0472,0.046400000000000004,0.40800000000000003,0.025176237623762376,0.048,0.06701907090464548,0.8804000000000001,0.0216,0.2571980198019802,0.29482785113293936,0.0036000000000000003
2618,0.008400000000000001,0.06520000000000001,0.5568000000000001,0.008776237623762376,0.05399999999999999,0.21999841609717202,0.6536943862987631,0.016400000000000005,0.5244,0.0392,0.0
2619,0.8423999999999999,0.10959999999999999,0.6008,0.02915247524752475,0.1192,0.2845935015269979,0.6034831588962891,0.0328,0.5099996039603961,0.2843225296442688,0.0248
2620,0.2084,0.03821732283464567,0.2524,0.0388,0.09999999999999999,0.2334707159724275,0.9756942965779467,0.018,0.5749988118811882,0.2729065988337964,0.013600000000000001
2621,0.0092,0.0008,0.4892,0.0088,0.0064,0.12221929181929184,0.7636000000000001,0.0008,0.244,0.05720000000000001,0.0
2622,0.238,0.18039999999999998,0.562,0.07352871287128712,0.06520000000000001,0.20052788151810158,0.9172,0.1996,0.33879881188118816,0.329290757249638,0.028800000000000003
2623,0.3068,0.18439999999999998,0.7636000000000001,0.05157623762376238,0.11640000000000002,0.671792570103083,0.6214963218083087,0.1452,0.600599603960396,0.2489682276053692,0.024
2624,0.18439999999999998,0.13720000000000002,0.5256000000000001,0.01832871287128713,0.2476,0.1726192918192918,0.9208942965779467,0.1612,0.3896,0.3880139255664697,0.009190009858692082
2625,0.5316000000000001,0.0896,0.7436,0.048633663366336635,0.0992,0.2926962381818128,0.7149887725975261,0.2132,0.48839920792079206,0.25986026220013303,0.008
2626,0.22519999999999998,0.14679999999999999,0.6812,0.029176237623762376,0.09,0.22761332951210705,0.5708270218839202,0.11439999999999999,0.524799603960396,0.46042657378781354,0.0092
2627,0.11599999999999999,0.35196955380577427,0.7464000000000001,0.04743366336633663,0.0392,0.2788124780951187,0.6604490280847861,0.48279999999999995,0.8056000000000001,0.059199999999999996,0.003595004929346041
2628,0.35120000000000007,0.22953910761154855,0.5436,0.06912871287128712,0.09559999999999999,0.22069606443542872,0.7493705259882857,0.1256,0.554,0.2384,0.0372
2629,0.10559999999999999,0.16760000000000003,0.39920000000000005,0.6133861386138614,0.1056,0.2479997914225312,0.946094386298763,0.045200000000000004,0.4389996039603961,0.16384569796110043,0.005189878409464345
2630,0.2772,0.22400000000000003,0.5264,0.03698613861386139,0.08519999999999998,0.17541907090464548,0.6246874568128128,0.124,0.41199960396039603,0.42410468281610775,0.0048000000000000004
2631,0.0708,0.09273862326842172,0.5115999999999999,0.044281188118811876,0.08759999999999998,0.3280769935307833,0.518830871196362,0.08479999999999999,0.182,0.05272316831683168,0.0004
2632,0.1712,0.0444,0.8328,0.08380990099009901,0.12793934426229508,0.2878955754378737,0.5909026232485448,0.0672,0.6927996039603961,0.08224505928853756,0.0024000000000000002
2633,0.2988,0.19519999999999998,0.7455999999999999,0.0439049504950495,0.11520000000000001,0.22816668607133153,0.7082606143705251,0.13119999999999998,0.5633988118811881,0.3644132868939068,0.0332
2634,0.07880000000000001,0.05756906946264745,0.38680000000000003,0.07560000000000001,0.0792,0.29905765454322913,0.6148942965779468,0.040400000000000005,0.3974,0.35952252964426873,0.0028
2635,0.4056,0.3019695538057743,0.74,0.071409900990099,0.024,0.5043598723471586,0.7764494766888678,0.19519999999999998,0.5063988118811882,0.3956913959222009,0.015989878409464343
2636,0.008400000000000001,0.007169553805774278,0.49960000000000004,0.011199999999999998,0.004,0.2557627043489908,0.7092,0.0088,0.5068,0.0088,0.0
2637,0.4391999999999999,0.008,0.23479999999999998,0.06921980198019802,0.056400000000000006,0.2738190709046455,0.37463824928639394,0.06280000000000001,0.643399207920792,0.172,0.0028
2638,0.15440000000000004,0.29159999999999997,0.7063999999999999,0.1704,0.0992,0.1897419159646557,0.8557887725975262,0.0924,0.24559999999999998,0.1572,0.01
2639,0.05,0.033600000000000005,0.48919999999999997,0.06760000000000001,0.0068000000000000005,0.08341907090464548,0.9547775451950523,0.0224,0.518,0.18560000000000001,0.010399999999999998
2640,0.05639999999999999,0.0,0.5488,0.0064,0.05960000000000001,0.0748383627239373,0.6272943862987631,0.0228,0.26760000000000006,0.026799999999999997,0.0
2641,0.358,0.2604,0.5231999999999999,0.1549224217997021,0.0344,0.2218195599022005,0.9208000000000001,0.3396,0.39560000000000006,0.3699231683168317,0.010400000000000001
2642,0.0316,0.059599999999999986,0.7856,0.03112871287128713,0.0404,0.11683858363858364,0.9283999999999999,0.008400000000000001,0.5931996039603961,0.0984,0.0016
2643,0.027199999999999995,0.0124,0.2928,0.0284,0.06999999999999999,0.0950579226261378,0.1936943862987631,0.028000000000000004,0.1704,0.0344,0.0
2644,0.0516,0.036800000000000006,0.9391999999999999,0.05385742574257426,0.08280000000000001,0.20265814354078415,0.5688,0.012400000000000001,0.6821976237623761,0.17096886627793215,0.0016
2645,0.010400000000000001,0.11040000000000001,0.9907999999999999,0.005200000000000001,0.09759999999999999,0.24127694636252092,0.22449429657794676,0.0028,0.9776,0.028000000000000004,0.01398975032851511
2646,0.23879999999999998,0.12840000000000001,0.7216,0.09015841584158414,0.057600000000000005,0.9330192918192918,0.9090831588962892,0.11400000000000002,0.6513984158415841,0.3023364552107385,0.008799999999999999
2647,0.4824,0.08800000000000001,0.6688000000000001,0.03860990099009901,0.2796,0.22883814180929093,0.9667999999999999,0.10200000000000001,0.6752,0.30481328689390674,0.009600000000000001
2648,0.27280000000000004,0.1988,0.5884,0.0744,0.1012,0.1694192918192918,0.7710830691754729,0.14200000000000002,0.433,0.35200000000000004,0.04239000985869208
2649,0.1832,0.0512,0.5248,0.027152475247524753,0.0432,0.09559999999999999,0.8744943862987631,0.0512,0.40079960396039604,0.1016,0.0016
2650,0.3116,0.1995695538057743,0.6312,0.2438019801980198,0.1224,0.20214101899264647,0.6943548212276557,0.2096,0.6359984158415841,0.29561328689390676,0.004
2651,0.0196,0.11436906946264744,0.6696000000000001,0.06475247524752475,0.015600000000000003,0.2963218670649002,0.848094386298763,0.1384,0.33459999999999995,0.07225962352757015,0.0004
2652,0.1136,0.1264,0.4524,0.008776237623762378,0.0864,0.13361164160479563,0.6096943862987632,0.05600000000000001,0.2923992079207921,0.3075358165381755,0.006
2653,0.46959999999999996,0.3367695538057743,0.828,0.14272871287128713,0.0908,0.21716006304119345,0.7449259752616557,0.22799999999999998,0.5404,0.5024,0.019179756818928688
2654,0.15960000000000002,0.11440000000000002,0.7356,0.0448,0.09079999999999999,0.16189623818181276,0.760192891072417,0.11440000000000002,0.7758,0.16224505928853755,0.05472403076706497
2655,0.6912,0.048400000000000006,0.8744,0.0184,0.1516,0.26927650453322827,0.9532,0.0636,0.8276,0.2789675889328064,0.0032
2656,0.0184,0.07799999999999999,0.7068000000000001,0.003976237623762377,0.047200000000000006,0.09101907090464548,0.3900943862987631,0.002,0.21779960396039605,0.41026026220013306,0.0
2657,0.1616,0.054000000000000006,0.6668,0.04519603960396039,0.0644,0.13927651687040576,0.8889887725975262,0.0204,0.6535988118811881,0.12144505928853755,0.022395004929346037
2658,0.0004,0.0,0.29919999999999997,0.014000000000000002,0.0004,0.07141929181929182,0.938,0.0,0.1672,0.049999999999999996,0.0004
2659,0.1888,0.048369553805774276,0.6228,0.04515247524752475,0.1076,0.011200000000000002,0.9460000000000001,0.164,0.4165996039603961,0.17512316831683167,0.0128
2660,0.126,0.0728,0.8756,0.058209900990099005,0.0964,0.25887721444542955,0.17018877259752618,0.057999999999999996,0.9083984158415841,0.055305960161233514,0.016399999999999998
2661,0.2864,0.20996955380577428,0.818,0.03415841584158415,0.1224,0.27051487959434306,0.8897887725975261,0.1212,0.5141988118811881,0.218490757249638,0.009184625492772668
2662,0.2052,0.0452,0.9495999999999999,0.009057425742574258,0.144,0.2725781539297432,0.4715775451950524,0.0992,0.9118,0.03200000000000001,0.0112
2663,0.27,0.13836906946264743,0.504,0.027128712871287125,0.0792,0.32283814180929093,0.10218877259752616,0.17279999999999998,0.7699988118811881,0.16468027991420586,0.007200000000000001
2664,0.38760000000000006,0.17996955380577428,0.6712,0.09218217821782176,0.1112,0.39413896438344154,0.7257887725975263,0.1648,0.4271976237623762,0.3934589848550072,0.025595004929346042
2665,0.3912,0.12279999999999999,0.6035999999999999,0.07787722772277225,0.09559999999999999,0.1652,0.8168313198004435,0.0728,0.6195952475247524,0.18826026220013303,0.0112
2666,0.36879999999999996,0.1847381389252949,0.4572,0.06348118811881188,0.054799999999999995,0.14571628708156828,0.6363101807802093,0.14400000000000002,0.5965992079207921,0.28272252964426875,0.007184755257861153
2667,0.3056,0.18159999999999998,0.5831999999999999,0.06514851485148512,0.024,0.17601137352188698,0.7805887725975262,0.12,0.4973976237623763,0.44381255899502997,0.03873874802815362
2668,0.124,0.09716955380577427,0.6496,0.11223632830572776,0.07756967213114754,0.18103137525338014,0.8337663177925785,0.02,0.44319801980198015,0.0860145642390326,0.008400000000000001
2669,0.0448,0.013999999999999999,0.6472,0.012,0.020399999999999998,0.11381929181929182,0.7117887725975262,0.0,0.248,0.07680000000000001,0.008400000000000001
2670,0.008400000000000001,0.06520000000000001,0.5568000000000001,0.008776237623762376,0.05399999999999999,0.21999841609717202,0.6536943862987631,0.016400000000000005,0.5244,0.0392,0.0
2671,0.29480000000000006,0.10200000000000001,0.4992,0.13018613861386139,0.0588,0.1577770815981085,0.7828943862987631,0.132,0.35379960396039606,0.45466026220013306,0.007579625369700954
2672,0.0684,0.0448,0.48,0.043976237623762376,0.029599999999999998,0.16463208516558153,0.8956,0.05840000000000001,0.5807984158415842,0.1313034054709819,0.0016
2673,0.34,0.192,0.6592,0.06,0.0724,0.1308,0.7674606143705252,0.16199999999999998,0.48020000000000007,0.3237682276053692,0.029199999999999997
2674,0.6876,0.008,0.47519999999999996,0.08740990099009902,0.020399999999999998,0.14683858363858363,0.8468,0.1288,0.5064,0.11599999999999999,0.0004
2675,0.05920000000000001,0.10396955380577429,0.4720000000000001,0.0236,0.0924,0.17781929181929182,0.7589663177925786,0.0264,0.496999603960396,0.2693682276053692,0.0028
2676,0.007600000000000001,0.0864,0.6392,0.060399999999999995,0.057999999999999996,0.2091038585429783,0.7008,0.002,0.268,0.060399999999999995,0.0008
2677,0.06319999999999999,0.19055869254875252,0.5972000000000002,0.0228,0.0524,0.19385765454322915,0.8128942965779468,0.0424,0.2386,0.11399999999999999,0.0024000000000000002
2678,0.3768,0.2444,0.7288,0.07275247524752476,0.086,0.20781770791646387,0.7382831588962893,0.22959999999999997,0.661199603960396,0.21536886627793214,0.0068000000000000005
2679,0.12120000000000002,0.08953910761154857,0.3184,0.007600000000000001,0.09880000000000001,0.08007677261613692,0.7911999999999999,0.1896,0.46720000000000006,0.4295999999999999,0.0008
2680,0.118,0.06716955380577427,0.4848,0.06745346534653465,0.09680000000000001,0.13273540515447607,0.9136943862987632,0.1032,0.7441992079207921,0.13864505928853757,0.0152
2681,0.2444,0.032708177074195995,0.8096,0.12319999999999989,0.0324,0.38740093321511415,0.5852943862987632,0.0216,0.6015358415841584,0.45079865690916937,0.0016
2682,0.0092,0.0,0.21480000000000002,0.03517623762376238,0.0016,0.0808383627239373,0.9339999999999999,0.010400000000000001,0.18280000000000002,0.05639999999999999,0.0092
2683,0.1304,0.1966472846857446,0.6444,0.041600000000000005,0.1332,0.37793535798621375,0.3904,0.1452,0.23079999999999998,0.35840000000000005,0.0012000000000000001
2684,0.66,0.06476955380577427,0.7507999999999999,0.013243564356435644,0.2467696721311475,0.24313562606912242,0.9168000000000001,0.0436,0.7381984158415842,0.29511724181113763,0.0036000000000000003
2685,0.10599999999999998,0.01883367698303767,0.7824000000000001,0.23515247524752475,0.0876,0.2984517394043067,0.9696,0.0156,0.6523996039603961,0.09776822760536924,0.008400000000000001
2686,0.1584,0.02796955380577427,0.7811999999999999,0.04143366336633663,0.0944,0.20927721444542963,0.6422607040913417,0.035199999999999995,0.49260000000000004,0.22544569796110045,0.015579758503067942
2687,0.019200000000000002,0.004399999999999999,0.5804,0.024257425742574258,0.0012000000000000001,0.07745765454322913,0.9963999999999998,0.0028,0.6241992079207921,0.016,0.0016
2688,0.21200000000000002,0.009600000000000001,0.23680000000000004,0.06681980198019802,0.0436,0.23909579635252004,0.4203775451950523,0.0376,0.24999920792079208,0.36,0.004000000000000001
2689,0.0312,0.0656,0.4484,0.0575049504950495,0.1288,0.10741929181929182,0.9004000000000001,0.0108,0.39580000000000004,0.26456822760536924,0.0092
2690,0.31399999999999995,0.14793910761154855,0.6012000000000001,0.0395049504950495,0.1044,0.4868624352555894,0.7191101807802094,0.22719999999999999,0.5475996039603961,0.24216886627793213,0.005200000000000001
2691,0.0232,0.004400000000000001,0.5524,0.016304950495049507,0.006,0.08243814180929095,0.9344286705202313,0.04479999999999999,0.34540000000000004,0.059085558642820814,0.0036000000000000003
2692,0.0476,0.1332,0.8632,0.0144,0.0548,0.1637409353003269,0.364,0.6888,0.42639999999999995,0.15216758893280632,0.0024000000000000002
2693,0.05,0.0816,0.666,0.012,0.1336,0.11825841162369281,0.5960000000000001,0.08320000000000001,0.31020000000000003,0.571879641241643,0.0064
2694,0.19039999999999999,0.0936,0.6072,0.06526732673267327,0.0712,0.188,0.8251999999999999,0.0428,0.2186,0.14472252964426877,0.012784883338810388
2695,0.06,0.0208,0.44639999999999996,0.03705742574257426,0.03560000000000001,0.08309628535007509,0.9052494766888678,0.09,0.3591984158415842,0.34262648456149963,0.0012000000000000001
2696,0.08600000000000001,0.14876955380577428,0.674,0.0132,0.005200000000000001,0.14047694636252092,0.8688943862987631,0.0264,0.432799207920792,0.34672252964426875,0.0168
2697,0.3696,0.3719695538057743,0.7876,0.048657425742574256,0.057999999999999996,0.6528710557033296,0.750260524649709,0.20400000000000001,0.48139960396039605,0.4116139255664697,0.027200000000000002
2698,0.11879999999999999,0.0644,0.6292,0.026776237623762376,0.08399999999999999,0.27019296536118054,0.8046829794546566,0.0108,0.1692,0.044722529644268774,0.010400000000000001
2699,0.23440000000000003,0.11439999999999999,0.5436,0.019200000000000002,0.0408,0.118,0.8534830691754729,0.1244,0.3805992079207921,0.3868145642390326,0.004794873480118304
2700,0.3472,0.406,0.72,0.04988118811881188,0.04556967213114754,0.4087168851410919,0.7238607040913415,0.2432,0.5793996039603961,0.3648145642390326,0.011200000000000002
2701,0.3808,0.1172,0.6104,0.02995247524752475,0.2312,0.0956383627239373,0.9800000000000001,0.07120000000000001,0.4955984158415842,0.3442589848550072,0.013600000000000001
2702,0.0024000000000000002,0.032,0.6719999999999999,0.018376237623762375,0.0468,0.16512208797954656,0.9804943862987632,0.084,0.5404,0.027999999999999997,0.0032
2703,0.13040000000000002,0.0602477690288714,0.2892,0.015528712871287131,0.1456,0.1702195599022005,0.38376622807176214,0.0256,0.15560000000000002,0.08120000000000001,0.0027948734801183043
2704,0.4391999999999999,0.3323695538057743,0.7552000000000001,0.057409900990099,0.11279999999999998,0.693708798075057,0.7807325458643407,0.21600000000000003,0.42499841584158415,0.40635101944977103,0.019184883338810386
2705,0.17679999999999998,0.16760000000000003,0.3767999999999999,0.04440000000000001,0.029599999999999994,0.12345814354078413,0.8181886828767098,0.24880000000000005,0.3304,0.18,0.033600000000000005
2706,0.3896,0.15796955380577432,0.8431999999999998,0.017599999999999998,0.09240000000000001,0.23679999999999998,0.9303775451950523,0.07999999999999999,0.5633992079207921,0.17145898485500727,0.021199999999999997
2707,0.3616,0.1956,0.624,0.032,0.11200000000000002,0.23051553000110453,0.876,0.1656,0.5269999999999999,0.23673709388330139,0.04079500492934605
2708,0.3004,0.08892501556571483,0.5720000000000001,0.10063366336633664,0.094,0.2475346952422747,0.37955858081928134,0.07519999999999999,0.48100000000000004,0.0824,0.0016
2709,0.48,0.16873910761154856,0.6432,0.09319999999999999,0.12279999999999999,0.25273491615692106,0.7496045670789725,0.30800000000000005,0.6077992079207921,0.2551231683168317,0.0124
2710,0.3116,0.13153910761154858,0.49240000000000006,0.24606999167206442,0.10640000000000001,0.1692743449432936,0.9607999999999999,0.06040000000000001,0.4814,0.21218215317183892,0.008000000000000002
2711,0.22760000000000002,0.20076955380577427,0.7427999999999999,0.0512,0.11920000000000001,0.16718372472135368,0.7854382492863939,0.046,0.558999603960396,0.38792252964426877,0.0084
2712,0.0392,0.01,0.646,0.008352475247524752,0.002,0.09749601726716642,0.9924,0.038799999999999994,0.24639722772277226,0.05256758893280632,0.0
2713,0.47119999999999995,0.0012000000000000001,0.6072,0.016281188118811882,0.0356,0.14203863080684595,0.8421663177925784,0.0316,0.4568,0.23960000000000004,0.016399999999999998
2714,0.4524,0.023969069462647444,0.6668000000000001,0.08206732673267325,0.0516,0.29294115621497324,0.7564494766888678,0.1292,0.39439881188118814,0.17345962352757013,0.0124
2715,0.12840000000000001,0.024399999999999998,0.4984,0.01592871287128713,0.035199999999999995,0.035419070904645474,0.8856943862987631,0.0216,0.31299960396039606,0.4218589848550073,0.0056
2716,0.03319999999999999,0.0664,0.6188,0.038376237623762376,0.0048000000000000004,0.1196772144454296,0.9369887725975261,0.0156,0.6945992079207921,0.10161328689390678,0.004399999999999999
2717,0.6188,0.09040000000000001,0.5672,0.0092,0.0628,0.2531354051544761,0.8173887725975263,0.1532,0.4206,0.4261695049504951,0.0104
2718,0.022,0.06559999999999999,0.628,0.02785742574257426,0.07880000000000001,0.07741955990220048,0.8812,0.0332,0.8188000000000001,0.061368866277932144,0.0108
2719,0.3408,0.13999999999999999,0.6588,0.057600000000000005,0.0472,0.2782708103089521,0.537060524649709,0.15,0.523799603960396,0.2201675889328063,0.029599999999999998
2720,0.0948,0.20590866141732284,0.978,0.1191247524752475,0.0416,0.19513524374526953,0.9844719314938155,0.07759999999999999,0.32999920792079207,0.03976822760536923,0.002
2721,0.3008,0.0688,0.6092,0.06270495049504951,0.041999999999999996,0.17505765454322914,0.5798607040913415,0.11679999999999999,0.6457992079207922,0.3616272124603765,0.004399999999999999
2722,0.014000000000000002,0.0472,0.9792,0.031576237623762375,0.1076,0.3077157980840132,0.0548,0.0092,0.9892,0.0236,0.0004
2723,0.2928,0.045169553805774275,0.4328,0.06799999999999999,0.11000000000000001,0.10621929181929182,0.9443999999999999,0.0032,0.2036,0.04024569796110046,0.0036000000000000003
2724,0.32080000000000003,0.2412,0.7024000000000001,0.02155247524752475,0.14640000000000003,0.2843734997955047,0.673294386298763,0.1608,0.49139920792079206,0.4362450592885375,0.0004
2725,0.1672,0.098,0.718,0.050962376237623765,0.038400000000000004,0.42671660472100575,0.4245663177925786,0.0712,0.565791287128713,0.39682995499549956,0.0028
2726,0.6556,0.17544776902887144,0.6332,0.06463366336633664,0.1668,0.3894724982162635,0.28258877259752613,0.19640000000000002,0.5371999999999999,0.3928278511329394,0.007200000000000001
2727,0.33520000000000005,0.012,0.764,0.023338613861386137,0.018,0.14941907090464548,0.9712,0.0412,0.503799603960396,0.07976886627793214,0.004400000000000001
2728,0.43479999999999996,0.0844,0.378,0.11599999999999999,0.0728,0.2058195599022005,0.8142831588962892,0.40359999999999996,0.3134,0.49559999999999993,0.04079487516425756
2729,0.052000000000000005,0.0716,0.6887999999999999,0.021176237623762372,0.027199999999999995,0.1340772144454296,0.903083069175473,0.023600000000000003,0.7407988118811881,0.06569075724963801,0.0184
2730,0.06000000000000001,0.021599999999999998,0.4720000000000001,0.009128712871287128,0.074,0.21101907090464547,0.5446875465336289,0.029599999999999998,0.424399603960396,0.051922529644268765,0.0
2731,0.1344,0.0852,0.4372,0.028800000000000003,0.1668,0.1328,0.7208,0.059199999999999996,0.44559999999999994,0.3812,0.0264
2732,0.3224,0.1708,0.6,0.08315247524752475,0.15799999999999997,0.33127699353078327,0.754660524649709,0.19440000000000002,0.6007992079207921,0.26376758893280633,0.0172
2733,0.13,0.029600000000000005,0.38039999999999996,0.10705742574257426,0.0,0.22949601726716642,0.9391999999999999,0.04,0.3467980198019802,0.36076686103392946,0.0
2734,0.2988,0.11399999999999999,0.5660000000000001,0.0668,0.12716967213114755,0.14313584698376874,0.8544,0.0628,0.49779960396039613,0.09392316831683167,0.0028
2735,0.05,0.02194341463414634,0.6096,0.0227049504950495,0.056400000000000006,0.06701907090464547,0.8352943862987632,0.004399999999999999,0.37259960396039604,0.16064505928853753,0.031200000000000006
2736,0.18760000000000002,0.1484,0.7163999999999999,0.21446732673267324,0.0744,0.2542554477850321,0.7465662280717622,0.0736,0.4891988118811882,0.30232252964426876,0.01599500492934604
2737,0.45600000000000007,0.0852,0.6376000000000002,0.03315247524752475,0.0512,0.23290257524560837,0.9628,0.0036000000000000003,0.25199960396039606,0.16864569796110046,0.004394873480118304
2738,0.3024,0.2747695538057743,0.6579999999999999,0.07632871287128713,0.0824,0.3123717411700463,0.6790831588962893,0.0744,0.30799960396039605,0.2030463366336634,0.0044
2739,0.0744,0.0412,0.5824,0.09197623762376236,0.3992,0.11025841162369279,0.9419999999999998,0.0848,0.6534000000000001,0.1744,0.008794873480118304
2740,0.7295999999999999,0.1392,0.8032,0.04098613861386139,0.0576,0.29807770344298457,0.0985230568189943,0.13319999999999999,0.4899996039603961,0.46296822760536926,0.0048000000000000004
2741,0.058399999999999994,0.08796955380577429,0.8308,0.5499287128712871,0.020399999999999995,0.2427607187863925,0.4953663177925785,0.15839999999999999,0.7514000000000001,0.13585834618244433,0.0008
2742,0.1608,0.086,0.5759999999999998,0.0328,0.0624,0.07141907090464547,0.8812,0.11480000000000001,0.3204,0.28680000000000005,0.0132
2743,0.44559999999999994,0.0336,0.5404,0.024376237623762377,0.06674361904761905,0.1368383627239373,0.9716000000000001,0.12840000000000001,0.5243992079207921,0.21296886627793216,0.0076
2744,0.35519999999999996,0.11240000000000001,0.3064,0.2049861386138614,0.0612,0.32215367181039556,0.6016,0.008,0.1937992079207921,0.19478078660039916,0.0
2745,0.0528,0.1191381389252949,0.984,0.04072871287128713,0.086,0.2214957963525201,0.06409438629876309,0.0412,0.9384,0.029200000000000004,0.002
2746,0.3076,0.05396906946264744,0.6148,0.04331485148514851,0.0632,0.11385841162369281,0.7496943862987632,0.0048000000000000004,0.45879999999999993,0.1032,0.011600000000000001
2747,0.1796,0.059599999999999986,0.44320000000000004,0.05795247524752475,0.0728,0.10553486898865874,0.8695999999999999,0.0792,0.47479999999999994,0.40679999999999994,0.06719500492934603
2748,0.30720000000000003,0.1504,0.6128,0.0899009900990099,0.09679999999999998,0.2326192918192918,0.6992492972472352,0.16079999999999997,0.5203996039603961,0.3636132868939068,0.03238988009360359
2749,0.20800000000000002,0.19359999999999997,0.7696,0.07392871287128713,0.1256,0.41971355908421926,0.5724985944944703,0.1648,0.6507980198019802,0.15312252964426878,0.0256
2750,0.042800000000000005,0.044,0.5664,0.03355247524752475,0.0744,0.15421907090464548,0.8379999999999999,0.0388,0.40079762376237615,0.18569011857707513,0.0
2751,0.1516,0.039569069462647447,0.9288000000000001,0.03484356435643564,0.09,0.35037372071015105,0.17018868287670985,0.10999999999999999,0.942,0.04360000000000001,0.008799999999999999
2752,0.3004,0.17544728468574455,0.6952,0.07764356435643563,0.05960000000000001,0.9389412060524543,0.8124,0.16840000000000002,0.6667988118811882,0.2404,0.016
2753,0.2352,0.3025564304461942,0.6996,0.19896237623762375,0.12,0.14603863080684595,0.9512943862987632,0.1976,0.547599207920792,0.3241682276053693,0.00879000985869208
2754,0.4816,0.1068,0.9372,0.0144,0.044000000000000004,0.35548103580330326,0.82562702188392,0.0988,0.47640000000000005,0.2055225296442688,0.0176
2755,0.0028,0.055999999999999994,0.31599999999999995,0.01672871287128713,0.0016,0.1652383627239373,0.6312,0.0,0.22399999999999998,0.024399999999999998,0.0
2756,0.0648,0.009600000000000001,0.4516,0.00841980198019802,0.0576,0.09461699800426246,0.8631775451950524,0.05800000000000001,0.48040000000000005,0.2684,0.0
2757,0.2664,0.0072,0.7844,0.024,0.1328,0.34250306424316346,0.09119999999999999,0.05600000000000001,0.6048,0.044399999999999995,0.003999999999999999
2758,0.0824,0.0344,0.7295999999999999,0.024,0.1748,0.09694142429788193,0.6301887725975261,0.0268,0.39519960396039605,0.4040913959222009,0.014000000000000002
2759,0.20400000000000001,0.024769553805774277,0.5231999999999999,0.5130412336808903,0.0848,0.16509601726716644,0.504094386298763,0.048799999999999996,0.4475992079207921,0.46907354909403987,0.0008
2760,0.44960000000000006,0.19,0.7572,0.07995247524752476,0.0844,0.08,0.8039550903901047,0.2212,0.5143996039603961,0.2167225296442688,0.0412
2761,0.0988,0.056400000000000006,0.31200000000000006,0.06988118811881189,0.05916967213114753,0.13045017807511694,0.607438249286394,0.030800000000000004,0.4126,0.14721456423903262,0.056400000000000006
2762,0.1036,0.10640000000000001,0.38,0.06115247524752476,0.0836,0.09745743362858278,0.8896943862987632,0.028800000000000003,0.261,0.3258609008726959,0.0004
2763,0.0008,0.0776,0.5464,0.0412,0.0024000000000000002,0.2075361150666774,0.9795999999999999,0.0008,0.3096,0.0256,0.0028
2764,0.2732,0.24159999999999998,0.7380000000000001,0.0652,0.0672,0.7101544760591215,0.8585887725975262,0.1972,0.5536000000000001,0.44959999999999994,0.015594873480118307
2765,0.20400000000000001,0.0288,0.47919999999999996,0.01435247524752475,0.036,0.07541907090464547,0.8291999999999999,0.0656,0.5122000000000001,0.11104505928853756,0.0112
2766,0.5508,0.1532,0.5892,0.04640000000000001,0.1336,0.1755221324785901,0.8415550903901046,0.3012,0.6216,0.5740000000000001,0.00599500492934604
2767,0.46080000000000004,0.029877246536843444,0.6656000000000001,0.008,0.0156,0.05073540515447607,0.9310831588962891,0.0668,0.42960000000000004,0.20800000000000002,0.0004
2768,0.31520000000000004,0.12673910761154855,0.6472,0.022752475247524752,0.076,0.17194744142030205,0.8776943862987631,0.126,0.392,0.1936,0.048
2769,0.33,0.192,0.6464000000000001,0.05948118811881188,0.13348296330991413,0.42087319320179956,0.5806830691754729,0.2912,0.532399603960396,0.23040000000000002,0.007200000000000001
2770,0.2508,0.16199999999999998,0.6564000000000001,0.04496237623762375,0.11480000000000001,0.33091553000110463,0.4670174431177574,0.15360000000000001,0.6853999999999999,0.1884278511329394,0.0024000000000000002
2771,0.0328,0.06960000000000001,0.5892,0.0352,0.0352,0.09763885172149231,0.9042607040913415,0.028399999999999998,0.5331972277227723,0.2917034054709819,0.005994875164257556
2772,0.08759999999999998,0.1271386232684217,0.9376,0.06272079207920792,0.08120000000000001,0.25487753936455937,0.22908315889628925,0.10400000000000001,0.9119999999999999,0.05914846475951944,0.0048000000000000004
2773,0.382,0.08120000000000001,0.5188,0.04957623762376238,0.10840000000000001,0.007200000000000001,0.7395775451950523,0.18198526980309634,0.4727988118811881,0.34865962352757013,0.05838462212449417
2774,0.2404,0.0232,0.6436,0.056400000000000006,0.0516,0.20981874541701367,0.8113887725975262,0.11040000000000001,0.4324,0.1548,0.0
2775,0.2548,0.1492,0.606,0.06197623762376238,0.0324,0.4105756591842181,0.8687999999999999,0.128,0.5565996039603961,0.2688913959222009,0.0348
2776,0.1956,0.2191695538057743,0.738,0.004399999999999999,0.018,0.1286960172671664,0.7145663177925785,0.0796,0.32199920792079206,0.18,0.0032
2777,0.10840000000000001,0.05104680034261773,0.7592000000000001,0.0779049504950495,0.038400000000000004,0.1922957963525201,0.22616631779257848,0.08480000000000001,0.512598811881188,0.05776421711736392,0.0032
2778,0.23479999999999998,0.09079999999999999,0.7243999999999999,0.05390495049504951,0.0996,0.002,0.5904213101409848,0.08399999999999999,0.6804,0.2066456979611005,0.016800000000000002
2779,0.016399999999999998,0.0016,0.1708,0.016,0.0444,0.12305792262613777,0.19428315889628928,0.0068000000000000005,0.11880000000000002,0.0412,0.0
2780,0.38,0.0624,0.6103999999999999,0.05015841584158415,0.0656,0.2184383627239373,0.6577259752616557,0.0748,0.5809992079207922,0.19434974210464523,0.0024000000000000002
2781,0.034,0.059539107611548556,0.5700000000000001,0.1187049504950495,0.023200000000000002,0.13745814354078414,0.8380000000000001,0.012,0.5731999999999999,0.07712316831683168,0.0004
2782,0.42960000000000004,0.1336,0.6028,0.0903009900990099,0.11040000000000001,0.1876,0.8336310506379945,0.078,0.5759968316831683,0.1696145642390326,0.012400000000000001
2783,0.1936,0.11036955380577426,0.6287999999999999,0.018752475247524752,0.08679999999999999,0.11727748252833829,0.5972,0.16760000000000003,0.5307976237623763,0.24245570226587873,0.0032
2784,0.8192,0.0332,0.6931999999999999,0.013576237623762376,0.05920000000000001,0.2873400291478342,0.8451550903901047,0.0344,0.4368,0.27850276679841895,0.0028
2785,0.057999999999999996,0.024,0.5384,0.061857425742574246,0.0036000000000000003,0.12123858363858364,0.884471752052183,0.01,0.4613980198019802,0.09480000000000001,0.002
2786,0.2444,0.16040000000000001,0.7212000000000001,0.06392871287128712,0.1348,0.9610313752533802,0.5706241211520443,0.11520000000000001,0.6261996039603961,0.1911225296442688,0.018
2787,0.064,0.0348,0.46719999999999995,0.027904950495049506,0.009200000000000002,0.09287672544787459,0.8004,0.0068000000000000005,0.6223968316831682,0.029767588932806326,0.0004
2788,0.056400000000000006,0.032,0.8812,0.056019801980198014,0.06999999999999999,0.3836126195999056,0.11898868287670986,0.06920000000000001,0.219199603960396,0.5214463366336634,0.00359500492934604
2789,0.11400000000000002,0.11040000000000001,0.5076,0.19752871287128712,0.1424,0.09461907090464547,0.591294386298763,0.0076,0.41959841584158414,0.1988913959222009,0.0
2790,0.1296,0.0728,0.4548,0.12999207920792077,0.0216,0.13310734362079107,0.8292719314938154,0.0624,0.5283980198019803,0.2718834641725042,0.0084
2791,0.1468,0.11679999999999999,0.6476,0.040799999999999996,0.0412,0.15775144983798353,0.836710091059393,0.1052,0.6442000000000001,0.35552316831683173,0.010779889952295677
2792,0.21880000000000002,0.10276955380577428,0.6188,0.0128,0.13756967213114754,0.38188215635917755,0.6409662280717622,0.10839999999999998,0.4544,0.2312,0.0248
2793,0.14400000000000002,0.1703727845945862,0.48999999999999994,0.0528,0.016800000000000002,0.12567726161369192,0.7180943862987631,0.0452,0.3769996039603961,0.2512,0.005994873480118306
2794,0.0028,0.0004,0.5184,0.009976237623762377,0.0016,0.0700383627239373,0.998,0.0,0.32680000000000003,0.033600000000000005,0.0064
2795,0.3412,0.20839999999999997,0.6447999999999999,0.07406732673267327,0.0744,0.17621907090464548,0.7539818431115758,0.08680000000000002,0.6465964356435643,0.13121392556646966,0.031599999999999996
2796,0.0032,0.0008,0.7163999999999999,0.016,0.0016,0.1816383627239373,0.9827999999999999,0.0008,0.2112,0.0924,0.0004
2797,0.244,0.33,0.6592,0.030114851485148513,0.17880000000000001,0.36832289720602684,0.4372,0.2476,0.581799603960396,0.26904505928853756,0.0196
2798,0.44320000000000004,0.1308,0.7455999999999999,0.0459049504950495,0.0528,0.1078438211069018,0.8876,0.25,0.5980000000000001,0.34616886627793214,0.0084
2799,0.3376,0.12956955380577428,0.8368,0.06513137781067826,0.1568,0.4299744777906147,0.7032719314938154,0.059199999999999996,0.6329968316831683,0.18674782608695653,0.0056
2800,0.22599999999999998,0.28996906946264744,0.6404,0.05129108910891089,0.05800000000000001,0.4484547850410932,0.8708943862987631,0.146,0.4732,0.4727383712284272,0.013979627053840205
2801,0.1052,0.14233910761154855,0.6588,0.03595514018691589,0.1923696721311475,0.10223088625582513,0.7723775451950523,0.1016,0.499,0.198,0.0
2802,0.148,0.08227821522309711,0.7011999999999999,0.10157623762376237,0.10640000000000001,0.20203863080684595,0.20178877259752617,0.0576,0.4911999999999999,0.12672316831683167,0.0088
2803,0.2024,0.3543695538057743,0.77,0.10790495049504949,0.0856,0.2313245701866729,0.6828718417729991,0.10600000000000001,0.32720000000000005,0.5235999999999998,0.01039500492934604
2804,0.4796,0.1244,0.7331999999999999,0.012399999999999998,0.0772,0.2306824636026922,0.8075999999999999,0.1868,0.345,0.4131231683168317,0.023595004929346037
2805,0.3168,0.0848,0.11480000000000001,0.01691485148514851,0.0824,0.24571611333518426,0.7848943862987631,0.1156,0.4208,0.22954910343208237,0.0032
2806,0.2832,0.40796955380577427,0.7036,0.0356,0.1404,0.24055442889085926,0.7331775451950524,0.1212,0.39959881188118807,0.49369011857707507,0.018
2807,0.32920000000000005,0.1764,0.592,0.10566732673267328,0.0428,0.04523911980440097,0.902494386298763,0.24,0.6035999999999999,0.27016822760536924,0.0104
2808,0.3056,0.2619391076115486,0.6884,0.054352475247524755,0.0784,0.7627353579862138,0.8756,0.1996,0.45120000000000005,0.28976822760536924,0.019999999999999997
2809,0.0012000000000000001,0.0536,0.4084,0.06352871287128713,0.029199999999999997,0.0832383627239373,0.9228,0.0,0.21679999999999996,0.08753517786561264,0.0024000000000000002
2810,0.0352,0.15,0.966,0.0472,0.1008,0.2622574336285828,0.22376613835094586,0.0392,0.8889996039603961,0.0568,0.015200000000000002
2811,0.2028,0.098,0.8632,0.13440000000000002,0.0372,0.1974972633451851,0.539694386298763,0.05800000000000001,0.5784,0.075290757249638,0.0028
2812,0.31160000000000004,0.0644,0.5084000000000001,0.033928712871287126,0.057999999999999996,0.15451655516447693,0.910094386298763,0.3184,0.38759960396039606,0.1944,0.22396964028081082
2813,0.07680000000000001,0.026000000000000002,0.682,0.012400000000000001,0.0496,0.1016,0.6808,0.0412,0.282,0.06360000000000002,0.0032
2814,0.09840000000000002,0.07360000000000001,0.4904,0.05995247524752475,0.0344,0.13181955990220048,0.767483069175473,0.024,0.406599603960396,0.1964,0.0024000000000000002
2815,0.012,0.020399999999999998,0.7476,0.0881861386138614,0.034,0.21061929181929182,0.8644717520521826,0.021599999999999998,0.49459920792079204,0.059199999999999996,0.0004
2816,0.4779999999999999,0.7337544930736869,0.9712,0.08126732673267326,0.10632099644128115,0.4455086492042496,0.74162702188392,0.44719999999999993,0.47300000000000003,0.12713709388330138,0.0056
2817,0.09640000000000001,0.0132,0.8263999999999999,0.0124,0.0216,0.21725142415313567,0.3317214081826832,0.2016,0.40779999999999994,0.45920000000000005,0.0012000000000000001
2818,0.328,0.3252,0.7908000000000002,0.08945742574257425,0.07680000000000001,0.9560000000000001,0.600785782144834,0.1544,0.5477996039603961,0.25592252964426876,0.05
2819,0.1504,0.008400000000000001,0.516,0.07298613861386138,0.084,0.2118579226261378,0.4870606143705253,0.1724,0.2888,0.08,0.009174500533958508
2820,0.2324,0.055200000000000006,0.49879999999999997,0.07400000000000001,0.0704,0.13083863080684596,0.9491999999999999,0.0496,0.617798811881188,0.1563225296442688,0.0056
2821,0.2,0.004,0.5504,0.0396,0.0012000000000000001,0.186,0.6968,0.005599999999999999,0.29440000000000005,0.1252,0.0068000000000000005
2822,0.005200000000000001,0.0248,0.5212,0.009576237623762376,0.0004,0.08923836272393729,0.992,0.0004,0.2404,0.024,0.0
2823,0.3012,0.18196955380577426,0.7732,0.031576237623762375,0.0764,0.18223845944872838,0.764188772597526,0.098,0.295399603960396,0.2492,0.0024000000000000002
2824,0.1488,0.1896,0.7752000000000001,0.060281188118811876,0.14796967213114756,0.26172770777171755,0.6696494766888678,0.07680000000000001,0.6861988118811881,0.12112252964426877,0.0028
2825,0.17040000000000002,0.16519348200740996,0.5604,0.01,0.0884,0.25885110890196467,0.9012,0.0008,0.7081980198019803,0.14952316831683168,0.0
2826,0.4312,0.15560000000000002,0.72,0.0560910891089109,0.09840000000000002,0.33399999999999996,0.7361971889889405,0.0956,0.6497996039603959,0.22376822760536924,0.0128
2827,0.3764,0.21479999999999996,0.5088,0.171009900990099,0.14,0.18833508990330508,0.8748000000000001,0.1348,0.4622,0.23776886627793217,0.0164
2828,0.5196,0.0172,0.6248000000000001,0.006186138613861386,0.12840000000000001,0.24091530908645825,0.9308,0.08320000000000001,0.748,0.27049075724963795,0.002
2829,0.1592,0.0816,0.7172000000000001,0.01355247524752475,0.0696,0.3188388517214923,0.6799594780274445,0.0456,0.5087999999999999,0.18919999999999998,0.009995004929346041
2830,0.03,0.0124,0.3296,0.08428118811881188,0.0196,0.08381929181929182,0.8684943862987631,0.0996,0.3217992079207921,0.03762785113293938,0.0012000000000000001
2831,0.7236,0.8922463159994909,0.9512,0.12684356435643565,0.10512099644128114,0.3763339033307262,0.8568719314938156,0.704,0.21439960396039606,0.01896886627793214,0.006
2832,0.21279999999999996,0.19233910761154854,0.6748000000000001,0.015386138613861386,0.055600000000000004,0.25891579808401327,0.7940000000000002,0.10159999999999998,0.5703992079207921,0.25144505928853755,0.007584751889582649
2833,0.642,0.046,0.47800000000000004,0.15096237623762376,0.1052,0.35450235166174326,0.8118831588962893,0.14320000000000002,0.6229988118811882,0.1416913959222009,0.005200000000000001
2834,0.020800000000000003,0.11600000000000002,0.6968000000000001,0.04228118811881189,0.0288,0.14687694636252097,0.918683069175473,0.011199999999999998,0.5997972277227722,0.09816886627793216,0.0064
2835,0.008799999999999999,0.0,0.1972,0.009576237623762376,0.0016,0.0772383627239373,0.9352,0.010400000000000001,0.1812,0.057999999999999996,0.0092
2836,0.007600000000000001,0.0404,0.5592,0.059128712871287126,0.05476967213114754,0.15983110717047147,0.7968,0.0032,0.28080000000000005,0.07999999999999999,0.008000000000000002
2837,0.16799999999999998,0.06796955380577427,0.7,0.04065346534653465,0.04920000000000001,0.3400239459535303,0.3573887725975261,0.0804,0.5679837623762377,0.36445908347356476,0.002
2838,0.1568,0.05670817707419601,0.5712,0.030257425742574263,0.038799999999999994,0.19091557716936694,0.8388943862987631,0.128,0.5083980198019802,0.14133508863929872,0.0068000000000000005
2839,0.2572,0.28436906946264745,0.7008,0.0248,0.04920000000000001,0.5956688383286557,0.7858831588962892,0.1468,0.533,0.4016,0.02
2840,0.1196,0.0048000000000000004,0.18960000000000002,0.013600000000000001,0.07719999999999999,0.13345792262613781,0.2235775451950523,0.0252,0.14839999999999998,0.05800000000000001,0.0
2841,0.5151999999999999,0.024399999999999998,0.5656000000000001,0.07976237623762375,0.0216,0.09837301079794966,0.9348719314938154,0.041999999999999996,0.5325992079207921,0.16319999999999998,0.0012000000000000001
2842,0.0516,0.07959999999999999,0.6344000000000001,0.10166732673267327,0.18280000000000002,0.4411354051544761,0.43114069309330605,0.072,0.1508,0.0228,0.0008
2843,0.041999999999999996,0.04240000000000001,0.5808,0.0192,0.0256,0.12381955990220048,0.8781886828767098,0.0196,0.37679999999999997,0.096,0.0
2844,0.6084,0.0872,0.4276,0.028000000000000004,0.09359999999999999,0.09611535625472056,0.9427775451950524,0.292,0.5466,0.5112,0.04279999999999999
2845,0.026399999999999996,0.048799999999999996,0.9148,0.01995247524752475,0.0612,0.1915216434810351,0.058399999999999994,0.0216,0.21259999999999998,0.0216145642390326,0.002
2846,0.2112,0.0056,0.7064,0.01152871287128713,0.0144,0.12581907090464547,0.9536,0.084,0.6713996039603961,0.1719231683168317,0.012
2847,0.35760000000000003,0.0264,0.5900000000000001,0.03453861386138614,0.06399999999999999,0.18719999999999998,0.6932540437678403,0.08320000000000001,0.5201992079207921,0.20122657378781356,0.004399999999999999
2848,0.32720000000000005,0.20279999999999995,0.6308,0.13265742574257428,0.07992099644128113,0.30109704243053875,0.6270607040913416,0.1484,0.6112,0.19872252964426879,0.022800000000000004
2849,0.2932,0.0964,0.7504,0.07108118811881188,0.11120000000000001,0.09127748252833827,0.5192704279465873,0.11040000000000001,0.5381992079207921,0.23159999999999997,0.016
2850,0.29080000000000006,0.37279999999999996,0.6756,0.030376237623762375,0.1092,0.15891508817181188,0.630894386298763,0.1936,0.5616,0.6504,0.04199500492934604
2851,0.11599999999999999,0.019200000000000002,0.44400000000000006,0.1390059405940594,0.004000000000000001,0.13110734362079107,0.8615999999999999,0.0528,0.5405980198019803,0.2091172418111376,0.0004
2852,0.0852,0.0092,0.6796,0.041999999999999996,0.013600000000000001,0.08665819070904647,0.8088000000000001,0.014000000000000002,0.28480000000000005,0.1568,0.0028
2853,0.1256,0.022399999999999996,0.5584,0.07670099009900991,0.0612,0.19596045070348383,0.7693978170346548,0.1332,0.515798811881188,0.12290404414354479,0.0016
2854,0.2096,0.059969553805774276,0.2904,0.5211762376237624,0.2152,0.30513638314958613,0.9331999999999999,0.074,0.6359999999999999,0.13096822760536925,0.0064
2855,0.2712,0.1572,0.702,0.07952871287128713,0.156,0.4772779715258933,0.4383629684566211,0.1476,0.5391999999999999,0.192,0.029200000000000004
2856,0.1964,0.2175695538057743,0.6315999999999999,0.1052,0.11320000000000001,0.20065743362858277,0.9324,0.0684,0.5208,0.1964913959222009,0.01
2857,0.27880000000000005,0.1444,0.6908000000000001,0.024752475247524754,0.0116,0.2814923112747073,0.9415550903901048,0.05920000000000001,0.4768,0.3204,0.01039500492934604
2858,0.16,0.0668,0.5688,0.0116,0.005599999999999999,0.10661907090464547,0.9007999999999999,0.010400000000000001,0.2808,0.26912252964426875,0.004399999999999999
2859,0.5588,0.02,0.356,0.009481188118811882,0.0424,0.3658321323338438,0.2760764985727879,0.41720000000000007,0.5628,0.2536,0.0092
2860,0.4276,0.06,0.7172000000000001,0.0035762376237623767,0.192,0.09781907090464548,0.906,0.0644,0.46679960396039605,0.09016758893280633,0.0024000000000000002
2861,0.19920000000000002,0.1572,0.6992,0.044399999999999995,0.23596967213114756,0.7812381418092909,0.46386464312459985,0.07120000000000001,0.3792,0.21919999999999998,0.0204
2862,0.23679999999999998,0.13840000000000002,0.6796,0.10637623762376239,0.13072099644128116,0.166721459090446,0.9168000000000001,0.11000000000000001,0.4984,0.17352316831683168,0.013595004929346038
2863,0.0032,0.0196,0.42919999999999997,0.09953628318584071,0.013600000000000001,0.0916383627239373,0.8444942965779466,0.2116,0.5154,0.05960000000000001,0.0
2864,0.064,0.0328,0.5516,0.05917227722772277,0.014800000000000002,0.16941929181929183,0.805694386298763,0.0504,0.3401988118811881,0.18613990344177603,0.0008
2865,0.9244,0.07513910761154856,0.9272,0.0128,0.1308,0.1594576545432291,0.994,0.0152,0.576,0.16999999999999998,0.010400000000000001
2866,0.1336,0.19160000000000002,0.9023999999999999,0.22138217821782175,0.10200000000000001,0.3687479775861194,0.8220719314938154,0.1548,0.636599603960396,0.10945898485500724,0.005200000000000001
2867,0.0352,0.0184,0.5576,0.0344,0.0112,0.11615442889085921,0.9272,0.0132,0.1386,0.1816,0.0028
2868,0.0028,0.06920000000000001,0.5804,0.04357623762376238,0.0048000000000000004,0.17523858363858366,0.9475999999999999,0.0,0.1948,0.059199999999999996,0.024
2869,0.3024,0.29516955380577425,0.8092,0.09599999999999999,0.1356,0.2758963325183374,0.7220943862987631,0.1848,0.47040000000000004,0.3539231683168317,0.027994875164257554
2870,0.13840000000000002,0.07356955380577428,0.6852,0.07706499605712783,0.16040000000000001,0.5714584711291326,0.5485299142949138,0.10999999999999999,0.45,0.20024505928853756,0.0076
2871,0.2576,0.12793862326842173,0.6584,0.04035247524752475,0.09319999999999999,0.345638630806846,0.7766382492863938,0.148,0.5401980198019803,0.3174735490940398,0.004399999999999999
2872,0.40759999999999996,0.16,0.4444,0.0236,0.0792,0.3157803826930764,0.08418877259752616,0.22640000000000002,0.7565984158415843,0.1843571115973742,0.004000000000000001
2873,0.2916,0.0092,0.18880000000000002,0.054257425742574264,0.1388,0.23323814180929095,0.6056494766888678,0.16560000000000002,0.38359920792079205,0.3380901185770751,0.0048000000000000004
2874,0.168,0.0364,0.5056,0.041528712871287135,0.026000000000000006,0.09383115433873382,0.7525887725975262,0.060399999999999995,0.5637988118811881,0.30896886627793213,0.0052
2875,0.0612,0.029599999999999998,0.23160000000000003,0.006,0.08680000000000002,0.16145770171149146,0.3256,0.0128,0.7041999999999999,0.07384569796110046,0.0
2876,0.017599999999999998,0.132,0.5296000000000001,0.018400000000000003,0.0328,0.13433535798621374,0.8700943862987632,0.0048000000000000004,0.32999999999999996,0.38360000000000005,0.0024000000000000002
2877,0.3264,0.0316,0.5995999999999999,0.02395247524752475,0.04,0.1868,0.939294386298763,0.05,0.6880000000000001,0.13072316831683167,0.0084
2878,0.3304,0.30716955380577426,0.7368,0.029199999999999997,0.0624,0.20768880888196292,0.7708,0.1908,0.521199207920792,0.29664569796110046,0.015579625369700954
2879,0.392,0.22716955380577425,0.7744,0.06098217821782178,0.1628,0.30683885172149233,0.45077754519505236,0.0776,0.48239960396039605,0.3223364552107385,0.009989878409464343
2880,0.8804000000000001,0.0032,0.1768,0.008,0.0284,0.1530579226261378,0.8593663177925783,0.20400000000000001,0.4368,0.2718456979611005,0.004
2881,0.0024000000000000002,0.0028,0.6020000000000001,0.07117227722772276,0.0108,0.078,0.8880000000000001,0.002,0.2412,0.06359999999999999,0.0032
2882,0.43,0.2555695538057743,0.8452,0.05672871287128713,0.08719999999999999,0.19899137179039378,0.594,0.11159999999999999,0.5563984158415842,0.2771231683168317,0.0032
2883,0.3564,0.0588,0.5952,0.0423049504950495,0.03799999999999999,0.16065841162369282,0.5730607040913416,0.1984,0.4215996039603961,0.2564901185770751,0.0076
2884,0.2068,0.0924,0.7928000000000001,0.3470534653465355,0.040799999999999996,0.3385354547110049,0.6584943862987631,0.07039999999999999,0.525122376237624,0.5280618447931751,0.0
2885,0.12079999999999999,0.14479999999999998,0.43199999999999994,0.09338613861386139,0.0608,0.08381929181929183,0.8084943862987632,0.07880000000000001,0.37459366336633665,0.1831457316166399,0.03431903232813251
2886,0.2352,0.2183695538057743,0.7764,0.12169108910891088,0.1384,0.3271226291231181,0.644754910948472,0.10840000000000001,0.5255972277227723,0.24275165812233399,0.024
2887,0.0596,0.1464,0.8484,0.04755247524752475,0.057600000000000005,0.15757256896865698,0.9813438629876309,0.028000000000000004,0.38079999999999997,0.056799999999999996,0.0
2888,0.08479999999999999,0.15399999999999997,0.8351999999999998,0.032776237623762375,0.046264615488900186,0.24314473801757702,0.5348943862987632,0.2664,0.49239920792079206,0.17296886627793215,0.0064
2889,0.0116,0.025539107611548557,0.6123999999999999,0.022799999999999997,0.0172,0.0996383627239373,0.9964000000000001,0.004,0.2712,0.048,0.0
2890,0.17720000000000002,0.27,0.7667999999999999,0.044,0.05800000000000001,0.9032508754489195,0.8096494766888679,0.134,0.4718,0.3684,0.014000000000000002
2891,0.12840000000000001,0.11080000000000001,0.3024,0.04240000000000001,0.0372,0.12421929181929184,0.8020942965779467,0.1916,0.34520000000000006,0.1504,0.0408
2892,0.28640000000000004,0.04240000000000001,0.4088,0.09077623762376238,0.0188,0.1642581435407841,0.688,0.038,0.3656,0.14712252964426878,0.0064
2893,0.0616,0.025999999999999995,0.44560000000000005,0.05512871287128712,0.0228,0.10803814180929094,0.17360000000000003,0.08080000000000001,0.6151984158415841,0.15378406918952764,0.0016
2894,0.0524,0.06799999999999999,0.47519999999999996,0.04755247524752475,0.1456,0.24927797152589326,0.2868,0.053599999999999995,0.7864,0.135781514499276,0.006784623808633416
2895,0.5224,0.052277730879970286,0.28240000000000004,0.019881188118811878,0.0992,0.42509579635252004,0.33146070409134165,0.324,0.736999603960396,0.11752252964426876,0.004000000000000001
2896,0.058800000000000005,0.0484,0.6392,0.0716,0.0372,0.10861907090464547,0.9034831588962893,0.0624,0.7576,0.198,0.001994875164257556
2897,0.01,0.002369553805774278,0.45640000000000003,0.0451049504950495,0.005599999999999999,0.1064383627239373,0.9304,0.007999999999999998,0.29079960396039606,0.03401392556646969,0.0004
2898,0.16839999999999997,0.1716,0.7612,0.08025346534653464,0.07680000000000001,0.3151350899033051,0.637792891072417,0.062,0.5391999999999999,0.2087225296442688,0.021599999999999998
2899,0.166,0.1784,0.8712,0.4368,0.126,0.34327748252833823,0.4508912735652812,0.0944,0.8992000000000001,0.0508,0.016
2900,0.0192,0.08879999999999999,0.7899999999999999,0.031599999999999996,0.1028,0.1055354523227384,0.8352,0.005200000000000001,0.12080000000000002,0.6300000000000001,0.0032
2901,0.4152,0.09040000000000001,0.5691999999999999,0.09465742574257426,0.1056,0.2926968338530699,0.4942650917286813,0.33279999999999993,0.5973992079207922,0.2936913959222009,0.00439000985869208
2902,0.26280000000000003,0.2052,0.7208,0.004,0.33595391068279823,0.0748,0.9339999999999999,0.15,0.29960000000000003,0.1636,0.0016
2903,0.19360000000000002,0.1276,0.5648,0.04557623762376238,0.16839999999999997,0.20843836272393731,0.5886831588962893,0.0808,0.7239988118811881,0.15418279184440184,0.009600000000000001
2904,0.2136,0.11760000000000001,0.7575999999999999,0.2009148514851485,0.022399999999999996,0.1733163342498306,0.9576,0.0428,0.20019643564356437,0.062103405470981886,0.0028
2905,0.057199999999999994,0.028000000000000004,0.508,0.026962376237623757,0.09119999999999999,0.36400000000000005,0.6303323664227081,0.0428,0.13240000000000002,0.06520000000000001,0.00199500492934604
2906,0.31639999999999996,0.17159999999999997,0.7368,0.037576237623762374,0.1008,0.2669157980840132,0.6985930705140496,0.1116,0.6865988118811881,0.10793709388330137,0.0172
2907,0.0164,0.0792,0.7595999999999999,0.06432871287128712,0.0012000000000000001,0.08091606616692192,0.9764943862987632,0.0064,0.6181992079207921,0.0228,0.0
2908,0.8576,0.0484,0.6956,0.06790495049504951,0.0372,0.06861929181929181,0.9004,0.0528,0.1892,0.134,0.0772
2909,0.18680000000000002,0.11310866141732283,0.7588000000000001,0.03435247524752475,0.1608,0.13327721444542961,0.8380000000000001,0.126,0.5513999999999999,0.10032252964426877,0.011200000000000002
2910,0.35879999999999995,0.12479999999999998,0.4468,0.11079999999999998,0.045599999999999995,0.0948,0.8977438629876309,0.2932,0.2928,0.5576000000000001,0.0091847535737219
2911,0.30720000000000003,0.23476906946264742,0.8276,0.08505742574257426,0.0972,0.4214926115992131,0.7323146581383655,0.22640000000000002,0.4524000000000001,0.3404278511329394,0.009995004929346043
2912,0.36800000000000005,0.10393910761154856,0.488,0.170819801980198,0.0728,0.22215540688596924,0.662494386298763,0.15799999999999997,0.19919960396039604,0.29387227174891406,0.00599500492934604
2913,0.5271999999999999,0.0324,0.604,0.08675247524752475,0.21599999999999997,0.20163863080684594,0.8233887725975262,0.11839999999999999,0.6386000000000001,0.19376886627793216,0.0264
2914,0.44320000000000004,0.062,0.6144000000000001,0.04279999999999999,0.048,0.20109704243053877,0.8498607040913415,0.3912,0.18859999999999996,0.4843231683168317,0.006389746960236609
2915,0.0884,0.0172,0.546,0.037599999999999995,0.0664,0.14461929181929184,0.6264943862987631,0.0868,0.41079999999999994,0.06232252964426878,0.002
2916,0.18359999999999999,0.0896,0.44800000000000006,0.038400000000000004,0.0416,0.1923216434810351,0.877294386298763,0.0612,0.31520000000000004,0.3248,0.0024000000000000002
2917,0.2756,0.07470866141732282,0.4580000000000001,0.0424,0.126,0.21021907090464548,0.7127773657534197,0.1724,0.3782,0.36064633663366336,0.0036000000000000003
2918,0.1336,0.09080000000000002,0.6808,0.05148118811881188,0.08399999999999999,0.21935464980550554,0.6062831588962891,0.0884,0.6355928712871287,0.2641623010996751,0.0044
2919,0.1764,0.19276955380577426,0.6872,0.0156,0.009600000000000001,0.17695389272504186,0.840494386298763,0.0684,0.5368,0.2912,0.0216
2920,0.014000000000000002,0.05113862326842172,0.7984,0.03315247524752475,0.014799999999999999,0.10043815414646846,0.8309887725975262,0.0092,0.5232,0.10672252964426879,0.0068000000000000005
2921,0.26680000000000004,0.14800000000000002,0.18639999999999998,0.08444356435643563,0.18466461548890017,0.4241014284818686,0.42506043492889256,0.18519999999999998,0.5359999999999999,0.1908,0.013594875164257555
2922,0.4508,0.31276955380577426,0.6668000000000001,0.1567049504950495,0.0284,0.6544303697932059,0.7579775451950523,0.2536,0.4447988118811881,0.43545962352757017,0.018
2923,0.252,0.08156955380577428,0.6752,0.031667326732673265,0.027200000000000002,0.20629645909645905,0.7653887725975261,0.10400000000000001,0.5699996039603961,0.1680913959222009,0.0064
2924,0.45199999999999996,0.036,0.0672,0.057552475247524756,0.132,0.27301810524671294,0.26962702188392007,0.1836,0.8931999999999999,0.1432,0.005200000000000001
2925,0.019200000000000002,0.0632,0.396,0.0687049504950495,0.0464,0.12105792262613779,0.8768,0.0232,0.19999881188118812,0.08010596016123353,0.002
2926,0.1496,0.1524,0.5352,0.05058613861386139,0.06559999999999999,0.12705819070904645,0.974,0.059199999999999996,0.0588,0.8130450592885377,0.030784885022949633
2927,0.39039999999999997,0.25433910761154854,0.5568,0.06675247524752476,0.11679999999999999,0.3542192918192918,0.6290380698447613,0.13920000000000002,0.566199207920792,0.23529203459476383,0.01959500492934604
2928,0.3276,0.16785207605146918,0.8384,0.057057425742574254,0.0264,0.25783240041675254,0.8974607040913417,0.1584,0.5793960396039605,0.2305046828161077,0.0048000000000000004
2929,0.174,0.078,0.7412,0.032752475247524754,0.0316,0.25248451955542417,0.8364,0.03319999999999999,0.3516,0.21752252964426874,0.0032
2930,0.6944,0.1452,0.7971999999999999,0.06844356435643564,0.0668,0.3266181497457565,0.1150893746115728,0.1296,0.46560000000000007,0.4689827918444019,0.011184620440354913
2931,0.43599999999999994,0.05,0.538,0.05298613861386139,0.0988,0.1259351370715674,0.9103999999999999,0.1172,0.5802,0.26744569796110046,0.008
2932,0.38639999999999997,0.0112,0.734,0.0367049504950495,0.0352,0.1360388517214923,0.8608,0.038400000000000004,0.4288,0.1611225296442688,0.019200000000000002
2933,0.7812,0.04,0.6096,0.057199999999999994,0.10840000000000001,0.16041159443653333,0.6351821122740249,0.4680000000000001,0.539999603960396,0.23504633663366334,0.0008
2934,0.015999999999999997,0.024800000000000003,0.7676000000000001,0.0027762376237623764,0.0508,0.1770195599022005,0.8024000000000001,0.08839999999999999,0.4666,0.039922529644268775,0.002
2935,0.033999999999999996,0.0648,0.9463999999999999,0.03112871287128713,0.06040000000000001,0.26065770171149144,0.0664,0.028399999999999998,0.9036,0.028322529644268773,0.0012000000000000001
2936,0.4768,0.046,0.458,0.015176237623762379,0.07632099644128115,0.12643911980440098,0.8160000000000001,0.011600000000000001,0.2614,0.3545682276053692,0.002
2937,0.1252,0.10799999999999998,0.7,0.08023366336633662,0.0508,0.17523858363858363,0.6239325458643407,0.21759999999999996,0.5293996039603961,0.3115225296442688,0.026000000000000002
2938,0.4264,0.0536,0.4984,0.4638574257425743,0.1328,0.26553460090575004,0.6067326355851571,0.078,0.680199603960396,0.18529203459476382,0.0144
2939,0.0212,0.013599999999999998,0.5676,0.008728712871287129,0.03560000000000001,0.23596093970103885,0.5859775451950523,0.0252,0.682,0.0196,0.004
2940,0.09960000000000001,0.13633910761154858,0.5448000000000001,0.3807987045433515,0.08399999999999999,0.18988253132360713,0.958,0.0352,0.4443988118811881,0.07938215317183892,0.0224
2941,0.11560000000000001,0.055200000000000006,0.39559999999999995,0.014657425742574257,0.024399999999999998,0.14207699353078326,0.8561230568189944,0.013199999999999998,0.288,0.017599999999999998,0.0016
2942,0.1992,0.15,0.8244,0.07933861386138615,0.0644,0.2372779715258933,0.7409213184618669,0.1056,0.7363992079207922,0.26842848980550227,0.0152
2943,0.06080000000000001,0.14479999999999998,0.37839999999999996,0.15277623762376238,0.07039999999999999,0.22465867970660147,0.35409438629876305,0.01,0.2812,0.0416,0.0
2944,0.3116,0.39039999999999997,0.642,0.22840000000000002,0.046799999999999994,0.23959999999999998,0.49319999999999997,0.0772,0.9236000000000001,0.0964,0.0024000000000000002
2945,0.0464,0.004399999999999999,0.8616000000000001,0.008776237623762378,0.038,0.11941907090464546,0.6532,0.0068000000000000005,0.1804,0.0368,0.0004
2946,0.014799999999999999,0.011600000000000003,0.3036,0.012400000000000003,0.0116,0.09625743362858277,0.9576,0.002,0.205,0.1764,0.004
2947,0.11000000000000001,0.1688,0.6736,0.10524356435643564,0.05600000000000001,0.19705765454322913,0.7133663177925784,0.0708,0.5042,0.17046898915978553,0.0
2948,0.0484,0.051447769028871396,0.6524,0.1283287128712871,0.041999999999999996,0.1482970424305388,0.7529887725975263,0.0156,0.2267988118811881,0.07536822760536924,0.0032
2949,0.5032,0.3067695538057743,0.7288,0.0415049504950495,0.040400000000000005,0.7102997602777553,0.8462831588962892,0.2112,0.5223984158415842,0.2648913959222009,0.02637975850306794
2950,0.044,0.2032,0.5544,0.005600000000000001,0.0244,0.15105765454322911,0.8190382492863939,0.2076,0.67,0.3795231683168317,0.0004
2951,0.35439999999999994,0.11990866141732284,0.6504,0.03860990099009901,0.06760000000000001,0.2304,0.6400718417729991,0.1212,0.5409976237623763,0.16833709388330137,0.0064
2952,0.1424,0.11600000000000002,0.6536,0.050752475247524756,0.1,0.2235744777906147,0.7736718417729991,0.196,0.5153992079207921,0.31944505928853756,0.028728769675820463
2953,0.5439999999999999,0.06200000000000001,0.4144,0.019176237623762377,0.0264,0.03803814180929095,0.8960000000000001,0.192,0.6043999999999999,0.25952316831683164,0.0012000000000000001
2954,0.0728,0.0752,0.732,0.030752475247524752,0.0332,0.2470031399733111,0.7907547315068395,0.0356,0.2072,0.046722529644268776,0.0024000000000000002
2955,0.256,0.13316955380577428,0.6288,0.09872475247524752,0.06,0.9560388517214922,0.8484,0.1524,0.6599988118811881,0.2882450592885376,0.008799999999999999
2956,0.1072,0.09559999999999999,0.3708,0.03915247524752476,0.048,0.29905765454322913,0.594871841772999,0.06920000000000001,0.32539999999999997,0.5102456979611005,0.01799500492934604
2957,0.4492,0.156,0.6772,0.066,0.1232,0.15069650626472142,0.856521049299418,0.1332,0.5326000000000001,0.16776822760536922,0.016
2958,0.0668,0.10959999999999999,0.6432,0.10914455445544553,0.14556967213114755,0.34236044803426513,0.4565887725975261,0.1788,0.5219984158415841,0.15707963213712678,0.01
2959,0.16440000000000002,0.12079999999999999,0.7488,0.012,0.020800000000000003,0.09359999999999999,0.8916000000000001,0.053200000000000004,0.4112,0.14200000000000002,0.01
2960,0.23879999999999998,0.0784,0.39960000000000007,0.0056,0.0344,0.11901907090464547,0.760494386298763,0.014800000000000002,0.3455996039603961,0.2424,0.0008
2961,0.3068,0.18439999999999998,0.7636000000000001,0.05157623762376238,0.11640000000000002,0.671792570103083,0.6214963218083087,0.1452,0.600599603960396,0.2489682276053692,0.024
2962,0.46040000000000003,0.7884,0.808,0.126,0.13720000000000002,0.21221929181929183,0.9792000000000002,0.07640000000000001,0.12079999999999999,0.8331231683168318,0.0068000000000000005
2963,0.3383999999999999,0.1904,0.5252,0.0208,0.094,0.2395080535329924,0.8691550903901046,0.12279999999999999,0.49919960396039603,0.33104505928853756,0.1235798899522957
2964,0.2468,0.08679999999999999,0.6540000000000001,0.0252,0.0848,0.41070474220156383,0.08477754519505235,0.1036,0.7365988118811881,0.21473709388330137,0.0024000000000000002
2965,0.5236,0.07680000000000001,0.7684,0.07225742574257425,0.026000000000000002,0.12509628535007508,0.9856,0.0848,0.6512,0.09159999999999999,0.0024000000000000002
2966,0.258,0.26199999999999996,0.37,0.0847049504950495,0.1608,0.19483836272393726,0.5751550903901046,0.1904,0.5332,0.2504,0.0092
2967,0.004,0.0036000000000000003,0.5192,0.06371485148514851,0.06400000000000002,0.1156,0.7619999999999999,0.0012000000000000001,0.1724,0.053200000000000004,0.0024000000000000002
2968,0.3096,0.1519695538057743,0.71,0.08006732673267326,0.08159999999999999,0.621174524958877,0.6223550903901047,0.13599999999999998,0.6249952475247524,0.14913709388330137,0.009594873480118305
2969,0.18360000000000004,0.06787821522309712,0.5267999999999999,0.040400000000000005,0.6096,0.1496,0.9204000000000001,0.1072,0.5214,0.36073517786561266,0.0027948734801183043
2970,0.3484,0.12113862326842173,0.5684,0.021552475247524756,0.09066461548890019,0.19687748252833828,0.823977455474236,0.023200000000000002,0.370599603960396,0.0152,0.0036000000000000003
2971,0.33680000000000004,0.08756955380577428,0.8392,0.05903366336633663,0.0432,0.4861157980840133,0.6375773657534197,0.13720000000000002,0.5707964356435643,0.2544901185770751,0.0076
2972,0.2972,0.19356906946264746,0.596,0.0416,0.1608,0.1593565145193944,0.897694386298763,0.1564,0.5667996039603961,0.25816950495049507,0.0124
2973,0.008400000000000001,0.002,0.5372,0.110419801980198,0.0228,0.0934195599022005,0.7756000000000001,0.005200000000000001,0.2912,0.039200000000000006,0.0024000000000000002
2974,0.2564,0.05236906946264745,0.7007999999999999,0.024399999999999998,0.038400000000000004,0.12243863080684599,0.765294386298763,0.0712,0.4648,0.11304505928853754,0.0035948734801183047
2975,0.27880000000000005,0.26273862326842173,0.8496,0.06321980198019803,0.10880000000000001,0.3970960172671664,0.6721484300666032,0.2332,0.46519881188118817,0.2956901185770751,0.00999500492934604
2976,0.14520000000000002,0.11120000000000001,0.38639999999999997,0.025481188118811882,0.08280000000000001,0.18094071705489934,0.6136718417729992,0.10679999999999998,0.3984,0.4323225296442688,0.011600000000000001
2977,0.17359999999999998,0.03916955380577428,0.4152,0.10849108910891088,0.028000000000000004,0.1308140865925707,0.9257886828767099,0.17039999999999997,0.4357988118811882,0.22624505928853753,0.01599500492934604
2978,0.1368,0.057600000000000005,0.5484,0.07241980198019801,0.0396,0.0818967743476301,0.8130831588962893,0.1372,0.5075992079207922,0.1668132868939068,0.0004
2979,0.0836,0.084,0.5147999999999999,0.02192871287128713,0.040799999999999996,0.0508,0.9176,0.08839999999999999,0.45039999999999997,0.2064,0.0
2980,0.1972,0.17556955380577427,0.7183999999999999,0.06792871287128713,0.0176,0.0972,0.7575550903901047,0.14840000000000003,0.7401996039603961,0.21473645521073847,0.0012000000000000001
2981,0.366,0.013169553805774278,0.1012,0.031033663366336634,0.0892,0.2676,0.4298157944814463,0.21879999999999997,0.49279920792079207,0.3708,0.004000000000000001
2982,0.034,0.03753813892529489,0.7196,0.06592871287128713,0.016,0.16435978529032605,0.7351775451950523,0.0144,0.6065988118811882,0.037367588932806325,0.0004
2983,0.0016,0.0032,0.2736,0.008776237623762376,0.0008,0.1284383627239373,0.8859999999999999,0.0032,0.2696,0.0212,0.0
2984,0.034800000000000005,0.05193910761154856,0.6519999999999999,0.0044,0.004399999999999999,0.11047743536007595,0.8676,0.0068000000000000005,0.37619960396039603,0.027200000000000002,0.0004
2985,0.0012000000000000001,0.017599999999999998,0.38,0.05825742574257424,0.0132,0.07741907090464548,0.8064942965779469,0.0,0.3452,0.06296758893280632,0.0004
2986,0.3364,0.15796906946264744,0.6195999999999999,0.2777861386138614,0.0516,0.18549677434763012,0.6020942965779468,0.0596,0.8064,0.0688,0.0064
2987,0.2488,0.1204,0.7888,0.062609900990099,0.0284,0.29157246172645274,0.8677663177925785,0.11560000000000001,0.5741976237623763,0.2985941627206199,0.043595004929346044
2988,0.1368,0.09880000000000001,0.5556,0.054304950495049506,0.0372,0.25121261959990565,0.40519999999999995,0.0796,0.6673976237623763,0.3690741877666027,0.011199999999999998
2989,0.06520000000000001,0.0568,0.7384,0.013904950495049506,0.10840000000000001,0.0928,0.8337887725975263,0.025999999999999995,0.3516,0.174,0.0032
2990,0.202,0.37959999999999994,0.5724,0.03717623762376238,0.1416,0.23727561989839652,0.6752,0.23360000000000003,0.5664,0.38696758893280636,0.029199999999999997
2991,0.2736,0.19833910761154855,0.5288,0.12164356435643564,0.0568,0.1898972633451851,0.5684267527214713,0.1308,0.35299762376237626,0.30596239032598904,0.006
2992,0.122,0.1328,0.6644,0.02637623762376238,0.030000000000000006,0.2562192918192918,0.6967775451950523,0.0356,0.3398,0.19938279184440183,0.005200000000000001
2993,0.002,0.0,0.336,0.0308,0.017200000000000003,0.0676,0.9128943862987631,0.0,0.2512,0.088,0.0008
2994,0.31120000000000003,0.1264,0.6768000000000001,0.12766732673267325,0.1224,0.23817991788240112,0.5822831588962892,0.4676,0.4559972277227723,0.4404145642390326,0.0032
2995,0.30240000000000006,0.1618505154745565,0.5488000000000001,0.010376237623762377,0.184,0.1257409353003269,0.7018831588962893,0.08759999999999998,0.5154,0.22089011857707508,0.011579888268156426
2996,0.2536,0.03547821522309712,0.5640000000000001,0.06755247524752475,0.1264,0.1508,0.8079775451950525,0.0436,0.48600000000000004,0.15952252964426877,0.013995004929346041
2997,0.0196,0.0064,0.5748,0.1339524752475248,0.0116,0.0756767254478746,0.7640719314938155,0.0064,0.48119960396039607,0.26759999999999995,0.0152
2998,0.09359999999999999,0.036,0.4688,0.06512871287128713,0.018800000000000004,0.22887721444542958,0.6931775451950524,0.06760000000000001,0.420399603960396,0.10824505928853753,0.0008
2999,0.37039999999999995,0.28480000000000005,0.7792,0.09265742574257425,0.0772,0.9528000000000001,0.5907899006197248,0.1548,0.528199603960396,0.25792252964426876,0.05479487516425756
3000,0.1056,0.1996,0.4464,0.12997623762376237,0.057999999999999996,0.10563885172149232,0.8769663177925786,0.048400000000000006,0.382,0.398,0.0316
3001,0.15960000000000002,0.08600000000000001,0.596,0.06773861386138615,0.0712,0.23541907090464548,0.8459999999999999,0.047599999999999996,0.2644,0.11032252964426877,0.00479000985869208
3002,0.1748,0.1508,0.6752,0.03108118811881188,0.07,0.32199920970169293,0.8511775451950523,0.16240000000000002,0.5669980198019802,0.1694709944037882,0.0016
3003,0.0648,0.08673910761154857,0.95,0.22319603960396042,0.1032,0.25607732111913173,0.9916,0.046,0.468599603960396,0.03864633663366336,0.0004
3004,0.418,0.1464,0.7104000000000001,0.043176237623762374,0.0504,0.26176537129615157,0.7573663177925785,0.20079999999999995,0.383,0.3204,0.019594873480118305
3005,0.22440000000000002,0.0796,0.4715999999999999,0.025976237623762378,0.0432,0.11349699526227645,0.4516,0.1768,0.22779999999999995,0.6618589848550073,0.002
3006,0.16399999999999998,0.0996,0.5683999999999999,0.056400000000000006,0.036000000000000004,0.1279356732373847,0.5753438629876308,0.0132,0.38920000000000005,0.25696886627793214,0.0024000000000000002
3007,0.4168,0.2076,0.644,0.052067326732673266,0.18639999999999998,0.2172,0.4977662280717622,0.0632,0.522999603960396,0.3800926732673267,0.0132
3008,0.22400000000000003,0.1008,0.7612,0.04472871287128712,0.094,0.2483216461502539,0.8259775451950523,0.046799999999999994,0.21059960396039604,0.13744569796110045,0.010400000000000001
3009,0.23199999999999998,0.21960000000000002,0.6308,0.04397623762376237,0.0888,0.3595216434810351,0.8794831588962893,0.186,0.384,0.4008901185770751,0.023995004929346038
3010,0.29600000000000004,0.21200000000000002,0.7208,0.055552475247524755,0.14796967213114756,0.9602195599022003,0.6737973684305731,0.07999999999999999,0.5254000000000001,0.23944505928853754,0.014789878409464344
3011,0.31920000000000004,0.23159999999999997,0.8088000000000001,0.06274851485148514,0.0676,0.3230565693059149,0.8010607040913417,0.1316,0.5979992079207921,0.3777967174108715,0.0048000000000000004
3012,0.022,0.0368,0.4016,0.035033663366336634,0.038400000000000004,0.0640383627239373,0.9815999999999999,0.006,0.5587988118811882,0.06152316831683169,0.0008
3013,0.28600000000000003,0.2712,0.756,0.1354059405940594,0.04,0.13353557890086007,0.8555775451950522,0.1276,0.6827968316831683,0.2909186083825773,0.013600000000000001
3014,0.4412,0.16559999999999997,0.7044,0.06533861386138613,0.1872,0.32189731051344744,0.524660524649709,0.0344,0.6060000000000001,0.399369504950495,0.015599999999999998
3015,0.22560000000000002,0.11960000000000001,0.8240000000000001,0.08430495049504949,0.0628,0.1789160189986596,0.8036,0.034,0.5438,0.0936901185770751,0.006799999999999999
3016,0.8392,0.13920000000000002,0.8088,0.038162376237623766,0.0772,0.29185814354078415,0.06480621571528354,0.0352,0.46419801980198017,0.4365967174108715,0.0092
3017,0.31560000000000005,0.21196955380577429,0.8455999999999999,0.03540990099009901,0.03,0.16775518597132288,0.7947775451950523,0.0764,0.5037992079207921,0.2849682276053692,0.0208
3018,0.2792,0.017599999999999998,0.722,0.005976237623762376,0.0752,0.11767677261613693,0.6857887725975262,0.154,0.4654,0.20744633663366335,0.0132
3019,0.3012,0.0048000000000000004,0.5324,0.017976237623762378,0.0256,0.11400000000000002,0.810494386298763,0.002,0.2536,0.1492,0.006
3020,0.42679999999999996,0.37876955380577426,0.7807999999999999,0.0355049504950495,0.0304,0.6981608425804023,0.7614831588962894,0.1948,0.4043988118811881,0.4735364552107385,0.032774761748274726
3021,0.0204,0.0204,0.5559999999999999,0.10336237623762376,0.019999999999999997,0.09301907090464548,0.7944942965779468,0.0008,0.25999999999999995,0.07241264822134388,0.0008
3022,0.17880000000000001,0.23560000000000003,0.74,0.07726732673267325,0.17279999999999998,0.37008885605022523,0.22899498831280973,0.124,0.6016,0.27569156156410995,0.0024000000000000002
3023,0.398,0.09196906946264743,0.3772,0.0044,0.1292,0.12341907090464548,0.7028943862987631,0.14999999999999997,0.5522,0.49264569796110047,0.0132
3024,0.0472,0.0092,0.3028,0.0035762376237623767,0.033999999999999996,0.09945743362858278,0.6441887725975262,0.076,0.0916,0.010012648221343876,0.0004
3025,0.3076,0.1584,0.6668,0.054400000000000004,0.0872,0.44375088171811894,0.8527775451950523,0.1244,0.4135996039603961,0.3918450592885375,0.038
3026,0.0804,0.04754341463414634,0.7083999999999999,0.027976237623762373,0.06559999999999999,0.22243717615135844,0.8176943862987631,0.06,0.8023999999999999,0.07136822760536923,0.0036000000000000003
3027,0.1356,0.0152,0.6856,0.042352475247524744,0.014000000000000002,0.06432235606245522,0.9136000000000001,0.0704,0.583599207920792,0.1967231683168317,0.0027847552578611516
3028,0.47400000000000003,0.1248,0.7844,0.0027762376237623764,0.0132,0.1589913287438339,0.5976,0.0696,0.36859960396039604,0.3259370938833014,0.0004
3029,0.5756,0.09519999999999999,0.5108,0.0344,0.0748,0.23229677434763013,0.6394157944814463,0.22479999999999997,0.43999960396039606,0.2054456979611005,0.004399999999999999
3030,0.014000000000000002,0.004307692731069167,0.414,0.06992871287128714,0.0112,0.09335491788841421,0.9635999999999999,0.007200000000000001,0.26519960396039605,0.07609075724963801,0.0
3031,0.20800000000000002,0.2132,0.6176,0.072,0.0484,0.12694147146614426,0.844071841772999,0.09559999999999999,0.4391999999999999,0.331151658122334,0.0527898800936036
3032,0.1508,0.05,0.45760000000000006,0.09533861386138612,0.0284,0.09083814180929095,0.9728,0.0388,0.26659920792079206,0.10841280475873676,0.0016
3033,0.4088,0.2024,0.6287999999999999,0.044162376237623764,0.057199999999999994,0.8353940848610776,0.8337663177925785,0.3128,0.4236000000000001,0.4372139255664697,0.03159487348011831
3034,0.0008,0.0204,0.5212000000000001,0.032776237623762375,0.0112,0.09581929181929182,0.9112,0.0004,0.22960000000000003,0.10800000000000001,0.0
3035,0.3088,0.1484,0.756,0.11028118811881187,0.1192,0.3704386308068459,0.4073662280717622,0.1632,0.414799603960396,0.5240491461921379,0.0064
3036,0.0316,0.04756955380577428,0.5671999999999999,0.01700990099009901,0.064,0.2045155771693669,0.868,0.0316,0.5317980198019802,0.1295377325558643,0.006
3037,0.262,0.10036955380577428,0.5811999999999999,0.0459009900990099,0.06720000000000001,0.11640000000000002,0.8534607040913416,0.0924,0.44099960396039606,0.20073645521073846,0.008400000000000001
3038,0.066,0.06520000000000001,0.9492,0.005976237623762377,0.0884,0.1722195599022005,0.7544942965779466,0.052000000000000005,0.26680000000000004,0.7457675889328064,0.034390009858692075
3039,0.022,0.09,0.7415999999999999,0.0092,0.07039999999999999,0.21949672717936775,0.8028943862987632,0.038400000000000004,0.5469996039603962,0.09839999999999999,0.008799999999999999
3040,0.7236,0.8922463159994909,0.9512,0.12684356435643565,0.10512099644128114,0.3763339033307262,0.8568719314938156,0.704,0.21439960396039606,0.01896886627793214,0.006
3041,0.3332,0.0772,0.4244,0.03555247524752475,0.1012,0.21421929181929183,0.8151999999999999,0.07360000000000001,0.19259960396039602,0.2591231683168317,0.0028
3042,0.23199999999999998,0.08399999999999999,0.6864,0.04298217821782178,0.15039999999999998,0.29167823960880196,0.8612,0.11679999999999999,0.3055984158415842,0.20825834618244432,0.0004
3043,0.0188,0.006338623268421722,0.3956,0.0368,0.0024000000000000002,0.08429623818181274,0.978,0.0012000000000000001,0.22599999999999998,0.1195225296442688,0.0112
3044,0.1644,0.1179695538057743,0.7756000000000001,0.23222970297029702,0.1232,0.22655425514447516,0.8968943862987631,0.0908,0.4511988118811881,0.1345186083825774,0.0024000000000000002
3045,0.3568,0.13,0.6216,0.0128,0.1548,0.278734427159366,0.37037718631178707,0.28,0.44320000000000004,0.39776758893280634,0.0008
3046,0.0012000000000000001,0.0,0.288,0.017176237623762372,0.0,0.0722576545432291,0.9499999999999998,0.0008,0.4732,0.0264,0.0
3047,0.26480000000000004,0.09759999999999999,0.7687999999999999,0.11559207920792076,0.0676,0.9263999999999999,0.9064,0.08199999999999999,0.5347984158415842,0.2999225296442688,0.013599999999999998
3048,0.0344,0.027200000000000002,0.7584,0.01952871287128713,0.0332,0.1194832807570978,0.7452,0.0012000000000000001,0.29800000000000004,0.3236,0.006000000000000001
3049,0.1372,0.17076955380577427,0.534,0.045524752475247524,0.13840000000000002,0.13041137352188698,0.44799999999999995,0.148,0.5403972277227723,0.3076272124603765,0.004399999999999999
3050,0.12079999999999999,0.14479999999999998,0.43199999999999994,0.09338613861386139,0.0608,0.08381929181929183,0.8084943862987632,0.07880000000000001,0.37459366336633665,0.1831457316166399,0.03431903232813251
3051,0.0,0.009600000000000001,0.4732,0.04277623762376238,0.0216,0.08141907090464548,0.8948,0.0004,0.15739999999999998,0.096,0.007200000000000001
3052,0.1976,0.07996955380577428,0.4816,0.02632871287128713,0.098,0.15963814180929098,0.8320000000000001,0.07999999999999999,0.3239972277227723,0.5241688662779321,0.0012000000000000001
3053,0.21679999999999996,0.0716,0.744,0.04006732673267327,0.12079999999999999,0.014000000000000002,0.6041835094586724,0.1028,0.5478,0.23504505928853753,0.019184623808633415
3054,0.2616,0.1916,0.5768,0.0387049504950495,0.0776,0.19039957050788484,0.8468,0.23720000000000002,0.3878,0.32472252964426873,0.02599000985869208
3055,0.0516,0.05233862326842172,0.5356,0.019200000000000002,0.03679999999999999,0.13781907090464546,0.7384943862987632,0.0528,0.21900000000000003,0.23376822760536925,0.0008
3056,0.0232,0.002,0.46559999999999996,0.0859009900990099,0.027999999999999997,0.06,0.7704,0.004,0.1872,0.05720000000000001,0.0
3057,0.3008,0.24956955380577428,0.7016,0.10752871287128711,0.07706461548890019,0.30086049032751266,0.7325662280717622,0.11400000000000002,0.48939881188118817,0.44304633663366333,0.0268
3058,0.0924,0.06756955380577429,0.7712000000000001,0.0548,0.6936,0.11901907090464547,0.954,0.0728,0.5743988118811881,0.15441328689390682,0.00918974864437586
3059,0.004,0.01,0.14240000000000003,0.048400000000000006,0.0016,0.09941907090464548,0.48440000000000005,0.0012000000000000001,0.1012,0.1167225296442688,0.0031794972887517203
3060,0.0664,0.0288,0.6360000000000001,0.033600000000000005,0.0412,0.10181929181929181,0.8724000000000001,0.030400000000000003,0.3324,0.0844,0.007600000000000001
3061,0.3264,0.20375546175994055,0.6272,0.07096237623762376,0.041600000000000005,0.41055914989655823,0.7385661383509458,0.118,0.49939920792079207,0.32849139592220095,0.013199999999999998
3062,0.46399999999999997,0.32839999999999997,0.6372,0.067009900990099,0.132,0.292877261613692,0.6751326355851569,0.11839999999999999,0.5788,0.186,0.036
3063,0.1268,0.0304,0.6632,0.03315247524752475,0.0444,0.2462192918192918,0.6231775451950522,0.0344,0.43499999999999994,0.19273581653817554,0.0012000000000000001
3064,0.19519999999999998,0.16514341463414633,0.788,0.04343366336633664,0.1172,0.24683911980440096,0.6222606143705253,0.1356,0.5989980198019802,0.1723358165381756,0.06520000000000001
3065,0.14440000000000003,0.24159999999999998,0.6768000000000001,0.05898613861386139,0.0316,0.25801337668036933,0.8444943862987631,0.053200000000000004,0.3806,0.3392139255664697,0.004000000000000001
3066,0.08,0.0396,0.3652,0.18449865942346447,0.024399999999999998,0.2768767254478746,0.8939999999999999,0.005600000000000001,0.15799920792079208,0.2628225632998083,0.0
3067,0.4,0.19039999999999999,0.736,0.07357623762376238,0.17796967213114753,0.8787050387929801,0.6733563081331198,0.0796,0.6361984158415841,0.17584505928853755,0.011600000000000001
3068,0.2488,0.2476,0.7308,0.12988118811881186,0.09999999999999999,0.8214958435207824,0.6521750033464417,0.07680000000000001,0.620999603960396,0.26809203459476383,0.013999999999999999
3069,0.7408,0.059912968439920625,0.8224,0.06387722772277227,0.07236967213114755,0.22887721444542963,0.8426382492863939,0.033600000000000005,0.7,0.09744505928853756,0.0092
3070,0.12999999999999998,0.0048000000000000004,0.7215999999999999,0.054328712871287134,0.022399999999999996,0.12680000000000002,0.9416,0.005200000000000001,0.5519999999999999,0.14072252964426876,0.020800000000000003
3071,0.6292,0.13673910761154856,0.74,0.048657425742574256,0.10959999999999999,0.22532663544008286,0.8392718417729992,0.1496,0.5405992079207921,0.1605682276053692,0.022399999999999996
3072,0.2452,0.1216,0.762,0.09253465346534653,0.10639999999999998,0.1708,0.8703999999999998,0.0488,0.655799207920792,0.09361392556646969,0.004
3073,0.28280000000000005,0.3267695538057743,0.8251999999999999,0.022,0.09480000000000001,0.4222967271793678,0.436754910948472,0.25079999999999997,0.444599603960396,0.2572,0.005200000000000001
3074,0.3712,0.07085775103800102,0.3632,0.007200000000000001,0.10800000000000001,0.27925137698487335,0.9612942965779467,0.01,0.7171988118811882,0.20338279184440183,0.006
3075,0.23199999999999998,0.23920000000000002,0.5548,0.03060990099009901,0.046,0.25129037021115264,0.8438607040913416,0.22000000000000003,0.5505996039603961,0.4194463366336634,0.0742839337001878
3076,0.0476,0.06920000000000001,0.5591999999999999,0.043952475247524755,0.009600000000000001,0.17163858363858367,0.9352,0.0012000000000000001,0.1782,0.0668,0.027600000000000003
3077,0.008799999999999999,0.022,0.4056,0.010257425742574258,0.04360000000000001,0.0626832807570978,0.9808,0.029200000000000004,0.449,0.06425962352757016,0.0028
3078,0.0152,0.24230866141732282,0.8812000000000001,0.19275247524752476,0.10879999999999998,0.2797559430517865,0.781294386298763,0.004,0.6005999999999999,0.0988,0.0039847535737219004
3079,0.36,0.08159999999999999,0.6579999999999999,0.01957623762376238,0.024399999999999998,0.21007721444542962,0.8077663177925786,0.2524,0.35680000000000006,0.1928,0.0196
3080,0.42279999999999995,0.029200000000000004,0.5231999999999999,0.011952475247524753,0.0528,0.0808,0.8993478922318807,0.0928,0.657799603960396,0.16496886627793214,0.0228
3081,0.4236,0.020594147291221627,0.556,0.013152475247524753,0.09280000000000001,0.25001203626582597,0.9904,0.0048000000000000004,0.6613992079207921,0.1603231683168317,0.0012000000000000001
3082,0.2184,0.1987386232684217,0.3624,0.07239999999999999,0.016399999999999998,0.2210584116236928,0.6429887725975262,0.0448,0.8112,0.1204,0.0016
3083,0.2428,0.1008,0.47400000000000003,0.15067722772277223,0.13720000000000002,0.23363911980440094,0.9088,0.1012,0.579199603960396,0.19361456423903262,0.0172
3084,0.13879999999999998,0.07790866141732285,0.7255999999999999,0.05136237623762376,0.0852,0.20725142415313566,0.43751018078020937,0.196,0.45019960396039604,0.3790463366336634,0.0008
3085,0.06520000000000001,0.178,0.8208,0.050114851485148514,0.1748,0.6310439476850235,0.5238008588597498,0.0944,0.1476,0.014000000000000002,0.004000000000000001
3086,0.44559999999999994,0.0336,0.5404,0.024376237623762377,0.06674361904761905,0.1368383627239373,0.9716000000000001,0.12840000000000001,0.5243992079207921,0.21296886627793216,0.0076
3087,0.0968,0.09756955380577428,0.5372,0.11030495049504949,0.026000000000000002,0.10683814180929094,0.7679775451950522,0.013999999999999999,0.4231996039603961,0.18112252964426875,0.007600000000000001
3088,0.0844,0.16341683849151883,0.5084000000000001,0.08013465346534651,0.0304,0.1447218670649002,0.5517438629876309,0.4468,0.5363976237623762,0.1968033499002074,0.0016
3089,0.3168,0.1604,0.6388,0.03343366336633664,0.11479999999999999,0.1750576545432291,0.5659773657534197,0.1664,0.38380000000000003,0.5216000000000001,0.029174894881641718
3090,0.016800000000000002,0.0264,0.7375999999999999,0.05955247524752475,0.10279999999999997,0.15221907090464548,0.8699999999999999,0.004399999999999999,0.3194,0.0668,0.0004
3091,0.2508,0.1917863922972931,0.7939999999999999,0.023857425742574257,0.0208,0.37126332788683936,0.8771775451950523,0.0612,0.3848,0.0848,0.0004
3092,0.06520000000000001,0.0756,0.35760000000000003,0.11835247524752475,0.0408,0.05505792262613779,0.9298831588962893,0.0284,0.5819984158415841,0.17264569796110046,0.052795004929346044
3093,0.023200000000000005,0.0028,0.4096,0.0252,0.0012000000000000001,0.12589579635252007,0.8757887725975262,0.0048000000000000004,0.3776,0.1496,0.0008
3094,0.0132,0.027169553805774276,0.6212000000000001,0.03355247524752475,0.002,0.1915354523227384,0.6982607040913416,0.04479999999999999,0.6089988118811881,0.042322529644268775,0.0008
3095,0.2864,0.1176,0.688,0.06342970297029703,0.054400000000000004,0.9710192918192918,0.8356943862987631,0.14679999999999999,0.6971996039603962,0.30304505928853753,0.007600000000000001
3096,0.23759999999999998,0.09344776902887139,0.7288,0.0968,0.08360000000000001,0.2912516922360443,0.1492,0.10800000000000001,0.5669988118811882,0.15825898485500725,0.011600000000000003
3097,0.0352,0.0108,0.6495999999999998,0.012,0.030400000000000003,0.17032208797954657,0.948094386298763,0.024399999999999998,0.4812,0.03960000000000001,0.0
3098,0.054400000000000004,0.0652,0.5676,0.026799999999999997,0.0636,0.0968,0.9325887725975261,0.0192,0.35019999999999996,0.20679999999999996,0.00559500492934604
3099,0.09840000000000002,0.1576,0.86,0.0536,0.1116,0.2114576545432291,0.8307775451950523,0.06999999999999999,0.7484,0.1392,0.0076
3100,0.5536000000000001,0.0504,0.5248,0.08517623762376239,0.096,0.23901929181929185,0.5592719314938155,0.1368,0.5693996039603959,0.1424,0.0012000000000000001
3101,0.1196,0.20196906946264742,0.8256,0.050443564356435634,0.0368,0.5030717883040621,0.7376043876373398,0.0512,0.6085984158415841,0.23356430634367786,0.0316
3102,0.30720000000000003,0.2619695538057743,0.79,0.07517623762376238,0.09759999999999999,0.3480619934262966,0.7437436835459982,0.122,0.6768,0.20432252964426878,0.0168
3103,0.008,0.02674341463414634,0.4772,0.01152871287128713,0.0132,0.10061907090464547,0.8984943862987631,0.004399999999999999,0.2484,0.2163225296442688,0.029194875164257554
3104,0.2432,0.1368,0.7724,0.039314851485148516,0.0248,0.11985792262613779,0.8265887725975262,0.1736,0.5865996039603961,0.246333083395296,0.007995004929346041
3105,0.25759999999999994,0.039847284685744555,0.182,0.04440000000000001,0.12079999999999999,0.2294712521382448,0.9708942965779468,0.0308,0.5387996039603961,0.2645065988337964,0.0184
3106,0.11879999999999999,0.2716,0.7552000000000001,0.06312871287128713,0.09559999999999999,0.25625819070904643,0.6568494766888678,0.0688,0.5711996039603962,0.0624,0.002
3107,0.0004,0.0004,0.2572,0.0124,0.017200000000000003,0.08320000000000001,0.9099999999999999,0.0008,0.2644,0.074,0.0
3108,0.202,0.1956,0.8048,0.05072871287128713,0.07239999999999999,0.324100728237626,0.7027773657534198,0.0616,0.647799207920792,0.33039999999999997,0.0104
3109,0.2584,0.0728,0.6544000000000001,0.03997623762376237,0.192,0.2219225045659822,0.5995775451950524,0.0836,0.5995976237623762,0.3368664344695339,0.013999999999999999
3110,0.064,0.168308177074196,0.6848,0.18075247524752475,0.10840000000000001,0.3589153562547206,0.10809438629876308,0.06720000000000001,0.5181992079207921,0.25841456423903264,0.0023948751642575558
3111,0.41240000000000004,0.0624,0.5936,0.02065742574257426,0.11960000000000001,0.27389655343298375,0.1084943862987631,0.21000000000000002,0.5689980198019802,0.3114021708859117,0.0032
3112,0.23559999999999998,0.4088,0.7368,0.048799999999999996,0.0412,0.2318585156281762,0.8187818431115759,0.062,0.4152,0.3896,0.01
3113,0.3752,0.2048,0.6564,0.016352475247524752,0.26515391068279826,0.3910832801885957,0.8835775451950523,0.128,0.5444000000000001,0.4359231683168316,0.0236
3114,0.3268,0.2444,0.6104,0.0056,0.04116967213114754,0.10101955990220049,0.8942831588962893,0.0708,0.13140000000000002,0.3436,0.06633888284565986
3115,0.09079999999999999,0.21479999999999996,0.6779999999999999,0.05477623762376238,0.018000000000000002,0.23403885172149233,0.7388942965779468,0.009999999999999998,0.8653996039603961,0.098,0.0204
3116,0.8,0.0032,0.4096,0.0991049504950495,0.0036000000000000003,0.196,0.47400000000000003,0.17360000000000003,0.27480000000000004,0.1028,0.0
3117,0.0064,0.09,0.5544,0.015576237623762377,0.008,0.2169160661669219,0.9720000000000001,0.0044,0.2816,0.02945770750988142,0.0024000000000000002
3118,0.45680000000000004,0.084,0.42119999999999996,0.02875247524752475,0.0092,0.08821907090464548,0.9448000000000001,0.046,0.3088,0.4772145642390326,0.002
3119,0.0108,0.0268,0.4624,0.0208,0.06599999999999999,0.11723836272393728,0.908,0.0016,0.13620000000000002,0.0708,0.004
3120,0.2476,0.18000000000000002,0.7836000000000001,0.08818613861386138,0.0808,0.217174209707706,0.7615775451950524,0.1176,0.4607996039603961,0.2561682276053692,0.024399999999999998
3121,0.10200000000000001,0.12436955380577427,0.8455999999999999,0.0452,0.0512,0.14757376787841336,0.8160943862987631,0.0748,0.5104,0.1976,0.0047950049293460405
3122,0.0316,0.004343414634146342,0.21680000000000002,0.02103366336633663,0.0868,0.10927699353078327,0.7675550903901046,0.0608,0.8218,0.013522529644268774,0.0008
3123,0.5532,0.013600000000000001,0.5336000000000001,0.061457425742574255,0.022,0.06501929181929182,0.9206831588962894,0.048400000000000006,0.5720000000000001,0.2068,0.0
3124,0.16999999999999998,0.27230769273106914,0.8984,0.018657425742574257,0.0644,0.16175398706156652,0.745177455474236,0.0992,0.4164,0.20713773255586426,0.005600000000000001
3125,0.1516,0.13153862326842175,0.614,0.008,0.0648,0.25497863528032516,0.7445663177925784,0.0516,0.34859999999999997,0.2116,0.007600000000000001
3126,0.5436,0.0064,0.3744,0.013176237623762377,0.0036000000000000003,0.1356383627239373,0.9096943862987631,0.4452,0.20759999999999995,0.2905688662779321,0.0032
3127,0.011200000000000002,0.015969069462647444,0.5412000000000001,0.016776237623762378,0.0032,0.08363814180929095,0.758,0.0356,0.4162,0.14792252964426877,0.0012000000000000001
3128,0.2104,0.0056,0.6248,0.277219801980198,0.0404,0.250439119804401,0.8105887725975262,0.0128,0.40800000000000003,0.1176,0.0004
3129,0.08759999999999998,0.06114341463414634,0.8256,0.07609108910891088,0.0968,0.3124385836385836,0.689321049299418,0.13319999999999999,0.7884,0.046400000000000004,0.0051948734801183045
3130,0.0736,0.28280000000000005,0.9151999999999999,0.013976237623762378,0.0984,0.1902192918192918,0.8072719314938155,0.27240000000000003,0.7228000000000001,0.3575225296442688,0.0008
3131,0.040799999999999996,0.15553862326842172,0.5052,0.0571049504950495,0.074,0.2914192918192918,0.67,0.033600000000000005,0.36379920792079207,0.18424569796110046,0.004000000000000001
3132,0.2424,0.27080000000000004,0.5084,0.1290811881188119,0.14640000000000003,0.22518597789062333,0.7664943862987631,0.124,0.4668,0.30929139592220095,0.0236
3133,0.1924,0.041600000000000005,0.5352,0.014000000000000002,0.08480000000000001,0.33741907090464546,0.6847999999999999,0.078,0.4168,0.19584505928853754,0.0008
3134,0.11120000000000001,0.055200000000000006,0.12960000000000002,0.014657425742574257,0.0356,0.14007699353078326,0.866894386298763,0.0156,0.3084,0.0428,0.0016
3135,0.0424,0.0252,0.542,0.20992871287128714,0.0128,0.08083814180929096,0.7336719314938154,0.030000000000000006,0.43739762376237623,0.3145597464094236,0.0
3136,0.1356,0.06920000000000001,0.746,0.04143366336633663,0.1888,0.17465819070904645,0.5595100013385766,0.0724,0.7472000000000001,0.10272252964426878,0.022
3137,0.33280000000000004,0.0568,0.6572000000000001,0.11788118811881187,0.0284,0.22301929181929178,0.8904943862987631,0.11479999999999999,0.33599999999999997,0.34839999999999993,0.0016
3138,0.2444,0.017599999999999998,0.5860000000000001,0.023952475247524755,0.013999999999999999,0.14163858363858364,0.4877887725975262,0.0524,0.5674,0.0861808758267131,0.0028
3139,0.43079999999999996,0.1904,0.8952,0.3031287128712871,0.0844,0.14317372071015105,0.7096,0.0828,0.8116,0.1944,0.009999999999999998
3140,0.23440000000000003,0.0424,0.778,0.06251485148514851,0.039999999999999994,0.10887694636252095,0.8980943862987631,0.0924,0.697399603960396,0.2500485075195751,0.0008
3141,0.7752000000000001,0.0184,0.45439999999999997,0.018728712871287127,0.0536,0.07341929181929183,0.7316494766888677,0.0792,0.47019920792079206,0.1563225296442688,0.0008
3142,0.2016,0.18280000000000002,0.674,0.062376237623762376,0.0896,0.13905814354078413,0.866732635585157,0.2304,0.6497999999999999,0.306,0.014400000000000001
3143,0.08,0.0776,0.3892,0.04063366336633663,0.2904,0.11359999999999999,0.8986606143705252,0.016,0.3568,0.21073773255586428,0.016395004929346042
3144,0.21479999999999996,0.03593813892529489,0.7943999999999999,0.0236,0.0316,0.15596049787174615,0.7386877259752616,0.0996,0.6344000000000001,0.10200000000000001,0.0048000000000000004
3145,0.6459999999999999,0.2384,0.4968,0.1594811881188119,0.132,0.2202962853500751,0.6376719314938153,0.0512,0.5105992079207922,0.2012145642390326,0.005195004929346041
3146,0.39,0.1484,0.7219999999999999,0.07670099009900988,0.09880000000000001,0.4998581435407841,0.8127143889759164,0.08399999999999999,0.521998811881188,0.31232252964426876,0.0176
3147,0.43760000000000004,0.16040000000000001,0.8099999999999999,0.08635247524752475,0.044,0.2203199632206967,0.7887549109484722,0.1248,0.6881988118811881,0.20656822760536925,0.016789880093603597
3148,0.12800000000000003,0.028800000000000003,0.9436,0.013948514851485147,0.0356,0.45660339312955456,0.0680943862987631,0.0204,0.11479762376237623,0.7932920659022424,0.0008
3149,0.3268,0.2064,0.5596,0.030704950495049503,0.1359842385516507,0.440513685662341,0.5789932499556822,0.16760000000000003,0.6259984158415842,0.20402785113293936,0.010000000000000002
3150,0.1,0.08360000000000001,0.6064,0.039576237623762375,0.022799999999999997,0.09189650626472143,0.9612,0.041999999999999996,0.4601992079207921,0.23416758893280631,0.004394875164257557
3151,0.3372,0.2907086614173228,0.6232,0.10611485148514851,0.060399999999999995,0.3526712521382448,0.6795550903901046,0.1648,0.622799207920792,0.23193645521073844,0.0068000000000000005
3152,0.11800000000000002,0.058800000000000005,0.812,0.0328,0.026799999999999997,0.13345787545787546,0.9830831588962893,0.053200000000000004,0.519999603960396,0.1512,0.0012000000000000001
3153,0.009600000000000001,0.07880000000000001,0.4808,0.0168,0.0024000000000000002,0.2364511089019646,0.8788,0.009600000000000001,0.18239999999999998,0.0452,0.0012000000000000001
3154,0.07880000000000001,0.08876955380577428,0.8852,0.0027287128712871287,0.08432099644128115,0.36285054049455023,0.07009438629876309,0.053599999999999995,0.1538,0.6604920345947638,0.002
3155,0.4648,0.17040000000000002,0.7644,0.03708118811881188,0.05354361904761905,0.057057433628582774,0.8494607040913416,0.258,0.522,0.33769139592220093,0.0064
3156,0.0164,0.0264,0.8824,0.0472,0.156,0.2028,0.8105886828767099,0.0036000000000000003,0.41479999999999995,0.1464,0.0012000000000000001
3157,0.2996,0.2464,0.6612000000000001,0.056162376237623754,0.1548,0.2721546969737679,0.6483321869810755,0.0896,0.356599603960396,0.49736758893280636,0.02879500492934604
3158,0.1248,0.154,0.8128,0.08435117979087628,0.07120000000000001,0.4122169584829732,0.4457213184618668,0.1772,0.7351996039603961,0.13544569796110045,0.01
3159,0.45640000000000003,0.074,0.6856,0.08091485148514851,0.14479999999999998,0.3149930596977052,0.6489887725975262,0.19080000000000003,0.3237992079207921,0.2403225296442688,0.004
3160,0.0568,0.0304,0.5316000000000001,0.05197623762376238,0.0708,0.1702195599022005,0.7616045670789723,0.023600000000000003,0.2596,0.17232252964426875,0.0052
3161,0.7072,0.051143414634146345,0.6632,0.10627326732673266,0.0596,0.18557327888085834,0.8431101807802094,0.16839999999999997,0.5797976237623763,0.19185898485500724,0.0291898800936036
3162,0.5640000000000001,0.11639999999999999,0.4016,0.0392,0.07239999999999999,0.1817935486952602,0.8958831588962892,0.2312,0.39679999999999993,0.3064,0.0012000000000000001
3163,0.10400000000000001,0.06639999999999999,0.5843999999999999,0.034800000000000005,0.004,0.1302195599022005,0.7848,0.0024000000000000002,0.3992,0.24359999999999998,0.00917949560461247
3164,0.034,0.03560000000000001,0.3504,0.09258613861386138,0.0,0.11261907090464549,0.95,0.0196,0.32019841584158415,0.324121163072829,0.0004
3165,0.2656,0.262308177074196,0.7780000000000001,0.023481188118811884,0.019200000000000002,0.36352240820847176,0.8409887725975261,0.236,0.5461996039603961,0.3616913959222009,0.0316
3166,0.0092,0.0616,0.6584000000000001,0.008,0.028399999999999998,0.12549699526227645,0.9365887725975263,0.007200000000000001,0.22760000000000002,0.031199999999999995,0.0
3167,0.22119999999999998,0.2848,0.6632,0.06277623762376237,0.0628,0.3742192918192918,0.8484943862987631,0.1356,0.3643992079207921,0.44744505928853756,0.034800000000000005
3168,0.0548,0.07553910761154856,0.8684,0.0028,0.0424,0.1957160189986596,0.2697886828767099,0.032,0.6936,0.0756,0.0008
3169,0.2892,0.38686509186351703,0.7424000000000001,0.07872871287128712,0.08959999999999999,0.2354952838050804,0.6822831588962892,0.17559999999999998,0.5957992079207921,0.3822450592885375,0.030399999999999993
3170,0.004399999999999999,0.0,0.3452,0.015976237623762376,0.0016,0.05501929181929183,0.9708,0.0,0.1226,0.0712,0.014000000000000002
3171,0.2028,0.033600000000000005,0.5912,0.0364,0.13640000000000002,0.13301929181929184,0.9464943862987629,0.06559999999999999,0.4444,0.30119999999999997,0.011199999999999998
3172,0.08080000000000001,0.024800000000000003,0.74,0.0028,0.0716,0.10880000000000001,0.2664943862987631,0.0316,0.6868000000000001,0.09519999999999999,0.0064
3173,0.17719999999999997,0.19156955380577428,0.7308,0.02750495049504951,0.0436,0.08403836272393729,0.6579775451950522,0.16360000000000002,0.3497980198019802,0.3234735490940398,0.0008
3174,0.16599999999999998,0.0332,0.282,0.0048000000000000004,0.026000000000000002,0.0937544288908592,0.804,0.13040000000000002,0.3646,0.3920398606817204,0.005200000000000001
3175,0.0456,0.15080000000000002,0.6856,0.0024000000000000002,0.08080000000000001,0.24143293658256987,0.5820000000000001,0.046400000000000004,0.42899960396039605,0.38304633663366333,0.0104
3176,0.27840000000000004,0.085108177074196,0.7331999999999999,0.03028118811881188,0.1612,0.9464,0.5532579828010984,0.08359999999999998,0.6683999999999999,0.1508,0.012
3177,0.6679999999999999,0.7270158698052652,0.9032,0.10319603960396037,0.10552099644128114,0.4220373970660048,0.821532366422708,0.6299999999999999,0.26080000000000003,0.04585898485500724,0.005200000000000001
3178,0.122,0.1992,0.7096,0.1555551401869159,0.10836967213114754,0.12055393989330418,0.5914829794546567,0.06520000000000001,0.49659999999999993,0.1192,0.0048000000000000004
3179,0.5908,0.0324,0.6148,0.04155247524752475,0.0656,0.06221929181929181,0.9009887725975261,0.053599999999999995,0.1854,0.1756,0.009600000000000001
3180,0.0068000000000000005,0.028769553805774277,0.40919999999999995,0.04030495049504951,0.0156,0.12861929181929183,0.8453887725975262,0.0012000000000000001,0.24299960396039602,0.09432252964426878,0.0
3181,0.2404,0.005200000000000001,0.6628,0.09835247524752475,0.007200000000000001,0.21388328075709778,0.327483069175473,0.04,0.256,0.5044,0.0004
3182,0.7727999999999999,0.6156950537146159,0.6927999999999999,0.028914851485148517,0.096,0.30312208797954654,0.0768,0.8300000000000001,0.24620000000000003,0.1252,0.0004
3183,0.1048,0.0216,0.48439999999999994,0.004657425742574257,0.1592,0.0852,0.7136943862987631,0.004,0.35819999999999996,0.37136886627793214,0.001979760187207192
3184,0.166,0.0424,0.6659999999999999,0.0524,0.044399999999999995,0.1600383627239373,0.862094386298763,0.007999999999999998,0.4896,0.21187964124164296,0.034800000000000005
3185,0.42679999999999996,0.164,0.7436,0.10559999999999999,0.09000000000000001,0.19205066707267196,0.8700540437678402,0.3292,0.67,0.26559999999999995,0.024385014788038124
3186,0.042,0.1744,0.6712,0.026399999999999996,0.0784,0.2417546969737679,0.8799550903901047,0.10200000000000001,0.3288,0.3099225296442688,0.009600000000000001
3187,0.3376,0.11159999999999999,0.6975999999999999,0.12309702970297028,0.09280000000000001,0.1797025725763896,0.9350831588962893,0.1544,0.640999603960396,0.2111153257934489,0.0048000000000000004
3188,0.244,0.1936,0.6668,0.07357623762376238,0.04039999999999999,0.3211350899033051,0.45837745547423603,0.1028,0.5869936633663366,0.3618855586428208,0.008
3189,0.2452,0.13273910761154856,0.6788000000000001,0.08338217821782176,0.052000000000000005,0.8958576545432291,0.8641887725975262,0.13399999999999998,0.5901976237623762,0.2963364552107385,0.011200000000000002
3190,0.03,0.014799999999999999,0.6544000000000001,0.017576237623762377,0.052000000000000005,0.0800767254478746,0.5969887725975263,0.017599999999999998,0.6453976237623762,0.0128,0.0012000000000000001
3191,0.0164,0.02156955380577428,0.48599999999999993,0.021599999999999998,0.0432,0.1316,0.7976719314938154,0.0164,0.38179960396039603,0.0948,0.0028
3192,0.4728,0.086093690123597,0.5788,0.0056,0.1204,0.24783208516558147,0.952,0.0256,0.7235976237623762,0.27427418776660273,0.009999999999999998
3193,0.054400000000000004,0.0332,0.6076,0.0807049504950495,0.0404,0.15821929181929184,0.8952,0.0048000000000000004,0.24779999999999996,0.15024505928853754,0.0004
3194,0.0016,0.0004,0.24200000000000005,0.014776237623762376,0.0004,0.06861929181929183,0.9192,0.0,0.1488,0.05439999999999999,0.0008
3195,0.21760000000000002,0.06920000000000001,0.5412,0.032372277227722776,0.0712,0.15015420797621287,0.9251775451950524,0.07999999999999999,0.4957988118811881,0.33784232614565807,0.014000000000000002
3196,0.0392,0.012369553805774277,0.5751999999999999,0.07326732673267325,0.0132,0.08141907090464548,0.8964943862987631,0.0048000000000000004,0.25579999999999997,0.09352316831683169,0.004
3197,0.0016,0.012,0.492,0.0132,0.007999999999999998,0.1460383627239373,0.9336,0.004,0.3414,0.0196,0.0
3198,0.38920000000000005,0.11273910761154857,0.646,0.06371485148514852,0.072,0.26335491788841425,0.644871841772999,0.0876,0.5981988118811881,0.14649203459476381,0.0068000000000000005
3199,0.046,0.015200000000000002,0.9628,0.06077623762376237,0.1,0.23927672544787462,0.2284943862987631,0.045599999999999995,0.9216,0.018399999999999996,0.002
3200,0.028000000000000004,0.047599999999999996,0.5708,0.006,0.0112,0.10759961500692838,0.7972,0.036000000000000004,0.462,0.1756,0.0024000000000000002
3201,0.3372,0.192,0.646,0.05035247524752475,0.1352,0.6669025725763896,0.8714831588962892,0.20639999999999997,0.38520000000000004,0.3352139255664697,0.0172
3202,0.2184,0.1944,0.7404000000000001,0.051572277227722764,0.19876967213114755,0.2832772144454296,0.5752889437182767,0.08320000000000001,0.6174,0.12601328689390678,0.017599999999999998
3203,0.27480000000000004,0.048,0.6664,0.15075247524752478,0.1588,0.27611584525227556,0.8664943862987631,0.13279999999999997,0.4706,0.06440000000000001,0.0024000000000000002
3204,0.0412,0.10400000000000001,0.9256,0.0372,0.1248,0.2008774353600759,0.7953887725975262,0.122,0.6888,0.21064505928853755,0.009600000000000001
3205,0.21400000000000002,0.09796955380577428,0.6988,0.0132,0.12876967213114754,0.3867210080806699,0.669271841772999,0.10399999999999998,0.5555999999999999,0.2212,0.021200000000000004
3206,0.005200000000000001,0.029600000000000005,0.9372,0.021976237623762378,0.0868,0.14381929181929182,0.15560000000000002,0.0108,0.9423999999999999,0.05352252964426877,0.0024000000000000002
3207,0.1488,0.0092,0.2812,0.03344950495049505,0.058399999999999994,0.40545120562675574,0.44818877259752615,0.029599999999999998,0.5541655445544554,0.4890481462059249,0.0012000000000000001
3208,0.17279999999999998,0.1547086614173228,0.7363999999999999,0.12634851485148513,0.029199999999999997,0.21427071597242747,0.9529887725975261,0.07440000000000001,0.5145944554455446,0.2847775932375846,0.004
3209,0.28959999999999997,0.11280000000000001,0.5704,0.0893148514851485,0.1628,0.2117150881718119,0.7855550903901046,0.2104,0.44799881188118806,0.34853444996673577,0.01077476174827473
3210,0.122,0.0372,0.6508,0.07117623762376238,0.10800000000000001,0.17171486725716556,0.6448943862987632,0.0196,0.3972,0.39472316831683174,0.002
3211,0.3,0.078,0.5904,0.0224,0.0388,0.14781907090464547,0.8988000000000002,0.0188,0.375,0.06839999999999999,0.018795004929346038
3212,0.2592,0.009600000000000001,0.3492,0.10995247524752474,0.009600000000000001,0.06141929181929182,0.8872,0.02,0.258,0.4005682276053692,0.0108
3213,0.0048000000000000004,0.0132,0.3964,0.09912871287128713,0.0176,0.09643836272393731,0.95,0.0016,0.3478,0.11296822760536925,0.0
3214,0.5536,0.1844,0.7724,0.031576237623762375,0.08120000000000001,0.07581955990220049,0.9317887725975261,0.21319999999999997,0.646,0.446,0.028754650016431155
3215,0.2112,0.09080000000000002,0.8436,0.0196,0.05,0.16381907090464548,0.9829887725975262,0.0236,0.346,0.094,0.0052
3216,0.8039999999999999,0.0424,0.7776000000000001,0.0236,0.13520000000000001,0.2038195599022005,0.9628943862987631,0.028000000000000004,0.8507999999999999,0.122,0.0036000000000000003
3217,0.40119999999999995,0.1936,0.7943999999999999,0.0312,0.072,0.29910963848055977,0.8195775451950522,0.11879999999999999,0.6272,0.4755999999999999,0.0172
3218,0.2816,0.08276955380577426,0.758,0.04860990099009901,0.0856,0.24632213514780887,0.6216943862987631,0.20719999999999997,0.5214000000000001,0.24824569796110044,0.00958974864437586
3219,0.06160000000000001,0.28289456937148916,0.8555999999999999,0.015176237623762379,0.0332,0.21135594305178657,0.7268000000000001,0.71,0.24100000000000002,0.306490757249638,0.002
3220,0.6132,0.3411695538057743,0.9452,0.0721148514851485,0.0316,0.2518195599022005,0.7462830691754728,0.6432,0.07859722772277228,0.054735816538175566,0.0
3221,0.0072,0.02834341463414634,0.604,0.025786138613861385,0.045200000000000004,0.07861907090464548,0.839694386298763,0.0004,0.30619960396039597,0.13192252964426876,0.08760000000000001
3222,0.1788,0.0476,0.5668000000000001,0.024376237623762377,0.0668,0.2969554068859693,0.898,0.0908,0.4868,0.13840000000000002,0.0076
3223,0.0008,0.0744,0.4492,0.0264,0.0016,0.1228383627239373,0.7208,0.0012000000000000001,0.39280000000000004,0.07672252964426877,0.0004
3224,0.17439999999999997,0.1444,0.7316,0.06098217821782178,0.1516,0.598062844843285,0.4127592088649955,0.16399999999999998,0.5392,0.11536822760536922,0.028000000000000004
3225,0.3376,0.10065254228542539,0.48519999999999996,0.018752475247524755,0.14079999999999998,0.24069677434763012,0.9751999999999998,0.010799999999999999,0.6707996039603961,0.09952316831683168,0.0012000000000000001
3226,0.0076,0.0036000000000000003,0.4284,0.021952475247524753,0.04920000000000001,0.11421929181929183,0.9356535059331176,0.0024000000000000002,0.22399841584158414,0.12656822760536923,0.0032
3227,0.46160000000000007,0.3959386232684217,0.44559999999999994,0.05275247524752476,0.1476,0.3185163342498306,0.7769887725975261,0.8044,0.45419960396039605,0.10224505928853755,0.002
3228,0.32280000000000003,0.07873862326842172,0.7348,0.0376,0.08560000000000001,0.19153491615692103,0.8859773657534197,0.09759999999999999,0.49079999999999996,0.19496822760536922,0.02
3229,0.0524,0.08280000000000001,0.7535999999999999,0.053176237623762376,0.11240000000000001,0.14345814354078412,0.9228943862987631,0.0648,0.6969984158415842,0.0432,0.0016
3230,0.1308,0.0796,0.4368,0.0388,0.0324,0.18905765454322912,0.5402830691754729,0.06960000000000001,0.32439999999999997,0.5463364552107384,0.007995004929346041
3231,0.09040000000000001,0.0308,0.6771999999999999,0.0064,0.0412,0.08461907090464547,0.872894386298763,0.0864,0.22000000000000003,0.3920913959222009,0.008799999999999999
3232,0.27440000000000003,0.0496,0.49559999999999993,0.01,0.0132,0.056619070904645484,0.9612,0.0716,0.3436,0.36192252964426874,0.014000000000000002
3233,0.31920000000000004,0.45640000000000003,0.674,0.1599049504950495,0.0516,0.23886181967991255,0.7369663177925785,0.202,0.5436,0.5602748264391657,0.2307186447170063
3234,0.18439999999999998,0.0876,0.48,0.03915247524752475,0.0092,0.11399999999999999,0.8784943862987632,0.0036000000000000003,0.06779960396039604,0.06664505928853755,0.0012000000000000001
3235,0.0088,0.0008,0.5112,0.009600000000000001,0.0076,0.13003858363858364,0.782,0.012,0.4888,0.05600000000000001,0.0
3236,0.22880000000000003,0.045200000000000004,0.6028,0.0631049504950495,0.0676,0.17923858363858364,0.7538831588962892,0.055999999999999994,0.3534,0.16115101944977106,0.1008
3237,0.3436,0.11255643044619423,0.6367999999999999,0.03915247524752476,0.0888,0.3182827682096581,0.3184493869680514,0.1288,0.6329999999999999,0.2304,0.006
3238,0.025199999999999993,0.006,0.5488,0.013599999999999998,0.0108,0.09287650453322825,0.8939999999999999,0.0016,0.192,0.1856,0.0012000000000000001
3239,0.0324,0.0816,0.47639999999999993,0.0659049504950495,0.13,0.2034192918192918,0.8587999999999999,0.013600000000000001,0.305,0.33816822760536924,0.007200000000000001
3240,0.2072,0.0128,0.5836,0.00988118811881188,0.0288,0.0629150881718119,0.9427999999999999,0.1312,0.4693992079207921,0.2443756772198959,0.0
3241,0.1976,0.2244,0.5948,0.06030495049504951,0.057999999999999996,0.42789593688106076,0.7221436835459982,0.13520000000000001,0.559799207920792,0.18765250890306423,0.0144
3242,0.0752,0.033600000000000005,0.7548,0.027488758433365457,0.1012,0.2500769935307833,0.7988719314938155,0.0036000000000000003,0.030199999999999998,0.018661539545258878,0.0008
3243,0.2576,0.16640000000000002,0.6,0.024800000000000003,0.19039999999999999,0.23993557890086006,0.8128943862987631,0.14320000000000002,0.5591984158415841,0.4150450592885376,0.0248
3244,0.10600000000000001,0.0144,0.4,0.06717623762376237,0.05519999999999999,0.20674695242274704,0.708,0.008400000000000001,0.3204,0.12832252964426877,0.004399999999999999
3245,0.2552,0.0948,0.6796,0.108609900990099,0.1312,0.24749650626472147,0.8024942965779468,0.0736,0.578999603960396,0.14056822760536924,0.0024000000000000002
3246,0.3696,0.28440000000000004,0.798,0.10065346534653466,0.1132,0.9124383627239373,0.612310091059393,0.2032,0.3579984158415842,0.3396913959222009,0.0172
3247,0.054400000000000004,0.7983695538057743,0.9432,0.1211049504950495,0.033600000000000005,0.07228309636650869,0.9158157944814462,0.024800000000000006,0.8911999999999999,0.027600000000000003,0.0008
3248,0.4295999999999999,0.0076,0.17959999999999998,0.029104950495049502,0.0764,0.2742190709046455,0.36934386298763083,0.13599999999999998,0.6779992079207922,0.18639999999999998,0.0012000000000000001
3249,0.4104,0.040400000000000005,0.6064,0.06336237623762377,0.029600000000000005,0.2749007597839289,0.7782157944814463,0.0252,0.5022,0.20989002935076115,0.023600000000000003
3250,0.0444,0.08760000000000001,0.9212,0.0328,0.044399999999999995,0.24916071611717375,0.7293887725975261,0.18359999999999999,0.44119960396039604,0.4676126482213438,0.002
3251,0.09119999999999999,0.015169553805774278,0.4972,0.05263366336633664,0.06720000000000001,0.14240000000000003,0.9768000000000001,0.033600000000000005,0.6819992079207922,0.09584505928853755,0.0024000000000000002
3252,0.1456,0.05840000000000001,0.724,0.09653861386138614,0.074,0.3042190709046455,0.546237980123945,0.054799999999999995,0.28099881188118814,0.2868272124603765,0.0024000000000000002
3253,0.184,0.24036955380577427,0.6763999999999999,0.0208,0.2112,0.2632115944365333,0.621325437426933,0.092,0.47439920792079204,0.3877675889328064,0.023989878409464344
3254,0.1328,0.14479999999999998,0.8219999999999998,0.05988118811881188,0.1644,0.18123863080684596,0.59068727737118,0.09559999999999999,0.6644,0.1371225296442688,0.024399999999999998
3255,0.0196,0.1339695538057743,0.6196,0.060304950495049504,0.0752,0.2710576545432291,0.7816943862987631,0.008799999999999999,0.33699999999999997,0.4096411380268462,0.0004
3256,0.0708,0.03396955380577428,0.8032,0.027176237623762374,0.0836,0.10683814180929097,0.7193887725975261,0.0212,0.5178,0.041600000000000005,0.007600000000000001
3257,0.24559999999999998,0.0324,0.5895999999999999,0.5338336633663368,0.11479999999999999,0.30166204059455887,0.8442831588962892,0.086,0.19339960396039604,0.08032316831683169,0.0024000000000000002
3258,0.5408,0.05704776902887139,0.8927999999999999,0.14663366336633663,0.13240000000000002,0.39087743536007596,0.4595775451950524,0.06960000000000001,0.8724000000000001,0.060399999999999995,0.0036000000000000003
3259,0.0008,0.0196,0.3232,0.012,0.009600000000000001,0.0780388517214923,0.9527999999999999,0.0,0.4484000000000001,0.058399999999999994,0.0012000000000000001
3260,0.1248,0.10716955380577428,0.5312,0.05917623762376238,0.0508,0.15861907090464547,0.8120045670789724,0.08320000000000001,0.6300000000000001,0.09519999999999999,0.022399999999999996
3261,0.016000000000000004,0.0832,0.9263999999999999,0.0036000000000000003,0.0172,0.3182577140486689,0.9655999999999999,0.015200000000000002,0.8728,0.0312,0.0
3262,0.0704,0.0252,0.9172,0.011600000000000001,0.07876967213114754,0.23245115607022698,0.473060524649709,0.0516,0.8692,0.0436,0.004000000000000001
3263,0.028000000000000004,0.027600000000000003,0.41,0.01835247524752475,0.0004,0.18901929181929183,0.9748719314938153,0.0448,0.44000000000000006,0.09696822760536924,0.0032
3264,0.2284,0.0448,0.32199999999999995,0.1127049504950495,0.1412,0.1363744777906147,0.7940719314938154,0.13240000000000002,0.28379960396039605,0.3165053214886706,0.0076
3265,0.1924,0.09240000000000001,0.5596,0.06663366336633664,0.023600000000000003,0.28261955990220045,0.5009211390202342,0.09519999999999999,0.394399603960396,0.12064505928853755,0.0004
3266,0.2452,0.1216,0.762,0.09253465346534653,0.10639999999999998,0.1708,0.8703999999999998,0.0488,0.655799207920792,0.09361392556646969,0.004
3267,0.28200000000000003,0.16240000000000002,0.6948,0.08034851485148514,0.09079999999999999,0.022257433628582773,0.7687592088649955,0.0844,0.5703964356435643,0.23418343051696472,0.020399999999999998
3268,0.2996,0.15760000000000002,0.6584,0.0516,0.06520000000000001,0.93184521346624,0.8117438629876309,0.1528,0.45159960396039606,0.3066456979611004,0.0088
3269,0.9635999999999999,0.04673862326842172,0.8672000000000001,0.008,0.0836,0.3946313280851178,0.0688,0.6756,0.086,0.19,0.0004
3270,0.0328,0.0836,0.43360000000000004,0.07117623762376238,0.0388,0.22375322998110284,0.9032,0.0132,0.3227992079207921,0.2889053214886706,0.002794875164257556
3271,0.2492,0.16,0.8267999999999999,0.04797227722772278,0.0924,0.33365244931650795,0.3090831588962893,0.178,0.5582,0.3119364552107385,0.010794875164257556
3272,0.33599999999999997,0.1328,0.8156000000000001,0.0084,0.1008,0.2995969239413808,0.6166831588962893,0.22719999999999999,0.558,0.21736822760536922,0.0056
3273,0.3068,0.27240000000000003,0.6543999999999999,0.053104950495049506,0.0588,0.041600000000000005,0.918094386298763,0.1504,0.44179960396039597,0.40264633663366334,0.008799999999999999
3274,0.38760000000000006,0.1916,0.7023999999999999,0.09272871287128712,0.06999999999999999,0.9852000000000001,0.5971591191441792,0.1808,0.532399603960396,0.25633645521073845,0.0492
3275,0.17240000000000003,0.13440000000000002,0.7684,0.3187287128712871,0.028800000000000003,0.22174164788174705,0.7654074215033304,0.18080000000000002,0.735,0.13184569796110043,0.021599999999999998
3276,0.21599999999999997,0.17711296843992058,0.8071999999999999,0.07543366336633664,0.0988,0.24607699353078324,0.821204477358156,0.082,0.711599603960396,0.2484,0.0256
3277,0.2572,0.1452,0.6108,0.0717148514851485,0.17676967213114753,0.4395863005012176,0.6244622807176219,0.14640000000000003,0.5707968316831684,0.29893253394904706,0.005200000000000001
3278,0.31120000000000003,0.09553862326842172,0.7459999999999999,0.05493861386138613,0.1236,0.35299288595132117,0.47581570476063,0.1152,0.6543988118811882,0.1520126482213439,0.0048000000000000004
3279,0.6295999999999999,0.0596,0.7467999999999999,0.00037623762376237625,0.08956967213114754,0.23450306424316342,0.998,0.0412,0.41199881188118803,0.4168595343012562,0.0028
3280,0.34879999999999994,0.0728,0.576,0.06955247524752475,0.156,0.07181929181929182,0.7584493869680514,0.1292,0.5243992079207921,0.34776758893280635,0.053184622124494166
3281,0.2144,0.0224,0.386,0.0124,0.09440000000000001,0.1425795216081293,0.8240494766888677,0.1312,0.5959999999999999,0.284,0.08
3282,0.5036,0.1068,0.44800000000000006,0.038,0.0668,0.14963814180929097,0.7719550903901047,0.2664,0.5253996039603961,0.3369688662779321,0.0008
3283,0.0164,0.0016,0.5568,0.055738613861386135,0.015200000000000002,0.11301907090464547,0.6594831588962892,0.0008,0.1948,0.0708,0.0004
3284,0.40040000000000003,0.048,0.45200000000000007,0.012,0.0388,0.1766192918192918,0.883532635585157,0.11199999999999999,0.429,0.20400000000000001,0.04039487516425756
3285,0.5804,0.06120000000000001,0.5152,0.06486732673267326,0.03599999999999999,0.10745814354078413,0.8666831588962893,0.0588,0.44960000000000006,0.1624,0.0056
3286,0.11920000000000001,0.08018687664041994,0.74,0.02388118811881188,0.0612,0.19243911980440095,0.9348000000000001,0.0512,0.43079999999999996,0.21199999999999997,0.004389880093603596
3287,0.2044,0.06,0.6976,0.0088,0.022,0.023999999999999997,0.8708,0.048799999999999996,0.4664,0.334,0.003584885022949637
3288,0.21159999999999995,0.29356955380577426,0.752,0.1438811881188119,0.1772,0.16945792262613782,0.48287175205218275,0.07117158596694693,0.4952,0.20424505928853756,0.02638974864437586
3289,0.2892,0.048,0.3188,0.0132,0.0444,0.1341155771693669,0.8568,0.0636,0.8863992079207922,0.11839999999999999,0.010399999999999998
3290,0.11560000000000001,0.054400000000000004,0.9359999999999999,0.009152475247524753,0.12279999999999999,0.27080000000000004,0.8187550903901046,0.0392,0.870799603960396,0.0708,0.034800000000000005
3291,0.1044,0.023600000000000003,0.6176,0.23037227722772266,0.054000000000000006,0.2671604952025274,0.7029478922318807,0.2088,0.4613798019801981,0.1889983172230266,0.0116
3292,0.2636,0.314,0.9196,0.04298613861386138,0.05346461548890019,0.45399564857853375,0.6662606143705252,0.14400000000000002,0.6159980198019802,0.3782729104214769,0.008400000000000001
3293,0.0824,0.06436955380577428,0.4284,0.25470891089108905,0.0372,0.1392383627239373,0.8813478922318808,0.0284,0.6105881188118811,0.15325346065041287,0.0
3294,0.25880000000000003,0.5155391076115485,0.7264,0.03028118811881188,0.30236967213114757,0.4419432935985504,0.7795775451950523,0.07640000000000001,0.5328,0.27305962352757013,0.0124
3295,0.010400000000000001,0.0376,0.5376000000000001,0.013576237623762376,0.036,0.16879903434206747,0.9756,0.244,0.6335999999999999,0.0664,0.0
3296,0.11440000000000002,0.09040000000000001,0.3412,0.05272871287128713,0.11199999999999999,0.10597452495887702,0.892,0.09159999999999999,0.2915972277227723,0.48753773255586424,0.002
3297,0.38639999999999997,0.06720000000000001,0.4720000000000001,0.03475247524752475,0.0968,0.14741929181929186,0.8301887725975263,0.0316,0.2924,0.13640000000000002,0.0092
3298,0.005200000000000001,0.013600000000000001,0.4032,0.0028,0.0184,0.08745743362858277,0.9767999999999999,0.004399999999999999,0.38880000000000003,0.154,0.0008
3299,0.0256,0.059199999999999996,0.6136000000000001,0.032776237623762375,0.06639999999999999,0.19673040591573596,0.6696,0.014800000000000002,0.17,0.018800000000000004,0.0004
3300,0.17760000000000004,0.0636,0.5584,0.012,0.038,0.15381955990220048,0.9725663177925785,0.026000000000000002,0.46080000000000004,0.11512252964426876,0.0156
3301,0.01,0.022,0.6488,0.04828118811881188,0.0016,0.17541929181929186,0.8850831588962894,0.0028,0.3154,0.06999999999999999,0.0008
3302,0.37440000000000007,0.07796955380577428,0.774,0.026304950495049502,0.06,0.30865867970660144,0.4724493869680514,0.1976,0.7385992079207921,0.12018279184440184,0.01
3303,0.7183999999999999,0.0496,0.5152,0.06077623762376237,0.1172,0.18960000000000002,0.9749887725975261,0.057999999999999996,0.5388000000000001,0.46440000000000003,0.0
3304,0.0004,0.0,0.38160000000000005,0.016376237623762377,0.0008,0.05981929181929182,0.9864,0.0,0.1488,0.059199999999999996,0.011600000000000001
3305,0.7388,0.0648,0.572,0.0352,0.0812,0.20384363873729844,0.9717887725975259,0.10799999999999998,0.7004,0.2091231683168317,0.0072
3306,0.5364000000000001,0.0308,0.5332,0.025576237623762377,0.046,0.09,0.9751999999999998,0.29400000000000004,0.2818,0.45640000000000003,0.0004
3307,0.22479999999999997,0.08676955380577428,0.5904,0.013576237623762376,0.28959999999999997,0.14727699353078327,0.8881887725975262,0.0648,0.464599603960396,0.3372901185770751,0.004399999999999999
3308,0.41159999999999997,0.32120000000000004,0.8068,0.08020990099009902,0.09,0.2597292219326449,0.7401887725975262,0.156,0.542799207920792,0.3922456979611004,0.054764383995840604
3309,0.041600000000000005,0.0204,0.23399999999999999,0.07366732673267326,0.013600000000000001,0.08661907090464546,0.8920943862987631,0.0172,0.2136,0.11596302899855204,0.015200000000000002
3310,0.0792,0.082,0.6472,0.024,0.1272,0.28153513707156735,0.552148071183338,0.045599999999999995,0.5295996039603961,0.04312252964426878,0.008
3311,0.01,0.030000000000000006,0.5892000000000001,0.013976237623762374,0.0108,0.12643814180929097,0.901294386298763,0.008799999999999999,0.3219980198019802,0.07218151449927603,0.0012000000000000001
3312,0.0932,0.036,0.5736000000000001,0.048,0.0392,0.041019291819291814,0.9712,0.016800000000000002,0.34199999999999997,0.26992252964426877,0.00599500492934604
3313,0.27440000000000003,0.1232,0.7348,0.08037623762376236,0.1975696721311475,0.9768000000000001,0.7281030718526263,0.1316,0.6351972277227722,0.24505898485500724,0.0064
3314,0.0124,0.004,0.53,0.0268,0.0092,0.15541929181929184,0.7452,0.0124,0.22319999999999998,0.06520000000000001,0.0
3315,0.12,0.005600000000000001,0.378,0.06345742574257425,0.0644,0.11749601726716641,0.8320000000000001,0.012,0.20859999999999998,0.31089139592220094,0.007574498849819258
3316,0.0784,0.10600000000000001,0.682,0.15995117979087628,0.014000000000000002,0.24305814354078414,0.8812000000000001,0.0844,0.36300000000000004,0.2041808758267131,0.0036000000000000003
3317,0.2488,0.0512,0.5744,0.0104,0.0728,0.1403351370715674,0.9348942965779468,0.057199999999999994,0.3082,0.2651225296442688,0.0092
3318,0.012,0.0516,0.9636000000000001,0.1276,0.12312099644128116,0.4082199319895926,0.8644943862987631,0.0152,0.9872,0.0284,0.0008
3319,0.2712,0.05076955380577428,0.5368,0.023952475247524748,0.0692,0.1817027961602547,0.8844,0.078,0.46840000000000004,0.10464569796110046,0.0032
3320,0.0756,0.04356955380577428,0.472,0.03632475247524752,0.0776,0.1086579226261378,0.8697887725975262,0.055600000000000004,0.549,0.156,0.0016
3321,0.0064,0.0612,0.7296,0.0368,0.07520000000000002,0.26843440098574706,0.7877887725975261,0.0016,0.2312,0.0256,0.0
3322,0.2684,0.18793813892529487,0.6348,0.05303366336633662,0.1304,0.32354856092019907,0.832543862987631,0.2036,0.625199603960396,0.40610404414354484,0.014799999999999999
3323,0.14040000000000002,0.03319999999999999,0.6864000000000001,0.017552475247524752,0.0628,0.22196045070348386,0.8372000000000002,0.0108,0.36179960396039607,0.0452,0.0016
3324,0.027600000000000003,0.024,0.2792,0.019928712871287127,0.0068000000000000005,0.07621929181929184,0.9808,0.0008,0.20380000000000004,0.12521392556646968,0.0016
3325,0.288,0.17156906946264744,0.7192000000000001,0.18119999999999997,0.054799999999999995,0.14465765454322912,0.6252493869680514,0.0208,0.13920000000000002,0.8183999999999999,0.008400000000000001
3326,0.48840000000000006,0.06200000000000001,0.6908000000000001,0.0024000000000000002,0.1008,0.1014579226261378,0.8587326355851571,0.1068,0.2756,0.438,0.0036000000000000003
3327,0.0232,0.15076906946264743,0.97,0.30840000000000006,0.10992099644128113,0.3434581907090465,0.4348000000000001,0.02,0.9681999999999998,0.0696,0.0008
3328,0.0112,0.008,0.4408,0.008400000000000001,0.0012000000000000001,0.08661929181929182,0.8984943862987631,0.0,0.11400000000000002,0.06960000000000001,0.0
3329,0.2224,0.0156,0.4208,0.0124,0.08,0.19335442889085921,0.5900943862987631,0.030000000000000006,0.42919999999999997,0.348,0.0004
3330,0.11359999999999999,0.1192,0.6136000000000001,0.07724356435643565,0.0472,0.16677420970770607,0.2897886828767099,0.2192,0.6101984158415842,0.20673180605017025,0.0007948734801183045
3331,0.014400000000000001,0.0196,0.852,0.09378613861386138,0.40193934426229505,0.1530192918192918,0.5588943862987631,0.0048000000000000004,0.34480000000000005,0.1016,0.0028
3332,0.08920000000000002,0.15956955380577426,0.7567999999999999,0.004,0.11199999999999999,0.17781788166284784,0.34089438629876306,0.2096,0.47419960396039607,0.30801392556646967,0.0028
3333,0.005599999999999999,0.0016,0.5151999999999999,0.06220990099009901,0.06360000000000002,0.1294190709046455,0.8204,0.0008,0.17360000000000003,0.054400000000000004,0.0004
3334,0.3068,0.0616,0.5844,0.014867326732673266,0.09759999999999999,0.2992,0.3273663177925785,0.16560000000000002,0.5494000000000001,0.26548027991420586,0.008799999999999999
3335,0.035199999999999995,0.041908661417322836,0.6124,0.007976237623762376,0.0372,0.1256383627239373,0.7469437732668145,0.0088,0.4541980198019802,0.07416758893280632,0.002
3336,0.3356,0.044,0.7768,0.02625742574257426,0.057600000000000005,0.0396,0.8388,0.2312,0.8356,0.0448,0.004
3337,0.0528,0.07516906946264744,0.8455999999999999,0.0444,0.0436,0.31185792262613776,0.19637754519505232,0.0704,0.8629999999999999,0.0536,0.0084
3338,0.18839999999999998,0.06160000000000001,0.554,0.05665742574257425,0.09000000000000001,0.13316022978883751,0.7950830691754729,0.15960000000000002,0.422199207920792,0.1840126482213439,0.020800000000000003
3339,0.40680000000000005,0.0836,0.7476,0.0308,0.08159999999999999,0.37444143534361424,0.945694386298763,0.0968,0.5659996039603961,0.0972,0.02679500492934604
3340,0.0268,0.0,0.1708,0.01715247524752475,0.005200000000000001,0.06301929181929182,0.9016,0.0008,0.1238,0.0628,0.0004
3341,0.3168,0.0848,0.11480000000000001,0.01691485148514851,0.0824,0.24571611333518426,0.7848943862987631,0.1156,0.4208,0.22954910343208237,0.0032
3342,0.5364,0.0144,0.7284,0.026352475247524754,0.0264,0.10181929181929181,0.9652,0.0892,0.23419960396039605,0.19995101944977106,0.0
3343,0.34199999999999997,0.015200000000000002,0.39359999999999995,0.0124,0.043543619047619046,0.047857654543229114,0.9768000000000001,0.1696,0.4412,0.30561456423903255,0.005599999999999999
3344,0.009600000000000001,0.004,0.23280000000000003,0.009576237623762376,0.0016,0.0772383627239373,0.9336,0.010400000000000001,0.2172,0.05639999999999999,0.008799999999999999
3345,0.3444,0.2064,0.7664000000000002,0.1108158415841584,0.11359999999999999,0.9432385836385837,0.659060524649709,0.156,0.4481992079207921,0.2364913959222009,0.0212
3346,0.0548,0.07553910761154856,0.8684,0.0028,0.0424,0.1957160189986596,0.2697886828767099,0.032,0.6936,0.0756,0.0008
3347,0.1584,0.1568,0.8140000000000001,0.08637623762376237,0.09519999999999999,0.16505792262613778,0.7722877259752616,0.616,0.7464000000000001,0.1368,0.0032
3348,0.002,0.0004,0.23200000000000004,0.014376237623762375,0.0004,0.06661929181929183,0.9148,0.0,0.14279999999999998,0.057199999999999994,0.0008
3349,0.43479999999999996,0.054799999999999995,0.8652000000000001,0.01717623762376238,0.0648,0.20028328075709778,0.9792,0.10959999999999999,0.4795999999999999,0.19064569796110048,0.0012000000000000001
3350,0.0224,0.0452,0.3988,0.07712871287128711,0.027600000000000003,0.10767650453322823,0.9675999999999998,0.0024000000000000002,0.1978,0.04464505928853755,0.0
3351,0.06999999999999999,0.046799999999999994,0.1664,0.049976237623762375,0.0536,0.19039999999999999,0.8172719314938155,0.0432,0.5777992079207921,0.13225898485500726,0.0064
3352,0.3416,0.06150866141732284,0.49639999999999995,0.07075247524752476,0.15839999999999999,0.23523863080684598,0.6921887725975261,0.11639999999999999,0.5124,0.3551377325558643,0.0048000000000000004
3353,0.17959999999999998,0.008400000000000001,0.6956,0.01595247524752475,0.072,0.31105765454322915,0.21197754519505235,0.072,0.5017996039603961,0.1337948013931828,0.006
3354,0.6988,0.0312,0.38039999999999996,0.03197623762376238,0.024399999999999998,0.026000000000000002,0.9272943862987632,0.11480000000000001,0.3026,0.3246450592885376,0.0008
3355,0.002,0.0212,0.4404,0.027199999999999995,0.0,0.10825765454322911,0.9815999999999999,0.0072,0.3292,0.024,0.0
3356,0.4748,0.054400000000000004,0.6044,0.0088,0.08919999999999999,0.18563858363858365,0.9644943862987632,0.0664,0.4084,0.09632252964426878,0.005200000000000001
3357,0.0068000000000000005,0.02956955380577428,0.44720000000000004,0.0016,0.008,0.20803863080684598,0.9140719314938155,0.004400000000000001,0.2504,0.0524,0.0
3358,0.3316,0.22879999999999998,0.6864,0.10515247524752476,0.050399999999999986,0.17803863080684595,0.9735999999999999,0.0744,0.5719980198019802,0.28359999999999996,0.016794875164257556
3359,0.046,0.06760000000000001,0.78,0.7543762376237624,0.0372,0.12055389272504188,0.7115141203036428,0.024799999999999996,0.5689972277227723,0.13193709388330138,0.058399999999999994
3360,0.14440000000000003,0.128,0.7404,0.0092,0.12196967213114755,0.09229628535007509,0.9207775451950523,0.0216,0.3386,0.16232252964426877,0.0012000000000000001
3361,0.39959999999999996,0.12240000000000002,0.7056,0.022799999999999997,0.04,0.19763885172149231,0.849788772597526,0.11600000000000002,0.46399999999999997,0.12456758893280633,0.0024000000000000002
3362,0.1988,0.126,0.2084,0.10124356435643564,0.0616,0.32775438172259685,0.5649887725975262,0.022,0.2621992079207921,0.13230203889954212,0.0
3363,0.06960000000000001,0.0116,0.6252000000000001,0.06277623762376239,0.002,0.12341929181929183,0.8992000000000001,0.002,0.2092,0.194,0.0048000000000000004
3364,0.0132,0.007169553805774278,0.48440000000000005,0.06582574257425741,0.0016,0.09585743362858276,0.9164,0.008799999999999999,0.3359984158415842,0.08958222048291788,0.0
3365,0.3656,0.1328,0.93,0.019200000000000002,0.086,0.4130834395768165,0.7250607040913415,0.1004,0.7624000000000001,0.12432316831683168,0.012
3366,0.18,0.022799999999999997,0.5052,0.04035247524752475,0.042,0.1272383627239373,0.5537438629876309,0.03560000000000001,0.4497988118811881,0.3733986334285603,0.0024000000000000002
3367,0.46799999999999997,0.5227391076115485,0.3564,0.09225742574257426,0.06920000000000001,0.2620772144454296,0.7743775451950523,0.2624,0.5216000000000001,0.3376920345947638,0.00759500492934604
3368,0.28840000000000005,0.1476,0.6224000000000001,0.08668118811881188,0.17795391068279823,0.8906832807570977,0.7183906183862554,0.0888,0.6515972277227722,0.21402848980550226,0.0124
3369,0.49400000000000005,0.04836906946264745,0.5584,0.03560000000000001,0.0324,0.18789677434763008,0.9434831588962893,0.39879999999999993,0.32880000000000004,0.2708,0.002
3370,0.26080000000000003,0.1608,0.7636000000000001,0.015552475247524756,0.1928,0.23767694636252093,0.695460524649709,0.08399999999999999,0.5785992079207921,0.30945962352757017,0.034389880093603595
3371,0.008,0.0064,0.5276,0.014000000000000002,0.0108,0.14301929181929182,0.88778868287671,0.0068000000000000005,0.2152,0.0464,0.0032
3372,0.2864,0.2332,0.752,0.10152871287128713,0.09559999999999999,0.32723863080684595,0.7354607040913415,0.1584,0.6975999999999999,0.2092132868939068,0.0076
3373,0.08280000000000001,0.0316,0.2812,0.01340990099009901,0.0816,0.09469601726716641,0.2888,0.060399999999999995,0.1756,0.6268152029115954,0.0012000000000000001
3374,0.1752,0.0256,0.3856,0.0388,0.1716,0.08345819070904645,0.912094386298763,0.0656,0.580599603960396,0.3283225296442688,0.012400000000000001
3375,0.2144,0.12433910761154857,0.42280000000000006,0.08903366336633663,0.1056,0.2882040236318965,0.5513663177925785,0.16879999999999998,0.4621988118811882,0.2475007615544163,0.002
3376,0.0716,0.021199999999999997,0.592,0.014000000000000002,0.07234361904761905,0.08603836272393729,0.915694386298763,0.0512,0.20840000000000006,0.3952,0.007964643526017575
3377,0.2184,0.0168,0.5024,0.0156,0.1944,0.12843863080684598,0.5820943862987631,0.18280000000000002,0.5676,0.3384,0.003974894881641716
3378,0.48840000000000006,0.20113910761154857,0.7676000000000001,0.04458613861386139,0.066,0.2517544288908592,0.7750831588962892,0.18039999999999998,0.638,0.2907231683168317,0.01159000985869208
3379,0.3236,0.18480000000000002,0.622,0.10297821782178215,0.06720000000000001,0.20931628708156827,0.5984719314938155,0.1988,0.5582,0.2556913959222009,0.02119500492934604
3380,0.036,0.010400000000000001,0.4391999999999999,0.019200000000000002,0.005200000000000001,0.09821929181929182,0.8830831588962893,0.013600000000000001,0.1956,0.1036,0.0004
3381,0.336,0.1724,0.6936,0.12623366336633662,0.0576,0.27023169050455115,0.48821579448144625,0.17279999999999998,0.6206,0.14679999999999999,0.007194873480118305
3382,0.2876,0.13236906946264745,0.686,0.0312,0.0504,0.2331030620311652,0.8385887725975261,0.15960000000000002,0.5337996039603959,0.3679225296442688,0.02
3383,0.10439999999999998,0.044308177074196,0.6083999999999999,0.10397623762376237,0.10519999999999999,0.2377940848610775,0.978094386298763,0.0308,0.48539881188118816,0.2315383712284272,0.028000000000000004
3384,0.8656,0.006,0.6708000000000001,0.009176237623762375,0.1572,0.2104383627239373,0.9529887725975261,0.182,0.8138,0.31976886627793216,0.0024000000000000002
3385,0.6452,0.06107773087997028,0.696,0.05077623762376238,0.0632,0.18738054677150168,0.6470922033334178,0.19679999999999997,0.727399207920792,0.18385962352757015,0.0012000000000000001
3386,0.29840000000000005,0.0688,0.622,0.06985346534653465,0.03716967213114754,0.34643324924425306,0.7713438629876309,0.0416,0.3516,0.30096822760536923,0.0152
3387,0.2988,0.10600000000000001,0.7807999999999999,0.02917623762376238,0.053200000000000004,0.19117345262724234,0.7760942965779468,0.14040000000000002,0.6332,0.1568,0.026395004929346037
3388,0.052000000000000005,0.12483319263991086,0.8099999999999999,0.021786138613861385,0.0556,0.3180383627239373,0.46237754519505236,0.048,0.32439999999999997,0.07616822760536923,0.0016
3389,0.0732,0.0216,0.33840000000000003,0.3718099009900998,0.07759999999999999,0.3318195599022005,0.7386422785306438,0.0848,0.37553821782178237,0.375734997847611,0.007200000000000001
3390,0.06720000000000001,0.19359999999999997,0.5768,0.1339207920792079,0.13076967213114754,0.3259990316728487,0.4019775451950524,0.1708,0.5339984158415841,0.15621544867530232,0.014400000000000001
3391,0.2284,0.062,0.7139999999999999,0.09637623762376238,0.08560000000000001,0.19949655343298375,0.6337438629876309,0.08280000000000001,0.5996,0.30985898485500724,0.0
3392,0.7327999999999999,0.10919999999999999,0.7784,0.11966732673267325,0.041600000000000005,0.0794195599022005,0.9872,0.0128,0.7851976237623761,0.16459799475599735,0.0
3393,0.0164,0.007999999999999998,0.6732,0.08115247524752475,0.009200000000000002,0.0636,0.958,0.0076,0.28700000000000003,0.1216139255664697,0.0028
3394,0.2464,0.17033910761154858,0.6068,0.04348118811881188,0.0772,0.25092810243274793,0.18239999999999998,0.15038526980309636,0.5418000000000001,0.36281456423903263,0.022795004929346042
3395,0.238,0.16599999999999998,0.7536,0.017857425742574255,0.09559999999999999,0.3557808198321646,0.8564,0.11479999999999999,0.5005996039603959,0.30708683598794667,0.019200000000000002
3396,0.22959999999999997,0.11476955380577428,0.44719999999999993,0.06893861386138614,0.04279999999999999,0.2744890769648715,0.7902607040913415,0.1092,0.5625992079207921,0.27267418776660274,0.0188
3397,0.264,0.118,0.5871999999999999,0.08736237623762375,0.06,0.2157155771693669,0.7968719314938154,0.128,0.48139841584158416,0.3036145642390326,0.0168
3398,0.2672,0.21559999999999996,0.634,0.07475247524752475,0.072,0.26008787805511524,0.563177455474236,0.0968,0.6915996039603961,0.3591225296442687,0.01159000985869208
3399,0.0884,0.016399999999999998,0.6088,0.0308,0.06000000000000001,0.14734077389112038,0.6159774554742359,0.12279999999999999,0.3948,0.12584505928853756,0.0012000000000000001
3400,0.28040000000000004,0.0324,0.6319999999999999,0.066,0.048,0.2418190709046455,0.8694382492863939,0.06319999999999999,0.4325996039603961,0.11753709388330136,0.006
3401,0.29080000000000006,0.0168,0.37520000000000003,0.023976237623762376,0.0456,0.1012,0.7172000000000001,0.06120000000000001,0.16639960396039605,0.22113645521073844,0.0008
3402,0.2472,0.371324531222588,0.8051999999999999,0.10249108910891087,0.132,0.29851606616692195,0.6609662280717622,0.0904,0.46159920792079207,0.22872252964426876,0.022394873480118305
3403,0.0364,0.013600000000000001,0.36879999999999996,0.03028118811881188,0.040400000000000005,0.15629677434763015,0.687694386298763,0.058800000000000005,0.33799920792079213,0.1674695386060345,0.0
3404,0.05119999999999999,0.0008,0.5216000000000001,0.027999999999999997,0.016800000000000002,0.092,0.9298831588962893,0.0004,0.2048,0.0896,0.0064
3405,0.15760000000000002,0.1218477690288714,0.7135999999999999,0.24425742574257425,0.012,0.2719098357768284,0.5664,0.1312,0.4347992079207921,0.1733973560834344,0.006
3406,0.3204,0.15639999999999998,0.6208,0.09761980198019801,0.1024,0.32393535798621376,0.9176943862987631,0.07640000000000001,0.6673980198019802,0.1589350886392987,0.0036000000000000003
3407,0.3164,0.124,0.6216,0.035524752475247515,0.03560000000000001,0.2462446633321687,0.8837886828767099,0.14120000000000002,0.5489976237623763,0.294757102492858,0.006
3408,0.0144,0.1567695538057743,0.8792,0.01715247524752475,0.0504,0.36157156112021643,0.7644,0.2492,0.7133964356435645,0.29258215317183894,0.0004
3409,0.32120000000000004,0.088,0.6540000000000001,0.029600000000000005,0.1,0.27055410607244623,0.8375999999999999,0.164,0.48739999999999994,0.48504569796110053,0.02871390412411156
3410,0.5536,0.1116,0.6012000000000001,0.036257425742574255,0.152,0.2317161133351843,0.6376942965779467,0.0684,0.639199603960396,0.10664569796110046,0.0032
3411,0.038,0.118,0.5671999999999999,0.0084,0.0248,0.13851530908645823,0.7208,0.0436,0.422799603960396,0.1024,0.0012000000000000001
3412,0.064,0.1304,0.7664000000000001,0.01675247524752475,0.0936,0.2710024772293721,0.6006871876503638,0.0416,0.26959999999999995,0.0688,0.007200000000000001
3413,0.34319999999999995,0.2156,0.5176,0.0372,0.09759999999999999,0.18389531702292378,0.6181438629876308,0.23559999999999998,0.404,0.362,0.003995004929346039
3414,0.2772,0.19747773087997028,0.7276,0.06317623762376237,0.04360000000000001,0.742301409989469,0.8834607040913415,0.1524,0.666199603960396,0.2622456979611004,0.013600000000000001
3415,0.0188,0.01876955380577428,0.492,0.016304950495049503,0.0616,0.30269601726716644,0.5736943862987631,0.0496,0.3503996039603961,0.4830596235275701,0.0
3416,0.094,0.0844,0.4196,0.06317623762376237,0.09832099644128114,0.4062972633451851,0.6180395567502253,0.033999999999999996,0.2584,0.0748,0.004399999999999999
3417,0.2912,0.2232,0.7380000000000001,0.14841980198019802,0.029599999999999998,0.03567721444542961,0.7908718417729992,0.13,0.5557940594059406,0.4117046828161078,0.03279500492934604
3418,0.0732,0.13997278459458623,0.8780000000000001,0.006376237623762377,0.03560000000000001,0.1744764670329247,0.6952,0.6716,0.5631999999999999,0.13352252964426875,0.0068000000000000005
3419,0.592,0.0016,0.2932,0.037576237623762374,0.06999999999999999,0.08465770171149144,0.7364943862987631,0.0084,0.2902,0.49016950495049516,0.0048000000000000004
3420,0.4664,0.3075695538057743,0.8836,0.021928712871287125,0.08436967213114754,0.36739323344408925,0.7654606143705253,0.10640000000000001,0.5225996039603961,0.312,0.0156
3421,0.0984,0.16799999999999998,0.8548,0.03460990099009901,0.0844,0.34801306142919836,0.30188315889628925,0.2564,0.48539841584158416,0.2448,0.0012000000000000001
3422,0.005600000000000001,0.0472,0.524,0.0344,0.058399999999999994,0.20833040591573598,0.6872,0.007600000000000001,0.138,0.015600000000000003,0.0
3423,0.12079999999999999,0.16,0.7664,0.019833663366336636,0.1232,0.27807743536007595,0.6125435041043656,0.052000000000000005,0.434,0.3897682276053692,0.0032
3424,0.2452,0.20996955380577428,0.6975999999999999,0.03912871287128713,0.08399999999999999,0.4422582502144863,0.7137886828767098,0.1528,0.5915992079207921,0.2801186083825774,0.0067950049293460405
3425,0.0608,0.10800000000000001,0.8004,0.0388,0.1296,0.21723801425492292,0.6648000000000001,0.059199999999999996,0.5256000000000001,0.43192252964426875,0.011199999999999998
3426,0.09440000000000001,0.009600000000000001,0.4715999999999999,0.007528712871287128,0.048,0.026000000000000002,0.9875999999999999,0.057999999999999996,0.48099920792079215,0.10352252964426878,0.0
3427,0.37399999999999994,0.4047086614173228,0.8396000000000001,0.03736237623762376,0.0516,0.30757382471463446,0.8313887725975262,0.2036,0.4438000000000001,0.38002721246037646,0.01519500492934604
3428,0.0596,0.11120000000000001,0.516,0.016800000000000002,0.008,0.13287743536007596,0.8520943862987631,0.04,0.3552,0.1932,0.009600000000000001
3429,0.0032,0.0184,0.3816,0.05063366336633664,0.0132,0.09501907090464548,0.8544942965779467,0.0036000000000000003,0.33259999999999995,0.072890757249638,0.0
3430,0.028800000000000003,0.09319999999999999,0.6116,0.035009900990099006,0.08199999999999999,0.18663110717047152,0.914,0.0288,0.5609976237623762,0.060362390325989126,0.0
3431,0.086,0.124,0.5164000000000001,0.051457425742574246,0.1288,0.1372772144454296,0.6084943862987631,0.0372,0.4635988118811881,0.2156291284780652,0.005599999999999999
3432,0.0248,0.18030866141732288,0.5536,0.16392871287128713,0.1072,0.17327699353078327,0.6633887725975262,0.016800000000000002,0.530599207920792,0.2691364552107385,0.0
3433,0.386,0.21679999999999996,0.6156,0.09,0.1216,0.38845093515558066,0.7802607040913416,0.21359999999999996,0.359,0.5424901185770751,0.03839500492934604
3434,0.4064,0.0644,0.6699999999999999,0.005200000000000001,0.07039999999999999,0.15381955990220048,0.926494386298763,0.158,0.3516,0.1928,0.00839500492934604
3435,0.22199999999999998,0.12156955380577428,0.6487999999999999,0.12858217821782175,0.0708,0.609551653725248,0.8520943862987631,0.10600000000000001,0.5427992079207921,0.2569682276053692,0.0068000000000000005
3436,0.1132,0.09319999999999999,0.6544000000000001,0.05357623762376238,0.024399999999999998,0.10145814354078413,0.8614607040913416,0.09,0.74,0.11616822760536923,0.0135847535737219
3437,0.23479999999999998,0.22719999999999999,0.774,0.06510495049504951,0.16920000000000002,0.0144,0.8082606143705254,0.1632,0.5452,0.2132,0.0096
3438,0.30920000000000003,0.0484,0.6252,0.14872475247524752,0.0836,0.1866576545432291,0.7556943862987631,0.16640000000000002,0.47559722772277224,0.210939903441776,0.0012000000000000001
3439,0.1632,0.08550769273106917,0.75,0.0108,0.0576,0.20207721444542961,0.22218877259752617,0.06599999999999999,0.26799999999999996,0.22184569796110046,0.0016
3440,0.37439999999999996,0.1256,0.6308,0.07216237623762377,0.19511329117876658,0.1990307125094411,0.8238831588962892,0.2512,0.570398811881188,0.23235038077720813,0.006384883338810385
3441,0.356,0.18680000000000002,0.6144000000000001,0.06016237623762376,0.0452,0.22323885172149227,0.8792,0.1256,0.22399722772277228,0.4487412609086996,0.008400000000000001
3442,0.10800000000000001,0.11316955380577429,0.6716,0.15653861386138612,0.08676967213114754,0.23166350758722393,0.9884000000000001,0.019200000000000002,0.4433976237623762,0.13426026220013307,0.0072
3443,0.134,0.0248,0.686,0.005200000000000001,0.12000000000000002,0.19945632807910468,0.6026831588962892,0.0708,0.7952,0.04952252964426877,0.012
3444,0.22360000000000002,0.0124,0.5372000000000001,0.006,0.0308,0.2004495409705413,0.907294386298763,0.0264,0.2298,0.3664145642390326,0.0004
3445,0.3996,0.014157723862498839,0.41600000000000004,0.025552475247524752,0.1316,0.2464772144454296,0.9875999999999999,0.0108,0.6373996039603961,0.10352316831683168,0.0024000000000000002
3446,0.1728,0.054000000000000006,0.536,0.0732,0.0616,0.22473540515447604,0.5921482506249707,0.1152,0.614799207920792,0.15664505928853756,0.0496
3447,0.22679999999999997,0.1708,0.6559999999999999,0.046,0.055200000000000006,0.1172,0.8446607040913415,0.12079999999999999,0.660999603960396,0.33192316831683166,0.002
3448,0.31,0.10796955380577429,0.7332000000000001,0.08828118811881187,0.07952099644128115,0.21052619893798977,0.8618831588962893,0.058399999999999994,0.672199603960396,0.13104569796110047,0.0064
3449,0.144,0.04553910761154855,0.7488000000000001,0.046376237623762376,0.12079999999999999,0.17145765454322914,0.7994381595655776,0.0368,0.44960000000000006,0.06832252964426877,0.0008
3450,0.5428,0.044739107611548555,0.8808,0.07950495049504949,0.15396967213114757,0.30361235151699695,0.9707999999999999,0.0728,0.819199603960396,0.1976417766994091,0.0028
3451,0.2672,0.09359999999999999,0.6028,0.029199999999999997,0.09280000000000002,0.19850235166174326,0.05,0.11279999999999998,0.7407999999999999,0.16536886627793215,0.0024000000000000002
3452,0.9712000000000002,0.006,0.6843999999999999,0.08035247524752476,0.026000000000000002,0.28800000000000003,0.5115999999999999,0.007999999999999998,0.2524,0.1032,0.0048000000000000004
3453,0.1624,0.1956,0.1888,0.07312871287128712,0.0316,0.2564774825283383,0.5407773657534196,0.0664,0.8477984158415843,0.0954252072163738,0.005600000000000001
3454,0.27680000000000005,0.13230769273106918,0.5396000000000001,0.0944,0.0756,0.36101566523669215,0.7414606143705254,0.09119999999999999,0.608,0.2239225296442688,0.036000000000000004
3455,0.028800000000000003,0.0224,0.4196000000000001,0.0112,0.0156,0.09043814180929097,0.7592943862987631,0.020399999999999998,0.1176,0.15032252964426876,0.0
3456,0.019200000000000002,0.0116,0.5876,0.009999999999999998,0.0252,0.19421929181929182,0.8421886828767098,0.0032,0.2928,0.354,0.0024000000000000002
3457,0.622,0.05114341463414633,0.638,0.09907326732673265,0.059199999999999996,0.19197327888085833,0.8260045670789724,0.1568,0.5767980198019802,0.21145898485500725,0.06876963859667154
3458,0.1016,0.04,0.6332000000000001,0.01,0.0172,0.1412383627239373,0.8200943862987631,0.023600000000000003,0.43339999999999995,0.11359999999999999,0.0064
3459,0.2944,0.098,0.5932000000000001,0.018657425742574257,0.18036967213114755,0.8596,0.6260173711077266,0.09280000000000001,0.5372,0.1753808758267131,0.0156
3460,0.074,0.008799999999999999,0.4124,0.00529108910891089,0.17440000000000003,0.0984,0.3732943862987631,0.0216,0.5131992079207921,0.20392316831683166,0.0028
3461,0.6616,0.7843434146341464,0.9040000000000001,0.032586138613861386,0.1272,0.30445088798731834,0.13708306917547294,0.7424,0.871799603960396,0.029846336633663366,0.00599000985869208
3462,0.1852,0.16040000000000001,0.7928,0.1102811881188119,0.060399999999999995,0.12767721444542962,0.9019999999999999,0.0612,0.6075992079207921,0.23304505928853753,0.009595004929346038
3463,0.0324,0.10840000000000001,0.8612,0.011600000000000001,0.068,0.2285414242978819,0.7552,0.21719999999999998,0.5235984158415842,0.36313581653817556,0.0
3464,0.33320000000000005,0.23273910761154853,0.6904000000000001,0.13646732673267326,0.05833934426229509,0.40001009759053774,0.6245209595786017,0.1488,0.4285988118811881,0.31133253394904703,0.013600000000000001
3465,0.3204,0.11080000000000001,0.5892,0.11208712871287127,0.0728,0.7169554068859691,0.8419550903901045,0.1688,0.564799603960396,0.3484907572496381,0.0108
3466,0.2312,0.0268,0.692,0.015176237623762379,0.046799999999999994,0.2088634398663091,0.6971999999999999,0.012,0.2815992079207921,0.3724920345947638,0.0004
3467,0.0024000000000000002,0.0028,0.38239999999999996,0.007600000000000001,0.0008,0.10821929181929184,0.984,0.0,0.31779999999999997,0.11432252964426878,0.0
3468,0.094,0.072,0.6632,0.0567049504950495,0.11640000000000002,0.25611513534007424,0.6613886828767098,0.027600000000000003,0.5356,0.0996,0.02
3469,0.322,0.16599999999999998,0.7412000000000001,0.03696237623762376,0.06039999999999999,0.3108,0.6745213184618669,0.2,0.6913980198019802,0.08696886627793213,0.015990009858692082
3470,0.3808,0.017139107611548555,0.76,0.01717623762376238,0.0236,0.24356019390177536,0.9312000000000001,0.058399999999999994,0.4774,0.21824569796110044,0.0008
3471,0.2484,0.030000000000000006,0.5448,0.021904950495049504,0.0216,0.15701907090464548,0.8103326355851571,0.13240000000000002,0.7571988118811881,0.1741821531718389,0.0004
3472,0.3168,0.042,0.6072000000000001,0.03515247524752475,0.1808,0.21367672544787458,0.6234606143705251,0.1668,0.6584,0.11112252964426876,0.0064
3473,0.5992,0.037599999999999995,0.2372,0.011576237623762376,0.0364,0.1120383627239373,0.9244943862987631,0.45759999999999995,0.1974,0.3873675889328063,0.0
3474,0.3884,0.1439695538057743,0.562,0.017504950495049503,0.053599999999999995,0.20469492236189346,0.589577455474236,0.045599999999999995,0.5056,0.15432316831683168,0.0048000000000000004
3475,0.0612,0.15560000000000002,0.3472,0.5349861386138615,0.11599999999999999,0.2543997914225312,0.9179999999999999,0.057600000000000005,0.4833996039603961,0.09256822760536923,0.02039500492934604
3476,0.04880000000000001,0.0964,0.5988,0.08613861386138613,0.038400000000000004,0.4307542714831607,0.4349887725975262,0.0128,0.3613928712871287,0.6334780511094588,0.004
3477,0.1976,0.19,0.6656000000000001,0.055999999999999994,0.12520000000000003,0.22461929181929183,0.7633212287410506,0.18639999999999998,0.6990000000000001,0.2836,0.0152
3478,0.019999999999999997,0.0836,0.6592,0.11395247524752476,0.020800000000000003,0.18625765454322912,0.5656943862987631,0.0128,0.551999603960396,0.032799999999999996,0.0068000000000000005
3479,0.0536,0.0396,0.524,0.0172,0.0092,0.08341907090464548,0.8468943862987631,0.0128,0.1666,0.0816,0.014400000000000001
3480,0.2312,0.186,0.5684000000000001,0.05272871287128713,0.0892,0.04021929181929182,0.8588000000000001,0.1312,0.5482,0.20642657378781357,0.0116
3481,0.20600000000000002,0.22000000000000003,0.6952,0.055999999999999994,0.15956967213114753,0.5534577017114914,0.46777043626746934,0.0964,0.3272,0.22359999999999997,0.013600000000000001
3482,0.40199999999999997,0.3348,0.622,0.06197623762376238,0.08080000000000001,0.46127727395086937,0.6996719314938155,0.182,0.33859960396039607,0.5962450592885375,0.02393901597902685
3483,0.23159999999999997,0.3068,0.7771999999999999,0.06100990099009901,0.138,0.25441288768281434,0.7121214081826832,0.18119999999999997,0.544199603960396,0.3502450592885375,0.009600000000000001
3484,0.04359999999999999,0.11600000000000002,0.5016,0.06717623762376237,0.029600000000000005,0.2013027961602547,0.9381887725975261,0.0248,0.23359999999999997,0.08329203459476382,0.0004
3485,0.31520000000000004,0.10436955380577428,0.7327999999999999,0.029599999999999998,0.054400000000000004,0.24144389617600198,0.9453438629876307,0.060399999999999995,0.7806,0.13064505928853756,0.2428
3486,0.6204,0.06999999999999999,0.5924,0.05720000000000001,0.0396,0.058399999999999994,0.9208943862987631,0.13240000000000002,0.3486,0.35,0.0016
3487,0.0432,0.0832,0.9052,0.03515247524752475,0.06040000000000001,0.2694835043409629,0.5736492972472351,0.0364,0.2804,0.11000000000000001,0.005600000000000001
3488,0.24,0.22676955380577427,0.6388,0.0492,0.07440000000000001,0.1715356260691224,0.7412270218839201,0.14920000000000003,0.47019960396039606,0.4928,0.05036464184187832
3489,0.2712,0.0088,0.22879999999999998,0.07799999999999999,0.0416,0.08091530908645823,0.7150382492863938,0.16440000000000002,0.626,0.2084,0.0164
3490,0.194,0.10547821522309711,0.7784000000000001,0.12237623762376237,0.1152,0.24181907090464544,0.15748315889628922,0.08,0.6641996039603961,0.1436,0.0112
3491,0.096,0.23633910761154855,0.754,0.0696,0.06599999999999999,0.16949672717936778,0.8852943862987631,0.046400000000000004,0.3336,0.366,0.008799999999999999
3492,0.1488,0.22959999999999997,0.5079999999999999,0.07392871287128713,0.0524,0.22370306424316339,0.945694386298763,0.0656,0.514799603960396,0.15512316831683168,0.00959000985869208
3493,0.11200000000000002,0.0472,0.9079999999999998,0.0004,0.09519999999999999,0.2595219115639437,0.0444,0.028399999999999998,0.1972,0.08096950495049506,0.0
3494,0.1468,0.1468,0.8175999999999999,0.06383366336633663,0.1316,0.28387076314068976,0.7716044773581562,0.092,0.7421976237623762,0.13316302899855204,0.002
3495,0.35040000000000004,0.0336,0.4136,0.06115247524752476,0.034800000000000005,0.18792168000509232,0.2876943862987631,0.032,0.2566,0.038799999999999994,0.0
3496,0.2796,0.0496,0.43479999999999996,0.03995247524752475,0.0568,0.17203911980440098,0.8817887725975261,0.10399999999999998,0.2672,0.3025682276053693,0.016
3497,0.008799999999999999,0.0228,0.2444,0.020704950495049508,0.005200000000000001,0.0978192918192918,0.9618831588962891,0.0536,0.33520000000000005,0.114890757249638,0.0048000000000000004
3498,0.1948,0.18839999999999998,0.8124,0.12037623762376237,0.1288,0.3369157980840133,0.8301887725975263,0.0752,0.654,0.13440000000000002,0.007989746960236608
3499,0.0,0.0004,0.3776,0.005600000000000001,0.022,0.0992,0.8876,0.0008,0.352,0.047200000000000006,0.0
3500,0.019999999999999997,0.0156,0.6136,0.0028,0.0312,0.23229579635252007,0.580732635585157,0.022799999999999997,0.8219999999999998,0.0064,0.0036000000000000003
3501,0.013999999999999999,0.0024000000000000002,0.4364,0.013152475247524753,0.0616,0.13923858363858366,0.8488535059331177,0.036000000000000004,0.5455988118811881,0.05584569796110046,0.0016
3502,0.7300000000000001,0.046799999999999994,0.7704,0.024376237623762377,0.05920000000000001,0.29603723298757945,0.8212494766888678,0.033999999999999996,0.3858,0.26858023715415025,0.0068000000000000005
3503,0.030400000000000003,0.041999999999999996,0.8824,0.0024000000000000002,0.11080000000000001,0.2067604952025274,0.2601213184618668,0.0188,0.9561996039603959,0.014400000000000001,0.0008
3504,0.1632,0.12436955380577427,0.5432,0.1068910891089109,0.09586461548890017,0.5264000000000001,0.6039100013385766,0.1036,0.20419960396039602,0.16312316831683168,0.0124
3505,0.0664,0.2052,0.7892,0.03112871287128713,0.16313934426229507,0.4927346952422747,0.414574195859095,0.055200000000000006,0.3438,0.05992252964426877,0.004000000000000001
3506,0.0088,0.017599999999999998,0.62,0.10983366336633664,0.0508,0.16479934959323844,0.8539999999999999,0.0012000000000000001,0.48779960396039607,0.14264569796110046,0.0044
3507,0.2924,0.2847690694626474,0.8124,0.06703366336633663,0.1648,0.293276946362521,0.6515775451950524,0.0804,0.39139841584158414,0.3739649450162407,0.0172
3508,0.17,0.0364,0.6908000000000001,0.002,0.0804,0.09,0.8425213184618668,0.076,0.6648000000000001,0.10800000000000001,0.013199999999999998
3509,0.22679999999999997,0.128,0.6792,0.07133861386138614,0.026000000000000002,0.28424572992885955,0.6934607040913416,0.18239999999999998,0.574399603960396,0.27930659883379644,0.021189880093603595
3510,0.02,0.0256,0.9516,0.0124,0.10400000000000001,0.1494192918192918,0.1760943862987631,0.022,0.96,0.06792252964426877,0.0
3511,0.2324,0.1008,0.5296000000000001,0.03795247524752475,0.035199999999999995,0.19753540515447607,0.7928,0.14479999999999998,0.3726,0.3751377325558643,0.0164
3512,0.04,0.15040000000000003,0.8984,0.016399999999999998,0.013599999999999998,0.23228257849186945,0.9076719314938154,0.0228,0.38559960396039605,0.07696758893280634,0.0008
3513,0.484,0.32476955380577427,0.7776,0.04552871287128713,0.027600000000000003,0.6810395144654313,0.7485662280717622,0.18680000000000002,0.4095992079207921,0.44153773255586426,0.016394873480118304
3514,0.1396,0.1028,0.558,0.04124356435643565,0.068,0.18855416080795054,0.2604,0.23079999999999998,0.2831988118811881,0.3528278511329394,0.0048000000000000004
3515,0.21480000000000002,0.1758477690288714,0.5436000000000001,0.1872316831683168,0.046,0.26717349979550464,0.5996,0.21480000000000002,0.3509956435643564,0.3082988455367276,0.013600000000000001
3516,0.14,0.0372,0.5252,0.024,0.014000000000000002,0.2453025752456084,0.9400000000000001,0.011600000000000001,0.4387976237623762,0.3331225296442688,0.014794875164257556
3517,0.0308,0.0524,0.40280000000000005,0.0164,0.0536,0.20661907090464546,0.8109663177925783,0.0068000000000000005,0.394799603960396,0.3071231683168317,0.006784623808633416
3518,0.23879999999999998,0.08120000000000001,0.6155999999999999,0.019152475247524753,0.030400000000000003,0.31099234978550383,0.7118379801239451,0.0728,0.3306,0.23024505928853753,0.032
3519,0.2748,0.0920641231772634,0.7212000000000001,0.13390099009900988,0.026799999999999997,0.04847694636252094,0.7656000000000001,0.1516,0.46839168316831686,0.36394910343208237,0.008
3520,0.32799999999999996,0.06796906946264744,0.7356,0.07235247524752475,0.1,0.23309704243053875,0.8305438629876308,0.1376,0.6346,0.17112252964426877,0.007200000000000001
3521,0.13640000000000002,0.16720000000000002,0.626,0.13703366336633663,0.0332,0.08141907090464548,0.805694386298763,0.0064,0.251799603960396,0.07952252964426879,0.028000000000000004
3522,0.44480000000000003,0.1996,0.6012000000000001,0.07750099009900988,0.10600000000000001,0.30720000000000003,0.7907365746184152,0.10600000000000001,0.5251980198019802,0.20064569796110043,0.0128
3523,0.24559999999999998,0.1244,0.5328,0.06131485148514852,0.1068,0.46683677154141706,0.6087818431115758,0.13040000000000002,0.40380000000000005,0.22216886627793214,0.018
3524,0.08279999999999998,0.051108177074195994,0.7431999999999999,0.035199999999999995,0.4948,0.2016,0.8845438629876308,0.066,0.5422,0.07680000000000001,0.0031948734801183045
3525,0.3588,0.08920000000000002,0.774,0.04,0.0488,0.17688858796731655,0.9212,0.1428,0.623799603960396,0.13752252964426875,0.0168
3526,0.006,0.0008,0.4828,0.012776237623762376,0.0016,0.0804383627239373,0.9867999999999999,0.0004,0.2164,0.0256,0.0008
3527,0.1448,0.019999999999999997,0.642,0.035199999999999995,0.0128,0.13814093530032692,0.4728,0.0324,0.4469992079207922,0.05824633663366337,0.0
3528,0.5256000000000001,0.048,0.6052000000000001,0.05915247524752475,0.0252,0.0612,0.9633886828767098,0.058399999999999994,0.5839996039603961,0.2244,0.0052
3529,0.4136,0.1808,0.45039999999999997,0.03228118811881188,0.11080000000000001,0.1970190709046455,0.889294386298763,0.21879999999999997,0.38179564356435647,0.24827546511172854,0.0008
3530,0.0284,0.0028,0.5688000000000001,0.007200000000000001,0.0008,0.08941907090464547,0.748,0.0208,0.5194,0.0308,0.005200000000000001
3531,0.05399999999999999,0.3116,0.8984,0.0128,0.048799999999999996,0.1868774825283383,0.7277887725975262,0.3092,0.3128,0.6023225296442688,0.0012000000000000001
3532,0.0508,0.038799999999999994,0.37560000000000004,0.08757623762376239,0.08319999999999998,0.07381907090464548,0.8544,0.0064,0.3994,0.08159999999999999,0.005200000000000001
3533,0.38680000000000003,0.10873910761154856,0.7908,0.06093861386138614,0.0412,0.982,0.6146829794546567,0.1336,0.6225972277227723,0.23704505928853753,0.019999999999999997
3534,0.256,0.15560000000000002,0.5584,0.07528712871287128,0.21559999999999996,0.074,0.7324313198004435,0.12080000000000002,0.6351964356435643,0.22826026220013307,0.016
3535,0.07,0.148,0.41159999999999997,0.1675762376237624,0.0684,0.22265867970660147,0.3576943862987631,0.0172,0.27559999999999996,0.0408,0.0
3536,0.404,0.2135695538057743,0.7716000000000001,0.05988118811881188,0.0732,0.1888507142409343,0.7530831588962893,0.11839999999999999,0.5032,0.5096,0.005600000000000001
3537,0.1712,0.0444,0.8328,0.08380990099009901,0.12793934426229508,0.2878955754378737,0.5909026232485448,0.0672,0.6927996039603961,0.08224505928853756,0.0024000000000000002
3538,0.2592,0.17440000000000003,0.5808,0.05348118811881188,0.04440000000000001,0.0036000000000000003,0.8652943862987632,0.16079999999999997,0.6393996039603961,0.244581514499276,0.0036000000000000003
3539,0.3932,0.2503386232684217,0.8540000000000001,0.04475247524752475,0.13,0.37797420970770607,0.7353437732668144,0.16560000000000002,0.6484,0.25696758893280636,0.0048000000000000004
3540,0.5227999999999999,0.0156,0.5376,0.0048000000000000004,0.035199999999999995,0.1504,0.8834831588962893,0.11600000000000002,0.5022,0.07912252964426877,0.006
3541,0.34319999999999995,0.1119695538057743,0.5292,0.03825742574257426,0.0624,0.2603342062447197,0.20188306917547294,0.23399999999999999,0.6301980198019803,0.27037103716384386,0.0024000000000000002
3542,0.0852,0.48796955380577434,0.8076000000000001,0.07606732673267326,0.0852,0.16360000000000002,0.7636943862987631,0.4875999999999999,0.4298,0.5449682276053693,0.0124
3543,0.0416,0.053169553805774275,0.5276,0.0275049504950495,0.14920000000000003,0.16640000000000002,0.9332943862987632,0.0172,0.3398,0.14922657378781357,0.0007950049293460401
3544,0.08080000000000001,0.11480000000000001,0.9012,0.09703366336633663,0.10840000000000001,0.20594748858856438,0.9369887725975262,0.0364,0.477,0.0644,0.0048000000000000004
3545,0.02,0.0356,0.49240000000000006,0.10846732673267326,0.0048000000000000004,0.15207694636252095,0.9347999999999999,0.0036000000000000003,0.5415988118811882,0.12193709388330139,0.002
3546,0.48719999999999997,0.019200000000000002,0.37520000000000003,0.028281188118811883,0.053599999999999995,0.2329155771693669,0.6803775451950523,0.202,0.3353992079207921,0.4899001228818534,0.0008
3547,0.17320000000000002,0.029199999999999997,0.5072,0.08463366336633663,0.03880000000000001,0.0804,0.9436,0.027199999999999995,0.414199603960396,0.09873709388330137,0.0008
3548,0.27880000000000005,0.2299695538057743,0.6559999999999999,0.059104950495049505,0.029599999999999998,0.4162430813413699,0.6328943862987632,0.11240000000000001,0.49119999999999997,0.29289267326732676,0.02876963859667154
3549,0.244,0.0832,0.6112,0.06176237623762376,0.11200000000000002,0.21629623818181276,0.8769887725975261,0.05159999999999999,0.553199603960396,0.18396366767111494,0.0048000000000000004
3550,0.32520000000000004,0.12320000000000002,0.738,0.062372277227722775,0.0832,0.2792120834340883,0.5688764088519715,0.08399999999999999,0.6663952475247525,0.10986953860603452,0.0188
3551,0.02,0.0016,0.534,0.027199999999999995,0.0068000000000000005,0.11127716727716727,0.9747999999999999,0.054400000000000004,0.4176,0.10192252964426878,0.0028
3552,0.11239999999999999,0.198,0.6992,0.1587551401869159,0.10836967213114754,0.1193539398933042,0.5890829794546566,0.0612,0.5025999999999999,0.1196,0.0036000000000000003
3553,0.062,0.16959999999999997,0.3468,0.029599999999999998,0.128,0.11905770171149144,0.6704000000000001,0.04,0.1492,0.42984505928853756,0.008379889952295678
3554,0.13040000000000002,0.21119999999999997,0.7731999999999999,0.08233137781067826,0.05519999999999999,0.445739649701019,0.4755100013385767,0.17800000000000002,0.7575999999999999,0.11992252964426878,0.015194875164257557
3555,0.198,0.198,0.724,0.08635247524752475,0.0368,0.21898009162878512,0.422,0.0512,0.49339960396039606,0.06224505928853755,0.0028
3556,0.1,0.1528,0.7172,0.02500990099009901,0.1912,0.11971606616692192,0.8184492075264188,0.034,0.34199999999999997,0.36352252964426884,0.013994873480118302
3557,0.016,0.0016,0.54,0.0128,0.06120000000000001,0.1362190709046455,0.8924000000000001,0.004000000000000001,0.2744,0.07880000000000001,0.004
3558,0.2532,0.007200000000000001,0.5880000000000001,0.054609900990099006,0.040400000000000005,0.08941929181929183,0.6692,0.1068,0.412799207920792,0.3625954400657457,0.005200000000000001
3559,0.36879999999999996,0.05600000000000001,0.6344,0.09136237623762375,0.046000000000000006,0.024399999999999998,0.864094386298763,0.194,0.5695992079207921,0.2884139255664697,0.007569638596671537
3560,0.3092,0.1444,0.8560000000000001,0.047200000000000006,0.2615842385516507,0.1454192918192918,0.8046831588962892,0.19280000000000003,0.48760000000000003,0.3396,0.0288
3561,0.296,0.094,0.3872,0.0548,0.03880000000000001,0.09880000000000001,0.8804943862987631,0.162,0.3456,0.4563225296442687,0.002789750328515112
3562,0.2452,0.26280000000000003,0.674,0.04698613861386138,0.076,0.28513486898865875,0.6160492075264188,0.0852,0.45619920792079205,0.4328,0.04
3563,0.30920000000000003,0.28840000000000005,0.6096,0.0368,0.06839999999999999,0.5273071871893388,0.8076943862987631,0.23479999999999998,0.5096,0.48319999999999996,0.013169375698216065
3564,0.1,0.16560000000000002,0.46840000000000004,0.5982336633663367,0.11440000000000002,0.3259997914225311,0.8004,0.09159999999999999,0.47839841584158416,0.15362657378781358,0.00439500492934604
3565,0.0916,0.2656,0.522,0.08597623762376237,0.2844,0.3043600898972919,0.4472270218839201,0.0636,0.6361996039603961,0.17250532148867062,0.00839000985869208
3566,0.0736,0.04972549990884167,0.39559999999999995,0.051176237623762375,0.014400000000000001,0.14341929181929183,0.3300943862987631,0.012,0.2052,0.0736,0.0016
3567,0.6523999999999999,0.082,0.9251999999999999,0.08213861386138613,0.19119999999999998,0.36480000000000007,0.22817510609124766,0.09280000000000002,0.9076000000000001,0.0468,0.0216
3568,0.1736,0.2648,0.8523999999999999,0.005200000000000001,0.048799999999999996,0.295651645067782,0.45999999999999996,0.3956,0.4361992079207921,0.25296758893280635,0.0008
3569,0.096,0.09559999999999999,0.7352000000000001,0.048799999999999996,0.011600000000000003,0.1266579226261378,0.6235999999999999,0.0204,0.5457996039603961,0.1292,0.0128
3570,0.005200000000000001,0.23556955380577432,0.9960000000000001,0.07039603960396038,0.17512099644128115,0.5091349161569211,0.549284286918488,0.0068000000000000005,0.8911999999999999,0.0036000000000000003,0.0024000000000000002
3571,0.1608,0.18880000000000002,0.8587999999999999,0.13954851485148514,0.1016,0.21972783434983922,0.8715550903901047,0.13240000000000002,0.38759920792079205,0.08344569796110046,0.0032
3572,0.132,0.12236906946264745,0.628,0.05397623762376238,0.1548,0.21512164615025386,0.9524719314938153,0.0372,0.38519999999999993,0.30744505928853755,0.02195439217039344
3573,0.3296,0.4568,0.7048,0.27393628318584073,0.03306461548890018,0.2004,0.4720943862987631,0.0208,0.8602000000000001,0.037690118577075105,0.0068000000000000005
3574,0.0204,0.09353910761154856,0.4596,0.018,0.0092,0.20275712703487764,0.8516,0.004,0.47219841584158423,0.04752252964426877,0.0008
3575,0.0856,0.18473910761154858,0.37679999999999997,0.0376,0.1036,0.10047699353078325,0.9054831588962893,0.27040000000000003,0.442999603960396,0.344,0.0008
3576,0.44559999999999994,0.0336,0.5404,0.024376237623762377,0.06674361904761905,0.1368383627239373,0.9716000000000001,0.12840000000000001,0.5243992079207921,0.21296886627793216,0.0076
3577,0.18919999999999998,0.03799999999999999,0.47519999999999996,0.03582970297029703,0.0128,0.1302576545432291,0.5525887725975263,0.032,0.5573984158415842,0.1611383712284272,0.0
3578,0.0044,0.003969553805774278,0.47400000000000003,0.05437623762376238,0.01,0.0736,0.834494386298763,0.01,0.188,0.0472,0.0004
3579,0.18919999999999998,0.059199999999999996,0.5780000000000001,0.09578217821782176,0.023600000000000003,0.2784237722071463,0.9348943862987632,0.1336,0.4875988118811881,0.13938215317183894,0.005200000000000001
3580,0.176,0.055200000000000006,0.908,0.024328712871287128,0.06200000000000001,0.38523863080684595,0.2192493869680514,0.0964,0.625199603960396,0.11833581653817556,0.0092
3581,0.29760000000000003,0.2144,0.7704,0.14343366336633662,0.0872,0.200811862519442,0.9054607040913417,0.0616,0.5719980198019802,0.24601520291159554,0.0416
3582,0.2172,0.10873910761154856,0.884,0.046,0.0732,0.2334583495287652,0.8385663177925785,0.08800000000000001,0.24199999999999994,0.1476,0.01759500492934604
3583,0.3,0.2644,0.6584000000000001,0.11000000000000001,0.07952099644128115,0.2964769935307833,0.5125437732668146,0.0528,0.8544,0.11560000000000001,0.0024000000000000002
3584,0.254,0.0904,0.4648,0.07988118811881188,0.0672,0.2121146463425192,0.9244493869680515,0.11839999999999999,0.6815992079207921,0.2948139255664697,0.0036000000000000003
3585,0.054000000000000006,0.007600000000000001,0.45840000000000003,0.005600000000000001,0.0444,0.047819070904645475,0.922094386298763,0.0188,0.4636000000000001,0.4033688662779321,0.0004
3586,0.2792,0.13399999999999998,0.2944,0.02997623762376238,0.07999999999999999,0.23385792262613778,0.5436943862987631,0.10800000000000001,0.3502,0.2508,0.0036
3587,0.1828,0.1288,0.5656000000000001,0.10298613861386138,0.18520000000000003,0.5817554540542316,0.5035900800613574,0.1564,0.303199603960396,0.0932913959222009,0.013595004929346038
3588,0.007200000000000001,0.0212,0.5539999999999999,0.12479999999999998,0.0036000000000000003,0.14461929181929184,0.7424943862987631,0.0008,0.1708,0.1356,0.0
3589,0.2496,0.1192,0.6815999999999999,0.025928712871287125,0.08520000000000001,0.34349275310400007,0.49117736575341964,0.10600000000000001,0.5297988118811882,0.18472252964426877,0.0228
3590,0.5788,0.0528,0.692,0.0336,0.024399999999999998,0.0496,0.9440942965779466,0.1544,0.2628,0.33840000000000003,0.0028
3591,0.0268,0.038400000000000004,0.46559999999999996,0.0172,0.034800000000000005,0.08141929181929183,0.9591999999999998,0.027999999999999997,0.5292,0.08639999999999999,0.0
3592,0.0408,0.014800000000000002,0.4728,0.016399999999999998,0.002,0.23121257243164334,0.7995775451950523,0.007600000000000001,0.3036,0.06120000000000001,0.002
3593,0.08960000000000001,0.09553910761154856,0.9284000000000001,0.03846336633663366,0.0528,0.13149650626472142,0.6098831588962893,0.0512,0.18379960396039602,0.0112,0.0004
3594,0.11000000000000001,0.1224,0.7107999999999999,0.026162376237623762,0.0028,0.1758195599022005,0.842,0.08080000000000001,0.244599603960396,0.4425914295777404,0.011584755257861151
3595,0.4184,0.047599999999999996,0.37079999999999996,0.027552475247524754,0.0644,0.11679999999999999,0.7984,0.22960000000000003,0.39419960396039605,0.21472316831683166,0.004779627053840205
3596,0.1732,0.07067821522309711,0.6624000000000001,0.061714851485148506,0.04479999999999999,0.0950579226261378,0.7548719314938154,0.1996,0.3989996039603961,0.3268284898055023,0.0036000000000000003
3597,0.1392,0.048,0.3152,0.2455762376237624,0.053200000000000004,0.06414071705489935,0.8457885931558934,0.1024,0.27159999999999995,0.20592252964426877,0.016794873480118305
3598,0.21600000000000003,0.11320000000000001,0.7752,0.09173465346534652,0.053200000000000004,0.21917367354188869,0.9452,0.05840000000000001,0.1983988118811881,0.063690757249638,0.01
3599,0.021599999999999998,0.0324,0.44799999999999995,0.013599999999999998,0.027599999999999996,0.10701929181929182,0.8632,0.0012000000000000001,0.1296,0.036000000000000004,0.0012000000000000001
3600,0.136,0.0736,0.5772,0.0368,0.10200000000000001,0.0456,0.7316719314938155,0.098,0.6026,0.14232316831683167,0.016800000000000002
3601,0.5579999999999999,0.254,0.5784,0.2519049504950495,0.09559999999999999,0.12117345262724237,0.9713887725975262,0.08399999999999999,0.4463996039603961,0.27105834618244434,0.0044
3602,0.0656,0.0348,0.3444,0.0428,0.16240000000000002,0.23061907090464548,0.27489438629876306,0.0644,0.8992000000000001,0.0665186083825774,0.0012000000000000001
3603,0.47000000000000003,0.045200000000000004,0.6196,0.038799999999999994,0.07034361904761903,0.14301907090464547,0.9771999999999998,0.11839999999999999,0.522799207920792,0.2616913959222009,0.0108
3604,0.2464,0.1072,0.6496000000000001,0.019976237623762376,0.07756967213114754,0.33680000000000004,0.6941438629876309,0.0784,0.292,0.27824569796110044,0.0284
3605,0.09999999999999998,0.006,0.4784,0.010400000000000001,0.0936,0.12901907090464548,0.8260943862987631,0.009600000000000001,0.18339960396039606,0.20944505928853757,0.0008
3606,0.35760000000000003,0.2004,0.9675999999999998,0.03677623762376238,0.1068,0.19109500605421298,0.9284000000000001,0.06639999999999999,0.145,0.8224,0.016800000000000002
3607,0.4936,0.016,0.6044,0.011952475247524751,0.0264,0.0268,0.9576,0.28240000000000004,0.39959960396039607,0.18626026220013306,0.0068000000000000005
3608,0.04,0.0124,0.35639999999999994,0.009176237623762377,0.0012000000000000001,0.10585743362858277,0.9772000000000001,0.006,0.2192,0.019200000000000002,0.0003950049293460401
3609,0.0472,0.0132,0.4664,0.011976237623762376,0.016,0.0576383627239373,0.758683069175473,0.11359999999999999,0.37199960396039605,0.06592252964426877,0.0032
3610,0.376,0.0628,0.5372,0.13792871287128713,0.08520000000000001,0.30989373109911,0.7180719314938153,0.12,0.5232,0.18584569796110045,0.008
3611,0.036000000000000004,0.0408,0.3212,0.03470495049504951,0.0256,0.20821929181929183,0.9105438629876309,0.0164,0.16279920792079208,0.07176758893280631,0.008794875164257556
3612,0.4932,0.17351140786300795,0.2832,0.0508,0.05,0.08821907090464548,0.7788,0.33399999999999996,0.3844,0.3928,0.00959500492934604
3613,0.5756,0.0228,0.8984,0.018776237623762376,0.1316,0.18781929181929183,0.9928000000000001,0.0424,0.7832000000000001,0.22792252964426876,0.006
3614,0.6628000000000001,0.008,0.2544,0.015976237623762376,0.0644,0.15083863080684595,0.555294386298763,0.2212,0.1656,0.49592316831683175,0.0004
3615,0.029599999999999998,0.1044,0.35280000000000006,0.13086336633663362,0.0368,0.1815998385907935,0.7022831588962892,0.8204,0.582599207920792,0.26187482643916565,0.0012000000000000001
3616,0.0176,0.0052,0.4572,0.042,0.0004,0.09519999999999999,0.9904,0.0012000000000000001,0.2816,0.0528,0.0036000000000000003
3617,0.18319999999999997,0.0904,0.6996,0.05978613861386138,0.1256,0.4042195599022005,0.5607181485675421,0.13040000000000002,0.6021996039603961,0.10347291042147692,0.01
3618,0.248,0.21680000000000002,0.812,0.0116,0.0928,0.22389623818181273,0.9800000000000001,0.0048000000000000004,0.23720000000000002,0.3493827918444018,0.01476451039265059
3619,0.022,0.0432,0.6048,0.04755247524752475,0.098,0.07221907090464548,0.8469438629876308,0.009600000000000001,0.5144,0.2632,0.0
3620,0.1876,0.0012000000000000001,0.2644,0.006376237623762377,0.06240000000000001,0.07425743362858277,0.8745887725975262,0.007999999999999998,0.2332,0.34753900990099007,0.0
3621,0.11359999999999999,0.1192,0.6136000000000001,0.07724356435643565,0.0472,0.16677420970770607,0.2897886828767099,0.2192,0.6101984158415842,0.20673180605017025,0.0007948734801183045
3622,0.28480000000000005,0.1216,0.67,0.057928712871287126,0.15236967213114755,0.8056000000000001,0.6744312300796274,0.0848,0.5692,0.24024505928853754,0.017194873480118306
3623,0.0264,0.0144,0.5324,0.0068000000000000005,0.052000000000000005,0.09141929181929181,0.8855999999999999,0.0232,0.3884,0.1076,0.004
3624,0.0004,0.008400000000000001,0.3396,0.0068000000000000005,0.036,0.12560000000000002,0.6516943862987631,0.0004,0.2244,0.07360000000000001,0.0
3625,0.0748,0.010739107611548556,0.5224,0.05835247524752476,0.022799999999999997,0.16908311934789128,0.6253887725975262,0.0996,0.568,0.11992252964426878,0.0
3626,0.276,0.0784,0.5336,0.09079999999999999,0.05,0.09541929181929183,0.7284045670789724,0.19840000000000002,0.5740000000000001,0.4078463366336633,0.0236
3627,0.1892,0.17800000000000002,0.6152,0.03428118811881188,0.0632,0.44906658517805786,0.8483325458643407,0.0992,0.4247936633663366,0.3995775932375846,0.0075948751642575555
3628,0.20800000000000002,0.12080000000000002,0.5144,0.09119999999999999,0.029599999999999998,0.10265743362858278,0.9328943862987631,0.1244,0.30300000000000005,0.1625682276053692,0.005600000000000001
3629,0.11839999999999999,0.1408,0.914,0.06277623762376237,0.0752,0.2658574336285828,0.8825932499556822,0.07880000000000001,0.7409996039603961,0.09529139592220091,0.0028
3630,0.27,0.13799999999999998,0.5988,0.062443564356435645,0.09319999999999999,0.2686324475850148,0.49409438629876307,0.23559999999999998,0.5131996039603961,0.42539480139318286,0.008799999999999999
3631,0.184,0.04114341463414635,0.7964,0.05512079207920791,0.0124,0.1715356260691224,0.8600719314938153,0.05840000000000001,0.7477996039603962,0.07072252964426877,0.0048000000000000004
3632,0.3316,0.10400000000000001,0.5835999999999999,0.05035247524752475,0.10600000000000001,0.2816509351555806,0.808494386298763,0.10359999999999998,0.5745988118811881,0.32351468712088605,0.006
3633,0.10400000000000001,0.1976,0.8304,0.10458613861386139,0.20352099644128113,0.5879083687841634,0.4513256163783904,0.1432,0.639999603960396,0.03784569796110046,0.0116
3634,0.388,0.041999999999999996,0.4196,0.0216,0.0888,0.12527770344298464,0.7888000000000001,0.19519999999999998,0.1852,0.5908,0.0008
3635,0.044399999999999995,0.09609553805774278,0.5599999999999999,0.02757623762376237,0.056799999999999996,0.16046355944569082,0.6497887725975261,0.11040000000000001,0.5674,0.1061046828161077,0.0016
3636,0.09480000000000001,0.0336,0.674,0.06432871287128714,0.0752,0.22345770171149146,0.22548306917547295,0.11679999999999999,0.49899960396039617,0.11545962352757015,0.009600000000000001
3637,0.6596,0.0248,0.334,0.0132,0.048,0.1370192918192918,0.6392,0.08,0.1716,0.446891395922201,0.0008
3638,0.4252000000000001,0.1492,0.5820000000000001,0.05948118811881188,0.09999999999999999,0.35965165901820095,0.7212718417729992,0.1132,0.5568,0.1728913959222009,0.011200000000000002
3639,0.047599999999999996,0.1532,0.346,0.5481386138613862,0.08280000000000001,0.22821913041008535,0.9324,0.046799999999999994,0.4363988118811881,0.10416822760536923,0.00439500492934604
3640,0.3572,0.16181635414839202,0.6648,0.08376237623762377,0.0728,0.208514705847959,0.3115775451950523,0.152,0.2444,0.5628920345947639,0.005200000000000001
3641,0.2732,0.2362782152230971,0.744,0.19011089108910892,0.1276,0.260051156070227,0.7964269321631038,0.21600000000000003,0.6343980198019802,0.22548619731538372,0.008400000000000001
3642,0.0832,0.0732,0.6008000000000001,0.06604356435643564,0.008799999999999999,0.10947174113579983,0.7633887725975261,0.0388,0.5149952475247526,0.16237950925527334,0.004000000000000001
3643,0.2664,0.13,0.626,0.0727049504950495,0.13520000000000001,0.7452,0.544763775943968,0.0872,0.654199603960396,0.23512316831683164,0.0108
3644,0.0588,0.024,0.5308,0.10013861386138614,0.0224,0.10381907090464548,0.819483069175473,0.0048000000000000004,0.2636,0.11369011857707509,0.0056
3645,0.9448000000000001,0.021200000000000004,0.688,0.06792871287128713,0.038400000000000004,0.0648,0.9136,0.0388,0.18480000000000002,0.10432316831683168,0.0056
3646,0.33520000000000005,0.2572,0.7276,0.11089108910891088,0.11200000000000002,0.23513584698376871,0.749770615709102,0.1212,0.6585984158415841,0.19856822760536924,0.03637975850306794
3647,0.154,0.12079999999999999,0.6412,0.12065742574257425,0.0016,0.07341907090464547,0.8769887725975263,0.1436,0.42919999999999997,0.3469960787383086,0.0084
3648,0.0864,0.022,0.5995999999999999,0.0116,0.0056,0.05785792262613778,0.9488,0.0588,0.3369996039603961,0.31256822760536923,0.0048000000000000004
3649,0.1976,0.0088,0.7544000000000001,0.0412,0.0528,0.1244,0.954,0.052000000000000005,0.21739999999999998,0.2056,0.017569507147443802
3650,0.0864,0.23759999999999998,0.7407999999999999,0.03856237623762376,0.0064,0.2803747458735234,0.8672719314938154,0.04479999999999999,0.5855952475247526,0.16362657378781356,0.0036000000000000003
3651,0.4104,0.1224,0.5572000000000001,0.014776237623762378,0.09240000000000001,0.4694651473500267,0.40597754519505236,0.1792,0.40399801980198013,0.5768200086095566,0.0124
3652,0.3564,0.23520000000000002,0.7855999999999999,0.06752871287128712,0.122,0.37812966376193763,0.7499550903901047,0.2544,0.5477996039603961,0.3254021708859117,0.010784623808633417
3653,0.5552,0.11710866141732282,0.6632,0.1028,0.092,0.20741955990220048,0.8879772760326035,0.182,0.3136,0.3648,0.029199999999999997
3654,0.32520000000000004,0.12996906946264747,0.5843999999999999,0.024752475247524754,0.08952099644128114,0.2310970424305388,0.713370346546653,0.055600000000000004,0.35379881188118806,0.03202721246037647,0.006
3655,0.27599999999999997,0.1324,0.6040000000000001,0.08917623762376238,0.0884,0.12437398879305972,0.6806831588962893,0.1992,0.41379960396039606,0.4595370938833014,0.004000000000000001
3656,0.506,0.11200000000000002,0.6304000000000001,0.1216,0.18639999999999998,0.2178969952622764,0.7244943862987632,0.15599999999999997,0.22739960396039605,0.2211225296442688,0.0032
3657,0.2684,0.1224,0.6624,0.022,0.13436967213114753,0.06061907090464549,0.5817930705140497,0.1192,0.3672,0.2731225296442688,0.019200000000000002
3658,0.2856,0.2548,0.6764,0.08112871287128712,0.022800000000000004,0.22952208797954654,0.9121887725975262,0.1048,0.613999603960396,0.19032252964426877,0.0268
3659,0.015200000000000002,0.0412,0.21080000000000002,0.012,0.028000000000000004,0.07625814354078413,0.8568000000000001,0.0028,0.33379960396039604,0.22344569796110042,0.06838488333881038
3660,0.3772,0.10316955380577426,0.6216,0.04835247524752475,0.0248,0.27769760557924655,0.5077887725975262,0.0844,0.4239984158415842,0.4643655836888037,0.0048000000000000004
3661,0.2912,0.09153910761154857,0.48319999999999996,0.045714851485148505,0.1388,0.1626190709046455,0.8585887725975262,0.022399999999999996,0.4098,0.0772,0.0116
3662,0.0412,0.0588,0.9311999999999999,0.02592871287128713,0.0644,0.36008783088685287,0.7116719314938155,0.0328,0.16640000000000002,0.06849075724963802,0.0016
3663,0.2476,0.0776,0.6367999999999998,0.0968,0.09120000000000002,0.7447223560624552,0.7482428163653664,0.0656,0.655799603960396,0.24889139592220091,0.009200000000000002
3664,0.842,0.11476955380577429,0.7172,0.12115247524752475,0.0636,0.23175474414203018,0.576732635585157,0.0688,0.596999603960396,0.1452,0.0196
3665,0.458,0.3311695538057743,0.8747999999999999,0.040352475247524756,0.22319999999999998,0.1462960172671664,0.6535325458643407,0.15040000000000003,0.5095996039603959,0.30424505928853757,0.010400000000000001
3666,0.21880000000000002,0.050369069462647444,0.6852,0.010376237623762377,0.0596,0.15083824848299313,0.9591999999999998,0.12000000000000002,0.454,0.38160000000000005,0.0036000000000000003
3667,0.07360000000000001,0.2972,0.8248000000000001,0.04806732673267326,0.056799999999999996,0.21255367181039553,0.44000000000000006,0.21079999999999996,0.6373980198019802,0.3494861973153837,0.0027948734801183043
3668,0.2996,0.0728,0.7384000000000001,0.012138613861386139,0.09359999999999999,0.22781747311989156,0.7038830691754729,0.0576,0.586799207920792,0.22241328689390683,0.007600000000000001
3669,0.07120000000000001,0.013600000000000001,0.556,0.0172,0.0656,0.06639999999999999,0.9560942965779468,0.027199999999999995,0.341,0.0416,0.0108
3670,0.192,0.11000000000000001,0.6392,0.03437623762376238,0.038,0.2459351370715674,0.614683069175473,0.14640000000000003,0.43360000000000004,0.45600000000000007,0.0112
3671,0.0316,0.02793910761154856,0.5795999999999999,0.06065346534653465,0.0004,0.13579274444653416,0.9084,0.032799999999999996,0.47059722772277224,0.17473709388330136,0.0016
3672,0.39080000000000004,0.09080000000000002,0.27799999999999997,0.0752,0.1008,0.16345770171149146,0.7061887725975262,0.2028,0.16719960396039607,0.3229675889328063,0.0004
3673,0.3064,0.038400000000000004,0.7572000000000001,0.0224,0.011199999999999998,0.16153540515447604,0.8792943862987631,0.017999999999999995,0.2624,0.0484,0.013989880093603597
3674,0.20600000000000002,0.0648,0.5576000000000001,0.013576237623762376,0.042800000000000005,0.21673616223493974,0.7325438629876307,0.08199999999999999,0.536799207920792,0.12395101944977108,0.0076
3675,0.2796,0.21800000000000003,0.5844,0.07908118811881189,0.0576,0.18741907090464546,0.5642381595655777,0.12079999999999999,0.6878,0.2667225296442688,0.0108
3676,0.3084,0.10633910761154855,0.6592,0.0224,0.0752,0.23363824581377432,0.3896719314938154,0.3136,0.636599603960396,0.18472252964426877,0.0024000000000000002
3677,0.44000000000000006,0.12279999999999999,0.7172,0.09338613861386139,0.0152,0.11101929181929182,0.8872,0.2636,0.20620000000000002,0.28588875200563535,0.027199999999999995
3678,0.2836,0.1628,0.6876,0.08832871287128713,0.06306461548890019,0.20785787545787549,0.7936718417729992,0.2184,0.501999603960396,0.151290757249638,0.02516464015773907
3679,0.3516,0.2036,0.8331999999999999,0.02569108910891089,0.0536,0.35278536764214624,0.7293887725975262,0.10840000000000001,0.5151999999999999,0.5163710371638439,0.014000000000000002
3680,0.0008,0.0,0.376,0.015576237623762377,0.0016,0.05781929181929182,0.9856,0.0,0.13799999999999998,0.0664,0.0112
3681,0.3512,0.13836955380577426,0.8772,0.00752871287128713,0.08239999999999999,0.19403863080684597,0.9936,0.0172,0.5725988118811881,0.1733675889328063,0.04440000000000001
3682,0.38520000000000004,0.16440000000000002,0.6783999999999999,0.057358415841584146,0.246,0.16825792262613778,0.7173661383509459,0.1448,0.6433976237623762,0.2697483755332055,0.0036000000000000003
3683,0.7576,0.014000000000000002,0.4024,0.092,0.054799999999999995,0.1646579226261378,0.7963999999999999,0.0224,0.44199960396039606,0.2012,0.0
3684,0.1196,0.128,0.46560000000000007,0.046376237623762376,0.038400000000000004,0.10669650626472142,0.910494386298763,0.0636,0.6141988118811881,0.28784505928853754,0.02396976836176002
3685,0.4384,0.0252,0.44960000000000006,0.06599999999999999,0.0732,0.17243885172149231,0.3088943862987631,0.04,0.16360000000000002,0.04359999999999999,0.0032
3686,0.40800000000000003,0.10756955380577429,0.76,0.08223366336633661,0.0476,0.35945867970660145,0.6122829794546566,0.1708,0.5797972277227722,0.2160901185770751,0.012
3687,0.1916,0.32880000000000004,0.7371999999999999,0.09875247524752476,0.1368,0.26717345262724235,0.741721318461867,0.30720000000000003,0.4455984158415841,0.14609139592220094,0.010400000000000001
3688,0.027199999999999995,0.058399999999999994,0.9771999999999998,0.05720000000000001,0.0776,0.25745743362858275,0.056988772597526174,0.0344,0.9416,0.02,0.0028
3689,0.041600000000000005,0.05800000000000001,0.40120000000000006,0.016,0.0364,0.13083858363858364,0.8024000000000001,0.0332,0.2854,0.34664505928853756,0.0048000000000000004
3690,0.066,0.05080000000000001,0.5256000000000001,0.05886732673267327,0.0308,0.09403836272393729,0.5384719314938154,0.026799999999999997,0.37099960396039605,0.049600000000000005,0.0028
3691,0.7776,0.1472,0.9004,0.03988118811881188,0.1542646154889002,0.322039119804401,0.16188306917547293,0.041999999999999996,0.9056000000000001,0.043522529644268775,0.0172
3692,0.4276,0.2212,0.8428000000000001,0.0168,0.053200000000000004,0.36272487779087087,0.7991326355851569,0.2324,0.4072,0.38079999999999997,0.0352
3693,0.30840000000000006,0.0844,0.6444000000000001,0.024233663366336634,0.2504,0.08998612141639607,0.6221887725975261,0.06760000000000001,0.32199960396039606,0.37936822760536926,0.0184
3694,0.3383999999999999,0.0824,0.5700000000000001,0.07117623762376238,0.0432,0.20491530908645822,0.9145663177925785,0.1256,0.7433988118811881,0.19816950495049507,0.0308
3695,0.2732,0.1376,0.49000000000000005,0.07945346534653464,0.10640000000000001,0.04603885172149231,0.802193160234866,0.11320000000000001,0.6003948514851484,0.2851522967948969,0.017989880093603597
3696,0.0048000000000000004,0.0004,0.40599999999999997,0.017176237623762376,0.002,0.07781929181929183,0.9975999999999999,0.0016,0.27199999999999996,0.0944,0.0004
3697,0.2768,0.19839999999999997,0.7112,0.020399999999999995,0.0268,0.15832186439568144,0.8712,0.0496,0.3922,0.45120000000000005,0.0372
3698,0.2452,0.0388,0.6124,0.0016,0.1152,0.20290235166174325,0.06760000000000001,0.1372,0.6582,0.14649203459476381,0.0008
3699,0.1096,0.03076955380577428,0.6468,0.02672871287128713,0.0436,0.1252,0.9484943862987631,0.0408,0.497799603960396,0.15112252964426878,0.013590009858692081
3700,0.314,0.0324,0.3864,0.16792871287128713,0.1492,0.1896388517214923,0.39658877259752623,0.0432,0.2798,0.19744569796110045,0.0072
3701,0.13920000000000002,0.08320000000000001,0.7232000000000001,0.0284,0.12279999999999999,0.15879934959323844,0.434,0.1048,0.3508,0.25144569796110045,0.013994873480118302
3702,0.0128,0.046,0.27599999999999997,0.013833663366336634,0.0016,0.20483858363858368,0.9708,0.0032,0.2524,0.064,0.0004
3703,0.24400000000000005,0.15760000000000002,0.7615999999999999,0.02515247524752475,0.0888,0.17767823960880197,0.6870831588962892,0.14040000000000002,0.46139960396039603,0.3137675889328063,0.010400000000000001
3704,0.23240000000000002,0.138,0.5048,0.014233663366336635,0.014400000000000001,0.06760000000000001,0.9444000000000001,0.144,0.18779960396039605,0.3557338112941729,0.0008
3705,0.09319999999999999,0.11120000000000001,0.6859999999999999,0.11957623762376238,0.0668,0.29574120338323556,0.11129438629876309,0.134,0.3942,0.11439999999999999,0.0036000000000000003
3706,0.5728,0.1203695538057743,0.858,0.07921980198019803,0.1964,0.24571660233273923,0.8911999999999999,0.1328,0.5975976237623761,0.20908811333307242,0.012
3707,0.1288,0.14956955380577427,0.8240000000000001,0.013999999999999999,0.03560000000000001,0.17921027861661398,0.8065887725975263,0.05519999999999999,0.5851999999999999,0.20799999999999996,0.006
3708,0.1888,0.1436,0.6044,0.0699049504950495,0.11600000000000002,0.2687221324785901,0.8673887725975261,0.1296,0.41079841584158416,0.2901053214886706,0.014400000000000001
3709,0.32599999999999996,0.022799999999999997,0.6988000000000001,0.1300910891089109,0.049600000000000005,0.2032,0.6307550903901047,0.08879999999999999,0.38120000000000004,0.1924,0.0036000000000000003
3710,0.022799999999999997,0.13470817707419602,0.47440000000000004,0.0088,0.009600000000000001,0.1036383627239373,0.8641663177925786,0.0236,0.2984,0.2984,0.0032
3711,0.008,0.0024000000000000002,0.40040000000000003,0.03155247524752476,0.049600000000000005,0.11061929181929182,0.9324535059331176,0.0012000000000000001,0.15359841584158412,0.12904569796110046,0.0068000000000000005
3712,0.011600000000000001,0.0092,0.5144,0.0084,0.024399999999999998,0.06701907090464548,0.8844,0.0012000000000000001,0.24359999999999996,0.24559999999999998,0.0008
3713,0.06520000000000001,0.1016,0.9248000000000001,0.0012000000000000001,0.036000000000000004,0.1631348218203964,0.6536,0.35600000000000004,0.6864000000000001,0.172,0.0012000000000000001
3714,0.1224,0.10236955380577428,0.6264000000000001,0.035081188118811876,0.0964,0.19803911980440098,0.7028764088519714,0.0504,0.31099920792079205,0.1496,0.004
3715,0.17040000000000002,0.024,0.7996000000000001,0.19822970297029702,0.1112,0.26749683385306994,0.7856000000000001,0.0812,0.44199920792079206,0.23272316831683168,0.00559500492934604
3716,0.1504,0.1004,0.40759999999999996,0.08606732673267325,0.18146461548890017,0.43688783088685296,0.46109157528770356,0.0888,0.6164,0.0784,0.013195004929346044
3717,0.1204,0.066,0.4944,0.057976237623762375,0.09079999999999999,0.14887699353078326,0.8076718417729991,0.0612,0.5759976237623763,0.18117823191014754,0.0048000000000000004
3718,0.1336,0.0772,0.548,0.05183366336633664,0.12679999999999997,0.32047721444542965,0.36360000000000003,0.13,0.3512,0.23352252964426876,0.0
3719,0.021200000000000004,0.032799999999999996,0.4612,0.19077623762376236,0.07360000000000001,0.1608383627239373,0.0092,0.014800000000000002,0.43879999999999997,0.12744505928853755,0.005200000000000001
3720,0.1476,0.1496,0.5976,0.09228118811881188,0.1452,0.5968244821193476,0.4790732389576468,0.148,0.31320000000000003,0.0716,0.00639500492934604
3721,0.1924,0.21439999999999998,0.7571999999999999,0.08792871287128712,0.13520000000000004,0.25233589415203106,0.510494386298763,0.0668,0.47140000000000004,0.3967225296442688,0.0112
3722,0.3464,0.008400000000000001,0.4948,0.013176237623762377,0.0404,0.18145732638637854,0.8656,0.1716,0.3468,0.42016758893280637,0.004399999999999999
3723,0.1608,0.038369553805774274,0.5964,0.08668118811881188,0.0696,0.24829579635252003,0.5978649122870487,0.06799999999999999,0.504599603960396,0.09,0.004794873480118305
3724,0.058399999999999994,0.0348,0.6496,0.030352475247524758,0.0184,0.10043858363858364,0.8328,0.0332,0.518199207920792,0.1659231683168317,0.009600000000000001
3725,0.0516,0.07959999999999999,0.6344000000000001,0.10166732673267327,0.18280000000000002,0.4411354051544761,0.43114069309330605,0.072,0.1508,0.0228,0.0008
3726,0.26639999999999997,0.09476906946264745,0.7444000000000001,0.09404356435643564,0.07906461548890019,0.19327775061124694,0.949788772597526,0.0796,0.5764,0.11072252964426879,0.0036000000000000003
3727,0.4572,0.1612,0.6708,0.28677623762376236,0.044,0.13761257243164332,0.7064,0.09480000000000002,0.852,0.1024,0.0212
3728,0.3,0.2644,0.6584000000000001,0.11000000000000001,0.07952099644128115,0.2964769935307833,0.5125437732668146,0.0528,0.8544,0.11560000000000001,0.0024000000000000002
3729,0.0756,0.0484,0.6052,0.021176237623762376,0.2044,0.12763863080684595,0.6581438629876308,0.032,0.538199207920792,0.23641392556646967,0.005200000000000001
3730,0.39039999999999997,0.07953910761154856,0.7884,0.0821861386138614,0.06439999999999999,0.5144772144454295,0.5556942965779468,0.1492,0.5571960396039605,0.24242657378781357,0.0064
3731,0.6144000000000001,0.03560000000000001,0.8808,0.0012000000000000001,0.1224,0.23167650453322824,0.958494386298763,0.0868,0.724799603960396,0.3559643063436778,0.0032
3732,0.012,0.0364,0.384,0.029200000000000004,0.0108,0.09705765454322912,0.8484,0.0092,0.46440000000000003,0.09,0.0
3733,0.028800000000000003,0.005569069462647444,0.36000000000000004,0.0164,0.004,0.08149623818181276,0.9872,0.022,0.3056,0.09432252964426877,0.0
3734,0.194,0.138,0.7228,0.1799049504950495,0.0368,0.18273513707156738,0.6814831588962893,0.12,0.5204000000000001,0.4356,0.0188
3735,0.0616,0.20276955380577427,0.7824,0.038400000000000004,0.0184,0.1720507614091966,0.8272718417729991,0.029199999999999997,0.2622,0.22912252964426877,0.0016
3736,0.2528,0.0876,0.5776,0.08437623762376238,0.0612,0.1492772144454296,0.7471550006692883,0.11440000000000002,0.5747988118811881,0.36272252964426877,0.021539403590153057
3737,0.18719999999999998,0.12679999999999997,0.6472,0.07992871287128714,0.16440000000000002,0.44278460523448304,0.3865436835459982,0.1868,0.055200000000000006,0.8400000000000001,0.005594873480118305
3738,0.008,0.0064,0.6023999999999999,0.003176237623762376,0.0616,0.09123858363858364,0.268,0.0284,0.530799603960396,0.0524,0.0004
3739,0.0688,0.06276955380577429,0.7659999999999999,0.06270495049504951,0.07400000000000001,0.3346810643309421,0.9333887725975261,0.0304,0.4033992079207921,0.10433581653817556,0.013600000000000001
3740,0.23479999999999998,0.049138138925294894,0.5176000000000001,0.024233663366336634,0.1276,0.193973231712596,0.7884943862987631,0.0856,0.5001960396039603,0.4473034054709819,0.0068000000000000005
3741,0.0104,0.0324,0.5736000000000001,0.0112,0.0028,0.1472,0.8764000000000001,0.0024000000000000002,0.41419999999999996,0.1236,0.0024000000000000002
3742,0.021200000000000004,0.032799999999999996,0.4612,0.19077623762376236,0.07360000000000001,0.1608383627239373,0.0092,0.014800000000000002,0.43879999999999997,0.12744505928853755,0.005200000000000001
3743,0.3456,0.10196955380577429,0.788,0.07065346534653463,0.074,0.4309259106012163,0.4133663177925785,0.1132,0.38938811881188123,0.44139401557547064,0.0108
3744,0.004399999999999999,0.0004,0.2804,0.018776237623762376,0.0116,0.06599999999999999,0.9480000000000001,0.0004,0.23159999999999997,0.0732,0.0
3745,0.30160000000000003,0.10640000000000001,0.7412000000000001,0.05924356435643565,0.043199999999999995,0.17185814354078416,0.8725887725975262,0.0568,0.2956,0.20316494501624077,0.038000000000000006
3746,0.4556,0.0444,0.8071999999999999,0.01435247524752475,0.0868,0.17381929181929182,0.907294386298763,0.0984,0.7452,0.3236,0.01199500492934604
3747,0.05519999999999999,0.11599999999999999,0.9672000000000001,0.16597623762376237,0.10752099644128114,0.36487749486551574,0.14840000000000003,0.0648,0.9394,0.0668,0.002
3748,0.32999999999999996,0.1232,0.5016,0.09908118811881188,0.0472,0.076,0.9665886828767098,0.1444,0.5169992079207921,0.3270881133330724,0.0304
3749,0.27880000000000005,0.12840000000000001,0.9368000000000001,0.033999999999999996,0.09000000000000001,0.24723686251342886,0.8379999999999999,0.08080000000000001,0.315399603960396,0.06792316831683168,0.0036000000000000003
3750,0.18080000000000002,0.2536,0.7412,0.11277623762376236,0.0668,0.8114069725438918,0.8634831588962891,0.0996,0.5032,0.4244,0.032394873480118304
3751,0.44480000000000003,0.055600000000000004,0.6300000000000001,0.14816237623762377,0.0812,0.3108765045332283,0.8636719314938153,0.132,0.6175984158415841,0.06824569796110046,0.0032
3752,0.264,0.17040000000000002,0.6451999999999999,0.07792871287128712,0.10599999999999998,0.896439119804401,0.621923164250596,0.0628,0.722199603960396,0.2064132868939068,0.021994875164257556
3753,0.09480000000000001,0.1456,0.8140000000000001,0.04124356435643564,0.1408,0.156,0.626260524649709,0.0344,0.604599603960396,0.20121456423903256,0.009600000000000001
3754,0.0844,0.1048,0.7744000000000002,0.055433663366336636,0.0888,0.3161641616736971,0.5862607040913416,0.0508,0.21080000000000002,0.0456,0.0064
3755,0.3308,0.026799999999999997,0.48319999999999996,0.007481188118811882,0.132,0.14815416080795055,0.4151775451950523,0.1292,0.22659881188118813,0.5470596235275702,0.0012000000000000001
3756,0.05600000000000001,0.057600000000000005,0.44720000000000004,0.0028,0.029200000000000004,0.06447694636252094,0.9102831588962893,0.022,0.26020000000000004,0.26592252964426877,0.0004
3757,0.34199999999999997,0.16640000000000002,0.8056000000000001,0.07877227722772277,0.082,0.9996,0.7017748239048093,0.1632,0.5375972277227723,0.339460900872696,0.023594873480118305
3758,0.4788,0.1596,0.662,0.019600000000000003,0.0988,0.22647470938371264,0.8740943862987631,0.0888,0.32139999999999996,0.15112252964426878,0.026399999999999996
3759,0.3536,0.14880000000000002,0.6724,0.01700990099009901,0.12879999999999997,0.26655491788841423,0.6108,0.10600000000000001,0.305,0.6389675889328064,0.009590009858692081
3760,0.5396000000000001,0.0984,0.7752,0.033857425742574256,0.13720000000000002,0.26971530908645824,0.711294386298763,0.246,0.5667996039603962,0.2779225296442688,0.004399999999999999
3761,0.4168,0.084,0.662,0.043314851485148506,0.0412,0.18767672544787461,0.768377455474236,0.14320000000000002,0.6067996039603961,0.3262450592885376,0.021200000000000004
3762,0.010400000000000001,0.078,0.9283999999999999,0.0124,0.060399999999999995,0.24196071611717374,0.8011999999999999,0.18439999999999998,0.450999603960396,0.47736758893280634,0.0004
3763,0.1604,0.292,0.7716000000000001,0.0688,0.07996967213114754,0.3770851178161692,0.8884943862987631,0.124,0.5118,0.44992316831683166,0.019194875164257556
3764,0.31479999999999997,0.07876955380577429,0.754,0.030376237623762375,0.06160000000000001,0.2934579226261378,0.3303775451950523,0.1976,0.47339960396039604,0.49675711159737423,0.008369636912532286
3765,0.08320000000000001,0.006,0.5728,0.008,0.1172,0.151238630806846,0.8423999999999999,0.0228,0.122,0.1312,0.004
3766,0.1224,0.009200000000000002,0.31639999999999996,0.03595247524752475,0.0076,0.08141907090464548,0.9064,0.007600000000000001,0.27279960396039604,0.15856886627793215,0.002
3767,0.332,0.0812,0.6172000000000001,0.26044622929582684,0.068,0.21843625030226493,0.9092,0.0792,0.45220000000000005,0.1692913959222009,0.0144
3768,0.24359999999999998,0.05073910761154855,0.5696,0.062,0.146,0.11501907090464547,0.8987999999999999,0.0304,0.34299999999999997,0.21600000000000003,0.0032
3769,0.3956,0.3968,0.7524000000000001,0.11305742574257424,0.07200000000000001,0.30639863701181835,0.8545887725975261,0.094,0.511799603960396,0.2669827918444018,0.029600000000000005
3770,0.5408,0.05704776902887139,0.8927999999999999,0.14663366336633663,0.13240000000000002,0.39087743536007596,0.4595775451950524,0.06960000000000001,0.8724000000000001,0.060399999999999995,0.0036000000000000003
3771,0.34199999999999997,0.2056,0.764,0.1015009900990099,0.0972,0.28763911980440093,0.7764309609171783,0.0776,0.5963980198019802,0.1312132868939068,0.0184
3772,0.055999999999999994,0.0036000000000000003,0.5828,0.036,0.007200000000000001,0.1138192918192918,0.9284943862987631,0.0,0.1236,0.0588,0.0016
3773,0.31200000000000006,0.13479999999999998,0.582,0.13478811881188119,0.12120000000000002,0.2314572127139364,0.857294386298763,0.08399999999999999,0.5181984158415842,0.3756284898055023,0.015989748644375863
3774,0.4024,0.3996,0.6868000000000001,0.07738613861386139,0.0924,0.25127721444542966,0.7917661383509458,0.16360000000000002,0.5119988118811881,0.4022589848550073,0.027189878409464345
3775,0.4664,0.07680000000000001,0.7104000000000001,0.007600000000000001,0.0656,0.35598344823428235,0.8568494766888678,0.08120000000000001,0.449,0.31338087582671315,0.0092
3776,0.027599999999999996,0.0212,0.5252,0.002,0.0,0.12683836272393728,0.8168000000000001,0.0128,0.4084,0.033999999999999996,0.0
3777,0.33039999999999997,0.12,0.45280000000000004,0.022799999999999997,0.0916,0.24673464807401238,0.0188,0.2036,0.7299992079207921,0.21197103716384386,0.004
3778,0.14240000000000003,0.11520000000000001,0.7388,0.05755247524752475,0.0616,0.11327721444542962,0.8854157944814462,0.0528,0.7489999999999999,0.171290757249638,0.0012000000000000001
3779,0.011600000000000001,0.0492,0.38919999999999993,0.010376237623762375,0.0464,0.06621955990220049,0.9228,0.0068000000000000005,0.367799603960396,0.4088,0.01318974696023661
3780,0.2552,0.1464,0.7984,0.040799999999999996,0.06760000000000001,0.25099252353188783,0.5116943862987631,0.10640000000000001,0.5804,0.3096,0.020800000000000003
3781,0.39479999999999993,0.2808,0.6872,0.22460990099009903,0.1196,0.29559757232715667,0.9276943862987631,0.11079999999999998,0.3851992079207921,0.3012265737878136,0.0056
3782,0.45360000000000006,0.08320000000000001,0.6083999999999999,0.015057425742574255,0.0412,0.1398195599022005,0.998,0.19680000000000003,0.537599603960396,0.21373381129417285,0.0016
3783,0.09559999999999999,0.017599999999999998,0.5868,0.007976237623762376,0.009999999999999998,0.0824,0.996094386298763,0.0056,0.06399999999999999,0.09119999999999999,0.0004
3784,0.027600000000000003,0.038,0.5832,0.0228,0.0032,0.17021929181929182,0.8220000000000001,0.0172,0.5008,0.12999999999999998,0.004399999999999999
3785,0.0324,0.10840000000000001,0.8612,0.011600000000000001,0.068,0.2285414242978819,0.7552,0.21719999999999998,0.5235984158415842,0.36313581653817556,0.0
3786,0.35080000000000006,0.2284,0.6799999999999999,0.03799999999999999,0.06599999999999999,0.26,0.8060943862987632,0.08,0.34199999999999997,0.4622463366336634,0.0152
3787,0.2912,0.0952,0.6576,0.020376237623762374,0.12556967213114753,0.054000000000000006,0.6656268424422874,0.0892,0.3396,0.30185898485500723,0.0308
3788,0.23079999999999998,0.1048,0.6536000000000001,0.05270495049504951,0.11916967213114753,0.7938204760659557,0.7115139403718349,0.0516,0.506599207920792,0.2385682276053692,0.0164
3789,0.0072,0.0632,0.09559999999999999,0.0016,0.016,0.18636045070348384,0.5718831588962893,0.0124,0.8216000000000001,0.0088,0.0
3790,0.12200000000000003,0.0804,0.8068,0.29543366336633664,0.14880000000000002,0.34477394162479735,0.37143815956557763,0.044800000000000006,0.9025996039603961,0.04824505928853755,0.004394875164257557
3791,0.11200000000000002,0.027200000000000002,0.8164,0.1697108910891088,0.0756,0.2836383627239373,0.7444764985727877,0.13799999999999998,0.4943813861386139,0.45366749892380553,0.004000000000000001
3792,0.5784,0.013600000000000001,0.47359999999999997,0.011504950495049505,0.0752,0.10687699353078325,0.7708943862987632,0.2096,0.406799603960396,0.46799999999999997,0.0004
3793,0.5671999999999999,0.0036000000000000003,0.5780000000000001,0.061433663366336634,0.016,0.0408,0.9884000000000001,0.019200000000000002,0.5891996039603961,0.11040000000000001,0.0
3794,0.0,0.024,0.27359999999999995,0.035176237623762374,0.0216,0.13625792262613778,0.9532719314938154,0.0,0.1548,0.038400000000000004,0.0
3795,0.3988,0.1652,0.4828,0.011833663366336632,0.027199999999999995,0.06403836272393729,0.9284000000000001,0.27080000000000004,0.19599960396039603,0.37093381129417285,0.009600000000000001
3796,0.056400000000000006,0.032,0.8812,0.056019801980198014,0.06999999999999999,0.3836126195999056,0.11898868287670986,0.06920000000000001,0.219199603960396,0.5214463366336634,0.00359500492934604
3797,0.066,0.02436955380577428,0.5412,0.0387049504950495,0.0444,0.2383600657104122,0.6476494766888677,0.0816,0.574799603960396,0.13921264822134388,0.0016
3798,0.0324,0.004399999999999999,0.4372,0.016399999999999998,0.029199999999999997,0.09661907090464548,0.7447999999999999,0.0032,0.1634,0.055999999999999994,0.0004
3799,0.01,0.0004,0.5900000000000001,0.0372,0.0024000000000000002,0.0624383627239373,0.9836,0.013600000000000001,0.2972,0.0444,0.0004
3800,0.29159999999999997,0.22119999999999998,0.9036,0.013600000000000001,0.06160000000000001,0.17520000000000002,0.8874607040913416,0.021599999999999998,0.5686,0.18080000000000002,0.09837476511655323
3801,0.528,0.04,0.5492,0.058399999999999994,0.018,0.08829623818181276,0.8644000000000001,0.1016,0.603799603960396,0.226090757249638,0.0008
3802,0.2292,0.19227821522309713,0.612,0.14185346534653465,0.0736,0.31469699526227646,0.8293886828767099,0.1236,0.638398811881188,0.19399598951199465,0.009200000000000002
3803,0.02,0.031999999999999994,0.6272,0.0643049504950495,0.004,0.07985814354078413,0.9407775451950524,0.0248,0.5901992079207921,0.10298151449927599,0.005195004929346041
3804,0.19319999999999998,0.07880000000000001,0.7256,0.06632871287128714,0.0116,0.18781907090464547,0.8984,0.0232,0.5285988118811882,0.17144505928853757,0.0
3805,0.0036000000000000003,0.0004,0.22480000000000003,0.014376237623762375,0.0004,0.06341929181929182,0.9088,0.0,0.1372,0.057199999999999994,0.0004
3806,0.07880000000000001,0.16440000000000002,0.43200000000000005,0.0016,0.0432,0.1718190709046455,0.8752000000000001,0.044,0.6576000000000001,0.22999999999999998,0.02554978639500493
3807,0.34080000000000005,0.19916906946264742,0.6207999999999999,0.0548,0.0484,0.6302776364602278,0.9004719314938153,0.23079999999999998,0.5820000000000001,0.27616886627793213,0.0232
3808,0.007200000000000001,0.002,0.5280000000000001,0.011552475247524754,0.0008,0.14985765454322914,0.9827999999999999,0.0132,0.2056,0.017922529644268777,0.0
3809,0.0696,0.03916906946264744,0.2984,0.009199999999999998,0.0032,0.0668388517214923,0.9648,0.008,0.20260000000000003,0.11960000000000001,0.0036000000000000003
3810,0.484,0.015606945920750731,0.4316,0.0116,0.10880000000000001,0.2899350899033051,0.9512942965779467,0.024,0.6833992079207921,0.19049267326732675,0.0016
3811,0.3308,0.1972,0.744,0.0987049504950495,0.04,0.31735367181039553,0.7032764985727878,0.17959999999999998,0.374599603960396,0.31641392556646963,0.01719000985869208
3812,0.0256,0.11040000000000001,0.6587999999999999,0.02428118811881188,0.13319999999999999,0.13221929181929185,0.5928943862987631,0.0304,0.34700000000000003,0.6435571115973742,0.01159500492934604
3813,0.2324,0.055200000000000006,0.49879999999999997,0.07400000000000001,0.0704,0.13083863080684596,0.9491999999999999,0.0496,0.617798811881188,0.1563225296442688,0.0056
3814,0.26880000000000004,0.17476955380577427,0.7671999999999999,0.054419801980198024,0.0456,0.3164,0.6317436835459982,0.132,0.5589992079207922,0.14072316831683168,0.03039500492934604
3815,0.2484,0.1532,0.5119999999999999,0.03,0.0356,0.12843885172149233,0.7168719314938153,0.1872,0.11040000000000001,0.6999231683168317,0.002
3816,0.0908,0.0156,0.4636,0.01905742574257426,0.010400000000000001,0.09397376787841336,0.8903550903901047,0.11479999999999999,0.4525988118811881,0.34222712323406257,0.0008
3817,0.1252,0.0352,0.6652,0.05286336633663365,0.0844,0.19323814180929097,0.8229663177925785,0.0172,0.44000000000000006,0.1516,0.07039999999999999
3818,0.16519999999999999,0.03714341463414634,0.8904,0.4581584158415867,0.12,0.262,0.6867821122740247,0.031199999999999995,0.15319960396039606,0.0196,0.008
3819,0.3128,0.0476,0.5484,0.07959603960396039,0.124,0.2429150881718119,0.9440943862987631,0.0516,0.5705968316831683,0.16644305404453488,0.012
3820,0.21080000000000002,0.1172,0.6756,0.054819801980198014,0.1236,0.0036000000000000003,0.5556662197508802,0.059199999999999996,0.637999603960396,0.24699863342856027,0.015999999999999997
3821,0.32480000000000003,0.23199999999999998,0.6988,0.061968316831683155,0.0696,0.2366960644354287,0.8925887725975261,0.1396,0.6315948514851486,0.3584877204242164,0.013184755257861152
3822,0.008400000000000001,0.4232,0.9932000000000001,0.04164356435643564,0.15232099644128114,0.515754696973768,0.5292841074768553,0.004,0.9384,0.0024000000000000002,0.005200000000000001
3823,0.296,0.05430866141732282,0.5596,0.01853861386138614,0.0396,0.19248754989826466,0.7469663177925785,0.098,0.3651992079207921,0.3809888748874887,0.006
3824,0.3792,0.08393910761154856,0.8131999999999999,0.06618613861386138,0.0444,0.4040774353600759,0.6335773657534196,0.132,0.5615964356435643,0.2444901185770751,0.009600000000000001
3825,0.3628,0.046,0.4636,0.022776237623762373,0.0636,0.1544383627239373,0.7863999999999999,0.044,0.19399960396039603,0.3628132868939068,0.0024000000000000002
3826,0.18880000000000002,0.31,0.6648,0.10837623762376236,0.076,0.790038630806846,0.8861662280717623,0.1676,0.5865996039603961,0.27840000000000004,0.0112
3827,0.5784,0.012399999999999998,0.3396,0.018,0.018,0.1394574336285828,0.554,0.2052,0.5276,0.3228000000000001,0.0116
3828,0.40040000000000003,0.11680000000000001,0.506,0.0316,0.1804,0.062,0.8676,0.1016,0.3165996039603961,0.2748,0.0024000000000000002
3829,0.25,0.1484,0.6812000000000001,0.07185742574257425,0.13476967213114754,0.7132500808615547,0.7268805273268624,0.0764,0.593399603960396,0.24264505928853755,0.013194873480118306
3830,0.09840000000000002,0.0636,0.382,0.012776237623762376,0.15,0.22447672544787461,0.4104535059331176,0.0472,0.8756,0.1492,0.0108
3831,0.21799999999999997,0.13193910761154856,0.6516,0.11072871287128713,0.05920000000000001,0.3635221324785901,0.39471164997488783,0.1924,0.41079999999999994,0.1805046828161077,0.0164
3832,0.060399999999999995,0.43110866141732285,0.85,0.0412,0.098,0.230051645067782,0.8460000000000001,0.5668,0.31720000000000004,0.5449688662779322,0.0012000000000000001
3833,0.324,0.13920000000000002,0.8860000000000001,0.044,0.11879999999999999,0.28699212887085745,0.7515999999999999,0.1072,0.352,0.13799999999999998,0.019574630299046995
3834,0.36639999999999995,0.006,0.38280000000000003,0.037552475247524746,0.0648,0.17501929181929182,0.8564,0.0112,0.20639960396039606,0.17336886627793216,0.0
3835,0.5744,0.12360000000000002,0.5968000000000001,0.04435247524752475,0.06760000000000001,0.23290316824764679,0.7566607040913416,0.2028,0.6941976237623763,0.3059225296442688,0.004399999999999999
3836,0.44960000000000006,0.2232,0.646,0.045081188118811885,0.152,0.2725801119409489,0.7639775451950522,0.2132,0.5156000000000001,0.3551225296442687,0.015594873480118305
3837,0.034800000000000005,0.0016,0.6564,0.07738613861386139,0.07320000000000002,0.14821907090464548,0.8135999999999999,0.0308,0.35559999999999997,0.06,0.0008
3838,0.3888,0.14036906946264746,0.7876,0.02001980198019802,0.0688,0.2373542079762129,0.6909887725975262,0.1236,0.6197972277227723,0.2092582569561304,0.0064
3839,0.276,0.3016,0.7779999999999999,0.12588118811881188,0.15792358281394575,0.23807770344298462,0.8100943862987631,0.124,0.480598811881188,0.32418343051696474,0.055200000000000006
3840,0.016,0.01,0.6824,0.0036000000000000003,0.04359999999999999,0.19017974252277567,0.562283069175473,0.034,0.6768,0.004399999999999999,0.0012000000000000001
3841,0.26239999999999997,0.002,0.502,0.013176237623762377,0.0004,0.0760383627239373,0.9607999999999999,0.11480000000000001,0.2772,0.138,0.008400000000000001
3842,0.1116,0.0092,0.4424,0.024776237623762375,0.004000000000000001,0.07701929181929182,0.8832000000000001,0.020399999999999998,0.2844,0.28024505928853755,0.03639500492934604
3843,0.22879999999999998,0.18239999999999998,0.6355999999999999,0.071409900990099,0.1923696721311475,0.8904,0.6183494683679857,0.0668,0.6691972277227722,0.19364177669940907,0.0216
3844,0.17160000000000003,0.041999999999999996,0.5832,0.043976237623762376,0.2052,0.10821907090464547,0.8169887725975261,0.3396,0.540399603960396,0.16936822760536924,0.0248
3845,0.324,0.0548,0.5092000000000001,0.0156,0.1312,0.16636000620497238,0.8184719314938154,0.1312,0.5852,0.2863225296442688,0.13240000000000002
3846,0.1296,0.0812,0.5768,0.0308,0.02,0.1066967743476301,0.9199999999999999,0.0776,0.1636,0.5936,0.04892647773503134
3847,0.17200000000000001,0.09553910761154856,0.642,0.0228,0.0468,0.22283863080684596,0.8482831588962891,0.13040000000000002,0.392,0.2682456979611004,0.0036000000000000003
3848,0.1768,0.1508,0.608,0.09143366336633663,0.1236,0.6032244821193476,0.466862011555173,0.1512,0.2968,0.0808,0.00799500492934604
3849,0.13840000000000002,0.10313910761154857,0.626,0.026752475247524755,0.1516,0.1757153562547206,0.7063775451950522,0.0668,0.7636,0.13,0.0164
3850,0.0596,0.038400000000000004,0.2756,0.031552475247524754,0.004399999999999999,0.22219252353188784,0.9697887725975262,0.0512,0.733999603960396,0.06729011857707509,0.0004
3851,0.07880000000000001,0.15880000000000002,0.6856,0.0428,0.08266461548890018,0.16360000000000002,0.8235772760326034,0.11080000000000001,0.33940000000000003,0.1832,0.007979758503067941
3852,0.019999999999999997,0.0184,0.6076,0.0164,0.0332,0.13963885172149232,0.30609438629876307,0.004,0.13799999999999998,0.016,0.0
3853,0.1668,0.0011695538057742783,0.4840000000000001,0.046,0.0016,0.09440000000000001,0.9795999999999999,0.006,0.18400000000000002,0.08272252964426878,0.0
3854,0.0484,0.24436955380577427,0.8464,0.04510761543444063,0.06520000000000001,0.2680502252433793,0.38148315889628925,0.248,0.5467988118811882,0.19352252964426878,0.0004
3855,0.040799999999999996,0.078,0.47520000000000007,0.0264,0.0032,0.16989699526227647,0.8228,0.014400000000000001,0.31999999999999995,0.25240000000000007,0.0
3856,0.46040000000000003,0.012399999999999998,0.8640000000000001,0.08279603960396038,0.0772,0.3483744777906147,0.9443999999999999,0.11079999999999998,0.8013999999999999,0.08952316831683169,0.0092
3857,0.1452,0.1436,0.7140000000000001,0.18379370892841496,0.0492,0.20061907090464545,0.8964000000000001,0.1044,0.4269996039603961,0.29305834618244436,0.021199999999999997
3858,0.124,0.10556955380577429,0.6304,0.06197623762376238,0.0344,0.17069677434763011,0.9409887725975263,0.0032,0.2972,0.18392252964426875,0.0048000000000000004
3859,0.2892,0.13040000000000002,0.6308,0.1007009900990099,0.0612,0.9812,0.8596,0.1652,0.6393988118811882,0.31344505928853755,0.007600000000000001
3860,0.3184,0.192,0.7171999999999998,0.09486732673267326,0.11479999999999999,0.09963885172149231,0.7826936725280963,0.11399999999999999,0.7107976237623763,0.24801456423903262,0.0164
3861,0.10479999999999998,0.12079999999999999,0.7704000000000001,0.013152475247524753,0.055600000000000004,0.11109628535007507,0.6770922930542341,0.04359999999999999,0.4866,0.2992913959222009,0.0016
3862,0.1468,0.0728,0.6084,0.012657425742574257,0.0784,0.08803858363858363,0.756094386298763,0.0204,0.36139960396039605,0.20930468281610767,0.011979760187207191
3863,0.0212,0.0052,0.4136,0.0304,0.002,0.11243858363858365,0.8528,0.0032,0.4328,0.10600000000000001,0.0
3864,0.22359999999999997,0.146308177074196,0.6776000000000001,0.019552475247524754,0.13279999999999997,0.1906835043409629,0.9197887725975262,0.1276,0.42919881188118814,0.21922785113293938,0.0004
3865,0.0632,0.11516955380577427,0.29,0.005576237623762376,0.0916,0.1130190709046455,0.6920000000000001,0.024399999999999998,0.2696,0.4220145642390326,0.0028
3866,0.3444,0.2452,0.8532,0.05908118811881188,0.0776,0.31947076314068984,0.8371775451950523,0.22599999999999998,0.5789972277227722,0.4126741877666028,0.005189880093603596
3867,0.41559999999999997,0.08,0.59,0.08886732673267327,0.12480000000000002,0.19203911980440097,0.720732635585157,0.17637158596694696,0.37919603960396037,0.37227546511172854,0.03199000985869208
3868,0.2432,0.14984680034261771,0.7639999999999999,0.0804,0.016800000000000002,0.674852449316508,0.9064943862987631,0.1416,0.6235999999999999,0.36856822760536917,0.01
3869,0.0664,0.0752,0.7232000000000001,0.0011762376237623763,0.11279999999999998,0.18319999999999997,0.7564,0.040799999999999996,0.5125996039603959,0.15456758893280634,0.005600000000000001
3870,0.29159999999999997,0.1612,0.4636,0.038400000000000004,0.11800000000000002,0.25101701034144,0.7542830691754729,0.11080000000000001,0.403999603960396,0.40632252964426885,0.034
3871,0.34199999999999997,0.27080000000000004,0.6692,0.03635247524752475,0.054799999999999995,0.33571050090903387,0.6962831588962892,0.148,0.47840000000000005,0.3992,0.007189880093603595
3872,0.0808,0.0156,0.6547999999999999,0.0571049504950495,0.011200000000000002,0.14861929181929184,0.7837887725975262,0.0288,0.6272,0.16,0.0072
3873,0.002,0.022,0.6287999999999999,0.0248,0.0036000000000000003,0.1694192918192918,0.7784000000000001,0.0012000000000000001,0.2852,0.1588,0.0
3874,0.3996,0.014157723862498839,0.41600000000000004,0.025552475247524752,0.1316,0.2464772144454296,0.9875999999999999,0.0108,0.6373996039603961,0.10352316831683168,0.0024000000000000002
3875,0.1288,0.1508,0.6088,0.11194851485148513,0.1308,0.5773667804078562,0.479729106807567,0.1496,0.2764,0.0668,0.00679500492934604
3876,0.42560000000000003,0.1056,0.7844,0.04268118811881187,0.0764,0.957238141809291,0.6214828897338402,0.18039999999999998,0.5133996039603961,0.22424505928853752,0.014799999999999999
3877,0.017599999999999998,0.029599999999999998,0.7284,0.024799999999999996,0.0004,0.10229699526227645,0.9036000000000002,0.0252,0.6164000000000001,0.034800000000000005,0.0
3878,0.0004,0.0012000000000000001,0.4244,0.09785742574257425,0.0012000000000000001,0.0820383627239373,0.9368000000000001,0.0188,0.3566,0.06839999999999999,0.0028
3879,0.5296000000000001,0.11753910761154855,0.7164,0.038233663366336636,0.0916,0.30015367181039554,0.8839100910593931,0.15120000000000003,0.45919920792079205,0.1591225296442688,0.024399999999999998
3880,0.2756,0.2751695538057743,0.7564,0.08795247524752474,0.0856,0.8400511560702271,0.7082831588962892,0.21480000000000002,0.5275992079207922,0.32449075724963805,0.031144011049680807
3881,0.0488,0.0476,0.5264,0.06723564356435643,0.0128,0.243959579382076,0.8455999999999999,0.0624,0.2279980198019802,0.2243831941455015,0.0028
3882,0.3268,0.18439999999999998,0.6607999999999999,0.06256237623762376,0.1392,0.21083858363858363,0.7187550006692884,0.17679999999999998,0.5816000000000001,0.262,0.0132
3883,0.8672000000000001,0.0112,0.45999999999999996,0.024304950495049504,0.011600000000000001,0.07781929181929181,0.9252,0.0008,0.11779999999999999,0.0688,0.008400000000000001
3884,0.06040000000000001,0.036277246536843444,0.36280000000000007,0.010400000000000001,0.0168,0.12229623818181275,0.806094386298763,0.07799999999999999,0.5292000000000001,0.23736822760536924,0.0
3885,0.28480000000000005,0.2048,0.6296,0.0612,0.0984,0.188,0.639977455474236,0.13999999999999999,0.49720000000000003,0.4468,0.0116
3886,0.0204,0.0212,0.5936,0.05232871287128713,0.0368,0.14571606616692195,0.8134829794546565,0.0468,0.26260000000000006,0.06032252964426878,0.004399999999999999
3887,0.019999999999999997,0.0228,0.508,0.027599999999999996,0.0024000000000000002,0.14829699526227644,0.8844,0.0064,0.3492,0.254,0.0
3888,0.040400000000000005,0.004,0.61,0.0488,0.008,0.10141907090464548,0.8125887725975263,0.0308,0.5698,0.2691225296442688,0.0028
3889,0.08080000000000001,0.0344,0.6308,0.15261782178217817,0.01,0.08407650453322825,0.7013663177925785,0.04,0.46479722772277227,0.4139511759871639,0.0012000000000000001
3890,0.2512,0.027200000000000002,0.47520000000000007,0.009576237623762376,0.0356,0.1078579226261378,0.6044943862987631,0.008,0.19020000000000004,0.4344920345947639,0.0
3891,0.032,0.1496,0.9640000000000001,0.025176237623762376,0.11439999999999999,0.30291633424983055,0.19409429657794677,0.022,0.9444000000000001,0.07832252964426878,0.015594875164257557
3892,0.3776,0.11440000000000002,0.6192,0.08623366336633662,0.044,0.1889026562687092,0.7917663177925786,0.06439999999999999,0.2968,0.2072,0.0252
3893,0.0404,0.1619695538057743,0.8468,0.029552475247524752,0.1212,0.2899747458735234,0.8131999999999999,0.0204,0.25259960396039605,0.0824,0.0035948734801183047
3894,0.2908,0.0468,0.8051999999999999,0.09336237623762375,0.0464,0.1387348218203964,0.72682702188392,0.11479999999999999,0.7229988118811881,0.1771710371638439,0.004
3895,0.028000000000000004,0.010369553805774279,0.6132,0.15646732673267325,0.0216,0.08061907090464547,0.7601887725975262,0.0068000000000000005,0.5164,0.1004,0.0032
3896,0.3184,0.20593910761154857,0.6336,0.009904950495049506,0.0228,0.24701955990220048,0.7390874568128127,0.152,0.3012,0.26280000000000003,0.013974894881641716
3897,0.0804,0.14479999999999998,0.4372,0.0032,0.0776,0.12407672544787463,0.5324,0.0212,0.2904,0.44896886627793214,0.004399999999999999
3898,0.2852,0.10599999999999998,0.5852,0.10804356435643563,0.0484,0.13353540515447607,0.8575821122740248,0.17240000000000003,0.4875999999999999,0.2685186083825774,0.011194873480118304
3899,0.0752,0.0416,0.41559999999999997,0.047528712871287127,0.019200000000000002,0.20989650626472142,0.5946607040913416,0.058399999999999994,0.48879920792079207,0.0984901185770751,0.0004
3900,0.4692,0.2655695538057743,0.7988000000000001,0.052000000000000005,0.0848,0.32639903434206746,0.7744719314938153,0.352,0.4224,0.1464,0.0064
3901,0.7736,0.0268,0.5076,0.09566732673267325,0.0324,0.12807721444542963,0.8749438629876307,0.382,0.26579960396039604,0.3692000000000001,0.01037976018720719
3902,0.33880000000000005,0.04993910761154856,0.5396,0.06465742574257424,0.11640000000000002,0.13323911980440098,0.9353663177925785,0.06920000000000001,0.6515988118811882,0.14764113802684614,0.0056
3903,0.0088,0.03236906946264744,0.6479999999999999,0.10395247524752475,0.01,0.22461929181929183,0.9600719314938153,0.005200000000000001,0.27680000000000005,0.1996,0.0004
3904,0.24159999999999998,0.09359999999999999,0.5284,0.046609900990099006,0.11640000000000002,0.1682190709046455,0.6308085963232223,0.0656,0.3519988118811881,0.09849139592220092,0.014799999999999999
3905,0.06520000000000001,0.0767381389252949,0.6584,0.06192871287128713,0.021200000000000004,0.2439218670649002,0.9555999999999999,0.07599999999999998,0.3156,0.22802657378781355,0.007194875164257557
3906,0.6476,0.1504,0.7743999999999999,0.11228118811881187,0.05519999999999999,0.16171579808401323,0.9443999999999999,0.060399999999999995,0.6013980198019802,0.41770787617892224,0.012000000000000002
3907,0.5715999999999999,0.1408,0.31799999999999995,0.4991524752475248,0.0984,0.31625792262613783,0.5260037595916256,0.0876,0.8684000000000001,0.05904505928853755,0.0112
3908,0.6900000000000001,0.009600000000000001,0.4692,0.10468118811881189,0.10840000000000001,0.2786192918192918,0.5312,0.13399999999999998,0.24719960396039603,0.23072316831683168,0.013589750328515112
3909,0.0944,0.0752,0.6336,0.009904950495049504,0.0728,0.20109655343298377,0.4165887725975262,0.054000000000000006,0.21759999999999996,0.024399999999999998,0.004399999999999999
3910,0.20400000000000001,0.16999999999999998,0.798,0.3111049504950495,0.1976,0.23343146958990482,0.31948315889628925,0.0316,0.3256,0.17359999999999998,0.0008
3911,0.5576000000000001,0.3123695538057743,0.8112,0.08717623762376238,0.0844,0.30170007985185016,0.636,0.1588,0.647,0.27369139592220093,0.008794875164257556
3912,0.029199999999999997,0.07990769273106917,0.9036,0.01766732673267327,0.08792099644128114,0.3761928387830589,0.0596,0.0444,0.16439920792079207,0.7188920345947638,0.002
3913,0.45840000000000003,0.174,0.74,0.07884356435643565,0.11879999999999999,0.7188000000000001,0.7198238519895954,0.1496,0.5528,0.15944505928853753,0.014400000000000001
3914,0.2488,0.05514341463414635,0.5484,0.0396,0.084,0.29007749486551576,0.7648719314938154,0.030399999999999993,0.41459999999999997,0.3222450592885375,0.036
3915,0.41559999999999997,0.2963695538057743,0.7123999999999999,0.026776237623762376,0.0444,0.16055377581487895,0.6796,0.11480000000000001,0.484799603960396,0.31432252964426877,0.08199999999999999
3916,0.1336,0.12153910761154856,0.8859999999999999,0.017599999999999998,0.0608,0.29010259619476725,0.7724,0.20800000000000002,0.6245976237623763,0.3793046828161077,0.0
3917,0.28040000000000004,0.05873910761154856,0.6228,0.21171751642453965,0.086,0.16017686068346215,0.854094386298763,0.0868,0.5708,0.2260132868939068,0.007200000000000001
3918,0.17440000000000003,0.06756906946264744,0.8732,0.03908118811881188,0.1528,0.44863217950210615,0.3155775451950523,0.136,0.8460000000000001,0.1276139255664697,0.003194875164257556
3919,0.326,0.12030866141732284,0.5612,0.06140594059405939,0.0892,0.12101907090464548,0.5446605246497089,0.1308,0.3007984158415842,0.495648498415059,0.01
3920,0.23279999999999998,0.11113862326842172,0.45039999999999997,0.10742970297029701,0.07759999999999999,0.2386574336285828,0.6838831588962894,0.05840000000000001,0.3088,0.08272252964426877,0.014800000000000002
3921,0.17119999999999996,0.1224,0.5755999999999999,0.03317623762376238,0.039599999999999996,0.3764042146932122,0.731671841772999,0.12840000000000001,0.45139960396039597,0.2696265737878136,0.008000000000000002
3922,0.36719999999999997,0.28559999999999997,0.8108000000000001,0.09672475247524752,0.0536,0.40417920271149316,0.7929662280717622,0.1152,0.4226,0.39138151449927594,0.054000000000000006
3923,0.0084,0.0108,0.7575999999999999,0.01,0.0092,0.20701929181929182,0.9800000000000001,0.005600000000000001,0.3788,0.1016,0.0032
3924,0.0104,0.05636906946264745,0.506,0.03395247524752475,0.0196,0.14010257524560837,0.7433662280717621,0.48319999999999996,0.266399603960396,0.05833581653817556,0.0036000000000000003
3925,0.5892,0.0252,0.5644,0.0156,0.038,0.05927770344298462,0.8441663177925784,0.0232,0.43420000000000003,0.16519999999999999,0.0
3926,0.2988,0.027599999999999996,0.7152000000000001,0.026376237623762372,0.1036,0.25185695429898647,0.8788,0.142,0.5331996039603961,0.228090757249638,0.0028
3927,0.3164,0.0416,0.554,0.024776237623762375,0.0348,0.10243836272393729,0.837577455474236,0.009600000000000001,0.4593988118811881,0.07624569796110045,0.0004
3928,0.6075999999999999,0.0124,0.4104,0.002,0.0356,0.050915309086458235,0.8531775451950523,0.1156,0.5088,0.2008,0.0032
3929,0.11879999999999999,0.007200000000000001,0.6212000000000001,0.17543366336633662,0.059199999999999996,0.1008,0.9166831588962893,0.0288,0.26399999999999996,0.26216822760536923,0.0164
3930,0.2848,0.0716,0.576,0.054000000000000006,0.10959999999999999,0.1587351370715674,0.8788,0.12,0.3847996039603961,0.3095225296442688,0.0024000000000000002
3931,0.5835999999999999,0.10639999999999998,0.4888,0.018376237623762375,0.11240000000000001,0.13581929181929184,0.9184000000000001,0.23360000000000003,0.2639984158415841,0.30929075724963806,0.0172
3932,0.09,0.0624,0.688,0.020376237623762374,0.0356,0.19556000887419114,0.8046607040913416,0.0184,0.511799603960396,0.23465962352757014,0.004389880093603596
3933,0.3008,0.044000000000000004,0.34319999999999995,0.09232871287128713,0.0648,0.07101929181929181,0.8685663177925784,0.0784,0.2991984158415842,0.2320901185770751,0.0028
3934,0.2124,0.082,0.3128,0.041600000000000005,0.038400000000000004,0.0536,0.922,0.2632,0.1412,0.6291231683168317,0.009549269018790243
3935,0.4224,0.032769069462647446,0.3184,0.042800000000000005,0.0668,0.15007748252833825,0.7472,0.022,0.2826,0.36160000000000003,0.0
3936,0.1588,0.15319999999999998,0.68,0.030681188118811882,0.10479999999999998,0.3384375724256302,0.6180942965779468,0.1476,0.5449980198019803,0.24771733103745158,0.0024000000000000002
3937,0.0784,0.0524,0.5252000000000001,0.0676,0.076,0.2384,0.7224943862987632,0.31079999999999997,0.6289992079207921,0.16001392556646968,0.03
3938,0.4208,0.11036955380577429,0.6368,0.07246732673267327,0.11080000000000001,0.3976,0.7546197335147045,0.0936,0.555399603960396,0.1837682276053692,0.008000000000000002
3939,0.096,0.0124,0.5824,0.030376237623762382,0.04479999999999999,0.06760000000000001,0.9333887725975261,0.029600000000000005,0.4040000000000001,0.19264505928853753,0.00797975681892869
3940,0.1356,0.034800000000000005,0.8131999999999999,0.04479999999999999,0.086,0.256,0.8928719314938155,0.0216,0.46319920792079206,0.09552252964426879,0.023994873480118306
3941,0.007200000000000001,0.0028,0.25,0.04672871287128713,0.0244,0.09981907090464548,0.908,0.0004,0.285,0.029690118577075097,0.0012000000000000001
3942,0.2392,0.06276955380577429,0.5327999999999999,0.05761980198019802,0.0324,0.1982835043409629,0.6911146581383654,0.15960000000000002,0.5729984158415842,0.13522721246037647,0.0012000000000000001
3943,0.0184,0.024,0.9012,0.12872871287128712,0.044,0.21967721444542962,0.9348942965779468,0.0108,0.8039999999999999,0.0627231683168317,0.006
3944,0.21960000000000002,0.1132,0.5880000000000001,0.18531089108910886,0.13233934426229507,0.19571530908645823,0.7974606143705253,0.39559999999999995,0.5767984158415842,0.14510331624466793,0.0336
3945,0.24359999999999998,0.23440000000000003,0.6496000000000001,0.04715247524752475,0.078,0.3639996150069284,0.8894831588962893,0.17,0.36920000000000003,0.37312252964426873,0.0172
3946,0.027200000000000002,0.0268,0.4196,0.0387049504950495,0.017599999999999998,0.08941907090464549,0.7484943862987631,0.0844,0.26479841584158414,0.08133125660392126,0.0236
3947,0.002,0.0,0.542,0.04359999999999999,0.016,0.09221907090464546,0.9672000000000001,0.0004,0.4272,0.0204,0.0
3948,0.4032,0.2756,0.5524000000000001,0.05597623762376237,0.11279999999999998,0.20043885172149228,0.781109821896944,0.23959999999999998,0.3403980198019802,0.41393709388330135,0.027964513760929087
3949,0.022,0.0092,0.07120000000000001,0.030304950495049505,0.0632,0.158,0.5015773657534197,0.0112,0.205599603960396,0.053845059288537556,0.004
3950,0.0064,0.2068,0.9992000000000001,0.04401980198019802,0.17152099644128116,0.49717403596132204,0.535895604041778,0.008,0.9456,0.0004,0.0016
3951,0.0132,0.0708,0.42639999999999995,0.002,0.011600000000000001,0.21159793943679447,0.7172494766888677,0.0184,0.43759999999999993,0.09456822760536923,0.00039487348011830434
3952,0.01,0.0012000000000000001,0.2468,0.024,0.0,0.11363858363858363,0.9478831588962893,0.0412,0.38619960396039604,0.12384505928853755,0.0024000000000000002
3953,0.08199999999999999,0.2496,0.8632,0.0319049504950495,0.0508,0.1666967271793678,0.43877754519505235,0.304,0.30679920792079207,0.42184505928853755,0.005189878409464345
3954,0.528,0.21956906946264745,0.7508000000000001,0.052233663366336634,0.1268,0.26883858363858365,0.8266831588962893,0.21680000000000002,0.4958,0.3558450592885375,0.0012000000000000001
3955,0.39120000000000005,0.1492,0.76,0.051952475247524756,0.035199999999999995,0.019200000000000002,0.8857887725975262,0.2244,0.6396,0.39096886627793215,0.008400000000000001
3956,0.4076000000000001,0.1264,0.6668,0.18258613861386136,0.082,0.2786581435407841,0.6990829794546566,0.14279999999999998,0.44000000000000006,0.25344505928853756,0.036
3957,0.046400000000000004,0.01593862326842172,0.5484,0.05463366336633664,0.06839999999999999,0.12609022870636566,0.9272,0.027600000000000003,0.545999207920792,0.10129075724963801,0.0008
3958,0.0056,0.014400000000000001,0.6424,0.013999999999999999,0.0004,0.0814576545432291,0.9481887725975261,0.004399999999999999,0.18439999999999998,0.05199999999999999,0.0
3959,0.7152000000000001,0.007200000000000001,0.46399999999999997,0.09331485148514851,0.0568,0.24320000000000003,0.4832000000000001,0.1512,0.29880000000000007,0.11402785113293938,0.0036000000000000003
3960,0.0764,0.022400000000000003,0.9136,0.11717623762376236,0.0772,0.18153508990330505,0.8375550903901047,0.0312,0.9332,0.0632,0.009594875164257555
3961,0.7128,0.15760000000000002,0.7544,0.007200000000000001,0.0316,0.2511351939077885,0.8813887725975261,0.0676,0.256,0.5283370938833014,0.0068000000000000005
3962,0.012,0.0392,0.536,0.015576237623762377,0.027200000000000002,0.07563863080684596,0.6688000000000001,0.004,0.3539984158415842,0.4137688662779321,0.0
3963,0.2552,0.0948,0.6796,0.108609900990099,0.1312,0.24749650626472147,0.8024942965779468,0.0736,0.578999603960396,0.14056822760536924,0.0024000000000000002
3964,0.1484,0.1248,0.6439999999999999,0.07253861386138613,0.10872099644128112,0.5358818685796681,0.45849868421528656,0.10400000000000001,0.547999603960396,0.14679999999999999,0.008799999999999999
3965,0.13679999999999998,0.24147821522309712,0.8196,0.08945742574257425,0.0936,0.12792208797954654,0.9907999999999999,0.0336,0.44419683168316826,0.2700901185770751,0.0047950049293460405
3966,0.0064,0.038400000000000004,0.658,0.0064,0.046,0.16523863080684595,0.8267775451950523,0.030400000000000003,0.5506,0.08552252964426878,0.0004
3967,0.2792,0.2524,0.7496,0.07039999999999999,0.0536,0.3028,0.7596719314938154,0.1,0.4612,0.48392316831683174,0.0116
3968,0.462,0.25990866141732283,0.5796,0.1210059405940594,0.1356,0.2176623943907729,0.6823775451950523,0.2444,0.7141988118811881,0.2652436927170978,0.0171847535737219
3969,0.0392,0.0012000000000000001,0.5048,0.015200000000000002,0.009600000000000001,0.0576383627239373,0.9592,0.0848,0.2624,0.0512,0.0024000000000000002
3970,0.11879999999999999,0.0704,0.5576,0.056400000000000006,0.092,0.1036,0.5759775451950524,0.074,0.5155996039603961,0.14632252964426878,0.0023897503285151118
3971,0.18360000000000004,0.04916955380577428,0.5767999999999999,0.042728712871287135,0.1248,0.3326962381818127,0.8870831588962892,0.048799999999999996,0.4483992079207921,0.240702677572105,0.0024000000000000002
3972,0.0772,0.0172,0.4076000000000001,0.16472475247524748,0.0068000000000000005,0.07083858363858364,0.6484943862987631,0.0376,0.46939881188118815,0.20091924705514028,0.0
3973,0.0004,0.05,0.6268,0.042752475247524756,0.011600000000000001,0.12301907090464545,0.8224943862987631,0.034800000000000005,0.1802,0.13033645521073847,0.0068000000000000005
3974,0.3676,0.3143695538057743,0.7051999999999999,0.04957623762376238,0.0508,0.2402741797737289,0.7577663177925785,0.14479999999999998,0.463999603960396,0.3818456979611004,0.03554413913063005
3975,0.1344,0.074708177074196,0.5212,0.02995247524752475,0.07799999999999999,0.14629672717936776,0.7872943862987631,0.0424,0.24159999999999998,0.1519225296442688,0.0112
3976,0.0036000000000000003,0.025569553805774276,0.28280000000000005,0.070609900990099,0.0284,0.09661907090464547,0.8164,0.002,0.345199603960396,0.08536822760536925,0.0
3977,0.0188,0.0676,0.7379999999999999,0.019904950495049503,0.0128,0.11047650453322824,0.8013887725975261,0.028000000000000004,0.6871980198019803,0.031045059288537548,0.0012000000000000001
3978,0.1812,0.2364,0.7276,0.09644356435643563,0.2979209964412811,0.4219351370715674,0.4755775451950523,0.1396,0.617,0.09832316831683167,0.005194875164257555
3979,0.24559999999999998,0.06916955380577429,0.5552,0.07658217821782178,0.07,0.22232186706490017,0.8103101807802092,0.12840000000000001,0.4711984158415842,0.1309675889328063,0.0012000000000000001
3980,0.14520000000000002,0.06,0.7304,0.07131485148514852,0.06639999999999999,0.15331606616692192,0.9028,0.11280000000000001,0.6337996039603959,0.24978151449927602,0.012774631983186246
3981,0.002,0.07553862326842173,0.5720000000000001,0.045176237623762376,0.0132,0.12421907090464546,0.8498831588962892,0.008400000000000001,0.2732,0.082,0.0252
3982,0.1316,0.0024000000000000002,0.4628,0.0204,0.0108,0.10861907090464547,0.8136494766888678,0.034,0.1962,0.0416,0.0008
3983,0.05600000000000001,0.25880000000000003,0.13240000000000002,0.11806732673267326,0.029599999999999998,0.2632772144454296,0.18680000000000002,0.005200000000000001,0.8899992079207919,0.15872252964426875,0.005579760187207192
3984,0.022,0.0912,0.38280000000000003,0.029433663366336637,0.0036000000000000003,0.09585765454322911,0.9732,0.0152,0.5028,0.05522848980550229,0.0
3985,0.1244,0.1472,0.2752,0.019504950495049505,0.1192,0.16903137525338013,0.7191100910593929,0.06439999999999999,0.21379841584158416,0.12538343051696474,0.004399999999999999
3986,0.0204,0.1116,0.8560000000000001,0.013599999999999998,0.0748,0.24916071611717375,0.7744,0.21079999999999996,0.6471980198019802,0.3695358165381756,0.0008
3987,0.9008,0.038799999999999994,0.36240000000000006,0.041999999999999996,0.0612,0.22083836272393728,0.8343999999999999,0.2852,0.3567992079207921,0.3436139255664697,0.008789878409464344
3988,0.3316,0.16876955380577424,0.48,0.04717623762376237,0.1568,0.23215469697376792,0.6747365746184152,0.10879999999999998,0.5556,0.26912252964426875,0.02
3989,0.072,0.09178687664041996,0.7716000000000001,0.014799999999999999,0.0556,0.2653158452522756,0.5122876362544453,0.0924,0.6536000000000001,0.06624505928853755,0.0032
3990,0.558,0.0364,0.31920000000000004,0.06355247524752475,0.0868,0.12141907090464547,0.7664,0.0612,0.3996,0.48504633663366337,0.0028
3991,0.16879999999999998,0.0356,0.6512,0.04115247524752476,0.044,0.17563814180929097,0.9224,0.0348,0.3892,0.2392,0.0016
3992,0.0112,0.0164,0.5764,0.03397623762376238,0.035199999999999995,0.09265765454322912,0.7112,0.022800000000000004,0.6539976237623761,0.08264505928853755,0.004399999999999999
3993,0.3012,0.0216,0.6300000000000001,0.048400000000000006,0.0524,0.22912213514780885,0.7524,0.0444,0.09759999999999999,0.0636,0.005600000000000001
3994,0.0444,0.08760000000000001,0.9212,0.0328,0.044399999999999995,0.24916071611717375,0.7293887725975261,0.18359999999999999,0.44119960396039604,0.4676126482213438,0.002
3995,0.0332,0.004399999999999999,0.44600000000000006,0.0404,0.0008,0.22807700586796073,0.9016,0.002,0.2408,0.05639999999999999,0.0004
3996,0.1924,0.04215594610306739,0.7,0.05157227722772277,0.10400000000000001,0.2307602297888375,0.6916719314938155,0.0748,0.534399207920792,0.11504505928853756,0.0096
3997,0.202,0.1592,0.7731999999999999,0.03985742574257426,0.12480000000000002,0.23421955990220047,0.9548943862987631,0.024399999999999998,0.6423984158415841,0.1492126482213439,0.05800000000000001
3998,0.1004,0.0776,0.6104,0.051152475247524753,0.056400000000000006,0.1970195599022005,0.5185436835459982,0.0364,0.21459960396039604,0.09272252964426878,0.0012000000000000001
3999,0.0924,0.027199999999999995,0.6212,0.010752475247524753,0.23079999999999998,0.08501929181929183,0.8276,0.07039999999999999,0.43759999999999993,0.074,0.002
4000,0.09,0.0944,0.8371999999999999,0.02472871287128713,0.1024,0.24504426762639894,0.7659550903901046,0.027199999999999995,0.524,0.07552316831683169,0.0068000000000000005
4001,0.3556,0.2012,0.6228,0.10192475247524753,0.1792,0.13069699526227643,0.8032762294103388,0.1204,0.6161976237623762,0.31330468281610774,0.028779758503067944
4002,0.3188000000000001,0.09840000000000002,0.8263999999999999,0.07571485148514852,0.184,0.30501894335027746,0.6987775451950523,0.068,0.6807964356435644,0.1113040441435448,0.013600000000000001
4003,0.2772,0.25876955380577427,0.7992,0.08797623762376239,0.0932,0.3956527173994167,0.7957435938251819,0.11839999999999999,0.5557996039603961,0.178,0.0048000000000000004
4004,0.040400000000000005,0.18000000000000002,0.944,0.0019762376237623764,0.034,0.15851575091575093,0.4332000000000001,0.3856,0.4,0.2591225296442688,0.0
4005,0.046400000000000004,0.0092,0.6308,0.008400000000000001,0.01,0.06861907090464549,0.9169887725975261,0.027200000000000002,0.2824,0.33752252964426877,0.0
4006,0.3148,0.2468,0.6064,0.03315247524752475,0.0772,0.30607699353078327,0.7583101807802094,0.22160000000000002,0.5793980198019801,0.42919999999999997,0.01319500492934604
4007,0.30080000000000007,0.2679695538057743,0.6068000000000001,0.10268118811881188,0.12200000000000003,0.26485035182150096,0.936494386298763,0.1136,0.43539960396039606,0.09152316831683167,0.013594873480118305
4008,0.2484,0.2048,0.7036,0.06270495049504951,0.11079999999999998,0.22643911980440098,0.7584,0.15360000000000001,0.590399603960396,0.532939264769213,0.008394873480118307
4009,0.2624,0.24559999999999998,0.7924,0.06018613861386137,0.013600000000000001,0.08621907090464546,0.8599775451950524,0.17239999999999997,0.506599603960396,0.4394741877666027,0.02
4010,0.03799999999999999,0.060399999999999995,0.42680000000000007,0.048799999999999996,0.06720000000000001,0.17345770171149147,0.015600000000000003,0.0432,0.672,0.11536886627793215,0.002
4011,0.0548,0.09240000000000001,0.5164,0.09437623762376238,0.024,0.15439961767614716,0.8177663177925785,0.038400000000000004,0.357,0.3136,0.050794875164257555
4012,0.15999999999999998,0.0376,0.5631999999999999,0.05632871287128712,0.05960000000000001,0.2508120834340883,0.5140943862987631,0.1076,0.5739992079207921,0.3476145642390326,0.014000000000000002
4013,0.41000000000000003,0.568,0.7356,0.027976237623762373,0.0656,0.40917296362968736,0.7626607040913417,0.2548,0.40919999999999995,0.5105682276053691,0.014380019717384163
4014,0.020399999999999998,0.0412,0.49879999999999997,0.08992475247524752,0.0852,0.15203858363858364,0.7328943862987631,0.11239999999999999,0.24219960396039603,0.019212648221343876,0.0032
4015,0.0156,0.0064,0.548,0.019081188118811883,0.021199999999999997,0.19119522167590627,0.742,0.018,0.42380000000000007,0.022399999999999996,0.0
4016,0.015200000000000002,0.0628,0.3244,0.027128712871287132,0.029199999999999997,0.08483858363858363,0.8992000000000001,0.017599999999999998,0.5123996039603961,0.2687231683168317,0.00799000985869208
4017,0.3156,0.27959999999999996,0.7188000000000001,0.04783366336633663,0.027999999999999997,0.2405527539577204,0.7409214081826831,0.27440000000000003,0.5685992079207921,0.30784505928853756,0.0068000000000000005
4018,0.46080000000000004,0.14276955380577427,0.5664,0.0432,0.1012,0.24637301079794968,0.8597663177925785,0.1508,0.5419988118811881,0.2974741877666028,0.0004
4019,0.1904,0.09,0.5804,0.11493861386138612,0.0528,0.26443819864551205,0.5378876362544454,0.094,0.43539960396039606,0.3117053214886706,0.003994875164257556
4020,0.1232,0.03560000000000001,0.5744,0.0312,0.1396,0.14905819070904644,0.5784,0.0432,0.6552,0.2632,0.0036000000000000003
4021,0.11320000000000001,0.0024000000000000002,0.2916,0.0004,0.042,0.11127726161369193,0.9041663177925786,0.09839999999999999,0.5660000000000001,0.3254450592885375,0.0032
4022,0.1216,0.0184,0.6532,0.03804356435643565,0.11800000000000002,0.12505765454322912,0.7493887725975261,0.0236,0.5884,0.25416758893280633,0.0
4023,0.020399999999999998,0.0376,0.5292,0.07776237623762375,0.0396,0.1360383627239373,0.6717887725975261,0.0428,0.17559960396039603,0.04258087582671311,0.0008
4024,0.1816,0.2332,0.7619999999999999,0.09157623762376238,0.064,0.6057923026172415,0.9042831588962892,0.122,0.49239999999999995,0.48,0.02197949728875172
4025,0.008,0.1373886543998514,0.4224,0.043104950495049504,0.0004,0.1290192918192918,0.624,0.0036000000000000003,0.2934,0.009199999999999998,0.0
4026,0.2584,0.23556955380577427,0.8416,0.024328712871287128,0.0512,0.20141878194107093,0.9025949883128097,0.11440000000000002,0.5477996039603961,0.3259364552107385,0.0056
4027,0.5104,0.0248,0.6048,0.040776237623762375,0.01,0.11887699353078326,0.47816631779257845,0.2124,0.484,0.3941682276053692,0.0016
4028,0.0048000000000000004,0.016000000000000004,0.5267999999999999,0.019996039603960396,0.0524,0.07221929181929183,0.986,0.019200000000000002,0.38880000000000003,0.04441392556646969,0.005200000000000001
4029,0.152,0.4233165877201115,0.682,0.0068000000000000005,0.0916,0.27052885951321165,0.6752943862987631,0.0224,0.7997992079207922,0.1384145642390326,0.006
4030,0.2752,0.14756955380577425,0.6176,0.31667989266216334,0.064,0.22184416859966985,0.9048,0.0528,0.3664,0.2000913959222009,0.0216
4031,0.1348,0.2072,0.6476,0.022776237623762376,0.11839999999999999,0.22575420797621287,0.8575775451950524,0.1112,0.47140000000000004,0.21464569796110045,0.028399999999999998
4032,0.0996,0.11280000000000001,0.6847999999999999,0.0344,0.009600000000000001,0.13055491788841422,0.7422831588962893,0.0388,0.7162000000000001,0.21576886627793215,0.015189878409464345
4033,0.3708,0.278,0.7592,0.05068118811881188,0.1072,0.5232004581679781,0.6559775451950524,0.1252,0.5877976237623763,0.4901205244002661,0.021599999999999998
4034,0.2612,0.088,0.5359999999999999,0.041999999999999996,0.0436,0.20006290700670556,0.8359775451950524,0.18639999999999998,0.664,0.3028,0.013189878409464345
4035,0.0164,0.022,0.884,0.19555247524752475,0.0048000000000000004,0.07101907090464547,0.9536000000000001,0.005200000000000001,0.08,0.022799999999999997,0.0
4036,0.29,0.15596955380577432,0.7644,0.1302811881188119,0.0588,0.29510858969880976,0.8074607040913417,0.1996,0.46220000000000006,0.3691231683168317,0.04239500492934604
4037,0.0624,0.08073910761154855,0.3548,0.0,0.0736,0.06123814180929096,0.930094386298763,0.1764,0.476,0.39599999999999996,0.0024000000000000002
4038,0.06439999999999999,0.20544954678830285,0.5995999999999999,0.14225742574257424,0.08399999999999999,0.2759356732373847,0.734,0.0132,0.3785992079207921,0.076,0.009600000000000001
4039,0.3747999999999999,0.48360000000000003,0.63,0.055809900990099005,0.14320000000000002,0.40775442889085917,0.6834380698447613,0.15960000000000002,0.38779920792079203,0.652090757249638,0.0116
4040,0.152,0.053200000000000004,0.3036,0.11133861386138613,0.0732,0.32917394162479735,0.646,0.032799999999999996,0.24559920792079204,0.12822520721637382,0.0004
4041,0.038,0.010400000000000001,0.3428,0.022,0.006,0.0882192918192918,0.8732000000000001,0.009200000000000002,0.3216,0.1156,0.0004
4042,0.0088,0.0228,0.4596,0.0208,0.0156,0.10301907090464549,0.9468,0.0032,0.2700000000000001,0.020399999999999998,0.0
4043,0.3052,0.05547676219371661,0.6228,0.025176237623762376,0.0264,0.12719983859079348,0.781294386298763,0.0184,0.46799999999999997,0.12152252964426877,0.007994873480118304
4044,0.3792,0.11120000000000001,0.6152,0.09100990099009901,0.044,0.1849026562687092,0.7969663177925785,0.058399999999999994,0.2976,0.2056,0.027999999999999997
4045,0.364,0.04959999999999999,0.548,0.0144,0.0336,0.03541929181929182,0.970494386298763,0.1432,0.5044000000000001,0.33144569796110046,0.0048000000000000004
4046,0.0028,0.0032,0.44960000000000006,0.0172,0.002,0.11101929181929185,0.8724000000000001,0.008799999999999999,0.2964,0.146,0.0
4047,0.0516,0.042800000000000005,0.6904000000000001,0.010776237623762376,0.0012000000000000001,0.08501929181929183,0.9088,0.0024000000000000002,0.5625988118811881,0.04744569796110045,0.0004
4048,0.010799999999999999,0.0012000000000000001,0.42679999999999996,0.014752475247524755,0.0008,0.07425743362858278,0.9635999999999999,0.0004,0.24059999999999998,0.012722529644268777,0.0
4049,0.30000000000000004,0.13119999999999998,0.5528000000000001,0.05232871287128713,0.0656,0.1224,0.9119999999999999,0.08120000000000002,0.5516,0.26992316831683166,0.017189878409464343
4050,0.5008,0.1504,0.7428,0.03788118811881188,0.061943619047619046,0.053857654543229126,0.8705663177925785,0.2724,0.5226000000000001,0.31361520291159556,0.005599999999999999
4051,0.016,0.046,0.394,0.0028,0.0376,0.11061907090464548,0.906732635585157,0.014000000000000002,0.49959841584158415,0.05432252964426878,0.0016
4052,0.0264,0.002,0.8732,0.002,0.0328,0.15531557716936692,0.718494386298763,0.07880000000000001,0.1968,0.0044,0.0
4053,0.005200000000000001,0.23556955380577432,0.9960000000000001,0.07039603960396038,0.17512099644128115,0.5091349161569211,0.549284286918488,0.0068000000000000005,0.8911999999999999,0.0036000000000000003,0.0024000000000000002
4054,0.0016,0.0004,0.6004,0.011176237623762377,0.0008,0.06487699353078327,0.9464943862987629,0.006,0.33140000000000003,0.04,0.0008
4055,0.42160000000000003,0.1376,0.6816,0.0024000000000000002,0.041600000000000005,0.07865721271393643,0.8627775451950523,0.15760000000000002,0.4896,0.32232316831683167,0.014000000000000002
4056,0.4468,0.22039999999999998,0.7263999999999999,0.09133465346534653,0.1156,0.7118192918192918,0.6985747341839927,0.1484,0.5035999999999999,0.16784505928853755,0.0184
4057,0.09040000000000001,0.0752,0.7764,0.0468,0.010400000000000001,0.08665787545787547,0.9680943862987631,0.02,0.1528,0.2204,0.006
4058,0.1192,0.13999999999999999,0.7272000000000001,0.048799999999999996,0.18040000000000003,0.14083863080684597,0.7163774554742359,0.1844,0.605,0.30264569796110047,0.03155899457750344
4059,0.22359999999999997,0.17236955380577426,0.7524000000000001,0.0188,0.12120000000000002,0.10641115260724063,0.40988315889628923,0.05600000000000001,0.2902,0.35201392556646965,0.0068000000000000005
4060,0.3824,0.2091695538057743,0.7292,0.02155247524752475,0.0256,0.27550633014636317,0.8509887725975261,0.044399999999999995,0.699,0.25065898485500726,0.0088
4061,0.055200000000000006,0.08359999999999998,0.5940000000000001,0.040728712871287126,0.1356,0.14763858363858365,0.8936,0.06960000000000001,0.520199603960396,0.17104505928853755,0.002
4062,0.30679999999999996,0.10799999999999998,0.692,0.1186257425742574,0.09,0.1797025725763896,0.9370831588962891,0.1512,0.649799603960396,0.21279279614918015,0.0056
4063,0.2564,0.21479999999999996,0.7404,0.057199999999999994,0.05,0.8901340016687586,0.9134831588962893,0.1352,0.556599603960396,0.33840000000000003,0.010794873480118304
4064,0.3252,0.11359999999999999,0.4628,0.10618613861386136,0.09559999999999999,0.076,0.7061886828767099,0.17639999999999997,0.402,0.4401682276053693,0.0451898800936036
4065,0.10400000000000001,0.12159999999999997,0.3084,0.29592871287128714,0.072,0.303239119804401,0.1548,0.013999999999999999,0.254,0.1788,0.0
4066,0.39719999999999994,0.12279999999999999,0.6404000000000001,0.0862059405940594,0.10519999999999999,0.1758190709046455,0.7929478020208889,0.1008,0.5537976237623763,0.16826026220013307,0.0124
4067,0.11040000000000001,0.0912,0.9012,0.142019801980198,0.10519999999999999,0.13136592899086785,0.9663999999999999,0.0432,0.23259960396039606,0.08056758893280633,0.0068000000000000005
4068,0.0528,0.10880000000000001,0.8404,0.023152475247524753,0.0436,0.13565076140919663,0.841294386298763,0.092,0.6229996039603961,0.08832252964426879,0.012
4069,0.14679999999999999,0.0504,0.4363999999999999,0.15496237623762374,0.07,0.26447699353078324,0.09209438629876308,0.039599999999999996,0.414599603960396,0.22024505928853752,0.0144
4070,0.2556,0.13230866141732284,0.6103999999999999,0.054914851485148505,0.07519999999999999,0.1826190709046455,0.7553887725975262,0.29200000000000004,0.534798415841584,0.2405198857277032,0.002
4071,0.0412,0.017999999999999995,0.41559999999999997,0.0216,0.023600000000000003,0.15247721444542958,0.8105885931558934,0.0568,0.2976,0.03256758893280633,0.0068000000000000005
4072,0.07759999999999999,0.1288,0.852,0.07536237623762375,0.178,0.6220244821193476,0.5037292862491995,0.12000000000000002,0.24,0.028245697961100456,0.007200000000000001
4073,0.0008,0.0064,0.45119999999999993,0.051057425742574256,0.0144,0.08861907090464546,0.9136943862987632,0.007999999999999998,0.2532,0.043768227605369234,0.0047950049293460405
4074,0.22079999999999997,0.016,0.4356,0.0363960396039604,0.06000000000000001,0.26713567323738474,0.05969438629876308,0.092,0.849399603960396,0.043367588932806324,0.0024000000000000002
4075,0.31880000000000003,0.058800000000000005,0.556,0.002,0.029600000000000005,0.06345765454322913,0.8416943862987631,0.2644,0.7859999999999999,0.2036,0.0064
4076,0.5448000000000001,0.0456,0.6035999999999999,0.04357623762376238,0.027999999999999997,0.18607770344298463,0.9788,0.0644,0.6634,0.33599999999999997,0.0236
4077,0.0104,0.0236,0.5044,0.028938613861386138,0.013600000000000001,0.1113150881718119,0.9268719314938154,0.0032,0.2183992079207921,0.030323168316831677,0.0008
4078,0.22319999999999998,0.0836,0.708,0.0503049504950495,0.09159999999999999,0.013999999999999999,0.6033606060496431,0.08199999999999999,0.675,0.15824569796110047,0.014000000000000002
4079,0.38520000000000004,0.21473910761154857,0.8016,0.016728712871287126,0.045200000000000004,0.2998578004572683,0.7353886828767099,0.3208,0.6902,0.24345898485500722,0.0236
4080,0.055999999999999994,0.027599999999999996,0.47919999999999996,0.009999999999999998,0.0004,0.10589650626472144,0.9576,0.0028,0.5183996039603962,0.0164,0.0
4081,0.0792,0.019200000000000002,0.374,0.13983366336633662,0.033600000000000005,0.1270192918192918,0.9685887725975262,0.0268,0.2068,0.08153581653817557,0.0208
4082,0.27640000000000003,0.136,0.5904,0.0284,0.041600000000000005,0.18015447605912155,0.21769429657794676,0.11080000000000001,0.7396,0.15984569796110043,0.005200000000000001
4083,0.09159999999999999,0.0372,0.5772,0.005176237623762377,0.0248,0.11797345262724238,0.44489438629876304,0.11280000000000001,0.207599603960396,0.42821064297734124,0.0048000000000000004
4084,0.32320000000000004,0.12320000000000002,0.808,0.0704,0.1204,0.2442192918192918,0.8976000000000001,0.0232,0.4604000000000001,0.24192252964426877,0.026790009858692083
4085,0.0636,0.1288,0.3088,0.08952871287128712,0.1368,0.09905792262613779,0.9132,0.0152,0.31979960396039603,0.3548139255664696,0.0044
4086,0.0888,0.05076906946264744,0.6056,0.0776,0.11879999999999999,0.27225770171149144,0.0408,0.0528,0.762,0.16792316831683168,0.0016
4087,0.076,0.03319999999999999,0.8336,0.11028118811881187,0.0256,0.15611508817181188,0.6906607040913416,0.0548,0.3644,0.0556,0.0008
4088,0.1316,0.05840000000000001,0.49640000000000006,0.056400000000000006,0.0044,0.11527650453322824,0.9189438629876309,0.027600000000000003,0.604598811881188,0.15993645521073846,0.0024000000000000002
4089,0.24560000000000004,0.1984,0.7052,0.07595247524752476,0.11916967213114753,0.9423999999999999,0.6838018457887293,0.0872,0.693398811881188,0.212490757249638,0.017994873480118304
4090,0.7203999999999999,0.002,0.6104,0.005599999999999999,0.03799999999999999,0.176,0.9924,0.034800000000000005,0.6756,0.3424,0.0012000000000000001
4091,0.4612,0.0028,0.5896,0.041857425742574256,0.029599999999999998,0.08705743362858279,0.964094386298763,0.04077158596694694,0.7005988118811881,0.16745898485500724,0.0
4092,0.3972,0.0308,0.636,0.03428118811881188,0.06799999999999999,0.2578027699753978,0.8009663177925785,0.11040000000000001,0.3587984158415841,0.3762252072163738,0.008384753573721902
4093,0.27480000000000004,0.04713862326842173,0.722,0.0176,0.0868,0.20779381677816885,0.5573214081826832,0.47759999999999997,0.5109999999999999,0.38639999999999997,0.0036000000000000003
4094,0.05720000000000001,0.029199999999999997,0.2684,0.05077623762376238,0.038,0.0896383627239373,0.7682831588962892,0.0172,0.26339999999999997,0.17016886627793215,0.008
4095,0.06,0.053200000000000004,0.5995999999999999,0.12997623762376237,0.0748,0.18029623818181276,0.7606831588962892,0.005200000000000001,0.5974,0.074,0.014000000000000002
4096,0.023200000000000002,0.0,0.5731999999999999,0.009600000000000001,0.0008,0.1321408549142212,0.9002831588962893,0.0064,0.3054,0.04552316831683168,0.0
4097,0.0828,0.021199999999999997,0.3788,0.0224,0.022799999999999997,0.09807699353078327,0.7860719314938154,0.0496,0.4668,0.3324,0.0068000000000000005
4098,0.2884,0.21000000000000002,0.7656,0.04924356435643564,0.12200000000000003,0.3810574336285828,0.7504943862987632,0.1056,0.5091988118811882,0.31730532148867063,0.038400000000000004
4099,0.40840000000000004,0.15236955380577427,0.6944,0.10437623762376239,0.132,0.21163863080684595,0.8656268424422875,0.0844,0.5587996039603961,0.27752252964426877,0.014000000000000002
4100,0.404,0.30516955380577426,0.6648,0.049904950495049505,0.0328,0.7421999725349357,0.7935775451950524,0.2044,0.5047980198019802,0.37913645521073847,0.017989878409464345
4101,0.2712,0.057539107611548554,0.7343999999999999,0.0108,0.152,0.3066713089744658,0.6306381595655776,0.0892,0.5716,0.23016886627793215,0.0088
4102,0.2124,0.0316,0.7212000000000001,0.05778613861386138,0.11679999999999997,0.17243885172149231,0.946094386298763,0.0656,0.7298,0.10232252964426877,0.007200000000000001
4103,0.21200000000000002,0.009600000000000001,0.23680000000000004,0.06681980198019802,0.0436,0.23909579635252004,0.4203775451950523,0.0376,0.24999920792079208,0.36,0.004000000000000001
4104,0.5152,0.0132,0.7156,0.0008,0.03560000000000001,0.12243863080684596,0.9772000000000001,0.47759999999999997,0.7378,0.1493186083825774,0.0068000000000000005
4105,0.047599999999999996,0.1132,0.6092,0.09571485148514851,0.024,0.17789677434763013,0.9308000000000002,0.017599999999999998,0.5107988118811881,0.1870100043047783,0.006000000000000001
4106,0.024399999999999998,0.0288,0.4328,0.04828118811881188,0.0084,0.10989623818181275,0.8535999999999999,0.0548,0.6891988118811881,0.13242593511525066,0.0004
4107,0.1264,0.08274341463414633,0.836,0.08182574257425741,0.0504,0.3666814679646372,0.8886831588962891,0.0356,0.5246000000000001,0.09272252964426878,0.0048000000000000004
4108,0.0164,0.0496,0.7816,0.05164356435643565,0.0472,0.08567743536007595,0.7946831588962893,0.005200000000000001,0.5252000000000001,0.0868,0.0112
4109,0.11439999999999999,0.1348,0.5456,0.03548118811881188,0.082,0.21056780557122856,0.7043774554742361,0.086,0.5224,0.21792252964426875,0.03959487516425755
4110,0.002,0.0012000000000000001,0.5624,0.0172,0.0004,0.13701929181929182,0.9904,0.0036000000000000003,0.2472,0.033999999999999996,0.008
4111,0.47240000000000004,0.0912,0.5692,0.05037623762376238,0.0904,0.22152168000509231,0.8244986842152866,0.1216,0.5161992079207922,0.2726589848550072,0.028800000000000003
4112,0.1224,0.07575594610306739,0.48360000000000003,0.143829702970297,0.005599999999999999,0.06727694636252093,0.9137663177925784,0.026000000000000002,0.5713988118811881,0.10404305404453491,0.0012000000000000001
4113,0.1032,0.10400000000000001,0.5312,0.037433663366336634,0.06119999999999999,0.23185505312400173,0.7653887725975262,0.064,0.6434,0.17385834618244433,0.011200000000000002
4114,0.4664,0.016,0.42119999999999996,0.04837623762376238,0.062,0.11741929181929182,0.7957887725975261,0.1304,0.57,0.1516,0.0031948734801183045
4115,0.0596,0.0252,0.6996,0.012000000000000002,0.0324,0.17892723313232575,0.8224,0.0816,0.28859999999999997,0.07680000000000001,0.0
4116,0.446,0.0512,0.658,0.004399999999999999,0.0588,0.13349584352078242,0.5777887725975261,0.278,0.45380000000000004,0.23584633663366333,0.005600000000000001
4117,0.033600000000000005,0.009600000000000001,0.46319999999999995,0.013600000000000001,0.0108,0.11901929181929186,0.8328,0.0028,0.2824,0.1336,0.0
4118,0.011600000000000003,0.0016,0.5392,0.0152,0.0032,0.10767694636252094,0.8099999999999999,0.040400000000000005,0.4016,0.0156,0.0064
4119,0.336,0.11335643044619423,0.4136,0.14453861386138614,0.072,0.19720000000000001,0.5005887725975262,0.08600000000000001,0.39859999999999995,0.09496886627793213,0.0028
4120,0.2716,0.1772,0.7043999999999999,0.05037623762376238,0.076,0.21680000000000002,0.7979775451950524,0.088,0.645799603960396,0.36784569796110045,0.015194875164257557
4121,0.0632,0.0928,0.5048,0.10635247524752475,0.047999999999999994,0.09981907090464547,0.8896943862987632,0.0484,0.24880000000000005,0.12816822760536922,0.0
4122,0.15560000000000002,0.044399999999999995,0.39480000000000004,0.0596,0.1304,0.18043858363858364,0.7345663177925785,0.09,0.7157988118811881,0.17506026220013304,0.0048000000000000004
4123,0.0016,0.0008,0.46559999999999996,0.0064,0.0028,0.09021929181929182,0.844,0.018,0.2592,0.032799999999999996,0.0
4124,0.6236,0.09559999999999999,0.48919999999999997,0.04952871287128713,0.13,0.2909542079762129,0.7683775451950524,0.14479999999999998,0.5837996039603961,0.18939671741087152,0.0036000000000000003
4125,0.029600000000000005,0.009600000000000001,0.7192,0.0172,0.0376,0.18704369557351946,0.8240000000000001,0.008799999999999999,0.367,0.09152316831683169,0.009600000000000001
4126,0.40119999999999995,0.0508,0.5752,0.049976237623762375,0.0404,0.1402190709046455,0.31609438629876313,0.12840000000000001,0.311599603960396,0.22969203459476387,0.0044
4127,0.038400000000000004,0.2363423384003605,0.8715999999999999,0.008799999999999999,0.040400000000000005,0.26019284845101753,0.7575999999999999,0.5012,0.2744,0.4989034054709819,0.0012000000000000001
4128,0.05720000000000001,0.044399999999999995,0.5084,0.03404356435643564,0.013600000000000001,0.15469677434763013,0.8635999999999999,0.0176,0.6264,0.0788,0.0092
4129,0.0084,0.005200000000000001,0.29,0.03315247524752475,0.0176,0.08189601726716642,0.9236000000000001,0.0064,0.31179920792079213,0.2399231683168317,0.019200000000000002
4130,0.33,0.11593862326842172,0.7931999999999999,0.25475247524752476,0.16599999999999998,0.17832123817579962,0.9815999999999999,0.14,0.6786,0.11040000000000001,0.000789880093603596
4131,0.2012,0.036,0.3384,0.13080360991851397,0.09359999999999999,0.24425765454322912,0.5753887725975262,0.0728,0.43299881188118816,0.2633960787383086,0.0036000000000000003
4132,0.38160000000000005,0.33956955380577425,0.7588,0.07680000000000001,0.06119999999999999,0.2491351370715674,0.7420268424422874,0.126,0.49139999999999995,0.42399999999999993,0.02318001971738416
4133,0.0448,0.0256,0.6360000000000001,0.04277623762376237,0.26280000000000003,0.12181929181929183,0.808,0.0364,0.5917988118811881,0.04440000000000001,0.0024000000000000002
4134,0.0612,0.20705003113142967,0.6176,0.12868118811881188,0.09159999999999999,0.27535496505667656,0.7392000000000001,0.0156,0.3679992079207921,0.08096758893280631,0.005200000000000001
4135,0.11159999999999999,0.21553910761154857,0.7888,0.0064,0.0392,0.25855438172259687,0.4508,0.4788,0.2736,0.48265962352757014,0.0008
4136,0.0092,0.01,0.7684,0.003176237623762376,0.09040000000000001,0.17861929181929181,0.5314381595655776,0.002,0.8697976237623763,0.076,0.0
4137,0.0504,0.013599999999999998,0.9831999999999999,0.026681188118811882,0.03560000000000001,0.2250574336285828,0.5416042081957072,0.034800000000000005,0.8966000000000001,0.03818406918952765,0.0
4138,0.055200000000000006,0.14640000000000003,0.9131999999999998,0.12060990099009901,0.1512,0.26891437728336415,0.5985886828767099,0.8732,0.166,0.03352252964426878,0.01239500492934604
4139,0.6272,0.0156,0.7924,0.02863366336633663,0.0796,0.28815567496887795,0.7245214081826831,0.3028,0.6895988118811881,0.22714974210464525,0.0008
4140,0.32399999999999995,0.132,0.6552,0.0224,0.13436967213114753,0.041019070904645474,0.5881438629876309,0.1272,0.35919999999999996,0.30632252964426876,0.027999999999999997
4141,0.22799999999999998,0.1004,0.6636,0.08359603960396038,0.047599999999999996,0.13665721271393644,0.704494386298763,0.056799999999999996,0.2062,0.2117948013931828,0.0208
4142,0.28840000000000005,0.0924,0.6904,0.04595247524752475,0.0776,0.26127699353078326,0.1572,0.2324,0.6069980198019802,0.3165247005301805,0.0048000000000000004
4143,0.3988,0.0284,0.5871999999999999,0.1077861386138614,0.07239999999999999,0.2113023881858005,0.7375775451950524,0.08,0.6903984158415841,0.14953581653817555,0.003994873480118304
4144,0.1016,0.0484,0.5032,0.16755643564356432,0.015600000000000003,0.2237155771693669,0.9676,0.0596,0.4343968316831683,0.18769203459476383,0.0012000000000000001
4145,0.16559999999999997,0.1036,0.622,0.06915247524752474,0.068,0.09643911980440097,0.9468719314938154,0.09,0.765799207920792,0.23664569796110047,0.009600000000000001
4146,0.058399999999999994,0.09359999999999999,0.7132000000000001,0.014376237623762379,0.0364,0.09003863080684596,0.7121706157091021,0.0184,0.42919999999999997,0.1216,0.002
4147,0.2292,0.0324,0.6052,0.017904950495049504,0.027200000000000002,0.07157323171259602,0.9723999999999998,0.06920000000000001,0.8405996039603961,0.1068,0.01559500492934604
4148,0.094,0.0128,0.2132,0.01660990099009901,0.0736,0.10273460090575007,0.352,0.036800000000000006,0.2224,0.6320152029115954,0.0004
4149,0.1744,0.14520000000000002,0.6404,0.06115247524752476,0.1976,0.14774164788174704,0.6688719314938154,0.21319999999999997,0.495,0.32920000000000005,0.006774894881641716
4150,0.22399999999999998,0.11359999999999999,0.5556,0.1454811881188119,0.16720000000000002,0.21083863080684595,0.696,0.08120000000000001,0.5445996039603961,0.16409203459476382,0.009600000000000001
4151,0.1672,0.11760000000000001,0.5472,0.07183366336633665,0.1716,0.17019403769281521,0.9210831588962893,0.08879999999999999,0.6053968316831684,0.24157887058271044,0.0132
4152,0.46399999999999997,0.1232,0.6731999999999999,0.0172,0.0596,0.3565940376928152,0.7480943862987631,0.2244,0.3376,0.36776758893280637,0.0032
4153,0.0996,0.126,0.8412000000000001,0.027176237623762377,0.07066461548890018,0.2813254461982852,0.5456943862987631,0.33720000000000006,0.4581988118811881,0.14776886627793212,0.0072
4154,0.3896,0.1924,0.5364000000000001,0.022,0.0484,0.11021907090464549,0.908,0.1132,0.2686,0.41353645521073845,0.0032
4155,0.1908,0.14400000000000002,0.8211999999999999,0.07489108910891089,0.0644,0.23447797152589328,0.7444269321631037,0.1012,0.7395992079207921,0.27162848980550225,0.0144
4156,0.17439999999999997,0.09833910761154854,0.5168,0.07755514018691588,0.3315696721311476,0.08099252353188784,0.789694386298763,0.1472,0.4837999999999999,0.4008,0.002
4157,0.11079999999999998,0.020739107611548555,0.4208,0.29712871287128717,0.14120000000000002,0.33495447605912154,0.9027775451950524,0.06920000000000001,0.46719999999999995,0.09076366767111495,0.0004
4158,0.28680000000000005,0.1744,0.5568,0.0943960396039604,0.1472,0.014400000000000001,0.7835819328323922,0.13440000000000002,0.6331972277227722,0.22666026220013302,0.022000000000000002
4159,0.496,0.39393910761154854,0.7796000000000001,0.06392871287128714,0.0344,0.1759230709524108,0.8127775451950523,0.1968,0.65,0.3687370938833014,0.022399999999999996
4160,0.023600000000000003,0.054000000000000006,0.6052,0.08839603960396039,0.012,0.07029650626472143,0.984,0.021199999999999997,0.5667984158415841,0.03226153954525887,0.0004
4161,0.11320000000000001,0.0912,0.608,0.07752475247524752,0.07880000000000001,0.43479160904372555,0.42449438629876307,0.0512,0.22499326732673267,0.6978673189058036,0.0036000000000000003
4162,0.19319999999999998,0.0128,0.7607999999999999,0.05726732673267326,0.1464,0.13654120338323558,0.538377455474236,0.1048,0.648999603960396,0.24264505928853755,0.019200000000000002
4163,0.29159999999999997,0.40876955380577423,0.6672,0.09423366336633662,0.1028,0.2689544288908592,0.6728718417729992,0.2092,0.5169976237623762,0.4285954400657457,0.0164
4164,0.11280000000000001,0.19993910761154857,0.6576000000000001,0.15990495049504952,0.044399999999999995,0.12059225544897918,0.82338868287671,0.019200000000000002,0.45659841584158417,0.09744569796110045,0.0152
4165,0.46319999999999995,0.09,0.8379999999999999,0.0184,0.0508,0.28606178848305497,0.8296045670789723,0.12279999999999999,0.4332,0.24664505928853755,0.03238488502294964
4166,0.1764,0.08719999999999999,0.5147999999999999,0.015999999999999997,0.0044,0.15294115888419202,0.8920943862987631,0.060399999999999995,0.5182,0.202,0.011600000000000001
4167,0.5900000000000001,0.0332,0.4812,0.02355247524752475,0.0828,0.4000389633729487,0.500426663000655,0.08320000000000001,0.6539992079207921,0.18880000000000002,0.0144
4168,0.8211999999999999,0.7861559461030674,0.8624,0.004399999999999999,0.098,0.2871220879795465,0.0128,0.8859999999999999,0.2152,0.0548,0.0
4169,0.11079999999999998,0.0036000000000000003,0.3732,0.016,0.05720000000000001,0.09741907090464548,0.8311775451950524,0.0076,0.2558,0.5252,0.0032
4170,0.41079999999999994,0.3543386232684217,0.7112,0.02825742574257426,0.10559999999999999,0.45283824581377435,0.6051100910593931,0.1996,0.4659992079207921,0.40732470053018055,0.019994875164257558
4171,0.258,0.12879999999999997,0.5936,0.07183366336633665,0.09,0.24607797152589325,0.7337482506249706,0.1332,0.5487980198019802,0.23557887058271043,0.0028
4172,0.046,0.0364,0.4596,0.06383366336633664,0.0092,0.17455438172259688,0.8775999999999999,0.07160000000000001,0.4425984158415842,0.16756686103392945,0.010400000000000001
4173,0.0912,0.0732,0.39239999999999997,0.12935049504950494,0.020399999999999998,0.09753513707156738,0.6489663177925785,0.09680000000000002,0.44459326732673266,0.2182035956639142,0.005600000000000001
4174,0.0012000000000000001,0.0024000000000000002,0.46159999999999995,0.0772,0.024399999999999998,0.08661907090464548,0.856894386298763,0.0016,0.2398,0.0556,0.0028
4175,0.007999999999999998,0.11359999999999999,0.7812,0.0648,0.08600000000000001,0.3118963920237773,0.9142831588962892,0.002,0.2968,0.07,0.004399999999999999
4176,0.31720000000000004,0.0844,0.3652,0.02115247524752475,0.23200000000000004,0.1392388517214923,0.7353887725975261,0.059199999999999996,0.274999603960396,0.41272316831683165,0.007995004929346041
4177,0.19319999999999998,0.048799999999999996,0.5984,0.0576,0.05720000000000001,0.17785814354078416,0.7637663177925784,0.15239999999999998,0.47800000000000004,0.092,0.017990009858692084
4178,0.6539999999999999,0.1424,0.5344,0.06837623762376238,0.0352,0.38891302291840196,0.7272943862987631,0.37960000000000005,0.1659992079207921,0.29609139592220096,0.0004
4179,0.5024,0.33599999999999997,0.8328,0.02180990099009901,0.094,0.36051530908645824,0.7554831588962893,0.1456,0.4276000000000001,0.4121688662779322,0.05436976836176002
4180,0.43479999999999996,0.22470817707419596,0.6208,0.022752475247524752,0.1384,0.1112,0.968,0.05439999999999999,0.4215976237623763,0.3851649450162407,0.005599999999999999
4181,0.0596,0.2016,0.7407999999999999,0.0344,0.064,0.27649037021115264,0.5353438629876308,0.022800000000000004,0.5236000000000001,0.33799999999999997,0.025989878409464345
4182,0.0972,0.0188,0.7632,0.027457425742574253,0.054400000000000004,0.14781907090464547,0.3324719314938155,0.0648,0.21219960396039603,0.22032316831683169,0.004
4183,0.0032,0.044399999999999995,0.6192,0.028776237623762375,0.015999999999999997,0.14632213514780887,0.7736943862987631,0.426,0.24119960396039603,0.11193645521073847,0.0004
4184,0.0524,0.0068000000000000005,0.67,0.0068000000000000005,0.011200000000000002,0.20425743362858279,0.680777455474236,0.0396,0.32599999999999996,0.0524,0.0016
4185,0.1864,0.0736,0.4096,0.09232871287128713,0.06760000000000001,0.12861955990220048,0.91122702188392,0.0548,0.548199603960396,0.1741046828161077,0.004000000000000001
4186,0.06960000000000001,0.0068000000000000005,0.9911999999999999,0.1336,0.11032099644128116,0.28415621113469525,0.07329438629876309,0.024800000000000003,0.9663999999999999,0.0256,0.005600000000000001
4187,0.1804,0.13600000000000004,0.768,0.2477861386138614,0.058800000000000005,0.2500767726161369,0.9732,0.0956,0.45439999999999997,0.12241392556646971,0.0048000000000000004
4188,0.0708,0.0852,0.5144,0.038,0.04959999999999999,0.1568383627239373,0.03127193149381541,0.020800000000000003,0.703,0.11872252964426877,0.0016
4189,0.4356,0.0568,0.7247999999999999,0.014799999999999999,0.0908,0.21368888168958863,0.8094605246497089,0.1004,0.6026,0.15673645521073848,0.0968
4190,0.08080000000000001,0.21960000000000007,0.8879999999999999,0.04957623762376238,0.0268,0.16030863686707209,0.8984943862987631,0.0464,0.45679920792079215,0.19216758893280633,0.009200000000000002
4191,0.0236,0.032769069462647446,0.4424,0.0196,0.0392,0.08549623818181276,0.9776,0.0268,0.4732,0.1256,0.0004
4192,0.2364,0.09440226210255828,0.5192,0.15423366336633665,0.0192,0.20047465254749158,0.5298607040913416,0.0932,0.4298,0.3097675889328063,0.016
4193,0.1936,0.0228,0.9028,0.06200000000000001,0.0788,0.2590053714058631,0.9975999999999999,0.014000000000000002,0.12760000000000002,0.1212,0.012374631983186246
4194,0.1456,0.23679999999999998,0.716,0.10197623762376236,0.0764,0.8338212800511089,0.8835775451950523,0.1176,0.5144,0.33920000000000006,0.0651948734801183
4195,0.0092,0.055200000000000006,0.62,0.0392,0.013999999999999999,0.16301929181929184,0.8776943862987631,0.019200000000000002,0.26080000000000003,0.0528,0.005200000000000001
4196,0.22079999999999997,0.2016,0.7448,0.12079999999999999,0.09559999999999999,0.2063346480740124,0.8118829794546567,0.13879999999999998,0.6157992079207921,0.26033645521073845,0.0216
4197,0.2432,0.1816,0.6668,0.0152,0.084,0.33339381677816887,0.7859550903901047,0.2476,0.5990000000000001,0.3338450592885376,0.05235951869027513
4198,0.364,0.1076,0.7276,0.017976237623762374,0.0772,0.0688,0.8480942965779468,0.1252,0.39640000000000003,0.35682848980550225,0.0004
4199,0.202,0.09436955380577429,0.6811999999999999,0.026728712871287124,0.2604,0.09963885172149231,0.8613887725975262,0.0796,0.3992,0.21104505928853756,0.01199500492934604
4200,0.244,0.246,0.6900000000000001,0.1290811881188119,0.09759999999999999,0.8320767726161369,0.6540806170476786,0.08280000000000001,0.6277996039603961,0.27209203459476383,0.013600000000000001
4201,0.3124,0.1279695538057743,0.5728,0.1539762376237624,0.046799999999999994,0.04981929181929181,0.7476943862987632,0.2476,0.4824,0.32512252964426874,0.0088
4202,0.0092,0.013569553805774279,0.4676,0.019976237623762376,0.0104,0.04607721444542961,0.9760000000000002,0.0184,0.5769996039603961,0.05729203459476383,0.0004
4203,0.3712,0.025999999999999995,0.5344,0.035219801980198015,0.1288,0.20851579808401324,0.6187550903901047,0.13999999999999999,0.3699972277227723,0.34687090517747426,0.011959385556908144
4204,0.45760000000000006,0.2104,0.7904,0.11035247524752474,0.15560000000000002,0.2621800551047279,0.9148943862987631,0.0904,0.360399603960396,0.2508,0.020399999999999998
4205,0.3667999999999999,0.1192,0.5576000000000001,0.10067722772277225,0.0248,0.136838687643067,0.9108494766888677,0.2644,0.5496,0.3187370938833014,0.008000000000000002
4206,0.2112,0.186,0.722,0.05649108910891089,0.1308,0.2922574336285828,0.5489479814625217,0.13920000000000002,0.5388,0.244,0.019585014788038122
4207,0.27240000000000003,0.1135695538057743,0.656,0.041976237623762375,0.055999999999999994,0.18740036480769978,0.798588772597526,0.0392,0.3136,0.2752,0.0016
4208,0.5304,0.018799999999999997,0.8704000000000001,0.0019762376237623764,0.14279999999999998,0.15265770171149146,0.7808,0.0428,0.8800000000000001,0.0208,0.0096
4209,0.0832,0.0424,0.4635999999999999,0.05183366336633664,0.11080000000000001,0.10003836272393732,0.864894386298763,0.0312,0.4178,0.2484152029115955,0.0024000000000000002
4210,0.096,0.12353910761154854,0.6487999999999999,0.1023960396039604,0.028800000000000003,0.1584769463625209,0.8837663177925785,0.0356,0.5409984158415841,0.19724305404453485,0.0012000000000000001
4211,0.13440000000000002,0.1376,0.8099999999999999,0.11632871287128714,0.055600000000000004,0.1709801022729902,0.6855549109484721,0.1112,0.5433992079207921,0.22049075724963801,0.0084
4212,0.2964,0.1996,0.6763999999999999,0.07780990099009902,0.2,0.9904,0.6875140300926512,0.16840000000000002,0.4811988118811882,0.36098215317183896,0.03077450053395851
4213,0.23679999999999998,0.0844,0.6208,0.05051485148514852,0.2464,0.20123836272393728,0.6929887725975261,0.0948,0.596999603960396,0.16558078660039915,0.005600000000000001
4214,0.3124,0.05516906946264745,0.7036,0.1350534653465345,0.05720000000000001,0.4114008860468519,0.6004943862987631,0.03,0.3633500990099011,0.5737079356631314,0.0024000000000000002
4215,0.1428,0.055969553805774286,0.8984,0.0012000000000000001,0.0912,0.0654967743476301,0.9763999999999999,0.05720000000000001,0.363799603960396,0.0972145642390326,0.0004
4216,0.4332,0.07876955380577429,0.7535999999999999,0.06623366336633663,0.034800000000000005,0.7322586797066015,0.6073885931558936,0.186,0.6081972277227722,0.2653040441435448,0.014000000000000002
4217,0.047200000000000006,0.020399999999999998,0.5196000000000001,0.028376237623762374,0.027999999999999997,0.06760000000000001,0.7757887725975262,0.008400000000000001,0.4608,0.2372,0.013600000000000001
4218,0.2676,0.0016,0.3456,0.03472871287128713,0.08560000000000001,0.05279999999999999,0.9712,0.047200000000000006,0.14679999999999999,0.27832252964426873,0.0004
4219,0.15000000000000002,0.046799999999999994,0.628,0.0563049504950495,0.028399999999999998,0.15927743536007594,0.9436,0.1132,0.6847980198019803,0.34931733103745155,0.021569638596671534
4220,0.5811999999999999,0.05639999999999999,0.39440000000000003,0.0224,0.0772,0.2246192918192918,0.8749887725975262,0.11120000000000001,0.5948,0.0484,0.0008
4221,0.0708,0.09113910761154856,0.6548,0.035128712871287125,0.029599999999999998,0.13003885172149232,0.9166831588962893,0.04640000000000001,0.31039960396039606,0.2372913959222009,0.005989750328515111
4222,0.014000000000000002,0.053200000000000004,0.9676,0.23840000000000003,0.17872099644128117,0.35255496505667655,0.4720943862987631,0.026000000000000002,0.9503999999999999,0.06999999999999999,0.0024000000000000002
4223,0.4391999999999999,0.008,0.23479999999999998,0.06921980198019802,0.056400000000000006,0.2738190709046455,0.37463824928639394,0.06280000000000001,0.643399207920792,0.172,0.0028
4224,0.36880000000000007,0.2859695538057743,0.7899999999999999,0.044,0.0884,0.08101955990220049,0.8264268424422875,0.192,0.5309988118811881,0.30832252964426876,0.033984622124494164
4225,0.017599999999999998,0.0124,0.46719999999999995,0.0256,0.0004,0.10545814354078412,0.9975999999999999,0.0004,0.18919999999999998,0.06960000000000001,0.005984883338810384
4226,0.2776,0.0928,0.5256000000000001,0.08062970297029701,0.046,0.10847650453322828,0.9568943862987631,0.1792,0.48699881188118815,0.2673173310374516,0.008384622124494165
4227,0.2604,0.2603386232684217,0.7424,0.04028118811881188,0.11436967213114754,0.20873486898865873,0.43494377326681455,0.05840000000000001,0.3048,0.2983231683168317,0.004399999999999999
4228,0.3892,0.0312,0.7332000000000001,0.028776237623762378,0.0312,0.29788162509138344,0.8804000000000001,0.06720000000000001,0.326,0.17039999999999997,0.0008
4229,0.0952,0.020399999999999998,0.732,0.004,0.11640000000000002,0.12687721444542963,0.37209438629876307,0.038400000000000004,0.5112,0.2548,0.0048000000000000004
4230,0.2604,0.0492,0.6459999999999999,0.042019801980198015,0.1048,0.24829628535007506,0.23018868287670982,0.23840000000000003,0.5349984158415841,0.33692470053018053,0.004399999999999999
4231,0.3696,0.1282472846857446,0.6271999999999999,0.06863366336633664,0.1268,0.33205093515558065,0.4967775451950523,0.1508,0.5079984158415841,0.3227510194497711,0.0032
4232,0.0888,0.10800000000000001,0.6144000000000001,0.038376237623762376,0.05639999999999999,0.16167650453322824,0.8225933396764986,0.015999999999999997,0.6863976237623762,0.1604139255664697,0.0008
4233,0.32,0.8143695538057741,0.7644,0.06352871287128711,0.0964,0.2869663708201605,0.775977455474236,0.1796,0.29899920792079204,0.6468,0.005589746960236609
4234,0.0344,0.040400000000000005,0.41719999999999996,0.06835247524752475,0.010400000000000001,0.11341929181929182,0.8764719314938155,0.056400000000000006,0.1668,0.07347163307635111,0.0
4235,0.2144,0.12433910761154857,0.42280000000000006,0.08903366336633663,0.1056,0.2882040236318965,0.5513663177925785,0.16879999999999998,0.4621988118811882,0.2475007615544163,0.002
4236,0.18280000000000002,0.0304,0.6704000000000001,0.0056,0.0288,0.11639999999999999,0.9964000000000001,0.041600000000000005,0.506,0.20832316831683168,0.0
4237,0.3204,0.1732,0.7456,0.08841980198019801,0.1008,0.9808,0.6524803478852297,0.152,0.5515984158415842,0.34026090087269595,0.0259948734801183
4238,0.4208,0.20673910761154857,0.5828,0.03418613861386139,0.21480000000000002,0.19341955990220047,0.608,0.11200000000000002,0.43199920792079205,0.4112145642390326,0.0028
4239,0.2304,0.13240000000000002,0.6728,0.07982574257425741,0.0636,0.7511361622349397,0.9231999999999999,0.0888,0.5781980198019803,0.3451225296442688,0.011200000000000002
4240,0.0996,0.23159999999999997,0.8928,0.04357623762376237,0.06080000000000001,0.18447743536007594,0.5016,0.3164,0.397999603960396,0.3783225296442688,0.004000000000000001
4241,0.278,0.1612,0.5452,0.05745742574257425,0.18556967213114753,0.9022192918192917,0.6645342122114373,0.11279999999999998,0.5871972277227723,0.28491924705514027,0.0184
4242,0.08120000000000001,0.0376,0.6388,0.0987960396039604,0.0616,0.13265787545787547,0.7128,0.1016,0.5315968316831683,0.1636795429108128,0.012389746960236609
4243,0.1896,0.015200000000000002,0.556,0.44028118811881195,0.021200000000000004,0.19163885172149234,0.5571775451950522,0.05600000000000001,0.4676,0.10639999999999998,0.008400000000000001
4244,0.10559999999999999,0.16760000000000003,0.39920000000000005,0.6133861386138614,0.1056,0.2479997914225312,0.946094386298763,0.045200000000000004,0.4389996039603961,0.16384569796110043,0.005189878409464345
4245,0.31320000000000003,0.0448,0.4652,0.03797623762376238,0.027999999999999997,0.1992,0.7212000000000001,0.076,0.317799603960396,0.19720000000000001,0.001994875164257556
4246,0.3804,0.15994341463414635,0.6327999999999999,0.052209900990099,0.048799999999999996,0.1903604952025274,0.8659550006692884,0.1928,0.5861996039603962,0.2615225296442688,0.008
4247,0.6544000000000001,0.028000000000000004,0.44560000000000005,0.0596,0.0448,0.086,0.834,0.08679999999999999,0.20919999999999997,0.36519999999999997,0.0
4248,0.006,0.014000000000000002,0.6748000000000001,0.0104,0.0028,0.12301874274779494,0.9916,0.0036000000000000003,0.2656,0.06239999999999999,0.0
4249,0.0424,0.0252,0.542,0.20992871287128714,0.0128,0.08083814180929096,0.7336719314938154,0.030000000000000006,0.43739762376237623,0.3145597464094236,0.0
4250,0.006,0.004,0.4244,0.008400000000000001,0.0044,0.06621929181929183,0.8892943862987632,0.022,0.5096,0.046799999999999994,0.0004
4251,0.0908,0.09040000000000001,0.7888,0.02992871287128713,0.08906461548890018,0.1421670086819258,0.720094386298763,0.10600000000000001,0.5509988118811882,0.15418023715415022,0.006
4252,0.0224,0.01,0.5372,0.005599999999999999,0.0308,0.07683836272393729,0.9151999999999999,0.016800000000000002,0.35960000000000003,0.048,0.0004
4253,0.0048000000000000004,0.038,0.49160000000000004,0.0335049504950495,0.002,0.10312164615025388,0.8160943862987631,0.0128,0.28219960396039606,0.16509675106641097,0.0
4254,0.1004,0.0612,0.5464,0.029200000000000004,0.008400000000000001,0.11720000000000001,0.9691999999999998,0.0176,0.2684,0.09992252964426877,0.0116
4255,0.0984,0.3048,0.732,0.055314851485148496,0.0708,0.23153437999110368,0.4374831588962893,0.29640000000000005,0.6427988118811881,0.3773960787383086,0.003989878409464344
4256,0.11680000000000001,0.029139107611548552,0.42560000000000003,0.008400000000000001,0.0376,0.096,0.9136,0.0036000000000000003,0.16560000000000002,0.046799999999999994,0.0
4257,0.07160000000000001,0.06760000000000001,0.608,0.0068000000000000005,0.1568,0.15491562433762923,0.8405885931558934,0.0752,0.2804,0.1472,0.022
4258,0.096,0.2504,0.6688000000000001,0.03437227722772278,0.0996,0.08501929181929183,0.732894386298763,0.0596,0.47840000000000005,0.5415571115973742,0.02159500492934604
4259,0.2508,0.2155381389252949,0.8236000000000001,0.06776237623762375,0.10400000000000001,0.41034868749832076,0.32750991161776044,0.1956,0.5343992079207921,0.32938151449927605,0.014779758503067942
4260,0.36879999999999996,0.0856,0.46440000000000003,0.0512,0.006,0.21439999999999998,0.8384,0.049600000000000005,0.37059960396039604,0.15064569796110044,0.00239500492934604
4261,0.06999999999999999,0.046799999999999994,0.1664,0.049976237623762375,0.0536,0.19039999999999999,0.8172719314938155,0.0432,0.5777992079207921,0.13225898485500726,0.0064
4262,0.30440000000000006,0.25680000000000003,0.4408,0.057199999999999994,0.0756,0.24323739439678596,0.8142202718396023,0.0832,0.4306,0.392,0.031599999999999996
4263,0.21760000000000002,0.273908177074196,0.1268,0.07020990099009902,0.08720000000000001,0.34003858363858364,0.7670648225662324,0.057999999999999996,0.5205980198019802,0.12331733103745157,0.0012000000000000001
4264,0.1816,0.1152,0.7472,0.036,0.092,0.2656777034429846,0.8824,0.0716,0.28640000000000004,0.246,0.0008
4265,0.2564,0.1384,0.7748,0.09891485148514852,0.16160000000000002,0.18345841162369284,0.6184943862987631,0.11720000000000001,0.4815992079207921,0.30536758893280636,0.007600000000000001
4266,0.1772,0.27759999999999996,0.7939999999999999,0.049928712871287126,0.1524,0.2075605317265846,0.6869663177925784,0.08959999999999999,0.44639999999999996,0.6504,0.01679000985869208
4267,0.06799999999999999,0.042800000000000005,0.8140000000000001,0.04569108910891089,0.07752099644128115,0.12283836272393729,0.7844535059331177,0.047599999999999996,0.13679960396039606,0.08915101944977107,0.0004
4268,0.0032,0.0024000000000000002,0.3244,0.017786138613861385,0.0008,0.06359999999999999,0.9911999999999999,0.0012000000000000001,0.2584,0.05347227174891402,0.0012000000000000001
4269,0.28680000000000005,0.19836955380577428,0.6659999999999999,0.0516,0.11834361904761906,0.1508,0.8767772760326034,0.14,0.3696,0.3384,0.004400000000000001
4270,0.042800000000000005,0.13319999999999999,0.4112,0.6250574257425743,0.11280000000000001,0.2747612549522099,0.8768,0.0428,0.4229976237623763,0.16162721246037648,0.00519500492934604
4271,0.0716,0.0988,0.584,0.10197623762376237,0.0076,0.22861929181929183,0.9845887725975262,0.08560000000000001,0.23679999999999998,0.0860145642390326,0.002
4272,0.1248,0.028399999999999998,0.7575999999999999,0.04255841584158415,0.0772,0.1291609868693012,0.8388,0.05600000000000001,0.572199207920792,0.2004139255664697,0.0032
4273,0.10879999999999998,0.174,0.5984,0.014800000000000002,0.08,0.21015469697376785,0.8781663177925785,0.1244,0.6216,0.2703225296442688,0.019194873480118304
4274,0.1332,0.3456,0.75,0.0548,0.08679999999999999,0.2610321323338438,0.6862830691754729,0.1328,0.5415992079207921,0.2880132868939068,0.0172
4275,0.0028,0.07999999999999999,0.3848,0.027128712871287125,0.0172,0.0964383627239373,0.7116,0.012,0.32439999999999997,0.06536822760536923,0.0
4276,0.27040000000000003,0.22599999999999998,0.5696,0.021433663366336637,0.1716,0.34259359586352256,0.492310091059393,0.059199999999999996,0.4394,0.3690450592885376,0.05239487516425756
4277,0.008799999999999999,0.0,0.3804,0.04075247524752475,0.011199999999999998,0.05600000000000001,0.954094386298763,0.0004,0.2698,0.08881264822134387,0.005200000000000001
4278,0.37639999999999996,0.1703695538057743,0.702,0.19037227722772276,0.0668,0.19567672544787462,0.8772,0.1548,0.5235996039603961,0.26562848980550224,0.0064
4279,0.017599999999999998,0.0496,0.1728,0.061576237623762374,0.052000000000000005,0.1528,0.5802607040913416,0.023600000000000003,0.3384,0.06624569796110044,0.0
4280,0.23759999999999998,0.033999999999999996,0.4888,0.0696,0.1212,0.13654169238079059,0.753159657469077,0.0904,0.672,0.34769203459476383,0.0108
4281,0.022799999999999997,0.1116,0.6691999999999999,0.15437623762376237,0.0304,0.08381907090464549,0.9170607040913415,0.009600000000000001,0.553999603960396,0.23856758893280633,0.0004
4282,0.2004,0.15000000000000002,0.6712,0.027833663366336636,0.1224,0.268373231712596,0.94962702188392,0.5784,0.6187992079207921,0.16402657378781357,0.002
4283,0.2792,0.12840000000000001,0.7032,0.06425346534653464,0.0652,0.6582190709046455,0.8490831588962893,0.15,0.5933996039603959,0.3910450592885376,0.010400000000000001
4284,0.0492,0.16796906946264745,0.7704000000000001,0.0152,0.0856,0.306412840514552,0.5470378006823123,0.0288,0.516,0.4322450592885376,0.021984883338810383
4285,0.12040000000000002,0.124,0.8904,0.014752475247524755,0.152,0.4277658495810085,0.5959773657534198,0.06120000000000001,0.21880000000000002,0.8179225296442688,0.0204
4286,0.0884,0.4167086614173229,0.7804,0.035976237623762376,0.0436,0.18223208516558148,0.836,0.5592,0.3444,0.5453688662779321,0.0024000000000000002
4287,0.4324,0.2244,0.45760000000000006,0.066,0.074,0.2644388517214923,0.7083101807802092,0.2124,0.44659960396039605,0.3731231683168317,0.037589880093603596
4288,0.3264,0.08680000000000002,0.6068,0.078,0.05,0.11767748252833828,0.833294386298763,0.088,0.27959999999999996,0.36832252964426876,0.002
4289,0.1336,0.048,0.6004,0.0064,0.11400000000000002,0.13429623818181277,0.512094386298763,0.0848,0.2234,0.48360000000000003,0.014764771606966811
4290,0.0996,0.13,0.63,0.02757623762376238,0.1092,0.25367748252833827,0.8075101807802092,0.08480000000000001,0.5397968316831683,0.11888546941650688,0.0128
4291,0.0752,0.044,0.4412,0.04338613861386138,0.026000000000000002,0.10403836272393732,0.9307775451950523,0.012,0.26539881188118813,0.06544569796110046,0.0012000000000000001
4292,0.0356,0.02,0.4704,0.006,0.126,0.19579425860746152,0.2901887725975262,0.0196,0.8447999999999999,0.0632,0.0108
4293,0.06000000000000001,0.06520000000000001,0.4196,0.0027762376237623764,0.1244,0.17923885172149231,0.8076000000000001,0.060399999999999995,0.268,0.47072252964426875,0.0004
4294,0.3336,0.19276955380577426,0.9496,0.010400000000000001,0.004399999999999999,0.3046592106137122,0.7492943862987631,0.0824,0.25059960396039604,0.31624569796110047,0.005200000000000001
4295,0.3224,0.38119999999999993,0.728,0.06566336633663365,0.10076967213114754,0.31477372071015103,0.6771365751085906,0.238,0.45839564356435647,0.5398384941102805,0.020800000000000003
4296,0.7004,0.0288,0.9352,0.0,0.0668,0.23028350434096292,0.9996,0.034,0.5459999999999999,0.3724,0.0012000000000000001
4297,0.2764,0.22620524177597084,0.762,0.023833663366336633,0.0968,0.2641285442620406,0.8776943862987631,0.009999999999999998,0.7623980198019802,0.22464569796110045,0.0
4298,0.1304,0.0152,0.5716,0.05720000000000001,0.05720000000000001,0.13971486725716553,0.8366831588962892,0.0212,0.4987996039603961,0.16496886627793214,0.0004
4299,0.3236,0.05239999999999999,0.5172000000000001,0.0144,0.002,0.0888,0.8416,0.1356,0.35359999999999997,0.10400000000000001,0.0024000000000000002
4300,0.27080000000000004,0.18560000000000001,0.7784,0.041999999999999996,0.0656,0.2958576545432291,0.8305436835459983,0.1056,0.6384000000000001,0.2892,0.023594875164257557
4301,0.28600000000000003,0.008,0.44160000000000005,0.02835247524752475,0.026000000000000002,0.17443836272393728,0.9172,0.037200000000000004,0.21319920792079206,0.2804145642390326,0.0032
4302,0.0228,0.24400000000000005,0.8248,0.05834851485148514,0.17232099644128115,0.4875358941520311,0.5399180588467257,0.030799999999999994,0.8831988118811882,0.010723168316831682,0.0036000000000000003
4303,0.1024,0.0366825222456949,0.8523999999999999,0.03176237623762376,0.0536,0.2798319585874598,0.5050380698447613,0.038000000000000006,0.9176,0.0752,0.0012000000000000001
4304,0.0548,0.0556,0.6572,0.4195287128712872,0.0568,0.19135389272504186,0.7045661383509458,0.047200000000000006,0.4873996039603961,0.16764241537197197,0.0648
4305,0.038400000000000004,0.0436,0.9056,0.02357623762376238,0.0508,0.20821788166284785,0.07609438629876308,0.029199999999999997,0.1748,0.07056822760536924,0.0
4306,0.0,0.009600000000000001,0.4756,0.04277623762376238,0.0216,0.08221907090464547,0.8976,0.0,0.15819999999999998,0.094,0.0068000000000000005
4307,0.0132,0.008400000000000001,0.44480000000000003,0.03357623762376238,0.0112,0.054140935300326896,0.844,0.004,0.174,0.15240000000000004,0.0036000000000000003
4308,0.09079999999999999,0.1,0.38639999999999997,0.27312871287128715,0.035199999999999995,0.1524,0.8507999999999999,0.027600000000000003,0.5022,0.1508,0.0068000000000000005
4309,0.3668,0.098,0.6864000000000001,0.0264,0.057600000000000005,0.06799999999999999,0.9560000000000001,0.1908,0.3714,0.3724,0.0072
4310,0.0008,0.014400000000000001,0.5391999999999999,0.012,0.03,0.09603863080684596,0.8944942965779468,0.009600000000000001,0.3604,0.055200000000000006,0.0012000000000000001
4311,0.2332,0.005200000000000001,0.4476,0.01,0.048,0.14323836272393728,0.8635999999999999,0.058800000000000005,0.28539920792079204,0.2506583461824443,0.0024000000000000002
4312,0.318,0.16799999999999998,0.7416,0.10206732673267327,0.03560000000000001,0.029419559902200486,0.7921886828767098,0.14600000000000002,0.6091936633663366,0.27987227174891405,0.0124
4313,0.041999999999999996,0.0904,0.6371999999999999,0.026752475247524755,0.014000000000000002,0.11945765454322914,0.7976943862987631,0.041999999999999996,0.570599603960396,0.142,0.0028
4314,0.0164,0.016800000000000002,0.5511999999999999,0.11093861386138612,0.0164,0.11487770344298462,0.9680943862987631,0.266,0.438799603960396,0.07784505928853755,0.0016
4315,0.0608,0.10800000000000001,0.8004,0.0388,0.1296,0.21723801425492292,0.6648000000000001,0.059199999999999996,0.5256000000000001,0.43192252964426875,0.011199999999999998
4316,0.1016,0.3256,0.7996000000000001,0.05844356435643564,0.054400000000000004,0.12003858363858363,0.8438831588962893,0.26880000000000004,0.4971996039603961,0.46944569796110047,0.002
4317,0.11359999999999999,0.1224,0.5448000000000001,0.11240000000000001,0.0512,0.13167748252833827,0.8060719314938154,0.0504,0.46819960396039606,0.2728901185770751,0.0
4318,0.3124,0.21279999999999996,0.7188000000000001,0.08879603960396039,0.11439999999999999,0.0616,0.7176537746053911,0.1068,0.5939980198019802,0.2616145642390326,0.020394873480118304
4319,0.0364,0.009600000000000001,0.58,0.04237623762376238,0.002,0.0920383627239373,0.9438831588962892,0.0008,0.25820000000000004,0.08199999999999999,0.0
4320,0.392,0.14116955380577428,0.7207999999999999,0.06317623762376237,0.09116967213114754,0.08821955990220048,0.8034831588962892,0.054400000000000004,0.21060000000000004,0.16160000000000002,0.012
4321,0.04359999999999999,0.0016,0.42919999999999997,0.002,0.0268,0.07545743362858277,0.9164,0.0024000000000000002,0.2988,0.022,0.0
4322,0.4236,0.020594147291221627,0.556,0.013152475247524753,0.09280000000000001,0.25001203626582597,0.9904,0.0048000000000000004,0.6613992079207921,0.1603231683168317,0.0012000000000000001
4323,0.1672,0.0824,0.7888,0.10200000000000001,0.0612,0.11021929181929183,0.9715775451950524,0.06839999999999999,0.542399207920792,0.20553645521073846,0.0067950049293460405
4324,0.015199999999999997,0.015600000000000003,0.5692,0.007999999999999998,0.038,0.13461929181929183,0.8172,0.0064,0.37679999999999997,0.0752,0.0
4325,0.0608,0.0736,0.284,0.06905742574257426,0.062,0.13345819070904646,0.8425887725975262,0.0368,0.19979920792079206,0.3156901185770751,0.018394873480118305
4326,0.2984,0.126,0.5328,0.0579960396039604,0.0428,0.2698181995832376,0.7989438629876309,0.1296,0.6267988118811881,0.25538151449927604,0.16
4327,0.1272,0.084,0.8775999999999999,0.058209900990099005,0.0968,0.26109650626472136,0.16329438629876308,0.0612,0.9009988118811881,0.056105960161233516,0.0168
4328,0.27080000000000004,0.0376,0.5484,0.007081188118811882,0.0868,0.19906776908141782,0.6671775451950523,0.07680000000000001,0.359999603960396,0.3947286126873557,0.0004
4329,0.062,0.031200000000000006,0.7788,0.016,0.078,0.15389753142809376,0.8460718417729991,0.053200000000000004,0.4920000000000001,0.0816,0.006
4330,0.3492,0.032769069462647446,0.48440000000000005,0.0036000000000000003,0.05960000000000001,0.1176767254478746,0.9330831588962895,0.0312,0.298,0.2264,0.0024000000000000002
4331,0.0496,0.1532,0.5264,0.1276,0.008,0.1272383627239373,0.6316494766888676,0.0668,0.375,0.2871231683168317,0.0152
4332,0.2792,0.31920000000000004,0.6952,0.034728712871287135,0.1068,0.10181929181929181,0.7230829794546566,0.1484,0.3416,0.516,0.051899050361377416
4333,0.0204,0.1116,0.8560000000000001,0.013599999999999998,0.0748,0.24916071611717375,0.7744,0.21079999999999996,0.6471980198019802,0.3695358165381756,0.0008
4334,0.09919999999999998,0.0444,0.568,0.007176237623762377,0.0396,0.15505765454322912,0.4556,0.0072,0.2612,0.18639999999999998,0.0032
4335,0.2652,0.2472,0.7815999999999999,0.05641980198019801,0.08519999999999998,0.27896856265169223,0.8311999999999999,0.15,0.516799603960396,0.2527497421046453,0.008799999999999999
4336,0.17160000000000003,0.21713862326842168,0.6724,0.06345742574257426,0.1212,0.21203723565679827,0.43087193149381536,0.11960000000000001,0.3188,0.27552316831683166,0.0064
4337,0.1072,0.1152,0.644,0.02,0.014400000000000001,0.204205147821998,0.8029663177925785,0.046,0.48519920792079213,0.4028132868939068,0.0036000000000000003
4338,0.2772,0.20913910761154858,0.7516,0.030491089108910886,0.1028,0.15105814354078412,0.9442831588962892,0.0568,0.4838,0.26449011857707505,0.014394875164257557
4339,0.27680000000000005,0.057143414634146336,0.6436,0.030752475247524752,0.0648,0.12479999999999998,0.813294386298763,0.004,0.3536,0.2249675889328063,0.0068000000000000005
4340,0.03,0.0712,0.9715999999999999,0.02757623762376237,0.09040000000000001,0.3073166023327393,0.0244,0.022,0.9767999999999999,0.0416,0.0012000000000000001
4341,0.0388,0.04753910761154856,0.4116000000000001,0.024586138613861386,0.035199999999999995,0.06651584525227558,0.7553887725975261,0.08199999999999999,0.48279722772277234,0.09066953860603452,0.002
4342,0.6236,0.09559999999999999,0.48919999999999997,0.04952871287128713,0.13,0.2909542079762129,0.7683775451950524,0.14479999999999998,0.5837996039603961,0.18939671741087152,0.0036000000000000003
4343,0.34199999999999997,0.052000000000000005,0.3776,0.0188,0.06,0.2950987895623376,0.7996943862987631,0.013999999999999999,0.3005992079207921,0.48401328689390677,0.004
4344,0.007200000000000001,0.17113862326842172,0.7988,0.042352475247524744,0.1044,0.2281549650566766,0.9288943862987631,0.008799999999999999,0.3177996039603961,0.0536,0.0004
4345,0.496,0.1212,0.49440000000000006,0.05797623762376238,0.09519999999999999,0.24459257070015017,0.8572943862987632,0.24159999999999998,0.534198415841584,0.4322881133330725,0.0016
4346,0.36640000000000006,0.5404000000000001,0.7436,0.05155247524752475,0.045200000000000004,0.2627325739568943,0.7623775451950523,0.21760000000000002,0.344,0.6813821531718389,0.029199999999999997
4347,0.038,0.0288,0.5612,0.003176237623762376,0.0372,0.13683863080684597,0.7208,0.0044,0.573399603960396,0.4570463366336634,0.0008
4348,0.023600000000000003,0.0172,0.6779999999999999,0.09040000000000001,0.002,0.0308,0.9708719314938155,0.022,0.4732,0.2184,0.0
4349,0.06720000000000001,0.0008,0.37639999999999996,0.0076,0.0336,0.07425743362858278,0.8996000000000001,0.0108,0.5492,0.015999999999999997,0.0008
4350,0.0328,0.10224776902887141,0.5516,0.027786138613861384,0.0256,0.1422962853500751,0.7391775451950522,0.014000000000000002,0.5261980198019802,0.12310267757210502,0.002
4351,0.3048,0.046,0.506,0.0152,0.0204,0.0416,0.9292,0.0576,0.4596,0.1468901185770751,0.0004
4352,0.006,0.0172,0.48319999999999996,0.028800000000000003,0.0048000000000000004,0.1364383627239373,0.8809887725975262,0.0044,0.269,0.16352252964426878,0.0
4353,0.038400000000000004,0.019200000000000002,0.17160000000000003,0.042657425742574265,0.0116,0.10021907090464548,0.7544942965779468,0.0064,0.3056,0.054245059288537546,0.0
4354,0.0408,0.06116955380577428,0.9452,0.01948118811881188,0.0356,0.2553790771096178,0.2630606143705253,0.122,0.415799603960396,0.15885506359331586,0.0008
4355,0.0596,0.1464,0.8484,0.04755247524752475,0.057600000000000005,0.15757256896865698,0.9813438629876309,0.028000000000000004,0.38079999999999997,0.056799999999999996,0.0
4356,0.009200000000000002,0.0032,0.438,0.018752475247524752,0.0056,0.10861929181929182,0.9658831588962892,0.004,0.5356000000000001,0.09712316831683168,0.0016
4357,0.4524,0.0804,0.7472,0.05924356435643563,0.055999999999999994,0.09723858363858365,0.9167775451950522,0.1452,0.6395992079207921,0.3894589848550072,0.013195004929346037
4358,0.7183999999999999,0.0496,0.5152,0.06077623762376237,0.1172,0.18960000000000002,0.9749887725975261,0.057999999999999996,0.5388000000000001,0.46440000000000003,0.0
4359,0.0708,0.05938590795416628,0.6344000000000001,0.03058613861386138,0.002,0.19317327888085836,0.8928943862987632,0.0512,0.5081988118811881,0.11785898485500723,0.006
4360,0.22400000000000003,0.0668,0.454,0.030209900990099008,0.022399999999999996,0.3024618196799126,0.9640000000000001,0.0416,0.38499960396039606,0.3216913959222009,0.002
4361,0.1544,0.11239999999999999,0.8012,0.20997623762376239,0.1404,0.1850574336285828,0.9088,0.08199999999999999,0.5362,0.09232316831683168,0.0004
4362,0.34240000000000004,0.30360000000000004,0.8084,0.05835247524752475,0.1452,0.40557155347324336,0.5799594780274445,0.1904,0.6098000000000001,0.4299571115973742,0.027599999999999996
4363,0.17360000000000003,0.3410168384915188,0.6504,0.06072871287128713,0.1356,0.25291665916896033,0.6110607040913416,0.2008,0.5785988118811881,0.3598450592885375,0.0232
4364,0.46559999999999996,0.04,0.5048000000000001,0.018376237623762375,0.10880000000000001,0.1564,0.9016943862987631,0.1024,0.2088,0.4865682276053692,0.003989748644375861
4365,0.38280000000000003,0.2192,0.768,0.0852910891089109,0.13240000000000002,0.4697541608079506,0.9096,0.1488,0.6277999999999999,0.2691231683168317,0.009600000000000001
4366,0.3328,0.12599999999999997,0.7176,0.11914455445544554,0.09319999999999999,0.17730257257638962,0.9310831588962893,0.16760000000000003,0.646799603960396,0.21071596446601185,0.0088
4367,0.12,0.045200000000000004,0.3376,0.10533861386138614,0.042,0.1554962853500751,0.0516,0.0612,0.7333984158415842,0.10476494501624076,0.0012000000000000001
4368,0.6644,0.0064,0.48600000000000004,0.11677227722772276,0.05800000000000001,0.3350776360893505,0.9960000000000001,0.066,0.6167980198019802,0.07753709388330136,0.0212
4369,0.07880000000000001,0.015477246536843445,0.40280000000000005,0.017952475247524753,0.12120000000000002,0.16025792262613778,0.2930831588962892,0.0268,0.8841988118811882,0.08280000000000001,0.002
4370,0.016,0.027999999999999997,0.5628,0.015928712871287127,0.026000000000000002,0.1184383627239373,0.7789887725975262,0.011199999999999998,0.319999603960396,0.07441328689390678,0.0
4371,0.1096,0.23159999999999997,0.906,0.054962376237623754,0.0528,0.25287743536007595,0.4608,0.30639999999999995,0.44259960396039605,0.37129075724963795,0.005600000000000001
4372,0.4316,0.0184,0.5708,0.09119999999999999,0.048799999999999996,0.06371508817181189,0.8673663177925783,0.1424,0.47479999999999994,0.32689203459476385,0.0008
4373,0.4516,0.13916906946264745,0.7008,0.0796,0.0984,0.2536614732318839,0.8400719314938154,0.0756,0.463999603960396,0.22113709388330136,0.0608
4374,0.2664,0.0072,0.7844,0.024,0.1328,0.34250306424316346,0.09119999999999999,0.05600000000000001,0.6048,0.044399999999999995,0.003999999999999999
4375,0.3356,0.1224,0.756,0.04938217821782178,0.07120000000000001,0.7311698881395703,0.8098157944814461,0.2,0.4957984158415842,0.42445506359331586,0.022394873480118305
4376,0.1224,0.05399999999999999,0.1752,0.04385742574257426,0.12120000000000002,0.27003858363858363,0.48473236642270806,0.0588,0.43520000000000003,0.1552,0.016800000000000002
4377,0.9028,0.3287690694626474,0.9496,0.03472871287128713,0.0868,0.29214137979883836,0.0084,0.9644,0.1068,0.04064633663366336,0.0008
4378,0.27280000000000004,0.0596,0.5876,0.04235247524752475,0.0388,0.11770265626870917,0.8315775451950523,0.055200000000000006,0.18919999999999998,0.15240000000000004,0.012399999999999998
4379,0.6288,0.048,0.5568,0.04540990099009901,0.036,0.06923836272393731,0.9406607040913416,0.06720000000000001,0.591599207920792,0.18722785113293935,0.0036000000000000003
4380,0.056400000000000006,0.07520000000000002,0.7824,0.05517623762376238,0.007600000000000001,0.19752235606245522,0.8464,0.0464,0.4721980198019802,0.2124272124603765,0.0004
4381,0.0012000000000000001,0.013600000000000001,0.5247999999999999,0.09169108910891088,0.0392,0.10381907090464548,0.8196943862987631,0.004000000000000001,0.1544,0.05289075724963801,0.0024000000000000002
4382,0.5416000000000001,0.054769553805774286,0.8136000000000001,0.0052,0.10996967213114754,0.31859334011779133,0.9880000000000001,0.13799999999999998,0.6784000000000001,0.376,0.0108
4383,0.312,0.3271695538057743,0.7704,0.07081980198019802,0.09596967213114754,0.22688934504778024,0.6360268424422875,0.192,0.4857944554455445,0.2823001228818534,0.0183847535737219
4384,0.2024,0.29560000000000003,0.7208,0.07018613861386139,0.1248,0.2842190709046455,0.741370884871551,0.14840000000000003,0.5625992079207921,0.22929011857707512,0.013600000000000001
4385,0.40679999999999994,0.14440000000000003,0.6296,0.02176237623762376,0.10800000000000001,0.15513420624471969,0.8976000000000001,0.1316,0.38099920792079206,0.17945834618244433,0.0028
4386,0.046,0.02796955380577428,0.34400000000000003,0.04905742574257426,0.048,0.12301907090464548,0.07959999999999999,0.046799999999999994,0.6521972277227722,0.09917887058271044,0.0008
4387,0.3032,0.06593910761154856,0.5748,0.12536237623762375,0.07880000000000001,0.0304,0.5040943862987631,0.07880000000000001,0.5793984158415841,0.16089075724963803,0.0128
4388,0.4008,0.09873910761154854,0.8176,0.06058613861386138,0.035199999999999995,0.9712,0.6392942965779468,0.1532,0.6103968316831683,0.23384505928853755,0.0156
4389,0.1444,0.17120000000000002,0.5864,0.013148514851485146,0.122,0.1328,0.5312943862987632,0.053200000000000004,0.33739960396039603,0.42744505928853754,0.0056
4390,0.21639999999999998,0.10799999999999998,0.6052,0.06317623762376237,0.11920000000000001,0.022799999999999997,0.847438249286394,0.1396,0.5404,0.15704633663366335,0.012
4391,0.3712,0.07085775103800102,0.3632,0.007200000000000001,0.10800000000000001,0.27925137698487335,0.9612942965779467,0.01,0.7171988118811882,0.20338279184440183,0.006
4392,0.5816,0.0492,0.7908000000000001,0.04696237623762376,0.0364,0.36973962117338,0.9612,0.13840000000000002,0.7468,0.26148747466050953,0.007994875164257556
4393,0.0048000000000000004,0.06799999999999999,0.6816,0.026586138613861388,0.022799999999999997,0.1510835043409629,0.6266831588962891,0.1508,0.34179960396039605,0.048890757249638005,0.0008
4394,0.3328,0.14172453122258802,0.43360000000000004,0.018043564356435643,0.11240000000000001,0.2684,0.2757663177925785,0.20600000000000002,0.516,0.329970398491281,0.012
4395,0.3192,0.757908177074196,0.47519999999999996,0.014657425742574257,0.0816,0.2906430687166426,0.7115550006692883,0.0728,0.7715996039603961,0.10113773255586427,0.002394873480118304
4396,0.0016,0.0916,0.6115999999999999,0.0184,0.007200000000000001,0.2610965062647214,0.9660943862987631,0.013600000000000001,0.2412,0.023600000000000003,0.0016
4397,0.0872,0.0884,0.44800000000000006,0.019200000000000002,0.0132,0.10869601726716642,0.592494386298763,0.0376,0.5797996039603961,0.4094456979611004,0.00959500492934604
4398,0.3216,0.2304,0.7148,0.13832871287128715,0.05119999999999999,0.21529125386973796,0.7739820225532085,0.194,0.535,0.36464633663366336,0.0012000000000000001
4399,0.4728,0.032138263451013574,0.7,0.009552475247524752,0.0896,0.259212036265826,0.97,0.0104,0.6427996039603961,0.1839231683168317,0.005200000000000001
4400,0.058399999999999994,0.0152,0.5940000000000001,0.007999999999999998,0.074,0.09145770171149145,0.8304942965779467,0.036,0.304,0.15400000000000003,0.0004
4401,0.22039999999999998,0.03113910761154856,0.6764,0.015552475247524752,0.06520000000000001,0.21494137979883834,0.8220000000000001,0.0068000000000000005,0.36659960396039604,0.0288,0.0012000000000000001
4402,0.010400000000000001,0.004399999999999999,0.386,0.02620990099009901,0.0008,0.06625765454322911,0.9964000000000001,0.0028,0.5423988118811882,0.016323168316831685,0.0
4403,0.6136,0.11639999999999999,0.5504,0.07235247524752476,0.08,0.19661474674702192,0.8610831588962892,0.16399999999999998,0.354,0.3231225296442688,0.032
4404,0.1848,0.005600000000000001,0.40599999999999997,0.02938217821782178,0.03,0.09621907090464546,0.9556000000000001,0.09519999999999999,0.42439920792079205,0.14672252964426877,0.0004
4405,0.0124,0.029200000000000004,0.3336,0.0256,0.0656,0.19127748252833826,0.008400000000000001,0.0152,0.9202,0.017600000000000005,0.0
4406,0.0548,0.027600000000000003,0.35,0.015200000000000002,0.16599999999999998,0.12145765454322913,0.48360000000000003,0.0248,0.2794,0.272,0.0012000000000000001
4407,0.0716,0.24276955380577428,0.8516,0.03583366336633663,0.058399999999999994,0.34910890494998076,0.3166831588962893,0.2516,0.5217984158415842,0.23512252964426877,0.0008
4408,0.2676,0.08879999999999999,0.5416000000000001,0.19439603960396026,0.11679999999999999,0.2619996150069284,0.7466422785306437,0.82,0.4945742574257427,0.34287457754471107,0.020389748644375864
4409,0.1652,0.2556,0.7152,0.11717227722772276,0.06,0.13007743536007593,0.9503999999999999,0.0904,0.36679920792079207,0.1416145642390326,0.060369770045899274
4410,0.6348,0.17144776902887143,0.6304,0.06656237623762376,0.1668,0.3999367552369782,0.25769438629876307,0.19840000000000002,0.4984,0.3981053214886706,0.0076
4411,0.46799999999999997,0.5227391076115485,0.3564,0.09225742574257426,0.06920000000000001,0.2620772144454296,0.7743775451950523,0.2624,0.5216000000000001,0.3376920345947638,0.00759500492934604
4412,0.013600000000000001,0.08639999999999999,0.26999999999999996,0.047200000000000006,0.034,0.08865792262613778,0.9719999999999999,0.0076,0.40459960396039607,0.3496,0.03398974696023661
4413,0.37440000000000007,0.07796955380577428,0.774,0.026304950495049502,0.06,0.30865867970660144,0.4724493869680514,0.1976,0.7385992079207921,0.12018279184440184,0.01
4414,0.006,0.0124,0.31479999999999997,0.009976237623762377,0.05720000000000001,0.17181929181929184,0.5879548212276557,0.002,0.37279999999999996,0.053200000000000004,0.0004
4415,0.07320000000000002,0.14479999999999998,0.6056,0.14032871287128712,0.0624,0.15425765454322912,0.8078382492863939,0.0316,0.42280000000000006,0.26880000000000004,0.0664
4416,0.11320000000000001,0.0912,0.608,0.07752475247524752,0.07880000000000001,0.43479160904372555,0.42449438629876307,0.0512,0.22499326732673267,0.6978673189058036,0.0036000000000000003
4417,0.2516,0.0988,0.8788,0.01795247524752475,0.16672099644128116,0.47805027241164166,0.23014368354599823,0.2508,0.506,0.26376758893280633,0.0004
4418,0.2532,0.2424,0.724,0.04628118811881188,0.0548,0.25371660233273924,0.6410831588962893,0.1224,0.6281992079207921,0.2407231683168317,0.014794875164257554
4419,0.7692,0.08596906946264744,0.382,0.018799999999999997,0.0972,0.1314574336285828,0.898,0.0644,0.21799999999999997,0.46152252964426876,0.007200000000000001
4420,0.8211999999999999,0.7861559461030674,0.8624,0.004399999999999999,0.098,0.2871220879795465,0.0128,0.8859999999999999,0.2152,0.0548,0.0
4421,0.21760000000000002,0.068,0.6859999999999999,0.006,0.1359842385516507,0.10800000000000001,0.8661886828767098,0.118,0.4992,0.13799999999999998,0.0108
4422,0.3532,0.1472,0.65,0.12315247524752475,0.08473934426229508,0.19163814180929095,0.7855238820171266,0.1524,0.585,0.1391225296442688,0.01
4423,0.1212,0.1252,0.6192,0.07733861386138614,0.0472,0.16757420970770606,0.28618868287670984,0.22160000000000002,0.6035988118811881,0.20080863773333854,0.0007948734801183045
4424,0.188,0.0256,0.7163999999999999,0.06703366336633662,0.092,0.15367726161369194,0.6830382492863939,0.064,0.6758,0.1232,0.006
4425,0.4504,0.1508,0.7116,0.057199999999999994,0.0996,0.12261907090464548,0.8608719314938155,0.1836,0.3848,0.23079999999999998,0.0064
4426,0.6152,0.0668,0.3584,0.024,0.0468,0.10967743536007594,0.840494386298763,0.31600000000000006,0.414,0.5408000000000001,0.005200000000000001
4427,0.526,0.064,0.8248,0.067409900990099,0.0368,0.16545792262613776,0.9268000000000001,0.06000000000000001,0.7089976237623763,0.19041264822134388,0.004
4428,0.0356,0.02,0.4704,0.006,0.126,0.19579425860746152,0.2901887725975262,0.0196,0.8447999999999999,0.0632,0.0108
4429,0.029200000000000004,0.07627724653684345,0.852,0.0076,0.0372,0.26125023491133803,0.8252,0.15760000000000002,0.39179920792079204,0.5213821531718389,0.0012000000000000001
4430,0.1024,0.0366825222456949,0.8523999999999999,0.03176237623762376,0.0536,0.2798319585874598,0.5050380698447613,0.038000000000000006,0.9176,0.0752,0.0012000000000000001
4431,0.11000000000000001,0.21239999999999998,0.7212,0.05931485148514851,0.22759999999999997,0.4812613778506199,0.425415435598181,0.6836,0.48360000000000003,0.2101040441435448,0.03518001971738416
4432,0.028000000000000004,0.0056,0.3012,0.009176237623762375,0.006,0.07923836272393729,0.8984,0.0236,0.2184,0.0632,0.01
4433,0.45999999999999996,0.21273910761154857,0.8452,0.03872871287128713,0.08120000000000001,0.20931628708156827,0.9510831588962892,0.10397158596694693,0.607399603960396,0.2741192470551403,0.0412
4434,0.3588,0.14679999999999999,0.382,0.022138613861386137,0.082,0.10541907090464549,0.9090831588962892,0.22000000000000003,0.413,0.4459225296442688,0.018794875164257555
4435,0.2624,0.05074341463414633,0.7931999999999999,0.09803960396039603,0.061999999999999986,0.20665814354078416,0.9737887725975263,0.0336,0.6299976237623761,0.09624569796110047,0.0016
4436,0.0208,0.0252,0.46319999999999995,0.01597623762376238,0.0724,0.1272,0.9298157944814462,0.022,0.2904,0.07072252964426876,0.0
4437,0.1592,0.12636955380577428,0.5476,0.009128712871287128,0.12079999999999999,0.23505695696820528,0.6343773657534196,0.076,0.2563984158415841,0.2076284898055023,0.009995004929346041
4438,0.2732,0.0848,0.778,0.08039603960396038,0.08919999999999999,0.3651216800050923,0.8348942965779468,0.0728,0.701399603960396,0.12346090087269597,0.0068000000000000005
4439,0.36,0.038400000000000004,0.7208,0.043338613861386134,0.1264,0.13040000000000002,0.6868943862987631,0.1444,0.3991992079207921,0.29921392556646975,0.0056
4440,0.02,0.0252,0.47119999999999995,0.007176237623762375,0.0048000000000000004,0.0944772144454296,0.9776,0.002,0.40040000000000003,0.0364,0.0008
4441,0.40199999999999997,0.19759999999999997,0.6976,0.08915247524752476,0.14956967213114755,0.952,0.6814282396269352,0.0648,0.625799207920792,0.20224505928853756,0.014000000000000002
4442,0.0004,0.0056,0.5272,0.041128712871287124,0.027600000000000003,0.0764,0.8884943862987631,0.0056,0.2488,0.0508,0.0024000000000000002
4443,0.2476,0.1696,0.7375999999999999,0.017599999999999998,0.04240000000000001,0.24997452495887704,0.8112494766888678,0.22559999999999997,0.5545996039603961,0.28,0.010794873480118304
4444,0.3848,0.2352,0.7288,0.056209900990099,0.0728,0.3308486306963462,0.7291775451950524,0.15200000000000002,0.466,0.4102589848550073,0.009200000000000002
4445,0.7408000000000001,0.656002746445685,0.7700000000000001,0.0284,0.1036,0.33260518434605524,0.09298859315589353,0.7020000000000001,0.3319992079207921,0.0784145642390326,0.0024000000000000002
4446,0.5696,0.21879999999999997,0.49559999999999993,0.013667326732673268,0.055600000000000004,0.15469526985466145,0.7375999999999999,0.0456,0.42099960396039604,0.5682615395452588,0.0364
4447,0.0688,0.044,0.3168,0.03475247524752475,0.0032,0.21699301252944286,0.9937887725975262,0.064,0.7287996039603961,0.07936758893280633,0.0016
4448,0.36600000000000005,0.2033559461030674,0.6788,0.056348514851485156,0.12,0.08785743362858277,0.6872086855538633,0.08320000000000001,0.5461960396039605,0.22826026220013307,0.014000000000000002
4449,0.3944,0.34513910761154853,0.756,0.06877623762376238,0.08120000000000001,0.21953491615692106,0.7309887725975261,0.15960000000000002,0.35519999999999996,0.3304,0.01796451207678984
4450,0.0692,0.0056,0.5484,0.005176237623762376,0.0072,0.04279999999999999,0.992,0.006000000000000001,0.4556,0.22392252964426876,0.002
4451,0.2528,0.126,0.5776000000000001,0.124,0.029199999999999997,0.07345792262613779,0.9213438629876309,0.238,0.4544,0.3519225296442688,0.00998001971738416
4452,0.4136,0.24116955380577426,0.7128,0.005600000000000001,0.2064,0.17753464807401237,0.6807774554742358,0.0472,0.35,0.4543231683168317,0.01679500492934604
4453,0.1224,0.07575594610306739,0.48360000000000003,0.143829702970297,0.005599999999999999,0.06727694636252093,0.9137663177925784,0.026000000000000002,0.5713988118811881,0.10404305404453491,0.0012000000000000001
4454,0.4788,0.0112,0.5368,0.04388118811881188,0.0764,0.07309606443542874,0.9518831588962893,0.0336,0.4816000000000001,0.24696886627793208,0.0
4455,0.2088,0.12079999999999999,0.6272,0.14935841584158413,0.09319999999999999,0.22441310859746064,0.5436,0.1896,0.5820000000000001,0.3402450592885376,0.006
4456,0.2716,0.0216,0.7020000000000001,0.0511049504950495,0.05600000000000001,0.2381267297766075,0.9092,0.11280000000000001,0.5341996039603961,0.09519999999999999,0.0012000000000000001
4457,0.2532,0.040400000000000005,0.612,0.0072,0.1092,0.19170235166174326,0.0608,0.13,0.701,0.1500920345947638,0.0032
4458,0.0008,0.016400000000000005,0.572,0.1528910891089109,0.0,0.11643858363858364,0.9632,0.0004,0.3646,0.08112252964426878,0.0067950049293460405
4459,0.0172,0.0376,0.7727999999999999,0.10352871287128713,0.046,0.2035216434810351,0.35098868287670987,0.023600000000000003,0.4617996039603961,0.07712252964426877,0.0
4460,0.44079999999999997,0.23233862326842175,0.724,0.043809900990099,0.08559999999999998,0.17817978702181922,0.5853887725975262,0.0648,0.5196,0.40056886627793215,0.047200000000000006
4461,0.14479999999999998,0.10196955380577429,0.40759999999999996,0.1855049504950495,0.0968,0.15043885172149232,0.9797887725975262,0.05,0.21399920792079205,0.15176822760536923,0.0008
4462,0.2364,0.22236955380577425,0.668,0.04929108910891089,0.08399999999999999,0.2594331103289539,0.8642606143705253,0.1116,0.4901999999999999,0.32912252964426875,0.030385014788038116
4463,0.2968,0.49400000000000005,0.6596,0.06858613861386138,0.07239999999999999,0.25163863080684595,0.61562702188392,0.21719999999999998,0.44539881188118813,0.5727370938833014,0.02399500492934604
4464,0.0068000000000000005,0.022000000000000002,0.4868,0.0036000000000000003,0.0012000000000000001,0.07781907090464549,0.696894386298763,0.0068000000000000005,0.396,0.08432252964426877,0.0
4465,0.11599999999999999,0.27553910761154854,0.7512,0.021362376237623763,0.0956,0.23629645909645913,0.4445887725975261,0.14640000000000003,0.445399603960396,0.24592252964426878,0.008400000000000001
4466,0.5204000000000001,0.061999999999999986,0.7807999999999999,0.06531485148514851,0.027200000000000002,0.14847650453322822,0.8931775451950523,0.08,0.6395988118811882,0.22690340547098192,0.006
4467,0.1356,0.21793910761154853,0.8423999999999999,0.007952475247524753,0.0752,0.1858960172671664,0.9324942965779467,0.0348,0.6507956435643565,0.2827484647595194,0.005200000000000001
4468,0.28080000000000005,0.04279999999999999,0.38160000000000005,0.011528712871287128,0.1708,0.19109579635252005,0.7445437732668145,0.15320000000000003,0.5016,0.3516,0.12719487516425756
4469,0.5572,0.0512,0.7624000000000001,0.0268,0.074,0.15265770171149146,0.9620000000000001,0.06999999999999999,0.7099992079207921,0.12584569796110046,0.037200000000000004
4470,0.21559999999999996,0.12279999999999999,0.7379999999999999,0.08823366336633662,0.048,0.22283863080684602,0.9150831588962893,0.07160000000000001,0.5855992079207921,0.16033581653817558,0.01559500492934604
4471,0.07680000000000001,0.08120000000000001,0.546,0.013176237623762377,0.11479999999999999,0.20739328061235152,0.7857885931558936,0.05,0.5331996039603959,0.1705186083825774,0.018395004929346044
4472,0.0852,0.044399999999999995,0.8251999999999999,0.04049108910891089,0.07712099644128115,0.12665765454322914,0.7540535059331176,0.06,0.13759960396039603,0.09442785113293937,0.0008
4473,0.0132,0.004399999999999999,0.4668,0.022,0.0124,0.11021907090464547,0.7677885931558935,0.054000000000000006,0.32259960396039605,0.025922529644268777,0.010794873480118304
4474,0.1528,0.09960000000000001,0.7252,0.06477227722772276,0.0324,0.10840000000000001,0.6875326355851571,0.11240000000000001,0.657799207920792,0.22117950925527335,0.02359500492934604
4475,0.1068,0.076,0.0624,0.11089865942346447,0.0836,0.3113161133351842,0.7412268424422874,0.052000000000000005,0.12399920792079207,0.13178343051696473,0.0004
4476,0.0736,0.12360000000000002,0.7376,0.0652,0.0372,0.2189295371838159,0.7890830691754729,0.057999999999999996,0.49160000000000004,0.2036,0.019200000000000002
4477,0.1968,0.19516955380577428,0.7372000000000001,0.022,0.0116,0.16873540515447605,0.6835325458643406,0.038400000000000004,0.3034,0.1532,0.0108
4478,0.158,0.076,0.4364,0.0112,0.18156967213114752,0.10400000000000001,0.9456,0.0868,0.1468,0.592,0.007600000000000001
4479,0.1528,0.0108,0.4516,0.011600000000000001,0.06720000000000001,0.12600000000000003,0.9224,0.0016,0.21959999999999996,0.1264,0.0068000000000000005
4480,0.2424,0.16559999999999997,0.7856,0.09345742574257425,0.0216,0.0124,0.9019550903901047,0.1916,0.7261996039603961,0.14544505928853754,0.0032
4481,0.0068000000000000005,0.0324,0.4568,0.039999999999999994,0.036,0.10563814180929094,0.8987775451950524,0.002,0.25539999999999996,0.24792252964426872,0.0012000000000000001
4482,0.1032,0.0204,0.6608,0.009600000000000001,0.009999999999999998,0.12279999999999999,0.9623999999999999,0.0248,0.3134,0.14512252964426875,0.0024000000000000002
4483,0.013599999999999998,0.011600000000000003,0.4848,0.08736237623762375,0.0072,0.08621907090464546,0.8072943862987632,0.0004,0.1738,0.0332901185770751,0.0144
4484,0.014000000000000002,0.012400000000000001,0.5231999999999999,0.20013861386138615,0.014000000000000002,0.07021907090464549,0.7438831588962893,0.002,0.4016,0.1796,0.0032
4485,0.006,0.0196,0.45,0.0156,0.008799999999999999,0.0752388517214923,0.9852000000000001,0.0,0.4332000000000001,0.057999999999999996,0.0012000000000000001
4486,0.066,0.0216,0.7283999999999999,0.011152475247524753,0.08080000000000001,0.1008,0.48849438629876313,0.0636,0.5453992079207921,0.13736758893280632,0.009600000000000001
4487,0.1092,0.004000000000000001,0.28280000000000005,0.01715247524752475,0.057999999999999996,0.11167672544787459,0.8416,0.0092,0.25019960396039603,0.33193900990099007,0.0164
4488,0.4136,0.044000000000000004,0.4628,0.08675247524752476,0.0344,0.23185819070904645,0.5893887725975262,0.2044,0.3695968316831683,0.276581514499276,0.0
4489,0.0004,0.0,0.364,0.015176237623762375,0.0016,0.05501929181929181,0.9800000000000001,0.0,0.1274,0.068,0.012
4490,0.378,0.38960000000000006,0.7252,0.0683049504950495,0.0744,0.4657025516957237,0.75442702188392,0.17439999999999997,0.5181984158415842,0.41238142527296207,0.016
4491,0.0,0.0708,0.12,0.011199999999999998,0.0076,0.10043836272393732,0.7524,0.0008,0.3182,0.0268,0.004
4492,0.05720000000000001,0.1036,0.6859999999999999,0.09449108910891088,0.11036967213114753,0.39051518153209025,0.14769429657794678,0.06040000000000001,0.3464,0.29376822760536925,0.0
4493,0.22279999999999997,0.0204,0.7475999999999999,0.07312871287128712,0.13994361904761904,0.1402190709046455,0.8776494766888676,0.038,0.736599603960396,0.12032252964426877,0.0004
4494,0.7452,0.014369553805774279,0.4368,0.08976237623762376,0.028000000000000004,0.17425867970660147,0.841294386298763,0.2192,0.2626,0.1684901185770751,0.0008
4495,0.004,0.0028,0.4732,0.006304950495049505,0.0012000000000000001,0.1378192918192918,0.944,0.0004,0.1502,0.05056758893280633,0.0004
4496,0.31920000000000004,0.20719999999999997,0.6772,0.09081980198019801,0.11039999999999998,0.037599999999999995,0.7758425472029173,0.09720000000000001,0.5955980198019801,0.2976145642390326,0.0347948734801183
4497,0.256,0.024,0.2496,0.058328712871287124,0.0236,0.20163814180929096,0.5184,0.16560000000000002,0.25019366336633664,0.30439088013149146,0.0
4498,0.1696,0.1736,0.7676000000000001,0.2044910891089109,0.0796,0.31575155938872324,0.504521049299418,0.09119999999999999,0.5173988118811881,0.25632252964426877,0.013590009858692081
4499,0.28680000000000005,0.11960000000000001,0.5964,0.11613861386138613,0.066,0.24385792262613779,0.5356494766888678,0.1216,0.5097988118811881,0.30849139592220093,0.01
4500,0.027200000000000002,0.152,0.6132000000000001,0.026000000000000002,0.008,0.13425771404866899,0.7855999999999999,0.046,0.3178,0.3368,0.06465345095246712
4501,0.2444,0.047599999999999996,0.8972,0.1287762376237624,0.1046646154889002,0.2007859573379708,0.6496719314938153,0.0616,0.8736,0.13679999999999998,0.03397463366732549
4502,0.0576,0.09960000000000001,0.32480000000000003,0.17837623762376237,0.08320000000000001,0.13334120605245434,0.8080717520521826,0.11640000000000002,0.24159999999999995,0.4384,0.0235948734801183
4503,0.013999999999999999,0.0004,0.5044,0.007976237623762377,0.0036000000000000003,0.06483836272393731,0.9972,0.014000000000000002,0.3056,0.07952252964426879,0.004399999999999999
4504,0.2836,0.0084,0.55,0.041952475247524754,0.0252,0.1076383627239373,0.8564718417729992,0.06720000000000001,0.4904,0.1192,0.004000000000000001
4505,0.924,0.0656,0.7816,0.0043287128712871294,0.17,0.1866965062647214,0.9972,0.0248,0.695599207920792,0.2694125589950299,0.0068000000000000005
4506,0.23200000000000004,0.06553910761154856,0.7728,0.011576237623762375,0.06,0.31112164615025384,0.6541662280717622,0.03,0.4176,0.0636,0.0224
4507,0.013600000000000001,0.0464,0.5067999999999999,0.013976237623762378,0.0232,0.0388,0.9888,0.007200000000000001,0.10919999999999999,0.31904505928853755,0.0028
4508,0.46719999999999995,0.17076955380577424,0.6864000000000001,0.5097663366336654,0.10800000000000001,0.27861743983355514,0.5357478922318807,0.27840000000000004,0.5218843564356439,0.5058359613352643,0.013599999999999998
4509,0.0004,0.0084,0.4072,0.10990495049504952,0.0036000000000000003,0.07745792262613779,0.8196,0.0,0.252799207920792,0.0964,0.0028
4510,0.0408,0.025999999999999995,0.4968,0.01952871287128713,0.0264,0.1272383627239373,0.9265887725975261,0.0876,0.306799603960396,0.23439598951199464,0.0036000000000000003
4511,0.246,0.17356955380577427,0.7604,0.0104,0.09280000000000001,0.14335164607827483,0.7332,0.09120000000000002,0.5172,0.41240000000000004,0.017599999999999998
4512,0.0908,0.236,0.3936,0.061433663366336634,0.2224,0.6403469524227472,0.5163717437313007,0.1052,0.08360000000000001,0.0068000000000000005,0.008400000000000001
4513,0.053200000000000004,0.034,0.7048,0.017433663366336633,0.0588,0.10767677261613691,0.6946873670919964,0.028800000000000003,0.4365996039603961,0.12689075724963803,0.0008
4514,0.0028,0.002,0.3632,0.054091089108910896,0.010400000000000001,0.08381907090464547,0.8684,0.009600000000000001,0.40920000000000006,0.02281264822134387,0.0024000000000000002
4515,0.0332,0.06839999999999999,0.6812,0.0088,0.0048000000000000004,0.27251628708156816,0.7343999999999999,0.004000000000000001,0.2792,0.1588,0.0004
4516,0.21919999999999998,0.013600000000000001,0.7347999999999999,0.046400000000000004,0.04920000000000001,0.0872,0.9443999999999999,0.0028,0.1008,0.1288,0.0024000000000000002
4517,0.154,0.1212,0.756,0.04357623762376238,0.027600000000000003,0.16559999999999997,0.8920943862987631,0.09319999999999999,0.5934000000000001,0.21722785113293938,0.01559500492934604
4518,0.3212,0.18756955380577428,0.5871999999999999,0.10653861386138615,0.1004,0.41234603126385805,0.6945437732668145,0.1764,0.5658,0.2673675889328063,0.014000000000000002
4519,0.2452,0.03516955380577428,0.7939999999999999,0.012,0.033999999999999996,0.1642576545432291,0.659294386298763,0.11879999999999999,0.49439960396039606,0.19464505928853754,0.0036000000000000003
4520,0.08279999999999998,0.0388,0.7096,0.021976237623762378,0.0216,0.08,0.9468942965779468,0.06999999999999999,0.49640000000000006,0.09880000000000001,0.0132
4521,0.09,0.0648,0.9148000000000002,0.06512871287128713,0.1052,0.3254579226261378,0.2508943862987631,0.07520000000000002,0.8808,0.1216,0.0047847552578611525
4522,0.05519999999999999,0.1032,0.6912,0.06583366336633664,0.0468,0.1842574336285828,0.7740943862987631,0.054400000000000004,0.49399920792079205,0.26745834618244435,0.005600000000000001
4523,0.4972,0.3175086614173228,0.8427999999999999,0.029904950495049504,0.08920000000000002,0.3436701027850172,0.869577455474236,0.22200000000000003,0.3861996039603961,0.45362912847806525,0.035595004929346044
4524,0.6944,0.115016354148392,0.5548000000000001,0.11785742574257425,0.1592,0.3354717411357998,0.2572943862987631,0.196,0.5012000000000001,0.35858215317183895,0.0048000000000000004
4525,0.8352,0.06080000000000001,0.3476,0.074,0.06960000000000001,0.24843863080684594,0.6811999999999999,0.122,0.27080000000000004,0.19519999999999998,0.0032
4526,0.37720000000000004,0.0508,0.5448,0.37155247524752477,0.0732,0.6036388517214922,0.6728000000000001,0.0412,0.22279999999999997,0.16919999999999996,0.0012000000000000001
4527,0.2444,0.2488,0.7375999999999999,0.1019287128712871,0.0936,0.09345770171149145,0.8385663177925785,0.15560000000000002,0.6363976237623763,0.3822583461824443,0.01039500492934604
4528,0.34080000000000005,0.2992,0.8412000000000001,0.029128712871287127,0.18439999999999998,0.23717496678816974,0.5759321869810754,0.2096,0.5232000000000001,0.3468,0.004389878409464344
4529,0.1496,0.2283695538057743,0.6476000000000001,0.046657425742574254,0.12120000000000002,0.28928814613802395,0.6011366648294068,0.09319999999999999,0.5707996039603961,0.23904569796110048,0.015184751889582649
4530,0.3188,0.2028,0.77,0.08837098177107429,0.0704,0.4125156243376293,0.4190382492863939,0.1052,0.6983924752475247,0.33606914569717844,0.008
4531,0.1,0.08456055424264634,0.5444,0.027176237623762377,0.09440000000000001,0.3016511089019646,0.8392943862987631,0.014400000000000001,0.6381984158415842,0.1827231683168317,0.0004
4532,0.21000000000000002,0.2424,0.6188,0.046400000000000004,0.0668,0.30375367181039553,0.6172493869680514,0.268,0.5493996039603959,0.2849682276053692,0.0048000000000000004
4533,0.38599999999999995,0.21000000000000002,0.7288,0.017952475247524753,0.0504,0.31229579635252,0.7505887725975262,0.1992,0.5123988118811881,0.41856822760536927,0.0012000000000000001
4534,0.12,0.1356,0.7144,0.0348,0.023600000000000003,0.1301023881858005,0.30858877259752615,0.0156,0.6744,0.046799999999999994,0.0004
4535,0.2684,0.1176,0.7779999999999999,0.0470059405940594,0.0492,0.280980278688593,0.6640943862987632,0.1092,0.2545988118811881,0.20800000000000002,0.0028
4536,0.1328,0.05239999999999999,0.3192,0.03475247524752475,0.0772,0.05461907090464548,0.8391775451950524,0.0356,0.5611988118811881,0.11449139592220092,0.0068000000000000005
4537,0.021200000000000004,0.006338623268421722,0.394,0.0368,0.0024000000000000002,0.08469623818181274,0.9732,0.0008,0.223,0.11832252964426877,0.0112
4538,0.0416,0.1024,0.5548,0.03477623762376238,0.0144,0.10400000000000001,0.9864,0.014000000000000002,0.1728,0.12999999999999998,0.0016
4539,0.6064,0.0412,0.6716,0.0128,0.0748,0.10959999999999999,0.7287999999999999,0.009199999999999998,0.3188,0.364090757249638,0.0004
4540,0.4055999999999999,0.18039999999999998,0.5576,0.10197623762376237,0.08120000000000001,0.18163814180929097,0.7059775451950523,0.3108,0.366,0.368,0.006
4541,0.154,0.029199999999999997,0.49239999999999995,0.021976237623762374,0.029200000000000004,0.18233442715936604,0.8516719314938154,0.062,0.6331976237623762,0.10496822760536924,0.012
4542,0.024399999999999998,0.022369553805774278,0.5408,0.01788118811881188,0.0088,0.1262579349633153,0.9039999999999999,0.048,0.669,0.08096758893280633,0.008
4543,0.2712,0.11076955380577429,0.6416000000000001,0.04035247524752475,0.0472,0.9761151353400741,0.8576,0.1368,0.5770000000000001,0.41312252964426877,0.022394875164257557
4544,0.24919999999999995,0.1308,0.8315999999999999,0.07667722772277227,0.0710646154889002,0.18461929181929182,0.8905887725975262,0.1692,0.6058,0.17784569796110047,0.014394873480118305
4545,0.11040000000000001,0.0068000000000000005,0.2696,0.05426499605712783,0.1056,0.23567699353078328,0.7650831588962893,0.032,0.041800000000000004,0.04313773255586428,0.0084
4546,0.17839999999999998,0.036,0.5908,0.028376237623762374,0.0448,0.1863078797866084,0.7680719314938154,0.08759999999999998,0.6967976237623763,0.1577954400657457,0.011200000000000002
4547,0.2892,0.08476955380577429,0.5556,0.1312910891089109,0.0764,0.056799999999999996,0.4792943862987631,0.09159999999999999,0.6023984158415842,0.17801392556646967,0.027194873480118304
4548,0.1988,0.126,0.2084,0.10124356435643564,0.0616,0.32775438172259685,0.5649887725975262,0.022,0.2621992079207921,0.13230203889954212,0.0
4549,0.1996,0.14668096166878225,0.32720000000000005,0.10357623762376238,0.011600000000000001,0.22775371897865787,0.8797663177925784,0.1016,0.5116,0.2615225296442688,0.012394875164257557
4550,0.2032,0.045200000000000004,0.5392,0.018000000000000006,0.0792,0.11000000000000001,0.9632,0.0172,0.24379960396039607,0.5863231683168316,0.0016
4551,0.176,0.14516906946264743,0.2792,0.053219801980198024,0.10919999999999999,0.3546419916948035,0.4275320972602591,0.06559999999999999,0.464599603960396,0.28072252964426875,0.013994875164257556
4552,0.5468,0.004399999999999999,0.386,0.0184,0.148,0.09821907090464546,0.6252943862987631,0.0404,0.5686000000000001,0.1651225296442688,0.004399999999999999
4553,0.8443999999999999,0.0628,0.41200000000000003,0.08244356435643566,0.021200000000000004,0.1944388517214923,0.816894386298763,0.11080000000000001,0.238599603960396,0.13904505928853755,0.0024000000000000002
4554,0.038000000000000006,0.029199999999999997,0.4612,0.013176237623762377,0.0324,0.17815322998110283,0.5984,0.0332,0.26179881188118814,0.41395293546745976,0.0028
4555,0.29000000000000004,0.22800000000000004,0.7428,0.040776237623762375,0.1292,0.1678574336285828,0.8471550903901047,0.20400000000000001,0.5708,0.3036,0.00559500492934604
4556,0.14200000000000002,0.0172,0.4788,0.19462970297029702,0.002,0.09131530908645823,0.8172286705202312,0.0688,0.46459801980198023,0.28685697961100454,0.0036000000000000003
4557,0.55,0.03319999999999999,0.3156,0.05651485148514852,0.044,0.36210257524560835,0.31536631779257845,0.3852,0.7509992079207921,0.1443827026180879,0.0
4558,0.1468,0.0332,0.564,0.06997623762376237,0.07880000000000001,0.16010216727115417,0.7805887725975262,0.0448,0.6833988118811881,0.11879999999999999,0.0068000000000000005
4559,0.3456,0.19519999999999998,0.7948,0.04825346534653465,0.0636,0.3909631066569942,0.7765887725975262,0.154,0.4564000000000001,0.44274974210464524,0.013999999999999999
4560,0.29680000000000006,0.11000000000000001,0.6584,0.027200000000000002,0.0528,0.20273350600047707,0.7521212287410506,0.096,0.41339999999999993,0.39169075724963803,0.0128
4561,0.1196,0.0648,0.6268,0.011176237623762377,0.24434361904761906,0.13505770171149145,0.591883069175473,0.07799999999999999,0.4852,0.32719999999999994,0.00639500492934604
4562,0.31000000000000005,0.029943414634146338,0.6527999999999999,0.02515247524752475,0.07919999999999999,0.1204,0.8257887725975263,0.0064,0.4524,0.13544505928853756,0.012
4563,0.08479999999999999,0.15399999999999997,0.8351999999999998,0.032776237623762375,0.046264615488900186,0.24314473801757702,0.5348943862987632,0.2664,0.49239920792079206,0.17296886627793215,0.0064
4564,0.0644,0.030000000000000006,0.4948,0.025576237623762377,0.059199999999999996,0.16407748252833826,0.8704000000000001,0.027600000000000003,0.48779960396039607,0.04479999999999999,0.0
4565,0.0612,0.12830866141732283,0.9591999999999998,0.1564910891089109,0.08080000000000001,0.2591355118281782,0.959788772597526,0.057199999999999994,0.5327999999999999,0.019200000000000002,0.0012000000000000001
4566,0.4784,0.1016,0.6876,0.0092,0.1736,0.17825792262613782,0.6250381595655775,0.2656,0.5955992079207921,0.23752252964426876,0.0184
4567,0.326,0.078,0.6659999999999999,0.018186138613861386,0.14479999999999998,0.23207602787285073,0.932,0.18280000000000002,0.5349992079207921,0.18096822760536924,0.005984755257861152
4568,0.3188,0.30920000000000003,0.7175999999999999,0.03397623762376238,0.31952358281394583,0.2592383627239373,0.6044494766888677,0.13357158596694693,0.4744,0.23064505928853754,0.015994875164257554
4569,0.02,0.0128,0.7816000000000001,0.05742970297029702,0.027200000000000002,0.1244383627239373,0.744894386298763,0.0076,0.1635992079207921,0.09787546511172855,0.0
4570,0.019999999999999997,0.019600000000000003,0.6172000000000001,0.005576237623762376,0.055200000000000006,0.18421907090464548,0.8732,0.18239999999999998,0.40239960396039604,0.05912252964426877,0.0012000000000000001
4571,0.4136,0.1552,0.6779999999999999,0.07352871287128712,0.054400000000000004,0.2088388517214923,0.8716268424422875,0.196,0.7072,0.1624,0.01
4572,0.004,0.0172,0.4871999999999999,0.0132,0.0012000000000000001,0.08883814180929095,0.8552,0.0132,0.32060000000000005,0.064,0.0
4573,0.17560000000000003,0.152,0.6696000000000001,0.022328712871287126,0.09759999999999999,0.25552343337184413,0.5901436835459981,0.1016,0.5289984158415841,0.14913581653817556,0.01559500492934604
4574,0.04920000000000001,0.014800000000000002,0.42519999999999997,0.019552475247524754,0.0344,0.12061929181929183,0.984,0.008400000000000001,0.39799999999999996,0.06001392556646969,0.0028
4575,0.0664,0.05600000000000001,0.5388,0.07757623762376238,0.0204,0.11415302140363401,0.9056718417729991,0.022000000000000002,0.6049984158415842,0.1604139255664697,0.014799999999999999
4576,0.18639999999999998,0.1288,0.49960000000000004,0.046,0.057199999999999994,0.15589623818181275,0.9136719314938155,0.1276,0.7876,0.21400000000000002,0.006
4577,0.7323999999999999,0.1112,0.4668,0.06209108910891088,0.1728,0.126,0.8444,0.1416,0.40099841584158413,0.460890757249638,0.0068000000000000005
4578,0.0008,0.0368,0.43479999999999996,0.07870495049504951,0.006,0.09501929181929182,0.9802831588962893,0.0004,0.11299999999999999,0.09754910343208234,0.008
4579,0.056799999999999996,0.0504,0.6952,0.0035762376237623767,0.0016,0.14123836272393733,0.7192000000000001,0.04,0.6161980198019801,0.144,0.0008
4580,0.0004,0.0004,0.2556,0.013600000000000001,0.0004,0.07261929181929183,0.9228,0.0,0.1608,0.0508,0.0008
4581,0.3296,0.09553910761154856,0.48200000000000004,0.05672871287128713,0.055600000000000004,0.2166442157679321,0.8345887725975262,0.22039999999999998,0.3725992079207921,0.5571364552107385,0.0004
4582,0.33280000000000004,0.14156955380577427,0.9048,0.007833663366336634,0.0668,0.19669704243053876,0.9896,0.024,0.6241988118811882,0.1510577075098814,0.032
4583,0.7003999999999999,0.13636955380577426,0.6492000000000001,0.012,0.098,0.34103181708267283,0.607177455474236,0.4476,0.3566,0.3299225296442688,0.014000000000000002
4584,0.5196000000000001,0.11716906946264745,0.7243999999999999,0.0751049504950495,0.0792,0.21789699526227646,0.7924943862987631,0.027199999999999995,0.503,0.09841264822134388,0.00399500492934604
4585,0.2452,0.138,0.8612,0.09693861386138614,0.10079999999999997,0.46931549678326123,0.41033254586434065,0.1632,0.23679999999999998,0.6516913959222009,0.0036000000000000003
4586,0.16599999999999998,0.06399999999999999,0.726,0.04943366336633663,0.047599999999999996,0.2745929181929182,0.6867547315068394,0.41,0.7692,0.092,0.016800000000000002
4587,0.324,0.12036955380577427,0.6328,0.04496237623762376,0.0464,0.25768880888196294,0.7789887725975262,0.1276,0.3929980198019802,0.43574454349782804,0.0412
4588,0.011600000000000001,0.017200000000000003,0.5172,0.008799999999999999,0.0012000000000000001,0.2338579821315776,0.9404,0.0012000000000000001,0.3896,0.0776,0.0
4589,0.31880000000000003,0.04560000000000001,0.7964,0.0188,0.031200000000000006,0.16087672544787462,0.9296,0.10840000000000001,0.494999603960396,0.20104505928853755,0.0068000000000000005
4590,0.28559999999999997,0.0256,0.4112,0.033999999999999996,0.030000000000000006,0.08690257524560838,0.9116,0.1924,0.3874,0.0828,0.0124
4591,0.3396,0.0828,0.6848000000000001,0.10075247524752476,0.0568,0.3369147031787403,0.8604270218839201,0.08239999999999999,0.6119996039603961,0.2320411380268462,0.01159500492934604
4592,0.0004,0.0,0.3684,0.015176237623762375,0.002,0.05781929181929182,0.9843999999999999,0.0,0.13279999999999997,0.0684,0.012
4593,0.4204,0.08910866141732285,0.9352,0.023176237623762374,0.0632,0.41291685548898266,0.9740943862987631,0.0528,0.9925999999999998,0.0032,0.0016
4594,0.17079999999999998,0.002,0.7788,0.0364,0.0332,0.18210257524560838,0.9128000000000001,0.022,0.2664,0.03,0.0028
4595,0.446,0.0672,0.6935999999999999,0.04783366336633663,0.039969672131147535,0.13524990999220826,0.8156943862987631,0.22400000000000003,0.4096,0.4204,0.0008
4596,0.3024,0.11800000000000002,0.6784,0.05573861386138614,0.15276967213114756,0.7976,0.699442457482101,0.064,0.5751999999999999,0.22272252964426875,0.015994873480118306
4597,0.0232,0.07950866141732284,0.6396000000000001,0.1468158415841584,0.010400000000000001,0.1662576545432291,0.932,0.0116,0.5887968316831683,0.16187418776660273,0.001994875164257556
4598,0.434,0.0784,0.6168,0.06960000000000001,0.0224,0.11679999999999999,0.9117887725975262,0.2404,0.47780000000000006,0.3474456979611005,0.004399999999999999
4599,0.35320000000000007,0.10679999999999998,0.5932,0.07672871287128713,0.0628,0.1545146463425192,0.835294386298763,0.058800000000000005,0.37039999999999995,0.3222450592885376,0.1256
4600,0.18919999999999998,0.17400000000000002,0.808,0.06926732673267326,0.0992,0.3416779715258933,0.42094377326681454,0.1012,0.4843984158415841,0.20433773255586427,0.13840000000000002
4601,0.2032,0.049569553805774276,0.7416,0.0028,0.059199999999999996,0.15957394162479738,0.9696,0.0156,0.653799207920792,0.1732901185770751,0.6863999999999999
4602,0.14320000000000002,0.1416,0.8135999999999999,0.06058613861386138,0.1316,0.27827076314068977,0.773721318461867,0.0892,0.7457976237623762,0.13468619731538373,0.0024000000000000002
4603,0.2284,0.1508,0.6764,0.12108118811881188,0.0428,0.1668,0.8012270218839201,0.1196,0.6576000000000001,0.28600000000000003,0.019200000000000002
4604,0.086,0.10113910761154857,0.736,0.041128712871287124,0.055600000000000004,0.20553464807401234,0.9192,0.0744,0.646799603960396,0.17025962352757013,0.004399999999999999
4605,0.12279999999999999,0.058399999999999994,0.5948,0.017976237623762374,0.046,0.16771557716936691,0.9679775451950523,0.0408,0.556999207920792,0.2183225296442688,0.0008
4606,0.4572,0.2088,0.7876,0.10955247524752473,0.15560000000000002,0.25858005510472787,0.9164943862987631,0.08959999999999999,0.364399603960396,0.2552,0.019200000000000002
4607,0.29240000000000005,0.16433910761154855,0.7924,0.19832475247524753,0.048799999999999996,0.057199999999999994,0.7456943862987631,0.1336,0.6523952475247525,0.23659544006574568,0.008799999999999999
4608,0.0128,0.045939107611548555,0.5264,0.03875247524752475,0.04239999999999999,0.14861929181929184,0.806588772597526,0.0132,0.2944,0.0936139255664697,0.0008
4609,0.0412,0.10400000000000001,0.9256,0.0372,0.1248,0.2008774353600759,0.7953887725975262,0.122,0.6888,0.21064505928853755,0.009600000000000001
4610,0.0288,0.024800000000000003,0.5548,0.03096237623762376,0.0068000000000000005,0.12905814354078413,0.9404,0.0028,0.26919960396039605,0.033767588932806326,0.0031900098586920807
4611,0.2184,0.0524,0.6256,0.09902970297029703,0.042,0.06523911980440097,0.8444,0.1432,0.5028,0.22165570226587877,0.016800000000000002
4612,0.0648,0.08673910761154857,0.95,0.22319603960396042,0.1032,0.25607732111913173,0.9916,0.046,0.468599603960396,0.03864633663366336,0.0004
4613,0.1692,0.11000000000000001,0.6228,0.04668118811881188,0.027200000000000002,0.15287721444542962,0.786588772597526,0.045599999999999995,0.577399603960396,0.20800000000000002,0.0016
4614,0.5708,0.06319999999999999,0.4488,0.02300990099009901,0.1944,0.1306579226261378,0.4833887725975261,0.44960000000000006,0.5128,0.3711351778656126,0.004379889952295676
4615,0.1568,0.1572,0.44719999999999993,0.06957623762376237,0.12040000000000002,0.13985814354078413,0.8788943862987632,0.0512,0.359,0.4955225296442688,0.012389878409464344
4616,0.0812,0.022399999999999996,0.5224,0.07985742574257425,0.018000000000000002,0.09807797152589329,0.9340943862987631,0.041999999999999996,0.5006,0.09839999999999999,0.0036000000000000003
4617,0.021599999999999998,0.0708,0.5871999999999999,0.057481188118811886,0.0176,0.1798195599022005,0.828871841772999,0.03560000000000001,0.30859801980198026,0.09785898485500724,0.002
4618,0.048400000000000006,0.0032,0.43600000000000005,0.0236,0.055200000000000006,0.10800000000000001,0.8019999999999999,0.009200000000000002,0.25939999999999996,0.06872316831683169,0.0056
4619,0.756,0.23150866141732282,0.6876,0.02117623762376238,0.0948,0.49595502953987064,0.7437887725975261,0.5304,0.45,0.5596,0.0224
4620,0.576,0.0128,0.29,0.0196,0.0316,0.15883814180929096,0.5012000000000001,0.28440000000000004,0.30499960396039605,0.334,0.0008
4621,0.0084,0.006000000000000001,0.4404,0.07348118811881188,0.0008,0.08785765454322911,0.8332,0.01,0.2796,0.0364,0.002
4622,0.086,0.0052,0.526,0.043952475247524755,0.008000000000000002,0.18825765454322912,0.8652,0.0812,0.6013980198019802,0.19027291042147693,0.003995004929346041
4623,0.2504,0.033600000000000005,0.5248,0.004,0.088,0.11963836272393731,0.6611774554742359,0.1504,0.2632,0.2771231683168317,0.0
4624,0.0472,0.0328,0.3016,0.12862970297029702,0.17160000000000003,0.5083737678784134,0.45453340472409043,0.03,0.475,0.04872316831683168,0.004
4625,0.26280000000000003,0.004399999999999999,0.49399999999999994,0.0844,0.056400000000000006,0.06083863080684596,0.8062607040913414,0.007999999999999998,0.488,0.32984569796110047,0.0052000000000000015
4626,0.298,0.20156955380577424,0.7548,0.04997623762376237,0.1096,0.7508907648721829,0.7015773657534197,0.2152,0.5009992079207921,0.28352252964426883,0.01237450221809776
4627,0.047599999999999996,0.0188,0.4636,0.041999999999999996,0.011600000000000001,0.11887743536007596,0.9603999999999999,0.029599999999999998,0.48199999999999993,0.17552252964426876,0.0
4628,0.0996,0.094,0.6148,0.06752871287128712,0.0324,0.20545787545787544,0.8119999999999999,0.074,0.42559881188118814,0.16584505928853752,0.0196
4629,0.08080000000000001,0.0372,0.4124,0.046609900990099006,0.002,0.12033508990330506,0.932,0.0412,0.4287984158415842,0.17219799475599734,0.0008
4630,0.3624,0.05436955380577428,0.512,0.028000000000000004,0.0428,0.10541929181929181,0.458,0.042,0.28700000000000003,0.5489059601612336,0.0004
4631,0.28640000000000004,0.346,0.7592000000000001,0.1167049504950495,0.0408,0.3951982611182034,0.7904719314938154,0.2,0.521199603960396,0.375690757249638,0.006
4632,0.5963999999999999,0.10640000000000001,0.5212,0.09079999999999999,0.1092,0.2012,0.8452719314938154,0.13399999999999998,0.2714,0.21480000000000002,0.00359500492934604
4633,0.5092,0.10400000000000001,0.4692,0.07397623762376238,0.0328,0.08199999999999999,0.9388,0.37720000000000004,0.4202,0.42889139592220094,0.005200000000000001
4634,0.5067999999999999,0.1968,0.7596,0.06828118811881187,0.038400000000000004,0.4443968301733583,0.7893437732668145,0.1036,0.6041984158415842,0.3936531475756271,0.012
4635,0.038400000000000004,0.0212,0.42279999999999995,0.017176237623762376,0.046,0.05941929181929183,0.9623999999999999,0.0012000000000000001,0.3266,0.1024,0.0184
4636,0.3144,0.29790866141732286,0.5763999999999999,0.05270495049504951,0.11520000000000001,0.16745765454322908,0.9259999999999999,0.09759999999999999,0.488999603960396,0.41752252964426884,0.011189748644375861
4637,0.3924,0.1944,0.6512,0.0364,0.15196967213114754,0.2613143879275693,0.7858607040913416,0.19039999999999999,0.37039920792079206,0.5543225296442689,0.10196490305619454
4638,0.45200000000000007,0.046799999999999994,0.7744,0.0383049504950495,0.033999999999999996,0.28632080601446563,0.9348000000000001,0.1632,0.4072,0.15312316831683168,0.005200000000000001
4639,0.29000000000000004,0.20400000000000001,0.7668,0.10726732673267325,0.1016,0.476038630806846,0.7061033410150752,0.0988,0.584599207920792,0.2317046828161077,0.018
4640,0.2312,0.24116955380577426,0.7699999999999999,0.11232871287128714,0.07594361904761905,0.32725218123359934,0.7106157944814463,0.17679999999999998,0.628999603960396,0.2736,0.028379758503067936
4641,0.2796,0.1376,0.5959999999999999,0.06477623762376238,0.0492,0.2345266042432252,0.7259595677482608,0.18880000000000002,0.4585992079207921,0.22616822760536923,0.008395004929346039
4642,0.2508,0.2155381389252949,0.8236000000000001,0.06776237623762375,0.10400000000000001,0.41034868749832076,0.32750991161776044,0.1956,0.5343992079207921,0.32938151449927605,0.014779758503067942
4643,0.034800000000000005,0.09759999999999999,0.35039999999999993,0.0196,0.0064,0.10821955990220049,0.8913887725975261,0.0624,0.16040000000000001,0.37920000000000004,0.0016
4644,0.2912,0.13999999999999999,0.6744,0.034,0.14076967213114755,0.11479999999999999,0.5812987739361029,0.11479999999999999,0.4568,0.2656,0.022
4645,0.3156,0.0728,0.37160000000000004,0.1287762376237624,0.0628,0.13643863080684598,0.814732635585157,0.14520000000000002,0.2762,0.4468,0.0076
4646,0.3308,0.366,0.6692,0.1171049504950495,0.0756,0.46199727102640464,0.8004,0.1416,0.4453992079207921,0.39075711159737414,0.018000000000000002
4647,0.0064,0.0112,0.48439999999999994,0.009976237623762376,0.054400000000000004,0.16261929181929183,0.8384535059331176,0.01,0.33639881188118814,0.040168227605369235,0.0004
4648,0.8408,0.0612,0.5828,0.0944,0.0028,0.10967748252833827,0.8208943862987631,0.0164,0.29240000000000005,0.1072,0.1416
4649,0.0116,0.04,0.6736000000000001,0.013152475247524753,0.0008,0.07407699353078326,0.8480000000000001,0.0168,0.5455992079207921,0.1024,0.0
4650,0.4628,0.1216,0.5096,0.06618613861386138,0.0316,0.35927320553897707,0.7584269321631039,0.13520000000000001,0.410199207920792,0.513963667671115,0.02159500492934604
4651,0.019200000000000002,0.04554341463414634,0.5668,0.025552475247524752,0.0468,0.08101907090464548,0.8367775451950523,0.0128,0.5511996039603959,0.11104505928853754,0.008799999999999999
4652,0.6003999999999999,0.033600000000000005,0.2448,0.07192871287128713,0.0972,0.23127726161369191,0.4496943862987631,0.4316,0.2301960396039604,0.41033645521073847,0.0004
4653,0.0972,0.06634341463414634,0.7003999999999999,0.011952475247524751,0.0124,0.07185819070904646,0.8962831588962892,0.0048000000000000004,0.4356,0.10984505928853756,0.015599999999999998
4654,0.154,0.256,0.7028,0.11277227722772279,0.05639999999999999,0.12887743536007595,0.9507999999999999,0.08919999999999999,0.3685992079207921,0.1412913959222009,0.059164774975245304
4655,0.1448,0.057999999999999996,0.7712,0.016400000000000005,0.08480000000000001,0.09941929181929181,0.8152000000000001,0.045200000000000004,0.49959999999999993,0.23561456423903254,0.0
4656,0.43759999999999993,0.08436955380577427,0.5888,0.027152475247524753,0.022,0.06989672717936776,0.9248,0.05239999999999999,0.586399603960396,0.168981514499276,0.004
4657,0.38760000000000006,0.11596955380577427,0.7656,0.040609900990099014,0.1136,0.3576517989097465,0.699577455474236,0.1972,0.5779972277227723,0.2932291284780652,0.022799999999999997
4658,0.1968,0.1512,0.7104,0.11310099009900987,0.016800000000000002,0.009600000000000001,0.8948494766888679,0.21879999999999997,0.6578,0.23464569796110046,0.0027950049293460405
4659,0.2224,0.014799999999999999,0.42119999999999996,0.03707722772277228,0.06000000000000001,0.2607356732373848,0.05849438629876308,0.09040000000000001,0.8541996039603961,0.041767588932806334,0.002
4660,0.2496,0.2123695538057743,0.26880000000000004,0.017976237623762374,0.11920000000000001,0.5162707159724275,0.40117754519505233,0.20999999999999996,0.0744,0.0683225296442688,0.027194875164257552
4661,0.26,0.08719999999999999,0.9384,0.07778613861386138,0.1916,0.45505743362858275,0.36070502762171147,0.1008,0.9056000000000001,0.0188,0.012
4662,0.23159999999999997,0.1872,0.7535999999999999,0.08338613861386138,0.0524,0.3898174325538629,0.7020268424422875,0.1056,0.6009984158415842,0.2597802371541502,0.0556
4663,0.2116,0.16560000000000002,0.7276000000000001,0.15889108910891087,0.08360000000000001,0.20757376787841336,0.7384764985727879,0.2672,0.5635999999999999,0.3236,0.07879487348011831
4664,0.5372,0.0228,0.7700000000000001,0.074,0.13,0.09501907090464548,0.9148000000000002,0.0728,0.4676,0.03832316831683168,0.004
4665,0.048799999999999996,0.0844,0.7056000000000001,0.05597623762376237,0.0388,0.1168779715258933,0.8019550903901047,0.028399999999999998,0.5755992079207921,0.31516494501624076,0.0032
4666,0.334,0.28440000000000004,0.7303999999999998,0.08988118811881188,0.0824,0.9750195599022005,0.5874913958460709,0.1832,0.5625996039603961,0.2787225296442688,0.0472
4667,0.017599999999999998,0.0756,0.4600000000000001,0.031504950495049505,0.0156,0.11905765454322911,0.9441887725975262,0.0236,0.4599980198019802,0.07521392556646969,0.0008
4668,0.002,0.0024000000000000002,0.3476,0.021152475247524748,0.0012000000000000001,0.10301929181929184,0.9161887725975262,0.0388,0.3061996039603961,0.036490757249638,0.0004
4669,0.31199999999999994,0.11436955380577427,0.5924,0.07437623762376237,0.1076,0.2355601875983294,0.7817887725975263,0.1152,0.3647996039603961,0.41104569796110046,0.012389878409464344
4670,0.2816,0.0156,0.5512,0.025552475247524752,0.1216,0.1294579226261378,0.858,0.19,0.49759920792079215,0.11592316831683167,0.010400000000000001
4671,0.018,0.010799999999999999,0.4888,0.06724356435643564,0.0156,0.052000000000000005,0.8332,0.0016,0.2372,0.0308,0.0032
4672,0.3268,0.1888,0.7356,0.08369108910891089,0.10513934426229507,0.25883863080684594,0.7591101807802093,0.13720000000000002,0.6192,0.1648,0.0268
4673,0.026000000000000002,0.09480000000000001,0.7091999999999999,0.1412910891089109,0.03560000000000001,0.1994574336285828,0.8931775451950523,0.0268,0.556999207920792,0.16185770750988143,0.0024000000000000002
4674,0.17160000000000003,0.21713862326842168,0.6724,0.06345742574257426,0.1212,0.21203723565679827,0.43087193149381536,0.11960000000000001,0.3188,0.27552316831683166,0.0064
4675,0.034,0.08553910761154855,0.5075999999999999,0.006,0.010400000000000001,0.11203858363858366,0.916,0.01,0.44719881188118815,0.061045059288537554,0.0004
4676,0.1436,0.1008,0.5916,0.020399999999999998,0.04560000000000001,0.16563885172149231,0.9105887725975261,0.08320000000000001,0.6618,0.2748913959222009,0.012
4677,0.4748,0.054400000000000004,0.6044,0.0088,0.08919999999999999,0.18563858363858365,0.9644943862987632,0.0664,0.4084,0.09632252964426878,0.005200000000000001
4678,0.038400000000000004,0.0464,0.6876,0.06658613861386138,0.0124,0.11181929181929182,0.9568,0.04560000000000001,0.587999207920792,0.17912252964426875,0.0004
4679,0.16160000000000002,0.21400000000000002,0.6784000000000001,0.14743366336633662,0.05,0.2312501780751169,0.8963372026641293,0.1416,0.5545988118811882,0.37696822760536924,0.016800000000000002
4680,0.5544,0.09759999999999999,0.624,0.0408,0.098,0.2599221351478089,0.7766831588962892,0.2144,0.331,0.18376822760536923,0.012
4681,0.45199999999999996,0.036,0.0672,0.057552475247524756,0.132,0.27301810524671294,0.26962702188392007,0.1836,0.8931999999999999,0.1432,0.005200000000000001
4682,0.0792,0.05236955380577428,0.7596,0.021176237623762372,0.1716,0.1226195599022005,0.9541887725975261,0.016800000000000002,0.378,0.07120000000000001,0.00719500492934604
4683,0.026399999999999996,0.03560000000000001,0.542,0.08717623762376238,0.0324,0.07261907090464548,0.8795999999999999,0.0012000000000000001,0.33540000000000003,0.1044,0.005200000000000001
4684,0.0784,0.0252,0.6544000000000001,0.052962376237623766,0.0288,0.1365409353003269,0.3716,0.055999999999999994,0.46479920792079205,0.03264633663366336,0.0
4685,0.1268,0.0712,0.8572,0.019904950495049506,0.0316,0.1797160661669219,0.9213979067554711,0.0252,0.5979992079207921,0.06839999999999999,0.0004
4686,0.4468,0.10593862326842171,0.6064,0.0683049504950495,0.0816,0.26407775061124694,0.6487101807802094,0.41479999999999995,0.5487988118811881,0.25507291042147695,0.0048000000000000004
4687,0.022799999999999997,0.0016,0.5708,0.004399999999999999,0.0008,0.0940383627239373,0.8173887725975263,0.0004,0.28399960396039603,0.0392901185770751,0.0
4688,0.18080000000000002,0.044800000000000006,0.8092,0.05597623762376237,0.0784,0.16937973985355687,0.6312942965779468,0.0324,0.6792,0.1708,0.0044
4689,0.0964,0.2564,0.7048,0.020776237623762378,0.0076,0.20451243958432222,0.6636,0.0524,0.433,0.22633709388330137,0.0012000000000000001
4690,0.0168,0.202,0.7976000000000001,0.0028,0.0064,0.1107858513125017,0.9252,0.016,0.19439960396039604,0.250090757249638,0.0
4691,0.27280000000000004,0.13520000000000001,0.754,0.11721980198019802,0.2,0.3288,0.5399117396957042,0.1316,0.6593996039603962,0.176,0.013994873480118306
4692,0.2652,0.0132,0.758,0.014799999999999999,0.05600000000000001,0.07483858363858364,0.8384989533777356,0.11599999999999999,0.5672,0.15552252964426877,0.0
4693,0.11440000000000002,0.1336,0.7284,0.006,0.0188,0.3382972633451851,0.9575999999999999,0.0816,0.35639999999999994,0.23079999999999998,0.007200000000000001
4694,0.2936,0.07,0.5900000000000001,0.08159603960396039,0.048799999999999996,0.2845537661469202,0.7405933396764987,0.11880000000000002,0.5261996039603961,0.13616822760536923,0.014799999999999999
4695,0.035199999999999995,0.004,0.488,0.03230495049504951,0.0028,0.07905765454322913,0.9343999999999999,0.0024000000000000002,0.650799207920792,0.012,0.0012000000000000001
4696,0.0036000000000000003,0.041199999999999994,0.5064,0.03475247524752475,0.0012000000000000001,0.11450257524560839,0.8845887725975261,0.027600000000000003,0.18219999999999997,0.0976901185770751,0.0004
4697,0.022399999999999996,0.1396,0.42400000000000004,0.0648,0.0624,0.15905765454322912,0.7616943862987631,0.0528,0.2836,0.41024505928853755,0.004
4698,0.24359999999999998,0.0708,0.712,0.016328712871287128,0.11479999999999999,0.1250195599022005,0.6205886828767099,0.0252,0.22559999999999997,0.3172,0.013579760187207194
4699,0.047599999999999996,0.1335695538057743,0.41320000000000007,0.009200000000000002,0.07200000000000001,0.08483858363858363,0.9480000000000001,0.0216,0.5727984158415842,0.08584505928853756,0.0004
4700,0.388,0.6659695538057744,0.5536,0.04037623762376237,0.06040000000000001,0.45129762815288493,0.7376719314938154,0.5256000000000001,0.28840000000000005,0.5442589848550072,0.025994873480118308
4701,0.017599999999999998,0.004,0.6916,0.0108,0.0196,0.13585775854771254,0.8688,0.0432,0.1342,0.07912252964426877,0.003595004929346041
4702,0.2948,0.08076955380577427,0.6239999999999999,0.06557623762376238,0.1336,0.26567726161369193,0.14249438629876307,0.08520000000000001,0.5360000000000001,0.19056822760536923,0.0124
4703,0.9635999999999999,0.04673862326842172,0.8672000000000001,0.008,0.0836,0.3946313280851178,0.0688,0.6756,0.086,0.19,0.0004
4704,0.064,0.5471695538057743,0.7143999999999999,0.049999999999999996,0.1316,0.3209538927250419,0.6370376212406796,0.1972,0.8008000000000001,0.1024,0.016395004929346042
4705,0.4396,0.16996955380577428,0.666,0.08785742574257425,0.039999999999999994,0.24269601726716644,0.484,0.076,0.33840000000000003,0.11479999999999999,0.006
4706,0.3508,0.2996,0.6075999999999999,0.03253861386138614,0.0736,0.22683885172149232,0.8876719314938155,0.2772,0.231,0.4231999999999999,0.007994873480118306
4707,0.2152,0.0536,0.5984,0.05985742574257426,0.014000000000000002,0.19723863080684595,0.6522831588962893,0.07239999999999999,0.22919960396039601,0.3960901185770751,0.004000000000000001
4708,0.2524,0.192,0.7236,0.051176237623762375,0.06760000000000001,0.34980612112690357,0.7790831588962893,0.0824,0.4464,0.38384569796110046,0.039599999999999996
4709,0.3548,0.3476,0.6783999999999999,0.11371485148514851,0.1256,0.2873544288908592,0.8053438629876307,0.1704,0.6147980198019802,0.25539544006574577,0.0196
4710,0.28359999999999996,0.0992,0.5391999999999999,0.0364,0.0732,0.13061929181929183,0.7985887725975263,0.1404,0.25680000000000003,0.5024,0.0011948751642575559
4711,0.1424,0.06119999999999999,0.44160000000000005,0.0164,0.020800000000000003,0.0496,0.9491999999999999,0.019200000000000002,0.29819999999999997,0.326,0.005589878409464346
4712,0.1608,0.0048000000000000004,0.6804,0.07712871287128713,0.0328,0.16101907090464548,0.8987999999999999,0.0004,0.344,0.1368,0.009999999999999998
4713,0.0012000000000000001,0.028800000000000003,0.32199999999999995,0.013176237623762374,0.010400000000000001,0.08781907090464548,0.9528000000000001,0.0004,0.1526,0.042800000000000005,0.0008
4714,0.40119999999999995,0.1836,0.738,0.07035247524752475,0.19196967213114752,0.9090192918192919,0.6905294656908323,0.09319999999999999,0.5377984158415842,0.2420913959222009,0.0092
4715,0.0252,0.005599999999999999,0.9219999999999999,0.04917623762376238,0.048400000000000006,0.10291579808401323,0.768094386298763,0.0244,0.1182,0.05792252964426877,0.0116
4716,0.7815999999999999,0.4529863922972931,0.8531999999999998,0.02183366336633663,0.1072,0.2751220879795465,0.0528,0.834,0.23480000000000004,0.0848,0.004
4717,0.058399999999999994,0.08436906946264744,0.5923999999999999,0.02797623762376238,0.0308,0.2558195599022005,0.7273212287410507,0.0436,0.5993999999999999,0.046799999999999994,0.004
4718,0.048400000000000006,0.12079999999999999,0.7128,0.026776237623762376,0.046799999999999994,0.1767991286785921,0.7039775451950524,0.2916,0.3181976237623762,0.12281392556646968,0.0024000000000000002
4719,0.3256,0.1388,0.5868,0.1611960396039604,0.152,0.31428320899421147,0.8131366648294069,0.1024,0.5003976237623762,0.30576950495049504,0.029994875164257556
4720,0.0004,0.0008,0.4944,0.0132,0.0268,0.11240000000000001,0.9359775451950524,0.0,0.386,0.05840000000000001,0.0
4721,0.11079999999999998,0.020739107611548555,0.4208,0.29712871287128717,0.14120000000000002,0.33495447605912154,0.9027775451950524,0.06920000000000001,0.46719999999999995,0.09076366767111495,0.0004
4722,0.0092,0.0,0.4448,0.007552475247524754,0.0004,0.06501929181929182,0.998,0.01,0.186,0.06192252964426877,0.0
4723,0.3396,0.07756906946264745,0.7123999999999999,0.033976237623762374,0.0484,0.1966364736916195,0.9332,0.10159999999999998,0.5118,0.21201456423903262,0.008400000000000001
4724,0.2392,0.06276955380577429,0.5327999999999999,0.05761980198019802,0.0324,0.1982835043409629,0.6911146581383654,0.15960000000000002,0.5729984158415842,0.13522721246037647,0.0012000000000000001
4725,0.3804,0.1176,0.8844,0.022376237623762375,0.11000000000000001,0.22775416080795052,0.7000045670789724,0.79,0.7692,0.12240000000000002,0.0007948734801183042
4726,0.7392,0.0128,0.6092,0.10006336633663367,0.07880000000000001,0.3338190709046455,0.7205478922318806,0.0304,0.4285988118811881,0.10106026220013306,0.0032
4727,0.008799999999999999,0.076,0.5311999999999999,0.0128,0.014000000000000002,0.11189650626472143,0.9772000000000001,0.0064,0.5183996039603962,0.0648,0.0004
4728,0.28280000000000005,0.07640000000000001,0.6135999999999999,0.09317623762376237,0.0312,0.10887754203377811,0.8608494766888677,0.18,0.6739999999999999,0.1796145642390326,0.011600000000000001
4729,0.19080000000000003,0.2084,0.7555999999999999,0.05102970297029702,0.0516,0.31971579808401324,0.7435775451950524,0.20600000000000002,0.451999603960396,0.31976230109967513,0.0212
4730,0.2848,0.0188,0.8732000000000001,0.012704950495049504,0.038400000000000004,0.07677296362968736,0.9683999999999999,0.068,0.8619999999999999,0.064,0.015995004929346038
4731,0.2004,0.15707821522309712,0.5384,0.31138484315721293,0.0796,0.16336554666701503,0.9551999999999999,0.035199999999999995,0.46839881188118804,0.1769046828161077,0.014400000000000001
4732,0.1484,0.010400000000000001,0.28959999999999997,0.005576237623762377,0.0624,0.11945765454322912,0.7632943862987631,0.1308,0.4138,0.5144152029115956,0.004399999999999999
4733,0.274,0.21436906946264744,0.8336,0.04877623762376238,0.053599999999999995,0.33946974764527615,0.6797435938251819,0.1204,0.6537996039603959,0.3032,0.011600000000000001
4734,0.0728,0.0612,0.8492,0.008000000000000002,0.08436967213114754,0.22361252526338102,0.3293885931558935,0.0308,0.5868,0.06960000000000001,0.0004
4735,0.1196,0.09440000000000001,0.7148,0.15244356435643563,0.08360000000000001,0.26491508817181186,0.9085887725975261,0.1196,0.4709984158415842,0.1505386260966502,0.0004
4736,0.10639999999999998,0.044399999999999995,0.574,0.0092,0.12079999999999999,0.18050235166174328,0.0376,0.122,0.7006,0.19529203459476382,0.0008
4737,0.088,0.0076,0.5316000000000001,0.047576237623762375,0.0,0.17098001060568435,0.844,0.08120000000000001,0.604399603960396,0.15344505928853755,0.0
4738,0.23199999999999998,0.21000000000000002,0.8044,0.011199999999999998,0.088,0.22269623818181272,0.9795999999999999,0.0016,0.23880000000000004,0.35305962352757014,0.01637450053395851
4739,0.08,0.0396,0.3652,0.18449865942346447,0.024399999999999998,0.2768767254478746,0.8939999999999999,0.005600000000000001,0.15799920792079208,0.2628225632998083,0.0
4740,0.1288,0.06836955380577428,0.24640000000000004,0.0064,0.06520000000000001,0.31305765454322915,0.032,0.09159999999999999,0.197,0.046000000000000006,0.0116
4741,0.34240000000000004,0.2212,0.6863999999999999,0.08472871287128714,0.1548,0.942,0.6374916650085198,0.162,0.5547992079207922,0.2850596235275702,0.029599999999999998
4742,0.0004,0.0036000000000000003,0.4680000000000001,0.020776237623762378,0.002,0.07061929181929183,0.9128943862987631,0.007600000000000001,0.4084,0.06520000000000001,0.0104
4743,0.3747999999999999,0.29880000000000007,0.7444,0.09006732673267326,0.1808,0.2199356260691224,0.780026752721471,0.21080000000000002,0.4935992079207921,0.47681392556646973,0.014400000000000001
4744,0.0076,0.7888,0.9924,0.011552475247524752,0.11680000000000001,0.2170576545432291,0.9596,0.0028,0.9875999999999999,0.0104,0.0036000000000000003
4745,0.0984,0.186,0.6452,0.05757623762376237,0.0288,0.1994192918192918,0.7036942965779467,0.0196,0.8324,0.1204,0.0164
4746,0.2012,0.12033910761154856,0.9260000000000002,0.20185742574257426,0.158,0.2457536718103955,0.9325887725975261,0.0704,0.6674000000000001,0.1276,0.0028
4747,0.42279999999999995,0.14,0.6508,0.144,0.0824,0.17877420970770605,0.8517663177925785,0.3008,0.3172,0.4911999999999999,0.05819258827588619
4748,0.11839999999999999,0.2564,0.6648,0.049976237623762375,0.036,0.13171328335433757,0.7466382492863939,0.06360000000000002,0.4011984158415841,0.3083377325558643,0.0116
4749,0.1672,0.098,0.718,0.050962376237623765,0.038400000000000004,0.42671660472100575,0.4245663177925786,0.0712,0.565791287128713,0.39682995499549956,0.0028
4750,0.2604,0.22359999999999997,0.6843999999999999,0.0164,0.08280000000000001,0.26441004705776255,0.867883069175473,0.0392,0.34419881188118817,0.5049059601612336,0.046
4751,0.06160000000000001,0.28289456937148916,0.8555999999999999,0.015176237623762379,0.0332,0.21135594305178657,0.7268000000000001,0.71,0.24100000000000002,0.306490757249638,0.002
4752,0.0412,0.0588,0.9311999999999999,0.02592871287128713,0.0644,0.36008783088685287,0.7116719314938155,0.0328,0.16640000000000002,0.06849075724963802,0.0016
4753,0.0376,0.044,0.5184000000000001,0.0216,0.0364,0.17771579808401325,0.9516,0.032,0.5184000000000001,0.07152252964426878,0.004
4754,0.47119999999999995,0.052000000000000005,0.6908000000000001,0.058594059405940556,0.026000000000000002,0.3893252800988743,0.5491999999999999,0.026000000000000002,0.5415536633663367,0.5519590686025124,0.0048000000000000004
4755,0.3052,0.21200000000000002,0.6564,0.050352475247524744,0.0764,0.577445171189404,0.8976,0.1532,0.4232,0.3213675889328063,0.017599999999999998
4756,0.1432,0.0516,0.602,0.056443564356435647,0.184,0.15505819070904647,0.8640717520521829,0.11239999999999999,0.5021988118811882,0.17816758893280632,0.015599999999999998
4757,0.294,0.09680000000000001,0.6888000000000001,0.04237623762376238,0.18519999999999998,0.1312,0.8284535059331176,0.10279999999999997,0.5093996039603961,0.2652,0.02719500492934604
4758,0.006,0.0124,0.31479999999999997,0.009976237623762377,0.05720000000000001,0.17181929181929184,0.5879548212276557,0.002,0.37279999999999996,0.053200000000000004,0.0004
4759,0.1704,0.09559999999999999,0.8055999999999999,0.019200000000000002,0.09040000000000001,0.0814960172671664,0.970494386298763,0.0064,0.3292,0.1543225296442688,0.008799999999999999
4760,0.0184,0.0116,0.346,0.016800000000000002,0.0084,0.10501929181929182,0.8944719314938154,0.0268,0.34319999999999995,0.09312252964426877,0.0012000000000000001
4761,0.0308,0.057969553805774274,0.6464000000000001,0.020376237623762377,0.18080000000000002,0.15083911980440096,0.9684000000000001,0.010400000000000001,0.28819999999999996,0.1017808758267131,0.0023950049293460403
4762,0.3576,0.21916955380577424,0.7136,0.05997623762376236,0.057999999999999996,0.19017982354587645,0.7150830691754729,0.15239999999999998,0.5764000000000001,0.18872252964426878,0.028800000000000003
4763,0.22640000000000002,0.1112,0.6872,0.05988118811881189,0.10636967213114754,0.8957792267890256,0.7350197335147044,0.07360000000000001,0.6799984158415842,0.20456822760536922,0.0056
4764,0.4756,0.15,0.5871999999999999,0.05277227722772278,0.076,0.4132610294500985,0.8944943862987632,0.13279999999999997,0.5981992079207921,0.29384505928853755,0.017599999999999998
4765,0.036000000000000004,0.2076,0.8291999999999999,0.05286732673267326,0.18112099644128116,0.5860236778706216,0.5085292862491996,0.04440000000000001,0.314,0.007200000000000001,0.0028
4766,0.24559999999999998,0.1568,0.6888,0.17757623762376237,0.028399999999999998,0.1216774825283383,0.4555775451950524,0.0372,0.46979999999999994,0.27864505928853756,0.009600000000000001
4767,0.2136,0.055600000000000004,0.5832,0.004752475247524752,0.0396,0.1024772144454296,0.6955101807802093,0.22479999999999997,0.6784000000000001,0.2943662223613666,0.0016
4768,0.252,0.11240000000000001,0.7344,0.1547049504950495,0.0908,0.1983218670649002,0.923694386298763,0.07880000000000001,0.463999603960396,0.32089139592220095,0.016789880093603597
4769,0.3964,0.11073910761154855,0.5900000000000001,0.022776237623762376,0.0252,0.4884972036385241,0.7650607040913415,0.07120000000000001,0.4577992079207921,0.2192132868939068,0.03719487348011831
4770,0.4304,0.1496,0.6152,0.037176237623762376,0.039999999999999994,0.23923858363858366,0.7924494766888678,0.1996,0.5908,0.2563231683168317,0.032
4771,0.034,0.019969553805774278,0.47400000000000003,0.02272871287128713,0.0636,0.27229606443542875,0.42098877259752615,0.0648,0.3679992079207921,0.48113709388330134,0.0
4772,0.2012,0.1512,0.6315999999999999,0.023409900990099007,0.042800000000000005,0.1336383627239373,0.8634831588962892,0.05,0.41119524752475245,0.34000608304308694,0.0064
4773,0.2024,0.09240000000000001,0.8583999999999999,0.014400000000000001,0.0612,0.2758963325183374,0.5733887725975262,0.078,0.808,0.1488,0.0004
4774,0.20559999999999995,0.0612,0.6975999999999999,0.04675247524752475,0.033999999999999996,0.09763858363858365,0.9168943862987631,0.045200000000000004,0.24180000000000001,0.3175225296442688,0.0252
4775,0.2008,0.1356,0.5084,0.0548,0.066,0.15549623818181274,0.9097663177925785,0.134,0.776,0.2132,0.0064
4776,0.0348,0.11600000000000002,0.49960000000000004,0.10800000000000001,0.029599999999999998,0.10363814180929094,0.8612943862987631,0.0028,0.4311999999999999,0.10624569796110048,0.0044
4777,0.6132,0.3411695538057743,0.9452,0.0721148514851485,0.0316,0.2518195599022005,0.7462830691754728,0.6432,0.07859722772277228,0.054735816538175566,0.0
4778,0.016,0.005599999999999999,0.5384,0.009104950495049505,0.0064,0.1250579226261378,0.9456943862987632,0.0048000000000000004,0.5715988118811881,0.014400000000000001,0.0016
4779,0.3716,0.1339695538057743,0.6968,0.034,0.08320000000000001,0.3728627219791214,0.36155500066928836,0.13279999999999997,0.6164,0.1892,0.0008
4780,0.4,0.08159999999999999,0.6963999999999999,0.2437861386138614,0.0492,0.23585770171149142,0.9892,0.1652,0.5696,0.14618343051696475,0.0028
4781,0.3116,0.2496,0.776,0.07630495049504951,0.10036967213114753,0.10185814354078412,0.8052988636569193,0.1256,0.623799603960396,0.184,0.0108
4782,0.5664,0.06,0.6688000000000001,0.064,0.1204,0.21008842921609086,0.9147773657534197,0.19160000000000002,0.5231996039603961,0.2019231683168317,0.013599999999999998
4783,0.49000000000000005,0.14479999999999998,0.7384000000000001,0.009200000000000002,0.029599999999999998,0.2593292316006036,0.8869663177925785,0.44800000000000006,0.5392,0.33664505928853755,0.008799999999999999
4784,0.2948,0.08633862326842172,0.7716000000000001,0.007504950495049506,0.11679999999999999,0.23963863080684594,0.7091550006692884,0.07880000000000001,0.4457996039603961,0.0404,0.0064
4785,0.05720000000000001,0.1512,0.9203999999999999,0.04738613861386139,0.10359999999999998,0.25451638141809296,0.09009429657794676,0.0328,0.8960000000000001,0.10016822760536923,0.01879500492934604
4786,0.0152,0.004399999999999999,0.6916,0.014000000000000002,0.0184,0.07785792262613779,0.8728,0.0156,0.404,0.05352252964426877,0.0064
4787,0.08080000000000001,0.2172,0.6628000000000001,0.0048000000000000004,0.06,0.1204,0.9575999999999999,0.0304,0.26899920792079207,0.2356901185770751,0.051590009858692075
4788,0.0828,0.08513910761154855,0.4,0.04209108910891089,0.04,0.1410576545432291,0.7229887725975261,0.05319999999999999,0.5675976237623763,0.18781064297734124,0.0032
4789,0.5992,0.11520000000000001,0.712,0.017599999999999998,0.15440000000000004,0.1312,0.8608,0.0704,0.28359999999999996,0.35664569796110046,0.0004
4790,0.030400000000000003,0.08747821522309711,0.44559999999999994,0.32788875843336546,0.04479999999999999,0.2881153090864582,0.7724,0.009999999999999998,0.2361992079207921,0.3476867467616327,0.0012000000000000001
4791,0.3068,0.12196955380577428,0.7323999999999999,0.08277623762376238,0.16112099644128114,0.23814052999509147,0.9548,0.10200000000000001,0.43879999999999997,0.16352316831683167,0.005200000000000001
4792,0.7,0.1048,0.3532,0.04143366336633663,0.0108,0.19025765454322913,0.5196943862987631,0.29240000000000005,0.259199603960396,0.4798881133330724,0.006799999999999999
4793,0.0256,0.0152,0.5708,0.012,0.08919999999999997,0.07723858363858364,0.9084000000000001,0.041999999999999996,0.4673999999999999,0.07552252964426878,0.0
4794,0.2576,0.16640000000000002,0.6,0.024800000000000003,0.19039999999999999,0.23993557890086006,0.8128943862987631,0.14320000000000002,0.5591984158415841,0.4150450592885376,0.0248
4795,0.21200000000000002,0.11516906946264745,0.5972000000000001,0.12011485148514851,0.0248,0.24807721444542957,0.5819819328323921,0.1048,0.524799603960396,0.2656291284780652,0.012789880093603595
4796,0.74,0.0508,0.7572000000000001,0.044,0.06000000000000001,0.2792513769848733,0.8308494766888679,0.0644,0.5037992079207921,0.298193524048057,0.002
4797,0.0472,0.024,0.5688,0.04717623762376237,0.015599999999999998,0.13323836272393733,0.8622830691754728,0.009600000000000001,0.5905976237623762,0.09559999999999999,0.0008
4798,0.32599999999999996,0.2492,0.6828,0.0432,0.06319999999999999,0.5472782970098896,0.8514831588962892,0.1504,0.45979960396039604,0.4048,0.013600000000000001
4799,0.0068000000000000005,0.014339107611548557,0.46399999999999997,0.0124,0.06520000000000001,0.13363863080684596,0.5976718417729991,0.062,0.3032,0.06120000000000001,0.0
4800,0.5115999999999999,0.05436955380577428,0.6896,0.11034851485148514,0.126,0.20603576130470996,0.7037933396764986,0.31357158596694695,0.4451972277227723,0.2461954400657457,0.0036000000000000003
4801,0.3,0.033569553805774276,0.4692,0.013833663366336632,0.1056,0.2396767254478746,0.2968719314938154,0.16639999999999996,0.46580000000000005,0.31820217088591174,0.007200000000000001
4802,0.328,0.1708,0.8752000000000001,0.11115247524752477,0.09159999999999999,0.2382281602794618,0.7793887725975261,0.14120000000000002,0.531999603960396,0.23079999999999998,0.006794875164257555
4803,0.2712,0.1192,0.584,0.0713148514851485,0.4368,0.20549579635252008,0.6281887725975261,0.15960000000000002,0.4526,0.22698406918952765,0.011174631983186245
4804,0.1964,0.0756,0.7055999999999999,0.038162376237623766,0.19876967213114755,0.122,0.6097117574064896,0.040400000000000005,0.5244,0.14490340547098188,0.016
4805,0.2384,0.2116,0.5744,0.155809900990099,0.1316,0.2106577017114914,0.6207550903901046,0.1252,0.5509996039603962,0.207769504950495,0.0268
4806,0.2944,0.11593813892529488,0.6868000000000001,0.12216237623762374,0.030000000000000006,0.15519907884111106,0.8836540437678402,0.094,0.5991996039603961,0.1684278511329394,0.005200000000000001
4807,0.292,0.244,0.6548,0.1383049504950495,0.1012,0.24509677434763008,0.5353438629876308,0.16,0.557599603960396,0.20290468281610768,0.033600000000000005
4808,0.6012000000000001,0.22279999999999997,0.9363999999999999,0.07620990099009901,0.1908,0.27589704243053875,0.9164943862987631,0.1232,0.6653988118811881,0.2273192470551403,0.006
4809,0.34559999999999996,0.20516906946264743,0.592,0.13825346534653465,0.1092,0.26201332951210704,0.8499550903901045,0.2928,0.4327996039603961,0.5002735490940399,0.009189748644375861
4810,0.0132,0.0116,0.7712000000000001,0.0316,0.005200000000000001,0.09963858363858365,0.7528,0.0204,0.5979996039603961,0.058399999999999994,0.0
4811,0.1316,0.0036000000000000003,0.34840000000000004,0.1125861386138614,0.0216,0.10221929181929182,0.8380000000000001,0.0504,0.2394,0.06274910343208234,0.0035948751642575563
4812,0.3144,0.20759999999999995,0.7608,0.09000000000000001,0.0764,0.19979257070015016,0.8273933396764985,0.1212,0.6603999999999999,0.14479999999999998,0.02
4813,0.312,0.038799999999999994,0.3528,0.0308,0.0512,0.15705770171149144,0.4991999999999999,0.1292,0.38799960396039607,0.4448145642390326,0.0004
4814,0.0472,0.0312,0.4776000000000001,0.04348118811881188,0.0864,0.10287699353078325,0.568,0.0092,0.18079960396039602,0.5857688662779321,0.0004
4815,0.2492,0.1216,0.6679999999999999,0.0873108910891089,0.055200000000000006,0.8814192918192918,0.904094386298763,0.1232,0.5969976237623762,0.32313645521073847,0.009600000000000001
4816,0.22759999999999997,0.016,0.2928,0.013600000000000001,0.12120000000000002,0.2042178843320666,0.7474156150398137,0.164,0.6092000000000001,0.3296,0.2016
4817,0.0028,0.044,0.3732,0.07192871287128713,0.009600000000000001,0.09981929181929182,0.9734831588962892,0.016,0.1452,0.08491733103745157,0.0008
4818,0.2636,0.1248,0.792,0.034067326732673264,0.1752,0.3074189433502774,0.7113663177925785,0.05600000000000001,0.6935960396039604,0.11347163307635111,0.027600000000000003
4819,0.342,0.06999999999999999,0.6712,0.07128712871287128,0.21719999999999998,0.2708388517214923,0.5834831588962893,0.045200000000000004,0.5184,0.3543231683168317,0.007179889952295676
4820,0.055200000000000006,0.26480000000000004,0.706,0.025528712871287128,0.1464,0.1716767254478746,0.6063775451950523,0.014000000000000002,0.3392,0.6563999999999999,0.002
4821,0.0012000000000000001,0.0008,0.1652,0.006352475247524752,0.011200000000000002,0.054400000000000004,0.9391999999999999,0.0,0.25759999999999994,0.07521264822134388,0.0016
4822,0.2528,0.3932,0.8144,0.09865742574257427,0.06959999999999998,0.5031074450357867,0.7623388513004405,0.11997158596694693,0.609598811881188,0.3737954400657457,0.009600000000000001
4823,0.25880000000000003,0.2532,0.7544000000000001,0.040400000000000005,0.10880000000000001,0.2870578754578755,0.7825887725975262,0.2,0.43920000000000003,0.3008,0.014395004929346042
4824,0.33120000000000005,0.1016,0.6836,0.03912871287128712,0.1484,0.3084,0.9073887725975261,0.23399999999999999,0.556,0.3871358165381755,0.019579888268156424
4825,0.0108,0.0892,0.44480000000000003,0.0728,0.0472,0.11981929181929182,0.7848,0.0056,0.2212,0.058800000000000005,0.004000000000000001
4826,0.20600000000000002,0.14710866141732284,0.6971999999999999,0.02917623762376238,0.0344,0.17047748252833828,0.7606607040913416,0.1396,0.4532,0.3512907572496381,0.0016
4827,0.242,0.0964,0.5591999999999999,0.04757623762376238,0.1508,0.0064,0.845154910948472,0.1052,0.5234000000000001,0.17224633663366334,0.0268
4828,0.28759999999999997,0.1248,0.6372,0.10723960396039604,0.08320000000000001,0.7572779715258933,0.8910831588962893,0.166,0.5665988118811881,0.3523364552107385,0.008
4829,0.3396,0.09240000000000001,0.6504,0.0384,0.0688,0.2535602297888375,0.7272719314938153,0.05960000000000001,0.34619999999999995,0.122,0.0068000000000000005
4830,0.66,0.0124,0.4596,0.0108,0.0484,0.08465814354078413,0.7756719314938155,0.0524,0.39680000000000004,0.2516,0.0
4831,0.28040000000000004,0.1224,0.4796,0.09425346534653464,0.12,0.06200000000000001,0.8175818431115758,0.0596,0.5855972277227723,0.31899544006574565,0.009600000000000001
4832,0.256,0.10839999999999998,0.5883999999999999,0.04917623762376237,0.1264,0.0312,0.8450382492863939,0.1328,0.555999207920792,0.1416145642390326,0.018
4833,0.34400000000000003,0.6143695538057743,0.7584,0.0751049504950495,0.0924,0.32808942445763956,0.7518606143705253,0.1784,0.3405992079207921,0.5038456979611005,0.01398974696023661
4834,0.21280000000000002,0.2052,0.7508000000000001,0.0744,0.1836,0.2440115944365333,0.5214731492368305,0.1264,0.6279999999999999,0.14872252964426877,0.013589880093603596
4835,0.4184,0.258,0.8431999999999998,0.03303366336633663,0.08679999999999999,0.42281671738295507,0.623038249286394,0.2028,0.5721972277227723,0.41844786884701224,0.0068000000000000005
4836,0.0316,0.038,0.5408000000000001,0.03359603960396039,0.1452,0.22909633251833741,0.2912,0.0124,0.8700000000000001,0.06761328689390679,0.00559500492934604
4837,0.13240000000000002,0.015599999999999998,0.6836,0.031362376237623765,0.0892,0.10599999999999998,0.9244,0.0728,0.10899960396039605,0.09778343051696474,0.0028
4838,0.2024,0.0256,0.4232,0.010752475247524753,0.0484,0.07083836272393731,0.935788772597526,0.10840000000000001,0.5363996039603961,0.15124113802684616,0.009974893197502466
4839,0.0,0.011199999999999998,0.5328,0.07938613861386137,0.014000000000000002,0.07621907090464548,0.7900942965779467,0.0,0.312,0.06496758893280632,0.0012000000000000001
4840,0.008,0.0332,0.4524,0.0999009900990099,0.0008,0.1136383627239373,0.8444,0.0076,0.2156,0.04410404414354479,0.0024000000000000002
4841,0.5528000000000001,0.0124,0.2964,0.07908118811881187,0.0524,0.1742574336285828,0.8208943862987631,0.08760000000000001,0.47159801980198013,0.1550716330763511,0.0008
4842,0.3056,0.1264,0.5700000000000001,0.010681188118811882,0.0504,0.10385765454322911,0.6004943862987631,0.1456,0.39580000000000004,0.5344284898055023,0.0
4843,0.6748000000000001,0.1256,0.7128,0.0128,0.0452,0.21197376787841335,0.5690877259752618,0.5299999999999999,0.5328,0.41376758893280635,0.0008
4844,0.17919999999999997,0.0012000000000000001,0.3844,0.020399999999999998,0.010400000000000001,0.0688,0.942,0.0028,0.238,0.24632252964426876,0.0008
4845,0.1692,0.20113910761154857,0.4056,0.02992871287128713,0.09280000000000001,0.33193508990330506,0.8151320075394428,0.1348,0.4733992079207921,0.09759999999999999,0.0032
4846,0.076,0.038,0.6140000000000001,0.046799999999999994,0.033600000000000005,0.24021929181929186,0.814094386298763,0.0024000000000000002,0.389999603960396,0.1244,0.002
4847,0.1376,0.0756,0.6656000000000001,0.07540594059405939,0.0456,0.1322190709046455,0.6580943862987632,0.11359999999999999,0.4449972277227722,0.233278265565687,0.009600000000000001
4848,0.09559999999999999,0.08674341463414634,0.9544,0.041881188118811884,0.0744,0.2002577017114915,0.9423550903901047,0.024,0.9164,0.03704633663366337,0.0064
4849,0.30760000000000004,0.21076955380577425,0.6355999999999999,0.09126732673267325,0.1216,0.0536,0.7584313198004435,0.0836,0.6081968316831683,0.29921520291159553,0.033194873480118306
4850,0.254,0.11507821522309711,0.6264,0.04190495049504951,0.09319999999999999,0.1658195599022005,0.9058831588962892,0.0924,0.37639999999999996,0.21824505928853752,0.04514427057985778
4851,0.276,0.038369553805774274,0.5856,0.018,0.0616,0.17495540688596922,0.898,0.064,0.37359960396039604,0.2704,0.00399500492934604
4852,0.2056,0.053569069462647445,0.6128,0.0164,0.09320000000000002,0.18960000000000002,0.6920943862987631,0.0108,0.39039999999999997,0.23456822760536924,0.0004
4853,0.0196,0.06399999999999999,0.41439999999999994,0.014400000000000001,0.0164,0.12127748252833828,0.7610877259752616,0.0216,0.43699960396039605,0.096,0.008400000000000001
4854,0.1048,0.018369553805774277,0.5936,0.029714851485148512,0.007600000000000001,0.1348772144454296,0.9333887725975263,0.02,0.5857996039603961,0.06233709388330137,0.0028
4855,0.064,0.0876,0.7071999999999999,0.10016237623762377,0.068,0.11440000000000002,0.9052942965779469,0.0412,0.580399603960396,0.033767588932806326,0.0008
4856,0.0472,0.08680000000000002,0.6287999999999999,0.0528,0.004400000000000001,0.0872,0.9803999999999998,0.0048000000000000004,0.08720000000000001,0.8116,0.0048000000000000004
4857,0.1396,0.11599999999999999,0.4136,0.031576237623762375,0.020399999999999998,0.11651394609827659,0.8336943862987629,0.184,0.5725988118811881,0.2714450592885375,0.0012000000000000001
4858,0.268,0.19950866141732285,0.7208,0.05035247524752475,0.132,0.2188767254478746,0.7030607040913417,0.19640000000000002,0.6381980198019802,0.3113040441435448,0.030764774975245313
4859,0.1156,0.01954341463414634,0.9468,0.026138613861386134,0.0504,0.2792128876828143,0.4513662280717622,0.0328,0.9380000000000001,0.0424,0.0012000000000000001
4860,0.2464,0.17160000000000003,0.5568000000000001,0.06275247524752475,0.13999999999999999,0.2607221324785901,0.5345887725975261,0.08,0.2758,0.29515711159737423,0.006
4861,0.027600000000000003,0.064,0.8288,0.046,0.0736,0.13763863080684596,0.6425438629876308,0.0204,0.628799603960396,0.28600000000000003,0.003994875164257556
4862,0.0856,0.044000000000000004,0.48599999999999993,0.015976237623762372,0.07680000000000001,0.0372,0.9544,0.1092,0.11839999999999999,0.3035225296442688,0.008779889952295675
4863,0.0068000000000000005,0.006000000000000001,0.9583999999999999,0.0032,0.0588,0.24221955990220048,0.5180269321631038,0.006,0.11300000000000002,0.10272252964426878,0.0016
4864,0.1056,0.03956955380577428,0.626,0.06557623762376238,0.056799999999999996,0.20167716727716725,0.7472719314938154,0.059199999999999996,0.39499920792079213,0.10721264822134388,0.013954392170393437
4865,0.2576,0.02,0.6524000000000001,0.11626534653465344,0.022000000000000002,0.09065743362858278,0.7407821122740248,0.11280000000000001,0.5775980198019802,0.36929410714984534,0.004
4866,0.1308,0.029200000000000004,0.3332,0.020376237623762374,0.040799999999999996,0.2253539398933042,0.2792,0.0988,0.36999960396039605,0.40520000000000006,0.0
4867,0.0948,0.08199999999999999,0.5372,0.04023366336633663,0.06160000000000001,0.22807721444542964,0.6823775451950523,0.04440000000000001,0.5109980198019801,0.2687662223613666,0.0088
4868,0.17240000000000003,0.13440000000000002,0.7684,0.3187287128712871,0.028800000000000003,0.22174164788174705,0.7654074215033304,0.18080000000000002,0.735,0.13184569796110043,0.021599999999999998
4869,0.2644,0.004399999999999999,0.6244,0.0248,0.018,0.0312,0.9931999999999999,0.007999999999999998,0.1736,0.2016,0.0028
4870,0.36400000000000005,0.017599999999999998,0.4968,0.04037623762376237,0.0124,0.11999934959323848,0.8153887725975262,0.0656,0.4904,0.13599999999999998,0.0104
4871,0.22920000000000001,0.0244,0.7219999999999999,0.05877623762376236,0.0528,0.23221907090464544,0.9395999999999999,0.0424,0.5055999999999999,0.06872252964426877,0.0012000000000000001
4872,0.22160000000000002,0.11200000000000002,0.722,0.06712871287128713,0.10076967213114754,0.9447280419023143,0.7048087752746796,0.0416,0.6499984158415841,0.21984569796110046,0.0088
4873,0.6708000000000001,0.14553910761154856,0.9628,0.0004,0.094,0.3933950628561876,0.9972000000000001,0.2244,0.5115999999999999,0.41600000000000004,0.014800000000000002
4874,0.1132,0.0084,0.3892,0.017976237623762374,0.008,0.08741929181929183,0.9216,0.055600000000000004,0.2964,0.1902583461824443,0.0052
4875,0.34920000000000007,0.2364,0.7584,0.05769108910891089,0.033600000000000005,0.3446698323138421,0.8555550903901045,0.24359999999999998,0.5777996039603961,0.4721046828161077,0.027999999999999997
4876,0.08719999999999999,0.021599999999999998,0.5812,0.009976237623762376,0.0016,0.05603836272393729,0.9868,0.1392,0.1716,0.018400000000000003,0.0008
4877,0.5724,0.0236,0.5336000000000001,0.0076,0.17,0.15905792262613777,0.6403775451950523,0.14840000000000003,0.3536,0.4401682276053693,0.005984885022949636
4878,0.17,0.2468,0.7212,0.05931485148514852,0.0368,0.10615491788841422,0.8177886828767098,0.22480000000000003,0.6058000000000001,0.2336145642390326,0.013999999999999999
4879,0.2452,0.2052,0.7327999999999999,0.05515247524752474,0.07680000000000001,0.4813025725763896,0.8729663177925785,0.18800000000000003,0.5396000000000001,0.326890757249638,0.0108
4880,0.09119999999999999,0.12399999999999997,0.5532,0.09999999999999999,0.029200000000000004,0.1566190709046455,0.939294386298763,0.0316,0.20979960396039604,0.22000000000000003,0.013999999999999999
4881,0.2452,0.08639999999999999,0.5868000000000001,0.028399999999999998,0.08680000000000002,0.21552164348103506,0.048377545195052336,0.10759999999999999,0.7344,0.1860913959222009,0.0024000000000000002
4882,0.2492,0.14040000000000002,0.42799999999999994,0.0608,0.0672,0.17825814354078412,0.6765214081826832,0.1476,0.3832,0.3383231683168317,0.20639487348011828
4883,0.6348,0.17144776902887143,0.6304,0.06656237623762376,0.1668,0.3999367552369782,0.25769438629876307,0.19840000000000002,0.4984,0.3981053214886706,0.0076
4884,0.0928,0.07156906946264745,0.5923999999999999,0.0372,0.1412,0.19811557716936687,0.5828718417729991,0.0412,0.5016,0.22879999999999998,0.0028
4885,0.11000000000000001,0.008769069462647446,0.4464,0.05498613861386138,0.0696,0.11563836272393732,0.7280000000000001,0.024399999999999998,0.2528,0.27896950495049505,0.0008
4886,0.0212,0.005200000000000001,0.4508,0.02148118811881188,0.013600000000000001,0.16995685895196894,0.798,0.0192,0.3806,0.0256,0.0
4887,0.36,0.11599999999999999,0.5848,0.0172,0.007600000000000001,0.2171346480740124,0.8553887725975262,0.1224,0.21879999999999997,0.4747231683168317,0.011195004929346039
4888,0.28200000000000003,0.134,0.5332,0.040633663366336635,0.1492,0.2717930596977052,0.7078831588962892,0.1,0.538999207920792,0.2862596235275702,0.06999999999999999
4889,0.0456,0.0068000000000000005,0.354,0.038,0.0348,0.10345792262613777,0.29698877259752615,0.0548,0.2024,0.0692,0.0012000000000000001
4890,0.27280000000000004,0.24830866141732283,0.8460000000000001,0.03206732673267326,0.0344,0.4006656373238281,0.8121438629876307,0.17479999999999998,0.4965964356435643,0.35379544006574576,0.01519500492934604
4891,0.5852,0.0332,0.5688,0.021199999999999997,0.2691696721311475,0.23810279616025473,0.6081663177925785,0.06760000000000001,0.4556000000000001,0.22010276679841895,0.006
4892,0.011600000000000001,0.08120000000000001,0.544,0.022399999999999996,0.0064,0.1565546969737679,0.6536,0.0484,0.6287984158415842,0.11936758893280633,0.005600000000000001
4893,0.2792,0.26280000000000003,0.9343999999999999,0.015152475247524754,0.1652,0.288799078841111,0.4929662280717622,0.22359999999999997,0.4729996039603961,0.28624505928853755,0.0108
4894,0.1592,0.0816,0.7172000000000001,0.01355247524752475,0.0696,0.3188388517214923,0.6799594780274445,0.0456,0.5087999999999999,0.18919999999999998,0.009995004929346041
4895,0.16960000000000003,0.0372,0.31920000000000004,0.013176237623762377,0.08879999999999999,0.11065743362858275,0.7135999999999999,0.0124,0.302199603960396,0.35204369271709773,0.0
4896,0.10200000000000001,0.14307724653684345,0.51,0.11830099009900989,0.11839999999999999,0.22455447605912154,0.16298877259752617,0.0864,0.5846,0.19912252964426877,0.0172
4897,0.1068,0.0804,0.34080000000000005,0.13371485148514853,0.08520000000000001,0.14589623818181274,0.9188494766888677,0.0424,0.5253984158415841,0.3033682276053692,0.03994413576235154
4898,0.29639999999999994,0.08516955380577429,0.5396,0.06293861386138613,0.0884,0.1784,0.7636000000000001,0.3056,0.530799207920792,0.2092284898055023,0.002
4899,0.08399999999999999,0.08480000000000001,0.8140000000000001,0.003176237623762376,0.27240000000000003,0.2530584116236928,0.9588000000000001,0.013999999999999999,0.6263992079207921,0.07136886627793212,0.0004
4900,0.1236,0.16440000000000002,0.6639999999999999,0.05660990099009901,0.0676,0.13259252353188783,0.9056000000000001,0.0484,0.3353984158415842,0.21089011857707513,0.013999999999999999
4901,0.23759999999999998,0.2432,0.712,0.0311049504950495,0.05720000000000001,0.21225867970660145,0.7396493869680515,0.1248,0.5252,0.3627225296442688,0.005599999999999999
4902,0.0348,0.044000000000000004,0.5736,0.022376237623762375,0.049600000000000005,0.25127694636252096,0.6429663177925786,0.0156,0.5124000000000001,0.0496,0.0
4903,0.606,0.0356,0.36760000000000004,0.009928712871287129,0.0536,0.19553535798621374,0.6604,0.3336,0.2825992079207921,0.44848036003600367,0.0056
4904,0.0732,0.03787821522309711,0.8948,0.0488,0.08600000000000001,0.2821541608079505,0.3856717520521828,0.058800000000000005,0.8976,0.0788,0.0016
4905,0.3276,0.0612,0.5944,0.014799999999999999,0.0692,0.19255464980550557,0.8325887725975262,0.1544,0.5054000000000001,0.3271225296442688,0.0627847535737219
4906,0.2736,0.022400000000000003,0.732,0.004,0.058800000000000005,0.1889027961602547,0.9136,0.06160000000000001,0.4152,0.09280000000000001,0.0004
4907,0.0188,0.01876955380577428,0.492,0.016304950495049503,0.0616,0.30269601726716644,0.5736943862987631,0.0496,0.3503996039603961,0.4830596235275701,0.0
4908,0.0772,0.1259695538057743,0.4196,0.061386138613861385,0.055200000000000006,0.21469399153504573,0.5814196442840635,0.0648,0.4127968316831684,0.14235038077720816,0.0012000000000000001
4909,0.07399999999999998,0.1312,0.6976,0.05463366336633663,0.13,0.898,0.4755717437313007,0.08360000000000001,0.39440000000000003,0.0932,0.011600000000000001
4910,0.3668,0.25,0.6636,0.042352475247524744,0.027199999999999995,0.10873486898865872,0.8636000000000001,0.17160000000000003,0.3853992079207921,0.3286463366336634,0.02919500492934604
4911,0.2448,0.0628,0.7436,0.033600000000000005,0.0016,0.059019291819291816,0.9672000000000001,0.076,0.37960000000000005,0.166,0.002
4912,0.1604,0.1792,0.8256,0.012233663366336633,0.1432,0.16801089686150947,0.6702607040913416,0.047599999999999996,0.408199603960396,0.48704505928853753,0.018399999999999996
4913,0.2632,0.12,0.748,0.056376237623762385,0.1428,0.8603350373614427,0.6144847355225695,0.14040000000000002,0.543199207920792,0.24992252964426878,0.016399999999999998
4914,0.23200000000000004,0.131816354148392,0.6128,0.06475247524752474,0.0748,0.19425814354078413,0.7164538643262075,0.14040000000000002,0.5700000000000001,0.24264569796110047,0.038795004929346046
4915,0.3204,0.15639999999999998,0.6208,0.09761980198019801,0.1024,0.32393535798621376,0.9176943862987631,0.07640000000000001,0.6673980198019802,0.1589350886392987,0.0036000000000000003
4916,0.046799999999999994,0.0748,0.662,0.042800000000000005,0.0424,0.0736,0.9424719314938154,0.005599999999999999,0.5451999999999999,0.13879999999999998,0.01679500492934604
4917,0.016,0.040400000000000005,0.6103999999999999,0.0324,0.044,0.2138153177439241,0.6260943862987631,0.014400000000000001,0.43400000000000005,0.042,0.008
4918,0.0144,0.0004,0.6504,0.006,0.0232,0.07705743362858278,0.8188000000000001,0.0032,0.1266,0.003922529644268776,0.0
4919,0.7691999999999999,0.0656,0.5892,0.09048712871287126,0.1036,0.19193491615692104,0.8182382492863939,0.19039999999999999,0.5793980198019801,0.2345179697100145,0.037169638596671536
4920,0.492,0.04633910761154856,0.4692,0.014776237623762378,0.029599999999999998,0.08323836272393731,0.8537887725975262,0.18039999999999998,0.4003996039603961,0.22032316831683169,0.0008
4921,0.2,0.2215695538057743,0.55,0.22075247524752478,0.21200000000000002,0.26749655343298373,0.8116045670789724,0.16640000000000002,0.5774,0.14344569796110046,0.0056
4922,0.33199999999999996,0.21359999999999996,0.7535999999999999,0.025976237623762378,0.05,0.1707600533732347,0.510494386298763,0.1812,0.6593996039603961,0.3999225296442688,0.049139278877482324
4923,0.028399999999999998,0.027200000000000002,0.2008,0.10138613861386139,0.052000000000000005,0.1818972633451851,0.565393160234866,0.016400000000000005,0.12840000000000001,0.0496,0.0008
4924,0.2084,0.0548,0.5208,0.0116,0.0708,0.07505792262613778,0.8188000000000001,0.1096,0.23040000000000002,0.55,0.008379628737979457
4925,0.0904,0.044,0.6768000000000001,0.14641584158415838,0.08680000000000002,0.19967748252833828,0.7199775451950523,0.0668,0.6289912871287128,0.19463162524948147,0.0044
4926,0.6228,0.034800000000000005,0.5267999999999999,0.0632,0.08280000000000001,0.1456,0.8084,0.29159999999999997,0.26139999999999997,0.38432316831683166,0.0004
4927,0.0076,0.0412,0.512,0.0036000000000000003,0.0004,0.12203836272393728,0.7228,0.0008,0.1704,0.09952252964426878,0.0004
4928,0.0476,0.05,0.5568,0.038376237623762376,0.0128,0.1374576545432291,0.8956,0.0312,0.38099960396039606,0.1136,0.0068000000000000005
4929,0.2052,0.0376,0.44560000000000005,0.08223366336633663,0.10236967213114753,0.26905744596576026,0.7221886828767099,0.064,0.3222,0.19319999999999998,0.01
4930,0.2992,0.1068,0.6779999999999999,0.09015841584158416,0.0508,0.8468,0.8192,0.128,0.6111992079207921,0.25384505928853757,0.0108
4931,0.2284,0.15839999999999999,0.8172,0.05545742574257425,0.1252,0.3081413797988384,0.6442829794546567,0.17120000000000002,0.4464,0.2112139255664697,0.029589878409464344
4932,0.0216,0.029599999999999998,0.26199999999999996,0.02272871287128713,0.005200000000000001,0.08661929181929182,0.9244,0.0092,0.19,0.12913581653817557,0.0016
4933,0.1972,0.0836,0.4568,0.009386138613861386,0.14079999999999998,0.20301890949543897,0.7317478922318805,0.09040000000000001,0.5783992079207921,0.2904,0.0132
4934,0.0264,0.06916955380577428,0.6816,0.06435247524752476,0.0132,0.1228132823438447,0.8960000000000001,0.0284,0.713,0.0468,0.0039898800936035966
4935,0.45519999999999994,0.1272,0.3956,0.716,0.10800000000000001,0.11639999999999999,0.8495999999999999,0.08919999999999999,0.42279999999999995,0.1984,0.2292
4936,0.18719999999999998,0.09240000000000001,0.6971999999999998,0.0876,0.0196,0.19011562433762924,0.8063550903901048,0.1248,0.6,0.22959999999999997,0.0023897503285151118
4937,0.2912,0.08033910761154855,0.5224,0.062233663366336636,0.0931842385516507,0.12665721271393643,0.9436,0.1016,0.5967999999999999,0.25856886627793213,0.00319500492934604
4938,0.0376,0.027600000000000003,0.5443999999999999,0.02357623762376238,0.07800000000000001,0.09927694636252095,0.5748,0.0144,0.17739960396039606,0.26056886627793213,0.002
4939,0.4084,0.23476955380577427,0.6624000000000001,0.04644356435643564,0.060720996441281136,0.43739067919312424,0.7981887725975263,0.1656,0.48459524752475247,0.326842415371972,0.025195004929346045
4940,0.19760000000000003,0.13040000000000002,0.6500000000000001,0.06988118811881187,0.0528,0.16381935132473163,0.8320943862987631,0.096,0.4194,0.2678450592885376,0.03198488333881038
4941,0.1436,0.10436955380577428,0.6639999999999999,0.02157623762376238,0.11679999999999999,0.14192235606245523,0.8149885931558936,0.052000000000000005,0.4571980198019802,0.2457960787383086,0.0016
4942,0.48439999999999994,0.27480000000000004,0.6264000000000001,0.0164,0.09036967213114754,0.1328,0.8545887725975261,0.16560000000000002,0.16820000000000002,0.35376886627793214,0.008799999999999999
4943,0.2888,0.11480000000000001,0.7667999999999999,0.08658613861386139,0.0708,0.1338835043409629,0.5432,0.0196,0.4003996039603961,0.3227231683168316,0.008400000000000001
4944,0.1628,0.2204,0.7856,0.0548,0.028399999999999998,0.23429672717936775,0.7935550006692884,0.019999999999999997,0.5304,0.29080000000000006,0.026000000000000002
4945,0.08520000000000001,0.10753910761154857,0.9559999999999998,0.01691089108910891,0.0492,0.15083858363858366,0.5243549109484721,0.064,0.4599996039603961,0.048799999999999996,0.007200000000000001
4946,0.3008,0.0892,0.7068000000000001,0.10880000000000001,0.033600000000000005,0.21745814354078413,0.6573663177925785,0.122,0.6729999999999999,0.2088,0.009994875164257556
4947,0.024,0.0944,0.6024,0.025528712871287128,0.0048000000000000004,0.19083858363858364,0.9643999999999998,0.0204,0.2986,0.1160139255664697,0.0108
4948,0.1056,0.1296,0.5612,0.013600000000000001,0.024,0.1684772144454296,0.796,0.0776,0.6223988118811881,0.17073517786561265,0.005599999999999999
4949,0.4484,0.046,0.6964,0.053081188118811885,0.0968,0.2095595295445949,0.9228000000000002,0.05920000000000001,0.7323992079207922,0.07784505928853755,0.0108
4950,0.5216000000000001,0.0132,0.3324,0.021033663366336632,0.1516,0.1754960172671664,0.4722831588962892,0.2504,0.30920000000000003,0.47792252964426873,0.0036000000000000003
4951,0.2532,0.0232,0.7124,0.01588118811881188,0.027200000000000002,0.12563863080684595,0.9751999999999998,0.1424,0.6601984158415841,0.14404113802684618,0.019999999999999997
4952,0.2924,0.09359999999999999,0.5032,0.15799603960396036,0.076,0.326438141809291,0.7515775451950523,0.0656,0.536799603960396,0.10018151449927601,0.0032
4953,0.2612,0.13156955380577426,0.6924,0.0024000000000000002,0.01,0.14473460090575005,0.8892943862987632,0.0832,0.5579999999999999,0.36479999999999996,0.0116
4954,0.7864,0.1176,0.8112,0.02268118811881188,0.07914361904761905,0.10753437999110371,0.9875999999999999,0.0728,0.7369992079207922,0.2293218017453919,0.005995004929346039
4955,0.0504,0.013599999999999998,0.9831999999999999,0.026681188118811882,0.03560000000000001,0.2250574336285828,0.5416042081957072,0.034800000000000005,0.8966000000000001,0.03818406918952765,0.0
4956,0.16160000000000002,0.010769553805774278,0.5280000000000001,0.007904950495049506,0.1008,0.3103476623349484,0.9568943862987631,0.0804,0.5147976237623763,0.3511246021993504,0.012
4957,0.0036000000000000003,0.005200000000000001,0.43360000000000004,0.05391252080960309,0.02,0.09461929181929182,0.8332,0.26320000000000005,0.4788,0.027200000000000002,0.0
4958,0.2068,0.0996,0.6948000000000001,0.09159207920792078,0.0188,0.33785678055260243,0.7654607040913417,0.122,0.409199603960396,0.214672271748914,0.028399999999999998
4959,0.0376,0.0024000000000000002,0.692,0.046,0.0524,0.1016,0.974,0.04240000000000001,0.24640000000000004,0.10119999999999998,0.002
4960,0.324,0.053200000000000004,0.4968,0.013504950495049503,0.022799999999999997,0.0428383627239373,0.7847999999999999,0.1872,0.2844,0.4711225296442688,0.0012000000000000001
4961,0.2064,0.09076955380577428,0.7472000000000001,0.09345742574257425,0.1044,0.24527672544787457,0.864094386298763,0.012,0.5113976237623763,0.07064633663366338,0.0004
4962,0.2192,0.118,0.6724,0.026257425742574253,0.1375696721311475,0.4516000000000001,0.6196669375174106,0.058399999999999994,0.601,0.15865834618244432,0.009600000000000001
4963,0.0872,0.012,0.5364000000000001,0.1390257425742574,0.11040000000000001,0.1276,0.7275550903901047,0.0164,0.4333988118811882,0.25632316831683166,0.002394873480118304
4964,0.11199999999999999,0.1675695538057743,0.7928000000000001,0.05397623762376238,0.16399999999999998,0.08823044442653245,0.7226157944814463,0.0528,0.7061980198019802,0.12504505928853754,0.01
4965,0.3984,0.10516906946264744,0.7051999999999999,0.12460594059405941,0.036,0.13923858363858363,0.921294386298763,0.1348,0.4119992079207921,0.4015522967948969,0.004389880093603596
4966,0.012799999999999997,0.0,0.3984,0.03877623762376238,0.011199999999999998,0.055200000000000006,0.9536,0.0004,0.2116,0.0944,0.0028
4967,0.1572,0.2028,0.7044,0.07388118811881188,0.0216,0.07701929181929182,0.8128494766888679,0.17839999999999998,0.6281999999999999,0.21119999999999997,0.022769377382355314
4968,0.2716,0.23876955380577428,0.8112,0.0252,0.0728,0.07997252180039467,0.4880943862987631,0.07959999999999999,0.301399603960396,0.4748913959222009,0.004
4969,0.17840000000000003,0.11240000000000001,0.6192,0.0484,0.0236,0.29265792262613777,0.8638157944814463,0.1452,0.5947992079207921,0.12832252964426877,0.0084
4970,0.057199999999999994,0.028000000000000004,0.508,0.026962376237623757,0.09119999999999999,0.36400000000000005,0.6303323664227081,0.0428,0.13240000000000002,0.06520000000000001,0.00199500492934604
4971,0.3188,0.0484,0.3776,0.028728712871287126,0.05840000000000001,0.13593584698376876,0.9580943862987631,0.3372,0.333999603960396,0.2684,0.24234939878387868
4972,0.01,0.738,0.9843999999999999,0.05519603960396039,0.15552099644128115,0.5205544288908592,0.5270727903535651,0.0052,0.9364000000000001,0.008,0.0048000000000000004
4973,0.39879999999999993,0.1628,0.7112,0.09395247524752474,0.07959999999999999,0.23789677434763007,0.6262382492863938,0.1612,0.5234000000000001,0.2788,0.011600000000000001
4974,0.3212,0.1096,0.7292000000000001,0.011176237623762377,0.0248,0.18349655343298377,0.7070831588962893,0.0988,0.520199603960396,0.3557682276053692,0.0084
4975,0.39959999999999996,0.0432,0.6039999999999999,0.026681188118811882,0.0732,0.23242206179468963,0.8325663177925785,0.07397158596694695,0.4813980198019802,0.4611026775721051,0.0036000000000000003
4976,0.4064,0.18276955380577428,0.7532,0.08851485148514851,0.05920000000000001,0.17389650626472145,0.9036000000000002,0.06720000000000001,0.6113968316831684,0.4199655836888036,0.0108
4977,0.6584000000000001,0.09156955380577428,0.4128,0.10837623762376239,0.0752,0.22251464634251922,0.5520943862987631,0.33120000000000005,0.6245988118811882,0.18696758893280632,0.0064
4978,0.057999999999999996,0.33920000000000006,0.8648,0.06004356435643564,0.055200000000000006,0.17803858363858366,0.807294386298763,0.3828,0.5402,0.4350456979611005,0.0024000000000000002
4979,0.4064,0.3364,0.7692,0.0955049504950495,0.11920000000000001,0.3413162870815683,0.6563550006692884,0.0728,0.842,0.1416,0.011600000000000001
4980,0.2164,0.11839999999999999,0.6644000000000001,0.04613861386138614,0.1236,0.18208951879416427,0.6810607040913416,0.1348,0.5969996039603961,0.21986153954525886,0.008400000000000001
4981,0.2012,0.2535695538057743,0.836,0.06698613861386138,0.09752099644128114,0.44215540688596927,0.3287773657534197,0.2156,0.3389972277227723,0.48604241537197196,0.03236937738235532
4982,0.1196,0.09440000000000001,0.7148,0.15244356435643563,0.08360000000000001,0.26491508817181186,0.9085887725975261,0.1196,0.4709984158415842,0.1505386260966502,0.0004
4983,0.008,0.11393862326842172,0.6188,0.06997623762376237,0.007200000000000001,0.2986579226261378,0.9648,0.0012000000000000001,0.28440000000000004,0.028000000000000004,0.0036000000000000003
4984,0.2716,0.036,0.4968,0.06799999999999999,0.022,0.11851557716936689,0.8263775451950522,0.14440000000000003,0.3828,0.35440000000000005,0.0068000000000000005
4985,0.0756,0.15760000000000002,0.7827999999999999,0.0516,0.0616,0.0702584116236928,0.9196,0.029199999999999997,0.49640000000000006,0.19440000000000002,0.01
4986,0.0488,0.0468,0.6856,0.008,0.0432,0.06745792262613778,0.9441887725975262,0.0116,0.29519999999999996,0.292,0.0024000000000000002
4987,0.11320000000000001,0.0912,0.608,0.07752475247524752,0.07880000000000001,0.43479160904372555,0.42449438629876307,0.0512,0.22499326732673267,0.6978673189058036,0.0036000000000000003
4988,0.0764,0.06520000000000001,0.8612,0.07903366336633662,0.1248,0.25536678509806066,0.8075999999999999,0.0416,0.6093984158415842,0.07858279184440184,0.004399999999999999
4989,0.0196,0.05120000000000001,0.588,0.040776237623762375,0.0116,0.0692,0.9788,0.0048000000000000004,0.2952,0.16160000000000002,0.0048000000000000004
4990,0.15760000000000002,0.1218477690288714,0.7135999999999999,0.24425742574257425,0.012,0.2719098357768284,0.5664,0.1312,0.4347992079207921,0.1733973560834344,0.006
4991,0.1872,0.1696,0.5396000000000001,0.10505742574257423,0.0408,0.09571579808401325,0.8564943862987631,0.0844,0.4328,0.43479999999999996,0.017179889952295673
4992,0.0784,0.262,0.5068,0.07717623762376237,0.28440000000000004,0.2749023881858005,0.5005214081826832,0.0512,0.654799207920792,0.1644278511329394,0.005595004929346041
4993,0.4104,0.0388,0.37960000000000005,0.07517623762376238,0.12036967213114753,0.37239885792646465,0.7524045670789724,0.11079999999999998,0.45159960396039606,0.1297186083825774,0.0032
4994,0.092,0.05316955380577428,0.732,0.027904950495049506,0.030800000000000004,0.11301929181929182,0.6832,0.06720000000000001,0.3731996039603961,0.0928901185770751,0.011549397099739477
4995,0.4692,0.3327695538057743,0.7512000000000001,0.02988118811881188,0.04,0.7549224577650004,0.7998831588962891,0.2352,0.43979762376237624,0.40644241537197195,0.0172
4996,0.0448,0.09559999999999999,0.5052,0.07225742574257425,0.004399999999999999,0.12381929181929181,0.8379775451950522,0.0804,0.39479881188118815,0.1040901185770751,0.0004
4997,0.2972,0.15913813892529488,0.5156000000000001,0.05978613861386138,0.0268,0.10891508817181188,0.8217214081826831,0.08920000000000002,0.5635996039603961,0.3938450592885375,0.0852
4998,0.0536,0.10356955380577429,0.5912000000000001,0.07308118811881188,0.06520000000000001,0.16683885172149232,0.6660718417729992,0.0744,0.3422,0.118,0.0084
4999,0.11320000000000001,0.1316,0.6948,0.005128712871287129,0.0596,0.18,0.7953662280717622,0.0548,0.4922000000000001,0.4800126482213439,0.04078488333881038
5000,0.398,0.10513910761154854,0.8008,0.05736237623762376,0.0456,0.9704,0.6361885931558935,0.14240000000000003,0.5459972277227723,0.21464505928853753,0.0132
5001,0.1448,0.019999999999999997,0.642,0.035199999999999995,0.0128,0.13814093530032692,0.4728,0.0324,0.4469992079207922,0.05824633663366337,0.0
5002,0.0876,0.0996,0.9575999999999999,0.02957623762376238,0.04506461548890019,0.19928735155725663,0.6128,0.5688000000000001,0.40559960396039607,0.14184569796110047,0.0044
5003,0.0648,0.028399999999999998,0.704,0.02755247524752475,0.027999999999999997,0.08923885172149232,0.8188942965779468,0.0324,0.7586000000000002,0.05744569796110046,0.045599999999999995
5004,0.5184,0.043969553805774275,0.4412,0.020376237623762374,0.1048,0.21859305969770518,0.6570607040913417,0.254,0.3893996039603961,0.4583225296442688,0.00996451039265059
5005,0.027599999999999996,0.09319999999999999,0.5436,0.019904950495049503,0.027200000000000002,0.19643911980440096,0.709110091059393,0.0376,0.22880000000000003,0.11312252964426876,0.0024000000000000002
5006,0.08080000000000001,0.012000000000000002,0.8888000000000001,0.038376237623762376,0.038,0.26673478860255306,0.5176943862987631,0.0716,0.6083999999999999,0.09512252964426877,0.0024000000000000002
5007,0.0484,0.0632,0.324,0.022704950495049503,0.0036000000000000003,0.09145743362858276,0.853694386298763,0.0264,0.22919960396039601,0.4931351778656127,0.0103847535737219
5008,0.35520000000000007,0.0332,0.45920000000000005,0.03960000000000001,0.07680000000000001,0.16629628535007507,0.7459550903901047,0.1288,0.5763999999999999,0.16360000000000002,0.006
5009,0.0876,0.0356,0.7308000000000001,0.041600000000000005,0.028399999999999998,0.1695221351478089,0.9130831588962891,0.0252,0.41900000000000004,0.32296822760536925,0.011979630422118708
5010,0.046000000000000006,0.03424776902887139,0.27399999999999997,0.0104,0.1568,0.1868,0.45360000000000006,0.0308,0.19759999999999997,0.06632252964426878,0.01039500492934604
5011,0.2816,0.12033862326842173,0.8328,0.0256,0.1336,0.13207699353078325,0.8145887725975263,0.09880000000000001,0.48840000000000006,0.2707231683168317,0.0116
5012,0.0216,0.0008,0.6552,0.009576237623762376,0.0004,0.1325408549142212,0.9827999999999999,0.0076,0.217,0.045123168316831684,0.0064
5013,0.28440000000000004,0.2367695538057743,0.7096,0.06743366336633663,0.0984,0.25590800636473005,0.9501887725975262,0.1052,0.2984,0.1264,0.0024000000000000002
5014,0.1248,0.19113910761154856,0.7468,0.02336237623762376,0.11479999999999999,0.2814578754578755,0.44938877259752613,0.1436,0.47619960396039607,0.24072252964426877,0.008799999999999999
5015,0.1648,0.21280000000000002,0.6679999999999999,0.04235247524752476,0.17996967213114756,0.5336383627239372,0.47940533621790593,0.1416,0.4168,0.2663225296442688,0.024
5016,0.4168,0.1592,0.7332,0.08945742574257425,0.05920000000000001,0.23443863080684596,0.954283069175473,0.09400000000000001,0.593599603960396,0.24752252964426877,0.014000000000000002
5017,0.1988,0.058800000000000005,0.7056000000000001,0.13286732673267326,0.0048000000000000004,0.09335442889085921,0.9136000000000001,0.0404,0.567,0.1400139255664697,0.0052
5018,0.052000000000000005,0.12483319263991086,0.8099999999999999,0.021786138613861385,0.0556,0.3180383627239373,0.46237754519505236,0.048,0.32439999999999997,0.07616822760536923,0.0016
5019,0.3344,0.12793862326842173,0.7672,0.030328712871287127,0.027999999999999997,0.10610257524560837,0.8682607040913416,0.1564,0.660999603960396,0.20409267326732677,0.00438001971738416
5020,0.776,0.0548,0.4896000000000001,0.0068000000000000005,0.056799999999999996,0.1305539870615665,0.7315775451950524,0.5688000000000001,0.594,0.1212,0.0036000000000000003
5021,0.2528,0.1392,0.5172000000000001,0.0468,0.0472,0.09268328075709778,0.7474831588962892,0.21359999999999996,0.47519999999999996,0.252,0.05196964028081079
5022,0.3204,0.11080000000000001,0.5892,0.11208712871287127,0.0728,0.7169554068859691,0.8419550903901045,0.1688,0.564799603960396,0.3484907572496381,0.0108
5023,0.082,0.1052,0.6144000000000001,0.03915247524752476,0.0268,0.11905814354078412,0.9328,0.06639999999999999,0.612,0.122,0.0104
5024,0.046,0.011169069462647445,0.6296,0.07348118811881187,0.013600000000000001,0.1206835043409629,0.7412000000000001,0.009600000000000001,0.44320000000000004,0.0908,0.0076
5025,0.188,0.09359999999999999,0.5331999999999999,0.018,0.010400000000000001,0.15294115888419202,0.891294386298763,0.0656,0.511799603960396,0.2016,0.0132
5026,0.2172,0.1748,0.7028,0.055433663366336636,0.11479999999999999,0.16727754203377812,0.7318831588962893,0.1588,0.5784,0.33762976715062804,0.021599999999999998
5027,0.2636,0.053507692731069166,0.5700000000000001,0.041176237623762366,0.04440000000000001,0.10145765454322912,0.7958831588962892,0.1136,0.4524,0.27155711159737417,0.0016
5028,0.3816,0.0768,0.4744,0.038400000000000004,0.06,0.06000000000000001,0.9792,0.176,0.5172,0.3671231683168317,0.010784883338810385
5029,0.046,0.0888,0.5112,0.16625742574257424,0.07039999999999999,0.161199078841111,0.9132943862987632,0.08880000000000002,0.5271996039603961,0.20984569796110045,0.008379627053840205
5030,0.2048,0.06799999999999999,0.7548,0.029976237623762374,0.1684,0.1338192918192918,0.32654368354599816,0.08399999999999999,0.8354000000000001,0.0852,0.006
5031,0.5884,0.0236,0.2344,0.01,0.057199999999999994,0.28214120605245435,0.1367775451950523,0.22719999999999999,0.6613980198019802,0.18784505928853756,0.0028
5032,0.6188,0.3612,0.8867999999999998,0.021128712871287127,0.0664,0.2985160189986596,0.7292719314938154,0.5516,0.07559881188118812,0.05105962352757014,0.002389746960236609
5033,0.0992,0.086,0.76,0.029457425742574254,0.0232,0.4677260607977156,0.37898877259752617,0.040799999999999996,0.5745924752475248,0.3629117395217783,0.021599999999999998
5034,0.27759999999999996,0.1056,0.6075999999999999,0.12237623762376237,0.0984,0.26425770171149143,0.6646472040027062,0.098,0.6493996039603961,0.23816886627793213,0.0068000000000000005
5035,0.0464,0.0508,0.712,0.030728712871287124,0.0172,0.13265743362858276,0.7985438629876309,0.022799999999999997,0.617598811881188,0.20504569796110045,0.008
5036,0.8423999999999999,0.20076955380577427,0.8835999999999998,0.07595247524752477,0.0816,0.21147049505778112,0.7615101807802093,0.028800000000000003,0.8996000000000001,0.03744505928853755,0.0048000000000000004
5037,0.2696,0.40476906946264746,0.6392,0.0216,0.24953934426229507,0.22812837051565657,0.6384000000000001,0.11640000000000002,0.6355999999999999,0.25584569796110046,0.018400000000000003
5038,0.10640000000000001,0.1052,0.8388,0.115809900990099,0.1304,0.26193442715936605,0.9815999999999999,0.0368,0.36419999999999997,0.06344505928853755,0.0004
5039,0.0824,0.04556906946264744,0.8128,0.02508118811881188,0.0796,0.308038630806846,0.182,0.11639999999999999,0.6083999999999999,0.05616758893280631,0.011199999999999998
5040,0.005200000000000001,0.010769553805774278,0.2584,0.046681188118811875,0.014000000000000002,0.12421907090464548,0.8528,0.009600000000000001,0.285999603960396,0.0792139255664697,0.0
5041,0.5424,0.1152,0.6424000000000001,0.01957623762376238,0.0676,0.23945721271393644,0.9092719314938155,0.1176,0.5858,0.1252,0.0024000000000000002
5042,0.5496000000000001,0.30433862326842176,0.4332000000000001,0.04595247524752475,0.124,0.2867093939475357,0.805766228071762,0.8019999999999999,0.48459960396039603,0.1016,0.0064
5043,0.7028,0.08480000000000001,0.5532,0.09860594059405939,0.029600000000000005,0.09571557716936689,0.8468,0.08720000000000001,0.6969948514851485,0.1971756772198959,0.0016
5044,0.17040000000000002,0.16519348200740996,0.5604,0.01,0.0884,0.25885110890196467,0.9012,0.0008,0.7081980198019803,0.14952316831683168,0.0
5045,0.21400000000000002,0.19440000000000002,0.7304,0.039928712871287124,0.128,0.42462958775083753,0.7028989533777354,0.128,0.5978,0.2844139255664697,0.0392
5046,0.2576,0.1244,0.8203999999999999,0.094,0.0348,0.2809416923807906,0.6869259752616556,0.1332,0.7402000000000001,0.26392316831683166,0.0164
5047,0.3136,0.21473910761154857,0.6923999999999999,0.10140990099009899,0.0996,0.47336841091044446,0.49017500334644176,0.18239999999999998,0.618999207920792,0.18978343051696472,0.0184
5048,0.3668,0.1412,0.8071999999999999,0.04540990099009901,0.0712,0.20037372071015103,0.7956,0.1156,0.5889972277227723,0.2547827026180879,0.0024000000000000002
5049,0.4312,0.11239999999999999,0.8864000000000001,0.07498613861386139,0.0676,0.3440373638481614,0.8180719314938155,0.0964,0.8305996039603961,0.09312316831683168,0.0152
5050,0.508,0.1288,0.7856,0.05260990099009901,0.10400000000000001,0.13015367181039553,0.9,0.0616,0.4523992079207921,0.3075134097757602,0.0032
5051,0.18480000000000002,0.06633910761154857,0.6072,0.13115247524752477,0.07520000000000002,0.2058964258786157,0.8536942965779467,0.02,0.4586,0.13784569796110044,0.008
5052,0.15,0.258,0.5683999999999999,0.10430495049504951,0.0712,0.2577549178884142,0.9046831588962891,0.1544,0.541598811881188,0.3043231683168317,0.0108
5053,0.033999999999999996,0.033600000000000005,0.3272,0.0036000000000000003,0.1396,0.10661929181929182,0.2676,0.0064,0.683999603960396,0.15224569796110046,0.0008
5054,0.07680000000000001,0.030678215223097112,0.6552,0.13698613861386139,0.005200000000000001,0.11465765454322911,0.8832000000000001,0.0172,0.4865996039603961,0.09769139592220093,0.006
5055,0.48999999999999994,0.10516906946264745,0.6328,0.05192871287128713,0.096,0.13327694636252094,0.9425887725975262,0.1584,0.6515996039603961,0.3928,0.022789880093603596
5056,0.5728000000000001,0.0156,0.6116,0.0019287128712871288,0.047599999999999996,0.1829030642431634,1.0,0.015999999999999997,0.3339984158415842,0.45741192032246714,0.0
5057,0.7136,0.0024000000000000002,0.4856,0.01785742574257426,0.011200000000000002,0.07105765454322913,0.931132635585157,0.0004,0.1426,0.0744,0.011600000000000001
5058,0.0756,0.011200000000000002,0.6532,0.068609900990099,0.0924,0.26269655343298376,0.7388719314938154,0.011200000000000002,0.11259920792079207,0.08153517786561267,0.0024000000000000002
5059,0.23679999999999998,0.1114477690288714,0.5988,0.022257425742574256,0.08520000000000001,0.33019186078794877,0.865132635585157,0.0988,0.5405996039603961,0.1577306179313583,0.00639500492934604
5060,0.3416,0.0756,0.4508,0.029952475247524757,0.09360000000000002,0.14120000000000002,0.8290831588962891,0.0312,0.2972,0.166,0.0116
5061,0.1272,0.0364,0.9468,0.023904950495049503,0.049600000000000005,0.16301907090464549,0.8442607040913416,0.0396,0.09559999999999999,0.05024505928853755,0.0224
5062,0.1328,0.036000000000000004,0.45,0.04557623762376238,0.0396,0.08171611333518423,0.8442831588962892,0.02,0.36060000000000003,0.330169504950495,0.0132
5063,0.3,0.05920000000000001,0.5564,0.0248,0.10200000000000001,0.2481554068859692,0.8264719314938155,0.0548,0.3426,0.382,0.0452
5064,0.3116,0.1988,0.5724,0.05237623762376238,0.062,0.984,0.7349437732668146,0.16999999999999998,0.37279999999999996,0.4043231683168317,0.021544005997263055
5065,0.21200000000000002,0.1564,0.9064,0.3391287128712871,0.1458646154889002,0.19556049787174618,0.9271550903901048,0.1292,0.7332,0.08336950495049505,0.0
5066,0.0812,0.128,0.6500000000000001,0.03232871287128713,0.16119999999999998,0.14865743362858277,0.5644719314938155,0.0368,0.43479999999999996,0.45519999999999994,0.005600000000000001
5067,0.24359999999999998,0.3067695538057743,0.6528,0.07797623762376238,0.1352,0.31248988121359755,0.6886607040913416,0.16,0.48660000000000003,0.4816,0.01636950546330455
5068,0.1404,0.012,0.7220000000000001,0.009786138613861387,0.0316,0.156141158884192,0.9975999999999999,0.0316,0.425599603960396,0.13384505928853757,0.0003948751642575559
5069,0.1136,0.019200000000000002,0.38519999999999993,0.014376237623762379,0.0848,0.09519999999999999,0.6752,0.014799999999999999,0.36379960396039607,0.4164,0.0008
5070,0.44639999999999996,0.1312,0.6088,0.08644356435643563,0.10959999999999999,0.4812,0.7830197335147044,0.1052,0.5695992079207921,0.1829682276053692,0.0084
5071,0.5276,0.0468,0.5912,0.015576237623762378,0.06920000000000001,0.132,0.9004000000000001,0.0732,0.402,0.20352252964426878,0.0
5072,0.5944,0.0368,0.9395999999999999,0.0004,0.07680000000000001,0.22250279616025473,0.9996,0.1256,0.1532,0.7976,0.0076
5073,0.9176,0.04000000000000001,0.5692,0.02997623762376237,0.0512,0.1718190709046455,0.5652,0.017599999999999998,0.4328,0.11400000000000002,0.0116
5074,0.002,0.04359999999999999,0.5267999999999999,0.03552871287128713,0.0352,0.14650257524560836,0.7929887725975262,0.1444,0.29959960396039603,0.05913645521073847,0.0016
5075,0.33240000000000003,0.08600000000000001,0.542,0.14823366336633664,0.0724,0.23327770344298462,0.5505438629876308,0.13920000000000002,0.440799207920792,0.24427354909403984,0.0356
5076,0.0032,0.0176,0.4192,0.05658613861386139,0.0496,0.15355956437567972,0.7993478025110644,0.010400000000000001,0.376399603960396,0.08378151449927602,0.0
5077,0.4808,0.186,0.7856,0.044562376237623755,0.10192099644128114,0.14175371897865788,0.8848943862987632,0.086,0.7301992079207921,0.18275229679489685,0.0228
5078,0.1732,0.0432,0.6043999999999999,0.0348,0.0904,0.3013238602744715,0.7540943862987632,0.05519999999999999,0.30720000000000003,0.259290757249638,0.0068000000000000005
5079,0.21639999999999998,0.0816,0.7704000000000001,0.0368,0.0456,0.2749935958635225,0.9542831588962892,0.11000000000000001,0.5898,0.30519999999999997,0.0008
5080,0.26280000000000003,0.0988,0.8344000000000001,0.03197623762376238,0.0628,0.23483863080684597,0.8584719314938154,0.0512,0.6893999999999999,0.20600000000000002,0.05156976836176001
5081,0.41,0.031599999999999996,0.6132,0.033600000000000005,0.027200000000000002,0.08455389272504188,0.8988943862987631,0.0772,0.5892000000000001,0.1608,0.0024000000000000002
5082,0.02,0.007169553805774278,0.6304000000000001,0.03355247524752475,0.004399999999999999,0.06901907090464547,0.9097887725975262,0.004,0.22100000000000003,0.0964,0.0012000000000000001
5083,0.22480000000000003,0.10356955380577429,0.6216,0.09552871287128713,0.074,0.27109487786284986,0.6249438629876308,0.16440000000000002,0.6913988118811881,0.22145962352757015,0.0032
5084,0.47840000000000005,0.18701732283464567,0.682,0.086209900990099,0.0772,0.23950858969880975,0.5508000000000001,0.2856,0.5013996039603961,0.22961328689390678,0.0068000000000000005
5085,0.2232,0.17116955380577428,0.6248,0.057152475247524745,0.10880000000000001,0.2301275662669306,0.7852043876373398,0.1396,0.5146000000000001,0.33224505928853754,0.007589750328515112
5086,0.07,0.05720000000000001,0.6108,0.023200000000000002,0.0892,0.08407672544787459,0.7224045670789725,0.0524,0.7064,0.15056822760536923,0.0084
5087,0.22000000000000003,0.027569553805774277,0.43279999999999996,0.014400000000000001,0.040799999999999996,0.1104383627239373,0.6344,0.0108,0.3323988118811881,0.31049139592220093,0.0
5088,0.3964,0.220308177074196,0.8535999999999999,0.12437623762376238,0.1192,0.49630795226622093,0.703204477358156,0.1456,0.6779968316831683,0.18715165812233397,0.004
5089,0.010400000000000001,0.11479999999999999,0.3312,0.008376237623762377,0.0004,0.17887699353078326,0.9432,0.008400000000000001,0.18480000000000002,0.1056,0.0
5090,0.7076,0.15,0.5688,0.05720000000000001,0.14679999999999999,0.1436,0.8955773657534196,0.10840000000000001,0.3916,0.38239999999999996,0.0032
5091,0.37,0.08276955380577428,0.8064,0.15627722772277225,0.027600000000000003,0.24841097788461025,0.8052267527214712,0.18680000000000002,0.6405956435643565,0.12378215317183891,0.0232
5092,0.076,0.0656,0.7508,0.05475247524752476,0.0844,0.2174192918192918,0.232377455474236,0.0748,0.7987992079207921,0.09841392556646969,0.01
5093,0.12079999999999999,0.0152,0.4944,0.2771524752475248,0.013600000000000001,0.07701907090464546,0.7695775451950524,0.09077158596694693,0.4451992079207921,0.226363028998552,0.0
5094,0.624,0.0108,0.6392,0.0012000000000000001,0.031999999999999994,0.16760000000000003,0.9975999999999999,0.0664,0.6918,0.3035225296442688,0.0012000000000000001
5095,0.011600000000000001,0.0012000000000000001,0.21800000000000003,0.011976237623762378,0.03560000000000001,0.16901907090464546,0.9324,0.0036000000000000003,0.24319960396039603,0.02064505928853755,0.0032
5096,0.011600000000000001,0.028800000000000003,0.9927999999999999,0.010633663366336633,0.09040000000000001,0.19909699526227645,0.007999999999999998,0.0108,0.9968,0.0024000000000000002,0.0008
5097,0.28440000000000004,0.2004,0.6195999999999999,0.12503366336633664,0.048,0.2936383627239373,0.6979775451950524,0.136,0.38319960396039604,0.4025688662779321,0.017599999999999998
5098,0.5352,0.0664,0.3972,0.03280000000000001,0.0764,0.27701929181929186,0.5933887725975262,0.328,0.5820000000000001,0.05639999999999999,0.0004
5099,0.2048,0.1112,0.6960000000000001,0.0867049504950495,0.059199999999999996,0.08541929181929182,0.9084719314938153,0.13840000000000002,0.4244,0.3275225296442688,0.0048000000000000004
5100,0.262,0.024,0.742,0.0288,0.027599999999999996,0.1370190709046455,0.9293887725975262,0.022399999999999996,0.4171992079207921,0.09104505928853754,0.0027948734801183043
5101,0.2444,0.26399999999999996,0.7648,0.06557623762376237,0.2012,0.41571633424983057,0.5896719314938155,0.148,0.28759999999999997,0.8240000000000001,0.019989746960236608
5102,0.016,0.014799999999999999,0.9952000000000002,0.0016,0.072,0.2436772144454296,0.046,0.0028,0.9996,0.0036000000000000003,0.0008
5103,0.0412,0.014000000000000002,0.6212,0.07835247524752476,0.011600000000000001,0.1602584116236928,0.9098382492863939,0.005200000000000001,0.176,0.05872252964426877,0.005200000000000001
5104,0.0684,0.0448,0.48,0.043976237623762376,0.029599999999999998,0.16463208516558153,0.8956,0.05840000000000001,0.5807984158415842,0.1313034054709819,0.0016
5105,0.5932,0.021200000000000004,0.5184,0.0507960396039604,0.08680000000000002,0.25105765454322915,0.8085438629876309,0.1436,0.6395984158415842,0.13513581653817555,0.004399999999999999
5106,0.3292,0.25880000000000003,0.6624,0.0388,0.0568,0.12439999999999998,0.7094607040913417,0.1856,0.4598000000000001,0.3334456979611004,0.028399999999999998
5107,0.1236,0.058399999999999994,0.46519999999999995,0.03,0.053200000000000004,0.07643858363858365,0.8840943862987631,0.0896,0.37839999999999996,0.1944,0.01799500492934604
5108,0.47800000000000004,0.022,0.6003999999999999,0.009976237623762377,0.072,0.0852388517214923,0.8795999999999999,0.13,0.2946,0.5031231683168317,0.0016
5109,0.32520000000000004,0.12320000000000002,0.738,0.062372277227722775,0.0832,0.2792120834340883,0.5688764088519715,0.08399999999999999,0.6663952475247525,0.10986953860603452,0.0188
5110,0.1412,0.0696,0.6504000000000001,0.0216,0.12079999999999999,0.20481110543897835,0.6413887725975261,0.0128,0.48600000000000004,0.4856,0.005600000000000001
5111,0.44560000000000005,0.0344,0.7048,0.04477623762376237,0.0064,0.18701929181929183,0.8183999999999999,0.048799999999999996,0.3104,0.13784569796110047,0.0108
5112,0.022,0.0092,0.07120000000000001,0.030304950495049505,0.0632,0.158,0.5015773657534197,0.0112,0.205599603960396,0.053845059288537556,0.004
5113,0.06120000000000001,0.038,0.3812,0.023600000000000003,0.058800000000000005,0.08687699353078328,0.5560943862987631,0.10200000000000001,0.4135992079207921,0.5184145642390325,0.0004
5114,0.23959999999999998,0.08104776902887138,0.5444,0.05717623762376237,0.098,0.0832383627239373,0.7618607040913415,0.2072,0.6784000000000001,0.31432252964426877,0.005200000000000001
5115,0.30800000000000005,0.5731999999999999,0.7416,0.06769108910891089,0.0368,0.3731051046209971,0.7950831588962892,0.22280000000000003,0.41299683168316836,0.5814615395452589,0.0128
5116,0.0016,0.0176,0.41879999999999995,0.0368,0.0212,0.05745765454322912,0.8784000000000001,0.0008,0.348,0.10200000000000001,0.0036000000000000003
5117,0.5176000000000001,0.0104,0.4976000000000001,0.007952475247524753,0.04759999999999999,0.12385792262613782,0.9259999999999999,0.0936,0.4636,0.39872252964426874,0.0044
5118,0.019200000000000002,0.0,0.44639999999999996,0.006376237623762377,0.0036000000000000003,0.06563836272393729,0.9944000000000001,0.0256,0.25880000000000003,0.058322529644268775,0.0
5119,0.10679999999999998,0.0968,0.5631999999999999,0.013600000000000001,0.0492,0.10447721444542961,0.8948,0.06599999999999999,0.46159999999999995,0.176,0.01159500492934604
5120,0.057999999999999996,0.16353910761154858,0.7487999999999999,0.04240000000000001,0.09759999999999999,0.20233508990330504,0.6677662280717621,0.0736,0.695199207920792,0.08472252964426877,0.008400000000000001
5121,0.22199999999999998,0.17440000000000003,0.5631999999999999,0.06926732673267326,0.1152,0.21345770171149142,0.6372,0.11039999999999998,0.4755996039603961,0.4018450592885376,0.009974633667325495
5122,0.0152,0.04876906946264745,0.3336,0.10432871287128713,0.0704,0.27487672544787467,0.6688943862987631,0.033600000000000005,0.321399603960396,0.3638450592885375,0.002
5123,0.10880000000000001,0.0452,0.876,0.0004,0.09519999999999999,0.2575219115639437,0.046400000000000004,0.029199999999999997,0.2096,0.08296950495049506,0.0
5124,0.046799999999999994,0.04713910761154856,0.376,0.05315247524752474,0.012,0.06393460090575005,0.8855999999999999,0.066,0.6757988118811881,0.13879999999999998,0.002
5125,0.06920000000000001,0.09313910761154856,0.9507999999999999,0.24084356435643567,0.1044,0.25687732111913175,0.9863999999999999,0.047599999999999996,0.476999603960396,0.03704633663366337,0.0004
5126,0.03,0.0072,0.3084,0.06218613861386139,0.0308,0.08425743362858276,0.8991999999999999,0.007600000000000001,0.23279881188118812,0.07352460219935039,0.0
5127,0.198,0.26680000000000004,0.8272,0.1136,0.06040000000000001,0.8421148672571654,0.8842831588962893,0.1972,0.5364000000000001,0.4016,0.024794873480118305
5128,0.007600000000000001,0.020399999999999998,0.616,0.002376237623762376,0.0188,0.0832,0.9039999999999999,0.0092,0.198,0.34879999999999994,0.0016
5129,0.37600000000000006,0.2747695538057743,0.6564,0.048799999999999996,0.0384,0.15492824393753488,0.7409437732668145,0.22600000000000003,0.46279881188118815,0.3630456979611004,0.019974498849819257
5130,0.26799999999999996,0.1212,0.7184000000000001,0.0108,0.1276,0.1830579226261378,0.6142831588962891,0.0668,0.5396,0.32999999999999996,0.004000000000000001
5131,0.3684,0.5808,0.7548,0.0524,0.0736,0.20927721444542963,0.7028764985727879,0.3508,0.24219960396039605,0.6712,0.0024000000000000002
5132,0.1052,0.198,0.5936,0.004352475247524752,0.0116,0.13367699353078324,0.4192,0.034800000000000005,0.17899960396039605,0.6666456979611004,0.03704831601188916
5133,0.22800000000000004,0.0408,0.48,0.02875247524752475,0.0412,0.10621929181929182,0.7232494766888677,0.05639999999999999,0.5559988118811882,0.1292,0.020800000000000003
5134,0.20200000000000004,0.10639999999999998,0.6016,0.20597623762376238,0.0428,0.16465814354078412,0.8667999999999999,0.0772,0.5096,0.23976822760536926,0.008400000000000001
5135,0.11279999999999998,0.12360000000000002,0.7592,0.09004356435643565,0.0704,0.1841158452522756,0.9239775451950523,0.0288,0.3063992079207921,0.09544505928853755,0.010400000000000001
5136,0.7184,0.0988,0.48,0.07680000000000001,0.06,0.21744387996410858,0.5292,0.3764,0.2604,0.25680000000000003,0.0012000000000000001
5137,0.384,0.1296,0.5464,0.07274851485148512,0.09359999999999999,0.1496,0.8038425472029175,0.09119999999999999,0.6001964356435643,0.21898279184440184,0.013600000000000001
5138,0.1596,0.09796906946264745,0.30920000000000003,0.037599999999999995,0.0036000000000000003,0.12956098420008239,0.9408000000000001,0.0056,0.2798,0.10312252964426878,0.01
5139,0.0804,0.0628,0.9196000000000002,0.05472871287128713,0.0976,0.2672772144454296,0.15936613835094587,0.030800000000000004,0.8579992079207921,0.0813344499667358,0.0012000000000000001
5140,0.0028,0.0016,0.418,0.014400000000000001,0.0032,0.06341929181929182,0.9556000000000001,0.002,0.183,0.076,0.0128
5141,0.11280000000000001,0.0936,0.598,0.04491485148514851,0.1012,0.22821955990220047,0.8040265732798385,0.0624,0.414599603960396,0.14704505928853756,0.0252
5142,0.192,0.0016,0.6264000000000001,0.2024,0.010400000000000001,0.16599999999999998,0.9612942965779467,0.0252,0.22399999999999998,0.178,0.0064
5143,0.0772,0.009600000000000001,0.6599999999999999,0.014400000000000001,0.004,0.1930962853500751,0.9401438629876309,0.0092,0.2284,0.2024,0.0004
5144,0.21679999999999996,0.11040000000000001,0.7767999999999999,0.08875247524752475,0.060399999999999995,0.20178965402975182,0.7904,0.06839999999999999,0.5174,0.19472252964426878,0.0132
5145,0.374,0.10476955380577428,0.5331999999999999,0.010400000000000001,0.0816,0.2738962853500751,0.14708315889628926,0.1696,0.618599603960396,0.3893259778753063,0.0063850147880381205
5146,0.2876,0.1319695538057743,0.8244,0.0348,0.0512,0.20273437999110372,0.891294386298763,0.1312,0.5948,0.2624,0.0028
5147,0.068,0.0064,0.636,0.05719603960396039,0.0168,0.0896,0.7836,0.0044,0.17519999999999997,0.0528,0.008
5148,0.252,0.1028,0.8699999999999999,0.0255049504950495,0.15312099644128113,0.4656119096877043,0.22306052464970896,0.2512,0.5056,0.27369011857707515,0.002
5149,0.36760000000000004,0.13793813892529488,0.7532,0.04018613861386139,0.094,0.15469606443542874,0.9895999999999999,0.1036,0.4627992079207921,0.234981514499276,0.013600000000000001
5150,0.16360000000000002,0.23199999999999998,0.6176,0.05032871287128713,0.0464,0.190439119804401,0.8935775451950525,0.0804,0.590599207920792,0.3112398606817203,0.0036000000000000003
5151,0.1828,0.11239999999999999,0.6460000000000001,0.2016986594234645,0.0972,0.07941929181929182,0.8436,0.072,0.6422000000000001,0.1308,0.014000000000000002
5152,0.0396,0.020678215223097113,0.43920000000000003,0.09040000000000001,0.0124,0.15039836892890968,0.8808,0.027199999999999995,0.44800000000000006,0.14073581653817555,0.007999999999999998
5153,0.5124000000000001,0.024,0.9192,0.06924356435643564,0.088,0.34797447779061474,0.9795999999999999,0.0796,0.8356,0.064,0.0116
5154,0.6028,0.1092,0.6452000000000001,0.0684,0.12199999999999997,0.1675861214163961,0.9039773657534196,0.1756,0.520799603960396,0.26159999999999994,0.027600000000000003
5155,0.1936,0.0228,0.9028,0.06200000000000001,0.0788,0.2590053714058631,0.9975999999999999,0.014000000000000002,0.12760000000000002,0.1212,0.012374631983186246
5156,0.0112,0.0688,0.6468,0.025576237623762377,0.015600000000000003,0.19949672717936773,0.8736,0.005200000000000001,0.49879999999999997,0.021599999999999998,0.002
5157,0.0164,0.0196,0.5552,0.007904950495049506,0.1,0.06999999999999999,0.7656943862987632,0.0008,0.34640000000000004,0.22072252964426875,0.0008
5158,0.21080000000000002,0.054400000000000004,0.5656,0.09245940594059403,0.0368,0.268784605234483,0.9576943862987631,0.10800000000000001,0.5105960396039604,0.1658226525261222,0.0044
5159,0.37959999999999994,0.06316906946264743,0.6296000000000002,0.07062970297029703,0.09759999999999999,0.25617978702181926,0.5368084168815896,0.2164,0.4213960396039604,0.4668537862481901,0.008400000000000001
5160,0.45,0.008400000000000001,0.4708,0.018376237623762375,0.07680000000000001,0.1140774825283383,0.7642607040913415,0.0384,0.39239999999999997,0.38664569796110043,0.0
5161,0.366,0.053200000000000004,0.6864000000000001,0.0156,0.039599999999999996,0.09680000000000001,0.8248,0.1276,0.41720000000000007,0.34639999999999993,0.002
5162,0.0844,0.16341683849151883,0.5084000000000001,0.08013465346534651,0.0304,0.1447218670649002,0.5517438629876309,0.4468,0.5363976237623762,0.1968033499002074,0.0016
5163,0.4344,0.196,0.7796,0.035782178217821786,0.027599999999999996,0.3736504584952031,0.892,0.0792,0.4377956435643565,0.29742712323406256,0.015984885022949636
5164,0.057600000000000005,0.4343086614173228,0.8476000000000001,0.0368,0.0928,0.230051645067782,0.8503999999999999,0.5704,0.324,0.5557688662779322,0.0012000000000000001
5165,0.0396,0.04354341463414634,0.43920000000000003,0.025457425742574258,0.11040000000000001,0.09003836272393731,0.8888719314938154,0.0308,0.1816,0.28793581653817557,0.012
5166,0.4492,0.06040000000000001,0.7756000000000001,0.0284,0.054400000000000004,0.16040000000000001,0.9635999999999999,0.47359999999999997,0.356,0.10200000000000001,0.008400000000000001
5167,0.2524,0.1544,0.7136,0.08875247524752475,0.1316,0.6305651540269703,0.6289789423796999,0.068,0.487399603960396,0.24344633663366336,0.027599999999999996
5168,0.276,0.1672,0.5624,0.04625742574257426,0.0184,0.3638167375683269,0.8176,0.0416,0.42299999999999993,0.29089075724963803,0.011600000000000001
5169,0.13440000000000002,0.15107773087997028,0.6256,0.1691049504950495,0.13279999999999997,0.3801540342298288,0.13640000000000002,0.10839999999999998,0.5505992079207921,0.34505898485500724,0.00839000985869208
5170,0.034,0.088,0.6768000000000001,0.03515247524752475,0.0008,0.09825765454322911,0.6984,0.0948,0.6759980198019802,0.12079999999999999,0.0024000000000000002
5171,0.1192,0.1688,0.946,0.022728712871287127,0.1316,0.27941955990220047,0.7141886828767099,0.21000000000000002,0.3896,0.6436000000000001,0.023999999999999997
5172,0.0172,0.06,0.21200000000000002,0.05877623762376237,0.0524,0.1504,0.618894386298763,0.011199999999999998,0.34579960396039605,0.06624569796110044,0.0
5173,0.6352,0.011600000000000001,0.5848,0.019176237623762374,0.014799999999999999,0.1292383627239373,0.8408942965779469,0.036000000000000004,0.458,0.21456950495049504,0.0056
5174,0.21760000000000002,0.19,0.6828,0.0892,0.0816,0.2882962853500751,0.8144943862987631,0.0392,0.480399603960396,0.36472252964426877,0.020800000000000003
5175,0.031999999999999994,0.032,0.3456,0.11441980198019801,0.0004,0.06607694636252093,0.97,0.012,0.40539881188118815,0.16828747466050956,0.0004
5176,0.932,0.008799999999999999,0.6748000000000001,0.07668118811881189,0.0288,0.27240000000000003,0.49720000000000003,0.017599999999999998,0.25459999999999994,0.1052,0.0092
5177,0.15999999999999998,0.16240000000000002,0.7944000000000001,0.05277623762376238,0.048400000000000006,0.1899346480740124,0.7212268424422874,0.0596,0.5468,0.23816822760536924,0.009189878409464345
5178,0.6712,0.09473910761154855,0.6552,0.07790761543444064,0.041600000000000005,0.25025814354078413,0.7948719314938153,0.3116,0.575399603960396,0.13952252964426876,0.0028
5179,0.21999999999999997,0.22240000000000001,0.4728,0.08995247524752475,0.13079999999999997,0.22939354869526016,0.6937438629876309,0.1176,0.359,0.3572,0.027994875164257554
5180,0.40359999999999996,0.09159999999999999,0.37639999999999996,0.0312,0.0964,0.1769025725763896,0.6656719314938154,0.2164,0.14520000000000002,0.1492,0.010384883338810384
5181,0.0012000000000000001,0.024,0.446,0.017576237623762377,0.014000000000000002,0.07003836272393729,0.9912719314938154,0.002,0.2672,0.07192252964426878,0.0008
5182,0.2324,0.1544,0.724,0.06592871287128713,0.1296,0.9622316433362889,0.5674242108728607,0.1416,0.6073988118811882,0.21784505928853756,0.0172
5183,0.3508,0.07360000000000001,0.434,0.01952871287128713,0.06040000000000001,0.19833486898865874,0.9214607040913416,0.19040000000000004,0.5718,0.2943358165381756,0.023200000000000002
5184,0.0088,0.082,0.7416,0.0287049504950495,0.054000000000000006,0.06221907090464547,0.5621663177925785,0.0024000000000000002,0.42560000000000003,0.34810468281610774,0.0004
5185,0.2508,0.12314341463414635,0.8404,0.030376237623762375,0.1436,0.1984388517214923,0.7057484300666031,0.6656,0.6808,0.1264,0.0068000000000000005
5186,0.040799999999999996,0.0496,0.49559999999999993,0.04032871287128713,0.0308,0.18541929181929181,0.7944,0.044800000000000006,0.2255992079207921,0.14416822760536924,0.0024000000000000002
5187,0.3856,0.13953910761154856,0.6312,0.00832871287128713,0.06560000000000002,0.2711086368670721,0.7685886828767099,0.1364,0.440399603960396,0.2984139255664697,0.0024000000000000002
5188,0.0196,0.042800000000000005,0.2756,0.12865742574257427,0.018,0.06523814180929095,0.873694386298763,0.020800000000000003,0.3569992079207921,0.34898279184440184,0.0016
5189,0.3396,0.12840000000000001,0.466,0.07180990099009901,0.11399999999999999,0.16029579635252006,0.9212,0.0848,0.6391996039603961,0.23529139592220094,0.017189880093603595
5190,0.2344,0.15516906946264747,0.6664,0.036000000000000004,0.12756967213114753,0.8210799632311797,0.6366056053803548,0.0852,0.6809999999999999,0.13776758893280633,0.0132
5191,0.046400000000000004,0.0472,0.5912,0.023176237623762377,0.005600000000000001,0.1414192918192918,0.8391326355851569,0.055600000000000004,0.48659920792079203,0.17896822760536923,0.011594873480118307
5192,0.1832,0.0408,0.8219999999999998,0.07889108910891088,0.1359393442622951,0.29767650453322825,0.6752576239178332,0.078,0.6439996039603961,0.07744505928853755,0.0024000000000000002
5193,0.3408,0.27680000000000005,0.7072,0.03696237623762376,0.0776,0.2056131085974607,0.9400000000000001,0.08120000000000002,0.6595988118811882,0.2870252072163738,0.0348
5194,0.036,0.019999999999999997,0.8012,0.0164,0.05399999999999999,0.12301929181929183,0.8,0.006,0.23399999999999999,0.038,0.0004
5195,0.0028,0.08476906946264744,0.5424,0.01312871287128713,0.022399999999999996,0.12843863080684598,0.8297663177925785,0.0024000000000000002,0.27219960396039605,0.1244,0.019595004929346044
5196,0.2084,0.028369069462647445,0.5504,0.08197227722772277,0.1116,0.10745841162369281,0.8620000000000001,0.0616,0.43239841584158417,0.14242593511525065,0.0124
5197,0.4272,0.1276,0.62,0.07750099009900988,0.10879999999999998,0.3314190709046455,0.816547802020889,0.0968,0.5425988118811882,0.19704569796110044,0.0152
5198,0.07880000000000001,0.0512,0.39960000000000007,0.006657425742574258,0.1812,0.09701929181929182,0.5709887725975261,0.0408,0.5065999999999999,0.2876,0.009989878409464345
5199,0.0804,0.07156906946264745,0.6103999999999999,0.024328712871287125,0.0504,0.1811742568759684,0.9714831588962893,0.032,0.5607980198019803,0.17944569796110046,0.0008
5200,0.17040000000000002,0.060399999999999995,0.74,0.03357623762376237,0.6639999999999999,0.29394417725713573,0.8415775451950523,0.10200000000000001,0.5706,0.1792901185770751,0.00958974864437586
5201,0.4332,0.0204,0.402,0.01957623762376238,0.056400000000000006,0.10863061817291646,0.3660286705202312,0.0028,0.2192,0.6105834305169648,0.0004
5202,0.2404,0.15919999999999998,0.7644,0.12136237623762376,0.0668,0.15843885172149233,0.9532,0.037599999999999995,0.26719960396039605,0.13304569796110047,0.0288
5203,0.022399999999999996,0.024399999999999998,0.7023999999999999,0.030800000000000004,0.031200000000000006,0.21192235606245519,0.8774831588962891,0.0076,0.242,0.0656,0.0016
5204,0.6264,0.06,0.7796,0.010700990099009901,0.22276967213114754,0.2735350899033051,0.932,0.027200000000000002,0.6845980198019802,0.27200863773333855,0.0032
5205,0.072,0.054369553805774275,0.3492,0.05397623762376237,0.0124,0.18371579808401325,0.8519550903901048,0.0468,0.533599603960396,0.11681328689390677,0.0048000000000000004
5206,0.182,0.184,0.6572,0.09075247524752475,0.05920000000000001,0.12301955990220045,0.9069887725975262,0.11040000000000001,0.6279999999999999,0.16089075724963803,0.008400000000000001
5207,0.0108,0.12070817707419601,0.6168,0.03992871287128713,0.018,0.1334192918192918,0.8330830691754729,0.0464,0.5203976237623762,0.05672252964426877,0.0076
5208,0.2104,0.1024,0.8204,0.03983366336633663,0.0756,0.25421955990220046,0.9321438629876309,0.027199999999999995,0.6211996039603961,0.08480000000000001,0.0028
5209,0.0852,0.2184,0.8876,0.005176237623762377,0.03,0.16201176818291732,0.5048,0.4288,0.3176,0.47096758893280627,0.0008
5210,0.3216,0.12716955380577427,0.6232,0.03966732673267327,0.1072,0.4085155300011046,0.7464719314938154,0.20839999999999997,0.46059762376237623,0.2657046828161077,0.010795004929346038
5211,0.06839999999999999,0.0092,0.5187999999999999,0.10194851485148515,0.0048000000000000004,0.12113460090575008,0.9676,0.0004,0.6303980198019803,0.1069192470551403,0.0008
5212,0.31920000000000004,0.0284,0.5216000000000001,0.0124,0.1564,0.2893534508957492,0.721577455474236,0.10719999999999999,0.5668,0.3088,0.05720000000000001
5213,0.013999999999999999,0.09119999999999999,0.4683999999999999,0.09435247524752474,0.0332,0.1314190709046455,0.9526831588962892,0.3256,0.1594,0.33569075724963804,0.005569508831583052
5214,0.012399999999999998,0.038400000000000004,0.7208,0.027200000000000002,0.0332,0.09469699526227644,0.9028,0.0284,0.595399603960396,0.0328,0.0
5215,0.2028,0.14440000000000003,0.7412000000000001,0.1008,0.132,0.2772,0.5916892128807256,0.0472,0.5919992079207921,0.17784633663366334,0.007994873480118304
5216,0.10239999999999998,0.1368,0.9476000000000001,0.18293465346534651,0.0752,0.21918536231494667,0.9820943862987631,0.0516,0.505599207920792,0.027460900872695964,0.0
5217,0.2952,0.08600000000000001,0.3572,0.004752475247524752,0.0316,0.1085539398933042,0.8384943862987632,0.018,0.16240000000000002,0.3672920345947638,0.0064
5218,0.004000000000000001,0.0424,0.42000000000000004,0.05952871287128712,0.0316,0.1148383627239373,0.9483999999999998,0.0028,0.2464,0.07856758893280633,0.002
5219,0.1,0.326216354148392,0.8024000000000001,0.027976237623762373,0.0776,0.2938058058757325,0.9484,0.030800000000000004,0.5323988118811881,0.19816886627793212,0.027579625369700954
5220,0.08159999999999999,0.041999999999999996,0.4176,0.10291485148514852,0.053200000000000004,0.24825743362858277,0.3832719314938154,0.1292,0.507599603960396,0.06464569796110045,0.01
5221,0.7552,0.0,0.47800000000000004,0.013152475247524751,0.020799999999999996,0.09021929181929181,0.9148,0.0,0.1282,0.0576,0.0048000000000000004
5222,0.7384000000000001,0.022799999999999997,0.5,0.008704950495049504,0.059199999999999996,0.14961181535117965,0.9608000000000001,0.11000000000000001,0.6328,0.4192462474073494,0.0112
5223,0.014799999999999999,0.040400000000000005,0.334,0.0436,0.07,0.17763863080684597,0.028800000000000003,0.0108,0.7806,0.05112316831683168,0.0004
5224,0.33640000000000003,0.22759999999999997,0.688,0.08477227722772278,0.0408,0.1600388517214923,0.7531999999999999,0.2064,0.48679999999999995,0.3859370938833014,0.016759387241047398
5225,0.31160000000000004,0.15636955380577428,0.65,0.15032475247524751,0.0348,0.20607823960880195,0.9583775451950522,0.034,0.7641996039603961,0.13585898485500725,0.01199500492934604
5226,0.011199999999999998,0.012,0.54,0.028399999999999998,0.0348,0.11381929181929185,0.719694386298763,0.0068000000000000005,0.402,0.0704,0.0004
5227,0.5108,0.15433910761154856,0.6848000000000001,0.06592871287128713,0.064,0.40291362124763985,0.8033887725975262,0.16560000000000002,0.6123992079207922,0.2144,0.021994875164257556
5228,0.0132,0.0004,0.36680000000000007,0.038400000000000004,0.002,0.10683858363858365,0.968,0.0016,0.43260000000000004,0.09392252964426878,0.0032
5229,0.1196,0.09440000000000001,0.7148,0.15244356435643563,0.08360000000000001,0.26491508817181186,0.9085887725975261,0.1196,0.4709984158415842,0.1505386260966502,0.0004
5230,0.041999999999999996,0.0008,0.6536,0.0172,0.08959999999999999,0.16581907090464548,0.7979999999999999,0.0256,0.2626,0.14400000000000002,0.005599999999999999
5231,0.6352,0.15919999999999998,0.5724,0.010799999999999999,0.07400000000000001,0.28068289576402616,0.8756,0.3392,0.2632,0.4257688662779321,0.0028
5232,0.17040000000000002,0.11520000000000001,0.27080000000000004,0.14317623762376236,0.0976,0.14345867970660148,0.7649663177925785,0.060399999999999995,0.32179960396039603,0.15952252964426877,0.032
5233,0.0876,0.0996,0.9575999999999999,0.02957623762376238,0.04506461548890019,0.19928735155725663,0.6128,0.5688000000000001,0.40559960396039607,0.14184569796110047,0.0044
5234,0.22640000000000002,0.12390769273106916,0.6324,0.0568,0.0112,0.17145814354078415,0.875694386298763,0.22840000000000002,0.576,0.28359999999999996,0.04035925579181966
5235,0.0184,0.05239999999999999,0.292,0.014376237623762379,0.044800000000000006,0.06923836272393731,0.9812000000000001,0.004399999999999999,0.439799603960396,0.32880000000000004,0.012384620440354915
5236,0.0608,0.019200000000000002,0.9348000000000001,0.08557623762376236,0.026000000000000002,0.12164769577572584,0.8808,0.7788,0.1116,0.8347999999999999,0.0004
5237,0.013999999999999999,0.0016,0.5244,0.0046811881188118815,0.0808,0.14581929181929182,0.7048943862987631,0.0248,0.13880000000000003,0.010400000000000001,0.0
5238,0.458,0.0132,0.442,0.07870495049504951,0.1676,0.09821929181929182,0.8948942965779467,0.11839999999999999,0.5650000000000001,0.21400000000000002,0.03079500492934604
5239,0.276,0.0324,0.6811999999999999,0.04228118811881189,0.0432,0.2019348689886587,0.9872,0.0972,0.7473996039603961,0.08376822760536923,0.0156
5240,0.0248,0.0068000000000000005,0.5468000000000001,0.0084,0.0064,0.11225792262613779,0.8029887725975262,0.013600000000000001,0.23159999999999997,0.0324,0.0
5241,0.0124,0.010799999999999999,0.516,0.026799999999999997,0.0412,0.12003858363858363,0.6576943862987631,0.0252,0.6448,0.08960000000000001,0.0003948751642575559
5242,0.36319999999999997,0.1010053821253996,0.8019999999999999,0.04512871287128713,0.0852,0.253212036265826,0.9332,0.013599999999999998,0.6563992079207921,0.11912316831683167,0.0028
5243,0.3512,0.005600000000000001,0.442,0.0815049504950495,0.0312,0.0908,0.8399999999999999,0.022399999999999996,0.3496,0.20400000000000001,0.007200000000000001
5244,0.17560000000000003,0.11473862326842173,0.676,0.0419049504950495,0.04479999999999999,0.115780278688593,0.9116943862987631,0.11039999999999998,0.553198811881188,0.20099607873830863,0.024394873480118304
5245,0.2992,0.18119999999999997,0.6047999999999999,0.0803049504950495,0.132,0.2520388517214923,0.5783365751085905,0.1116,0.6075996039603961,0.31952316831683164,0.046759517006135884
5246,0.1356,0.034800000000000005,0.8131999999999999,0.04479999999999999,0.086,0.256,0.8928719314938155,0.0216,0.46319920792079206,0.09552252964426879,0.023994873480118306
5247,0.0184,0.064,0.7064,0.05600000000000001,0.023600000000000003,0.1416,0.9065886828767098,0.0056,0.0988,0.2476,0.0012000000000000001
5248,0.3412,0.17556955380577427,0.8252,0.03188118811881188,0.09,0.13728898262834693,0.9062831588962892,0.0356,0.4119999999999999,0.2615225296442688,0.0076
5249,0.10559999999999999,0.16760000000000003,0.39920000000000005,0.6133861386138614,0.1056,0.2479997914225312,0.946094386298763,0.045200000000000004,0.4389996039603961,0.16384569796110043,0.005189878409464345
5250,0.2076,0.0772,0.6364,0.04103366336633664,0.07239999999999999,0.22331584525227557,0.7175866793529971,0.1772,0.5941972277227723,0.27820936563221543,0.011199999999999998
5251,0.4524,0.16640000000000002,0.4668,0.04599603960396039,0.0528,0.35742528875634016,0.8203550903901047,0.2956,0.43839960396039607,0.4624901185770751,0.050359388925186654
5252,0.24,0.042,0.6052000000000001,0.05997623762376238,0.0504,0.18143230608022784,0.9776,0.0996,0.600599603960396,0.3235231683168317,0.023600000000000003
5253,0.10880000000000001,0.0756,0.576,0.02472871287128713,0.038,0.31799999999999995,0.9048493869680513,0.0388,0.37639999999999996,0.09232252964426878,0.0008
5254,0.04,0.008400000000000001,0.5168,0.0032,0.09519999999999999,0.2002183733296216,0.7808943862987631,0.0688,0.32720000000000005,0.1012,0.0008
5255,0.33840000000000003,0.246,0.6344000000000001,0.11552475247524752,0.08880000000000002,0.3520193885440829,0.7819550903901048,0.22160000000000002,0.5837968316831683,0.33756302899855206,0.00319000985869208
5256,0.48040000000000005,0.316,0.7811999999999999,0.058288758433365465,0.08514361904761905,0.22523911980440098,0.6061707951507346,0.31000000000000005,0.6033996039603959,0.36089011857707504,0.01758475188958265
5257,0.7080000000000001,0.6456,0.9404,0.013600000000000001,0.11839999999999999,0.3628890763963695,0.5846606143705253,0.48679999999999995,0.3088,0.7675225296442687,0.33036950546330457
5258,0.48840000000000006,0.028800000000000003,0.5692,0.0328,0.10439999999999998,0.23203841956015836,0.8663775451950523,0.05600000000000001,0.2872,0.6184000000000001,0.0008
5259,0.2636,0.10116955380577428,0.8104000000000001,0.12691089108910888,0.029599999999999998,0.17869606443542874,0.9252,0.1476,0.4861992079207921,0.2101682276053692,0.02305817807224785
5260,0.21200000000000002,0.11516906946264745,0.5972000000000001,0.12011485148514851,0.0248,0.24807721444542957,0.5819819328323921,0.1048,0.524799603960396,0.2656291284780652,0.012789880093603595
5261,0.24720000000000003,0.10778639229729312,0.6164,0.07108118811881188,0.0824,0.24225819070904647,0.5231999999999999,0.1132,0.6133980198019802,0.18144505928853755,0.007600000000000001
5262,0.41479999999999995,0.03560000000000001,0.6620000000000001,0.0388,0.1016,0.19579359586352252,0.4638831588962892,0.08320000000000001,0.626,0.15529139592220093,0.005200000000000001
5263,0.0784,0.0252,0.6544000000000001,0.052962376237623766,0.0288,0.1365409353003269,0.3716,0.055999999999999994,0.46479920792079205,0.03264633663366336,0.0
5264,0.2572,0.08356906946264744,0.758,0.0804,0.038400000000000004,0.22771709133029425,0.5276989533777355,0.33199999999999996,0.4894,0.37392252964426875,0.0044
5265,0.14800000000000002,0.066,0.6616,0.0404,0.007200000000000001,0.19843744423426707,0.7340942965779467,0.034800000000000005,0.5849992079207921,0.08080000000000001,0.0012000000000000001
5266,0.019999999999999997,0.029199999999999997,0.404,0.0288,0.0016,0.07330257257638961,0.9864,0.019999999999999997,0.2792,0.1016,0.0068000000000000005
5267,0.236,0.1052,0.7047999999999999,0.07072871287128712,0.134,0.9610195599022004,0.5674468451194409,0.1152,0.736599603960396,0.21679999999999996,0.012399999999999998
5268,0.49400000000000005,0.060399999999999995,0.5920000000000001,0.07451485148514851,0.12080000000000002,0.14447716727716728,0.7228989533777355,0.18359999999999999,0.7298000000000001,0.1567231683168317,0.0004
5269,0.088,0.11443497039934232,0.67,0.08458613861386137,0.012,0.14141814974575653,0.548,0.0472,0.45519920792079205,0.09449267326732674,0.0012000000000000001
5270,0.059199999999999996,0.09559999999999999,0.44400000000000006,0.02632871287128713,0.024,0.09895367181039552,0.876,0.026000000000000002,0.477999603960396,0.3045682276053693,0.00719000985869208
5271,0.1016,0.064,0.4868,0.03915247524752475,0.045200000000000004,0.3004,0.8740267527214712,0.0396,0.37499960396039606,0.08384569796110046,0.0008
5272,0.022,0.024,0.33480000000000004,0.0116,0.40433934426229506,0.1412383627239373,0.3684,0.0024000000000000002,0.3628,0.2823231683168317,0.0
5273,0.1492,0.30393910761154863,0.7428,0.056986138613861384,0.09438423855165068,0.2553155300011046,0.5912264835590223,0.3635999999999999,0.7576,0.188,0.013595004929346038
5274,0.1036,0.15360000000000001,0.68,0.046281188118811885,0.04959999999999999,0.1658579226261378,0.7482831588962892,0.04479999999999999,0.4555992079207921,0.20456758893280633,0.008799999999999999
5275,0.018,0.0636,0.4076000000000001,0.07032871287128713,0.0388,0.08825792262613777,0.9028,0.011199999999999998,0.16199881188118812,0.0789046828161077,0.004000000000000001
5276,0.062,0.0228,0.5744,0.010400000000000001,0.0392,0.10629655343298375,0.8982831588962894,0.0064,0.4232,0.3176,0.0
5277,0.2156,0.047599999999999996,0.5584,0.013600000000000001,0.098,0.13552213247859007,0.739865271170314,0.0576,0.6406000000000001,0.4073688662779321,0.014400000000000001
5278,0.21039999999999998,0.23279999999999998,0.7676000000000001,0.09475247524752474,0.0512,0.8537409602622313,0.9058831588962892,0.1256,0.527799603960396,0.4596,0.017594873480118303
5279,0.04680000000000001,0.010369553805774279,0.4976,0.012776237623762376,0.008,0.08287721444542961,0.9556000000000001,0.018,0.5191992079207921,0.0640145642390326,0.0008
5280,0.0008,0.0036000000000000003,0.2504,0.0044,0.0528,0.10628350434096293,0.9683999999999999,0.009600000000000001,0.25419960396039604,0.051845059288537554,0.0012000000000000001
5281,0.1288,0.1508,0.6088,0.11194851485148513,0.1308,0.5773667804078562,0.479729106807567,0.1496,0.2764,0.0668,0.00679500492934604
5282,0.47119999999999995,0.1504,0.642,0.015599999999999998,0.0884,0.29606247153915777,0.8363326355851569,0.2932,0.45139960396039597,0.4412139255664697,0.029595004929346042
5283,0.01,0.02156955380577428,0.3236,0.10416237623762377,0.004399999999999999,0.0900383627239373,0.8224,0.0036000000000000003,0.38379960396039603,0.15976822760536927,0.0
5284,0.04440000000000001,0.1152,0.8788,0.0112,0.033600000000000005,0.1978181025774942,0.5556,0.5768000000000001,0.4064,0.13232252964426877,0.020800000000000003
5285,0.186,0.2472,0.7652,0.05395247524752476,0.22599999999999998,0.1564383627239373,0.5809885931558936,0.0824,0.44099960396039606,0.3788,0.0108
5286,0.27680000000000005,0.0876,0.6900000000000001,0.12277227722772274,0.10600000000000001,0.7618195599022005,0.8136000000000001,0.1312,0.5617976237623763,0.14788939067819823,0.005600000000000001
5287,0.3944,0.09756955380577428,0.5384,0.09797227722772277,0.07239999999999999,0.248038630806846,0.6963550006692885,0.196,0.5007976237623762,0.22681328689390678,0.0012000000000000001
5288,0.31320000000000003,0.1984,0.8331999999999999,0.032776237623762375,0.2948,0.12520000000000003,0.7772,0.055200000000000006,0.562199603960396,0.28264569796110045,0.013999999999999999
5289,0.26680000000000004,0.04356955380577428,0.5811999999999999,0.05286732673267327,0.024399999999999998,0.13917327888085834,0.7919775451950524,0.142,0.5373992079207921,0.3949046828161077,0.0028
5290,0.034,0.0128,0.6852,0.0064,0.0184,0.10865802663062119,0.9888,0.013600000000000001,0.36819999999999997,0.03952316831683168,0.0
5291,0.44880000000000003,0.1319695538057743,0.7148000000000001,0.0428,0.0684,0.24935393989330418,0.8506607040913415,0.1316,0.5411992079207921,0.23793837122842723,0.0012000000000000001
5292,0.0868,0.144,0.38880000000000003,0.10982574257425741,0.035199999999999995,0.12687694636252095,0.7486831588962892,0.0688,0.5213948514851484,0.06783913278284351,0.005200000000000001
5293,0.0104,0.048400000000000006,0.5932000000000001,0.05875247524752476,0.1012,0.06101907090464549,0.8695550903901047,0.0004,0.42300000000000004,0.24792252964426878,0.0008
5294,0.014799999999999999,0.08956906946264745,0.446,0.004,0.0104,0.25575518597132285,0.7426831588962893,0.0288,0.24699999999999997,0.0252,0.002
5295,0.0056,0.0024000000000000002,0.4952,0.016752475247524753,0.002,0.0412,0.9955999999999999,0.0,0.30379960396039607,0.20112252964426874,0.0008
5296,0.28480000000000005,0.1852,0.6544000000000001,0.14775841584158414,0.1096,0.010400000000000001,0.7709480711833379,0.07880000000000001,0.5651964356435644,0.2725059601612335,0.0392
5297,0.0868,0.20436906946264743,0.7468,0.08637623762376238,0.10999999999999999,0.20685054049455026,0.5713886828767099,0.0188,0.13840000000000002,0.13712252964426877,0.009159124342591925
5298,0.1808,0.10880000000000001,0.7952,0.053481188118811876,0.07154361904761905,0.11923911980440098,0.8684,0.0928,0.711199603960396,0.26639999999999997,0.002789750328515112
5299,0.022000000000000002,0.06393910761154856,0.5908,0.0128,0.0024000000000000002,0.20763483047786227,0.8004,0.0048000000000000004,0.4085996039603961,0.017599999999999998,0.0004
5300,0.0912,0.0252,0.8824,0.031457425742574256,0.1512,0.24260590490246167,0.7745887725975262,0.0324,0.5408000000000001,0.0824,0.002
5301,0.132,0.09258687664041995,0.7428000000000001,0.023952475247524745,0.0644,0.20421955990220048,0.9032,0.0516,0.48519999999999996,0.202,0.006389880093603596
5302,0.2104,0.1,0.8588000000000001,0.162,0.0372,0.19949726334518508,0.5424,0.0644,0.5631999999999999,0.07689075724963801,0.0036000000000000003
5303,0.13440000000000002,0.15107773087997028,0.6256,0.1691049504950495,0.13279999999999997,0.3801540342298288,0.13640000000000002,0.10839999999999998,0.5505992079207921,0.34505898485500724,0.00839000985869208
5304,0.0876,0.046,0.5016,0.0052,0.07120000000000001,0.1704383627239373,0.051977545195052335,0.064,0.6112,0.10784569796110047,0.0012000000000000001
5305,0.17720000000000002,0.19039999999999999,0.7716,0.015176237623762375,0.0104,0.11092819676927257,0.9096,0.05199999999999999,0.2915996039603961,0.22632252964426874,0.0196
5306,0.1332,0.0668,0.5464,0.021976237623762378,0.029199999999999997,0.1228767254478746,0.9667999999999999,0.045200000000000004,0.3879984158415842,0.2443231683168317,0.0048000000000000004
5307,0.604,0.0508,0.7972,0.031176237623762378,0.05394361904761905,0.11141929181929182,0.9976,0.0764,0.6127992079207921,0.11184633663366336,0.005200000000000001
5308,0.06839999999999999,0.0124,0.32480000000000003,0.043148514851485145,0.11240000000000001,0.3244769935307833,0.6298831588962892,0.02,0.45179960396039603,0.2562456979611004,0.002
5309,0.29640000000000005,0.13836955380577426,0.7048,0.18555247524752477,0.05600000000000001,0.16749650626472143,0.4745887725975262,0.0992,0.4444,0.30632252964426876,0.0076
5310,0.0692,0.1771450848460457,0.6316,0.4655287128712871,0.09839999999999999,0.2862975314280938,0.8392,0.008400000000000001,0.6434,0.06672252964426878,0.009200000000000002
5311,0.2344,0.192,0.7952,0.056962376237623756,0.0632,0.11731601899865958,0.7331999999999999,0.124,0.2732,0.37,0.017594873480118307
5312,0.05840000000000001,0.062,0.4164,0.004,0.011200000000000002,0.10505765454322913,0.95,0.008,0.33640000000000003,0.09839999999999999,0.007200000000000001
5313,0.014400000000000001,0.012,0.5836,0.0284,0.035199999999999995,0.2283223560624552,0.9313887725975262,0.0016,0.3444,0.045200000000000004,0.0012000000000000001
5314,0.0068000000000000005,0.007200000000000001,0.4064,0.46449108910891096,0.021599999999999998,0.1402190709046455,0.7369663177925785,0.0024000000000000002,0.6362,0.08719999999999999,0.0012000000000000001
5315,0.7591999999999999,0.009508661417322836,0.5067999999999999,0.016,0.0188,0.05381907090464547,0.8764,0.1008,0.37000000000000005,0.12216758893280633,0.0076
5316,0.4524,0.023969069462647444,0.6668000000000001,0.08206732673267325,0.0516,0.29294115621497324,0.7564494766888678,0.1292,0.39439881188118814,0.17345962352757013,0.0124
5317,0.06799999999999999,0.0448,0.4744,0.045552475247524746,0.1768,0.31799999999999995,0.550830871196362,0.064,0.7636,0.058399999999999994,0.004000000000000001
5318,0.256,0.024769553805774277,0.45519999999999994,0.09425346534653464,0.066,0.2374192918192918,0.8757887725975261,0.0772,0.3437992079207921,0.24345834618244436,0.00839500492934604
5319,0.2576,0.13040000000000002,0.5664,0.06216237623762375,0.22555391068279823,0.994,0.7288354382753344,0.0892,0.6051972277227723,0.2560417766994091,0.014000000000000002
5320,0.5784,0.055169553805774284,0.7532,0.02995247524752475,0.0328,0.1974195599022005,0.9600000000000002,0.09759999999999999,0.782599603960396,0.1023231683168317,0.011600000000000003
5321,0.326,0.2624,0.8028000000000001,0.07738613861386139,0.11120000000000001,0.9888,0.5764800787227807,0.2044,0.48739920792079205,0.3681682276053692,0.05439000985869208
5322,0.28159999999999996,0.2484,0.6556,0.038799999999999994,0.1412,0.23302784300730509,0.6009438629876308,0.1828,0.6362,0.25952252964426875,0.0096
5323,0.0496,0.0804,0.942,0.0016,0.0364,0.16316044803426508,0.6275999999999999,0.666,0.556,0.08664505928853754,0.0064
5324,0.054000000000000006,0.0284,0.4324,0.054304950495049506,0.0132,0.08167694636252094,0.9148,0.0308,0.5003984158415842,0.10512316831683169,0.0032
5325,0.5252,0.029200000000000004,0.4128,0.04268118811881188,0.05,0.38357420970770606,0.27167649857278786,0.3572,0.37839999999999996,0.44800000000000006,0.007600000000000001
5326,0.09880000000000001,0.1115695538057743,0.6492,0.15463366336633663,0.10239999999999998,0.13661929181929183,0.7307774554742361,0.0536,0.4857996039603961,0.15232316831683168,0.0496
5327,0.0656,0.08756955380577428,0.8896000000000001,0.0232,0.047599999999999996,0.14241261959990564,0.7662831588962893,0.0516,0.5808000000000001,0.1116,0.0128
5328,0.0,0.021200000000000004,0.24159999999999998,0.0084,0.016800000000000002,0.09865814354078413,0.8836,0.0,0.47040000000000004,0.055999999999999994,0.0012000000000000001
5329,0.10839999999999998,0.0496,0.3336,0.05696237623762377,0.0132,0.20177815392974313,0.8936,0.0708,0.6164,0.10945834618244432,0.006
5330,0.0016,0.0212,0.45359999999999995,0.0156,0.0332,0.05661929181929182,0.9715999999999999,0.0016,0.3378,0.10400000000000001,0.0124
5331,0.42800000000000005,0.05313910761154857,0.5192,0.022376237623762372,0.11280000000000001,0.16945819070904644,0.36567193149381544,0.10400000000000001,0.2563988118811881,0.5622596235275701,0.0004
5332,0.054799999999999995,0.07359999999999998,0.6264000000000001,0.04392871287128712,0.0844,0.15651611333518425,0.635294386298763,0.0536,0.43360000000000004,0.458,0.0456
5333,0.2312,0.2504,0.8503999999999999,0.030776237623762377,0.0788,0.4153653928250506,0.8471775451950523,0.21839999999999998,0.5344,0.422,0.0191948734801183
5334,0.1956,0.0927381389252949,0.5052,0.11506930693069303,0.1096,0.11585765454322912,0.7744,0.15960000000000002,0.4977992079207921,0.22690276679841898,0.004
5335,0.256,0.03070866141732283,0.638,0.0168,0.154,0.30735464980550553,0.865294386298763,0.0896,0.44619920792079204,0.17755101944977109,0.006
5336,0.2428,0.11996906946264745,0.5252000000000001,0.14771485148514849,0.1444,0.2514579226261378,0.9226831588962892,0.1032,0.518399603960396,0.21353837122842717,0.011200000000000002
5337,0.5204,0.42236955380577423,0.9088,0.075619801980198,0.0432,0.28033464807401237,0.6959325458643407,0.6839999999999999,0.23259881188118808,0.10210404414354479,0.0012000000000000001
5338,0.068,0.0516,0.4192,0.005904950495049505,0.08480000000000001,0.0436,0.7904943862987631,0.0108,0.3432,0.2716,0.002
5339,0.014799999999999999,0.0308,0.6372,0.06771485148514851,0.0484,0.17501890949543894,0.8336,0.0036000000000000003,0.5305996039603961,0.11584569796110047,0.006
5340,0.016,0.0252,0.9863999999999999,0.0084,0.11399999999999999,0.23051633424983056,0.016000000000000004,0.020399999999999998,0.9907999999999999,0.0024000000000000002,0.0
5341,0.1908,0.18276955380577425,0.4076000000000001,0.05284356435643565,0.17160000000000003,0.44368929787951794,0.5436879567892972,0.1244,0.7971999999999999,0.1416,0.0128
5342,0.0596,0.0924,0.7223999999999999,0.03437623762376237,0.0024000000000000002,0.12043779334027656,0.8116943862987631,0.04240000000000001,0.5407976237623762,0.2638735490940398,0.0036000000000000003
5343,0.6944,0.1452,0.7971999999999999,0.06844356435643564,0.0668,0.3266181497457565,0.1150893746115728,0.1296,0.46560000000000007,0.4689827918444019,0.011184620440354913
5344,0.49560000000000004,0.024,0.704,0.015104950495049504,0.06994361904761906,0.1290960172671664,0.9128000000000001,0.146,0.6024,0.27409139592220094,0.016399999999999998
5345,0.08360000000000001,0.0576,0.356,0.018,0.0236,0.08280000000000001,0.9281887725975262,0.0484,0.1196,0.4448,0.0031948734801183045
5346,0.3732,0.1996,0.8384,0.0436,0.0948,0.13027098405533616,0.8356000000000001,0.33999999999999997,0.4718,0.38904569796110045,0.05153927214092532
5347,0.0624,0.021200000000000004,0.5903999999999999,0.009976237623762377,0.026000000000000002,0.1496,0.7828,0.008,0.2452,0.0784,0.0032
5348,0.5064,0.0344,0.4848,0.17289108910891088,0.12156967213114753,0.27961208343408833,0.40658877259752624,0.1212,0.29619999999999996,0.2008913959222009,0.0016
5349,0.29480000000000006,0.07953813892529489,0.554,0.04157623762376238,0.1,0.3493246247143585,0.6445887725975262,0.07880000000000001,0.589599603960396,0.2715370938833014,0.0144
5350,0.046400000000000004,0.044307692731069166,0.40800000000000003,0.11152475247524749,0.008799999999999999,0.07243814180929095,0.8712943862987631,0.024,0.3647992079207921,0.08687026650491136,0.005200000000000001
5351,0.62,0.119816354148392,0.5772,0.1240910891089109,0.1716,0.3610331574972162,0.3233213184618668,0.1928,0.5346,0.3413173310374516,0.0076
5352,0.002,0.082,0.6083999999999999,0.0204,0.004000000000000001,0.21847770344298462,0.9667999999999999,0.0012000000000000001,0.2672,0.046799999999999994,0.0064
5353,0.0924,0.09473910761154855,0.4904,0.04677227722772277,0.07719999999999999,0.053276946362520936,0.8624,0.0108,0.2826,0.1544,0.013599999999999998
5354,0.0252,0.029599999999999998,0.384,0.05190495049504951,0.0316,0.1092,0.9018606143705254,0.018000000000000002,0.5573984158415841,0.0324,0.0044
5355,0.6012,0.054400000000000004,0.7532000000000001,0.042776237623762384,0.0348,0.12461955990220049,0.9780000000000001,0.040400000000000005,0.686199603960396,0.31385834618244435,0.007200000000000001
5356,0.18880000000000002,0.11120000000000001,0.7644,0.04594851485148514,0.12866461548890018,0.23585819070904646,0.8784943862987632,0.076,0.4271996039603961,0.13464505928853757,0.004399999999999999
5357,0.1924,0.04920000000000001,0.6607999999999999,0.04512871287128713,0.0308,0.15,0.6907550006692883,0.1692,0.432399603960396,0.17410340547098188,0.0196
5358,0.168,0.11479999999999999,0.6355999999999999,0.0793108910891089,0.1012,0.28646409294228936,0.4075773657534197,0.1076,0.5036,0.16160000000000002,0.0324
5359,0.058399999999999994,0.09359999999999999,0.7132000000000001,0.014376237623762379,0.0364,0.09003863080684596,0.7121706157091021,0.0184,0.42919999999999997,0.1216,0.002
5360,0.1256,0.04476955380577428,0.6607999999999999,0.02235247524752475,0.019200000000000002,0.21429623818181276,0.9663999999999999,0.0056,0.3806,0.24064633663366336,0.020369375698216067
5361,0.09079999999999999,0.21479999999999996,0.6779999999999999,0.05477623762376238,0.018000000000000002,0.23403885172149233,0.7388942965779468,0.009999999999999998,0.8653996039603961,0.098,0.0204
5362,0.0996,0.0184,0.712,0.04240000000000001,0.010400000000000001,0.1372388517214923,0.9148,0.024399999999999998,0.4728,0.14320000000000002,0.0036000000000000003
5363,0.0948,0.20590866141732284,0.978,0.1191247524752475,0.0416,0.19513524374526953,0.9844719314938155,0.07759999999999999,0.32999920792079207,0.03976822760536923,0.002
5364,0.22759999999999997,0.14800000000000002,0.5864,0.057199999999999994,0.1256,0.0372,0.546870069063322,0.0668,0.37720000000000004,0.1908,0.0056
5365,0.007600000000000001,0.005538623268421722,0.4304,0.0364,0.0016,0.08709623818181275,0.99,0.0004,0.248,0.11192252964426877,0.0076
5366,0.434,0.22236955380577425,0.7488,0.05943366336633663,0.0756,0.24749601726716638,0.8953438629876308,0.21119999999999997,0.5909984158415842,0.37693317262160997,0.054799999999999995
5367,0.2244,0.1288,0.5728,0.028281188118811883,0.0388,0.2731600062049724,0.8033484300666032,0.0704,0.7198,0.252090757249638,0.03318975032851511
5368,0.13920000000000002,0.09,0.8952,0.016399999999999998,0.032,0.16647721444542962,0.8792943862987631,0.11399999999999999,0.8824,0.052000000000000005,0.011600000000000001
5369,0.5652,0.08399999999999999,0.7236,0.04192871287128713,0.08112099644128114,0.19375469697376788,0.8712,0.044399999999999995,0.5061992079207921,0.054400000000000004,0.0092
5370,0.1476,0.10396955380577429,0.5552,0.11957623762376238,0.058800000000000005,0.16461929181929183,0.9144,0.006,0.4058,0.13984505928853758,0.0024000000000000002
5371,0.0156,0.0172,0.6616,0.009176237623762375,0.0032,0.1260383627239373,0.9848719314938155,0.0068000000000000005,0.38280000000000003,0.0412,0.0004
5372,0.12279999999999999,0.034,0.438,0.002,0.1528,0.07381955990220049,0.5843999999999999,0.028000000000000004,0.32120000000000004,0.418,0.0028
5373,0.3888,0.1728,0.8012,0.06548118811881189,0.18276967213114753,0.25847672544787453,0.9311775451950524,0.0492,0.200999603960396,0.12792252964426878,0.0128
5374,0.08080000000000001,0.02356955380577428,0.524,0.04868118811881188,0.03679999999999999,0.14139376960990654,0.9500943862987631,0.006,0.5569992079207922,0.11316622236136657,0.0008
5375,0.9276,0.008,0.4164,0.008,0.0716,0.14505792262613776,0.7948943862987632,0.0724,0.311399603960396,0.3715370938833013,0.0
5376,0.004,0.08,0.11800000000000002,0.1279960396039604,0.184,0.4858432377728222,0.41003928758777625,0.008400000000000001,0.24819999999999998,0.0132,0.0004
5377,0.2716,0.1404,0.6155999999999999,0.07747722772277227,0.1044,0.0930195599022005,0.7988044773581561,0.1368,0.5835952475247523,0.30347418776660273,0.0243847535737219
5378,0.36999999999999994,0.1196,0.5208,0.07747722772277225,0.09640000000000001,0.18814115888419203,0.7998425472029174,0.0732,0.6147944554455446,0.1889827918444018,0.013600000000000001
5379,0.019999999999999997,0.0304,0.488,0.02260990099009901,0.0024000000000000002,0.12483858363858365,0.7729887725975262,0.0308,0.46559762376237623,0.09948811333307245,0.0052
5380,0.4556,0.09240000000000001,0.7739999999999999,0.09432871287128713,0.09319999999999999,0.2701414242978819,0.8704270218839202,0.098,0.3674,0.2352,0.0184
5381,0.1924,0.21439999999999998,0.7571999999999999,0.08792871287128712,0.13520000000000004,0.25233589415203106,0.510494386298763,0.0668,0.47140000000000004,0.3967225296442688,0.0112
5382,0.11639999999999999,0.0608,0.7472,0.0308,0.1592,0.18145765454322912,0.8282607040913416,0.0216,0.4972,0.20519999999999997,0.008799999999999999
5383,0.8592000000000001,0.176,0.9376,0.08105742574257427,0.1272,0.14429601726716643,0.8907999999999999,0.023200000000000002,0.597799603960396,0.24121456423903256,0.058399999999999994
5384,0.058399999999999994,0.09359999999999999,0.7132000000000001,0.014376237623762379,0.0364,0.09003863080684596,0.7121706157091021,0.0184,0.42919999999999997,0.1216,0.002
5385,0.06920000000000001,0.07913813892529489,0.9703999999999999,0.04797623762376237,0.1112,0.22749579635252007,0.17409438629876312,0.046,0.9276,0.03232252964426878,0.001994875164257556
5386,0.1504,0.25030866141732283,0.8276,0.09708118811881188,0.09440000000000001,0.12832208797954653,0.9896,0.0372,0.4421968316831683,0.2700901185770751,0.00559500492934604
5387,0.374,0.32796955380577425,0.7908000000000001,0.060328712871287125,0.1156,0.4074577585477125,0.7579325458643407,0.1212,0.3862,0.31320000000000003,0.0064
5388,0.1012,0.23280000000000003,0.6215999999999999,0.08788118811881188,0.027199999999999995,0.12385819070904644,0.8752000000000001,0.0596,0.541199603960396,0.2392913959222009,0.0196
5389,0.43760000000000004,0.13199999999999998,0.7807999999999999,0.043904950495049506,0.0436,0.27643602319312927,0.8388,0.11320000000000001,0.42259960396039603,0.3045682276053692,0.0032
5390,0.5408,0.05704776902887139,0.8927999999999999,0.14663366336633663,0.13240000000000002,0.39087743536007596,0.4595775451950524,0.06960000000000001,0.8724000000000001,0.060399999999999995,0.0036000000000000003
5391,0.11879999999999999,0.0484,0.4848,0.07792871287128714,0.4324,0.16581907090464548,0.9009887725975261,0.11599999999999999,0.7139984158415842,0.15504505928853757,0.006
5392,0.0156,0.046400000000000004,0.4864,0.05157623762376238,0.1452,0.06563814180929096,0.824332635585157,0.0024000000000000002,0.488199603960396,0.2688,0.0008
5393,0.16319999999999998,0.07476955380577428,0.7548,0.08635247524752475,0.0844,0.0056,0.8946831588962892,0.194,0.4944,0.26952316831683165,0.015999999999999997
5394,0.2604,0.1632,0.7636,0.13483960396039602,0.06720000000000001,0.8860383627239372,0.9,0.13599999999999998,0.46799841584158414,0.3515225296442687,0.012
5395,0.35200000000000004,0.1516,0.8188000000000001,0.08188118811881187,0.0908,0.40837734968101724,0.6980494766888677,0.1776,0.6797996039603961,0.16569139592220092,0.054789878409464345
5396,0.27240000000000003,0.14876906946264745,0.5604,0.027128712871287132,0.0796,0.3282574336285828,0.09778877259752616,0.18319999999999997,0.7619988118811881,0.15912316831683168,0.009600000000000001
5397,0.20599999999999996,0.08280000000000001,0.5984,0.036376237623762374,0.1076,0.0048000000000000004,0.8064493869680515,0.164,0.5058,0.17552316831683168,0.018000000000000002
5398,0.3804,0.0264,0.5176000000000001,0.07926336633663364,0.11279999999999998,0.2152767254478746,0.6748989533777354,0.13879999999999998,0.4717956435643564,0.3286530583493132,0.0016
5399,0.07440000000000001,0.032,0.6152,0.09721980198019801,0.1632,0.44775496505667656,0.46984594791127776,0.0804,0.326,0.05600000000000001,0.004399999999999999
5400,0.3388,0.0844,0.6980000000000001,0.0252,0.0516,0.16181955990220048,0.8577707951507346,0.096,0.783999603960396,0.1469682276053692,0.008400000000000001
5401,0.6344000000000001,0.25999999999999995,0.5404000000000001,0.6985175164245396,0.07680000000000001,0.1817011132306976,0.9844000000000002,0.036000000000000004,0.41599881188118815,0.2224278511329394,0.0036000000000000003
5402,0.008,0.0132,0.3252,0.025576237623762377,0.05960000000000001,0.17421929181929183,0.5684492075264187,0.0024000000000000002,0.366,0.0836,0.0004
5403,0.041600000000000005,0.0088,0.5332000000000001,0.006,0.10639999999999998,0.11741907090464547,0.6652943862987631,0.0036000000000000003,0.5346,0.1032,0.006
5404,0.0052,0.053569553805774286,0.5536,0.031104950495049504,0.019200000000000002,0.12421907090464548,0.8037886828767098,0.002,0.30579999999999996,0.12544505928853755,0.005200000000000001
5405,0.060399999999999995,0.08396955380577427,0.6156,0.044755140186915884,0.22996967213114755,0.06783110717047149,0.8804000000000001,0.0504,0.4372,0.19960000000000003,0.0
5406,0.3124,0.0768,0.7168,0.03352871287128713,0.0208,0.0800767254478746,0.8635999999999999,0.1024,0.5054000000000001,0.18505770750988143,0.0304
5407,0.202,0.0108,0.5448000000000001,0.10735841584158415,0.010400000000000001,0.2628731932017995,0.8888,0.10479999999999998,0.5221988118811881,0.08873645521073846,0.0004
5408,0.1288,0.0068000000000000005,0.6976000000000001,0.014800000000000002,0.0024000000000000002,0.1415471527847408,0.9824000000000002,0.0068000000000000005,0.198,0.20264505928853754,0.0
5409,0.11039999999999998,0.03679999999999999,0.5568,0.012776237623762374,0.0364,0.0673419159646557,0.9548,0.094,0.4733992079207921,0.17624569796110043,0.0
5410,0.086,0.124,0.5164000000000001,0.051457425742574246,0.1288,0.1372772144454296,0.6084943862987631,0.0372,0.4635988118811881,0.2156291284780652,0.005599999999999999
5411,0.22719999999999999,0.044,0.31920000000000004,0.0688,0.1264,0.28443911980440095,0.20809438629876312,0.0308,0.1212,0.04752252964426877,0.004
5412,0.0264,0.08316906946264745,0.5136000000000001,0.011576237623762376,0.0184,0.12007650453322824,0.7527999999999999,0.0076,0.34619999999999995,0.0328,0.016800000000000002
5413,0.2292,0.0232,0.6712,0.007928712871287128,0.0684,0.061819070904645466,0.4276,0.192,0.679399603960396,0.20984505928853756,0.0024000000000000002
5414,0.0408,0.11639999999999999,0.8628,0.014000000000000002,0.0804,0.19563766514891345,0.7818831588962892,0.0284,0.6788000000000001,0.08800000000000001,0.0
5415,0.0956,0.0612,0.8452,0.166419801980198,0.0376,0.3862192918192918,0.6702157944814463,0.0996,0.7739992079207921,0.23959999999999998,0.05279487516425756
5416,0.364,0.3251695538057743,0.7872,0.10505742574257426,0.0588,0.5238789990775322,0.7318157944814463,0.17759999999999998,0.47159881188118813,0.36601328689390683,0.0431948734801183
5417,0.31920000000000004,0.3167695538057743,0.7112,0.08243960396039603,0.10913934426229507,0.36527672544787465,0.7334607040913416,0.17760000000000004,0.6171968316831684,0.2717034054709819,0.0104
5418,0.2084,0.0876,0.6712,0.08660594059405939,0.2032,0.09185841162369279,0.9368943862987631,0.0692,0.6485944554455445,0.18702456854381092,0.0032
5419,0.49560000000000004,0.19319999999999998,0.664,0.038376237623762376,0.0484,0.24677360379998806,0.8774831588962894,0.1668,0.5244,0.5027231683168317,0.04199487516425756
5420,0.1424,0.025999999999999995,0.5048,0.02705742574257426,0.074,0.2939346009057501,0.7728943862987631,0.0484,0.5327996039603959,0.3285053214886705,0.002
5421,0.020399999999999998,0.0024000000000000002,0.07680000000000001,0.060867326732673255,0.0752,0.2626574336285828,0.5748943862987631,0.006,0.31819960396039604,0.3116,0.0028
5422,0.6868000000000001,0.0268,0.5736,0.0192,0.0348,0.07141929181929182,0.7102831588962892,0.0504,0.4756,0.40256822760536926,0.0008
5423,0.0264,0.0896,0.7632000000000001,0.021976237623762378,0.009999999999999998,0.2246584116236928,0.9864,0.0388,0.18400000000000002,0.3556,0.014759257475958914
5424,0.27240000000000003,0.124,0.2812,0.026776237623762376,0.07880000000000001,0.30305765454322914,0.12649438629876308,0.1724,0.871398811881188,0.0856,0.007600000000000001
5425,0.0076,0.0696,0.6519999999999999,0.09945742574257425,0.048,0.160580278688593,0.8652000000000001,0.0004,0.421,0.17272252964426876,0.0068000000000000005
5426,0.3612,0.23473862326842174,0.6355999999999999,0.11559207920792078,0.034,0.2839749667881697,0.7577887725975263,0.0988,0.5043988118811881,0.34305834618244435,0.008000000000000002
5427,0.40360000000000007,0.21394341463414634,0.5704,0.0924,0.0732,0.2710581435407841,0.7058607040913415,0.14120000000000002,0.5526,0.3215231683168317,0.033600000000000005
5428,0.1072,0.0888,0.7544000000000001,0.037176237623762376,0.0372,0.1925150881718119,0.14908306917547293,0.0612,0.4633996039603961,0.08298215317183892,0.002
5429,0.0,0.0696,0.0764,0.025904950495049504,0.0032,0.0900383627239373,0.2004,0.0,0.3066,0.018400000000000003,0.0
5430,0.076,0.03319999999999999,0.8336,0.11028118811881187,0.0256,0.15611508817181188,0.6906607040913416,0.0548,0.3644,0.0556,0.0008
5431,0.01,0.012,0.5828000000000001,0.011176237623762377,0.0008,0.12323836272393732,0.9992000000000001,0.010400000000000001,0.18480000000000002,0.0324,0.0
5432,0.21919999999999998,0.092,0.7044,0.020091089108910894,0.17920000000000003,0.14905819070904644,0.8992535059331175,0.1204,0.5491992079207921,0.2663225296442688,0.017995004929346043
5433,0.004000000000000001,0.027200000000000002,0.6524,0.0112,0.0368,0.14952208797954655,0.9856,0.1204,0.5048,0.0316,0.0004
5434,0.016,0.027200000000000002,0.5864,0.11009108910891088,0.052000000000000005,0.15167694636252094,0.942894386298763,0.0036000000000000003,0.6205968316831684,0.08284177669940908,0.0028
5435,0.0076,0.0172,0.3024,0.0032,0.0488,0.0642832807570978,0.9568,0.027200000000000002,0.4436,0.0596,0.002
5436,0.0124,0.0264,0.45,0.01832871287128713,0.0004,0.08967694636252094,0.9632,0.0224,0.3785992079207921,0.0811231683168317,0.0004
5437,0.4524,0.3236,0.6968,0.04588118811881188,0.03,0.6493613094864928,0.7970831588962893,0.2136,0.4071988118811881,0.42713709388330134,0.051589748644375856
5438,0.0008,0.040799999999999996,0.5856,0.06312871287128713,0.0112,0.12421907090464548,0.834494386298763,0.16040000000000001,0.19339999999999996,0.09401392556646967,0.0032
5439,0.23199999999999998,0.21000000000000002,0.8044,0.011199999999999998,0.088,0.22269623818181272,0.9795999999999999,0.0016,0.23880000000000004,0.35305962352757014,0.01637450053395851
5440,0.1432,0.0828,0.8284,0.10230099009900988,0.0748,0.19771628708156827,0.9663999999999999,0.0328,0.2599988118811881,0.09056758893280632,0.01
5441,0.47119999999999995,0.0252,0.6843999999999999,0.032776237623762375,0.06394361904761905,0.08541907090464548,0.9564943862987632,0.132,0.589399603960396,0.186,0.0036000000000000003
5442,0.0064,0.0172,0.526,0.013576237623762376,0.0472,0.10341929181929181,0.986,0.005599999999999999,0.3512,0.13040000000000002,0.0092
5443,0.0616,0.20276955380577427,0.7824,0.038400000000000004,0.0184,0.1720507614091966,0.8272718417729991,0.029199999999999997,0.2622,0.22912252964426877,0.0016
5444,0.0168,0.0556,0.45600000000000007,0.027928712871287127,0.0364,0.16025743362858277,0.8720719314938155,0.0196,0.29819801980198024,0.18570404414354477,0.0
5445,0.17119999999999996,0.047599999999999996,0.7392000000000001,0.03477623762376238,0.07880000000000001,0.0944,0.8393887725975262,0.007200000000000001,0.4259980198019802,0.19393517786561265,0.0084
5446,0.37039999999999995,0.18556955380577428,0.5828,0.011176237623762375,0.002,0.21295416080795054,0.4732,0.08239999999999999,0.3328,0.13720000000000002,0.006
5447,0.5231999999999999,0.0232,0.53,0.052776237623762365,0.0376,0.08145819070904645,0.6225663177925785,0.0988,0.5836,0.4029682276053692,0.0016
5448,0.064,0.5471695538057743,0.7143999999999999,0.049999999999999996,0.1316,0.3209538927250419,0.6370376212406796,0.1972,0.8008000000000001,0.1024,0.016395004929346042
5449,0.0368,0.0895545419207921,0.6527999999999999,0.04760000000000001,0.0924,0.2635479775861194,0.9391999999999999,0.0032,0.7337988118811881,0.10586026220013305,0.0
5450,0.062,0.0916,0.7784000000000001,0.03677623762376238,0.1912,0.18505814354078415,0.7448943862987631,0.054000000000000006,0.6841980198019801,0.07329139592220092,0.0028
5451,0.2372,0.11314341463414634,0.8752000000000001,0.03797623762376237,0.10840000000000001,0.18941907090464544,0.7261754519505234,0.7300000000000001,0.7140000000000001,0.15824569796110047,0.004
5452,0.5316,0.0912,0.5967999999999999,0.009576237623762376,0.1376,0.27229677434763006,0.5522830691754729,0.048,0.6216,0.13824633663366337,0.0035948734801183047
5453,0.0196,0.0,0.27159999999999995,0.018776237623762376,0.0368,0.0684383627239373,0.9400000000000001,0.0164,0.1972,0.055600000000000004,0.010400000000000001
5454,0.21879999999999997,0.032,0.5136,0.037576237623762374,0.027600000000000003,0.12021907090464548,0.7713887725975261,0.0804,0.27379999999999993,0.1568,0.0044
5455,0.1028,0.06356906946264745,0.6075999999999999,0.08009108910891087,0.0608,0.14371557716936692,0.35468315889628926,0.0824,0.3735964356435644,0.09554910343208234,0.0012000000000000001
5456,0.6756,0.031599999999999996,0.9116,0.005033663366336634,0.1768,0.27767694636252094,0.9823999999999999,0.05639999999999999,0.8692,0.17242593511525067,0.0008
5457,0.0772,0.024739107611548555,0.5268,0.06275247524752475,0.053200000000000004,0.08109623818181276,0.7567775451950524,0.041600000000000005,0.612599603960396,0.07344505928853755,0.004399999999999999
5458,0.1456,0.32999999999999996,0.6396,0.09955247524752475,0.0504,0.2400383627239373,0.6036493869680515,0.3048,0.456199603960396,0.3724901185770751,0.021599999999999998
5459,0.044399999999999995,0.1048,0.8548,0.0304,0.048400000000000006,0.2606579226261378,0.14068315889628924,0.05960000000000001,0.8664,0.0824,0.004400000000000001
5460,0.0432,0.03559999999999999,0.3748,0.08677623762376238,0.08080000000000001,0.07341907090464547,0.8695999999999999,0.005600000000000001,0.39859999999999995,0.0908,0.004000000000000001
5461,0.248,0.2116,0.6763999999999999,0.046,0.10800000000000001,0.19043836272393727,0.3147773657534197,0.1576,0.386,0.38352316831683164,0.01079500492934604
5462,0.03,0.0712,0.9715999999999999,0.02757623762376237,0.09040000000000001,0.3073166023327393,0.0244,0.022,0.9767999999999999,0.0416,0.0012000000000000001
5463,0.2556,0.13230866141732284,0.6103999999999999,0.054914851485148505,0.07519999999999999,0.1826190709046455,0.7553887725975262,0.29200000000000004,0.534798415841584,0.2405198857277032,0.002
5464,0.5256000000000001,0.07033910761154856,0.362,0.03597623762376238,0.036,0.19763748873331063,0.755294386298763,0.09999999999999999,0.5201988118811881,0.39609075724963805,0.0023950049293460403
5465,0.0,0.0252,0.42519999999999997,0.07595247524752476,0.020800000000000003,0.09821929181929182,0.9681887725975262,0.0156,0.1604,0.12161456423903261,0.0008
5466,0.8912000000000001,0.004,0.39120000000000005,0.022328712871287133,0.015599999999999998,0.16883836272393732,0.9088,0.0508,0.37139920792079206,0.2186861973153837,0.0
5467,0.004399999999999999,0.0012000000000000001,0.3356,0.027952475247524755,0.015200000000000002,0.07229623818181276,0.976,0.0212,0.2576,0.1236901185770751,0.0036000000000000003
5468,0.4304,0.23680000000000004,0.41679999999999995,0.07757623762376238,0.08319999999999998,0.18375464980550554,0.9401887725975261,0.1944,0.49420000000000003,0.40076494501624077,0.0024000000000000002
5469,0.0504,0.022799999999999997,0.5900000000000001,0.016376237623762377,0.0752,0.10197523487107837,0.7229886828767098,0.0208,0.6885988118811881,0.16632252964426877,0.0
5470,0.1052,0.122,0.596,0.021481188118811882,0.02,0.0824,0.6392,0.0096,0.368,0.31507354909403984,0.0012000000000000001
5471,0.7699999999999999,0.12070817707419601,0.6092,0.032704950495049505,0.0432,0.33895474414203025,0.4761930705140497,0.3204,0.47759999999999997,0.18841328689390674,0.0036000000000000003
5472,0.27,0.12430866141732284,0.76,0.029176237623762376,0.1416,0.40398471927420576,0.6346692999243887,0.092,0.6553988118811882,0.2026456979611005,0.017599999999999998
5473,0.132,0.2028,0.6224,0.10635247524752475,0.1432,0.11661929181929183,0.5072718417729991,0.0876,0.3356,0.2972,0.0116
5474,0.1972,0.28559999999999997,0.6924,0.0708,0.11000000000000001,0.22401337668036936,0.9368942965779468,0.1916,0.5644,0.25680000000000003,0.0548
5475,0.2448,0.7739999999999999,0.6488,0.045176237623762376,0.0408,0.2937551859713229,0.66602702188392,0.18839999999999998,0.36719999999999997,0.62,0.0008
5476,0.29040000000000005,0.10676955380577428,0.73,0.05390495049504951,0.055600000000000004,0.9837266031984857,0.8128943862987631,0.1252,0.5853996039603961,0.3913675889328063,0.0188
5477,0.39280000000000004,0.0844,0.7696,0.05423366336633663,0.0412,0.1902195599022005,0.8742831588962894,0.09359999999999999,0.6127960396039603,0.21068555864282082,0.005200000000000001
5478,0.1356,0.09,0.696,0.0212,0.015600000000000003,0.0950579226261378,0.7404494766888677,0.10600000000000001,0.4814,0.19656886627793216,0.008000000000000002
5479,0.38639999999999997,0.0764,0.6632,0.05800000000000001,0.0512,0.30665814354078413,0.374237980123945,0.09280000000000002,0.6635992079207921,0.3020139255664697,0.006799999999999999
5480,0.035199999999999995,0.1036,0.6412000000000001,0.1668,0.023200000000000002,0.14673486898865873,0.8915775451950523,0.0188,0.3096,0.1892,0.0752
5481,0.488,0.4824,0.7944,0.3088,0.08386461548890019,0.2124388517214923,0.6776,0.16599999999999998,0.9155999999999999,0.031122529644268777,0.008
5482,0.41079999999999994,0.0396,0.5760000000000001,0.04378613861386139,0.08479999999999999,0.1620383627239373,0.7934157944814462,0.0648,0.4928,0.26445825695613034,0.035199999999999995
5483,0.0796,0.1016,0.52,0.025481188118811882,0.1052,0.2546328422460452,0.668094386298763,0.0748,0.28699960396039603,0.3391225296442688,0.06159000985869208
5484,0.378,0.005200000000000001,0.2984,0.0452,0.014000000000000002,0.22313415907645737,0.8715999999999999,0.0304,0.2877992079207921,0.3165688662779321,0.0027950049293460405
5485,0.3296,0.4568,0.7048,0.27393628318584073,0.03306461548890018,0.2004,0.4720943862987631,0.0208,0.8602000000000001,0.037690118577075105,0.0068000000000000005
5486,0.9896,0.074,0.5688000000000001,0.09797623762376237,0.008400000000000001,0.11247748252833827,0.818894386298763,0.0216,0.28480000000000005,0.11632316831683168,0.164
5487,0.0432,0.030712968439920624,0.5608000000000001,0.0068000000000000005,0.017599999999999998,0.1509019221696281,0.5310831588962892,0.076,0.5236,0.17712252964426878,0.002
5488,0.016399999999999998,0.018400000000000003,0.5800000000000001,0.01,0.0048000000000000004,0.1374574336285828,0.8384,0.0068000000000000005,0.589,0.07479999999999999,0.0016
5489,0.07800000000000001,0.5516,0.7472000000000001,0.015152475247524753,0.0804,0.23203885172149227,0.6708943862987631,0.5327999999999999,0.23160000000000003,0.48319999999999996,0.0032
5490,0.396,0.0412,0.6624000000000001,0.05225742574257426,0.1136,0.1919997582046878,0.6380719314938154,0.1252,0.5401996039603961,0.29432252964426875,0.010389746960236607
5491,0.0628,0.0104,0.45,0.02957623762376238,0.007999999999999998,0.04941929181929182,0.9776,0.0328,0.3032,0.3019225296442688,0.0008
5492,0.0728,0.052000000000000005,0.7204,0.05519999999999999,0.09759999999999999,0.14233567323738472,0.9503999999999999,0.0,0.20600000000000002,0.0844,0.0012000000000000001
5493,0.458,0.3311695538057743,0.8747999999999999,0.040352475247524756,0.22319999999999998,0.1462960172671664,0.6535325458643407,0.15040000000000003,0.5095996039603959,0.30424505928853757,0.010400000000000001
5494,0.22640000000000002,0.008799999999999999,0.6456000000000001,0.04023366336633664,0.094,0.37032191156394373,0.22359999999999997,0.05600000000000001,0.2822,0.098,0.0012000000000000001
5495,0.3668,0.1364,0.5648,0.08274851485148513,0.11079999999999998,0.1890195599022005,0.7644086855538633,0.07039999999999999,0.6097964356435643,0.23499735608343442,0.0128
5496,0.2372,0.0804,0.7619999999999999,0.028399999999999998,0.1412,0.2862190709046455,0.7759591191441791,0.0688,0.5764,0.27040000000000003,0.005200000000000001
5497,0.0648,0.12360000000000002,0.6032,0.029904950495049508,0.0412,0.23455469697376788,0.5417887725975261,0.020800000000000003,0.663199603960396,0.2784278511329394,0.0388
5498,0.5980000000000001,0.024,0.48200000000000004,0.013976237623762378,0.11239999999999999,0.1521155300011046,0.7096943862987631,0.1012,0.3822,0.26,0.019200000000000002
5499,0.2452,0.16760000000000003,0.6468,0.034728712871287135,0.128,0.1496,0.344,0.07680000000000001,0.40479881188118816,0.3551491034320823,0.0072
5500,0.05,0.032769069462647446,0.4664,0.1899762376237624,0.0256,0.08781907090464548,0.8044943862987631,0.057999999999999996,0.20380000000000004,0.17832252964426878,0.0012000000000000001
5501,0.2488,0.1572,0.7008000000000001,0.0248,0.0668,0.1550579226261378,0.8610607040913416,0.2152,0.6502000000000001,0.272,0.022389878409464346
5502,0.07360000000000001,0.0512,0.6444,0.08761980198019802,0.042800000000000005,0.14545787545787547,0.7175999999999999,0.092,0.4787980198019802,0.162387508316049,0.0027847518895826482
5503,0.21400000000000002,0.604,0.8603999999999999,0.065409900990099,0.046799999999999994,0.07247721444542961,0.8928,0.06839999999999999,0.3327992079207921,0.06632252964426878,0.0008
5504,0.0704,0.0252,0.9172,0.011600000000000001,0.07876967213114754,0.23245115607022698,0.473060524649709,0.0516,0.8692,0.0436,0.004000000000000001
5505,0.1544,0.22160000000000002,0.6772,0.07505742574257426,0.019999999999999997,0.17612859143030293,0.9188943862987632,0.0512,0.47359881188118813,0.2681834305169647,0.019999999999999997
5506,0.7692,0.02,0.5912,0.0024000000000000002,0.035199999999999995,0.2335609397010389,0.9768000000000001,0.0556,0.6804,0.3336,0.003194875164257556
5507,0.2876,0.0764,0.6548,0.08275247524752474,0.053200000000000004,0.24175545405423154,0.5836045670789725,0.5096,0.38879920792079214,0.294090757249638,0.004399999999999999
5508,0.0656,0.0412,0.6884,0.027199999999999995,0.0872,0.1316383627239373,0.8933438629876308,0.0112,0.7312000000000001,0.2672,0.0024000000000000002
5509,0.512,0.0476,0.4516,0.016376237623762377,0.11839999999999999,0.08199999999999999,0.8623999999999998,0.0548,0.4004,0.38098470786209054,0.0004
5510,0.7304,0.10600000000000001,0.7268000000000001,0.025176237623762376,0.041600000000000005,0.09221929181929184,0.7676493869680514,0.16040000000000001,0.5021992079207921,0.21319999999999997,0.006
5511,0.1296,0.08,0.5256000000000001,0.058186138613861384,0.1524,0.14945743362858277,0.7349663177925784,0.11400000000000002,0.6383980198019803,0.2280417766994091,0.009584885022949637
5512,0.09079999999999999,0.21479999999999996,0.6779999999999999,0.05477623762376238,0.018000000000000002,0.23403885172149233,0.7388942965779468,0.009999999999999998,0.8653996039603961,0.098,0.0204
5513,0.3024,0.11640000000000002,0.6439999999999999,0.03305742574257426,0.030000000000000006,0.09505765454322912,0.9041438629876308,0.039599999999999996,0.5065999999999999,0.16944569796110048,0.0008
5514,0.1368,0.0784,0.692,0.010376237623762375,0.1004,0.23797394162479737,0.687294386298763,0.10959999999999999,0.5059944554455447,0.2514245685438109,0.004
5515,0.28440000000000004,0.14276955380577427,0.7844,0.09557227722772277,0.1216,0.23159999999999997,0.9795999999999999,0.1004,0.5003984158415842,0.16513581653817555,0.05074926396637249
5516,0.018800000000000004,0.05498590795416628,0.6396,0.06465742574257426,0.0212,0.1158960172671664,0.8388,0.013600000000000001,0.40379960396039605,0.2054709944037882,0.0004
5517,0.072,0.09476906946264745,0.5492,0.014400000000000001,0.0688,0.12872164615025386,0.9800000000000001,0.004,0.2752,0.20400000000000001,0.00959500492934604
5518,0.48,0.18040000000000003,0.7916,0.025952475247524753,0.05194361904761905,0.038400000000000004,0.8754831588962894,0.26759999999999995,0.5726000000000001,0.26792316831683166,0.0076
5519,0.21000000000000002,0.2424,0.6188,0.046400000000000004,0.0668,0.30375367181039553,0.6172493869680514,0.268,0.5493996039603959,0.2849682276053692,0.0048000000000000004
5520,0.007200000000000001,0.0536,0.4316000000000001,0.07672871287128713,0.06999999999999999,0.06483863080684596,0.8932,0.0068000000000000005,0.347,0.1264,0.007600000000000001
5521,0.40639999999999993,0.2155695538057743,0.5227999999999999,0.0216,0.0764,0.19575345089574916,0.5688,0.1328,0.4395992079207921,0.21352252964426874,0.0064
5522,0.048400000000000006,0.0212,0.6928,0.0124,0.06720000000000001,0.21552208797954653,0.8312943862987631,0.0344,0.3184,0.0772,0.0
5523,0.21799999999999997,0.08876955380577428,0.7700000000000001,0.07712871287128711,0.0304,0.2318585156281762,0.6282157047606299,0.07160000000000001,0.5917996039603961,0.10569011857707508,0.013600000000000001
5524,0.2844,0.126,0.7132,0.0996,0.059199999999999996,0.321171647809768,0.8739101807802093,0.06720000000000001,0.6498,0.19945962352757013,0.01199500492934604
5525,0.0412,0.078,0.47759999999999997,0.0068000000000000005,0.1044,0.09327694636252094,0.5697887725975262,0.044,0.274999603960396,0.3500139255664697,0.0016
5526,0.1984,0.004399999999999999,0.4812,0.009600000000000001,0.0432,0.11963836272393731,0.8884000000000001,0.06040000000000001,0.2937992079207921,0.25145834618244434,0.0028
5527,0.0196,0.1339695538057743,0.6196,0.060304950495049504,0.0752,0.2710576545432291,0.7816943862987631,0.008799999999999999,0.33699999999999997,0.4096411380268462,0.0004
5528,0.7404000000000002,0.07120000000000001,0.6567999999999999,0.02166732673267327,0.0636,0.22952145909044602,0.8709887725975263,0.1924,0.49559999999999993,0.269290757249638,0.0024000000000000002
5529,0.0524,0.06799999999999999,0.47519999999999996,0.04755247524752475,0.1456,0.24927797152589326,0.2868,0.053599999999999995,0.7864,0.135781514499276,0.006784623808633416
5530,0.1336,0.0196,0.23640000000000003,0.0367049504950495,0.0676,0.13803836272393732,0.600777455474236,0.1004,0.27879920792079205,0.19131605369232574,0.002
5531,0.3176,0.0872,0.7888,0.02757623762376237,0.0452,0.278696344855515,0.9192,0.11399999999999999,0.8085992079207921,0.1435225296442688,0.020395004929346042
5532,0.1848,0.0596,0.4708,0.012376237623762377,0.092,0.14643858363858367,0.9567775451950522,0.0304,0.34399960396039597,0.10144505928853756,0.0028
5533,0.1252,0.034,0.5812,0.10816237623762374,0.08152099644128113,0.29716022711961876,0.5223326355851571,0.068,0.37140000000000006,0.20178215317183895,0.015184755257861154
5534,0.4184,0.0476,0.5,0.09258613861386138,0.1372,0.22399999999999998,0.8005887725975261,0.0616,0.37,0.2871225296442688,0.0036000000000000003
5535,0.05840000000000001,0.1068,0.6068,0.038352475247524755,0.057999999999999996,0.2565551859713229,0.6736310511281699,0.0284,0.3267988118811881,0.2955225296442687,0.0172
5536,0.2084,0.0784,0.7076,0.02296237623762376,0.18916967213114752,0.040400000000000005,0.5435456190555437,0.0524,0.5172000000000001,0.14962593511525063,0.0092
5537,0.39,0.1712,0.6132000000000001,0.11440000000000002,0.0596,0.18291557716936693,0.8416,0.134,0.6237999999999999,0.31929203459476385,0.058399999999999994
5538,0.2428,0.0424,0.382,0.022328712871287133,0.1528,0.14167672544787463,0.7996494766888678,0.16160000000000002,0.5072,0.31160000000000004,0.06639487516425756
5539,0.1196,0.0048000000000000004,0.18960000000000002,0.013600000000000001,0.07719999999999999,0.13345792262613781,0.2235775451950523,0.0252,0.14839999999999998,0.05800000000000001,0.0
5540,0.4848,0.14240000000000003,0.7644,0.038376237623762376,0.05720000000000001,0.2453791136336751,0.8633887725975262,0.0424,0.7346,0.2623225296442688,0.0128
5541,0.2472,0.1196,0.3236,0.05872871287128713,0.08080000000000001,0.22643858363858366,0.8594831588962892,0.14040000000000002,0.31979920792079203,0.27113517786561264,0.0256
5542,0.752,0.024,0.6752,0.06515247524752475,0.030400000000000003,0.06040000000000001,0.9212,0.0376,0.1904,0.128,0.020399999999999998
5543,0.2412,0.2996,0.6480000000000001,0.05597623762376237,0.09676967213114754,0.5641189052186609,0.81978868287671,0.1516,0.505,0.4484,0.02957437076887003
5544,0.2716,0.41080000000000005,0.6176,0.2003762376237624,0.0356,0.27985814354078414,0.5036717520521827,0.0256,0.8756,0.18224569796110046,0.0032
5545,0.0032,0.0004,0.5868,0.013152475247524753,0.0,0.09047650453322825,0.9972,0.0108,0.2044,0.04640000000000001,0.0
5546,0.35520000000000007,0.118,0.6852,0.04183366336633663,0.0764,0.3843351370715674,0.8673438629876309,0.11879999999999999,0.5566,0.16432316831683166,0.0068000000000000005
5547,0.21480000000000002,0.16473910761154859,0.4596,0.04943366336633663,0.1464,0.48095438172259686,0.40534359382518187,0.2544,0.27879960396039605,0.2088913959222009,0.023979628737979458
5548,0.06040000000000001,0.0032,0.3696,0.013976237623762374,0.0196,0.0708,0.9228000000000002,0.0004,0.25,0.12840000000000001,0.0016
5549,0.16160000000000002,0.2152,0.6368,0.03206732673267327,0.1248,0.2615607632854361,0.6165663177925784,0.09559999999999999,0.4766,0.4762456979611004,0.039194875164257556
5550,0.0092,0.004399999999999999,0.612,0.03477623762376238,0.045200000000000004,0.1897027961602547,0.9801887725975261,0.0,0.2172,0.05720000000000001,0.007600000000000001
5551,0.2912,0.0204,0.7047999999999999,0.007200000000000001,0.0372,0.12925000432873296,0.8572000000000001,0.072,0.46880000000000005,0.15360000000000001,0.004000000000000001
5552,0.057199999999999994,0.0556,0.9704,0.1012,0.11472099644128113,0.24953665123249474,0.0728,0.0288,0.9632000000000002,0.044722529644268774,0.005200000000000001
5553,0.34120000000000006,0.21799999999999997,0.6876,0.037267326732673266,0.044,0.21292709219604083,0.8705663177925785,0.2476,0.536199603960396,0.44155038077720815,0.026794873480118303
5554,0.053200000000000004,0.029599999999999998,0.5676,0.07286732673267327,0.0756,0.1348383627239373,0.6687101807802094,0.018400000000000003,0.4239984158415841,0.08,0.0
5555,0.06439999999999999,0.20544954678830285,0.5995999999999999,0.14225742574257424,0.08399999999999999,0.2759356732373847,0.734,0.0132,0.3785992079207921,0.076,0.009600000000000001
5556,0.0588,0.029543414634146344,0.49160000000000004,0.021881188118811883,0.044,0.04901907090464548,0.8816943862987632,0.0048000000000000004,0.3342,0.11744505928853757,0.017599999999999998
5557,0.2984,0.24630866141732283,0.7128,0.037176237623762376,0.1032,0.7773805441022829,0.886094386298763,0.23279999999999998,0.4324,0.31216822760536916,0.013999999999999999
5558,0.5811999999999999,0.05639999999999999,0.39440000000000003,0.0224,0.0772,0.2246192918192918,0.8749887725975262,0.11120000000000001,0.5948,0.0484,0.0008
5559,0.1592,0.035507692731069164,0.4071999999999999,0.04813861386138614,0.052000000000000005,0.14005066707267194,0.8848,0.0324,0.5671976237623763,0.17570532148867063,0.0108
5560,0.13920000000000002,0.136,0.6844,0.028728712871287126,0.07840000000000001,0.2534195599022005,0.6570830691754729,0.1356,0.5116,0.2384,0.0092
5561,0.2752,0.027599999999999996,0.6216,0.10230495049504951,0.057999999999999996,0.24741929181929181,0.792777455474236,0.037200000000000004,0.7403996039603961,0.04664569796110046,0.0104
5562,0.3708,0.07396906946264745,0.6612,0.03275247524752475,0.0448,0.14887204495520692,0.9184000000000001,0.09559999999999999,0.509,0.1475377325558643,0.01
5563,0.2624,0.05074341463414633,0.7931999999999999,0.09803960396039603,0.061999999999999986,0.20665814354078416,0.9737887725975263,0.0336,0.6299976237623761,0.09624569796110047,0.0016
5564,0.47000000000000003,0.0224,0.4704,0.0216,0.17240000000000003,0.15243863080684597,0.5976,0.09679999999999998,0.4800000000000001,0.23800000000000004,0.001184885022949636
5565,0.0004,0.0344,0.5004,0.024257425742574258,0.0008,0.08669650626472143,0.9847999999999999,0.0008,0.557199207920792,0.03552316831683169,0.008
5566,0.1632,0.06793910761154856,0.6731999999999999,0.05745742574257425,0.06920000000000001,0.0128,0.5541887725975262,0.088,0.6269988118811881,0.18224569796110046,0.0116
5567,0.2616,0.4056,0.6232,0.0587049504950495,0.1406646154889002,0.32304448854104534,0.7954831588962892,0.08120000000000001,0.3525988118811881,0.18481456423903259,0.0016
5568,0.6132,0.3411695538057743,0.9452,0.0721148514851485,0.0316,0.2518195599022005,0.7462830691754728,0.6432,0.07859722772277228,0.054735816538175566,0.0
5569,0.2344,0.048799999999999996,0.5272,0.0124,0.0608,0.11291557716936688,0.8295999999999999,0.0836,0.862599603960396,0.1312,0.014395004929346042
5570,0.0304,0.014000000000000002,0.316,0.03232871287128713,0.0004,0.11181929181929182,0.9248,0.0032,0.1216,0.07393581653817556,0.0016
5571,0.024399999999999998,0.024399999999999998,0.6064,0.04037623762376237,0.0076,0.036,0.9932000000000001,0.0608,0.2824,0.1024,0.0012000000000000001
5572,0.018,0.033999999999999996,0.4264,0.010776237623762376,0.0008,0.11625743362858279,0.8948,0.0072,0.3156,0.0372,0.0011950049293460402
5573,0.13679999999999998,0.1444,0.6272,0.0797148514851485,0.0976,0.18105867970660147,0.8073887725975262,0.06999999999999999,0.43479999999999996,0.32520000000000004,0.01519000985869208
5574,0.0036000000000000003,0.016,0.33880000000000005,0.0048000000000000004,0.0436,0.0722832807570978,0.9603999999999999,0.0212,0.45280000000000004,0.055600000000000004,0.002
5575,0.09200000000000001,0.0324,0.9016,0.12275247524752475,0.0964,0.20451579808401324,0.9517887725975263,0.048,0.9624,0.055200000000000006,0.0096
5576,0.2508,0.2172,0.7956,0.1646772277227723,0.1628,0.4606570851595683,0.7709662280717622,0.19360000000000005,0.6455992079207921,0.27850468281610774,0.021194875164257554
5577,0.12840000000000001,0.1196,0.678,0.10707722772277226,0.028800000000000003,0.17975116472769287,0.7558607040913415,0.0836,0.46779841584158416,0.31942456854381096,0.028779889952295672
5578,0.2496,0.2123695538057743,0.26880000000000004,0.017976237623762374,0.11920000000000001,0.5162707159724275,0.40117754519505233,0.20999999999999996,0.0744,0.0683225296442688,0.027194875164257552
5579,0.1712,0.2024,0.7988000000000001,0.05209108910891088,0.122,0.4290960296043439,0.45247193149381537,0.182,0.5900000000000001,0.27799999999999997,0.0116
5580,0.0608,0.045200000000000004,0.7283999999999999,0.04460990099009902,0.029599999999999998,0.18843858363858368,0.8091326355851569,0.0232,0.640799603960396,0.11632252964426877,0.0028
5581,0.2592,0.0908,0.5356,0.0364,0.1716,0.19203725717445924,0.7128719314938154,0.19880000000000003,0.49960000000000004,0.2676,0.1463796270538402
5582,0.30999999999999994,0.0636,0.5908,0.05677623762376238,0.022,0.07283858363858366,0.9376,0.07,0.4205976237623762,0.3467364552107385,0.008394875164257557
5583,0.07520000000000002,0.004400000000000001,0.5691999999999999,0.04035247524752475,0.0008,0.11599999999999999,0.8924943862987631,0.0024000000000000002,0.22079999999999997,0.2075225296442688,0.0016
5584,0.22000000000000003,0.1508,0.612,0.11390495049504949,0.0796,0.7274550935292726,0.7584268424422874,0.0756,0.5447976237623763,0.22274846475951943,0.012400000000000001
5585,0.0784,0.074,0.6604,0.018376237623762375,0.08879999999999999,0.1512767254478746,0.6936943862987631,0.0164,0.24299960396039602,0.07840000000000001,0.010400000000000001
5586,0.10919999999999999,0.22360000000000002,0.7496,0.049600000000000005,0.0696,0.2024,0.8359550006692883,0.076,0.5913999999999999,0.124,0.0064
5587,0.02,0.0004,0.3532,0.028800000000000003,0.014799999999999999,0.06483836272393731,0.9427999999999999,0.010399999999999998,0.43739999999999996,0.084,0.0004
5588,0.005200000000000001,0.08480000000000001,0.5995999999999999,0.02917623762376238,0.098,0.10705770171149143,0.8673438629876309,0.01,0.36079999999999995,0.5508,0.0064
5589,0.4016,0.0712,0.45280000000000004,0.036,0.06960000000000001,0.07229650626472142,0.831694386298763,0.1308,0.4356,0.2959225296442688,0.0156
5590,0.5204,0.42236955380577423,0.9088,0.075619801980198,0.0432,0.28033464807401237,0.6959325458643407,0.6839999999999999,0.23259881188118808,0.10210404414354479,0.0012000000000000001
5591,0.2924,0.04240000000000001,0.6764,0.013081188118811881,0.1212,0.138,0.4607775451950523,0.0528,0.7435996039603959,0.128,0.0012000000000000001
5592,0.38,0.148,0.6355999999999999,0.0388,0.10759999999999999,0.2880778101166868,0.7388,0.138,0.349799207920792,0.4824913959222009,0.014389880093603596
5593,0.0012000000000000001,0.002,0.38360000000000005,0.1644,0.0004,0.11101929181929182,0.6865887725975262,0.0012000000000000001,0.3556,0.0388,0.0
5594,0.0392,0.0923381389252949,0.9924,0.0036000000000000003,0.0728,0.2126957963525201,0.059199999999999996,0.024,0.992,0.0084,0.0024000000000000002
5595,0.4156000000000001,0.2044,0.5564,0.059199999999999996,0.1272,0.3794192918192918,0.6869437732668144,0.1396,0.544799603960396,0.2382463366336634,0.036795004929346044
5596,0.09999999999999999,0.0224,0.48440000000000005,0.03912871287128713,0.004,0.17013774087906117,0.8775999999999999,0.0008,0.124,0.04752252964426878,0.005600000000000001
5597,0.06999999999999999,0.0036000000000000003,0.5416000000000001,0.0332,0.0064,0.13901929181929182,0.826894386298763,0.0,0.1656,0.0896,0.0004
5598,0.3196,0.21276955380577428,0.5536,0.03992871287128713,0.058399999999999994,0.33203885172149233,0.5363820225532085,0.044399999999999995,0.8782,0.0512,0.022799999999999997
5599,0.29359999999999997,0.11199999999999999,0.7156,0.0348,0.086,0.3121539870615665,0.7806607040913416,0.16440000000000002,0.5869996039603962,0.29776822760536925,0.022799999999999997
5600,0.1492,0.19119999999999998,0.7332,0.046376237623762376,0.038,0.09861929181929183,0.7168942965779468,0.045599999999999995,0.5167999999999999,0.05952316831683169,0.0
5601,0.2484,0.21719999999999998,0.6468,0.03395247524752475,0.0528,0.7614547551877624,0.958494386298763,0.12679999999999997,0.5056,0.40264569796110045,0.014394873480118303
5602,0.12279999999999999,0.16640000000000002,0.5528000000000001,0.07672871287128713,0.1404,0.24713437999110371,0.7047550006692883,0.0844,0.595799603960396,0.20016886627793212,0.0064
5603,0.0856,0.018,0.7459999999999999,0.0383009900990099,0.0376,0.14505770171149143,0.9076000000000001,0.0428,0.5522,0.1272,0.0036000000000000003
5604,0.374,0.10880000000000001,0.668,0.09315247524752475,0.0804,0.7744777034429846,0.7250202718396024,0.0784,0.6559996039603961,0.2300913959222009,0.007200000000000001
5605,0.0316,0.0964,0.454,0.020399999999999998,0.0036000000000000003,0.15743110717047148,0.9336943862987631,0.0736,0.512199603960396,0.19912252964426877,0.017184883338810387
5606,0.28559999999999997,0.06353910761154855,0.5608000000000001,0.02416237623762376,0.03,0.21251535625472057,0.7000045670789726,0.15560000000000002,0.6101984158415842,0.23794974210464526,0.0056
5607,0.15040000000000003,0.1024,0.624,0.0028,0.1532,0.0928,0.5972000000000001,0.0152,0.2412,0.5356,0.0008
5608,0.0,0.004,0.5932,0.07797227722772278,0.011600000000000001,0.078,0.8468,0.0012000000000000001,0.22679999999999997,0.060399999999999995,0.0012000000000000001
5609,0.22399999999999998,0.1807695538057743,0.7467999999999999,0.0232,0.0444,0.28900665729272085,0.3948718417729991,0.188,0.6578,0.14304633663366337,0.009600000000000001
5610,0.1292,0.0668,0.6896,0.038799999999999994,0.013600000000000001,0.07069650626472143,0.9106831588962893,0.0988,0.6946,0.23849011857707508,0.0027950049293460405
5611,0.056400000000000006,0.08800000000000001,0.3648,0.13243564356435641,0.0012000000000000001,0.06087672544787459,0.9768000000000001,0.0332,0.49019524752475246,0.08999598951199468,0.0044
5612,0.5044000000000001,0.053200000000000004,0.4276,0.0084,0.12079999999999999,0.064,0.8692,0.0396,0.2964,0.3108,0.0008
5613,0.15360000000000001,0.0784,0.5908,0.06877623762376238,0.23679999999999998,0.16423186425093517,0.9308943862987631,0.09280000000000002,0.4905988118811881,0.16762721246037648,0.0144
5614,0.3588,0.1336,0.6491999999999999,0.06714851485148514,0.11839999999999999,0.1582832807570978,0.8040089547163122,0.0752,0.6687972277227723,0.1867377325558643,0.012799999999999997
5615,0.19039999999999999,0.0376,0.42560000000000003,0.09164356435643564,0.04959999999999999,0.14185792262613778,0.7653886828767098,0.22240000000000001,0.40279881188118816,0.22616822760536923,0.027189878409464345
5616,0.11000000000000001,0.0932,0.7968,0.05277623762376238,0.055200000000000006,0.11763858363858364,0.8036,0.10400000000000001,0.6669999999999999,0.078,0.016
5617,0.022799999999999997,0.047200000000000006,0.9315999999999999,0.013952475247524753,0.08872099644128115,0.37245102949210535,0.011199999999999998,0.029599999999999998,0.11960000000000001,0.7829688662779322,0.0012000000000000001
5618,0.3236,0.08480000000000001,0.4396000000000001,0.0268,0.04,0.161639119804401,0.8196,0.1376,0.4812,0.21200000000000002,0.006
5619,0.10840000000000001,0.016,0.446,0.014800000000000002,0.0856,0.0868383627239373,0.938,0.0356,0.4008,0.0352,0.0004
5620,0.14800000000000002,0.264,0.8112,0.12308385305820302,0.13879999999999998,0.1748774825283383,0.5990607040913416,0.084,0.6607999999999999,0.26880000000000004,0.02873940695843156
5621,0.3048,0.056799999999999996,0.592,0.0468,0.1152,0.29611628708156823,0.5905932499556823,0.2124,0.4232,0.3106450592885376,0.0076
5622,0.0044,0.0016,0.4700000000000001,0.0068000000000000005,0.006,0.0934576545432291,0.9156000000000001,0.010785269803096346,0.25680000000000003,0.0524,0.0004
5623,0.09999999999999999,0.13113862326842174,0.638,0.041786138613861386,0.07880000000000001,0.37043836272393726,0.5186648225662325,0.07359999999999998,0.5172000000000001,0.14040000000000002,0.008390009858692081
5624,0.152,0.053200000000000004,0.3036,0.11133861386138613,0.0732,0.32917394162479735,0.646,0.032799999999999996,0.24559920792079204,0.12822520721637382,0.0004
5625,0.0,0.0012000000000000001,0.4908,0.07020990099009901,0.0012000000000000001,0.06941907090464547,0.8172,0.0008,0.2278,0.02112252964426877,0.013600000000000001
5626,0.44160000000000005,0.09876955380577426,0.794,0.045457425742574255,0.06760000000000001,0.9436774825283383,0.6690828897338402,0.198,0.5659992079207921,0.24184505928853756,0.0204
5627,0.13879999999999998,0.03304728468574456,0.5604,0.0064,0.0076,0.05985792262613778,0.9604000000000001,0.0312,0.562,0.27999999999999997,0.0004
5628,0.44799999999999995,0.14279999999999998,0.64,0.03877623762376238,0.053200000000000004,0.22465792262613782,0.478260524649709,0.33520000000000005,0.5637996039603961,0.33976822760536923,0.012
5629,0.022,0.0016,0.2864,0.01392871287128713,0.038400000000000004,0.0632383627239373,0.9843999999999999,0.0036000000000000003,0.5335996039603961,0.0556,0.0008
5630,0.39479999999999993,0.1192,0.5424,0.07667722772277226,0.09359999999999999,0.15560000000000002,0.7922425472029173,0.08320000000000001,0.5425968316831684,0.19906026220013304,0.014799999999999999
5631,0.2124,0.19516955380577428,0.5968,0.0883049504950495,0.033999999999999996,0.1669541136396882,0.71,0.1508,0.4475956435643565,0.37844113802684615,0.0256
5632,0.11440000000000002,0.0016,0.2784,0.021200000000000004,0.0716,0.10945743362858278,0.82,0.0588,0.3586,0.35441584158415845,0.0008
5633,0.2464,0.022,0.46840000000000004,0.037152475247524755,0.1384,0.1576383627239373,0.6132718417729992,0.12840000000000001,0.36239801980198016,0.39218406918952764,0.0032
5634,0.04360000000000001,0.022399999999999996,0.5871999999999999,0.011576237623762376,0.041600000000000005,0.08759999999999998,0.9264000000000001,0.027199999999999995,0.442,0.14032252964426878,0.007600000000000001
5635,0.052000000000000005,0.0716,0.6887999999999999,0.021176237623762372,0.027199999999999995,0.1340772144454296,0.903083069175473,0.023600000000000003,0.7407988118811881,0.06569075724963801,0.0184
5636,0.2008,0.1568,0.7188,0.10952871287128711,0.10880000000000001,0.23251633424983056,0.571694386298763,0.07680000000000001,0.43959960396039605,0.3910450592885375,0.0104
5637,0.046,0.014800000000000002,0.5948,0.0064,0.008400000000000001,0.15185765454322914,0.752894386298763,0.0016,0.5188,0.04432252964426878,0.0008
5638,0.06520000000000001,0.06716955380577429,0.5388,0.1098811881188119,0.03400000000000001,0.16789623818181276,0.9441663177925786,0.0816,0.5993992079207922,0.22530404414354482,0.0008
5639,0.11480000000000001,0.007600000000000001,0.4316,0.06668118811881188,0.084,0.18443836272393727,0.7724,0.008400000000000001,0.2756,0.19344633663366334,0.0004
5640,0.004000000000000001,0.029199999999999997,0.3016,0.0032,0.0536,0.07923836272393729,0.5644,0.0008,0.26659881188118806,0.446091395922201,0.0
5641,0.5856,0.03396955380577428,0.8320000000000001,0.005576237623762377,0.17,0.3013150881718119,0.9020000000000001,0.0968,0.44220000000000004,0.5036,0.015590009858692078
5642,0.63,0.1956,0.40840000000000004,0.019200000000000002,0.1244,0.1850687599822074,0.8247550903901045,0.5272,0.2798,0.5357695049504951,0.07075465338470965
5643,0.23520000000000002,0.0728,0.32839999999999997,0.030776237623762377,0.022800000000000004,0.2647710398810643,0.40440000000000004,0.0632,0.6880000000000001,0.1524,0.029599999999999998
5644,0.24359999999999998,0.10200000000000001,0.4904,0.0124,0.045200000000000004,0.12061907090464548,0.7852943862987631,0.08199999999999999,0.39259999999999995,0.49281456423903264,0.0108
5645,0.336,0.2948,0.8036,0.0343049504950495,0.11879999999999999,0.3240771672771673,0.6889437732668146,0.17839999999999998,0.5445988118811881,0.37898279184440187,0.0028
5646,0.1372,0.0428,0.4304,0.0164,0.016,0.07305792262613778,0.6004,0.13160000000000002,0.393,0.3601827918444019,0.008
5647,0.07800000000000001,0.5516,0.7472000000000001,0.015152475247524753,0.0804,0.23203885172149227,0.6708943862987631,0.5327999999999999,0.23160000000000003,0.48319999999999996,0.0032
5648,0.256,0.0436,0.6188,0.06999999999999999,0.1036,0.3126584116236928,0.5644763191311553,0.22759999999999997,0.4048,0.29536822760536924,0.016394875164257555
5649,0.2444,0.047599999999999996,0.8972,0.1287762376237624,0.1046646154889002,0.2007859573379708,0.6496719314938153,0.0616,0.8736,0.13679999999999998,0.03397463366732549
5650,0.010400000000000001,0.0,0.6068,0.014376237623762375,0.0008,0.07723836272393729,0.994,0.0128,0.1792,0.0176,0.0
5651,0.25680000000000003,0.1492,0.5172,0.0344,0.041999999999999996,0.1618832807570978,0.946683069175473,0.0676,0.5128,0.1867231683168317,0.002
5652,0.2488,0.09996955380577428,0.7727999999999999,0.08877623762376238,0.07120000000000001,0.26261868591157383,0.3333661383509459,0.10840000000000001,0.5233996039603961,0.17839999999999998,0.010400000000000001
5653,0.0132,0.03319999999999999,0.2932,0.011976237623762376,0.0204,0.21993589415203108,0.7809662280717621,0.013600000000000001,0.33680000000000004,0.0172,0.0008
5654,0.5292000000000001,0.0252,0.3444,0.048,0.0376,0.12501907090464548,0.6112,0.1644,0.3102,0.3462456979611005,0.0056
5655,0.15360000000000001,0.0832,0.5736000000000001,0.025176237623762376,0.0268,0.16385792262613777,0.800143862987631,0.16920000000000002,0.6811988118811881,0.19513645521073847,0.010795004929346042
5656,0.4508,0.29196955380577433,0.7071999999999999,0.05675247524752475,0.0236,0.6315634093697662,0.7994831588962892,0.22240000000000001,0.4269988118811881,0.4314596235275701,0.027589878409464343
5657,0.029199999999999997,0.029199999999999997,0.7424,0.007576237623762377,0.027600000000000003,0.07661929181929183,0.954,0.0008,0.236,0.1383636676711149,0.0068000000000000005
5658,0.384,0.1528,0.6264000000000001,0.004376237623762377,0.2011696721311475,0.1870416924150371,0.7002831588962892,0.0848,0.6162,0.28664505928853756,0.010784885022949636
5659,0.27359999999999995,0.155908177074196,0.6556,0.0252,0.10600000000000001,0.2754965062647214,0.6672268424422874,0.1632,0.5336,0.2696132868939068,0.007200000000000001
5660,0.028800000000000003,0.0232,0.4284,0.008376237623762377,0.0012000000000000001,0.06865743362858277,0.9279999999999999,0.011600000000000003,0.4715999999999999,0.0512,0.00559500492934604
5661,0.14200000000000002,0.098,0.7844,0.032728712871287126,0.0436,0.26397301079794966,0.19698868287670984,0.0976,0.38139999999999996,0.12498151449927601,0.0112
5662,0.0076,0.046799999999999994,0.2924,0.0508,0.058800000000000005,0.2013764188541695,0.7240000000000001,0.0036000000000000003,0.158,0.015600000000000003,0.0
5663,0.2052,0.21760000000000002,0.7859999999999999,0.07566732673267326,0.0996,0.12287770344298463,0.5827408725349387,0.124,0.501,0.10712252964426879,0.0172
5664,0.2764,0.3004,0.648,0.06520000000000001,0.08919999999999999,0.25567721444542957,0.8506830691754729,0.0932,0.6184000000000001,0.28400000000000003,0.018784883338810385
5665,0.322,0.1524,0.516,0.09437227722772278,0.13,0.017819291819291823,0.7879368437808643,0.12840000000000001,0.6481976237623762,0.1869967174108715,0.0164
5666,0.38320000000000004,0.27673862326842175,0.7100000000000001,0.05277623762376238,0.046799999999999994,0.43264068352185714,0.7188942965779468,0.14,0.38780000000000003,0.4610456979611005,0.028000000000000004
5667,0.05399999999999999,0.3116,0.8984,0.0128,0.048799999999999996,0.1868774825283383,0.7277887725975262,0.3092,0.3128,0.6023225296442688,0.0012000000000000001
5668,0.3276,0.2344,0.6416,0.0644,0.057600000000000005,0.6454560922377931,0.8964000000000001,0.126,0.441399603960396,0.30496822760536924,0.0268
5669,0.16640000000000002,0.1044,0.39,0.05510099009900989,0.16840000000000002,0.4443739887930597,0.5175219081591678,0.1012,0.8452,0.0972,0.0112
5670,0.0064,0.0372,0.4772,0.0032,0.009999999999999998,0.12243836272393731,0.9197887725975262,0.0556,0.5346,0.1224,0.0024000000000000002
5671,0.013600000000000001,0.024,0.42560000000000003,0.005952475247524752,0.054000000000000006,0.36567677261613696,0.5320492075264188,0.048,0.5924,0.027200000000000002,0.004399999999999999
5672,0.2972,0.1699695538057743,0.4596,0.08075247524752475,0.09559999999999999,0.13130257524560837,0.8749663177925784,0.2092,0.4366,0.3045682276053692,0.025184755257861152
5673,0.358,0.29390866141732286,0.6332,0.06823366336633663,0.1252,0.48068117598239857,0.5883323664227081,0.46880000000000005,0.5395988118811881,0.18962721246037648,0.015999999999999997
5674,0.2488,0.06516955380577427,0.40199999999999997,0.029200000000000004,0.10840000000000001,0.1310192918192918,0.9543775451950524,0.05279999999999999,0.2622,0.06952316831683168,0.0044
5675,0.1388,0.172,0.6548,0.08225742574257425,0.09552099644128115,0.4770816004967594,0.45035920886499553,0.0972,0.46279960396039604,0.13999999999999999,0.0092
5676,0.04,0.036800000000000006,0.5744,0.11785742574257427,0.007600000000000001,0.084,0.8728,0.0308,0.5122,0.1764,0.0012000000000000001
5677,0.8219999999999998,0.057199999999999994,0.8792,0.0008,0.092,0.1632383627239373,0.9968,0.1532,0.6856000000000001,0.3952920345947638,0.013199999999999998
5678,0.11920000000000001,0.08018687664041994,0.74,0.02388118811881188,0.0612,0.19243911980440095,0.9348000000000001,0.0512,0.43079999999999996,0.21199999999999997,0.004389880093603596
5679,0.0596,0.038400000000000004,0.2756,0.031552475247524754,0.004399999999999999,0.22219252353188784,0.9697887725975262,0.0512,0.733999603960396,0.06729011857707509,0.0004
5680,0.34199999999999997,0.03156955380577428,0.738,0.11792871287128712,0.0536,0.28127823960880194,0.5205663177925786,0.1792,0.745599207920792,0.13881392556646968,0.0028
5681,0.016,0.020800000000000003,0.372,0.02395247524752475,0.0256,0.13101907090464548,0.9436943862987631,0.0032,0.13639960396039602,0.2983377325558643,0.007584622124494164
5682,0.382,0.1404,0.6060000000000001,0.08015841584158415,0.1016,0.1668,0.8224535054429423,0.0864,0.5239980198019801,0.20224569796110042,0.0236
5683,0.2052,0.33120000000000005,0.5372,0.02875247524752475,0.013600000000000001,0.08789623818181276,0.828894386298763,0.17160000000000003,0.63,0.4359358165381755,0.0124
5684,0.1328,0.0984,0.2428,0.07020990099009901,0.07200000000000001,0.367212036265826,0.5673435938251818,0.024,0.23479920792079206,0.1458258458889367,0.0
5685,0.2212,0.0668,0.6035999999999999,0.025976237623762378,0.10959999999999999,0.17901907090464547,0.8249436835459981,0.08960000000000001,0.23559999999999998,0.5196,0.029199999999999997
5686,0.033999999999999996,0.054000000000000006,0.596,0.07145742574257426,0.027600000000000003,0.10985814354078412,0.9140942965779468,0.029600000000000005,0.6197988118811881,0.08680000000000002,0.0008
5687,0.23160000000000003,0.1488,0.6848,0.07432871287128713,0.14156967213114754,0.8031220879795467,0.7185074594899661,0.0828,0.6439988118811881,0.21825834618244433,0.024779760187207192
5688,0.34639999999999993,0.10553910761154857,0.6108,0.04703366336633663,0.031999999999999994,0.4972341850488551,0.7918155253189973,0.1236,0.48899841584158416,0.2452272124603765,0.022
5689,0.4104,0.028399999999999998,0.3776,0.06948118811881189,0.041600000000000005,0.058038362723937295,0.874,0.1552,0.5269999999999999,0.2635225296442688,0.0156
5690,0.0316,0.004343414634146342,0.21680000000000002,0.02103366336633663,0.0868,0.10927699353078327,0.7675550903901046,0.0608,0.8218,0.013522529644268774,0.0008
5691,0.0756,0.05990866141732284,0.9292,0.03225742574257426,0.09312099644128112,0.44918611939541037,0.11849438629876308,0.0656,0.17160000000000003,0.6324920345947638,0.0024000000000000002
5692,0.42679999999999996,0.0196,0.4192,0.04357623762376238,0.1156,0.13098001060568434,0.8946605246497089,0.04,0.5352,0.14736758893280633,0.016800000000000002
5693,0.4124,0.2807695538057743,0.6712,0.14550495049504952,0.194,0.22832164348103506,0.877038249286394,0.2084,0.546999603960396,0.2662450592885376,0.00639500492934604
5694,0.1224,0.09919999999999998,0.8131999999999999,0.04717623762376237,0.122,0.18393464807401236,0.17767184177299908,0.11599999999999999,0.7781992079207921,0.11024569796110047,0.008
5695,0.0856,0.0528,0.5968,0.0836,0.04240000000000001,0.20723863080684596,0.7636,0.10639999999999998,0.37360000000000004,0.27480000000000004,0.0048000000000000004
5696,0.0432,0.030712968439920624,0.5608000000000001,0.0068000000000000005,0.017599999999999998,0.1509019221696281,0.5310831588962892,0.076,0.5236,0.17712252964426878,0.002
5697,0.30720000000000003,0.020800000000000003,0.6300000000000001,0.08905346534653465,0.08,0.10029650626472142,0.6970607040913416,0.1916,0.6787992079207921,0.15113581653817557,0.0004
5698,0.04360000000000001,0.06559999999999999,0.43200000000000005,0.0736,0.017599999999999998,0.09189655343298377,0.8773663177925786,0.0192,0.3616,0.23272252964426876,0.009200000000000002
5699,0.3564,0.09076955380577427,0.49800000000000005,0.01835247524752475,0.1284,0.2966962853500751,0.19837754519505232,0.16040000000000001,0.5851992079207922,0.3090954828258014,0.002
5700,0.2104,0.09676955380577427,0.6195999999999999,0.09117227722772277,0.124,0.11549672717936776,0.7964943862987631,0.1044,0.660399603960396,0.2807225296442688,0.03440000000000001
5701,0.0104,0.003999999999999999,0.5336000000000001,0.0626059405940594,0.008799999999999999,0.09727672544787459,0.7688,0.0024000000000000002,0.18839999999999998,0.04,0.002
5702,0.3052,0.162,0.8096,0.05115247524752474,0.05800000000000001,0.2759997313485893,0.7212,0.11279999999999998,0.5168,0.4376152029115955,0.01279500492934604
5703,0.009600000000000001,0.0028,0.606,0.018,0.008799999999999999,0.1028,0.8888,0.004000000000000001,0.3488,0.11840000000000002,0.0004
5704,0.2636,0.16040000000000001,0.6684,0.08959999999999999,0.154,0.13901907090464546,0.8593887725975261,0.04359999999999999,0.2878,0.14064505928853757,0.0108
5705,0.036,0.0412,0.5248,0.014728712871287127,0.036,0.12203836272393734,0.5892,0.016,0.5736000000000001,0.0228,0.00279500492934604
5706,0.314,0.2592,0.774,0.03597623762376238,0.1356,0.4535739887930596,0.760094386298763,0.1544,0.5152,0.3083364552107385,0.0396
5707,0.8368,0.0836,0.7575999999999999,0.019104950495049504,0.0548,0.11615389272504188,0.9852000000000001,0.09040000000000001,0.799799603960396,0.3042609008726959,0.0112
5708,0.005599999999999999,0.0068000000000000005,0.5472,0.08239603960396039,0.038,0.14421907090464547,0.8664,0.0024000000000000002,0.386,0.0204,0.011200000000000002
5709,0.055200000000000006,0.1472,0.7396,0.014776237623762378,0.026000000000000002,0.23289090637696996,0.8688,0.0252,0.5616,0.07959999999999999,0.020800000000000003
5710,0.156,0.1348,0.8792,0.09475247524752475,0.0908,0.20003911980440098,0.7714157944814463,0.5888,0.6984,0.098,0.0064
5711,0.15719999999999995,0.22960000000000003,0.8956,0.024799999999999996,0.046400000000000004,0.18234585751747406,0.6121663177925785,0.0804,0.561,0.1536,0.015200000000000002
5712,0.0772,0.008,0.4852,0.008376237623762378,0.15239999999999998,0.1286967743476301,0.862094386298763,0.0696,0.28239960396039604,0.2609682276053692,0.0012000000000000001
5713,0.0004,0.0068000000000000005,0.5804,0.08329108910891088,0.0316,0.08941929181929183,0.805294386298763,0.1176,0.4096,0.0396,0.002
5714,0.020399999999999995,0.09559999999999999,0.45919999999999994,0.06428118811881188,0.015999999999999997,0.08865765454322912,0.9324,0.0108,0.6363988118811881,0.08432316831683169,0.009200000000000002
5715,0.06520000000000001,0.0732,0.3524,0.019200000000000002,0.0724,0.19949650626472143,0.6777438629876309,0.07680000000000001,0.2812,0.11384569796110047,0.0012000000000000001
5716,0.41839999999999994,0.138,0.682,0.03477623762376238,0.0656,0.3135311803111314,0.833883069175473,0.2204,0.5856,0.282,0.061989746960236604
5717,0.136,0.13911448729459286,0.7628,0.023576237623762375,0.0856,0.2849671279006242,0.6428,0.0168,0.6861984158415841,0.24256886627793212,0.0
5718,0.09519999999999999,0.1252,0.5391999999999999,0.0636,0.068,0.17145704863551114,0.8192493869680515,0.07239999999999999,0.5475992079207922,0.4076000000000001,0.02199500492934604
5719,0.42560000000000003,0.1244,0.5975999999999999,0.027033663366336634,0.11960000000000001,0.2521539870615665,0.9048719314938154,0.1948,0.6035964356435644,0.42306634524322,0.013999999999999999
5720,0.05800000000000001,0.06440000000000001,0.5012,0.06265346534653464,0.002,0.12051606616692193,0.9128000000000001,0.0344,0.353799603960396,0.1220913959222009,0.0004
5721,0.2484,0.19876955380577427,0.7356,0.037152475247524755,0.10959999999999999,0.4169939905245529,0.4325435938251819,0.2584,0.4889996039603961,0.3091225296442688,0.0116
5722,0.029199999999999997,0.0372,0.43279999999999996,0.0128,0.0252,0.17123885172149228,0.9440719314938153,0.0208,0.29,0.11592252964426877,0.0044
5723,0.6020000000000001,0.0328,0.4156000000000001,0.0516,0.012,0.13741929181929183,0.5824,0.21960000000000002,0.2412,0.23959999999999998,0.0064
5724,0.020399999999999998,0.006,0.3984,0.01828118811881188,0.0184,0.16595685895196896,0.79,0.019999999999999997,0.355999603960396,0.027200000000000002,0.0
5725,0.32999999999999996,0.022,0.554,0.0188,0.2292,0.18625792262613777,0.570683069175473,0.11279999999999998,0.5411999999999999,0.26480000000000004,0.002384885022949636
5726,0.4136,0.0008,0.6472,0.006,0.0216,0.032,0.9795999999999999,0.1068,0.44160000000000005,0.15352252964426877,0.0024000000000000002
5727,0.16519999999999999,0.03714341463414634,0.8904,0.4581584158415867,0.12,0.262,0.6867821122740247,0.031199999999999995,0.15319960396039606,0.0196,0.008
5728,0.16840000000000002,0.051569553805774285,0.5404000000000001,0.16754851485148517,0.06356967213114754,0.14440000000000003,0.958494386298763,0.092,0.49260000000000004,0.4284,0.0092
5729,0.0184,0.012399999999999998,0.45600000000000007,0.015600000000000003,0.0048000000000000004,0.11701929181929183,0.8568,0.0232,0.290199603960396,0.08376758893280631,0.0016
5730,0.07920000000000002,0.0948,0.5940000000000001,0.039999999999999994,0.0728,0.14941929181929184,0.7276,0.0056,0.3632,0.0984,0.0008
5731,0.1116,0.044,0.6392,0.023200000000000002,0.055200000000000006,0.16876022978883748,0.7952,0.0012000000000000001,0.2234,0.06720000000000001,0.0004
5732,0.3856,0.1176,0.5347999999999999,0.018800000000000004,0.0764,0.219250667072672,0.5164943862987631,0.22679999999999997,0.4371992079207921,0.5469682276053692,0.008789878409464344
5733,0.23279999999999998,0.34880000000000005,0.7692,0.09105742574257425,0.0548,0.1578584116236928,0.8142831588962892,0.16640000000000002,0.5704,0.36960000000000004,0.027138886213938375
5734,0.05439999999999999,0.016400000000000005,0.5288,0.08166732673267327,0.026000000000000002,0.15295416080795052,0.8960943862987631,0.052000000000000005,0.730598811881188,0.09976886627793215,0.0004
5735,0.18119999999999997,0.008400000000000001,0.2636,0.016800000000000002,0.0928,0.15799881342742114,0.8165437732668146,0.21200000000000002,0.6155999999999999,0.28440000000000004,0.0888
5736,0.2204,0.17479999999999998,0.6024,0.05496237623762377,0.25276967213114754,0.6275999999999999,0.6459270135630379,0.08759999999999998,0.6355976237623763,0.22987418776660276,0.022399999999999996
5737,0.2612,0.0968,0.8507999999999999,0.039928712871287124,0.1804,0.24967721444542962,0.385977455474236,0.0644,0.5083996039603961,0.48232316831683164,0.001994875164257556
5738,0.2812,0.20800000000000002,0.8144,0.04606732673267327,0.1372,0.493197807192222,0.61362702188392,0.16240000000000002,0.5887988118811881,0.21978151449927602,0.023195004929346043
5739,0.2024,0.056400000000000006,0.6292,0.02580990099009901,0.07680000000000001,0.2167734997955047,0.7379866793529972,0.16720000000000002,0.6091964356435644,0.31503849411028056,0.010400000000000001
5740,0.06720000000000001,0.0024000000000000002,0.5516,0.038400000000000004,0.0716,0.1192,0.9743999999999999,0.0012000000000000001,0.1516,0.1112,0.0003950049293460401
5741,0.2816,0.2044,0.6796,0.0432,0.057600000000000005,0.8602208945758634,0.9359999999999999,0.11920000000000001,0.5119996039603961,0.31672316831683167,0.010794873480118306
5742,0.23759999999999998,0.16877278459458625,0.5871999999999999,0.24241980198019797,0.036800000000000006,0.14170253935854626,0.967788772597526,0.1496,0.5697972277227723,0.3000901185770751,0.0239847535737219
5743,0.41200000000000003,0.11800000000000002,0.5791999999999999,0.08514851485148514,0.1008,0.15760000000000002,0.7330424574821011,0.07120000000000001,0.6139960396039604,0.19066026220013305,0.0104
5744,0.24559999999999998,0.18756955380577428,0.6916,0.033976237623762374,0.1028,0.12451530908645822,0.7832,0.1336,0.40120000000000006,0.45824569796110043,0.009984755257861152
5745,0.8748000000000001,0.10993910761154857,0.5124,0.0391049504950495,0.0688,0.1872,0.9752000000000001,0.06960000000000001,0.4501988118811882,0.16584633663366335,0.0012000000000000001
5746,0.007600000000000001,0.0108,0.5748,0.030376237623762382,0.0472,0.09359999999999999,0.7900943862987632,0.022799999999999997,0.526799603960396,0.0636,0.0016
5747,0.27,0.13799999999999998,0.5988,0.062443564356435645,0.09319999999999999,0.2686324475850148,0.49409438629876307,0.23559999999999998,0.5131996039603961,0.42539480139318286,0.008799999999999999
5748,0.0132,0.0116,0.7712000000000001,0.0316,0.005200000000000001,0.09963858363858365,0.7528,0.0204,0.5979996039603961,0.058399999999999994,0.0
5749,0.08,0.019200000000000002,0.7948000000000001,0.09395247524752474,0.5756,0.11141907090464546,0.8160000000000001,0.0744,0.692199603960396,0.09312252964426877,0.005594873480118305
5750,0.0988,0.03384776902887139,0.3252,0.008799999999999999,0.13840000000000002,0.21625792262613777,0.5597663177925786,0.0412,0.2372,0.12864505928853756,0.012784883338810385
5751,0.46159999999999995,0.1976,0.5831999999999999,0.023952475247524748,0.182,0.4357681208223996,0.7737214081826831,0.22400000000000003,0.545199603960396,0.2325821531718389,0.0132
5752,0.08639999999999999,0.036,0.5928000000000001,0.0116,0.0236,0.21716071611717372,0.848894386298763,0.011199999999999998,0.46519960396039595,0.18209075724963802,0.02599500492934604
5753,0.164,0.14996955380577429,0.5852,0.060376237623762374,0.08679999999999999,0.14065765454322915,0.9747999999999999,0.0484,0.4732,0.11072316831683168,0.02
5754,0.3644,0.16199999999999998,0.4236,0.11917623762376237,0.1112,0.23625841162369282,0.7676043876373397,0.178,0.42960000000000004,0.47289075724963797,0.008395004929346039
5755,0.1956,0.0344,0.6232,0.04,0.06639999999999999,0.12145792262613778,0.8485887725975262,0.1336,0.4208,0.13440000000000002,0.01599500492934604
5756,0.6352,0.0752,0.5856,0.0816,0.1036,0.1156,0.8796942965779468,0.27680000000000005,0.22879999999999998,0.5124,0.0068000000000000005
5757,0.5464,0.09480000000000001,0.7363999999999999,0.0172,0.0504,0.14901907090464547,0.3220943862987631,0.1304,0.413399603960396,0.18,0.0016
5758,0.3224,0.0032,0.23879999999999998,0.0908,0.022399999999999996,0.24029557543787372,0.9587999999999999,0.16959999999999997,0.2983992079207921,0.32176886627793216,0.006789880093603597
5759,0.414,0.2410782152230971,0.6767999999999998,0.11973465346534654,0.1456,0.33677129934075367,0.6767775451950523,0.2552,0.7493984158415842,0.21844305404453487,0.007200000000000001
5760,0.0396,0.0496,0.36479999999999996,0.0869148514851485,0.027599999999999996,0.10461907090464548,0.8198830691754729,0.0052,0.2986,0.16329011857707512,0.0008
5761,0.0004,0.08316906946264743,0.5476,0.011552475247524754,0.0156,0.12563863080684595,0.8695775451950525,0.011199999999999998,0.27359999999999995,0.12,0.014799999999999999
5762,0.015199999999999997,0.0256,0.582,0.039481188118811884,0.006,0.07861929181929181,0.9176,0.048799999999999996,0.42719881188118813,0.1045053214886706,0.0
5763,0.0108,0.12956955380577428,0.9315999999999999,0.014000000000000002,0.01,0.1495472205056557,0.876894386298763,0.0184,0.22739960396039605,0.10289011857707511,0.0008
5764,0.22159999999999996,0.0896,0.718,0.12280396039603955,0.0632,0.35046364909201094,0.8576943862987629,0.09680000000000001,0.5215956435643565,0.24848419207138103,0.008795004929346041
5765,0.5748,0.0408,0.3228,0.011714851485148513,0.010400000000000001,0.1342962853500751,0.4821663177925785,0.43,0.5091992079207921,0.3933509302234572,0.0008
5766,0.2632,0.024399999999999998,0.1552,0.01992871287128713,0.144,0.28399859251277476,0.7536493869680514,0.14640000000000003,0.5128,0.41720000000000007,0.10400000000000001
5767,0.3668,0.1508,0.5708,0.03576237623762376,0.011600000000000001,0.13345867970660147,0.910094386298763,0.1924,0.28479960396039605,0.22293317262161,0.007200000000000001
5768,0.21719999999999998,0.12840000000000001,0.3816,0.015576237623762377,0.11760000000000001,0.08763885172149231,0.6339550903901047,0.0752,0.40259999999999996,0.16760000000000003,0.0036000000000000003
5769,0.10439999999999998,0.044308177074196,0.6083999999999999,0.10397623762376237,0.10519999999999999,0.2377940848610775,0.978094386298763,0.0308,0.48539881188118816,0.2315383712284272,0.028000000000000004
5770,0.7408000000000001,0.656002746445685,0.7700000000000001,0.0284,0.1036,0.33260518434605524,0.09298859315589353,0.7020000000000001,0.3319992079207921,0.0784145642390326,0.0024000000000000002
5771,0.18359999999999999,0.0696,0.51,0.037176237623762376,0.0156,0.2834159333196008,0.9452,0.048,0.39379960396039604,0.23312252964426877,0.008799999999999999
5772,0.836,0.016,0.8172,0.0,0.06520000000000001,0.2299218670649002,1.0,0.176,0.5988,0.534,0.002
5773,0.2776,0.1332,0.6624,0.09107722772277227,0.062,0.9655999999999999,0.8861887725975262,0.1424,0.6909996039603961,0.2834450592885375,0.008400000000000001
5774,0.2988,0.19440000000000002,0.716,0.08124356435643562,0.12840000000000001,0.8074192918192917,0.6929522793790451,0.13840000000000002,0.5167984158415841,0.3499377325558643,0.04037450390223701
5775,0.0916,0.19873813892529488,0.9748000000000001,0.03272871287128713,0.0968,0.23789579635252006,0.22414368354599817,0.048,0.8589992079207919,0.09280000000000001,0.009994875164257556
5776,0.3224,0.0316,0.714,0.031033663366336634,0.1,0.3203363831495861,0.6684943862987631,0.8308,0.830999603960396,0.16145962352757012,0.0024000000000000002
5777,0.27040000000000003,0.06559999999999999,0.44800000000000006,0.1438811881188119,0.038,0.2110432869620702,0.8877214081826832,0.0848,0.47079881188118805,0.3119231683168317,0.004000000000000001
5778,0.0348,0.0068000000000000005,0.3648,0.013152475247524753,0.07160000000000001,0.08505743362858278,0.7588943862987632,0.02,0.15639960396039604,0.07402593511525066,0.0
5779,0.28240000000000004,0.026000000000000002,0.492,0.0192,0.0412,0.2609157980840132,0.8544494766888677,0.09,0.6713984158415842,0.12856822760536923,0.021599999999999998
5780,0.5227999999999999,0.0796,0.5712,0.0312,0.09519999999999999,0.10905787545787546,0.9294831588962891,0.18040000000000003,0.6819988118811882,0.26921392556646967,0.04
5781,0.3383999999999999,0.1904,0.5252,0.0208,0.094,0.2395080535329924,0.8691550903901046,0.12279999999999999,0.49919960396039603,0.33104505928853756,0.1235798899522957
5782,0.0024000000000000002,0.0472,0.394,0.08167920792079206,0.021200000000000004,0.1432383627239373,0.6504943862987631,0.023600000000000003,0.40499603960396036,0.17498903142488162,0.0028
5783,0.10640000000000001,0.054400000000000004,0.7976,0.03799999999999999,0.09076967213114753,0.28943181708267285,0.4214831588962893,0.0456,0.6261999999999999,0.0916,0.0032
5784,0.022000000000000002,0.0012000000000000001,0.2944,0.017576237623762377,0.04,0.0592383627239373,0.9835999999999998,0.004000000000000001,0.5455996039603961,0.055600000000000004,0.0008
5785,0.3952,0.16393910761154856,0.6524,0.032776237623762375,0.10840000000000001,0.24557185808020926,0.8157886828767099,0.1836,0.5133988118811881,0.33609139592220094,0.0255847535737219
5786,0.2796,0.182,0.5396,0.04204356435643565,0.0256,0.14463288941430752,0.8356719314938154,0.1588,0.3522,0.49769075724963796,0.0067950049293460405
5787,0.35760000000000003,0.14320000000000002,0.7128,0.12769108910891086,0.0996,0.9960000000000001,0.7078421883196522,0.16840000000000002,0.5221980198019802,0.3474596235275701,0.0471948734801183
5788,0.05319999999999999,0.09719999999999998,0.546,0.1441108910891089,0.0004,0.1582714730528912,0.8544,0.04,0.5803936633663366,0.08031851915626347,0.004
5789,0.0816,0.18,0.5076,0.06740594059405938,0.006,0.20171628708156825,0.8465886828767097,0.038400000000000004,0.5039956435643564,0.19048546941650685,0.0124
5790,0.516,0.05,0.5088,0.05720000000000001,0.060399999999999995,0.10601132635362465,0.8859999999999999,0.266,0.29619999999999996,0.5090463366336634,0.0031897503285151117
5791,0.0236,0.06027773087997028,0.6268,0.01472871287128713,0.013600000000000001,0.1330192918192918,0.7140942965779468,0.0196,0.6009972277227723,0.07616886627793214,0.0008
5792,0.020800000000000003,0.0732,0.4144,0.06872871287128712,0.0448,0.09185792262613778,0.8747999999999999,0.020800000000000003,0.18759881188118813,0.0841046828161077,0.0028
5793,0.0852,0.48796955380577434,0.8076000000000001,0.07606732673267326,0.0852,0.16360000000000002,0.7636943862987631,0.4875999999999999,0.4298,0.5449682276053693,0.0124
5794,0.2872,0.1608,0.7051999999999999,0.055928712871287124,0.11399999999999999,0.6358954585277108,0.9009887725975263,0.2112,0.47759999999999997,0.37913645521073847,0.02
5795,0.2432,0.021199999999999997,0.5468,0.0027762376237623764,0.04360000000000001,0.18865732638637855,0.9096943862987631,0.07239999999999999,0.38539999999999996,0.37816758893280633,0.005200000000000001
5796,0.5024,0.09276955380577429,0.646,0.115029702970297,0.0732,0.1790576545432291,0.8996000000000001,0.1588,0.46139960396039603,0.236,0.0008
5797,0.0568,0.013569069462647443,0.6552,0.046728712871287124,0.0048000000000000004,0.12207743536007595,0.8956000000000002,0.0528,0.6675992079207921,0.20976822760536923,0.0004
5798,0.43479999999999996,0.124,0.5115999999999999,0.048400000000000006,0.0224,0.22603885172149232,0.5177887725975261,0.0648,0.6016,0.046,0.0036000000000000003
5799,0.1636,0.1608,0.8088000000000001,0.021200000000000004,0.0844,0.07163836272393728,0.9347999999999999,0.012399999999999998,0.4612,0.22672316831683167,0.0036000000000000003
5800,0.2536,0.1668,0.6815999999999999,0.19844356435643565,0.11839999999999999,0.17148350434096288,0.9864,0.04920000000000001,0.4766,0.0940139255664697,0.004000000000000001
5801,0.3108,0.1968,0.7051999999999999,0.1223049504950495,0.11153934426229509,0.4800227932357899,0.588354910948472,0.13720000000000002,0.4921992079207921,0.262890757249638,0.0212
5802,0.0228,0.084,0.714,0.07908118811881189,0.15,0.12523863080684597,0.6549887725975261,0.011600000000000001,0.5076,0.1319225296442688,0.0928
5803,0.11040000000000001,0.004000000000000001,0.2824,0.008067326732673265,0.0516,0.09847699353078326,0.8842831588962893,0.07640000000000001,0.4508,0.28464505928853756,0.002
5804,0.33480000000000004,0.09159999999999999,0.7015999999999999,0.08035247524752474,0.0888,0.2242584116236928,0.7764719314938154,0.124,0.49659960396039604,0.2932265737878136,0.015194873480118304
5805,0.0044,0.092,0.5028,0.019952475247524755,0.009200000000000002,0.12465765454322912,0.639694386298763,0.0444,0.6828,0.0156,0.0008
5806,0.11400000000000002,0.38836955380577426,0.7491999999999999,0.07037623762376237,0.0776,0.2616772616136919,0.6576494766888678,0.0636,0.669199603960396,0.07680000000000001,0.004399999999999999
5807,0.384,0.2804,0.5596,0.0032,0.1012,0.19405093515558064,0.8614607040913416,0.1628,0.36019999999999996,0.526,0.049929548266351376
5808,0.08320000000000001,0.10879999999999998,0.5692,0.045200000000000004,0.10319999999999999,0.18050235166174328,0.026000000000000002,0.08399999999999999,0.7414,0.21016886627793213,0.0008
5809,0.007200000000000001,0.0796,0.5831999999999999,0.03872871287128713,0.023600000000000003,0.2246576545432291,0.9721887725975261,0.0068000000000000005,0.2604,0.06416822760536924,0.0036000000000000003
5810,0.0776,0.1048,0.6016,0.08862970297029701,0.0492,0.17243836272393728,0.39649438629876305,0.0712,0.3234,0.1004,0.0172
5811,0.1588,0.026399999999999996,0.6355999999999999,0.15051485148514848,0.0416,0.1865927444465342,0.9596,0.019200000000000002,0.4106000000000001,0.13704505928853755,0.006799999999999999
5812,0.22039999999999998,0.0408,0.6880000000000001,0.06670495049504951,0.061169672131147546,0.15019332778061384,0.9772000000000001,0.016,0.7278,0.052000000000000005,0.0048000000000000004
5813,0.0364,0.0368,0.4408,0.04390761543444064,0.03356967213114754,0.09365066707267197,0.8888,0.0016,0.23820000000000005,0.128,0.005600000000000001
5814,0.0316,0.04236955380577427,0.43759999999999993,0.10465346534653466,0.016,0.1325667850980607,0.7319775451950524,0.022,0.45399920792079207,0.2071119539780065,0.0
5815,0.0948,0.1176,0.5976000000000001,0.08044356435643563,0.0708,0.16829601726716642,0.9819999999999999,0.0364,0.5071992079207921,0.201781514499276,0.007195004929346041
5816,0.0,0.004399999999999999,0.614,0.0028,0.0196,0.16112208797954655,0.9829887725975262,0.0004,0.2712,0.04360000000000001,0.0
5817,0.33120000000000005,0.1564,0.6036,0.03790495049504951,0.040400000000000005,0.10803911980440098,0.9404,0.16840000000000002,0.6449992079207921,0.280660262200133,0.004
5818,0.2852,0.021908661417322835,0.524,0.0508,0.0884,0.11749699526227646,0.7700989533777356,0.0736,0.45899999999999996,0.4163225296442688,0.0012000000000000001
5819,0.31,0.202,0.6348,0.06966732673267327,0.1036,0.04821955990220049,0.7614425472029175,0.1196,0.5151992079207921,0.36024569796110045,0.024794873480118305
5820,0.18160000000000004,0.22680000000000003,0.8019999999999999,0.08717623762376238,0.1032,0.27469550738894555,0.88498868287671,0.092,0.6616,0.1608,0.0255898800936036
5821,0.0708,0.0264,0.6496000000000001,0.10959207920792077,0.0428,0.14461929181929184,0.9472943862987633,0.0028,0.257,0.07880000000000001,0.009574893197502465
5822,0.3972,0.0616,0.5688,0.022,0.0972,0.08461929181929183,0.7849887725975262,0.14,0.5356,0.22000000000000003,0.0028
5823,0.018,0.0028,0.632,0.060752475247524765,0.0072,0.05723858363858364,0.8964000000000001,0.002,0.6684,0.0204,0.0016
5824,0.08560000000000001,0.046,0.6532,0.008000000000000002,0.0104,0.14579376960990656,0.8300000000000001,0.0816,0.6245999999999999,0.1716,0.0084
5825,0.30960000000000004,0.188,0.614,0.0112,0.04359999999999999,0.23211584525227552,0.7856943862987631,0.17640000000000003,0.1874,0.37984569796110046,0.0092
5826,0.43,0.1484,0.9344000000000001,0.4155287128712871,0.1048,0.1600388517214923,0.37098877259752616,0.029199999999999997,0.9416,0.048,0.0056
5827,0.3476,0.6556,0.6756,0.033928712871287126,0.0232,0.13607672544787458,0.8044719314938152,0.17959999999999998,0.37079999999999996,0.7076,0.0076
5828,0.30960000000000004,0.054000000000000006,0.6459999999999999,0.04223366336633663,0.06720000000000001,0.19283911980440097,0.9893887725975261,0.0368,0.773999207920792,0.09364177669940907,0.008400000000000001
5829,0.2468,0.2056,0.8304,0.04225742574257425,0.0412,0.2921155300011046,0.5766829794546566,0.30040000000000006,0.39,0.33016822760536924,0.038789878409464344
5830,0.16639999999999996,0.15076906946264743,0.796,0.07976237623762375,0.040799999999999996,0.30445049332628793,0.6624717520521829,0.1044,0.44919960396039604,0.2552901185770751,0.013600000000000001
5831,0.1984,0.015599999999999998,0.7452,0.056019801980198,0.13319999999999999,0.16261929181929183,0.6952,0.0048000000000000004,0.4316,0.10192252964426878,0.0092
5832,0.20400000000000001,0.024769553805774277,0.5231999999999999,0.5130412336808903,0.0848,0.16509601726716644,0.504094386298763,0.048799999999999996,0.4475992079207921,0.46907354909403987,0.0008
5833,0.062,0.032400000000000005,0.4812,0.033857425742574256,0.0356,0.11123814180929095,0.8269887725975261,0.0444,0.5191996039603961,0.20230267757210502,0.0008
5834,0.2812,0.0792,0.3072,0.08037623762376238,0.08956967213114755,0.23669677434763012,0.757132635585157,0.0328,0.3444,0.06329075724963802,0.004000000000000001
5835,0.052000000000000005,0.0656,0.6996,0.029199999999999997,0.0412,0.1396388517214923,0.8992000000000001,0.0172,0.5,0.19480000000000003,0.0008
5836,0.0156,0.059199999999999996,0.6028,0.0691049504950495,0.0016,0.08541907090464548,0.7932,0.0436,0.24619999999999997,0.12634846475951944,0.0024000000000000002
5837,0.1812,0.0208,0.3068,0.03437623762376237,0.046400000000000004,0.08367699353078326,0.8484,0.0016,0.39580000000000004,0.34433837122842725,0.006
5838,0.168,0.1444,0.4779999999999999,0.07239999999999999,0.08199999999999999,0.11873508990330506,0.8012,0.176,0.4444,0.23159999999999997,0.02636976836176002
5839,0.0012000000000000001,0.006,0.3136,0.01228118811881188,0.006,0.09385743362858277,0.8468,0.0056,0.25919881188118815,0.07334181035494855,0.0
5840,0.15919999999999998,0.0068000000000000005,0.5688000000000001,0.6792,0.014800000000000002,0.0772,0.9020942965779468,0.012,0.2,0.2819571115973742,0.0
5841,0.08,0.040400000000000005,0.5479999999999999,0.08717623762376239,0.11960000000000001,0.08465770171149145,0.736238249286394,0.1052,0.6372,0.3548,0.002
5842,0.07160000000000001,0.09559999999999999,0.6836,0.0524,0.0456,0.1182195599022005,0.8852943862987631,0.022399999999999996,0.5128,0.3844,0.0064
5843,0.19640000000000002,0.0656,0.4,0.05350495049504951,0.0528,0.1472878780551152,0.742,0.0392,0.36259920792079214,0.3143370938833014,0.038400000000000004
5844,0.3808000000000001,0.2468,0.7863999999999999,0.03352871287128713,0.2895235828139458,0.3296363357750815,0.8085438629876307,0.11239999999999999,0.45940000000000003,0.4099225296442688,0.020800000000000003
5845,0.4192,0.308,0.7472,0.10081980198019799,0.176,0.2776772144454296,0.5425662280717622,0.13440000000000002,0.559199207920792,0.38152316831683164,0.01717975850306794
5846,0.23159999999999997,0.3068,0.7771999999999999,0.06100990099009901,0.138,0.25441288768281434,0.7121214081826832,0.18119999999999997,0.544199603960396,0.3502450592885375,0.009600000000000001
5847,0.7567999999999999,0.0952,0.7672,0.044257425742574255,0.0612,0.12294093530032693,0.9808,0.0308,0.828398811881188,0.26659735608343443,0.0028
5848,0.3104,0.138,0.5800000000000001,0.0392,0.13319999999999999,0.13455411363968822,0.9150382492863939,0.21600000000000003,0.4288,0.2501682276053693,0.004399999999999999
5849,0.0188,0.06960000000000001,0.5424,0.0344,0.1592,0.08381907090464549,0.591838249286394,0.0012000000000000001,0.4879992079207921,0.40616886627793214,0.0004
5850,0.11839999999999999,0.0664,0.7116,0.01835247524752475,0.0864,0.12810245364524095,0.8259775451950523,0.0268,0.6287988118811881,0.21385898485500726,0.006
5851,0.0644,0.26080000000000003,0.726,0.024,0.0032,0.08639999999999999,0.8583999999999999,0.0656,0.1744,0.048,0.0048000000000000004
5852,0.1196,0.07796906946264745,0.6284,0.037176237623762376,0.058800000000000005,0.1441409379695457,0.9688000000000001,0.05920000000000001,0.3084,0.30496758893280634,0.0036000000000000003
5853,0.35960000000000003,0.0212,0.34320000000000006,0.0344,0.1044,0.17785819070904646,0.5129887725975262,0.0668,0.27,0.1996,0.0004
5854,0.21000000000000002,0.5668,0.6976000000000001,0.17145742574257425,0.0212,0.14291562433762922,0.7260856327307328,0.23399999999999999,0.46559999999999996,0.6490589848550072,0.005200000000000001
5855,0.7408000000000001,0.656002746445685,0.7700000000000001,0.0284,0.1036,0.33260518434605524,0.09298859315589353,0.7020000000000001,0.3319992079207921,0.0784145642390326,0.0024000000000000002
5856,0.0076,0.0344,0.47719999999999996,0.04472871287128713,0.0016,0.09032164615025387,0.848894386298763,0.0188,0.26259999999999994,0.13908555864282082,0.0
5857,0.0996,0.13040000000000002,0.7348000000000001,0.07552871287128712,0.1024,0.19681203626582602,0.7531775451950524,0.0344,0.624,0.12992252964426879,0.0184
5858,0.0188,0.02314341463414634,0.39879999999999993,0.022776237623762373,0.0188,0.047819070904645475,0.8620943862987632,0.0028,0.372,0.13224505928853755,0.026000000000000002
5859,0.38719999999999993,0.0512,0.6524,0.130019801980198,0.0536,0.1614967743476301,0.8394382492863939,0.13640000000000002,0.6073999999999999,0.11992316831683167,0.0163898800936036
5860,0.0608,0.12756955380577428,0.8444,0.04675247524752475,0.1436,0.22985819070904645,0.08399999999999999,0.09079999999999999,0.7237988118811881,0.13414582084295387,0.014799999999999999
5861,0.06999999999999999,0.0104,0.6704,0.01,0.0156,0.12221907090464548,0.9351999999999998,0.046799999999999994,0.2752,0.05720000000000001,0.0124
5862,0.41200000000000003,0.0068000000000000005,0.6736,0.02856237623762376,0.0996,0.150438630806846,0.8012943862987629,0.11520000000000001,0.776,0.12580217088591172,0.009199999999999998
5863,0.046000000000000006,0.03424776902887139,0.27399999999999997,0.0104,0.1568,0.1868,0.45360000000000006,0.0308,0.19759999999999997,0.06632252964426878,0.01039500492934604
5864,0.004399999999999999,0.0052,0.5012000000000001,0.011199999999999998,0.0092,0.09559999999999999,0.9527775451950523,0.009600000000000001,0.14320000000000002,0.0576,0.0004
5865,0.8136000000000001,0.043199999999999995,0.5172000000000001,0.040400000000000005,0.1096,0.24123836272393726,0.9481438629876309,0.11760000000000001,0.7572,0.2616,0.002
5866,0.7372,0.0388,0.1888,0.046400000000000004,0.045200000000000004,0.1778190709046455,0.4335550903901047,0.582,0.2096,0.2636,0.007179627053840204
5867,0.2524,0.3184,0.6868000000000001,0.03197623762376238,0.0816,0.2412769935307833,0.5500494766888677,0.0856,0.745999207920792,0.15824633663366336,0.0004
5868,0.035199999999999995,0.0316,0.52,0.009128712871287128,0.0248,0.08887672544787459,0.7989887725975262,0.022400000000000003,0.6839964356435644,0.06555038077720816,0.006
5869,0.0844,0.0696,0.3592,0.32373465346534697,0.0376,0.1402574336285828,0.9264000000000001,0.022,0.5397667326732672,0.24717500410910648,0.0
5870,0.1524,0.1428,0.5231999999999999,0.002,0.038,0.09061907090464547,0.8077887725975262,0.052000000000000005,0.259399603960396,0.30224505928853757,0.0004
5871,0.23600000000000004,0.1368,0.6536000000000001,0.10385742574257426,0.1528,0.3500782396088019,0.7908803478852298,0.118,0.5,0.16673773255586427,0.020800000000000003
5872,0.0028,0.007600000000000001,0.4664,0.019176237623762377,0.012400000000000001,0.19697974252277567,0.8720000000000001,0.0036000000000000003,0.4139988118811882,0.13552252964426878,0.008
5873,0.6088,0.0124,0.376,0.017576237623762377,0.0024000000000000002,0.11483836272393733,0.8476000000000001,0.0588,0.3996,0.26096886627793214,0.0024000000000000002
5874,0.2928,0.07680000000000001,0.656,0.015599999999999998,0.14279999999999998,0.2062960172671664,0.8427999999999999,0.13440000000000002,0.6525996039603961,0.20112252964426877,0.017194875164257557
5875,0.019200000000000002,0.1424,0.4276,0.021576237623762373,0.0932,0.19003885172149232,0.9004,0.041600000000000005,0.6684,0.24872252964426877,0.022000000000000002
5876,0.3752000000000001,0.14276955380577427,0.7215999999999999,0.06750495049504951,0.0164,0.29278568723407644,0.8597887725975262,0.1704,0.3914000000000001,0.31216758893280633,0.0052
5877,0.37600000000000006,0.054400000000000004,0.5772,0.0028,0.08959999999999999,0.06581929181929183,0.9488,0.1704,0.22319999999999998,0.2303225296442688,0.005600000000000001
5878,0.39879999999999993,0.1032,0.26000000000000006,0.06355247524752475,0.12396967213114754,0.33775420797621286,0.8497438629876308,0.0736,0.2744,0.070490757249638,0.0028
5879,0.25759999999999994,0.039847284685744555,0.182,0.04440000000000001,0.12079999999999999,0.2294712521382448,0.9708942965779468,0.0308,0.5387996039603961,0.2645065988337964,0.0184
5880,0.146,0.07160000000000001,0.7140000000000001,0.019976237623762376,0.048,0.10011486725716554,0.8592000000000001,0.054400000000000004,0.5668,0.29000000000000004,0.0036000000000000003
5881,0.47040000000000004,0.052000000000000005,0.5656000000000001,0.0819049504950495,0.0512,0.19625765454322913,0.7183775451950523,0.19600000000000004,0.517999207920792,0.2136139255664697,0.0152
5882,0.1412,0.05840000000000001,0.5688,0.10717623762376235,0.06920000000000001,0.1908383627239373,0.870494386298763,0.0804,0.19999960396039604,0.2818456979611005,0.002
5883,0.264,0.1296,0.576,0.07178613861386138,0.2219539106827982,0.9292,0.7215186868924398,0.07,0.5509964356435644,0.26205378624819003,0.0128
5884,0.01,0.07359999999999998,0.5644,0.073409900990099,0.0308,0.11810279616025472,0.8125886828767099,0.1624,0.42319722772277224,0.06401328689390678,0.0036000000000000003
5885,0.2732,0.09556955380577428,0.6451999999999999,0.0344,0.08,0.12841230434873468,0.932,0.0784,0.5153996039603961,0.30521328689390675,0.005200000000000001
5886,0.29880000000000007,0.2592,0.6692,0.05600000000000001,0.11639999999999999,0.28627016690093054,0.7790831588962892,0.13,0.3776,0.38672316831683173,0.0427948734801183
5887,0.236,0.09596906946264745,0.6796,0.008799999999999999,0.039599999999999996,0.16859257070015016,0.5891101807802094,0.1552,0.536,0.31809139592220087,0.0008
5888,0.2732,0.1976,0.6792,0.042776237623762384,0.0836,0.6276388517214924,0.822588772597526,0.162,0.444599603960396,0.35489139592220087,0.0132
5889,0.5904,0.20227821522309714,0.8388,0.08799603960396038,0.0644,0.22985792262613777,0.6976269321631038,0.3076,0.2725980198019802,0.08130404414354479,0.004399999999999999
5890,0.18919999999999998,0.03799999999999999,0.47519999999999996,0.03582970297029703,0.0128,0.1302576545432291,0.5525887725975263,0.032,0.5573984158415842,0.1611383712284272,0.0
5891,0.254,0.046400000000000004,0.4544,0.0028,0.11479999999999999,0.15250279616025472,0.9527999999999999,0.08720000000000001,0.46080000000000004,0.25632252964426877,0.0008
5892,0.24,0.154,0.7636,0.08235514018691589,0.1512,0.17372761343519288,0.9400000000000001,0.08639999999999999,0.4941992079207921,0.3159225296442688,0.0072
5893,0.0852,0.0988,0.5236000000000001,0.08557623762376237,0.045200000000000004,0.11501907090464547,0.7272943862987631,0.0496,0.5689988118811882,0.14696822760536923,0.0032
5894,0.22480000000000003,0.014000000000000002,0.5067999999999999,0.01312871287128713,0.0232,0.026799999999999997,0.9632,0.086,0.2304,0.29072252964426876,0.0004
5895,0.013600000000000001,0.0132,0.5808,0.031033663366336634,0.0252,0.10083814180929096,0.9472000000000002,0.0432,0.17459960396039603,0.06418215317183892,0.0
