,task1,task2,task3,task4,task5,task6,task7,task8,task9,task10,task11
0,0.23850000000000002,0.1935,0.6875,0.06911016121230865,0.056999999999999995,0.2826500535277049,0.72,0.12049999999999998,0.5397912957467853,0.3315255621254528,0.016999999999999998
1,0.003,0.013000000000000001,0.4835,0.11948191241594812,0.024,0.10468913226621734,0.859066882416397,0.008,0.27233333333333337,0.0991406387687163,0.002
2,0.31250000000000006,0.38985254737821007,0.7015,0.07242861911119589,0.08349999999999999,0.3138760018511778,0.744678629542455,0.6679999999999999,0.26649999999999996,0.11660435076691493,0.01648734801183043
3,0.355,0.17946194225721784,0.6885000000000001,0.14112017045762748,0.12,0.4578558561862911,0.4671538210237429,0.2365,0.5023328935795954,0.24628710624586997,0.0215
4,0.2465,0.14992237881929152,0.652,0.06298469387755103,0.13899999999999998,0.7896724412711256,0.6009766763706088,0.08399999999999999,0.60275,0.17833774834437088,0.017999999999999995
5,0.1065,0.1105,0.6529999999999999,0.052500000000000005,0.10500000000000001,0.10504795340492161,0.5161457109283196,0.044000000000000004,0.502,0.20711264822134384,0.005
6,0.48250000000000004,0.176,0.679,0.0858709530325786,0.11350000000000002,0.33426943166229683,0.6406705506435018,0.27449999999999997,0.4345,0.3462841378410886,0.024
7,0.3875,0.18400000000000002,0.6175,0.0685,0.10600000000000001,0.25450000000000006,0.7454891861127793,0.12050000000000001,0.5295,0.1944039603960396,0.0125
8,0.1875,0.10216299332394838,0.657,0.009,0.0885,0.28469965883358916,0.6415000000000001,0.0215,0.6877995245641838,0.17574283082793327,0.0025
9,0.3,0.1209937676434428,0.5175,0.10694059405940595,0.0635,0.19577411477411477,0.6725000000000001,0.1405,0.5805,0.215,0.0055
10,0.313,0.17198021828103682,0.65,0.06547029702970297,0.1605,0.6100485646518654,0.5511669518090134,0.1255,0.497,0.246,0.020999999999999998
11,0.124,0.0665,0.6,0.0495,0.7015,0.18373736181444694,0.7965,0.0895,0.5776236935416531,0.15740316205533594,0.0034999999999999996
12,0.3355,0.1405,0.7100000000000001,0.05789558496665993,0.0795,0.1351078623496235,0.7840466691757622,0.132,0.49749999999999994,0.3266475782082967,0.006972256333972998
13,0.32700000000000007,0.07050000000000001,0.5375000000000001,0.04442035398230089,0.10400000000000001,0.12618855218855218,0.901,0.06899999999999999,0.44679952456418387,0.156,0.01
14,0.3055,0.06796133682830932,0.5445,0.02538027884421095,0.10299999999999998,0.12622360557768925,0.8656179828734538,0.13,0.5945,0.23996293494704993,0.0015
15,0.008,0.003,0.5449999999999999,0.02497029702970297,0.007000000000000001,0.09346358214396797,0.967,0.004999999999999999,0.36183333333333334,0.0325,0.001
16,0.039,0.003,0.45549999999999996,0.022399159663865544,0.037000000000000005,0.08427383863080685,0.951,0.06899999999999999,0.29224950495049506,0.21229184549356223,0.0
17,0.28750000000000003,0.123403497366564,0.8089999999999999,0.06949999999999999,0.227,0.4855971363568486,0.2632874737055164,0.26149999999999995,0.4535,0.24900000000000003,0.0055000000000000005
18,0.12200000000000003,0.060999999999999985,0.53,0.10877155112936399,0.07350000000000001,0.13046358214396797,0.8800000000000001,0.032,0.28637499999999994,0.298446878422782,0.0215
19,0.34500000000000003,0.23500000000000001,0.607,0.03297029702970297,0.066,0.29627383863080686,0.526435587122494,0.1155,0.45499999999999996,0.270681435269536,0.018490531422142284
20,0.5440000000000002,0.26899999999999996,0.6785,0.0425,0.11200000000000002,0.24010170738637832,0.5839700832654275,0.38,0.45149999999999996,0.409,0.0385
21,0.3745,0.17250000000000001,0.6970000000000001,0.06097029702970298,0.0815,0.3428405991560654,0.7666179828734538,0.179,0.5173328382838284,0.28305075162001253,0.023993593955321947
22,0.14950000000000002,0.066,0.6375,0.016802072730637548,0.029000000000000005,0.09027444987775061,0.866,0.066,0.49324955966534567,0.21390316205533594,0.0035000000000000005
23,0.005,0.009500000000000001,0.386,0.01,0.022,0.16450000000000004,0.5815,0.0085,0.29900000000000004,0.0505,0.0015
24,0.122,0.03998663594470046,0.6625,0.028443925233644855,0.089,0.21432271202683278,0.6385000000000001,0.127,0.4415,0.1451797322849994,0.006500000000000001
25,0.6645,0.05550000000000001,0.5585,0.0195,0.0895,0.09602594557489391,0.5316848652898508,0.2415,0.43125,0.25149999999999995,0.0025
26,0.2635,0.19258280695590493,0.7985,0.09832763619844015,0.14049999999999999,0.32586723452048794,0.5744267696851868,0.23149999999999998,0.602375,0.19963920550160447,0.019999999999999997
27,0.269,0.034499999999999996,0.45600000000000007,0.06448469387755103,0.05550000000000001,0.08078568854540077,0.798566882416397,0.14850000000000002,0.29666622633201234,0.26568858716319255,0.018493593955321946
28,0.594,0.0775,0.5674999999999999,0.023454990907253993,0.08099999999999999,0.18370797140450806,0.8320000000000001,0.14150000000000001,0.28545,0.22765875961090085,0.026500000000000003
29,0.223,0.011,0.5984999999999999,0.0445,0.039,0.19562798523225064,0.5025000000000001,0.024,0.3465,0.296,0.0
30,0.038500000000000006,0.06899999999999999,0.6045,0.041,0.030000000000000006,0.12996239081935904,0.9374268818362073,0.009,0.267,0.306,0.006
31,0.101,0.14739954597048807,0.675,0.01697029702970297,0.027000000000000003,0.136,0.6575,0.07050000000000001,0.3710828382838284,0.2518756366966176,0.0015
32,0.20750000000000002,0.0035000000000000005,0.516,0.021500000000000002,0.0365,0.10798262998288514,0.9494999999999999,0.025500000000000002,0.33374950495049505,0.1805,0.0005
33,0.004,0.009,0.4915,0.028470297029702968,0.0225,0.11000000000000001,0.9549999999999998,0.0085,0.23558333333333334,0.05490316205533596,0.001
34,0.5045,0.17650000000000002,0.6445000000000001,0.059853969937595244,0.1005,0.235013406936667,0.8478539486203616,0.11000000000000001,0.468125,0.28369623982465136,0.0035000000000000005
35,0.305,0.10700000000000001,0.7360000000000001,0.0378845192930508,0.0935,0.34440001763694517,0.8002517477062477,0.1345,0.5505000000000001,0.2074261826507852,0.03149677632666557
36,0.6405000000000001,0.12,0.5029999999999999,0.037500000000000006,0.10800000000000001,0.23783491816724295,0.765,0.051500000000000004,0.2541662269129287,0.4438063241106719,0.017
37,0.23349999999999999,0.08449999999999999,0.6779999999999999,0.06749999999999999,0.098,0.11796266696266697,0.8574999999999999,0.033,0.37649999999999995,0.13983774834437085,0.0025
38,0.0165,0.0465,0.5835000000000001,0.0385,0.024,0.069,0.869066882416397,0.013000000000000001,0.3788333333333333,0.08449999999999999,0.0005
39,0.005,0.028000000000000004,0.623,0.032,0.0085,0.25003318057601753,0.8895,0.006500000000000001,0.39583333333333337,0.038,0.0
40,0.21600000000000003,0.0665,0.639,0.036000000000000004,0.0435,0.18727383863080688,0.9339999999999999,0.039,0.36499999999999994,0.313946878422782,0.0004967752604597322
41,0.1395,0.0335,0.5875,0.026000000000000002,0.041,0.05546239081935904,0.7109313815062354,0.027000000000000003,0.4015000000000001,0.34420948616600794,0.009000000000000001
42,0.16999999999999998,0.033499999999999995,0.5615,0.11741422226334781,0.07200000000000001,0.13335410094637226,0.9075,0.12450000000000001,0.4788329616782293,0.17530632411067193,0.0075
43,0.016,0.0225,0.5269999999999999,0.0839286191111959,0.0975,0.11535410094637225,0.8407375852650617,0.0085,0.45274950495049504,0.22879184549356218,0.002
44,0.15899999999999997,0.036,0.7355,0.045,0.636,0.0775,0.9635,0.0995,0.5797073432343234,0.11669376034593423,0.0075000000000000015
45,0.14450000000000002,0.06092926829268293,0.8240000000000001,0.034,0.0775,0.42568128621939366,0.093,0.1555,0.35091666666666665,0.47229059829059833,0.008
46,0.2465,0.031,0.49000000000000005,0.038,0.0325,0.05268855218855219,0.9171179828734539,0.078,0.273,0.2585,0.0085
47,0.0165,0.0235,0.4645,0.05791172167648476,0.0235,0.06627383863080685,0.9515,0.124,0.28475,0.20225320253345397,0.001
48,0.0625,0.0175,0.5165,0.045428619111195875,0.032999999999999995,0.11750000000000001,0.9149999999999998,0.021500000000000002,0.22316666666666665,0.14171828538985617,0.002
49,0.24500000000000002,0.15950000000000003,0.6595000000000001,0.13933943151307973,0.11949999999999998,0.31662832033588645,0.8865000000000001,0.261,0.5965495245641839,0.2332841378410886,0.01097501632587875
50,0.48949999999999994,0.06089954597048809,0.533,0.021443925233644863,0.1125,0.16249999999999998,0.7768915633384904,0.3355,0.32475,0.3443079207920793,0.0055
51,0.1505,0.021461336828309304,0.49749999999999994,0.0325,0.0115,0.12185387045813587,0.9118540170090951,0.033,0.3565,0.318,0.0
52,0.74,0.037,0.553,0.06539558496665994,0.061,0.18896266696266695,0.861664652049216,0.08,0.3518402921096858,0.19851096779813232,0.0005
53,0.3695,0.1975,0.743,0.07132093579305929,0.13100000000000003,0.3751985810531953,0.6299206067347177,0.125,0.48674999999999996,0.2866086040835,0.033499999999999995
54,0.387,0.05650000000000001,0.5145000000000001,0.03047029702970297,0.084,0.08987768445476954,0.9196848652898508,0.087,0.3785,0.23700000000000002,0.008
55,0.7030000000000001,0.0375,0.479,0.01748469387755102,0.013500000000000002,0.1216885521885522,0.9360668103448276,0.2085,0.31850000000000006,0.26990316205533593,0.001
56,0.371,0.1479009111617312,0.8099999999999999,0.035500000000000004,0.095,0.17264942094663188,0.515566882416397,0.1255,0.528499504950495,0.2785,0.0069842863132579345
57,0.0625,0.054000000000000006,0.378,0.022,0.1275,0.21264233566109542,0.369,0.0595,0.7695000000000001,0.0743660970023859,0.0075
58,0.3285,0.08349999999999999,0.8295,0.07915271149399386,0.13299999999999998,0.3453047982054556,0.5626840034375237,0.13999999999999999,0.47508333333333336,0.251,0.026000000000000002
59,0.4255,0.24598021828103683,0.609,0.043766489009728335,0.065,0.7188403736436833,0.822589679378576,0.25949999999999995,0.5201496827914353,0.3283583657938528,0.014500000000000002
60,0.3235,0.03,0.6755,0.04394059405940594,0.25200000000000006,0.14519381338314039,0.9105000000000001,0.11700000000000002,0.49349999999999994,0.20490396039603959,0.007000000000000001
61,0.004999999999999999,0.027499999999999997,0.7464999999999999,0.027500000000000004,0.012,0.16359682680094756,0.751,0.03,0.19249999999999998,0.05500000000000001,0.003
62,0.159,0.059428223844282244,0.7335,0.01888955280791132,0.08900000000000001,0.3209443736017148,0.4202359657469077,0.101,0.639180541145555,0.2346806137247482,0.009500000000000001
63,0.002,0.015000000000000003,0.6104999999999999,0.034,0.016,0.213,0.9513088989627534,0.0025,0.38983333333333337,0.046000000000000006,0.0015
64,0.2435,0.14350000000000002,0.8575000000000002,0.04398969072164949,0.1465,0.2672367817367817,0.27054936437968935,0.0855,0.6910000000000001,0.18290396039603962,0.02649359185014788
65,0.4425,0.315,0.685,0.07116710834184191,0.0645,0.6498198822626348,0.8441179828734539,0.188,0.45208296167822926,0.3719463894967177,0.0185
66,0.0695,0.0315,0.6565000000000001,0.0435,0.065,0.20950000000000002,0.7471178707224334,0.0385,0.3988333333333333,0.078,0.015000000000000003
67,0.2415,0.10200000000000001,0.696,0.08082920092195427,0.1095,0.7665,0.5709252185557665,0.15750000000000003,0.5687495049504951,0.20680632411067196,0.014000000000000002
68,0.08700000000000001,0.05450000000000001,0.5935,0.017,0.0235,0.13532271202683277,0.591240465416936,0.034499999999999996,0.4365,0.175,0.0
69,0.5619999999999999,0.047,0.5515,0.036484693877551023,0.1005,0.10518855218855219,0.9087853301265969,0.2435,0.34199999999999997,0.3482409103997068,0.004
70,0.244,0.033,0.6265000000000001,0.029000000000000005,0.027000000000000003,0.0562573886047963,0.89,0.021500000000000002,0.33349999999999996,0.213,0.0075
71,0.625,0.05800000000000001,0.756,0.021970297029702972,0.1045,0.22160127640570804,0.9570000000000001,0.1145,0.3195,0.3715,0.0075
72,0.321,0.057999999999999996,0.5820000000000001,0.009,0.11199999999999999,0.11477444987775061,0.6704999999999999,0.20249999999999999,0.3065,0.32933265961823527,0.0035000000000000005
73,0.25549999999999995,0.13999999999999999,0.8320000000000001,0.021,0.1035,0.20385952565936308,0.89,0.0945,0.5561662269129288,0.22898515697723618,0.0295
74,0.3835,0.18548021828103683,0.6399999999999999,0.09824632504642936,0.15199999999999997,0.18,0.6946273822268679,0.16,0.5692078382838284,0.208081461969614,0.03549045031575634
75,0.1795,0.071,0.7035,0.027000000000000003,0.025500000000000002,0.0904548423538979,0.885170382238526,0.15250000000000002,0.653,0.16699999999999998,0.0045
76,0.0055000000000000005,0.014499999999999999,0.5595000000000001,0.0185,0.0055,0.10477411477411477,0.9406179828734539,0.0015,0.487249504950495,0.033403162055335965,0.0
77,0.011500000000000002,0.0045,0.743,0.05498469387755102,0.002,0.11337768445476955,0.992,0.005,0.268,0.07518891091001169,0.0
78,0.3175,0.144,0.6214999999999999,0.04977097227855145,0.1275,0.3902742754257953,0.6566304571169832,0.1745,0.470249504950495,0.248,0.035
79,0.54,0.236,0.6275,0.051413312988746906,0.0625,0.6105608738181607,0.7836162467960863,0.29450000000000004,0.48274999999999996,0.32527671058110164,0.029462639281003494
80,0.3125,0.183,0.7769999999999999,0.05698469387755102,0.10200000000000001,0.0055,0.8547577985056964,0.14899999999999997,0.6287495049504951,0.1995,0.0054935939553219446
81,0.4095,0.16549999999999998,0.5790000000000001,0.12494059405940594,0.101,0.5101040942005559,0.7327357807989605,0.178,0.3939157318634238,0.28630792079207923,0.011000000000000001
82,0.2935,0.024499999999999997,0.5494999999999999,0.08438974173740292,0.0155,0.12,0.932,0.047,0.4096666666666667,0.13854241863630934,0.005
83,0.47300000000000003,0.017,0.49849999999999994,0.05686921317060182,0.0755,0.3284184524434979,0.7114998150520527,0.0155,0.186,0.12664487079574643,0.024
84,0.7074999999999999,0.1075,0.5895,0.0595,0.10800000000000001,0.3345533842425704,0.6026178707224334,0.038,0.47366622691292876,0.281,0.0055
85,0.22949999999999998,0.092,0.5610000000000002,0.07489915966386555,0.062,0.10406157305937311,0.8851909160892996,0.1285,0.4127495049504951,0.3855,0.052500000000000005
86,0.201,0.11750000000000001,0.8525,0.08687087884046137,0.1,0.18446277108337025,0.9243088989627534,0.064,0.73375,0.10250000000000001,0.014499999999999999
87,0.41550000000000004,0.14137038438253693,0.7064999999999999,0.051470297029702974,0.172,0.9185482295482295,0.5421054873275295,0.1125,0.41200000000000003,0.23933774834437088,0.027000000000000003
88,0.0055,0.079,0.641,0.023,0.0215,0.1165485646518654,0.925,0.015000000000000003,0.48149999999999993,0.0485,0.0
89,0.043,0.14346194225721787,0.9135,0.052500000000000005,0.13249999999999998,0.2777744699887983,0.18406681034482758,0.036500000000000005,0.8564999999999999,0.08690316205533596,0.0085
90,0.024,0.0235,0.6255,0.028500000000000004,0.027500000000000004,0.118823014529616,0.9605,0.0055,0.2678333333333333,0.09490316205533597,0.0
91,0.39246761842959116,0.1945,0.631,0.055884519293050806,0.1135,0.3194837317570044,0.5502123969107513,0.2085,0.5673333333333334,0.36993591794860503,0.027499999999999997
92,0.2285,0.06883545591172748,0.506,0.055484693877551026,0.072,0.2621888141295206,0.7875,0.17099999999999999,0.5231662269129287,0.1908406352683461,0.007000000000000001
93,0.5820000000000001,0.4128451725300663,0.6525000000000001,0.039363747857007456,0.12999999999999998,0.36668881412952065,0.11723596574690771,0.6620000000000001,0.41950000000000004,0.1565,0.003
94,0.40099999999999997,0.25,0.6775,0.11793028478105543,0.12349999999999998,0.37928597603410397,0.47078409715883024,0.18250000000000002,0.50825,0.2565,0.039
95,0.4625,0.16196194225721783,0.623,0.09780889795540683,0.0955,0.31386449082572443,0.558566882416397,0.15050000000000002,0.274082892998679,0.2906182858119175,0.019
96,0.1799676184295912,0.0245,0.628,0.040499999999999994,0.026499999999999996,0.24416636870539027,0.762,0.06,0.513749504950495,0.136,0.0005
97,0.25450000000000006,0.08549999999999999,0.5535,0.07144392523364486,0.095,0.13505946116276188,0.8625000000000002,0.1045,0.45999999999999996,0.2973495515520537,0.005
98,0.15250000000000002,0.064,0.9099999999999999,0.06186497272176198,0.10200000000000001,0.3754449694271867,0.419471410092807,0.07300000000000001,0.8240000000000001,0.06585004047811802,0.006500000000000001
99,0.1115,0.049,0.509,0.034,0.0775,0.10768881412952061,0.8744999999999999,0.0685,0.49437462834489593,0.11128574885467572,0.0055000000000000005
100,0.034999999999999996,0.002,0.7994999999999999,0.04248469387755103,0.0025,0.1292317854011418,0.9955,0.0055,0.3155,0.0696889109100117,0.0
101,0.11499999999999999,0.05738937750759843,0.47050000000000003,0.019500000000000003,0.12449999999999999,0.10627411477411478,0.661,0.065,0.465,0.395,0.005
102,0.7310000000000001,0.32427778915093997,0.818,0.03295499090725399,0.10999999999999999,0.32535410094637224,0.064,0.7255,0.626,0.10149999999999999,0.003
103,0.5224999999999999,0.122,0.5984999999999999,0.03233366697104778,0.1335,0.31834063032534404,0.559740465416936,0.0975,0.5071662269129288,0.187,0.006500000000000001
104,0.4545,0.22000000000000003,0.617,0.16149999999999998,0.1425,0.3834517778680814,0.5340385896081716,0.147,0.469,0.329971949103528,0.029987666342096726
105,0.052500000000000005,0.1688266486814124,0.5355000000000001,0.06495408163265307,0.1015,0.17973704367775015,0.705,0.03949999999999999,0.41050000000000003,0.15301131824093858,0.002
106,0.27949999999999997,0.16698021828103685,0.7525000000000001,0.04991422226334784,0.1025,0.6260470504192926,0.5375588286722459,0.11599999999999999,0.5589999999999999,0.17250000000000001,0.0205
107,0.4615,0.042499999999999996,0.5429999999999999,0.016999999999999998,0.1,0.3046885521885522,0.4601178707224335,0.05650000000000001,0.6525000000000001,0.2015,0.0025
108,0.147,0.051500000000000004,0.8030000000000002,0.0195,0.027499999999999997,0.058548229548229545,0.9469999999999998,0.051500000000000004,0.420332892998679,0.10600000000000001,0.0
109,0.3785,0.17548021828103683,0.7945,0.0485,0.133,0.2854286217024983,0.6479998150520527,0.17099999999999999,0.602375,0.26359976628564147,0.0245
110,0.4465,0.1355,0.5489999999999999,0.0784743845992005,0.0765,0.23141393571861985,0.6290668824163971,0.131,0.2750828382838284,0.18203230703100873,0.0115
111,0.09100000000000001,0.04,0.6495,0.05500000000000001,0.036,0.1331275476785692,0.8779999999999999,0.05249999999999999,0.5229999999999999,0.12149999999999998,0.0025
112,0.0195,0.022,0.576,0.0415,0.0005,0.1135,0.9800000000000001,0.0025,0.524,0.043349551552053694,0.0005
113,0.2765,0.038,0.54,0.05193877551020408,0.040499999999999994,0.10981653742080281,0.7825,0.026000000000000002,0.41541622633201236,0.19490396039603958,0.0005
114,0.0945,0.3935,0.7415,0.0329001900190019,0.0915,0.3469456683225908,0.5310710157376098,0.30599999999999994,0.6280000000000001,0.10400000000000001,0.005
115,0.195,0.1165,0.6765000000000001,0.0075,0.025,0.1345,0.8060668103448275,0.1325,0.5382995245641838,0.18649999999999997,0.005
116,0.008500000000000002,0.004,0.564,0.06037534488955487,0.012,0.13677411477411477,0.9535,0.008499999999999999,0.5063495049504951,0.09864063876871629,0.003
117,0.0625,0.05750000000000001,0.6559999999999999,0.016843084897510404,0.031000000000000007,0.24289737674715256,0.9345668824163968,0.0595,0.5581657318634239,0.12094687842278203,0.0005
118,0.3205,0.0365,0.5650000000000001,0.026500000000000003,0.0615,0.06196358214396798,0.9175000000000001,0.12150000000000001,0.387,0.3185,0.0025
119,0.06649999999999999,0.020499999999999997,0.45899999999999996,0.05693968478480501,0.031,0.14135492089394244,0.884,0.012,0.3309161716171617,0.10175320253345396,0.0015
120,0.43949999999999995,0.15547989093387865,0.7915,0.03,0.14750000000000002,0.35107816176632645,0.6632921811346141,0.131,0.45599999999999996,0.33503387798079187,0.025
121,0.278,0.22313796918375767,0.5970000000000001,0.1027240294933556,0.1565,0.3594829312503265,0.6868087868117329,0.12200000000000003,0.5366662263320123,0.2537846267671529,0.021500000000000002
122,0.1795,0.08033508206381719,0.6225,0.0495,0.11600000000000002,0.27560036037218055,0.4828539486203615,0.219,0.489,0.2395,0.014500000000000002
123,0.006500000000000001,0.009461942257217849,0.375,0.036925287936956964,0.0195,0.2404259309699382,0.675066882416397,0.016,0.47799968279143545,0.0205,0.0
124,0.332,0.18350000000000002,0.753,0.1095,0.11750000000000001,0.3425890360588719,0.7052825227716495,0.185,0.604,0.2,0.017000000000000005
125,0.5299999999999999,0.09332296263386455,0.5755,0.014943925233644859,0.0905,0.22056040598937451,0.8295,0.275,0.37675000000000003,0.35352270072354053,0.018
126,0.0485,0.32248277929712704,0.8305,0.021,0.092,0.22858226593297298,0.712,0.0034999999999999996,0.7337995245641838,0.1399039603960396,0.0
127,0.3445,0.05,0.739,0.030067114390865995,0.077,0.3665864450013243,0.3716179828734538,0.032,0.4589376442461366,0.42678163178779194,0.002
128,0.181,0.06444216053825469,0.6445000000000001,0.02748469387755102,0.099,0.3446437740693196,0.31500000000000006,0.0785,0.34299999999999997,0.15299999999999997,0.009500000000000001
129,0.25650000000000006,0.1095,0.7215,0.05576656458798655,0.052000000000000005,0.7935000000000001,0.8805,0.155,0.508732892998679,0.2833645970470241,0.008
130,0.15650000000000003,0.043500000000000004,0.675,0.10038451929305081,0.0955,0.22731873162411748,0.8150000000000001,0.10500000000000001,0.38449999999999995,0.13999999999999999,0.013500000000000002
131,0.252,0.072,0.613,0.0115,0.073,0.3031339246277215,0.41906688241639695,0.15100000000000002,0.5935,0.16499999999999998,0.0035000000000000005
132,0.0155,0.0115,0.5385,0.1305731160441648,0.054000000000000006,0.15918881412952063,0.834,0.0025,0.16495783828382837,0.1182846267671529,0.021500000000000002
133,0.384,0.10396194225721785,0.647,0.01794392523364486,0.072,0.12462849520031842,0.8751848652898507,0.11850000000000001,0.4172490099009901,0.2495,0.0069935918501478804
134,0.2375,0.1285,0.7040000000000001,0.049,0.05,0.1211078623496235,0.7589266575341664,0.08049999999999999,0.42299999999999993,0.3075,0.0095
135,0.0305,0.00698663594470046,0.6275,0.05792528793695696,0.0235,0.08087768445476955,0.9824999999999999,0.086,0.30562500000000004,0.080850040478118,0.0
136,0.23249999999999998,0.10800000000000001,0.7295,0.09317204229649798,0.141,0.4093322340210285,0.6311961757406603,0.125,0.5183328935795954,0.2528377483443709,0.0205
137,0.11699999999999999,0.07849999999999999,0.621,0.015000000000000003,0.07049999999999998,0.14950619662202702,0.826066882416397,0.063,0.4145,0.1794039603960396,0.0015
138,0.0235,0.005,0.5055000000000001,0.053984693877551025,0.0125,0.12527444987775063,0.9480000000000001,0.0034999999999999996,0.2498333333333333,0.053500000000000006,0.001
139,0.7905,0.050961942257217854,0.7995,0.019500000000000003,0.1115,0.3050109554712244,0.9785,0.191,0.701,0.1375,0.0055
140,0.0245,0.0305,0.5780000000000001,0.061,0.018500000000000003,0.09112821572048702,0.9341179828734539,0.009,0.3794995596653457,0.057403162055335966,0.0045
141,0.1115,0.17197396768402157,0.8960000000000001,0.0215,0.071,0.16904822954822954,0.4885,0.351,0.389,0.24650000000000002,0.006500000000000001
142,0.198,0.027961942257217848,0.7185,0.07747029702970297,0.0785,0.13577411477411477,0.909,0.026000000000000002,0.3995,0.15,0.0025
143,0.5365,0.2239802182810368,0.6695,0.0807247858886142,0.1315,0.20027444987775062,0.7841846803419037,0.20600000000000002,0.45425000000000004,0.4122918454935622,0.024990367110607613
144,0.0045,0.0005,0.5925,0.05600000000000001,0.001,0.11927411477411479,0.9960000000000001,0.021,0.3235,0.061350040478118005,0.001
145,0.403,0.1255,0.7135,0.05548469387755102,0.0995,0.1830042902026331,0.8775000000000001,0.15999999999999998,0.6050000000000001,0.2703388704318937,0.0014935918501478805
146,0.3275,0.2614604365620737,0.7125,0.06935481632275378,0.1075,0.9455,0.5035208757145545,0.16150000000000003,0.5197499999999999,0.26549999999999996,0.0355
147,0.01,0.0025,0.597,0.032,0.0055000000000000005,0.0945,0.9960000000000001,0.018500000000000003,0.298,0.06890316205533596,0.003
148,0.022,0.0165,0.49700000000000005,0.025,0.0445,0.149,0.8165000000000001,0.009,0.542,0.05790316205533598,0.002
149,0.126,0.11939499345085927,0.836,0.11244392523364488,0.12299999999999997,0.24037751460584542,0.9251179828734539,0.11399999999999999,0.6668324538258575,0.053403162055335976,0.0015
150,0.5255,0.045906393110238045,0.36050000000000004,0.019905047859851904,0.0615,0.2745432332125896,0.34469091608929947,0.24800000000000005,0.568049029514679,0.1757841378410886,0.0035000000000000005
151,0.4215,0.08750000000000001,0.54,0.043,0.0645,0.15974339062515983,0.8861179828734539,0.128,0.305,0.36285083881882163,0.022487666342096722
152,0.014000000000000002,0.0155,0.557,0.05338385354141657,0.007999999999999998,0.11535410094637225,0.9785,0.009999999999999998,0.2458333333333333,0.104350040478118,0.006
153,0.002,0.0015,0.5439999999999999,0.0355,0.008000000000000002,0.1277744498777506,0.929,0.0015,0.33433333333333337,0.061403162055335955,0.0
154,0.038000000000000006,0.063,0.5425000000000001,0.038000000000000006,0.0485,0.10396265276032746,0.8906179828734538,0.0345,0.409375,0.2834039603960396,0.004493756161682549
155,0.6545,0.18298663594470047,0.8154999999999999,0.07919263428828933,0.0915,0.44910359472998246,0.11269091608929944,0.14099999999999996,0.36787619047619047,0.5180796465330519,0.028000000000000004
156,0.227,0.08399999999999999,0.7455,0.06766462355276152,0.12250000000000001,0.3191885521885522,0.5400419598327824,0.077,0.5405,0.1259629349470499,0.01
157,0.841,0.08794039682663415,0.6755,0.03391830983284536,0.095,0.44263941616574076,0.15556688241639696,0.759,0.2745,0.17179059829059828,0.0055000000000000005
158,0.221,0.2205,0.6295,0.05427062556873606,0.1095,0.39153359757245476,0.5620539676894649,0.072,0.4715,0.27814487079574646,0.0215
159,0.25650000000000006,0.1389292682926829,0.5640000000000001,0.051484693877551016,0.1095,0.16327383863080686,0.795807347833333,0.0695,0.42499950495049504,0.2815166086173835,0.028499999999999998
160,0.35100000000000003,0.08700000000000001,0.622,0.061484693877551025,0.07750000000000001,0.11646292890363538,0.6521179828734539,0.07050000000000001,0.3040828382838284,0.24719455868663792,0.018
161,0.35950000000000004,0.11344216053825469,0.6645,0.09438974173740293,0.097,0.22995157240685665,0.9032359657469078,0.1115,0.42086569655777933,0.17422870315709665,0.014000000000000002
162,0.008,0.0155,0.438,0.014000000000000002,0.011,0.173,0.754,0.014000000000000002,0.4305,0.04,0.0035000000000000005
163,0.031,0.05600000000000001,0.608,0.02442861911119588,0.033499999999999995,0.175,0.729117982873454,0.0375,0.36875,0.10815504025317513,0.0015
164,0.36950000000000005,0.027999999999999997,0.48550000000000004,0.042499999999999996,0.0765,0.1304145891043398,0.9475,0.14650000000000002,0.43983333333333335,0.2992841378410886,0.002
165,0.0025,0.036,0.45500000000000007,0.0707434231853021,0.011000000000000001,0.13677411477411477,0.6174999999999999,0.0,0.25916666666666666,0.06225320253345397,0.001
166,0.2415,0.0375,0.5455,0.05595499090725399,0.0215,0.09096266696266694,0.9385000000000001,0.1085,0.21800000000000003,0.323446878422782,0.002
167,0.22000000000000003,0.041,0.601,0.15106548474580284,0.057499999999999996,0.2360430027243532,0.7785343826289177,0.16199999999999998,0.48195150500087963,0.4055424607090094,0.006
168,0.3235,0.0819238845144357,0.5855,0.07144059405940593,0.127,0.15085410094637225,0.5271179828734539,0.177,0.5462990295146788,0.14433774834437085,0.006500000000000001
169,0.030000000000000006,0.04,0.8055,0.00947979797979798,0.082,0.13692531972299443,0.414664652049216,0.021,0.2185828382838284,0.07749999999999999,0.005
170,0.078,0.10686413378552165,0.5345,0.0425,0.149,0.169962666962667,0.6142546348052187,0.0425,0.502,0.11174283082793328,0.01
171,0.426,0.05,0.629,0.048,0.07050000000000001,0.1450479534049216,0.954,0.133,0.5519999999999999,0.168,0.003
172,0.2205,0.211,0.7270000000000001,0.06640517919198344,0.13649999999999998,0.5678765306543825,0.5017357414448669,0.12250000000000001,0.504332892998679,0.18843098591549295,0.0115
173,0.46749999999999997,0.024,0.5425,0.0095,0.086,0.0866517992288843,0.8210000000000001,0.2365,0.45,0.21440396039603962,0.008000000000000002
174,0.12599999999999997,0.193,0.6965,0.08423950928306134,0.192,0.49927687608141247,0.39760238876020854,0.4795,0.47375,0.21690316205533597,0.05097469799561246
175,0.40700000000000003,0.06700000000000002,0.607,0.0655,0.032999999999999995,0.12951181169219753,0.8205,0.1065,0.44575,0.21612834663496913,0.0025
176,0.1015,0.058499999999999996,0.671,0.026500000000000003,0.18,0.20065181619582337,0.6165,0.10700000000000001,0.6585,0.10450000000000001,0.0005
177,0.34199999999999997,0.20549999999999996,0.6775,0.08294059405940593,0.066,0.24569150261125952,0.7255988556946257,0.1705,0.6368750000000001,0.16153230703100876,0.015000000000000003
178,0.37550000000000006,0.049,0.6855,0.033970297029702966,0.029500000000000005,0.09977383863080684,0.9415000000000001,0.082,0.3195,0.20249999999999999,0.0025
179,0.037,0.0375,0.62,0.028500000000000004,0.0045,0.12177444987775059,0.9785,0.019999999999999997,0.30650000000000005,0.13749999999999998,0.006
180,0.135,0.1125,0.7805,0.054920353982300885,0.065,0.1781117901519224,0.7493555681385153,0.06799999999999999,0.6955,0.18150000000000002,0.0245
181,0.383,0.041,0.588,0.065,0.101,0.08886545953817279,0.9584999999999999,0.017499999999999998,0.29900000000000004,0.0595,0.0015
182,0.019,0.033,0.6140000000000001,0.025443925233644867,0.022,0.159,0.7985,0.0205,0.45729999999999993,0.05719376034593425,0.002
183,0.0615,0.008,0.5529999999999999,0.04798469387755102,0.0125,0.16623678173678175,0.9019999999999999,0.006,0.2681666666666666,0.05085004047811801,0.0045
184,0.1345,0.03,0.471,0.10343877551020406,0.025500000000000002,0.13781679936177121,0.9110000000000001,0.07649999999999998,0.4460814625650148,0.1294429117841693,0.0025
185,0.0745,0.07550000000000001,0.6539999999999999,0.028833532014418507,0.09500000000000001,0.27422333000997007,0.08006688241639698,0.039999999999999994,0.7625,0.046,0.006
186,0.27,0.06999999999999999,0.568,0.04941422226334783,0.04,0.08723650559347382,0.877,0.0885,0.4059990099009901,0.239253202533454,0.0055
187,0.3215,0.1879009111617312,0.6475,0.06847029702970298,0.08600000000000001,0.17754293261475584,0.8500139083848388,0.158,0.4631662269129288,0.26635143491143326,0.005
188,0.35750000000000004,0.13198663594470048,0.7060000000000001,0.10627479182545867,0.0925,0.5705,0.6089313815062355,0.134,0.5551666666666667,0.207913871951998,0.016
189,0.19349999999999998,0.147,0.734,0.044,0.14599999999999996,0.27482081742203945,0.31300000000000006,0.1015,0.6163333333333333,0.268403162055336,0.008499999999999999
190,0.072,0.189,0.6795,0.33023163631599056,0.07050000000000001,0.2669569870395531,0.8271178707224335,0.07650000000000001,0.6090483076535381,0.1129039603960396,0.012
191,0.41899999999999993,0.17485164711197443,0.6585,0.06949999999999999,0.11750000000000001,0.4211411712065242,0.6655677175257343,0.15499999999999997,0.5587500000000001,0.1529039603960396,0.0175
192,0.27649999999999997,0.07349999999999998,0.632,0.042959078476751525,0.10400000000000001,0.13877411477411478,0.786394305993231,0.0895,0.4654999999999999,0.1939039603960396,0.003
193,0.5225,0.14450000000000002,0.633,0.0465,0.14200000000000002,0.3123383932461256,0.8656179828734538,0.06649999999999999,0.6895,0.15147167630057806,0.002
194,0.6115,0.07199999999999998,0.5245,0.04144392523364486,0.1015,0.3255470737561401,0.9235,0.0745,0.6665,0.08783887043189369,0.016
195,0.0905,0.044,0.518,0.027500000000000004,0.0755,0.20521949756086144,0.06827628614093458,0.067,0.5891666666666667,0.1045,0.0025
196,0.057499999999999996,0.089,0.7535000000000001,0.039470297029702964,0.1125,0.2184976445274555,0.6356179828734538,0.047,0.39010000000000006,0.1325,0.0055
197,0.182,0.020499999999999997,0.4925,0.029984693877551018,0.0205,0.1086885521885522,0.959,0.0635,0.2744995602462621,0.22528413784108858,0.002
198,0.069,0.026500000000000003,0.6890000000000001,0.039,0.05,0.09718870387845456,0.8915000000000001,0.033499999999999995,0.5553333333333333,0.04640316205533597,0.003
199,0.18449999999999997,0.06546194225721784,0.7025,0.05635481632275376,0.1465,0.18865206116985272,0.7885000000000001,0.0905,0.6131990846059633,0.11354109137419939,0.009996858465608466
200,0.1525,0.08750000000000001,0.6599999999999999,0.029443925233644863,0.11949999999999998,0.2575696488870951,0.6815,0.08149999999999999,0.47442364447579166,0.18624203248722965,0.00349375616168255
201,0.1025,0.10046194225721786,0.5415,0.07295998775135246,0.1425,0.5490671943744672,0.385954609891073,0.065,0.22349999999999998,0.099,0.0055
202,0.0235,0.022385826771653544,0.612,0.092939684784805,0.05800000000000001,0.098,0.9445,0.015000000000000003,0.3194495049504951,0.20183596982537305,0.003
203,0.0685,0.039,0.683,0.034999999999999996,0.009500000000000001,0.121,0.8067835940492294,0.0115,0.493,0.1255,0.0034999999999999996
204,0.36249999999999993,0.14190948657371977,0.6975,0.034999999999999996,0.1295,0.27360549189104416,0.5629391301991752,0.11399999999999999,0.5483746283448959,0.1825989679449378,0.0235
205,0.41550000000000004,0.2648995459704881,0.6775,0.05044392523364486,0.0645,0.23946584224835604,0.714240465416936,0.1665,0.38525,0.4156086040835,0.0315
206,0.3055,0.23600000000000004,0.7115,0.03989915966386555,0.124,0.7864177537568234,0.42957092948408604,0.167,0.45862499999999995,0.24209771192384538,0.0365
207,0.246,0.14189634650331304,0.7375,0.060414222263347826,0.126,0.7928606453842135,0.544712117176379,0.082,0.6145,0.17079184549356222,0.0155
208,0.3045,0.1355,0.6849999999999999,0.05726837283446736,0.10700000000000001,0.1624023304946018,0.44202908749706776,0.0875,0.4453333333333333,0.314875111158864,0.003
209,0.5645,0.1368289675910458,0.6279999999999999,0.05244392523364486,0.1695,0.18773442626423725,0.5686522524680321,0.08549999999999999,0.4477499999999999,0.357403162055336,0.006500000000000001
210,0.154,0.0075000000000000015,0.542,0.039484693877551026,0.0685,0.17427411477411478,0.9149999999999998,0.0015,0.20212500000000003,0.1615917492185285,0.009
211,0.14850000000000002,0.0945,0.233,0.10441172167648476,0.0855,0.3224629289036354,0.6511725787430064,0.09000000000000001,0.23891617161716172,0.15641816556095342,0.006500000000000001
212,0.3955,0.19050000000000003,0.714,0.052500000000000005,0.16450000000000004,0.0215,0.8430000000000002,0.21200000000000002,0.5339995049504951,0.236,0.015493593955321943
213,0.384,0.1315,0.7165000000000001,0.051970297029702975,0.12699999999999997,0.21163733446829386,0.7040835170983664,0.122,0.62125,0.1635,0.0095
214,0.24499999999999997,0.088,0.593,0.16697938144329894,0.10400000000000001,0.2873924825174825,0.1846848652898508,0.0765,0.49850000000000005,0.21671108284741517,0.009500000000000001
215,0.0375,0.0035000000000000005,0.5545,0.0315,0.038500000000000006,0.11677411477411477,0.968,0.026000000000000002,0.2545,0.22480792079207923,0.001
216,0.191,0.06096194225721785,0.7035,0.0773845192930508,0.121,0.29900000000000004,0.6345908238383766,0.1065,0.47424999999999995,0.12183774834437085,0.007000000000000001
217,0.0075,0.018,0.5814999999999999,0.03948469387755102,0.05349999999999999,0.10927411477411478,0.9595,0.005,0.3218333333333333,0.112350040478118,0.014499999999999999
218,0.016,0.0085,0.5890000000000001,0.06447029702970297,0.001,0.11927411477411479,0.9970000000000001,0.0015,0.27675,0.058403162055335966,0.0035000000000000005
219,0.14900000000000002,0.11040948657371978,0.5795,0.025319270123199733,0.06400000000000002,0.1337744498777506,0.9093539486203616,0.0955,0.341,0.3755,0.02698412537746423
220,0.027000000000000003,0.015000000000000003,0.615,0.031,0.0235,0.160371611782334,0.696,0.0175,0.22200000000000003,0.0595,0.001
221,0.078,0.034,0.8145,0.03491341393509233,0.082,0.1705,0.818,0.074,0.317,0.0455,0.00748734801183043
222,0.48649999999999993,0.13640844212531908,0.577,0.08848469387755102,0.07899999999999999,0.12450000000000001,0.8280668824163969,0.16750000000000004,0.38725,0.33899999999999997,0.006500000000000001
223,0.0345,0.0295,0.631,0.020999999999999998,0.028500000000000004,0.15735410094637223,0.5175000000000001,0.046,0.421,0.10400000000000001,0.0
224,0.43949999999999995,0.15547989093387865,0.7915,0.03,0.14750000000000002,0.35107816176632645,0.6632921811346141,0.131,0.45599999999999996,0.33503387798079187,0.025
225,0.564,0.07050000000000001,0.563,0.02297029702970297,0.06549999999999999,0.22158533772258088,0.8170668824163968,0.309,0.30325,0.2925,0.020999999999999998
226,0.07050000000000001,0.1145,0.6095,0.08542528793695695,0.07,0.3114043843392866,0.6198941514682278,0.043500000000000004,0.4422499999999999,0.1335,0.0205
227,0.921,0.026000000000000002,0.717,0.01,0.08549999999999999,0.14742651104760335,1.0,0.097,0.44400000000000006,0.37049999999999994,0.0
228,0.48949999999999994,0.2624292682926829,0.7070000000000001,0.09444392523364487,0.083,0.39247451849292886,0.6220281468815217,0.2835,0.40525,0.49526985634738663,0.07450000000000001
229,0.41050000000000003,0.043000000000000003,0.6,0.019470297029702974,0.1,0.065,0.820566882416397,0.1155,0.523,0.21800000000000003,0.0015
230,0.24,0.05900000000000001,0.6805,0.0125,0.11750000000000001,0.20735370501407466,0.42552908749706775,0.12150000000000001,0.37374906519675716,0.27583839654872017,0.0054873499837820305
231,0.22549999999999998,0.036,0.5934999999999999,0.025500000000000002,0.088,0.1413044438062236,0.9150940343781597,0.126,0.6424240295146789,0.15083774834437086,0.009
232,0.026000000000000002,0.023,0.5525,0.046969387755102045,0.0045,0.121,0.93,0.016,0.2765833333333333,0.08679059829059829,0.003
233,0.5229999999999999,0.0435,0.7210000000000001,0.11695421296478456,0.1095,0.3582570060065188,0.8995000000000001,0.122,0.527249504950495,0.16899999999999998,0.020999999999999998
234,0.122,0.15300000000000002,0.712,0.039970297029702964,0.096,0.1943922539312755,0.6318073478333329,0.0485,0.769124628344896,0.08824203248722964,0.001
235,0.052500000000000005,0.012,0.8095000000000001,0.05940466938025594,0.06449999999999999,0.1545,0.8089999999999999,0.052500000000000005,0.21824950495049505,0.0895,0.002
236,0.433,0.11286102037664669,0.5365,0.08640841709099387,0.0615,0.3514082306698583,0.8616179828734538,0.1135,0.479,0.22461309396545634,0.027499999999999997
237,0.17750000000000002,0.074,0.6695,0.025470297029702972,0.1355,0.15806691493298203,0.675066882416397,0.08049999999999999,0.639025,0.16736689534308952,0.01
238,0.24300000000000002,0.22396043656207368,0.634,0.037,0.1285,0.12173737878138599,0.6485960430767439,0.1295,0.5057495049504951,0.27446293494704993,0.03199359395532194
239,0.0115,0.017,0.5930000000000001,0.05648469387755103,0.024,0.16450000000000004,0.9530000000000001,0.001,0.21466666666666664,0.10135004047811799,0.008000000000000002
240,0.22399999999999998,0.044,0.5005,0.0625,0.0635,0.07150000000000001,0.8375,0.167,0.4281904761904761,0.28409711326625653,0.003
241,0.3805,0.032,0.659,0.04498469387755102,0.0495,0.06749999999999999,0.9517251802887374,0.24100000000000002,0.35624950495049507,0.2808668953430895,0.0015
242,0.15,0.089,0.741,0.0195,0.09,0.37388186575248883,0.5907359657469077,0.036000000000000004,0.29500000000000004,0.1535,0.008000000000000002
243,0.05550000000000001,0.0105,0.5155,0.03247029702970297,0.0395,0.12977411477411477,0.8690388139102122,0.020499999999999997,0.535749504950495,0.09686609700238588,0.0005
244,0.638,0.18648021828103684,0.5459999999999999,0.05848469387755102,0.0965,0.11199999999999999,0.8825,0.229,0.2875,0.43600000000000005,0.004995709570957096
245,0.36649999999999994,0.16744216053825467,0.628,0.06197979797979798,0.10500000000000001,0.24130133426069053,0.7461273822268679,0.127,0.5322495049504951,0.1614039603960396,0.014000000000000002
246,0.349,0.099,0.6245,0.04847029702970297,0.215,0.15060372137055716,0.863633764832794,0.048,0.44750000000000006,0.2485,0.0105
247,0.1095,0.0185,0.508,0.038454990907253996,0.072,0.13277411477411477,0.725,0.007999999999999998,0.23390833333333333,0.1671571629294936,0.007000000000000001
248,0.2665,0.17232612640476414,0.6359999999999999,0.1536818831053526,0.127,0.438963488859841,0.45625907757253154,0.2425,0.5206325210752637,0.2262133850409885,0.018
249,0.2615,0.074,0.575,0.02798469387755102,0.148,0.22026416518103759,0.705566882416397,0.083,0.7025000000000001,0.22199999999999998,0.006
250,0.014000000000000002,0.003,0.45299999999999996,0.0608242669672982,0.0015,0.12696358214396797,0.9404999999999999,0.0075000000000000015,0.2848333333333333,0.047,0.0005
251,0.48200000000000004,0.10700000000000001,0.6224999999999999,0.04745499090725399,0.081,0.14923228721201526,0.8978818321785991,0.21950000000000003,0.501,0.39699999999999996,0.01
252,0.013500000000000002,0.0,0.5209999999999999,0.026500000000000003,0.002,0.1065485646518654,0.961,0.0015,0.3203328382838284,0.03640316205533597,0.0015
253,0.2045,0.12039121054990079,0.7245,0.06874425377267797,0.08800000000000001,0.1274259140029991,0.9068816853200687,0.0735,0.6344995602462621,0.22351302291542147,0.00699037028198751
254,0.2435,0.034999999999999996,0.531,0.024,0.095,0.144,0.868,0.063,0.2945,0.3028388704318937,0.002
255,0.08149999999999999,0.1285,0.9115,0.007000000000000001,0.0785,0.20168614808695065,0.46611798287345385,0.46449999999999997,0.36900000000000005,0.29500000000000004,0.0005
256,0.333,0.093,0.63,0.05349999999999999,0.0825,0.15087802783065557,0.8771909160892996,0.13099999999999998,0.4876666666666667,0.195,0.018493593955321946
257,0.6084999999999999,0.022,0.5409999999999999,0.05600000000000001,0.026000000000000002,0.14100000000000001,0.9175000000000001,0.089,0.46849999999999997,0.16299999999999998,0.0005
258,0.12350000000000001,0.04042926829268293,0.5475,0.01614315861090196,0.034999999999999996,0.12068855218855219,0.7304999999999999,0.10500000000000001,0.5189161716171617,0.2520295204984465,0.0055
259,0.077,0.0345,0.8510000000000002,0.04495673076923077,0.0755,0.0986888141295206,0.8959999999999999,0.027000000000000003,0.9029999999999999,0.01694638949671772,0.0165
260,0.009999999999999998,0.013000000000000001,0.9075,0.027500000000000004,0.12,0.23377444987775062,0.043,0.0105,0.9535,0.023999999999999997,0.001
261,0.488,0.0424238845144357,0.6715000000000001,0.025500000000000002,0.048,0.21079549935687467,0.8955,0.08499999999999999,0.362,0.19949999999999996,0.0
262,0.384,0.04,0.6679999999999999,0.02944387330064797,0.051000000000000004,0.11122360557768925,0.8435,0.12400000000000003,0.5140833333333333,0.09090396039603961,0.013000000000000001
263,0.013000000000000001,0.040999999999999995,0.508,0.013000000000000001,0.1285,0.23932949811906118,0.3347896744572087,0.014500000000000002,0.8899166666666666,0.013499999999999998,0.001
264,0.12,0.10194365353228632,0.6014999999999999,0.042470297029702966,0.10750000000000001,0.2901657997497638,0.958,0.0445,0.6155,0.1649039603960396,0.0025
265,0.399,0.05944216053825467,0.602,0.13287324282859997,0.1105,0.220628215720487,0.865396186514829,0.18649999999999997,0.567749504950495,0.11199999999999999,0.0005
266,0.009,0.0035000000000000005,0.493,0.01947029702970297,0.010499999999999999,0.09796358214396796,0.9285,0.012,0.30083333333333334,0.05600000000000001,0.003
267,0.3185,0.040999999999999995,0.7665,0.026425287936956966,0.035500000000000004,0.2220092564762824,0.9349999999999999,0.09299999999999999,0.41191622691292873,0.12455985734832013,0.004
268,0.2505,0.34199999999999997,0.674,0.06983975372327149,0.11200000000000002,0.3434239791022713,0.7031179828734538,0.21799999999999997,0.39475,0.49840396039603957,0.012
269,0.0155,0.04,0.6765,0.033999999999999996,0.0435,0.11100000000000002,0.7655,0.051000000000000004,0.41883333333333334,0.12283774834437085,0.0
270,0.4625,0.013500000000000002,0.4575,0.022854150571119537,0.034499999999999996,0.05196239081935903,0.946,0.189,0.34599950495049503,0.3005630516754976,0.0105
271,0.018,0.0105,0.48549999999999993,0.023,0.0115,0.10500000000000001,0.9075000000000001,0.009,0.35350000000000004,0.05650000000000001,0.0005
272,0.08399999999999999,0.01746194225721785,0.6379999999999999,0.019,0.011,0.139867027127961,0.8334999999999999,0.1395,0.476,0.06974203248722965,0.002
273,0.0045,0.0085,0.4035,0.023428619111195877,0.009000000000000001,0.13899999999999998,0.8545,0.0195,0.28929952456418384,0.10449442234780013,0.0015
274,0.21600000000000003,0.0665,0.639,0.036000000000000004,0.0435,0.18727383863080688,0.9339999999999999,0.039,0.36499999999999994,0.313946878422782,0.0004967752604597322
275,0.3065,0.2529802182810369,0.682,0.06544059405940593,0.11600000000000002,0.097,0.43363331223045476,0.134,0.3705,0.30674091039970686,0.027000000000000003
276,0.22949999999999998,0.09489954597048808,0.7255,0.09489065101200386,0.1165,0.18085947083241,0.767889720186933,0.029500000000000005,0.5695,0.22362922943227898,0.010000000000000002
277,0.33399999999999996,0.032,0.6475,0.08822811706285312,0.1045,0.16190266559823766,0.8324999999999999,0.1065,0.5227566431522382,0.25659027272760443,0.011988752166275086
278,0.3755,0.2915,0.7899999999999999,0.06417128590123937,0.1315,0.3374079416120106,0.5626179828734539,0.1375,0.5045,0.2960251482647382,0.0125
279,0.056999999999999995,0.05600000000000001,0.634,0.050873300740099346,0.0475,0.192,0.924,0.0395,0.37775,0.0605,0.001
280,0.06699999999999999,0.014499999999999999,0.571,0.017499999999999998,0.046,0.16139248251748253,0.5611179828734538,0.074,0.458,0.097,0.0015
281,0.41999999999999993,0.15250000000000002,0.6475,0.03095499090725399,0.10600000000000001,0.22696098435907525,0.7853584482903898,0.20549999999999996,0.41874862486210274,0.4137420324872297,0.0195
282,0.6034999999999999,0.34696010921491555,0.7045,0.06736427921594575,0.143,0.25733232625787184,0.872842391288214,0.186,0.53725,0.3843359957960578,0.02299359185014788
283,0.27096761842959116,0.1784421605382547,0.6759999999999999,0.06817158585909043,0.153,0.868213996057019,0.4722535552257748,0.16299999999999998,0.5376249999999999,0.25829551246676524,0.027000000000000003
284,0.42299999999999993,0.17850000000000002,0.575,0.1134050478598519,0.126,0.11327411477411478,0.8954937642526041,0.1275,0.41229122691292874,0.4373377483443709,0.009
285,0.40149999999999997,0.141,0.617,0.1005,0.07849999999999999,0.22327411477411477,0.7469036256086026,0.139,0.367,0.23390932444376764,0.017499999999999998
286,0.013000000000000001,0.020499999999999997,0.5714999999999999,0.027000000000000003,0.022,0.14577411477411478,0.9434999999999999,0.008,0.32183333333333336,0.05440316205533598,0.0005
287,0.225,0.10599999999999998,0.6980000000000002,0.0778605318752755,0.221,0.21360700463205004,0.429,0.12799999999999997,0.5331666666666667,0.1131267918050948,0.019
288,0.5615,0.23650000000000002,0.7225,0.0465,0.0735,0.33211764430573015,0.6765209055453947,0.22749999999999998,0.3887495049504951,0.3967857488546757,0.013000000000000001
289,0.3115,0.217,0.8084999999999999,0.03192861911119588,0.10200000000000001,0.23350000000000004,0.7594945930834822,0.048,0.513625,0.19337737541221067,0.08049359395532193
290,0.2085,0.0445,0.5660000000000001,0.049911721676484756,0.10499999999999998,0.10787710437710438,0.9460000000000001,0.0665,0.22562400990099013,0.3131942489724636,0.0045000000000000005
291,0.3045,0.21691552279336773,0.7,0.039869213170601825,0.11950000000000001,0.9942744498777507,0.5342297456950024,0.179,0.5088328929986791,0.1998495515520537,0.036
292,0.696,0.08096194225721784,0.834,0.0435,0.1065,0.30500815476313603,0.9309999999999998,0.1345,0.7215,0.17099999999999999,0.0095
293,0.0885,0.036500000000000005,0.6214999999999999,0.037895584966659936,0.0395,0.11850000000000001,0.7855,0.0945,0.47300000000000003,0.09874091039970681,0.0015
294,0.3045,0.1675,0.79,0.05785557271801238,0.142,0.2593475737659533,0.693071058014749,0.14850000000000002,0.49524999999999997,0.27833804610591395,0.022
295,0.3255,0.413,0.6445000000000001,0.06778093484708658,0.125,0.349314908202223,0.6472358535958873,0.16499999999999998,0.45375,0.40135004047811795,0.008
296,0.033,0.05150000000000001,0.658,0.043818135248345144,0.03500000000000001,0.23996266696266697,0.664,0.0075,0.4035,0.08449999999999999,0.0
297,0.2085,0.094,0.6849999999999999,0.03696938775510204,0.153,0.3495509138695076,0.6485000000000001,0.099,0.4663333333333333,0.14360191150449658,0.022
298,0.5239999999999999,0.0455,0.5519999999999999,0.05,0.0635,0.10227411477411479,0.8104999999999999,0.16199999999999998,0.6065,0.20000000000000004,0.002
299,0.186,0.09696194225721785,0.5945,0.051500000000000004,0.11000000000000001,0.14446266696266696,0.8286847531388304,0.1605,0.5176666666666667,0.16350000000000003,0.0035000000000000005
300,0.1395,0.081,0.5984999999999999,0.0215,0.1165,0.11754856465186539,0.7569999999999999,0.03949999999999999,0.4575,0.2732918454935622,0.0015
301,0.084,0.0375,0.7895000000000001,0.040999999999999995,0.099,0.07227411477411477,0.923,0.0295,0.574332892998679,0.054194558686637896,0.004
302,0.189,0.13,0.6485,0.10799999999999998,0.076,0.20627411477411478,0.5672701231904655,0.0945,0.49124999999999996,0.20550000000000002,0.006
303,0.12149999999999998,0.0895,0.4040000000000001,0.027450095009500946,0.138,0.3448227120268328,0.44243012409377896,0.07899999999999999,0.58775,0.12249999999999998,0.0035000000000000005
304,0.37499999999999994,0.027000000000000003,0.5995,0.0618490111503998,0.0705,0.0745,0.9560000000000001,0.039,0.42089999999999994,0.1299595145634617,0.032499999999999994
305,0.20800000000000002,0.1485,0.6719999999999999,0.065,0.076,0.1534144310823312,0.8823818321785989,0.149,0.6115,0.2205,0.006993593955321944
306,0.313,0.12999999999999998,0.53,0.08748469387755102,0.05900000000000001,0.1505,0.7635122518878423,0.076,0.765,0.10699999999999998,0.004
307,0.27399999999999997,0.1455,0.7515000000000001,0.06886094804170684,0.089,0.2658519759620641,0.6069266575341664,0.123,0.256,0.108755,0.011000000000000001
308,0.7135,0.17948663594470043,0.5385000000000001,0.08036921317060182,0.15300000000000002,0.25365120494887966,0.8161134795205898,0.23099999999999996,0.30587455966534566,0.5147409103997068,0.01599359185014788
309,0.196,0.053500000000000006,0.596,0.04976797643215835,0.0335,0.18675594898720424,0.9197763231197771,0.063,0.48736622691292875,0.22114209055113263,0.0025
310,0.08149999999999999,0.0975,0.785,0.03291089108910891,0.068,0.26949999999999996,0.6535668103448276,0.032,0.8789999999999999,0.052500000000000005,0.0045000000000000005
311,0.013500000000000002,0.013500000000000002,0.43100000000000005,0.033499999999999995,0.006,0.11027383863080684,0.9514999999999999,0.011,0.31599999999999995,0.188,0.002
312,0.3105,0.061,0.664,0.06836162514390987,0.0975,0.18885438042620364,0.7528652992984071,0.168,0.5661657865782744,0.20192982130971854,0.007000000000000001
313,0.19,0.139,0.6805,0.016000000000000004,0.0245,0.12840294765278104,0.8265,0.084,0.472,0.185,0.011
314,0.39949999999999997,0.187,0.72,0.04785481632275377,0.126,0.31006106529314675,0.8191909160892994,0.07949999999999999,0.529625,0.34100088279730983,0.0155
315,0.027500000000000004,0.0595,0.5555000000000001,0.023,0.0725,0.089,0.4636009616678877,0.0175,0.367,0.061,0.0005
316,0.1525,0.017,0.38,0.09396938775510204,0.04,0.13377411477411477,0.8785000000000001,0.012,0.180125,0.1192540008741576,0.002
317,0.0295,0.0215,0.643,0.0485,0.027000000000000003,0.08399999999999999,0.9550000000000001,0.0155,0.27275,0.13490316205533598,0.0035000000000000005
318,0.2995,0.066,0.515,0.06244392523364486,0.047,0.10335410094637225,0.9276909160892994,0.14300000000000002,0.40362456024626214,0.2767094861660079,0.00845616237531205
319,0.258,0.13800000000000004,0.61,0.08785057587391393,0.161,0.38812342282570456,0.48949999999999994,0.0935,0.359,0.314350040478118,0.023
320,0.29850000000000004,0.09046194225721785,0.493,0.1199203539823009,0.153,0.1805,0.8876520621249446,0.11300000000000002,0.42816622691292877,0.20950000000000002,0.02
321,0.16999999999999998,0.1435,0.643,0.036000000000000004,0.11000000000000001,0.14618913226621735,0.7569051174661521,0.131,0.5205,0.22874283082793329,0.0035000000000000005
322,0.063,0.0195,0.49499999999999994,0.0075000000000000015,0.096,0.1958227120268328,0.196,0.037,0.592,0.11501466488217851,0.0005
323,0.1385,0.045,0.7394999999999999,0.0475,0.0735,0.24978629417080075,0.8460000000000001,0.08399999999999999,0.51,0.0997846267671529,0.001
324,0.2565,0.26749999999999996,0.758,0.041944681628903475,0.132,0.38070627387372363,0.5280913095833824,0.135,0.2765,0.6479999999999999,0.0305
325,0.321,0.1579421605382547,0.7025,0.07145499090725398,0.1285,0.9153462401462317,0.565929252852689,0.09649999999999999,0.5522495049504951,0.2242409103997068,0.0125
326,0.38949999999999996,0.20099999999999998,0.7075,0.06442861911119588,0.12350000000000001,0.23322373322936335,0.899613551592159,0.07250000000000001,0.6053245249406175,0.2631578516331396,0.019
327,0.584,0.085,0.6415,0.031,0.12250000000000001,0.15924018551889846,0.9458088989627533,0.15350000000000003,0.454,0.31640396039603963,0.025993593955321942
328,0.4185,0.097,0.5915,0.019454990907253993,0.0635,0.11073678173678174,0.9199999999999999,0.23349999999999999,0.34750000000000003,0.29100000000000004,0.0035000000000000005
329,0.002,0.0005,0.5405,0.028999999999999998,0.008000000000000002,0.1352744498777506,0.9125,0.001,0.39233333333333337,0.05740316205533598,0.0
330,0.007000000000000001,0.004,0.5125,0.02095673076923077,0.003,0.1105,0.9674999999999999,0.002,0.2698333333333333,0.05335004047811801,0.002
331,0.28049999999999997,0.017,0.53,0.018984693877551022,0.061,0.10515179922888432,0.8389253307067868,0.08800000000000001,0.33699900990099013,0.21220167763764328,0.0
332,0.013500000000000002,0.0035000000000000005,0.5005,0.033499999999999995,0.0095,0.11950000000000001,0.9259999999999999,0.003,0.3090828382838284,0.0345,0.0
333,0.43900000000000006,0.227,0.674,0.0595,0.1905,0.24961447693916275,0.7823690815433973,0.229,0.568,0.2695,0.016
334,0.048499999999999995,0.028000000000000004,0.569,0.052852997773551916,0.009500000000000001,0.12427411477411479,0.9640000000000001,0.036500000000000005,0.2299990646158407,0.13894776122009186,0.0025
335,0.0675,0.13478281176502896,0.853,0.025414978658606445,0.0645,0.21636737964700886,0.5365,0.534,0.5079999999999999,0.11850000000000001,0.00599375616168255
336,0.3145,0.17296133682830933,0.6355000000000001,0.1063023726884886,0.0965,0.13927411477411478,0.6725,0.265,0.5061249999999999,0.29650000000000004,0.016499999999999997
337,0.0455,0.0355,0.592,0.013499999999999998,0.024,0.12241286731781169,0.8759671968350936,0.0385,0.41049950495049503,0.1373388704318937,0.006
338,0.42700000000000005,0.242,0.842,0.041,0.0765,0.2178962931048239,0.932,0.08399999999999999,0.6380000000000001,0.27579307776931544,0.04549582004179959
339,0.6379999999999999,0.01734539651495915,0.611,0.012440594059405941,0.1975,0.296895551333516,0.99,0.045500000000000006,0.5862912269129288,0.24618970925071534,0.0045
340,0.038,0.05149999999999999,0.6655,0.019999999999999997,0.0715,0.08873745194405341,0.8150000000000001,0.013500000000000002,0.3515,0.1015,0.0
341,0.5149999999999999,0.1745,0.62,0.04667152942420607,0.081,0.7153030911226054,0.7318028481633048,0.378,0.41829122691292875,0.37881617506455634,0.02949375616168255
342,0.22000000000000003,0.041,0.601,0.15106548474580284,0.057499999999999996,0.2360430027243532,0.7785343826289177,0.16199999999999998,0.48195150500087963,0.4055424607090094,0.006
343,0.1465,0.06198663594470046,0.5405,0.26,0.17250000000000001,0.3663678857833448,0.8499268818362072,0.0815,0.4905412950115625,0.12329771724160368,0.004
344,0.121,0.11139634650331307,0.624,0.058241264942820815,0.10500000000000001,0.289,0.5593192107826889,0.0715,0.284,0.18540558972681634,0.009000000000000001
345,0.5189999999999999,0.6,0.779,0.07228043080630982,0.131,0.3861649118851808,0.21342933458607968,0.579,0.7195,0.08496328538985617,0.0115
346,0.064,0.0055,0.609,0.049454990907253985,0.008,0.08177444987775061,0.924,0.006500000000000001,0.28700000000000003,0.10894687842278203,0.003999999999999999
347,0.27949999999999997,0.0425,0.5495,0.0225,0.0445,0.11904795340492161,0.851,0.10350000000000001,0.3365,0.3228388704318937,0.004
348,0.40199999999999997,0.3075,0.6635000000000001,0.10297029702970298,0.14850000000000002,0.22154265313492444,0.7681909160892995,0.1315,0.5361496827914355,0.21766868788461674,0.015
349,0.29700000000000004,0.0655,0.571,0.07750000000000001,0.11300000000000002,0.1964089554753797,0.9800000000000001,0.0725,0.432749504950495,0.1999039603960396,0.017
350,0.032,0.019,0.538,0.04529359183295785,0.0225,0.11068913226621735,0.9289999999999999,0.0795,0.29424955966534566,0.08547789818702285,0.0025
351,0.0925,0.047,0.584,0.0315,0.0655,0.18862431248014241,0.8648432055361741,0.053500000000000006,0.429749504950495,0.058499999999999996,0.013000000000000001
352,0.5835,0.08,0.5539999999999999,0.026940594059405944,0.14049999999999999,0.20954897465131936,0.6985668824163971,0.37100000000000005,0.39862462834489587,0.3248071224513756,0.019499999999999997
353,0.5885,0.0365,0.4375,0.0485,0.0915,0.0771885521885522,0.8484999999999999,0.18,0.421,0.3735,0.007000000000000001
354,0.23700000000000002,0.19346194225721786,0.7615000000000001,0.044727360667594515,0.098,0.4883784387938688,0.4722406705913572,0.15399999999999997,0.5787574532449411,0.2603262132257737,0.009000000000000001
355,0.352,0.049,0.7,0.055940594059405935,0.05,0.1125,0.9085000000000001,0.10600000000000001,0.6317932975183227,0.1779463894967177,0.005
356,0.20400000000000001,0.0445,0.5660000000000001,0.026500000000000003,0.0395,0.199,0.8761909160892994,0.2395,0.44052380952380954,0.34474756171420284,0.0034999999999999996
357,0.40199999999999997,0.08399999999999999,0.614,0.04980396400075075,0.0935,0.13131713446540708,0.8525,0.084,0.43099823883118216,0.23775271360738964,0.006500000000000001
358,0.08399999999999999,0.07550000000000001,0.7135,0.07235481632275378,0.079,0.2711885521885522,0.26019091608929945,0.118,0.4929166666666667,0.14042175650661004,0.005
359,0.048,0.022,0.4795,0.020499999999999997,0.0215,0.14496324704033214,0.868,0.007000000000000001,0.35979952456418385,0.2578388704318937,0.0015
360,0.10499999999999998,0.05900000000000001,0.5595000000000001,0.027000000000000003,0.1255,0.12322360557768923,0.6275466691757622,0.04650000000000001,0.591,0.351,0.005
361,0.038,0.0155,0.4575,0.014000000000000002,0.031,0.2225,0.7110000000000001,0.013500000000000002,0.2855,0.08049999999999999,0.0005
362,0.193,0.11946043656207368,0.5175,0.12060270555714939,0.1775,0.49754795340492153,0.4005344095280995,0.11850000000000001,0.5429999999999999,0.15000000000000002,0.0245
363,0.03949999999999999,0.0225,0.4135,0.05600000000000001,0.014500000000000002,0.11204856465186538,0.9339999999999999,0.027500000000000004,0.43699999999999994,0.14244638949671773,0.0005
364,0.708,0.1015,0.639,0.04144392523364486,0.10550000000000001,0.27231772017085426,0.6097095851476105,0.3355,0.28749968279143534,0.2877905982905983,0.005
365,0.0985,0.06442926829268293,0.8634999999999999,0.04698469387755102,0.1255,0.27523123677620864,0.18449999999999997,0.068,0.8027079616782293,0.09174091039970682,0.0095
366,0.083,0.051500000000000004,0.7474999999999999,0.02745499090725399,0.05550000000000001,0.14650000000000002,0.5625,0.027000000000000003,0.6089990099009902,0.1375,0.008
367,0.3665,0.18478467153284672,0.65,0.065,0.0915,0.29126598314489455,0.6627271031843182,0.1325,0.49000000000000005,0.1495,0.028000000000000004
368,0.2515,0.1549421605382547,0.6805000000000001,0.05696252500897758,0.191,0.7468388470038455,0.5355682299671862,0.11700000000000002,0.5724166666666667,0.2117535332376482,0.014499999999999999
369,0.27549999999999997,0.128,0.6184999999999999,0.015470297029702974,0.1025,0.12946266696266695,0.9336909160892995,0.10299999999999998,0.4050000000000001,0.26199999999999996,0.0085
370,0.8145,0.005,0.6325000000000001,0.0115,0.091,0.10077411477411476,0.9795000000000001,0.14950000000000002,0.5425000000000001,0.3515,0.003
371,0.121,0.20140349736656402,0.6485000000000001,0.1415957389211928,0.236,0.6084253353168911,0.5542223699049071,0.11600000000000002,0.26749999999999996,0.04383887043189368,0.028500000000000004
372,0.0045,0.0025,0.553,0.0235,0.0085,0.12727444987775063,0.9644999999999999,0.008,0.3453333333333334,0.06690316205533596,0.001
373,0.48100000000000004,0.0542953133453733,0.562,0.03341948276460299,0.075,0.1906410972056149,0.7823028481633048,0.0955,0.4348903805572313,0.33332122785263174,0.001
374,0.1705,0.04292822384428224,0.719,0.028889552807911317,0.075,0.32262230542267845,0.4441179828734539,0.10700000000000001,0.622045833255241,0.26042623360388617,0.009999999999999998
375,0.0875,0.038,0.953,0.03345499090725399,0.0965,0.28887706308527367,0.45704475255864063,0.033,0.909,0.053000000000000005,0.002
376,0.013999999999999999,0.012,0.4640000000000001,0.0325,0.03900000000000001,0.132,0.798,0.0185,0.3285,0.04890316205533597,0.0005
377,0.037,0.057999999999999996,0.5845,0.0295,0.039,0.09449999999999999,0.9225,0.0915,0.29558333333333336,0.10040316205533598,0.009
378,0.3395,0.021,0.514,0.01995499090725399,0.04,0.050462390819359035,0.951,0.051500000000000004,0.39774950495049505,0.22629184549356224,0.004999999999999999
379,0.3645,0.2645,0.6585,0.05695499090725399,0.196,0.0507079714045081,0.8266179828734538,0.182,0.49850000000000005,0.33244687842278203,0.01
380,0.0025,0.015,0.6134999999999999,0.031,0.006999999999999999,0.17727444987775062,0.9775,0.0015,0.32516666666666666,0.05090316205533596,0.0025
381,0.14600000000000002,0.121,0.6315,0.027470297029702974,0.11850000000000001,0.299756490401302,0.376,0.168,0.46699999999999997,0.12999999999999998,0.0075
382,0.2665,0.07700961035844367,0.6755,0.040970297029702965,0.11850000000000001,0.3690792903392904,0.917,0.05149999999999999,0.5479999999999999,0.20835083881882163,0.002
383,0.538,0.10700000000000001,0.634,0.01,0.05900000000000001,0.06968881412952062,0.9021848652898509,0.21550000000000002,0.39,0.337,0.021480026519238478
384,0.3275,0.016999999999999998,0.5585,0.052470297029702975,0.027000000000000003,0.12377383863080685,0.882,0.07949999999999999,0.3345,0.1604039603960396,0.015
385,0.4995,0.0605,0.6325000000000001,0.027500000000000004,0.0665,0.21035387045813586,0.6439999999999999,0.1965,0.5974999999999999,0.1258388704318937,0.0085
386,0.051500000000000004,0.0318839937293512,0.5915,0.015,0.0175,0.17173769691808274,0.8495000000000001,0.017499999999999998,0.4995,0.0855,0.0015
387,0.1335,0.04648663594470046,0.5665,0.043,0.054000000000000006,0.10501184429305013,0.8314999999999999,0.0485,0.4010000000000001,0.1942905982905983,0.011500000000000002
388,0.3955,0.2644292682926829,0.6655,0.1298742100147003,0.1165,0.7790000000000001,0.5112993760085696,0.187,0.4625828382838284,0.26778903730030423,0.034
389,0.644,0.055499999999999994,0.5665,0.037470297029702976,0.10300000000000001,0.12999999999999998,0.7132577985056965,0.27349999999999997,0.43899999999999995,0.33849999999999997,0.001
390,0.20800000000000002,0.11180066309203704,0.7489999999999999,0.0558244476008225,0.125,0.35704795340492157,0.46443440096911487,0.1445,0.6246661716171618,0.12260468243547211,0.023000000000000003
391,0.084,0.0655,0.627,0.005,0.128,0.1145,0.6545,0.053500000000000006,0.3285,0.5900000000000001,0.003
392,0.194,0.071,0.693,0.05342039203920392,0.2665,0.125,0.8116848652898507,0.1745,0.6166661716171618,0.12731544210841889,0.002
393,0.19,0.1865,0.493,0.04784284137454371,0.1415,0.40508710586783747,0.1305,0.17550000000000002,0.4442074666287243,0.2621937603459342,0.006999999999999999
394,0.542,0.033,0.5575000000000001,0.062,0.124,0.14140287429886406,0.9018088989627533,0.1665,0.4495,0.2529039603960396,0.013000000000000001
395,0.038500000000000006,0.015000000000000003,0.398,0.024,0.0315,0.22549999999999998,0.8284999999999998,0.0175,0.3795,0.07150000000000001,0.0115
396,0.0595,0.17432692233296898,0.8135,0.02147979797979798,0.065,0.26146326400727127,0.5641178707224335,0.48550000000000004,0.4672486248621028,0.2423071224513756,0.00799375616168255
397,0.0605,0.04,0.552,0.02498469387755102,0.037500000000000006,0.10577411477411476,0.849894305993231,0.019999999999999997,0.3645,0.18333774834437086,0.0005
398,0.26999999999999996,0.11031020909054527,0.5095000000000001,0.026500000000000003,0.1,0.10654822954822955,0.5265105886074015,0.21800000000000003,0.5055,0.3025,0.0045
399,0.3665,0.158,0.649,0.035918309832845365,0.1025,0.1837986093970862,0.7234982639226324,0.11900000000000002,0.287,0.274903162055336,0.0195
400,0.0085,0.007000000000000001,0.5459999999999999,0.05746938775510204,0.0235,0.11241478060046191,0.945,0.009,0.4379162263320124,0.04301137462567668,0.001
401,0.1265,0.0925,0.8115000000000002,0.10049999999999999,0.136,0.4448266383968649,0.1585,0.0695,0.828,0.12250000000000001,0.013999999999999999
402,0.634,0.16749999999999998,0.522,0.09231313840424668,0.154,0.16818855218855217,0.7197251802887374,0.2285,0.366457892998679,0.41974091039970685,0.0015
403,0.43099999999999994,0.08650000000000001,0.5745,0.05700000000000001,0.0875,0.12223676753444224,0.8203088989627533,0.28300000000000003,0.548,0.3395,0.005
404,0.5095000000000001,0.1115,0.653,0.03494392523364486,0.0945,0.46016944959799755,0.5975229450001892,0.192,0.3325,0.3776467912239729,0.0165
405,0.37900000000000006,0.24929470791646477,0.589,0.11087044899180183,0.1475,0.12477444987775059,0.717596043076744,0.16150000000000003,0.5082500000000001,0.2397110828474152,0.0245
406,0.142,0.08248641179180102,0.6435,0.04976161543464369,0.088,0.2706643346138621,0.3121179828734538,0.1375,0.450749504950495,0.13394475574646358,0.01
407,0.40750000000000003,0.2845,0.704,0.0485,0.119,0.2010055820385598,0.49311624679608634,0.172,0.433,0.514,0.0125
408,0.23349999999999999,0.056999999999999995,0.5005,0.037435385726072606,0.044,0.13727444987775062,0.882,0.069,0.39524950495049505,0.292903162055336,0.0025
409,0.3675,0.1315,0.583,0.04847029702970297,0.048,0.07889760548159891,0.802381832178599,0.1775,0.335625,0.3239031620553359,0.0125
410,0.32399999999999995,0.17485749213696516,0.6295,0.09691949597811131,0.0815,0.14186563649526182,0.9345000000000001,0.14650000000000002,0.6108241340306136,0.28550702389618665,0.002
411,0.16,0.21090969087732817,0.735,0.03298469387755102,0.15100000000000002,0.4857543245517192,0.3214656457056734,0.2065,0.41,0.22797194910352805,0.01
412,0.0225,0.08090091116173119,0.608,0.02191089108910891,0.0845,0.40335410094637225,0.42875779850569645,0.08149999999999999,0.44749999999999995,0.045,0.0035000000000000005
413,0.023,0.0059739676840215436,0.5115000000000001,0.03248469387755103,0.006,0.1342741147741148,0.932,0.002,0.4064995049504951,0.04580632411067193,0.0
414,0.34299999999999997,0.11144227063662764,0.6105,0.013500000000000002,0.135,0.35779491952951314,0.29046551109863905,0.2425,0.5612995245641839,0.20950000000000002,0.006
415,0.28500000000000003,0.12000000000000002,0.7215,0.10430237268848863,0.094,0.17477383863080684,0.9003742302497301,0.0645,0.5563328382838284,0.2992094861660079,0.012
416,0.5445,0.2103247956761669,0.6890000000000001,0.1443589038922513,0.10699999999999998,0.3407437983510334,0.7965000000000001,0.194,0.48646575147711263,0.25167661877626457,0.02799582004179958
417,0.578,0.12835142310712372,0.683,0.045,0.1255,0.19873718388313413,0.7074409327950102,0.3015,0.53125,0.32,0.0075000000000000015
418,0.344,0.24946043656207367,0.6725,0.04932420407785581,0.1035,0.9975000000000002,0.4795517515756867,0.189,0.49175,0.2656669258833807,0.0345
419,0.033,0.029500000000000005,0.5509999999999999,0.0685969003847954,0.004,0.20054856465186538,0.9799999999999999,0.013500000000000002,0.3024157312825074,0.09821914739685743,0.0015
420,0.38299999999999995,0.10450000000000001,0.5870000000000001,0.07586094804170683,0.1315,0.05537794639573797,0.7793073478333329,0.1745,0.4404166666666667,0.2906053214822689,0.012993593955321944
421,0.003,0.006,0.442,0.012470297029702971,0.014500000000000002,0.14827444987775062,0.858,0.0,0.33133333333333337,0.06640316205533596,0.0
422,0.0105,0.005,0.45200000000000007,0.0085,0.016999999999999998,0.14254856465186538,0.7500000000000001,0.008,0.312,0.056499999999999995,0.0055000000000000005
423,0.465,0.14899999999999997,0.6375,0.0649108910891089,0.20749999999999996,0.0925,0.8766179828734538,0.182,0.3842495049504951,0.2015,0.008
424,0.119,0.08489706897555745,0.4715,0.06347029702970297,0.1025,0.23589248251748254,0.7221162467960863,0.0765,0.628124188591158,0.14094687842278203,0.013000000000000001
425,0.1355,0.11099999999999999,0.869,0.043,0.069,0.11850000000000001,0.938,0.0235,0.22329952456418384,0.10383774834437084,0.0085
426,0.0005,0.005,0.5475,0.11249222169429866,0.014500000000000002,0.08568913226621735,0.8644999999999999,0.0005,0.23833333333333334,0.08344687842278205,0.011
427,0.2945,0.16546043656207368,0.6679999999999999,0.05891089108910891,0.1145,0.10592941851568476,0.4582635816507531,0.11699999999999999,0.404,0.27070419578956295,0.027000000000000003
428,0.0795,0.10400000000000001,0.6635,0.031000000000000007,0.0465,0.11148208617862287,0.8554999999999999,0.053000000000000005,0.6156662269129287,0.1130480328510824,0.0034999999999999996
429,0.1135,0.026000000000000002,0.648,0.0425,0.028499999999999998,0.08832267942598016,0.9079952676611187,0.024,0.3095,0.14,0.0375
430,0.278,0.2245,0.699,0.05249999999999999,0.12350000000000001,0.426169155024012,0.45886961842868124,0.12799999999999997,0.45325,0.42024203248722963,0.011500000000000002
431,0.3605,0.05449999999999999,0.6195,0.084,0.0755,0.17485387045813588,0.8544609664828382,0.19250000000000003,0.61025,0.1335,0.004
432,0.3155,0.1579041027954725,0.6245,0.08745009500950095,0.1165,0.1566667038090261,0.8148756345206202,0.094,0.5384999999999999,0.14090396039603958,0.0175
433,0.712,0.19,0.7849999999999999,0.07673966216240366,0.11499999999999999,0.30613281685568355,0.703684865289851,0.655,0.40742400990099015,0.3866430283193164,0.03397788247213015
434,0.137,0.057499999999999996,0.7924999999999999,0.12966780184765814,0.1625,0.23514965808380187,0.9466179828734539,0.0805,0.32004129574678536,0.07130632411067195,0.004996775260459732
435,0.10500000000000001,0.048,0.4955,0.04198469387755102,0.048,0.14824616629059628,0.7881909160892995,0.067,0.22800000000000004,0.12149999999999998,0.013500000000000002
436,0.3775,0.0695,0.5720000000000001,0.030443925233644864,0.11100000000000002,0.29068881412952063,0.9095000000000001,0.12000000000000002,0.4571657318634238,0.18535083881882164,0.017
437,0.0385,0.041,0.5545,0.0115,0.027000000000000003,0.12785410094637223,0.752,0.0415,0.3920833333333334,0.3163377483443709,0.006
438,0.644,0.0245,0.45,0.033499999999999995,0.04650000000000001,0.18827383863080685,0.710394305993231,0.264,0.319,0.1595,0.0
439,0.374,0.06749999999999999,0.6220000000000001,0.03597029702970297,0.082,0.09612883030395425,0.8182359657469076,0.28500000000000003,0.6705,0.1755,0.0015
440,0.19649999999999998,0.128,0.7404999999999999,0.042368303896000895,0.099,0.4489181188364624,0.5732307838809871,0.08549999999999999,0.44175,0.1987918454935622,0.0235
441,0.5235,0.10400000000000001,0.73,0.0215,0.0605,0.17668855218855217,0.9355,0.054000000000000006,0.29500000000000004,0.2893388704318937,0.001
442,0.34950000000000003,0.11748021828103683,0.7360000000000001,0.0623490111503998,0.06949999999999999,0.4231261307479014,0.43592850135436106,0.202,0.6346666666666667,0.20178894325078925,0.0125
443,0.025500000000000002,0.17792822384428225,0.7855000000000001,0.05800000000000001,0.0985,0.211,0.8916179828734538,0.0235,0.4425,0.10049999999999999,0.004
444,0.20999999999999996,0.1335,0.8719999999999999,0.026840746021504804,0.06799999999999999,0.10777411477411476,0.9018539486203616,0.0205,0.3608828578975172,0.1427642218447553,0.0115
445,0.302,0.2568443520665585,0.7065,0.07744059405940594,0.0965,0.9169472988360626,0.5317260284437567,0.15699999999999997,0.558525,0.24390316205533596,0.021993756161682552
446,0.2695,0.04650000000000001,0.4915,0.038909981814507985,0.0495,0.09773650559347381,0.9289672392090766,0.1115,0.24449955966534564,0.3118682386401341,0.0045
447,0.045,0.053500000000000006,0.5765,0.03328843227804812,0.1095,0.23585492089394244,0.584,0.11850000000000001,0.445,0.04983774834437086,0.001
448,0.006,0.0005,0.5825,0.047,0.010499999999999999,0.14532271202683278,0.7095,0.014499999999999999,0.262,0.018,0.0
449,0.1075,0.20846194225721787,0.6505,0.09690998181450797,0.20950000000000002,0.5366036095566524,0.47494261886221,0.144,0.4061496827914354,0.09394687842278203,0.012493591850147881
450,0.40599999999999997,0.1704421605382547,0.6145,0.11548469387755103,0.1335,0.0861888141295206,0.893,0.20949999999999996,0.5856662269129288,0.23500000000000001,0.015500000000000003
451,0.3605,0.05449999999999999,0.6195,0.084,0.0755,0.17485387045813588,0.8544609664828382,0.19250000000000003,0.61025,0.1335,0.004
452,0.2325,0.093,0.5675,0.048,0.13799999999999998,0.12618572082932913,0.9203584482903897,0.0605,0.47174950495049506,0.04647167630057804,0.0055
453,0.1395,0.014000000000000002,0.505,0.038,0.0055,0.20871327729975997,0.8695466691757622,0.039,0.387,0.20900000000000002,0.0
454,0.006,0.03150000000000001,0.49749999999999994,0.037,0.011,0.1230485646518654,0.9789999999999999,0.012,0.2920828382838284,0.07115636458878995,0.0
455,0.10250000000000001,0.12047396768402155,0.8400000000000001,0.0815,0.16399999999999998,0.3165637009623228,0.17650000000000002,0.0375,0.8713333333333333,0.1297905982905983,0.006
456,0.042,0.1045,0.7180000000000001,0.029434788887051977,0.035500000000000004,0.21040328018170484,0.7192358535958874,0.06300000000000001,0.603,0.21000000000000002,0.001989301421104976
457,0.42400000000000004,0.09934274435282772,0.6585,0.09428623597866378,0.11600000000000002,0.28396728466158644,0.7909256704882424,0.1545,0.5120833333333333,0.21580712245137557,0.015993593955321943
458,0.006500000000000001,0.0034999999999999996,0.5695,0.027484693877551016,0.001,0.13527411477411477,0.8859999999999999,0.0,0.4003328382838284,0.05430632411067195,0.0
459,0.215,0.016,0.36550000000000005,0.0185,0.013500000000000002,0.11850000000000001,0.9195,0.0455,0.387,0.21100000000000002,0.001
460,0.101,0.14096194225721786,0.783,0.051500000000000004,0.081,0.3800429150758929,0.5664929144270254,0.08049999999999999,0.49449999999999994,0.13499999999999998,0.0055
461,0.07350000000000001,0.004,0.5654999999999999,0.04748469387755102,0.0105,0.082,0.985,0.0185,0.34395833333333337,0.10520039037087534,0.0045
462,0.08900000000000001,0.08692822384428224,0.5725,0.11053871378738345,0.172,0.532721711161998,0.4603257315072106,0.0925,0.2715,0.055999999999999994,0.006500000000000001
463,0.43649999999999994,0.2559613368283093,0.6555,0.07316828127359953,0.11499999999999999,0.3757312723661932,0.6883028481633048,0.2205,0.38838289357959543,0.3320491549386052,0.023949263440553935
464,0.047,0.12346775380756718,0.8985,0.02231313840424668,0.1315,0.409462666962667,0.044,0.055499999999999994,0.33325000000000005,0.529736987787316,0.002
465,0.087,0.08449999999999999,0.635,0.04892528793695696,0.011000000000000001,0.07949999999999999,0.9075,0.0385,0.4814633509110429,0.11243152156823397,0.011
466,0.33399999999999996,0.16,0.6824999999999999,0.025,0.063,0.25979720785254046,0.7822577985056964,0.057999999999999996,0.424749504950495,0.26333887043189363,0.021500000000000002
467,0.20949999999999996,0.15699999999999997,0.5700000000000001,0.1291464599949624,0.197,0.4657991580220194,0.4813854644536274,0.15650000000000003,0.6852083333333333,0.177,0.029500000000000005
468,0.23900000000000002,0.1585,0.7154999999999999,0.058429476452799924,0.1005,0.2724890541054169,0.813684865289851,0.10300000000000001,0.5485,0.14850000000000002,0.017993591850147882
469,0.047,0.024923884514435692,0.4875,0.046943925233644865,0.0775,0.15527411477411474,0.20861798287345384,0.048499999999999995,0.6126662269129287,0.07757638150909743,0.0015
470,0.043500000000000004,0.0205,0.63,0.0069702970297029695,0.018500000000000003,0.11000000000000001,0.8455,0.009999999999999998,0.44899999999999995,0.061,0.0005
471,0.085,0.053461336828309315,0.8460000000000001,0.04048469387755102,0.10049999999999999,0.280803004177764,0.41042676968518677,0.065,0.8136662269129287,0.0715,0.007493756161682551
472,0.015000000000000003,0.0315,0.557,0.02994059405940594,0.0465,0.09454767726161369,0.9334999999999999,0.0125,0.24924950495049508,0.3563071224513755,0.002
473,0.49700000000000005,0.118,0.5725,0.06773509516696471,0.1955,0.20299999999999999,0.879381832178599,0.091,0.3191162269129288,0.4122428308279333,0.016000000000000004
474,0.314,0.15450000000000003,0.6114999999999999,0.0615,0.174,0.14714927460665903,0.8575668103448276,0.12150000000000001,0.5635,0.20030712245137558,0.0125
475,0.5730000000000001,0.029500000000000005,0.6180000000000001,0.05647029702970298,0.11000000000000001,0.12450000000000001,0.9175000000000001,0.11100000000000002,0.5807083333333333,0.15730632411067194,0.033993756161682556
476,0.119,0.0905,0.57,0.0155,0.11849999999999998,0.2319994923991852,0.062,0.12,0.6134999999999999,0.1583388704318937,0.004
477,0.0935,0.019,0.6685000000000001,0.038443925233644864,0.4345,0.14377411477411478,0.8946582978723404,0.137,0.5656324862424131,0.12069376034593426,0.003
478,0.3675,0.2297859071759046,0.6869999999999999,0.042484693877551015,0.1115,0.9940000000000001,0.5953377755698147,0.1815,0.455957892998679,0.24280712245137556,0.031493756161682554
479,0.7875,0.0475,0.682,0.008,0.073,0.10118855218855219,0.977,0.05800000000000001,0.5155000000000001,0.2895,0.0015
480,0.605,0.10200000000000001,0.62,0.07373842634120364,0.08449999999999999,0.19215982876385557,0.7391862998600576,0.3255,0.47537462908011874,0.2551473245428394,0.009500000000000001
481,0.579,0.04596194225721785,0.8109999999999999,0.07562917829955293,0.11600000000000002,0.33561820507730383,0.944,0.11399999999999999,0.624,0.1295,0.011000000000000001
482,0.052000000000000005,0.024,0.575,0.0165,0.0355,0.15149999999999997,0.601,0.08600000000000001,0.4715,0.08449999999999999,0.0015
483,0.2045,0.1165,0.7335,0.031428619111195884,0.0825,0.2965,0.4323027360122843,0.13999999999999999,0.4656666666666666,0.0975,0.0185
484,0.22849999999999998,0.271,0.6584999999999999,0.03849999999999999,0.0685,0.10915206116985272,0.6599999999999999,0.15,0.391,0.1974039603960396,0.005
485,0.17250000000000001,0.09949999999999999,0.817,0.05097685284788746,0.088,0.34643945620781613,0.8035404334283663,0.064,0.530749504950495,0.1457470727881385,0.017499999999999998
486,0.4215,0.1145,0.757,0.03593028478105542,0.133,0.17746266696266697,0.7033186301226448,0.11599999999999999,0.547374504950495,0.21349999999999997,0.018990370281987513
487,0.1345,0.04,0.5740000000000001,0.022000000000000002,0.026000000000000002,0.0781277090889427,0.8931179828734539,0.04,0.507749504950495,0.1935,0.006
488,0.40800000000000003,0.10149999999999999,0.7195,0.05348469387755102,0.0895,0.22892559586630234,0.9085000000000001,0.097,0.4298333333333334,0.1979039603960396,0.042
489,0.0395,0.19780068656063626,0.751,0.0595,0.08549999999999999,0.2218230215827338,0.6408028481633047,0.0395,0.6552495049504952,0.10514014984265199,0.006500000000000001
490,0.3675,0.23542327908552715,0.5535,0.06991422226334783,0.05500000000000001,0.09862689648140958,0.7785000000000001,0.20750000000000002,0.47450000000000003,0.40471108284741525,0.0245
491,0.162,0.0665,0.7064999999999999,0.053984693877551025,0.07350000000000001,0.19157051361335062,0.7889999999999999,0.0225,0.48525,0.10049999999999999,0.0045
492,0.31900000000000006,0.0685,0.619,0.08638436641370849,0.1285,0.11627383863080684,0.728652252468032,0.0915,0.40671487080780394,0.2360598360587652,0.0015
493,0.5875,0.02125173966438098,0.6305000000000001,0.013940594059405943,0.10900000000000001,0.27218545295289104,0.9625,0.0365,0.5767912269129287,0.23868970925071534,0.0075000000000000015
494,0.05,0.046,0.6305,0.028499999999999998,0.016999999999999998,0.1355,0.8790433135802408,0.05149999999999999,0.5105000000000001,0.13329059829059828,0.0015
495,0.12349999999999998,0.0415,0.6300000000000001,0.025500000000000002,0.0945,0.12127444987775063,0.857,0.10500000000000001,0.645,0.189,0.0045
496,0.27699999999999997,0.10300000000000001,0.575,0.0355,0.07550000000000001,0.11977444987775061,0.8141179828734538,0.1135,0.46449999999999997,0.3085,0.0085
497,0.2745,0.1594421605382547,0.6905,0.060462525008977586,0.17650000000000002,0.868,0.5614668284827649,0.10600000000000001,0.5419152915287695,0.16601495759448015,0.015
498,0.095,0.049,0.529,0.02898469387755102,0.041999999999999996,0.22068670285234354,0.8895,0.049,0.32675,0.164,0.002
499,0.26749999999999996,0.1005,0.5315,0.03944392523364486,0.101,0.3793816111777734,0.11158537005163512,0.119,0.6439999999999999,0.23030180537894362,0.0025
500,0.185,0.0935,0.5840000000000001,0.0799050478598519,0.08750000000000001,0.21537057387057387,0.8394999999999999,0.073,0.3842912269129287,0.23470942581690837,0.003
501,0.196,0.0205,0.46449999999999997,0.456984693877551,0.031,0.23532297201865301,0.627,0.016,0.22313241756286284,0.14850000000000002,0.0
502,0.223,0.079,0.6765000000000001,0.04694059405940594,0.0775,0.1717744498777506,0.8255000000000001,0.0915,0.5318652368139188,0.2658084541109457,0.014965865172541556
503,0.3135,0.164,0.5730000000000001,0.0688082044495906,0.0885,0.08272360557768925,0.8299999999999998,0.146,0.469,0.364,0.015500000000000003
504,0.5255,0.052899545970488085,0.5770000000000001,0.053443925233644864,0.07550000000000001,0.23593463776727902,0.8442006472491912,0.28200000000000003,0.27975,0.43205075162001244,0.016
505,0.16650000000000004,0.0085,0.3335,0.048824204077855815,0.047,0.12677411477411477,0.8755000000000001,0.013500000000000002,0.20191666666666666,0.10775400087415762,0.0295
506,0.08349999999999999,0.09483956459891964,0.8880000000000001,0.03832141264558167,0.12250000000000001,0.42404370166870164,0.101,0.066,0.2819166666666667,0.5215811965811966,0.003
507,0.33949999999999997,0.263,0.6295,0.06050000000000001,0.1315,0.29820736919012536,0.7601628475831149,0.183,0.4745828382838283,0.2817535119480933,0.028476204955831252
508,0.3625,0.25246194225721785,0.728,0.06199222797927462,0.091,0.22607427212454567,0.681566882416397,0.1605,0.48669285714285715,0.2916789339442957,0.0075
509,0.27549999999999997,0.1105,0.47850000000000004,0.08295499090725399,0.122,0.16722333000997008,0.6871179828734538,0.08549999999999999,0.74725,0.12290316205533595,0.001
510,0.149,0.139,0.8099999999999999,0.064,0.0945,0.16454856465186538,0.6715384774571513,0.07250000000000001,0.523,0.22799999999999998,0.011963147415609988
511,0.032499999999999994,0.0249238845144357,0.6119999999999999,0.025,0.057999999999999996,0.09816590397503087,0.9065,0.019,0.22916573186342384,0.1639039603960396,0.0025
512,0.09100000000000001,0.053500000000000006,0.622,0.025395584966659928,0.0365,0.10918913226621736,0.9405000000000001,0.094,0.48529952456418385,0.17550000000000002,0.0035000000000000005
513,0.084,0.0635,0.682,0.0385,0.018,0.09312915101536301,0.9395,0.016,0.4335,0.1635,0.0095
514,0.0365,0.004,0.5215,0.022000000000000002,0.038,0.11937100053539022,0.6565,0.03150000000000001,0.288,0.025,0.0005
515,0.046,0.003999999999999999,0.605,0.0505,0.0155,0.21296239081935903,0.8640000000000001,0.004999999999999999,0.41833333333333333,0.042,0.0005
516,0.48100000000000004,0.056999999999999995,0.48,0.0898845192930508,0.06999999999999999,0.30361916212884177,0.8055466691757622,0.22999999999999998,0.38820789357959545,0.35675943944531674,0.00399375616168255
517,0.072,0.031000000000000007,0.5615,0.05298469387755102,0.054000000000000006,0.084,0.819,0.003,0.25958333333333333,0.214403162055336,0.003
518,0.3755,0.18450000000000003,0.607,0.05844059405940594,0.0815,0.2591498798365444,0.6486179828734538,0.2045,0.43600000000000005,0.43033774834437083,0.027000000000000003
519,0.039,0.0435,0.5055,0.06971292629839129,0.016999999999999998,0.0635,0.9365,0.014500000000000002,0.44749999999999995,0.09050766738091272,0.002
520,0.312,0.1739292682926829,0.7025,0.03749999999999999,0.11299999999999999,0.13177383863080686,0.8161848652898509,0.12200000000000003,0.5370000000000001,0.39140316205533593,0.023
521,0.35950000000000004,0.058499999999999996,0.5914999999999999,0.0185,0.043000000000000003,0.21796326400727123,0.9259999999999999,0.039,0.28300000000000003,0.219,0.002
522,0.061999999999999986,0.045480218281036836,0.6074999999999999,0.019,0.1025,0.2631502888039251,0.0055000000000000005,0.038,0.7841662269129287,0.0415,0.001
523,0.025500000000000002,0.028000000000000004,0.7445,0.039273126155599136,0.05600000000000001,0.13896266696266696,0.42411798287345387,0.025,0.8223333333333332,0.07425005522556485,0.0025
524,0.5155000000000001,0.120319434394183,0.554,0.046443925233644864,0.11499999999999999,0.14519471430477718,0.8072281788700917,0.136,0.4616666666666667,0.28574283082793334,0.021500000000000002
525,0.126,0.029500000000000005,0.632,0.026500000000000003,0.05600000000000001,0.0921888141295206,0.944,0.019,0.36283333333333334,0.063,0.0015
526,0.0045,0.004999999999999999,0.5509999999999999,0.027500000000000004,0.001,0.14250000000000002,0.9795,0.0,0.3486666666666666,0.06680632411067194,0.0
527,0.262,0.04693491585486338,0.655,0.07889065101200385,0.062,0.1557741147741148,0.686,0.16150000000000003,0.48250000000000004,0.22024091039970686,0.006
528,0.5919999999999999,0.09492327908552715,0.537,0.04870218717138124,0.0935,0.3210581579063064,0.620396186514829,0.3145,0.3500830161247687,0.3169441519816604,0.019999999999999997
529,0.189,0.14550000000000002,0.7005000000000001,0.07397029702970297,0.1055,0.13699866063185917,0.8306239269423308,0.091,0.5579583333333333,0.233,0.011
530,0.03,0.001,0.6435,0.0245,0.0015,0.132,0.9514999999999999,0.010499999999999999,0.2385,0.0685,0.0025
531,0.395,0.05600000000000001,0.6459999999999999,0.05488860686254833,0.0915,0.22874865944242498,0.707,0.1515,0.5510828382838284,0.16674170874041047,0.011
532,0.5814999999999999,0.11785164711197445,0.6755,0.033324204077855815,0.146,0.21916609256208233,0.8825668824163969,0.152,0.5818823628480121,0.29683786244603827,0.014000000000000002
533,0.605,0.11896194225721786,0.7725,0.03745499090725399,0.1025,0.3215848013604504,0.9208882182149397,0.083,0.5880000000000001,0.15340396039603962,0.022
534,0.142,0.026500000000000003,0.4965,0.07987941889090991,0.019,0.11846173663949125,0.8859999999999999,0.0315,0.42366386109510523,0.25647939175510415,0.006500000000000001
535,0.22599999999999998,0.07999999999999999,0.6655,0.02890645024262244,0.0465,0.13327444987775064,0.8996179828734538,0.1445,0.41123289299867904,0.2391718394647683,0.002
536,0.06000000000000001,0.0235,0.46950000000000003,0.05030914147837353,0.013999999999999999,0.11546324704033213,0.952,0.024,0.45933289299867897,0.13624091039970682,0.002
537,0.258,0.14392237881929154,0.752,0.07991497865860644,0.128,0.10012798523225064,0.3990172292235089,0.1365,0.4222083333333334,0.1877540008741576,0.0205
538,0.099,0.03536543962378184,0.568,0.028500000000000004,0.1325,0.12177444987775062,0.5589999999999999,0.10699999999999998,0.5075000000000001,0.076,0.006500000000000001
539,0.255,0.146,0.7495,0.09248469387755102,0.093,0.028500000000000004,0.8345668824163969,0.186,0.588999504950495,0.2114039603960396,0.006
540,0.4125,0.10400000000000001,0.567,0.06694059405940594,0.10200000000000001,0.28970912645571417,0.4535806138202186,0.16649999999999998,0.358375,0.3391950075488982,0.0215
541,0.3285,0.15899999999999997,0.681,0.06886094804170681,0.142,0.092,0.7825848207994726,0.151,0.5304583333333333,0.25,0.0165
542,0.135,0.15035749213696517,0.733,0.03433124507140979,0.12450000000000001,0.242,0.7228183731031284,0.0625,0.6141745245641838,0.21768143526953598,0.008499999999999999
543,0.022500000000000003,0.009,0.5149999999999999,0.006500000000000001,0.0355,0.16182271202683277,0.5451179828734538,0.02,0.2495,0.0365,0.0
544,0.013000000000000001,0.008,0.6355000000000001,0.005,0.013500000000000002,0.13265206116985273,0.9469999999999998,0.0075,0.2305,0.08399999999999999,0.004
545,0.05600000000000001,0.0625,0.7995000000000001,0.0045,0.097,0.3439182239470703,0.11366465204921598,0.062,0.27799999999999997,0.10300000000000001,0.001
546,0.198,0.1075,0.6535,0.5004361532129196,0.066,0.17477411477411478,0.5377375852650615,0.0595,0.4334828382838284,0.0942846267671529,0.004
547,0.46349999999999997,0.053500000000000006,0.5995,0.03198469387755102,0.0505,0.099,0.816948714594996,0.188,0.37299999999999994,0.3855,0.0025
548,0.0385,0.022423884514435697,0.9145,0.01239891614089885,0.1165,0.29150000000000004,0.3886923801040818,0.027500000000000004,0.25516573186342384,0.08579184549356224,0.00399375616168255
549,0.0295,0.012,0.5915,0.052984693877551024,0.014499999999999999,0.11499999999999999,0.9515,0.0355,0.39175000000000004,0.067,0.0
550,0.33849999999999997,0.032,0.6685000000000001,0.07147029702970298,0.08800000000000001,0.09918855218855219,0.8803088989627532,0.1315,0.6070828382838285,0.22480632411067197,0.006
551,0.16099999999999998,0.20949999999999996,0.686,0.06532844452669566,0.079,0.23816115288789103,0.8821848652898507,0.0895,0.48949999999999994,0.2888161750645563,0.005
552,0.38950000000000007,0.062,0.6134999999999999,0.010499999999999999,0.07949999999999999,0.1216885521885522,0.9066909160892994,0.22400000000000003,0.449,0.29800000000000004,0.0035000000000000005
553,0.3235,0.17992237881929152,0.6955000000000001,0.0753565452521234,0.16849999999999998,0.8625,0.5620567862023853,0.1375,0.5431652915287695,0.17651495759448013,0.0175
554,0.091,0.08839121054990078,0.8780000000000001,0.031,0.12050000000000001,0.42685882940557407,0.061,0.0965,0.27625,0.5397905982905983,0.0055
555,0.6885,0.0105,0.45,0.033499999999999995,0.02,0.2065,0.718,0.2305,0.31500000000000006,0.179,0.0005
556,0.189,0.05500000000000001,0.5545,0.055338363006702064,0.048,0.15027383863080684,0.8503088989627534,0.06699999999999999,0.4338323979491741,0.31002224620795715,0.0095
557,0.16549999999999998,0.16299999999999998,0.7535000000000001,0.03783162282159227,0.07050000000000001,0.27463021841558133,0.7225,0.1005,0.47924999999999995,0.36743144294971897,0.0045
558,0.1115,0.052000000000000005,0.525,0.0175,0.1005,0.11399999999999999,0.6595000000000001,0.061,0.5795,0.35550000000000004,0.009999999999999998
559,0.0105,0.026000000000000002,0.484,0.02095499090725399,0.045,0.2085432332125896,0.605546669175762,0.0075,0.351,0.026500000000000003,0.0005
560,0.0225,0.028000000000000004,0.588,0.0095,0.040499999999999994,0.17099999999999999,0.524,0.0595,0.454,0.072,0.0
561,0.205,0.14385060266357375,0.7500000000000001,0.04348469387755102,0.1485,0.4715,0.4603735447914087,0.1155,0.5113323979491741,0.18280712245137556,0.012500000000000002
562,0.3965,0.10400000000000001,0.656,0.040499999999999994,0.082,0.20446358214396793,0.42749999999999994,0.25,0.6155408546769083,0.25774170874041047,0.0165
563,0.0335,0.006500000000000001,0.6025,0.0315,0.009000000000000001,0.139,0.9560000000000001,0.012,0.2585,0.07449999999999998,0.0035000000000000005
564,0.1145,0.08146060362872201,0.414,0.09042528793695695,0.0955,0.28932618663773785,0.75,0.0425,0.4339157318634238,0.19514695937901805,0.0045000000000000005
565,0.184,0.043,0.666,0.0385,0.035,0.05449999999999999,0.954778203641375,0.10299999999999998,0.5845,0.18340396039603962,0.004
566,0.008,0.0095,0.512,0.07910817152446821,0.0325,0.1,0.8972404654169359,0.0035000000000000005,0.22791666666666668,0.12294687842278203,0.008
567,0.052500000000000005,0.1688266486814124,0.5355000000000001,0.06495408163265307,0.1015,0.17973704367775015,0.705,0.03949999999999999,0.41050000000000003,0.15301131824093858,0.002
568,0.0125,0.0325,0.487,0.03,0.008,0.13004856465186537,0.894633764832794,0.037,0.25983333333333336,0.08530632411067193,0.0014937561616825503
569,0.092,0.062,0.6595,0.04544059405940594,0.064,0.09427383863080684,0.9380000000000001,0.0125,0.27866622691292875,0.36350000000000005,0.008
570,0.5675,0.08449999999999999,0.4114999999999999,0.044,0.0895,0.1521075805903061,0.8987359657469078,0.47650000000000003,0.452125,0.34500000000000003,0.23650000000000002
571,0.099,0.14997396768402155,0.9095000000000001,0.008,0.081,0.2006262155521224,0.489,0.37300000000000005,0.45099999999999996,0.185,0.0
572,0.2395,0.0945,0.6985,0.07289558496665993,0.066,0.14646131189558625,0.9016179828734538,0.1265,0.48149999999999993,0.19600296126800676,0.006
573,0.2874676184295912,0.1375,0.6815,0.06571826062169599,0.079,0.3166111566770827,0.7135,0.1455,0.41641567656765677,0.3180461522829287,0.018996858465608467
574,0.2745,0.242,0.719,0.0605,0.0775,0.31406823446963267,0.658,0.199,0.547875,0.29500000000000004,0.009993593955321945
575,0.008,0.0035000000000000005,0.5529999999999999,0.043,0.016499999999999997,0.11204856465186538,0.9780000000000001,0.0034999999999999996,0.3840833333333334,0.053366447445192124,0.001
576,0.355,0.261,0.6499999999999999,0.06283366697104778,0.1085,0.0883967855340287,0.8215,0.20750000000000002,0.44399999999999995,0.3666571629294936,0.0075000000000000015
577,0.16,0.025,0.631,0.025,0.4295,0.10227411477411477,0.8654999999999999,0.20750000000000002,0.586874504950495,0.16604351411935409,0.005
578,0.10500000000000001,0.08,0.546,0.062135661179940425,0.006,0.08827444987775061,0.921,0.037,0.36583333333333334,0.2468118226428598,0.0015
579,0.273,0.221,0.5715,0.04047029702970297,0.177,0.3263809074968438,0.5343193396010503,0.1405,0.43599999999999994,0.37755903771806165,0.0475
580,0.3955,0.16,0.7995000000000001,0.038469387755102044,0.162,0.3111166233766233,0.5259718877315287,0.159,0.5615,0.213,0.0235
581,0.3755,0.148,0.678,0.0895,0.11750000000000001,0.32671422116919346,0.7556179828734539,0.13799999999999998,0.5195000000000001,0.2553388704318936,0.031999999999999994
582,0.5715,0.024,0.483,0.028954990907253998,0.044,0.1335,0.7555,0.11399999999999999,0.3092495049504951,0.23919500754889816,0.0
583,0.196,0.16499999999999998,0.635,0.0605,0.039999999999999994,0.1830482930989759,0.5467032648541965,0.0705,0.6125,0.2505,0.0035000000000000005
584,0.297,0.06685853658536586,0.6715,0.039920392039203924,0.1475,0.4197545839446885,0.5356848652898509,0.646,0.6493328382838284,0.15860689847059573,0.006
585,0.612,0.08149999999999999,0.7745,0.024323473050684406,0.16199999999999998,0.23093971814878453,0.9156179828734539,0.07750000000000001,0.5528490651967571,0.22752957687897296,0.0055
586,0.0015,0.004,0.477,0.053427027798933734,0.02,0.1305,0.9505000000000001,0.003,0.48583333333333345,0.04590316205533597,0.0
587,0.168,0.1828279873099082,0.6460000000000001,0.14169605033288618,0.16849999999999998,0.567892065344224,0.5188829460590366,0.1105,0.3195,0.16033887043189368,0.021993756161682552
588,0.49049999999999994,0.191,0.627,0.06784125006228156,0.13449999999999998,0.3159647443230145,0.5865,0.1805,0.39072619047619045,0.5495915580540073,0.036500000000000005
589,0.013999999999999999,0.061,0.55,0.0325,0.027500000000000004,0.2107741147741148,0.8875,0.0035000000000000005,0.3082995245641838,0.0905,0.0005
590,0.3165,0.12834435206655848,0.6950000000000001,0.06376160404458245,0.121,0.8331714522696002,0.5816918832600819,0.1055,0.49783333333333335,0.2621295938379331,0.018
591,0.19049999999999997,0.0605,0.6194999999999999,0.04373759142420011,0.05199999999999999,0.0875,0.772,0.0865,0.4421666666666667,0.31083774834437083,0.002
592,0.006,0.07549999999999998,0.4615,0.01,0.019999999999999997,0.16446326400727124,0.6656179828734539,0.0165,0.3641,0.046000000000000006,0.0
593,0.0495,0.0035000000000000005,0.5235,0.020970297029702968,0.01,0.1162744498777506,0.9445,0.006,0.26283333333333336,0.09990316205533596,0.001
594,0.018,0.019,0.4125,0.0155,0.020499999999999997,0.17356858120323093,0.7274999999999999,0.006500000000000001,0.5275,0.032999999999999995,0.0
595,0.003999999999999999,0.0035000000000000005,0.564,0.064,0.021000000000000005,0.1262800319163104,0.984,0.0035000000000000005,0.3070833333333333,0.08190316205533596,0.002
596,0.46449999999999997,0.20700000000000002,0.5599999999999999,0.14596938775510204,0.1395,0.13435410094637223,0.9404999999999999,0.085,0.307,0.277,0.015500000000000003
597,0.3925,0.10311720366799546,0.576,0.11213195136062537,0.08800000000000001,0.22709682680094753,0.6395,0.24000000000000005,0.4264143567255266,0.2816877888224888,0.002
598,0.34850000000000003,0.28300000000000003,0.696,0.077,0.1085,0.0372079714045081,0.82,0.17350000000000002,0.47000000000000003,0.36785083881882163,0.012
599,0.2725,0.0715,0.619,0.050984693877551016,0.0915,0.12168913226621733,0.814740465416936,0.118,0.5203328935795954,0.13133494631153259,0.008
600,0.445,0.2325,0.6965,0.07592861911119589,0.1165,0.714853896457636,0.8864999999999998,0.2475,0.5405490295146789,0.30290316205533596,0.019987349983782033
601,0.6715,0.036,0.7965,0.012970297029702971,0.06649999999999999,0.1696520611698527,0.9964999999999999,0.08449999999999999,0.33649999999999997,0.3425,0.0045
602,0.337,0.1554802182810368,0.5815,0.07641422226334785,0.133,0.05650000000000001,0.7125213454489396,0.1675,0.5122500000000001,0.18427959709265723,0.031999999999999994
603,0.20249999999999999,0.051461942257217855,0.45899999999999996,0.23089891614089889,0.051500000000000004,0.2174629289036354,0.800066882416397,0.037500000000000006,0.29583333333333334,0.24348110247609292,0.002
604,0.1265,0.038,0.6625,0.0455,0.008499999999999999,0.09135387045813585,0.9810000000000001,0.033999999999999996,0.501,0.17880792079207922,0.006999999999999999
605,0.37249999999999994,0.26698021828103685,0.694,0.11136921317060182,0.097,0.49827123010803476,0.5641741982611602,0.2105,0.51725,0.4641730184027226,0.03949999999999999
606,0.0035000000000000005,0.008499999999999999,0.42400000000000004,0.0075000000000000015,0.026500000000000003,0.1485,0.5680000000000001,0.012,0.26949999999999996,0.057499999999999996,0.0
607,0.209,0.1369159042373834,0.6295,0.025,0.0795,0.2773419054863347,0.4841179828734538,0.205,0.495875,0.20651581027667984,0.0045
608,0.0115,0.034499999999999996,0.4615,0.028500000000000004,0.076,0.1336885521885522,0.9410000000000001,0.0085,0.3682495049504951,0.31100000000000005,0.005
609,0.44299999999999995,0.09200000000000001,0.39749999999999996,0.037484693877551024,0.15550000000000003,0.3625687562582906,0.560066882416397,0.1155,0.421,0.3625709170484659,0.048
610,0.5115,0.0245,0.569,0.05650000000000001,0.057499999999999996,0.14185387045813586,0.7424999999999999,0.049,0.367,0.2955,0.004
611,0.2375,0.063,0.4495,0.0485,0.039,0.12050000000000001,0.894617982873454,0.1115,0.2845,0.383,0.005
612,0.13799999999999998,0.1675,0.7204999999999999,0.030443925233644864,0.092,0.26198181003531495,0.4249285013543611,0.094,0.26283333333333336,0.18569580588960183,0.0335
613,0.028000000000000004,0.0645,0.4680000000000001,0.026419482764602993,0.0225,0.12040177820798595,0.9359999999999999,0.016999999999999998,0.2625,0.2495,0.0005
614,0.0935,0.025,0.575,0.03298469387755102,0.036000000000000004,0.16349999999999998,0.6904999999999999,0.1585,0.543549029514679,0.10046293494704991,0.0005
615,0.20949999999999996,0.19,0.695,0.07695917942309695,0.11000000000000001,0.20941241970720986,0.6287075328169329,0.121,0.42650000000000005,0.33946328538985615,0.0055
616,0.2805,0.1854604365620737,0.6745,0.09123067682025936,0.1075,0.07549999999999998,0.4550882625728465,0.1325,0.4125,0.28624091039970684,0.027000000000000003
617,0.21800000000000003,0.0805,0.7445,0.10620896689387331,0.1035,0.1849021000063654,0.8113539486203616,0.081,0.686,0.15399999999999997,0.0125
618,0.2405,0.055999999999999994,0.5505,0.056399159663865536,0.0325,0.11618855218855217,0.9030000000000001,0.0895,0.310749504950495,0.25859816960423415,0.006500000000000001
619,0.16199999999999998,0.005,0.5295000000000001,0.044,0.016,0.144,0.8755,0.031,0.21200000000000002,0.173,0.0
620,0.045500000000000006,0.0205,0.5715,0.07047029702970298,0.013500000000000002,0.08573584758187415,0.9323764843528825,0.018,0.38449999999999995,0.16949999999999998,0.004999999999999999
621,0.046,0.006,0.5374999999999999,0.03389065101200386,0.030500000000000006,0.1135,0.968,0.0335,0.46333333333333326,0.10394687842278202,0.0
622,0.1335,0.065,0.42699999999999994,0.03841948276460299,0.006,0.16112793957717908,0.8515,0.012,0.344,0.24500000000000002,0.0005
623,0.722,0.017499999999999998,0.537,0.043500000000000004,0.039,0.12,0.786,0.1715,0.42750000000000005,0.23850000000000002,0.0005
624,0.0605,0.014000000000000002,0.8879999999999999,0.10577850147929357,0.10550000000000001,0.3273710005353902,0.8899999999999999,0.04650000000000001,0.5855,0.08449999999999999,0.006
625,0.30300000000000005,0.05450000000000001,0.6425,0.05848469387755102,0.1165,0.14327411477411475,0.6988027360122843,0.12150000000000001,0.7617995049504951,0.11888154916842311,0.00649069235793599
626,0.263,0.053000000000000005,0.514,0.09598469387755101,0.1005,0.16399999999999998,0.8431179828734539,0.12999999999999998,0.5368333333333334,0.14559174921852847,0.0025
627,0.322,0.09646194225721785,0.754,0.03434564191925784,0.10600000000000001,0.2941885521885522,0.8506070124673364,0.051000000000000004,0.64125,0.15903200247079843,0.028500000000000004
628,0.0975,0.12998021828103684,0.6119999999999999,0.03745009500950095,0.139,0.3331139624603348,0.44366775623007254,0.07799999999999999,0.6415000000000001,0.14044638949671773,0.0015
629,0.040999999999999995,0.045,0.898,0.0305,0.10800000000000001,0.20546297089702423,0.0775,0.04,0.9205,0.05040316205533597,0.0034999999999999996
630,0.38899999999999996,0.16894216053825467,0.6475,0.0695,0.10600000000000001,0.2525,0.7909891861127791,0.11499999999999999,0.5279999999999999,0.1609039603960396,0.015500000000000003
631,0.3415,0.2704282238442822,0.6584999999999999,0.11883446142320944,0.1565,0.30373148411749096,0.712579128909099,0.195,0.5347316968635549,0.29782841082147293,0.029000000000000005
632,0.2505,0.04931811989369604,0.4544999999999999,0.0732639517521032,0.0985,0.1439632640072712,0.8969999999999999,0.1095,0.3377157514771126,0.26590316205533593,0.009000000000000001
633,0.5235,0.24650000000000002,0.775,0.055943925233644866,0.0965,0.29235216773375516,0.8039999999999999,0.4365,0.21033283828382837,0.08161424490275115,0.0035000000000000005
634,0.338,0.12485749213696518,0.6769999999999999,0.056999999999999995,0.0935,0.4665,0.867066882416397,0.184,0.48665,0.26790396039603964,0.004999999999999999
635,0.213,0.2445,0.7265,0.056970297029702965,0.085,0.7857079720484635,0.8339006177961237,0.1585,0.5085,0.35700000000000004,0.0195
636,0.24050000000000002,0.053500000000000006,0.6439999999999999,0.029474384599200504,0.10200000000000001,0.33785410094637225,0.10406688241639699,0.0895,0.7683333333333332,0.084,0.006500000000000001
637,0.48050000000000004,0.051000000000000004,0.596,0.06698469387755102,0.147,0.10400000000000001,0.9179999999999999,0.08600000000000001,0.38773257579011433,0.08469138325195416,0.004
638,0.001,0.0015,0.6865,0.05,0.009499999999999998,0.1735,0.8780000000000001,0.0085,0.4258333333333334,0.05940316205533598,0.0005
639,0.055499999999999994,0.07034826683332743,0.5995,0.029940594059405946,0.021500000000000002,0.1455485646518654,0.5660000000000001,0.0645,0.4632495049504951,0.0997428308279333,0.005
640,0.076,0.036000000000000004,0.6545,0.04248469387755102,0.0315,0.0795,0.9362577985056963,0.053000000000000005,0.2975833333333333,0.10900000000000001,0.0055
641,0.335,0.13199999999999998,0.6944999999999999,0.05298469387755102,0.162,0.0365,0.869566882416397,0.20750000000000002,0.5599995049504951,0.23700000000000002,0.004
642,0.2715,0.1639344042460952,0.705,0.06797029702970298,0.137,0.7028543804262036,0.5371064900879595,0.10900000000000001,0.5435000000000001,0.21529184549356223,0.0205
643,0.025,0.024,0.6025,0.01242528793695696,0.01,0.148,0.784,0.042499999999999996,0.5557995245641839,0.09483774834437085,0.0005
644,0.14,0.038,0.53,0.04192035398230089,0.0315,0.11885438042620362,0.9545,0.02,0.37849999999999995,0.23399999999999999,0.0035000000000000005
645,0.36100000000000004,0.28744082190975884,0.6679999999999999,0.05374929161716615,0.07350000000000001,0.7398609440630004,0.6895683488460689,0.2345,0.45149999999999996,0.38563530040672944,0.01848718370029576
646,0.0075,0.010499999999999999,0.5075000000000001,0.06185140646128977,0.022,0.14750000000000002,0.886703352925089,0.013500000000000002,0.29833283828382845,0.10475400087415761,0.0045
647,0.17850000000000002,0.11400000000000002,0.6365000000000001,0.02,0.017,0.12167650422904445,0.9004999999999999,0.11000000000000001,0.3715,0.2515,0.008
648,0.044,0.023,0.4915,0.0245,0.02,0.16527411477411474,0.5349999999999999,0.0185,0.41600000000000004,0.063,0.0
649,0.4505,0.20049999999999998,0.6305,0.0903402665955634,0.0875,0.8105,0.6714685321360071,0.144,0.46425,0.2853096974478989,0.011
650,0.2785,0.034999999999999996,0.5305,0.19075373246365263,0.04,0.12670774091627174,0.8841909160892995,0.0495,0.33441578657827437,0.1933286472185897,0.0015
651,0.3875,0.194,0.6765,0.0879108910891089,0.094,0.4283825255494806,0.5875789439611517,0.2285,0.396332892998679,0.37590316205533597,0.03949999999999999
652,0.0305,0.006,0.6599999999999999,0.01597029702970297,0.005,0.12354795340492161,0.9010000000000001,0.006500000000000001,0.546749504950495,0.0445,0.0005
653,0.267,0.0865,0.6425,0.135954990907254,0.1165,0.10842600485361717,0.7935,0.095,0.4950823979491741,0.24190025942360224,0.009
654,0.21600000000000003,0.08249999999999999,0.49849999999999994,0.07891422226334784,0.07050000000000001,0.08154265313492444,0.909881832178599,0.083,0.4341904761904762,0.29901207852927536,0.0015
655,0.0595,0.04,0.5984999999999999,0.051000000000000004,0.034499999999999996,0.15950000000000003,0.841,0.028499999999999998,0.41950000000000004,0.16,0.0
656,0.027000000000000003,0.2521094425520731,0.7525,0.01797029702970297,0.086,0.23341589722758277,0.7161179828734539,0.017499999999999998,0.5221246290801187,0.294,0.0015
657,0.0215,0.03240410279547253,0.608,0.04795499090725399,0.035,0.1920912177867898,0.907,0.016,0.32733333333333337,0.08349999999999999,0.002
658,0.1285,0.036,0.7695,0.016999999999999998,0.056499999999999995,0.15004385037076884,0.899,0.0175,0.11500000000000002,0.041,0.0085
659,0.2995,0.18849999999999997,0.6984999999999999,0.047414222263347836,0.08399999999999999,0.22240745752236898,0.7181909160892995,0.11299999999999999,0.5565,0.3171494171643654,0.01
660,0.003,0.010499999999999999,0.4670000000000001,0.10566871112225906,0.0305,0.1355,0.8566848652898509,0.006,0.33833333333333326,0.09119376034593427,0.004
661,0.062,0.021,0.6225,0.03694392523364486,0.051000000000000004,0.052500000000000005,0.8945000000000001,0.0305,0.36324999999999996,0.11129059829059829,0.005
662,0.5515,0.1265,0.6505000000000001,0.05298469387755102,0.1025,0.11022360557768925,0.8543088989627533,0.28300000000000003,0.47925000000000006,0.30290316205533596,0.007000000000000001
663,0.2445,0.16381448963542794,0.659,0.045339753723271495,0.14100000000000001,0.34903560805440453,0.7763088989627532,0.12400000000000003,0.5752912269129287,0.26129515907846235,0.013500000000000002
664,0.22200000000000003,0.17946043656207367,0.7365,0.09097979797979798,0.16499999999999998,0.6819506972590834,0.47468430053649124,0.11000000000000001,0.3935,0.2495,0.03198751232336511
665,0.2605,0.286,0.752,0.07598469387755102,0.14700000000000002,0.5077626313995245,0.34456681034482756,0.211,0.34998333333333337,0.4322562814070352,0.03099363372606819
666,0.1485,0.014500000000000002,0.5285,0.08447029702970298,0.008,0.11785387045813586,0.8875,0.0105,0.3730416666666666,0.1687409103997068,0.0015
667,0.39599999999999996,0.1715,0.6475,0.08743028478105541,0.12600000000000003,0.8926305145392011,0.5466179828734539,0.1595,0.5164161716171616,0.28823645483502985,0.0195
668,0.11699999999999999,0.05700000000000001,0.6255000000000001,0.08745499090725399,0.034,0.1629581017967608,0.9187359657469075,0.072,0.6194578382838285,0.12918729989642458,0.003
669,0.0395,0.19780068656063626,0.751,0.0595,0.08549999999999999,0.2218230215827338,0.6408028481633047,0.0395,0.6552495049504952,0.10514014984265199,0.006500000000000001
670,0.475,0.23149999999999998,0.619,0.03631643205713042,0.153,0.2695053200975914,0.8459999999999999,0.3135,0.48125,0.2684101384266326,0.008
671,0.19849999999999998,0.205306500779966,0.6875000000000001,0.04344059405940594,0.1615,0.22716061749112346,0.7488538364693411,0.179,0.5385000000000001,0.2151467912239729,0.0055
672,0.393,0.0955,0.739,0.08748469387755102,0.0745,0.18072360557768924,0.6715,0.08099999999999999,0.625,0.13199999999999998,0.006500000000000001
673,0.0805,0.032,0.713,0.01698469387755102,0.0245,0.08249999999999999,0.6946909160892993,0.024499999999999997,0.5539999999999999,0.20683774834437085,0.0
674,0.4109999999999999,0.22999999999999998,0.594,0.049999999999999996,0.08600000000000001,0.5208494658256317,0.7921179828734539,0.2165,0.49450000000000005,0.392,0.032
675,0.409,0.13200000000000003,0.7125,0.11593968478480501,0.129,0.19219857731248258,0.7070000000000001,0.1545,0.3426662263320123,0.23090316205533598,0.0055
676,0.2645,0.031000000000000007,0.512,0.026398916140898853,0.10750000000000001,0.1806767803723524,0.8075668103448276,0.10700000000000001,0.4416245049504951,0.2962070053790468,0.004493593955321945
677,0.21300000000000002,0.045,0.5555000000000001,0.06100000000000001,0.07600000000000001,0.09313944733501937,0.9399268818362071,0.1125,0.433249504950495,0.24699999999999997,0.0
678,0.346,0.09942327908552714,0.5585,0.08339402024314582,0.0655,0.23392558166396285,0.8778697305797017,0.0935,0.49549955966534576,0.2798079207920792,0.009499999999999998
679,0.251,0.011,0.5315,0.04638118811881189,0.028500000000000004,0.1066885521885522,0.920617982873454,0.0855,0.38111904761904764,0.20853263077782797,0.0005
680,0.099,0.10642926829268293,0.7164999999999999,0.052000000000000005,0.062,0.12687794639573796,0.8842359657469077,0.073,0.5095,0.2125,0.004
681,0.059,0.0485,0.573,0.028943925233644863,0.023,0.2542324250339368,0.8025,0.0245,0.4046333333333333,0.13396293494704992,0.002
682,0.063,0.015261943566259855,0.6990000000000001,0.06949999999999999,0.06400000000000002,0.1295,0.8724999999999999,0.003,0.31283333333333335,0.073,0.0
683,0.3035,0.21150000000000002,0.6970000000000001,0.07040517919198341,0.1125,0.5541004769717899,0.48482528621640847,0.1315,0.45658289299867894,0.21083414797082894,0.0205
684,0.5499999999999999,0.056499999999999995,0.592,0.042,0.0885,0.13018913226621737,0.5405668824163969,0.3545,0.42783333333333334,0.30924091039970686,0.0015
685,0.021500000000000002,0.0355,0.43099999999999994,0.08189891614089886,0.1135,0.1115,0.9274999999999999,0.027000000000000003,0.36049950495049504,0.24769500754889823,0.002
686,0.3385,0.22196133682830932,0.6834999999999999,0.08093968478480502,0.09350000000000001,0.44651844723968087,0.4911050674211642,0.1965,0.48479166666666673,0.23426183160513664,0.0225
687,0.003,0.010499999999999999,0.5445,0.03647029702970297,0.002,0.13554856465186538,0.9189999999999999,0.0025,0.37254952456418383,0.04640316205533597,0.0
688,0.24699999999999997,0.14350000000000002,0.696,0.046943925233644865,0.1145,0.08204242264668807,0.6375404334283663,0.1635,0.44791622691292876,0.3173616681336958,0.001
689,0.05500000000000001,0.2468387443034184,0.827,0.057999999999999996,0.08800000000000001,0.24196265276032744,0.6930290874970678,0.034999999999999996,0.42000000000000004,0.11850000000000001,0.007496858465608465
690,0.205,0.0635,0.595,0.03992528793695696,0.088,0.2090965506576396,0.8845852819807428,0.1515,0.610332892998679,0.2541414371094199,0.0045
691,0.15550000000000003,0.041499999999999995,0.5545,0.08779957214377447,0.05650000000000001,0.10999999999999999,0.9360545958695525,0.08249999999999999,0.28399950495049503,0.4401877888224889,0.011
692,0.2625,0.06699999999999999,0.584,0.13575282318905169,0.0885,0.2508224032826722,0.506,0.18000000000000002,0.39183333333333337,0.36188498285474957,0.0
693,0.05,0.051500000000000004,0.625,0.0425,0.05650000000000001,0.11677444987775061,0.8979999999999999,0.0675,0.2922083333333333,0.10295768104166925,0.003
694,0.21599999999999997,0.2582731589543798,0.585,0.009,0.1025,0.24124822348545458,0.8265,0.012,0.764924524564184,0.16033887043189368,0.0015
695,0.06699999999999999,0.016000000000000004,0.5159999999999999,0.050484693877551015,0.025,0.07368913226621736,0.9920000000000002,0.0485,0.325,0.052306324110671945,0.0
696,0.37,0.1955,0.6094999999999999,0.06526812931150067,0.11400000000000002,0.11750000000000001,0.8574999999999999,0.15799999999999997,0.5346662269129288,0.30700000000000005,0.0245
697,0.173,0.13299999999999998,0.6224999999999999,0.03594468162890348,0.184,0.255997720351804,0.695,0.066,0.6296597894482995,0.24998261914011732,0.006
698,0.099,0.020999999999999998,0.4505,0.025454990907253987,0.1335,0.12414400256574729,0.884,0.018500000000000003,0.3458333333333333,0.27064219538631956,0.0005
699,0.409,0.2815,0.6340000000000001,0.07972318310819705,0.11200000000000002,0.857926874290045,0.7656179828734538,0.18650000000000003,0.5279158552578247,0.29818809823712816,0.021500000000000002
700,0.197,0.016,0.4835,0.014499999999999999,0.027000000000000003,0.1357744498777506,0.8674999999999999,0.020999999999999998,0.225,0.27444638949671774,0.0005
701,0.0005,0.0005,0.6005,0.0295,0.0045,0.101,0.9970000000000001,0.006499999999999999,0.3215,0.06690316205533596,0.003
702,0.2685,0.1945,0.659,0.1118609480417068,0.17550000000000002,0.343731357013379,0.639,0.1345,0.586332892998679,0.2292143685893892,0.0195
703,0.023500000000000004,0.01,0.522,0.061898006866297914,0.035500000000000004,0.135,0.885,0.0075000000000000015,0.2750828382838284,0.084,0.005
704,0.119,0.034,0.6990000000000001,0.06000000000000001,0.10250000000000001,0.07827411477411478,0.8129268818362071,0.014499999999999999,0.5040000000000001,0.246,0.008499999999999999
705,0.062,0.05348021828103684,0.692,0.02776812931150067,0.006500000000000001,0.11127444987775062,0.8595,0.037000000000000005,0.5449569581954361,0.09523453440680332,0.0025
706,0.251,0.0625,0.628,0.012,0.03899999999999999,0.11518861923126873,0.9065000000000001,0.0445,0.35787450495049505,0.2935331194043573,0.0005
707,0.031999999999999994,0.076,0.664,0.0095,0.1265,0.18646324704033213,0.6451909160892995,0.026000000000000002,0.51,0.462,0.001
708,0.3465,0.08549999999999999,0.8084999999999999,0.06024016620318042,0.1075,0.16543579996615124,0.9109999999999999,0.083,0.5107078935795955,0.35050627562153985,0.017
709,0.007999999999999998,0.0015,0.48199999999999993,0.0215,0.019499999999999997,0.13025196632893601,0.783,0.014500000000000002,0.266,0.017,0.0
710,0.2465,0.17687038438253694,0.7175,0.0675,0.1875,0.5095,0.4457327300006126,0.092,0.5155,0.15840316205533597,0.019
711,0.3525,0.3145,0.717,0.07870878626034901,0.10300000000000001,0.8938864866909354,0.8095763171459582,0.148,0.4645079616782293,0.2902852599286114,0.014500000000000002
712,0.42750000000000005,0.1365,0.6365000000000001,0.09400922124078917,0.10600000000000001,0.8416709178470064,0.5436161346450659,0.174,0.49749999999999994,0.262850040478118,0.0075
713,0.3525,0.088,0.8084999999999999,0.07052027046289114,0.0665,0.20454347308249465,0.8991521044989275,0.071,0.4981820268749864,0.4013585459425236,0.015
714,0.22800000000000004,0.184,0.71,0.05943028478105542,0.101,0.24595354745109038,0.742731534465613,0.174,0.5350499999999999,0.1835,0.007000000000000001
715,0.030000000000000006,0.135,0.6775,0.024500000000000004,0.006,0.0805485646518654,0.7133028481633047,0.014000000000000002,0.3050833333333333,0.2065,0.004
716,0.026000000000000002,0.0465,0.485,0.016000000000000004,0.0505,0.15793993986052976,0.6111179828734538,0.043000000000000003,0.4085000000000001,0.20519376034593426,0.0005
717,0.275,0.0615,0.47450000000000003,0.22995499090725402,0.06749999999999999,0.13077411477411477,0.645066882416397,0.13449999999999998,0.4841662269129287,0.3572094861660079,0.004
718,0.03150000000000001,0.011,0.46349999999999997,0.07098469387755102,0.004,0.14090243511000128,0.9335000000000001,0.025,0.4100833333333333,0.0935187224336889,0.0005
719,0.044967618429591176,0.037000000000000005,0.6005,0.01997979797979798,0.026000000000000002,0.175,0.9145,0.025500000000000002,0.52325,0.07335083881882162,0.0035000000000000005
720,0.5159999999999999,0.07942327908552715,0.5584999999999999,0.022869213170601817,0.11499999999999999,0.36414911141730355,0.4328539643746863,0.13799999999999998,0.5584574538258575,0.18346328538985618,0.015493756161682554
721,0.037,0.01,0.5875,0.06798469387755102,0.0155,0.1798176274665358,0.9215,0.031999999999999994,0.3173333333333333,0.144350040478118,0.002
722,0.27349999999999997,0.147,0.6540000000000001,0.050769129229725984,0.047,0.24142108190348757,0.7432357414448669,0.17400000000000002,0.5219995049504951,0.35614519454256566,0.0215
723,0.068,0.11749999999999998,0.567,0.03449222797927461,0.027000000000000003,0.09050000000000001,0.8461179828734539,0.031,0.32599999999999996,0.280532630777828,0.014493756161682553
724,0.20750000000000002,0.13346194225721786,0.6054999999999999,0.12825580898295857,0.1895,0.46346586183104543,0.48088546445362745,0.158,0.6832083333333333,0.18150000000000002,0.029000000000000005
725,0.26949999999999996,0.07949999999999999,0.7445,0.032786766608188564,0.1935,0.07677411477411478,0.93,0.056499999999999995,0.4169569587763526,0.15788498285474964,0.0025
726,0.41200000000000003,0.052000000000000005,0.5545,0.03,0.15699999999999997,0.28396996045533696,0.5915915338854232,0.22150000000000003,0.3656579616782293,0.30459746370906277,0.0115
727,0.09100000000000001,0.18946194225721785,0.6765,0.16809448426625984,0.25250000000000006,0.5852380320217185,0.5362680545750245,0.12399999999999997,0.40099999999999997,0.053000000000000005,0.032
728,0.4665,0.092,0.549,0.07995499090725398,0.08,0.138,0.9139999999999999,0.1035,0.23187499999999997,0.34965816205533595,0.0
729,0.572,0.0635,0.609,0.07337421001470028,0.0675,0.10218855218855219,0.8464162876044433,0.078,0.405875,0.29999670874041046,0.008
730,0.2165,0.065,0.5519999999999999,0.05337254434484075,0.0475,0.11527020032701345,0.882,0.07350000000000001,0.5729985148514851,0.10702932220694254,0.004
731,0.0765,0.06400000000000002,0.623,0.04134783821864218,0.019,0.1309629708970242,0.9225,0.06,0.5739328935795954,0.17148374122764012,0.012493756161682551
732,0.1305,0.0645,0.6955,0.045,0.099,0.12568855218855218,0.9524999999999999,0.08,0.4095000000000001,0.12083774834437086,0.002
733,0.001,0.0095,0.5845,0.027500000000000004,0.0015,0.11654856465186539,0.9765,0.006,0.3755,0.05740316205533598,0.0
734,0.085,0.13612860706599167,0.59,0.116454990907254,0.0835,0.2777738386308069,0.8076336927612247,0.042,0.4335000000000001,0.12150000000000001,0.0175
735,0.5075000000000001,0.067,0.6185,0.0723845192930508,0.09,0.12054828850855745,0.9275,0.20400000000000001,0.6308328929986791,0.2178335905412369,0.017
736,0.301,0.07458079609538518,0.477,0.05393968478480502,0.11750000000000001,0.4602179771431745,0.8649999999999999,0.096,0.47466622691292876,0.2813132848398073,0.0075
737,0.15999999999999998,0.10500000000000001,0.606,0.10320837799057456,0.185,0.5041988892359582,0.4952955183990279,0.13399999999999998,0.7739999999999999,0.09500000000000001,0.015000000000000003
738,0.199,0.11950000000000001,0.7055,0.024828444526695657,0.07650000000000001,0.1902744498777506,0.7906179828734539,0.217,0.5862499999999999,0.3505,0.006500000000000001
739,0.1795,0.041499999999999995,0.6345000000000001,0.03792035398230088,0.0695,0.27948815704417684,0.7038942690143883,0.0485,0.31425000000000003,0.098,0.015000000000000003
740,0.807,0.0405,0.4630000000000001,0.05400000000000001,0.06999999999999999,0.1631885521885522,0.7184999999999999,0.38449999999999995,0.31900000000000006,0.22149999999999997,0.002
741,0.251,0.1284418331910965,0.738,0.062,0.1515,0.094,0.5148756692281299,0.08249999999999999,0.39699999999999996,0.2368672457858958,0.037
742,0.4765,0.2505,0.682,0.080954990907254,0.08850000000000001,0.3324287514999197,0.788,0.091,0.42586619160728423,0.32269580588960184,0.022000000000000002
743,0.092,0.026500000000000003,0.5149999999999999,0.08744392523364485,0.0615,0.06,0.9270000000000002,0.0165,0.38075,0.1815,0.006
744,0.2925,0.14192205147213335,0.732,0.03715024896403382,0.065,0.41823684069710965,0.7810447525586406,0.10299999999999998,0.40449999999999997,0.136,0.006500000000000001
745,0.197,0.049,0.5494999999999999,0.03444059405940594,0.05800000000000001,0.11192531972299442,0.8025,0.18350000000000002,0.39349999999999996,0.34900000000000003,0.007000000000000001
746,0.4725,0.062445006321112516,0.5904999999999999,0.022943925233644857,0.028999999999999998,0.067,0.877,0.15650000000000003,0.4645,0.21200000000000002,0.001
747,0.09300000000000001,0.079,0.701,0.0125,0.092,0.2260248085097535,0.4035,0.086,0.5685,0.0925,0.006
748,0.1585,0.1326975048736771,0.7275,0.06432995731721289,0.1145,0.7153541009463722,0.4431007234887641,0.1,0.65145,0.20350213000027378,0.011000000000000001
749,0.006,0.006,0.5360000000000001,0.02248469387755102,0.001,0.1205485646518654,0.9790000000000001,0.002,0.2830828382838284,0.08890316205533597,0.0
750,0.6865,0.047391210549900774,0.5075000000000001,0.025399159663865543,0.048,0.1652744498777506,0.5195000000000001,0.27999999999999997,0.2455,0.47151852179414033,0.0015
751,0.322,0.07849999999999999,0.653,0.07789800686629791,0.0685,0.15904268458765647,0.8307314623940435,0.081,0.38974950495049504,0.15229184549356226,0.025
752,0.0435,0.081,0.6125,0.010499999999999999,0.039,0.1115,0.9289999999999999,0.0235,0.35350000000000004,0.20249999999999999,0.0005
753,0.19649999999999998,0.09535749213696516,0.681,0.06597029702970297,0.089,0.3045,0.8335000000000001,0.138,0.4665,0.21883774834437086,0.009500000000000001
754,0.092,0.047,0.4915,0.057884519293050794,0.019000000000000003,0.10435438042620364,0.8619268818362071,0.052000000000000005,0.4408333333333333,0.1265,0.006
755,0.288,0.126,0.721,0.07482753525209473,0.0755,0.24596292890363536,0.898276323119777,0.15299999999999997,0.49471617161716164,0.29985083881882163,0.0075000000000000015
756,0.193,0.064,0.7150000000000001,0.14049999999999999,0.066,0.1467085152087704,0.8833088989627533,0.04,0.5616666666666666,0.055446878422782044,0.0034999999999999996
757,0.05450000000000001,0.0645,0.7434999999999999,0.0415,0.042499999999999996,0.1605,0.9091179828734539,0.025,0.55275,0.0845280750039786,0.0045000000000000005
758,0.292,0.08800000000000001,0.6689999999999999,0.149954990907254,0.07550000000000001,0.1907590658019028,0.8568211454554554,0.122,0.532,0.145,0.010000000000000002
759,0.2385,0.11287038438253694,0.613,0.055398916140898855,0.10500000000000001,0.8326757495676829,0.5451849537822682,0.126,0.5754161716171617,0.17401096779813235,0.015000000000000003
760,0.013000000000000001,0.005403235976704471,0.4505,0.011443925233644861,0.015000000000000003,0.1125,0.837,0.0025,0.23199999999999998,0.04344638949671773,0.0
761,0.149,0.0695,0.6935,0.030430284781055424,0.1255,0.293128215720487,0.4095,0.19649999999999998,0.48424999999999996,0.1065,0.003
762,0.2685,0.11692667332901818,0.563,0.0258775411889392,0.11400000000000002,0.2510360280005951,0.144,0.17350000000000002,0.6483735003663529,0.15531913781359957,0.008993593955321946
763,0.3095,0.07849999999999999,0.571,0.02145499090725399,0.101,0.10922360557768922,0.7852404654169358,0.1815,0.4399995602462621,0.3590472345103788,0.003
764,0.0085,0.018,0.523,0.05427002058161388,0.05399999999999999,0.14300000000000002,0.9664999999999999,0.0075000000000000015,0.4487735901373747,0.11449577472995029,0.0015
765,0.4109999999999999,0.2955,0.6485,0.072939684784805,0.10400000000000001,0.18791741799173614,0.7571179828734538,0.176,0.3647325763710308,0.3525,0.039493756161682554
766,0.48600000000000004,0.16396194225721786,0.666,0.10131502967435987,0.07550000000000001,0.2771893840846338,0.9315,0.124,0.514332892998679,0.23453125994646484,0.0325
767,0.10600000000000001,0.05299999999999999,0.6340000000000001,0.04497029702970297,0.05,0.11216590397503087,0.9179999999999999,0.0315,0.5087495602462621,0.16990316205533595,0.004
768,0.0075,0.026000000000000002,0.589,0.03200000000000001,0.05,0.11254856465186538,0.9440000000000002,0.010499999999999999,0.4015000000000001,0.10290316205533596,0.0
769,0.099,0.03536543962378184,0.568,0.028500000000000004,0.1325,0.12177444987775062,0.5589999999999999,0.10699999999999998,0.5075000000000001,0.076,0.006500000000000001
770,0.2445,0.15150000000000002,0.6824999999999999,0.0235,0.144,0.2014719793816969,0.6378274996323309,0.05450000000000001,0.6275,0.2975,0.006500000000000001
771,0.009,0.0325,0.554,0.018,0.0505,0.211,0.9245000000000001,0.025,0.32199999999999995,0.06,0.002
772,0.0745,0.13598021828103685,0.8285,0.02286921317060182,0.074,0.2863538704581359,0.7901848652898509,0.069,0.633207962413452,0.1285169894596517,0.007000000000000001
773,0.46749999999999997,0.0315,0.654,0.03098469387755102,0.08449999999999999,0.1811296157457224,0.7238757813791503,0.061,0.4575,0.1275,0.004
774,0.057499999999999996,0.036,0.47650000000000003,0.0642785242980174,0.028499999999999998,0.13646324704033214,0.9215,0.0325,0.3827074526640247,0.13933504163312302,0.004499999999999999
775,0.054000000000000006,0.02246194225721785,0.43,0.04386945669356851,0.025,0.08277411477411478,0.9109999999999999,0.056499999999999995,0.4525,0.119,0.0005
776,0.0435,0.0305,0.312,0.12651161538624517,0.056499999999999995,0.1449632470403321,0.860066882416397,0.0105,0.23783333333333334,0.1111406387687163,0.0075
777,0.2805000000000001,0.011,0.433,0.02732777877506143,0.076,0.11937826453243472,0.8338088989627532,0.096,0.32525,0.20583595573225383,0.002
778,0.32,0.2915,0.7304999999999999,0.11744059405940592,0.093,0.42554942983461663,0.7218489889595502,0.23500000000000001,0.46900000000000003,0.309,0.0155
779,0.061,0.042,0.525,0.034999999999999996,0.021,0.134,0.8945000000000001,0.0075000000000000015,0.43899999999999995,0.2365,0.0
780,0.05700000000000001,0.043000000000000003,0.685,0.016999999999999998,0.0935,0.1296885521885522,0.26087578137915035,0.021500000000000002,0.22999999999999998,0.027500000000000004,0.0015
781,0.075,0.008500000000000002,0.465,0.036454990907253994,0.068,0.20309121778678985,0.8805,0.013000000000000001,0.19570833333333335,0.20549999999999996,0.003999999999999999
782,0.087,0.034999999999999996,0.5,0.028989690721649485,0.1315,0.15009645909645908,0.8195,0.015500000000000003,0.39316666666666666,0.12490396039603961,0.0
783,0.28600000000000003,0.16842205147213335,0.711,0.04022736066759451,0.093,0.3897699898056604,0.7535,0.1415,0.5901731851083649,0.2924222528297341,0.005999999999999999
784,0.42200000000000004,0.1674421605382547,0.7314999999999999,0.06995009500950096,0.139,0.8103171754895253,0.6024254452413017,0.1165,0.45649999999999996,0.21574170874041046,0.025999999999999995
785,0.0915,0.05500000000000001,0.588,0.0205,0.009500000000000001,0.09754856465186539,0.8605,0.018000000000000002,0.3235,0.182,0.005
786,0.6045,0.4438961225184202,0.7135,0.05148469387755102,0.08399999999999999,0.39620820189274447,0.12249999999999998,0.662,0.41875,0.1773388704318937,0.0155
787,0.0045,0.0095,0.5985,0.09505276250974729,0.047,0.10200000000000001,0.8785000000000001,0.008499999999999999,0.221,0.091,0.001
788,0.129,0.11542237881929152,0.658,0.07518519017646567,0.134,0.3585,0.6106598276821937,0.0605,0.2922,0.19106784138244545,0.01
789,0.1265,0.1275,0.7200000000000001,0.053500000000000006,0.098,0.22704323321258962,0.28250000000000003,0.23700000000000002,0.5309999999999999,0.145,0.005
790,0.087,0.029000000000000005,0.35300000000000004,0.01992039203920392,0.033499999999999995,0.1282744498777506,0.8385,0.027499999999999997,0.292,0.06665138362698436,0.0
791,0.38549999999999995,0.231,0.5785,0.057258063556116845,0.09749999999999999,0.3685548551809722,0.7530466691757622,0.16699999999999998,0.5049642857142858,0.3099253025779902,0.021993591850147882
792,0.20700000000000002,0.0485,0.3265,0.025954990907253995,0.028000000000000004,0.1095,0.438,0.017,0.2518333333333333,0.43747167630057804,0.004
793,0.085,0.05540377544831436,0.616,0.03498469387755102,0.1025,0.22387127667869816,0.481,0.07050000000000001,0.5601666666666667,0.08413404497577881,0.00599375616168255
794,0.0505,0.011000000000000001,0.472,0.025470297029702972,0.066,0.15971747139456866,0.5054224505549124,0.025500000000000002,0.38466622691292873,0.074,0.005
795,0.1275,0.011,0.516,0.039454990907253996,0.033,0.127,0.7929999999999999,0.003,0.24582500000000002,0.11406032498482957,0.0025
796,0.05550000000000001,0.0035000000000000005,0.575,0.0345,0.022,0.083,0.983,0.096,0.29874999999999996,0.060850040478118005,0.002
797,0.0655,0.036000000000000004,0.5555000000000001,0.045308204449590606,0.089,0.21686533256090462,0.8084999999999999,0.003,0.37875000000000003,0.16176254739412638,0.011000000000000001
798,0.0865,0.08396194225721784,0.6835000000000001,0.063,0.0335,0.1375,0.873,0.04,0.5915,0.14350000000000002,0.015496858465608465
799,0.076,0.14397396768402154,0.858,0.0155,0.077,0.1791871877216572,0.4090000000000001,0.6020000000000001,0.4965,0.12999999999999998,0.003
800,0.178,0.040499999999999994,0.618,0.0794050478598519,0.05600000000000001,0.186,0.44701860066957755,0.16350000000000003,0.417,0.34014407245504275,0.006
801,0.0635,0.024,0.4415,0.024,0.027000000000000003,0.09177383863080685,0.929117982873454,0.0675,0.46399999999999997,0.1445,0.0
802,0.028000000000000004,0.03,0.6279999999999999,0.006970297029702971,0.077,0.17777383863080687,0.583,0.035,0.34049999999999997,0.08049999999999999,0.0005
803,0.265,0.15350000000000003,0.6130000000000001,0.10935415057111955,0.101,0.23355921762030657,0.6206179828734538,0.12200000000000003,0.43920789299867896,0.3672474232309447,0.016
804,0.325,0.07835964195719576,0.5215,0.15881927012319977,0.088,0.1339629708970242,0.687684865289851,0.1345,0.43774911991160775,0.2299282102961314,0.009
805,0.192,0.08294216053825468,0.7064999999999999,0.0235,0.05349999999999999,0.3161494607232789,0.7263495173390668,0.07050000000000001,0.583625,0.12004455910095188,0.006
806,0.7885,0.042499999999999996,0.6020000000000001,0.08024797987801999,0.0745,0.18077411477411479,0.6819999999999999,0.0645,0.4215,0.15714143710941994,0.009
807,0.40499999999999997,0.11870877787019793,0.6984999999999999,0.04084117587016434,0.1315,0.3117673406011523,0.8432031148610957,0.11399999999999999,0.5791662269129287,0.18686609700238588,0.014500000000000002
808,0.182,0.2125,0.7155,0.06388977979430596,0.0795,0.6876600699093596,0.7745360021470715,0.146,0.4935495596653457,0.3481070074020927,0.008
809,0.34450000000000003,0.11750000000000001,0.5525,0.07248469387755103,0.1125,0.0875,0.9046848652898507,0.13649999999999998,0.46299999999999997,0.3267409103997069,0.0069875123233651
810,0.014500000000000002,0.0085,0.5625,0.027499999999999997,0.0165,0.18077444987775063,0.943,0.004,0.23145833333333332,0.06224091039970683,0.001
811,0.5105,0.028500000000000004,0.41200000000000003,0.028499999999999998,0.05550000000000001,0.12772360557768925,0.7270000000000001,0.1055,0.3415,0.23225500000000002,0.0005
812,0.39249999999999996,0.1615,0.7195,0.07749999999999999,0.098,0.3558145549246004,0.9005668824163969,0.1555,0.368,0.37474203248722965,0.011
813,0.1035,0.05850000000000001,0.754,0.0335,0.0915,0.15846069124882825,0.7040229881885854,0.093,0.6785,0.0735,0.0015
814,0.21200000000000002,0.063,0.545,0.05795408163265305,0.118,0.23912798523225062,0.131,0.15300000000000002,0.5981662269129288,0.1547535332376482,0.0085
815,0.5740000000000001,0.11748663594470046,0.5,0.03344392523364486,0.11000000000000001,0.20099730459221105,0.8109999999999999,0.06,0.27366523681391886,0.4292527136073897,0.009993591850147879
816,0.1135,0.32999999999999996,0.7869999999999999,0.030400190019001905,0.082,0.37620569175631213,0.49810980622673406,0.31599999999999995,0.674,0.0825,0.0075
817,0.46299999999999997,0.05449999999999999,0.4245,0.028500000000000004,0.095,0.08977383863080685,0.9279999999999999,0.16,0.2395,0.37,0.0025
818,0.052000000000000005,0.028000000000000004,0.725,0.05500000000000001,0.038,0.121,0.9209268818362073,0.01,0.35300000000000004,0.19649999999999998,0.003
819,0.4130000000000001,0.175,0.662,0.07,0.197,0.254090606539846,0.7530000000000001,0.10600000000000001,0.5435,0.188903162055336,0.018464738632848747
820,0.016,0.20341485978898272,0.8045,0.19144059405940592,0.1065,0.20600000000000002,0.9115,0.006,0.6865,0.08600000000000001,0.0034999999999999996
821,0.5275,0.2584282238442822,0.7505,0.036984693877551024,0.21100000000000002,0.4274714188600324,0.6120033785603511,0.1645,0.43962499999999993,0.33549999999999996,0.0195
822,0.10600000000000001,0.031999999999999994,0.8160000000000001,0.037939684784805014,0.006999999999999999,0.17077444987775062,0.9470000000000001,0.018,0.209,0.5157540008741576,0.005490369215781677
823,0.34099999999999997,0.26287724106569266,0.6415,0.1888138947995053,0.2205,0.5406633986004884,0.4556746004429897,0.24899999999999997,0.4977495049504951,0.32586504076021194,0.0425
824,0.14500000000000002,0.1898476175869225,0.6824999999999999,0.024,0.091,0.27571358067363744,0.873,0.017,0.7210000000000001,0.15,0.001
825,0.20299999999999999,0.16899999999999998,0.6975,0.09181028478105542,0.093,0.40537583892617446,0.4594605125089249,0.12450000000000001,0.38649999999999995,0.1285,0.0095
826,0.3075,0.17750000000000002,0.6255,0.0605,0.1115,0.17439225393127544,0.6653027360122843,0.088,0.381,0.406,0.008
827,0.07449999999999998,0.03949999999999999,0.6845,0.0225,0.1155,0.12617654988411603,0.776664652049216,0.0385,0.5245000000000001,0.152,0.005
828,0.0805,0.12289969929836286,0.7475000000000002,0.0355,0.0915,0.21345016590276228,0.6084005056451034,0.1305,0.6430412950115626,0.083755,0.0185
829,0.1125,0.213,0.696,0.06934976754565843,0.192,0.5032768760814126,0.3841023887602085,0.5065,0.4875,0.205903162055336,0.04597469799561247
830,0.0495,0.027000000000000003,0.7464999999999999,0.0625,0.08099999999999999,0.33111194862561194,0.48268479321828145,0.0785,0.5555000000000001,0.067,0.00799375616168255
831,0.046,0.0445,0.5885,0.05497029702970298,0.002,0.16477411477411477,0.8875,0.0225,0.3978333333333333,0.10149999999999999,0.003
832,0.155,0.0905,0.631,0.022000000000000002,0.0675,0.14806649858429016,0.9580668824163968,0.0615,0.26549999999999996,0.27349999999999997,0.004999999999999999
833,0.2455,0.17998021828103683,0.761,0.0595,0.1295,0.0415,0.4484587392593019,0.1145,0.5578333333333333,0.193,0.016
834,0.2374676184295912,0.1264802182810368,0.603,0.06943978573115044,0.1275,0.14725832013954743,0.7362359657469076,0.074,0.5682153792410921,0.29496213942429805,0.006500000000000001
835,0.915,0.030500000000000006,0.8290000000000001,0.00548469387755102,0.13199999999999998,0.1317741147741148,0.9970000000000001,0.075,0.7018000000000001,0.2589629349470499,0.0055
836,0.2065,0.2319223788192915,0.766,0.06392861911119588,0.129,0.26877444987775057,0.4931607015226069,0.1715,0.343,0.20082749902881494,0.0185
837,0.1805,0.015,0.42399999999999993,0.01798469387755102,0.059,0.06668855218855219,0.8979999999999999,0.098,0.30700000000000005,0.2515,0.0
838,0.034499999999999996,0.022000000000000002,0.485,0.001,0.0375,0.16085438042620365,0.5795,0.0055,0.479,0.047,0.0025
839,0.14650000000000002,0.088,0.6465,0.019,0.05349999999999999,0.10090182386305749,0.7869999999999999,0.076,0.465,0.14650000000000002,0.0015
840,0.0665,0.0495,0.7005000000000001,0.031,0.013500000000000002,0.228199476490498,0.8707359657469077,0.030000000000000006,0.33374950495049505,0.21333774834437086,0.0025
841,0.2324676184295912,0.14984028655627513,0.8925000000000001,0.11382372031097587,0.15100000000000002,0.4956296029915535,0.39958250732605116,0.125,0.7158749999999999,0.14388420884627684,0.0125
842,0.2325,0.0165,0.6049999999999999,0.05897029702970298,0.061,0.10954856465186538,0.8776179828734538,0.068,0.4225,0.1845,0.0045
843,0.391,0.24597989093387868,0.6165,0.053251686022030134,0.09,0.6552312254225552,0.7652267542395885,0.2285,0.46005,0.4177038453467568,0.01948766634209672
844,0.001,0.011,0.575,0.026000000000000002,0.0155,0.154,0.6125,0.008499999999999999,0.36050000000000004,0.06699999999999999,0.0
845,0.1365,0.0723204788425837,0.8105,0.043000000000000003,0.078,0.4113551494801495,0.10200000000000001,0.1275,0.4065416666666667,0.45099999999999996,0.0125
846,0.5155,0.04041052045913616,0.536,0.03797029702970297,0.122,0.1587741147741148,0.9570000000000001,0.16299999999999998,0.488,0.22749999999999998,0.002
847,0.281,0.10600000000000001,0.562,0.041,0.1125,0.22388691532901342,0.0765853700516351,0.1305,0.696,0.19849999999999998,0.003
848,0.506,0.2788113507548654,0.7215,0.0968082159177456,0.11750000000000001,0.335043619599079,0.6882514506072802,0.35900000000000004,0.5484479374865253,0.3139720658360667,0.0115
849,0.24850000000000003,0.1293559416217011,0.731,0.03944392523364486,0.15000000000000002,0.3595684558611395,0.33199999999999996,0.17650000000000002,0.5471662269129288,0.1859629349470499,0.0055000000000000005
850,0.023999999999999997,0.0034999999999999996,0.593,0.0615,0.006,0.099,0.9890000000000001,0.003,0.453,0.044349551552053695,0.0055
851,0.23349999999999999,0.08449999999999999,0.6779999999999999,0.06749999999999999,0.098,0.11796266696266697,0.8574999999999999,0.033,0.37649999999999995,0.13983774834437085,0.0025
852,0.442,0.0665,0.717,0.019,0.0875,0.24749999999999997,0.6486847531388304,0.0715,0.22800000000000004,0.0695,0.015464738632848748
853,0.0625,0.08650000000000001,0.6025,0.0125,0.099,0.14523684069710968,0.3806909160892995,0.05800000000000001,0.44349999999999995,0.0615,0.0025
854,0.0025,0.0025,0.5894999999999999,0.0455,0.0025,0.15277444987775063,0.9490000000000001,0.002,0.3118333333333333,0.08640316205533596,0.0
855,0.10149999999999999,0.051000000000000004,0.6170000000000001,0.031,0.7555,0.11677411477411477,0.8135,0.099,0.517999188591158,0.16230632411067195,0.0025
856,0.23099999999999996,0.10999999999999999,0.635,0.06918409143682527,0.0485,0.1371885521885522,0.9157359657469076,0.084,0.5467556530532284,0.2901042798395344,0.009500000000000001
857,0.118,0.008,0.5920000000000001,0.028500000000000004,0.08700000000000001,0.12422333000997007,0.9015000000000001,0.0155,0.2887995245641838,0.032,0.003
858,0.36999999999999994,0.029480218281036842,0.4845,0.04728117837005328,0.0455,0.20865206116985274,0.8870000000000001,0.0995,0.39062312981259784,0.31477788100615534,0.004999999999999999
859,0.45249999999999996,0.14350000000000002,0.4725,0.04944392523364487,0.0485,0.09131703318653109,0.9021179828734539,0.2145,0.383,0.382374838355914,0.0185
860,0.336,0.07046194225721784,0.5275,0.06648469387755102,0.11100000000000002,0.125,0.8795,0.129,0.41,0.29390316205533595,0.0079875123233651
861,0.046000000000000006,0.03636654285714641,0.5614999999999999,0.05883975372327148,0.019,0.060774114774114776,0.95,0.0195,0.4626328582739509,0.11465636458878994,0.0005
862,0.149,0.0215,0.611,0.029500000000000005,0.0035000000000000005,0.12427444987775063,0.9162761692650333,0.0235,0.213,0.1615,0.006500000000000001
863,0.185,0.12250000000000001,0.7825,0.02045673076923077,0.10799999999999998,0.3343431490777427,0.5479763190128233,0.1595,0.5608333333333333,0.22474203248722965,0.0059937561616825496
864,0.1465,0.14846043656207367,0.4800000000000001,0.1164719187277512,0.1695,0.5310460088603615,0.39494097616380713,0.119,0.5535,0.121,0.024
865,0.093,0.0365,0.5225000000000001,0.046,0.05450000000000001,0.14395123025010298,0.9564999999999999,0.0505,0.47700000000000004,0.19249999999999998,0.007000000000000001
866,0.2324676184295912,0.14984028655627513,0.8925000000000001,0.11382372031097587,0.15100000000000002,0.4956296029915535,0.39958250732605116,0.125,0.7158749999999999,0.14388420884627684,0.0125
867,0.194,0.05396194225721786,0.505,0.05137534488955488,0.07949999999999999,0.2105914241039538,0.8565000000000002,0.064,0.46624911991160767,0.20208154566805298,0.0015
868,0.4405,0.18,0.6255,0.05439915966386555,0.073,0.21472915186606928,0.8990668824163969,0.08600000000000001,0.3983402564276076,0.3583071224513755,0.0115
869,0.38650000000000007,0.1168703843825369,0.5795,0.05444232298877556,0.0725,0.12183258819884024,0.8370340792514908,0.1385,0.4680833333333333,0.35465784407649403,0.05698734801183043
870,0.281,0.21639574107440454,0.6074999999999999,0.036484693877551023,0.2105,0.99,0.5208327795351604,0.18649999999999997,0.4696657865782744,0.227558207551786,0.034
871,0.038,0.024,0.705,0.0595,0.019,0.09,0.9450000000000001,0.0055000000000000005,0.183,0.19699999999999998,0.0
872,0.16699999999999998,0.08046194225721785,0.8109999999999999,0.0925773336793166,0.0945,0.42774508984006543,0.16861798287345384,0.0935,0.30495,0.471403162055336,0.015
873,0.552,0.15387784649460126,0.5760000000000001,0.05884477506699356,0.12150000000000001,0.3129080740162319,0.5432576516471662,0.077,0.39791622633201235,0.40732415252457094,0.0169812581922446
874,0.3175,0.17398021828103682,0.5735,0.0495,0.148,0.2950995506703694,0.6715466691757622,0.1795,0.47037500000000004,0.4073377483443708,0.027000000000000003
875,0.018,0.021500000000000002,0.5389999999999999,0.01997029702970297,0.052000000000000005,0.2215485646518654,0.8530000000000001,0.026000000000000002,0.36400000000000005,0.08396433235616524,0.0025
876,0.056499999999999995,0.023,0.472,0.0195,0.005,0.14169256721761267,0.893,0.022000000000000002,0.3835,0.1735,0.004481106278687046
877,0.067,0.06100000000000001,0.82,0.044,0.0795,0.19785410094637224,0.3415,0.0805,0.36350000000000005,0.08499999999999999,0.0015
878,0.0435,0.040999999999999995,0.6285000000000001,0.00747029702970297,0.008,0.1615,0.8015852819807427,0.0675,0.481,0.0865,0.004
879,0.48200000000000004,0.0935,0.5980000000000001,0.04395499090725399,0.052000000000000005,0.20042436958569354,0.7772357807989605,0.088,0.5289583333333334,0.188,0.019
880,0.674,0.016,0.6405000000000001,0.04385390704815284,0.013000000000000001,0.122,0.9545,0.057499999999999996,0.33771578715919087,0.17346293494704995,0.0025
881,0.088,0.1424359099412394,0.8525,0.034999999999999996,0.073,0.255997720351804,0.633,0.5065,0.47450000000000003,0.213,0.006
882,0.42800000000000005,0.1105,0.6655,0.04794392523364486,0.1135,0.28876461125300024,0.7796179828734537,0.177,0.47050000000000003,0.26526985634738665,0.020467921092890883
883,0.0615,0.04696194225721785,0.532,0.024,0.024,0.21716168726115317,0.9475,0.014500000000000002,0.36949950495049505,0.22040396039603963,0.0115
884,0.13699999999999998,0.013500000000000002,0.6305,0.0335,0.01,0.074,0.96,0.063,0.409,0.305,0.003
885,0.2465,0.14639016610150007,0.6785,0.06331313840424668,0.155,0.2537797872257345,0.6376696029830831,0.14550000000000002,0.6355000000000001,0.22044687842278204,0.02449784625579854
886,0.051000000000000004,0.006500000000000001,0.572,0.043000000000000003,0.013500000000000002,0.18323678173678176,0.9175000000000001,0.0034999999999999996,0.3051666666666667,0.04390316205533597,0.004999999999999999
887,0.06949999999999999,0.06899999999999999,0.505,0.1023187218531518,0.051500000000000004,0.16042624910663492,0.8074999999999999,0.5680000000000001,0.5559996283448959,0.2146410799600841,0.002
888,0.03,0.033499999999999995,0.558,0.025500000000000002,0.0015,0.08627411477411476,0.9745000000000001,0.003,0.28633333333333333,0.08290316205533597,0.003
889,0.336,0.12885749213696515,0.5985,0.05141422226334783,0.163,0.17750000000000005,0.8345,0.10300000000000002,0.5646662263320124,0.24257978083160053,0.022464738632848747
890,0.39049999999999996,0.16799999999999998,0.6729999999999999,0.03144059405940594,0.225,0.1835,0.7588539486203615,0.1055,0.528,0.22940316205533598,0.014500000000000002
891,0.041,0.0325,0.596,0.0075,0.0215,0.1365,0.8135,0.0115,0.5225000000000001,0.07350000000000001,0.001
892,0.11699999999999999,0.058499999999999996,0.5650000000000001,0.033420847090470496,0.021500000000000002,0.15428000074703183,0.820664652049216,0.065,0.5289161716171616,0.20362463976600692,0.006978114473298309
893,0.406,0.0185,0.71,0.02086921317060182,0.052500000000000005,0.0635,0.9559999999999998,0.1385,0.519299560246262,0.09844475574646358,0.010499999999999999
894,0.1375,0.1955,0.7340000000000001,0.029450095009500955,0.1,0.34914358834621734,0.5745710157376098,0.22399999999999998,0.5439999999999999,0.1325,0.007999999999999998
895,0.0115,0.016999999999999998,0.5690000000000001,0.046,0.002,0.17927411477411476,0.8935000000000001,0.008,0.43525,0.10040316205533598,0.003
896,0.5945,0.189,0.669,0.050970297029702974,0.12449999999999999,0.21928372221368417,0.788113551592159,0.3,0.37533333333333335,0.3405,0.0095
897,0.0665,0.067960603628722,0.399,0.11290998181450798,0.1025,0.236817309329839,0.776,0.051500000000000004,0.44391573186342387,0.20764695937901806,0.002
898,0.24499999999999997,0.0445,0.6645,0.07150000000000001,0.085,0.09946102692805284,0.9250234795318752,0.06549999999999999,0.44399999999999995,0.097,0.0034999999999999996
899,0.133,0.1855,0.6900000000000001,0.06834976754565843,0.21400000000000002,0.5003122295414419,0.3821023887602085,0.4640000000000001,0.47750000000000004,0.19740316205533598,0.04548734801183042
900,0.051000000000000004,0.0225,0.48,0.04,0.053000000000000005,0.14777411477411478,0.3286179828734538,0.07,0.5597995245641838,0.1425553173270369,0.0025
901,0.45,0.158,0.63,0.039920353982300885,0.161,0.18845539123055155,0.7289006177961237,0.20600000000000002,0.438,0.3862417087404105,0.057468731285144084
902,0.333,0.16246194225721786,0.6799999999999999,0.1389133129887469,0.14450000000000002,0.296237378781386,0.8925000000000001,0.23399999999999999,0.5704162269129287,0.2455,0.011975016325878754
903,0.5205,0.0505,0.6925000000000001,0.0465,0.0845,0.1885462850036694,0.47706688241639694,0.1575,0.44349999999999995,0.21317661877626454,0.002
904,0.0165,0.013000000000000001,0.581,0.0415,0.011,0.1846890389820904,0.9255000000000001,0.008,0.2558333333333333,0.047,0.001
905,0.0695,0.0625,0.7005000000000001,0.0155,0.11950000000000001,0.1075,0.6170424899812854,0.030000000000000006,0.6355,0.1935,0.0025
906,0.13399999999999998,0.1025,0.6965000000000001,0.061484693877551025,0.0965,0.3677877766350669,0.18069091608929946,0.12150000000000001,0.40449999999999997,0.0905,0.012
907,0.06899999999999999,0.0495,0.5880000000000001,0.021500000000000002,0.054000000000000006,0.1345,0.8757871345926981,0.041,0.5446666666666667,0.08850000000000001,0.003
908,0.062,0.0085,0.625,0.034999999999999996,0.016999999999999998,0.13704856465186538,0.9436909160892994,0.0155,0.2265,0.0845,0.0
909,0.123,0.08492926829268292,0.613,0.031,0.118,0.13899999999999998,0.667,0.036,0.4755,0.525,0.0025
910,0.0235,0.021500000000000002,0.6305000000000001,0.052294501107558775,0.0345,0.093,0.867,0.1395,0.4715,0.07840316205533597,0.003
911,0.0165,0.014000000000000002,0.5395,0.038500000000000006,0.0175,0.14650000000000002,0.7556179828734538,0.015000000000000003,0.3383333333333334,0.26050000000000006,0.0
912,0.2605,0.286,0.752,0.07598469387755102,0.14700000000000002,0.5077626313995245,0.34456681034482756,0.211,0.34998333333333337,0.4322562814070352,0.03099363372606819
913,0.3855,0.2475,0.605,0.06938034173365334,0.13799999999999998,0.2883227383863081,0.7648043091978363,0.20249999999999999,0.4365,0.37697167630057804,0.0165
914,0.6045,0.4438961225184202,0.7135,0.05148469387755102,0.08399999999999999,0.39620820189274447,0.12249999999999998,0.662,0.41875,0.1773388704318937,0.0155
915,0.21600000000000003,0.15799999999999997,0.7295,0.08121729491221069,0.11600000000000002,0.3705196993334382,0.6614559693332749,0.1325,0.4455,0.2719011237666876,0.015
916,0.185,0.014473967684021543,0.6075,0.06280063282651184,0.039999999999999994,0.15227411477411476,0.901,0.0435,0.44054030491255275,0.12703782930060686,0.003999999999999999
917,0.5684676184295911,0.22242766741539421,0.6545,0.09586299146174884,0.14150000000000001,0.4210432332125896,0.1673087868117329,0.517,0.477375,0.18675936492188566,0.017981724911830713
918,0.3425,0.253,0.7154999999999999,0.122,0.1145,0.4115974644073666,0.48610425619309333,0.121,0.568,0.315946878422782,0.0165
919,0.366,0.1534613368283093,0.628,0.08578752300344719,0.08299999999999999,0.12387794639573795,0.7594937642526041,0.10899999999999999,0.43116573186342383,0.28731644487209734,0.0205
920,0.006999999999999999,0.018,0.5205,0.0558600387671059,0.027499999999999997,0.11850000000000001,0.9675,0.0115,0.45845833333333336,0.10129722831553938,0.0015
921,0.1085,0.07246194225721785,0.6525,0.048853907048152845,0.1,0.3316885521885522,0.37,0.1285,0.48,0.07999999999999999,0.014000000000000002
922,0.505,0.2645,0.6569999999999999,0.03633457624564872,0.10900000000000001,0.3393384042064843,0.7091795239688076,0.24100000000000002,0.3767495049504951,0.47813071592545586,0.029981268485047653
923,0.099,0.039,0.587,0.07198469387755103,0.0405,0.08099999999999999,0.8592111362770309,0.06449999999999999,0.5232491199116078,0.1956295938379331,0.0035000000000000005
924,0.21400000000000002,0.22996043656207368,0.693,0.06389891614089885,0.23900000000000002,0.17350000000000002,0.5086080726525795,0.2015,0.37525,0.26814255200584836,0.0305
925,0.17500000000000002,0.15792822384428223,0.649,0.053000000000000005,0.1275,0.4131891322662174,0.5039145952893628,0.12250000000000001,0.5152912269129287,0.2787030919242861,0.032496775260459736
926,0.299,0.07248021828103683,0.6214999999999999,0.0045,0.10049999999999999,0.16108766066074576,0.4378986286822421,0.16949999999999998,0.44525000000000003,0.2265,0.012
927,0.16599999999999998,0.537,0.8885,0.07544059405940594,0.0495,0.07518888096008178,0.9357375852650616,0.032999999999999995,0.8096250000000002,0.0365,0.003
928,0.354,0.08182776981477033,0.6275,0.0885,0.1065,0.24704856465186537,0.8642359657469078,0.1405,0.41795745382585753,0.2006265108830317,0.019499999999999997
929,0.267,0.088,0.6105,0.06894059405940595,0.1935,0.086,0.8761179828734539,0.0635,0.47974999999999995,0.25,0.0055
930,0.0615,0.041,0.673,0.013970297029702972,0.041999999999999996,0.10446358214396796,0.8355,0.049,0.47300000000000003,0.10900000000000001,0.0005
931,0.145,0.042499999999999996,0.5555,0.05740998181450798,0.074,0.20423678173678175,0.8666909160892995,0.026000000000000002,0.3539578935795954,0.13954915493860523,0.009499999999999998
932,0.404,0.36039016610150015,0.6960000000000001,0.06737871412069682,0.11699999999999999,0.4616541801978462,0.6100340792514908,0.2045,0.35831666666666667,0.4079449108309109,0.029000000000000005
933,0.5125,0.041999999999999996,0.546,0.0165,0.065,0.12450000000000001,0.8835668824163971,0.0985,0.41,0.1025,0.0095
934,0.12200000000000003,0.11300000000000002,0.6955,0.06374788923439562,0.131,0.24531675370669967,0.5823583361393695,0.0945,0.5650000000000001,0.18649999999999997,0.010499999999999999
935,0.35350000000000004,0.09736068640559645,0.701,0.18487087884046133,0.11399999999999999,0.26591478060046186,0.9434999999999999,0.2045,0.5842500000000002,0.11400000000000002,0.0115
936,0.3795,0.3014802182810369,0.7375,0.0694907210256609,0.13599999999999998,0.44845910701449176,0.4807291384215838,0.1795,0.56125,0.30440316205533596,0.013000000000000001
937,0.593,0.017,0.5660000000000001,0.04942861911119588,0.0605,0.121,0.8644999999999999,0.18049999999999997,0.49199950495049505,0.19140396039603963,0.0019873458792991567
938,0.4305,0.22499999999999995,0.7325000000000002,0.054940594059405934,0.082,0.33662623388193624,0.8400000000000001,0.152,0.4740819715792194,0.35943098591549294,0.0185
939,0.38749999999999996,0.18335060266357378,0.686,0.056499999999999995,0.118,0.3865,0.6232571990448269,0.143,0.52525,0.1624039603960396,0.013500000000000002
940,0.295,0.149,0.617,0.0375,0.09199999999999998,0.13118913226621737,0.8574999999999999,0.10200000000000001,0.5271662269129287,0.2827846267671529,0.0075000000000000015
941,0.316,0.1834161282222762,0.5745,0.05994232298877557,0.1125,0.14937066543175442,0.7342573111958475,0.14450000000000002,0.56425,0.20471108284741518,0.021
942,0.2245,0.3225,0.6849999999999999,0.03786945669356852,0.10400000000000001,0.28517515375865526,0.6476177979255067,0.143,0.47225,0.36350000000000005,0.05199061462729101
943,0.15750000000000003,0.027461942257217847,0.622,0.0095,0.018,0.16927411477411478,0.6664999999999999,0.047,0.40199999999999997,0.17950000000000002,0.0005
944,0.097,0.034,0.593,0.05799222797927461,0.011,0.12054856465186539,0.9308213357985429,0.011000000000000001,0.37849999999999995,0.16494687842278205,0.013000000000000001
945,0.366,0.26,0.7024999999999999,0.07436503561120436,0.18,0.3859764934292713,0.6134999999999999,0.1865,0.4876666666666667,0.3847102845067116,0.028499999999999998
946,0.1375,0.4645,0.6525,0.03947029702970297,0.11000000000000001,0.3268171030126751,0.5372980477114729,0.1495,0.46900000000000003,0.098,0.013500000000000002
947,0.32999999999999996,0.052000000000000005,0.7125,0.0732690385861016,0.125,0.26637689212985116,0.8754876413815861,0.127,0.5550407999620577,0.21230792079207922,0.017499999999999998
948,0.010499999999999999,0.006,0.5815,0.0295,0.028499999999999998,0.14550000000000002,0.7452359657469078,0.0025,0.41950000000000004,0.063,0.0
949,0.339,0.1795,0.7355,0.060484693877551024,0.099,0.015500000000000003,0.8728027760917353,0.132,0.57025,0.20800000000000002,0.013493593955321945
950,0.3395,0.0635,0.542,0.10108484985832714,0.21800000000000003,0.1835,0.8456178707224333,0.11850000000000001,0.44116617161716165,0.2136857851303542,0.013000000000000001
951,0.052000000000000005,0.0665,0.6140000000000001,0.05750000000000001,0.1265,0.29237770950409725,0.043500000000000004,0.0625,0.6619999999999999,0.1255,0.0055
952,0.07,0.028000000000000004,0.5740000000000001,0.04998469387755102,0.05349999999999999,0.22194508824492565,0.8484999999999999,0.0125,0.22824999999999998,0.15890316205533597,0.003
953,0.183,0.15180554189349346,0.7344999999999999,0.06438027884421096,0.1275,0.13362912980680935,0.9435,0.05950000000000001,0.531,0.17546372502213453,0.0085
954,0.26399999999999996,0.052000000000000005,0.5189999999999999,0.02447029702970297,0.051000000000000004,0.17258448604525228,0.8789999999999999,0.08800000000000001,0.3975,0.1702417087404105,0.005
955,0.006999999999999999,0.035,0.5975,0.03150000000000001,0.009500000000000001,0.21327383863080684,0.937,0.0045,0.31450000000000006,0.0865,0.0005
956,0.3025,0.12321891716834159,0.7355,0.05499999999999999,0.12349999999999998,0.28707862748279334,0.3426581632653061,0.21150000000000002,0.5236662269129287,0.2514629349470499,0.0019937561616825503
957,0.21799999999999997,0.0655,0.5795,0.040999999999999995,0.083,0.12150000000000001,0.8246337648327939,0.12150000000000001,0.426,0.3075,0.003
958,0.383,0.1155,0.617,0.1172639517521032,0.06699999999999999,0.253,0.5717516756346784,0.07999999999999999,0.292875,0.10512834663496914,0.008
959,0.1275,0.14,0.6375,0.056420353982300886,0.1405,0.1121888141295206,0.8574999999999999,0.077,0.483374628344896,0.18661307334619398,0.011993593955321945
960,0.269,0.17244216053825467,0.6659999999999999,0.08576652706663138,0.16599999999999998,0.906,0.554256354507491,0.154,0.5251657312825074,0.2078312118034317,0.0155
961,0.364,0.292,0.6735,0.08324135009138353,0.1565,0.446964649053896,0.641184865289851,0.183,0.480082892998679,0.3624523169939412,0.012500000000000002
962,0.262,0.1685,0.6075,0.0465,0.1135,0.1053768219016902,0.8462251802887375,0.0665,0.35275,0.22974203248722963,0.003
963,0.588,0.0105,0.5465,0.04,0.0345,0.042499999999999996,0.875,0.194,0.376,0.16050000000000003,0.0035000000000000005
964,0.595,0.058499999999999996,0.6074999999999999,0.0295,0.1525,0.14518881412952062,0.9169999999999998,0.08750000000000001,0.5824583333333333,0.11530712245137557,0.04899375616168254
965,0.08149999999999999,0.1285,0.9115,0.007000000000000001,0.0785,0.20168614808695065,0.46611798287345385,0.46449999999999997,0.36900000000000005,0.29500000000000004,0.0005
966,0.0115,0.006,0.5269999999999999,0.044984693877551024,0.018,0.10627411477411478,0.8845000000000001,0.007000000000000001,0.35533333333333333,0.098850040478118,0.01
967,0.135,0.03849999999999999,0.627,0.048336179026065865,0.094,0.17277383863080686,0.7383757813791503,0.033,0.2925833333333333,0.12440316205533597,0.031
968,0.5820000000000001,0.09892822384428224,0.6725,0.0165,0.0925,0.30105472676809036,0.9331802490606089,0.0775,0.44114241738911925,0.21870384534675677,0.0215
969,0.27949999999999997,0.067,0.5369999999999999,0.09034369871614775,0.0715,0.18473708567113897,0.8465,0.1375,0.4850323979491741,0.3378442500685349,0.008
970,0.3735,0.16499999999999998,0.5975,0.07776812931150066,0.08049999999999999,0.36449999999999994,0.8785000000000001,0.1775,0.487,0.3085,0.013000000000000001
971,0.18750000000000003,0.1625,0.7495,0.048773945440300136,0.0885,0.3375295909430576,0.563097111393015,0.11299999999999999,0.625,0.2171456691364501,0.02749359185014788
972,0.213,0.027000000000000003,0.5775,0.10018877386103371,0.0635,0.18440197124820873,0.802231534465613,0.13999999999999999,0.46870742553363937,0.33072590368970817,0.006996858465608465
973,0.14650000000000002,0.036,0.5269999999999999,0.09682444760082251,0.14100000000000001,0.1697741147741148,0.9307359657469079,0.091,0.5452495049504951,0.24190316205533596,0.010487349983782032
974,0.0395,0.0445,0.647,0.0015,0.0985,0.13491241970720985,0.688,0.016,0.43600000000000005,0.5635000000000001,0.003
975,0.0685,0.033499999999999995,0.5589999999999999,0.006500000000000001,0.032,0.19989225393127547,0.5755,0.073,0.45649999999999996,0.0935,0.007000000000000001
976,0.11100000000000002,0.15700000000000003,0.858,0.036000000000000004,0.0865,0.162,0.4901178707224335,0.36450000000000005,0.576,0.1485,0.0045
977,0.1545,0.0335,0.6165,0.06192528793695695,0.036,0.12327411477411476,0.9445,0.05349999999999999,0.5764999999999999,0.07774170874041046,0.004499999999999999
978,0.258,0.08299999999999999,0.667,0.0245,0.085,0.30437768445476954,0.435827455870044,0.21950000000000003,0.547,0.18,0.018
979,0.0455,0.05044216053825469,0.631,0.03247029702970297,0.020999999999999998,0.1852744498777506,0.924,0.046000000000000006,0.5161,0.07064014984265199,0.002
980,0.2555,0.14499999999999996,0.7315,0.05593968478480501,0.11300000000000002,0.2792121264604441,0.153566882416397,0.17450000000000002,0.5786666666666667,0.18333887043189367,0.013500000000000002
981,0.387,0.118,0.56,0.06347029702970297,0.10200000000000001,0.1695311723350462,0.8885,0.135,0.3168324532449411,0.4225323070310088,0.0235
982,0.05500000000000001,0.2468387443034184,0.827,0.057999999999999996,0.08800000000000001,0.24196265276032744,0.6930290874970678,0.034999999999999996,0.42000000000000004,0.11850000000000001,0.007496858465608465
983,0.5475,0.06,0.669,0.0625,0.06799999999999999,0.10700000000000001,0.952,0.1,0.348,0.12,0.003
984,0.324,0.18600000000000003,0.6184999999999999,0.0485,0.124,0.22385410094637223,0.6570544837185321,0.1745,0.40449999999999997,0.3068377483443709,0.036500000000000005
985,0.31949999999999995,0.12349999999999998,0.6355000000000001,0.04995998775135245,0.2065,0.16662793957717908,0.886066882416397,0.1605,0.4554152368139189,0.36680632411067193,0.006999999999999999
986,0.010499999999999999,0.01,0.5445,0.049,0.0355,0.1282744498777506,0.9454999999999998,0.0075,0.29308333333333336,0.07890316205533596,0.0005
987,0.018,0.019,0.4125,0.0155,0.020499999999999997,0.17356858120323093,0.7274999999999999,0.006500000000000001,0.5275,0.032999999999999995,0.0
988,0.457,0.125,0.525,0.017343084897510404,0.0485,0.3105121692676196,0.8556179828734539,0.2875,0.4084161716171617,0.3786451945425656,0.002
989,0.429,0.23399999999999999,0.6270000000000001,0.049,0.0985,0.1829823656584543,0.8037358535958873,0.13649999999999998,0.465,0.3754039603960396,0.0454904524209304
990,0.842,0.0485,0.6255,0.002,0.08249999999999999,0.0931885521885522,0.9975000000000002,0.055499999999999994,0.5449999999999999,0.3079039603960396,0.0025
991,0.1045,0.04833145982098671,0.6839999999999999,0.02740682577873172,0.41200000000000003,0.12346324704033214,0.7986848652898508,0.0945,0.5387495049504951,0.22017250419378298,0.014496775260459732
992,0.2245,0.199,0.6965,0.07647029702970297,0.0655,0.22551553999610952,0.8257359657469078,0.15250000000000002,0.554,0.3165,0.017499999999999998
993,0.082,0.020499999999999997,0.5900000000000001,0.04198469387755102,0.0615,0.0785,0.8030000000000002,0.0235,0.23608333333333334,0.1935,0.003
994,0.11850000000000001,0.06999999999999999,0.7345,0.048,0.125,0.23799929405384276,0.38500000000000006,0.15350000000000003,0.4375,0.10550000000000001,0.004987185805469825
995,0.026000000000000002,0.0469238845144357,0.513,0.08265293709424752,0.05500000000000001,0.13627444987775061,0.873,0.003,0.23470833333333335,0.12539326791949976,0.028500000000000004
996,0.21199999999999997,0.10119791044570166,0.6910000000000001,0.1474541825789985,0.101,0.11754242264668806,0.8815000000000002,0.127,0.5279999999999999,0.13927422353356264,0.007464738632848747
997,0.4805,0.5585000000000001,0.6074999999999999,0.14448469387755103,0.14450000000000002,0.17320848137257588,0.938,0.1355,0.20929122691292873,0.662,0.005987666342096722
998,0.013500000000000002,0.014500000000000002,0.55,0.07692861911119589,0.006500000000000001,0.10727444987775062,0.984,0.0015,0.27608333333333335,0.043,0.0005
999,0.352,0.06548021828103684,0.6519999999999999,0.06225990223950871,0.095,0.20054055960334835,0.8179006177961238,0.138,0.628,0.16574281947155345,0.029000000000000005
1000,0.7215,0.144,0.6005,0.0681554491492656,0.131,0.3505032620306297,0.640740465416936,0.06699999999999999,0.42666622691292877,0.23399999999999999,0.011
1001,0.45599999999999996,0.4254899095337509,0.734,0.08584450704440325,0.11200000000000002,0.3907474202762232,0.26649826392263243,0.1445,0.2914495049504951,0.48135924766633104,0.014000000000000002
1002,0.43099999999999994,0.092,0.6744999999999999,0.0401592324312844,0.10300000000000001,0.2606690934605321,0.8117359657469077,0.0775,0.5495000000000001,0.20801436712063542,0.18949375616168257
1003,0.279,0.26549999999999996,0.704,0.06834500879301306,0.1505,0.3482727754059739,0.6785122518878424,0.141,0.59525,0.1688495515520537,0.0075
1004,0.178,0.075,0.517,0.04548469387755102,0.10600000000000001,0.14900000000000002,0.859361562726537,0.0705,0.30549950495049505,0.4181877888224889,0.003
1005,0.49049999999999994,0.098,0.6084999999999999,0.050970297029702974,0.10099999999999998,0.289939940949097,0.9039999999999999,0.126,0.6371249999999999,0.15717661877626454,0.020499999999999997
1006,0.1115,0.04650000000000001,0.49450000000000005,0.0675,0.045,0.10604600886036146,0.9061582978723404,0.08399999999999999,0.43025,0.247403162055336,0.0115
1007,0.05600000000000001,0.025,0.616,0.015439684784805011,0.013000000000000001,0.146628215720487,0.785,0.0305,0.5029157312825074,0.1135,0.003
1008,0.6064999999999999,0.08097989093387867,0.5509999999999999,0.045384883896552916,0.1035,0.20272333000997014,0.9082033529250889,0.2245,0.506499504950495,0.3123927789934354,0.0115
1009,0.5245,0.054564950045075576,0.7295,0.02689558496665993,0.20049999999999998,0.2964320873103702,0.967,0.034,0.5856662269129287,0.2052540008741576,0.0015
1010,0.0705,0.048,0.41899999999999993,0.022,0.0245,0.11100000000000002,0.843,0.05650000000000001,0.2685,0.07749999999999999,0.002
1011,0.0375,0.024,0.633,0.023956730769230765,0.017499999999999998,0.08177444987775061,0.9285,0.0185,0.44266622633201236,0.10525320253345397,0.008499999999999999
1012,0.4645,0.0845,0.5685,0.0779133129887469,0.0465,0.2100965770171149,0.6741179828734538,0.126,0.2866662263320124,0.26046448616600787,0.0015
1013,0.057499999999999996,0.23900000000000002,0.7329999999999999,0.035500000000000004,0.0985,0.20417681297320503,0.8440466691757621,0.0955,0.6285000000000001,0.07350000000000001,0.003
1014,0.05550000000000001,0.057461942257217846,0.8140000000000001,0.0105,0.0305,0.21870062582171812,0.7665,0.20600000000000002,0.5140823985300905,0.37240316205533597,0.001
1015,0.409,0.16699999999999998,0.6519999999999999,0.05935148514851485,0.142,0.29843349590106205,0.7105404334283663,0.1395,0.3799070268749864,0.25856400773669586,0.011996775260459735
1016,0.0975,0.0225,0.6479999999999999,0.039,0.013500000000000002,0.11040266559823764,0.897,0.0365,0.4955,0.12968778882248885,0.0034999999999999996
1017,0.2555,0.15547396768402152,0.6695,0.051718224321001614,0.098,0.8357725533898701,0.7825493643796894,0.156,0.5382333333333333,0.20089602128072306,0.0055
1018,0.257,0.189,0.6615,0.053849011150399806,0.0835,0.38085410094637223,0.7900668824163969,0.21350000000000002,0.46258239794917405,0.34751096779813234,0.0075
1019,0.36150000000000004,0.18383999977197177,0.7245,0.061803964000750757,0.1635,0.37410834115331304,0.4179499869225599,0.1335,0.6035,0.1535,0.014000000000000002
1020,0.437,0.051500000000000004,0.49000000000000005,0.013420353982300884,0.1265,0.11760670297295502,0.787443818342025,0.1645,0.42749999999999994,0.3714039603960396,0.07949359395532193
1021,0.39249999999999996,0.1699485782019183,0.677,0.0384133129887469,0.139,0.1251888141295206,0.9231582978723404,0.09700000000000002,0.5072495049504951,0.21985083881882161,0.026500000000000003
1022,0.404,0.156,0.584,0.04997029702970297,0.08,0.09794555888652053,0.7068818321785988,0.2015,0.31966629501156263,0.3249031620553359,0.008
1023,0.27899999999999997,0.040499999999999994,0.627,0.086,0.093,0.11891246227618746,0.9225,0.069,0.3365,0.078,0.002
1024,0.5359999999999999,0.0695,0.6415,0.0655,0.1095,0.11127383863080684,0.9495000000000001,0.17450000000000002,0.56,0.185,0.011
1025,0.0595,0.06999999999999999,0.5824999999999999,0.1369294764527999,0.1115,0.17377383863080686,0.15113376483279395,0.06,0.5335,0.11880712245137556,0.009000000000000001
1026,0.0425,0.0055,0.6795,0.034,0.007000000000000001,0.1021888141295206,0.9664999999999999,0.001,0.2581666666666667,0.1517428308279333,0.003
1027,0.273,0.05796194225721785,0.5225000000000001,0.02297029702970297,0.058499999999999996,0.142,0.7959999999999999,0.12350000000000001,0.372,0.22459772074197387,0.004
1028,0.587,0.05650000000000001,0.4615,0.03545499090725399,0.08049999999999999,0.08664400256574727,0.8630000000000001,0.23899999999999996,0.3315,0.3584463894967177,0.0005
1029,0.0245,0.032,0.41100000000000003,0.016818135248345144,0.031,0.21496266696266697,0.6169999999999999,0.005,0.23450000000000001,0.049,0.0
1030,0.328,0.179,0.6994999999999999,0.07547029702970298,0.188,0.39177383863080684,0.5429384407378766,0.094,0.5474583333333334,0.2472409103997068,0.013500000000000002
1031,0.013500000000000002,0.0034999999999999996,0.49450000000000005,0.029443925233644863,0.0085,0.14071496595810826,0.828,0.0115,0.1648328382838284,0.04765636458878995,0.002
1032,0.378,0.19632457034759532,0.6649999999999999,0.0655,0.1115,0.2953541009463722,0.561255272920533,0.1605,0.5352500000000001,0.17190396039603958,0.018
1033,0.091,0.08839121054990078,0.8780000000000001,0.031,0.12050000000000001,0.42685882940557407,0.061,0.0965,0.27625,0.5397905982905983,0.0055
1034,0.229,0.099,0.6950000000000001,0.03582920092195428,0.0995,0.2999828932755769,0.6412340022585541,0.128,0.4383333333333333,0.2863063241106719,0.055499999999999994
1035,0.24300000000000002,0.22972958734567092,0.738,0.08764931743031254,0.15050000000000002,0.41046568476264805,0.4089244348181616,0.17750000000000002,0.582,0.1816341783192066,0.01999069235793599
1036,0.2915,0.3115,0.6495,0.0611341737575104,0.128,0.25772420544785557,0.6545466691757622,0.271,0.23487450495049506,0.23860895452630623,0.037
1037,0.0505,0.014000000000000002,0.6685,0.016499999999999997,0.0235,0.1375,0.8323882182149397,0.014499999999999999,0.403957962413452,0.088,0.0
1038,0.41050000000000003,0.043000000000000003,0.6,0.019470297029702974,0.1,0.065,0.820566882416397,0.1155,0.523,0.21800000000000003,0.0015
1039,0.013500000000000002,0.0015,0.5665,0.05948469387755102,0.018,0.11850000000000001,0.8390493643796895,0.0055,0.25333333333333335,0.090350040478118,0.0
1040,0.078,0.04431760135188067,0.5429999999999999,0.0155,0.029500000000000005,0.11422360557768925,0.693,0.0635,0.5870833333333334,0.1835,0.0015
1041,0.621,0.1075,0.5865,0.06831313840424669,0.0915,0.17535135033650176,0.7901909160892995,0.2565,0.41566666666666674,0.45548486331516297,0.007000000000000001
1042,0.361,0.29100000000000004,0.7095,0.03995673076923077,0.0785,0.37715474621825373,0.7171628475831148,0.21200000000000002,0.45279853446517393,0.38985353141644286,0.026000000000000002
1043,0.278,0.0235,0.4805,0.044000000000000004,0.07250000000000001,0.09599772035180401,0.9494999999999999,0.17250000000000001,0.5417995245641839,0.21200000000000002,0.004
1044,0.199,0.12044857820191832,0.7345,0.06382920092195428,0.13099999999999998,0.32304828850855744,0.4309268818362072,0.127,0.5859328382838284,0.18543013072435782,0.015000000000000003
1045,0.688,0.067,0.7470000000000001,0.025,0.073,0.16327411477411477,0.960617982873454,0.12649999999999997,0.38525,0.3406070074020927,0.0025
1046,0.33599999999999997,0.188,0.6355000000000001,0.06248469387755101,0.1345,0.2006888141295206,0.6404251457588396,0.1405,0.5285,0.1325,0.020999999999999998
1047,0.021500000000000002,0.02,0.4875,0.027500000000000004,0.057499999999999996,0.14335438042620363,0.7661179828734539,0.015000000000000003,0.40449999999999997,0.08978413784108859,0.0
1048,0.3145,0.0445,0.651,0.1315,0.0915,0.3325383505943119,0.24899981505205276,0.097,0.319,0.1365,0.005
1049,0.009500000000000001,0.0055,0.5924999999999999,0.032499999999999994,0.002,0.14100000000000001,0.8090000000000002,0.0045,0.39275000000000004,0.09244687842278203,0.0
1050,0.35150000000000003,0.13,0.526,0.07092861911119588,0.10200000000000001,0.20737176592678988,0.8554764311638436,0.18600000000000003,0.47724950495049506,0.34237715172308725,0.010499999999999999
1051,0.037,0.072,0.869,0.16849999999999998,0.21350000000000002,0.4052145506965189,0.33361798287345384,0.0345,0.868,0.0785,0.004999999999999999
1052,0.1475,0.028500000000000004,0.438,0.0647714229643844,0.007000000000000001,0.18646266696266697,0.9584999999999999,0.05650000000000001,0.625,0.1378882636499704,0.0005
1053,0.175,0.027999999999999997,0.6074999999999999,0.09242528793695695,0.03150000000000001,0.15285387045813587,0.8456848652898508,0.0205,0.34179166666666666,0.17990316205533596,0.0
1054,0.28200000000000003,0.119,0.508,0.08330307264886286,0.1165,0.21033975713743183,0.8911848652898507,0.189,0.3500073628480122,0.3625376497891819,0.003
1055,0.4455,0.1,0.476,0.0765,0.1055,0.1025,0.882,0.162,0.38525,0.36440396039603956,0.008
1056,0.406,0.2795,0.6325,0.10668317085954948,0.1065,0.7861799191270193,0.7805,0.1735,0.506375,0.33409126029246417,0.016993593955321944
1057,0.306,0.15778066772403349,0.513,0.16744059405940592,0.096,0.1858659586597346,0.9635,0.0715,0.3892495049504951,0.1994039603960396,0.0105
1058,0.17850000000000002,0.12689634650331308,0.7035,0.053914222263347834,0.13,0.7814888662148386,0.48775863949361087,0.0915,0.671249504950495,0.1672918454935622,0.01
1059,0.3845,0.21131688425063816,0.7065,0.10233951020030478,0.11299999999999999,0.5367692338549743,0.5968687218688442,0.1265,0.5319990099009901,0.18409772074197386,0.022500000000000003
1060,0.13999999999999999,0.03288582677165354,0.703,0.133954990907254,0.11399999999999999,0.33731614797240145,0.9335000000000001,0.0615,0.5279162269129288,0.168,0.0105
1061,0.0055,0.0125,0.492,0.04446938775510204,0.0085,0.11227411477411478,0.9535,0.0005,0.2738333333333333,0.09085004047811801,0.003
1062,0.219,0.055423884514435695,0.5485,0.01644392523364486,0.12100000000000002,0.088,0.7264999999999999,0.11299999999999999,0.4278333333333334,0.3364141298534683,0.004
1063,0.034499999999999996,0.030500000000000006,0.5529999999999999,0.0505,0.071,0.14046239081935902,0.874,0.001,0.32999999999999996,0.23049999999999998,0.0015
1064,0.0385,0.031999999999999994,0.6134999999999999,0.027500000000000004,0.016000000000000004,0.14241478060046192,0.8955,0.015500000000000003,0.5373333333333334,0.07950000000000002,0.0
1065,0.133,0.42349999999999993,0.8,0.051970297029702975,0.127,0.3140482885085575,0.5532980477114731,0.11849999999999998,0.5905,0.08549999999999999,0.012
1066,0.08249999999999999,0.07549999999999998,0.5650000000000001,0.04394059405940594,0.05,0.171,0.594,0.056499999999999995,0.5907495049504952,0.08739950483136256,0.0035000000000000005
1067,0.5015,0.2119148597889827,0.6970000000000001,0.08447029702970296,0.10900000000000001,0.48834162739648496,0.771006418246858,0.3415,0.42683333333333334,0.4221945586866379,0.02
1068,0.026500000000000003,0.028500000000000004,0.32849999999999996,0.030984693877551022,0.033499999999999995,0.1535,0.579152067520085,0.028499999999999998,0.35250000000000004,0.04590316205533597,0.0
1069,0.19,0.1865,0.493,0.04784284137454371,0.1415,0.40508710586783747,0.1305,0.17550000000000002,0.4442074666287243,0.2621937603459342,0.006999999999999999
1070,0.006500000000000001,0.0,0.5255,0.0175,0.002,0.1105971619045834,0.9105000000000001,0.0025,0.18883333333333333,0.027000000000000003,0.001
1071,0.1395,0.09534667064537415,0.647,0.0465,0.08549999999999999,0.15723678173678174,0.8710668824163971,0.0865,0.5344249999999999,0.22067797616745882,0.0075000000000000015
1072,0.5385,0.11000000000000001,0.784,0.0165,0.093,0.2906493226633387,0.6313816766752274,0.14950000000000002,0.495,0.2809039603960396,0.013000000000000001
1073,0.3975,0.104228449158175,0.694,0.11009073077441948,0.10750000000000001,0.5984036999296753,0.5358088989627533,0.148,0.48549999999999993,0.24990396039603963,0.011
1074,0.022000000000000002,0.01,0.4765,0.07093968478480502,0.025,0.12935492089394243,0.922,0.014500000000000002,0.29658283828382837,0.13375320253345396,0.0005
1075,0.069,0.053500000000000006,0.6365000000000001,0.012470297029702971,0.02,0.1620485646518654,0.8525,0.022,0.46959999999999996,0.13369376034593425,0.002
1076,0.0345,0.0025,0.3745,0.025500000000000002,0.01,0.12600000000000003,0.8539999999999999,0.016,0.22799999999999998,0.063,0.0
1077,0.3555,0.36449999999999994,0.7,0.04289915966386555,0.082,0.2563089233146759,0.6996909160892993,0.191,0.4345,0.429,0.043000000000000003
1078,0.771,0.053500000000000006,0.5135,0.03470045824201161,0.05600000000000001,0.2031885521885522,0.7426179828734539,0.20550000000000002,0.3467157871591909,0.22065794249594814,0.013000000000000001
1079,0.5635,0.04940410279547253,0.5965,0.02,0.061,0.2280059316279886,0.984,0.12450000000000001,0.44837499999999997,0.26462753947613715,0.0015
1080,0.052500000000000005,0.0325,0.573,0.048499999999999995,0.005,0.13146266696266695,0.97,0.0055,0.308,0.2384031620553359,0.0034999999999999996
1081,0.36499999999999994,0.0685,0.643,0.0215,0.11700000000000002,0.1125,0.9745668824163971,0.0705,0.395875,0.27433774834437086,0.003999999999999999
1082,0.4615,0.1735,0.644,0.07540998181450799,0.118,0.4748403266153523,0.5938757813791502,0.253,0.516374628344896,0.34998855772091153,0.0195
1083,0.3135,0.125,0.7205,0.013470297029702972,0.095,0.1351885521885522,0.9287359657469076,0.0875,0.5855,0.22233774834437084,0.0085
1084,0.005,0.009500000000000001,0.386,0.01,0.022,0.16450000000000004,0.5815,0.0085,0.29900000000000004,0.0505,0.0015
1085,0.17099999999999999,0.03436313969914563,0.516,0.030984693877551022,0.1045,0.07198235383957723,0.9390000000000001,0.11950000000000001,0.4002495049504951,0.294471676300578,0.0035000000000000005
1086,0.2415,0.06846572515817632,0.6699999999999999,0.0928053663835213,0.12050000000000001,0.2799927666043548,0.7777359657469077,0.192,0.5166657318634238,0.1451950075488982,0.005
1087,0.10350000000000001,0.0485,0.687,0.0385,0.05249999999999999,0.0715,0.9440668103448276,0.0665,0.5309999999999999,0.09394638949671771,0.0025
1088,0.4995,0.13779776254666637,0.8145,0.03729207920792079,0.12999999999999998,0.2914873686990004,0.7073319356603726,0.0805,0.4985073628480122,0.12499554443532297,0.006500000000000001
1089,0.1075,0.1285,0.6895,0.05499999999999999,0.12350000000000001,0.2574151088408415,0.392,0.1295,0.6044152921096859,0.17594687842278203,0.0015
1090,0.122,0.0095,0.438,0.027499999999999997,0.0305,0.11654889975550124,0.8835000000000001,0.0034999999999999996,0.275,0.31444638949671777,0.0015
1091,0.34049999999999997,0.059980218281036835,0.6285000000000001,0.03147029702970297,0.057499999999999996,0.21422360557768924,0.7526133666442119,0.20250000000000004,0.6277495049504951,0.1993333407652358,0.0085
1092,0.006999999999999999,0.0095,0.7115,0.110454990907254,0.054000000000000006,0.0865,0.929585370051635,0.0085,0.3435,0.07585004047811801,0.0005
1093,0.225,0.15594216053825466,0.7070000000000001,0.0365,0.0975,0.21851010785698866,0.7999998150520528,0.0615,0.557125,0.16675271360738966,0.006500000000000001
1094,0.38849999999999996,0.2595,0.671,0.06499999999999999,0.045,0.21254892828418642,0.8284285013543611,0.217,0.5522911716171617,0.3788654331461421,0.019499999999999997
1095,0.057999999999999996,0.03,0.5359999999999999,0.0675,0.013500000000000002,0.07932267942598017,0.9506179828734538,0.0705,0.29800000000000004,0.12490316205533598,0.004
1096,0.0015,0.0015,0.6405000000000001,0.044,0.002,0.1662744498777506,0.8414999999999999,0.015500000000000003,0.426,0.07700000000000001,0.0
1097,0.053000000000000005,0.031,0.5115,0.0365,0.006500000000000001,0.11549999999999998,0.9349999999999999,0.011,0.389,0.176,0.003
1098,0.084,0.006,0.489,0.030428619111195876,0.066,0.12287768445476954,0.9389999999999998,0.0445,0.44874950495049504,0.20029184549356227,0.0015
1099,0.4680000000000001,0.021500000000000002,0.491,0.0375,0.0715,0.08033232625787183,0.916546669175762,0.1065,0.24824999999999994,0.27500213000027374,0.007980937729447036
1100,0.30700000000000005,0.15850000000000003,0.7449999999999999,0.09092035398230087,0.09,0.16946266696266699,0.9734999999999999,0.0595,0.571,0.23875747947871712,0.022477881539146777
1101,0.2805,0.17099999999999999,0.659,0.026440594059405943,0.1135,0.08568855218855218,0.8496179828734538,0.1015,0.32,0.40240396039603965,0.021996776326665565
1102,0.258,0.08299999999999999,0.667,0.0245,0.085,0.30437768445476954,0.435827455870044,0.21950000000000003,0.547,0.18,0.018
1103,0.12449999999999999,0.09092822384428224,0.575,0.03791172167648476,0.096,0.15018855218855218,0.7085,0.123,0.5516245049504951,0.09466804862910594,0.0115
1104,0.21200000000000002,0.15,0.6685,0.0345,0.054000000000000006,0.1169208614716308,0.8375,0.11599999999999999,0.4455,0.304,0.0034999999999999996
1105,0.12150000000000001,0.007000000000000001,0.654,0.03948469387755102,0.013000000000000001,0.09587768445476953,0.9745000000000001,0.01,0.251,0.15350000000000003,0.001
1106,0.24300000000000002,0.051500000000000004,0.5944999999999999,0.018500000000000003,0.052500000000000005,0.13418913226621737,0.8885000000000002,0.3105,0.41452380952380946,0.31230068329142074,0.0105
1107,0.11499999999999999,0.0915,0.6585000000000001,0.03935026028376033,0.0915,0.15635387045813587,0.6104999999999999,0.10700000000000001,0.6324161716171617,0.09440396039603961,0.01
1108,0.279,0.05249999999999999,0.6174999999999999,0.04733951020030479,0.07599999999999998,0.09,0.8470000000000001,0.022,0.43287400990099006,0.09165213201186605,0.006500000000000001
1109,0.25250000000000006,0.018500000000000003,0.6345,0.010499999999999999,0.0855,0.0685,0.954,0.095,0.4605,0.1365,0.001
1110,0.017499999999999998,0.0085,0.6265,0.0315,0.0055,0.091,0.9574999999999999,0.003,0.27549999999999997,0.11850000000000001,0.0025
1111,0.0395,0.026999999999999996,0.5125,0.07376821995512506,0.014499999999999999,0.1282741147741148,0.923,0.019,0.23883333333333331,0.09804380082405226,0.002
1112,0.132,0.031,0.4925,0.008439684784805012,0.0195,0.07377383863080685,0.7224999999999999,0.02,0.39933283828382843,0.3159716763005781,0.002
1113,0.0455,0.044,0.47050000000000003,0.024,0.0405,0.09568913226621735,0.836,0.0165,0.33729952456418383,0.2773388704318937,0.0015
1114,0.21400000000000002,0.0975,0.721,0.040956730769230766,0.0975,0.22666670380902607,0.6044283458509895,0.092,0.5181666666666667,0.213875111158864,0.005
1115,0.174,0.07495237182838502,0.545,0.03047029702970297,0.10500000000000001,0.32193318259315873,0.9365,0.045,0.6195,0.172,0.006
1116,0.016,0.017,0.5005,0.03197029702970297,0.013500000000000002,0.168,0.7860000000000001,0.019,0.3035,0.08490316205533598,0.0005
1117,0.13399999999999998,0.133,0.736,0.046,0.0915,0.324462390819359,0.142,0.13399999999999998,0.41550000000000004,0.17744638949671773,0.0034999999999999996
1118,0.25300000000000006,0.041499999999999995,0.6055,0.0985,0.08600000000000001,0.10700000000000001,0.9345000000000001,0.0215,0.422,0.07250000000000001,0.0034999999999999996
1119,0.5814999999999999,0.16576513892214467,0.6935,0.12620363653690822,0.11750000000000001,0.44324663435747913,0.2730631685804377,0.257,0.4779488021221267,0.32670041166043023,0.0085
1120,0.4455,0.127,0.5825,0.041499999999999995,0.0445,0.12362372119572052,0.9105000000000001,0.191,0.3535,0.3675,0.007000000000000001
1121,0.3735,0.05249999999999999,0.7050000000000001,0.04094468162890348,0.064,0.17268913226621735,0.9654999999999999,0.0505,0.3330243111363313,0.3152921608789587,0.006487345879299157
1122,0.0635,0.07438937750759841,0.5730000000000001,0.008,0.12350000000000001,0.11727411477411478,0.649,0.053000000000000005,0.331,0.634,0.001
1123,0.1665,0.196,0.7785,0.03,0.159,0.16436527693710018,0.6058583361393695,0.1285,0.663,0.21000000000000002,0.006496858465608465
1124,0.14650000000000002,0.04990091116173121,0.49849999999999994,0.040999999999999995,0.040499999999999994,0.10350000000000001,0.9244999999999999,0.041499999999999995,0.40599999999999997,0.19204995327930888,0.0
1125,0.3,0.048,0.5375000000000001,0.07392035398230089,0.08449999999999999,0.087,0.9109999999999999,0.098,0.31704122691292874,0.3602409103997068,0.004493593955321945
1126,0.4425,0.11500000000000002,0.6445000000000001,0.07449999999999998,0.10500000000000001,0.32572032690096786,0.6301337648327939,0.21300000000000002,0.47450000000000003,0.20380792079207924,0.031
1127,0.1255,0.2125,0.6925000000000001,0.06634976754565843,0.199,0.5005513259591631,0.37560238876020857,0.4795,0.4845,0.20340316205533596,0.046974697995612456
1128,0.013000000000000001,0.016999999999999998,0.466,0.032413312988746903,0.012,0.1165,0.9120000000000001,0.0365,0.21183333333333332,0.11803954580545332,0.002
1129,0.37299999999999994,0.05477078633822523,0.593,0.09777348650895623,0.1275,0.10900000000000001,0.9620000000000001,0.1,0.49683333333333335,0.17468778882248887,0.001
1130,0.1705,0.17444216053825468,0.6924999999999999,0.09305644180947041,0.1805,0.3989442446425131,0.22168486528985087,0.1095,0.51,0.25349143752373393,0.020999999999999998
1131,0.0625,0.034999999999999996,0.8895000000000002,0.08484359776980233,0.154,0.4204370009114018,0.1395,0.0595,0.7360819587763526,0.08624868380172565,0.007000000000000001
1132,0.372,0.20096194225721783,0.7095,0.04797029702970297,0.083,0.27709767878784775,0.7890730835047906,0.2955,0.52425,0.3554039603960396,0.012
1133,0.33949999999999997,0.08549999999999999,0.577,0.1255,0.0905,0.2221981818582429,0.9765,0.0625,0.384,0.2024039603960396,0.016499999999999997
1134,0.0045,0.007999999999999998,0.5545,0.0465,0.0025,0.12150000000000001,0.9189999999999999,0.0005,0.37383333333333335,0.0415,0.0045
1135,0.14950000000000002,0.0495,0.4755000000000001,0.055499999999999994,0.026500000000000003,0.0751284952003184,0.8781179828734539,0.0595,0.3385,0.1815,0.019000000000000003
1136,0.336,0.03,0.5915,0.0315,0.042499999999999996,0.15499999999999997,0.8574999999999999,0.051500000000000004,0.40329952456418383,0.15090316205533597,0.0035000000000000005
1137,0.6615,0.0935,0.45099999999999996,0.046,0.1655,0.10820734330189877,0.6894937642526042,0.3685,0.3154995602462621,0.37187346752455097,0.0045000000000000005
1138,0.083,0.051500000000000004,0.7474999999999999,0.02745499090725399,0.05550000000000001,0.14650000000000002,0.5625,0.027000000000000003,0.6089990099009902,0.1375,0.008
1139,0.313,0.11740091116173121,0.8255000000000001,0.05034783821864218,0.1565,0.421507953124901,0.7944268818362071,0.151,0.7579999999999999,0.12986164143770884,0.010000000000000002
1140,0.236,0.2164704310056799,0.6900000000000001,0.029000000000000005,0.1355,0.2678164917657313,0.4110618012154788,0.10450000000000001,0.5415,0.27829184549356223,0.1105
1141,0.101,0.027904102795472528,0.6085,0.0615,0.04050000000000001,0.08818913226621736,0.8736179828734538,0.051000000000000004,0.38975000000000004,0.1927905982905983,0.007000000000000001
1142,0.42899999999999994,0.2574899095337509,0.663,0.0655,0.10800000000000001,0.34239765552013235,0.6423026238612639,0.17749999999999996,0.4505,0.38030632411067194,0.011
1143,0.1705,0.013500000000000002,0.55,0.021420353982300886,0.042499999999999996,0.16477411477411477,0.766,0.0185,0.27508333333333335,0.09540316205533597,0.004999999999999999
1144,0.08549999999999999,0.08349999999999999,0.625,0.06220736411345614,0.049,0.11385410094637223,0.6543584482903899,0.043500000000000004,0.45549999999999996,0.4010158102766798,0.026999999999999996
1145,0.356,0.10865152770088315,0.47750000000000004,0.028999999999999998,0.0895,0.31657962544292617,0.9369999999999999,0.033,0.6725,0.19633887043189371,0.0035000000000000005
1146,0.017,0.042,0.806,0.026000000000000002,0.1295,0.19089248251748253,0.15950000000000003,0.024,0.883,0.11079059829059827,0.005
1147,0.251,0.021,0.606,0.059984693877551024,0.038000000000000006,0.12690260997443317,0.9179952676611187,0.0115,0.2381666666666667,0.11440316205533599,0.22249999999999998
1148,0.5885,0.1105,0.709,0.067,0.1075,0.18381817069887413,0.8786179828734537,0.1325,0.6274657514771127,0.161,0.019000000000000003
1149,0.18250000000000002,0.19001759013139943,0.7225,0.14980612277877992,0.1325,0.18904804667863667,0.9365,0.11600000000000002,0.5382995245641838,0.18271283706328428,0.007993593955321945
1150,0.3775,0.649,0.6635,0.056398916140898855,0.0925,0.321935303196649,0.7668834781610778,0.229,0.4095,0.4635016811380135,0.004
1151,0.1635,0.09486285341894907,0.6695,0.11585390704815283,0.205,0.5246532320750827,0.5065598832808447,0.1385,0.5224996827914353,0.12594687842278204,0.0105
1152,0.002,0.0015,0.5245,0.0165,0.002,0.1387744498777506,0.882,0.001,0.3756666666666667,0.04580632411067194,0.0
1153,0.1275,0.20298021828103682,0.828,0.0225,0.08700000000000001,0.31354822954822953,0.2995,0.2575,0.5475,0.15999999999999998,0.0045
1154,0.37350000000000005,0.16299999999999998,0.7455,0.02347029702970297,0.06599999999999999,0.12068913226621733,0.7815668824163969,0.134,0.52,0.29300000000000004,0.0075000000000000015
1155,0.35,0.20242926829268293,0.5905,0.045,0.10300000000000001,0.5460661804475935,0.6914719998825489,0.219,0.4472495049504951,0.32249999999999995,0.03349677632666557
1156,0.1695,0.0345,0.5599999999999999,0.04955930889030563,0.066,0.10149999999999999,0.8583757813791502,0.06999999999999999,0.3770833333333334,0.2257969189009,0.008
1157,0.24200000000000005,0.18748663594470044,0.743,0.09197029702970297,0.16399999999999998,0.546842829640837,0.4461645398981956,0.2125,0.583,0.22419636141532723,0.0045
1158,0.3005,0.1499238845144357,0.5824999999999999,0.119,0.061,0.21150000000000002,0.7527358535958873,0.056999999999999995,0.799,0.042499999999999996,0.0034999999999999996
1159,0.33949999999999997,0.049,0.5334999999999999,0.04144392523364486,0.039,0.22123803202171857,0.6485000000000001,0.18150000000000002,0.3305,0.23580632411067196,0.0
1160,0.086,0.027500000000000004,0.65,0.0335,0.025500000000000002,0.07454242264668806,0.962,0.0095,0.47333333333333333,0.055350040478118014,0.004999999999999999
1161,0.1565,0.047,0.726,0.023000000000000003,0.041,0.11804822954822955,0.9094999999999999,0.06999999999999999,0.419832892998679,0.11750000000000001,0.004
1162,0.2425,0.09647396768402154,0.5905,0.05600000000000001,0.0485,0.0895,0.877,0.122,0.5005,0.305,0.015500000000000003
1163,0.6140000000000001,0.0375,0.6224999999999999,0.014000000000000002,0.06100000000000001,0.03918855218855219,0.9355,0.2375,0.5175000000000001,0.1965,0.002993593955321945
1164,0.18650000000000003,0.0595,0.717,0.016687918488512747,0.043,0.077,0.6769999999999999,0.1095,0.5010328582739509,0.301946878422782,0.0005
1165,0.1925,0.051000000000000004,0.608,0.021,0.034,0.10449546286254785,0.8975,0.057999999999999996,0.4665,0.1805,0.0075000000000000015
1166,0.15499999999999997,0.05550000000000001,0.603,0.06838027884421095,0.0445,0.17,0.7876645994148073,0.0955,0.6077153468245365,0.10765280232565458,0.002
1167,0.46399999999999997,0.148,0.607,0.06164059513459651,0.12250000000000001,0.20785387045813586,0.7236285723641744,0.258,0.3339166666666667,0.3024039603960397,0.021500000000000002
1168,0.34099999999999997,0.26287724106569266,0.6415,0.1888138947995053,0.2205,0.5406633986004884,0.4556746004429897,0.24899999999999997,0.4977495049504951,0.32586504076021194,0.0425
1169,0.5965,0.043,0.5935,0.028500000000000004,0.155,0.1295,0.9355,0.086,0.5712083333333333,0.12980712245137557,0.040493756161682555
1170,0.011,0.012,0.49749999999999994,0.052000000000000005,0.0175,0.1245485646518654,0.9595,0.01,0.3080833333333333,0.14640316205533596,0.0015
1171,0.386,0.0475,0.685,0.06276022878610779,0.068,0.23969389300878782,0.9045,0.0995,0.5375,0.1843495515520537,0.003
1172,0.223,0.0195,0.742,0.08449999999999999,0.20400000000000001,0.1275,0.9131907692307693,0.0615,0.512,0.176,0.002
1173,0.45599999999999996,0.126,0.6619999999999999,0.0414133129887469,0.1045,0.12177411477411478,0.9219051174661519,0.16699999999999998,0.4936647958983481,0.30571063212197674,0.0125
1174,0.3555,0.16944216053825467,0.655,0.05449999999999999,0.10900000000000001,0.18350000000000002,0.7527017794574958,0.1305,0.506,0.1299039603960396,0.017499999999999998
1175,0.006,0.038500000000000006,0.386,0.019492227979274614,0.005,0.22942593096993816,0.616,0.008,0.3705,0.0315,0.0
1176,0.0075,0.021500000000000002,0.578,0.0305,0.014499999999999999,0.2022744498777506,0.9375,0.0055,0.4327995245641838,0.11944687842278204,0.0005
1177,0.3275,0.0995,0.5965,0.08235481632275377,0.082,0.24216826869229102,0.8904944769895795,0.17450000000000002,0.5280828929986789,0.17706856492512676,0.0175
1178,0.025500000000000002,0.0195,0.5045,0.0245,0.0445,0.1402741147741148,0.7931179828734538,0.027000000000000003,0.3362495049504951,0.24509095087782481,0.009
1179,0.019,0.004,0.5674999999999999,0.039,0.016499999999999997,0.096,0.9865,0.0035000000000000005,0.3975000000000001,0.0985,0.003
1180,0.11499999999999999,0.0405,0.5894999999999999,0.12347029702970296,0.10049999999999999,0.1469143941231112,0.9564999999999999,0.039999999999999994,0.6015,0.11398640418020012,0.006500000000000001
1181,0.248,0.07146133682830931,0.7150000000000001,0.046,0.101,0.20285387045813588,0.8703757813791503,0.08149999999999999,0.525,0.1795,0.0025
1182,0.0615,0.0,0.6505,0.025,0.004,0.1275,0.9490000000000001,0.0245,0.24850000000000003,0.074,0.001
1183,0.10500000000000001,0.12780501395720373,0.6685,0.03289402024314581,0.14,0.32254795340492154,0.45273456691594394,0.08549999999999999,0.7144999999999999,0.12444638949671771,0.0055
1184,0.33499999999999996,0.0805,0.7300000000000001,0.21438027884421093,0.1385,0.3270849038305822,0.48603997994270803,0.08249999999999999,0.35,0.1554039603960396,0.009
1185,0.036,0.015500000000000003,0.5875,0.047,0.020499999999999997,0.13099999999999998,0.9226179828734538,0.13599999999999998,0.34299999999999997,0.15240316205533597,0.002993593955321945
1186,0.027000000000000003,0.031,0.374,0.02198469387755102,0.0235,0.15,0.5970000000000001,0.013500000000000002,0.3575,0.044903162055335975,0.0
1187,0.16199999999999998,0.10192205147213333,0.762,0.041999999999999996,0.13000000000000003,0.35989710367072547,0.2986847531388304,0.22149999999999997,0.4665,0.15731244390729351,0.0045
1188,0.016999999999999998,0.0235,0.4095,0.0085,0.022000000000000002,0.1265,0.7020000000000001,0.0155,0.43549999999999994,0.0335,0.0005
1189,0.0455,0.08090091116173122,0.6235,0.006470297029702971,0.066,0.20700000000000002,0.548566882416397,0.028499999999999998,0.48,0.03194687842278204,0.0015
1190,0.5680000000000001,0.10593714789009297,0.6599999999999999,0.04745499090725398,0.1315,0.1851148683379037,0.8263942636192482,0.41150000000000003,0.5125,0.36750000000000005,0.0015
1191,0.0925,0.05333485791091774,0.6975,0.049,0.10700000000000001,0.22654822954822956,0.3788087868117329,0.1995,0.5554995049504949,0.1396985997814843,0.0035000000000000005
1192,0.32749999999999996,0.096,0.6855,0.030898916140898854,0.10600000000000001,0.2658868983620743,0.7675,0.1275,0.514499504950495,0.29120410132994384,0.006
1193,0.3325,0.07642822384428223,0.45199999999999996,0.07876599590155874,0.0865,0.26998289192385355,0.6831179828734538,0.1605,0.36311485177503156,0.23376469564158625,0.004
1194,0.026000000000000002,0.007000000000000001,0.4715,0.060484693877551024,0.032,0.10077411477411477,0.908066882416397,0.0,0.20033333333333334,0.14854459916475587,0.0105
1195,0.2605,0.286,0.752,0.07598469387755102,0.14700000000000002,0.5077626313995245,0.34456681034482756,0.211,0.34998333333333337,0.4322562814070352,0.03099363372606819
1196,0.0365,0.05600000000000001,0.6525000000000001,0.053000000000000005,0.014000000000000002,0.138,0.8206179828734538,0.015500000000000003,0.5665000000000001,0.1158388704318937,0.0
1197,0.05449999999999999,0.12347396768402152,0.9514999999999999,0.006500000000000001,0.08,0.21401913969066957,0.6014999999999999,0.41,0.6184999999999999,0.1265,0.0025
1198,0.14550000000000002,0.0944613368283093,0.6645,0.029868404842346312,0.062,0.089,0.7298009999349166,0.07949999999999999,0.4464162263320123,0.12879691890090003,0.0034999999999999996
1199,0.48999999999999994,0.05,0.4465,0.0215,0.0485,0.058499999999999996,0.768,0.1435,0.4915,0.19479059829059828,0.0055
1200,0.032,0.033,0.536,0.09844392523364486,0.017,0.12635387045813587,0.9068764843528824,0.0485,0.41475,0.20630632411067196,0.0015
1201,0.135,0.11600000000000002,0.7135,0.024999999999999998,0.041,0.18156649858429014,0.9168088989627533,0.061,0.556375,0.14740316205533596,0.0155
1202,0.34450000000000003,0.10383142703075107,0.5579999999999999,0.047,0.088,0.2599129555057685,0.6943459767955982,0.11950000000000001,0.5290000000000001,0.23647194910352803,0.015
1203,0.0435,0.079,0.6519999999999999,0.019454990907253993,0.033,0.09485387045813586,0.8536179828734539,0.022,0.42299999999999993,0.14150000000000001,0.003
1204,0.01,0.021,0.5265,0.031970297029702964,0.027000000000000003,0.209,0.9365,0.008499999999999999,0.3165,0.049499999999999995,0.0015
1205,0.013500000000000002,0.032,0.49850000000000005,0.025,0.0385,0.15699999999999997,0.5471179828734538,0.027000000000000003,0.3994999999999999,0.055999999999999994,0.0005
1206,0.389,0.1899421605382547,0.623,0.07231395768894769,0.11749999999999998,0.19749999999999998,0.7390556159268369,0.1345,0.49524999999999997,0.14821188118811882,0.0195
1207,0.271,0.3354613368283093,0.7125000000000001,0.04589915966386555,0.122,0.30317191716498365,0.5528583361393695,0.20750000000000002,0.46525000000000005,0.30058369098712445,0.03
1208,0.317,0.048,0.491,0.052970297029702976,0.0375,0.11964428020565554,0.8851848652898509,0.1865,0.21216666666666667,0.5104959103997068,0.00199375616168255
1209,0.0625,0.035500000000000004,0.5265000000000001,0.07698967265347326,0.0625,0.18839225393127548,0.7906179828734538,0.0685,0.3294569581954362,0.17965338800186553,0.003
1210,0.2935,0.10586313969914563,0.5389999999999999,0.07798469387755101,0.0815,0.1875,0.647,0.20049999999999998,0.45749911991160774,0.19975271360738966,0.003
1211,0.025500000000000002,0.06696194225721785,0.9145,0.045,0.11199999999999999,0.2359629708970242,0.051500000000000004,0.019,0.9460000000000001,0.0315,0.0015
1212,0.21800000000000003,0.164,0.6874999999999999,0.0455,0.1365,0.5040479534049216,0.4039596179138133,0.119,0.329,0.21640316205533594,0.022500000000000003
1213,0.315,0.144,0.67,0.033428619111195886,0.0865,0.33328001771397087,0.7390000000000001,0.1095,0.37725000000000003,0.33280712245137556,0.07050000000000001
1214,0.519,0.026500000000000003,0.40800000000000003,0.016920353982300886,0.06949999999999999,0.13036567357577591,0.8430668824163969,0.166,0.24850000000000003,0.294,0.014000000000000002
1215,0.11750000000000001,0.0475,0.6565,0.02448969072164948,0.1325,0.17529378408740404,0.858,0.10500000000000001,0.5974999999999999,0.11522219208467446,0.0055000000000000005
1216,0.17850000000000002,0.09998021828103684,0.608,0.04647029702970297,0.092,0.15051147658856168,0.7696909160892995,0.0645,0.514874628344896,0.1886002957384972,0.0225
1217,0.3085,0.008,0.46699999999999997,0.038869213170601824,0.069,0.2677744498777506,0.8140000000000001,0.014500000000000002,0.18125,0.1375917492185285,0.049999999999999996
1218,0.2805,0.0675,0.7655000000000001,0.024940594059405942,0.12249999999999998,0.223,0.36456688241639695,0.34299999999999997,0.5587990295146789,0.13073712737127371,0.0035000000000000005
1219,0.011,0.0045,0.561,0.0445,0.006500000000000001,0.08727411477411477,0.945,0.015000000000000003,0.2553333333333333,0.09535004047811801,0.0055000000000000005
1220,0.001,0.002,0.5165,0.0315,0.0155,0.1435,0.9040000000000001,0.0025,0.3238333333333333,0.0635,0.0
1221,0.43600000000000005,0.312,0.28450000000000003,0.027000000000000003,0.08099999999999999,0.2198318149457406,0.404684681067261,0.2285,0.38121575147711256,0.367,0.03699375616168255
1222,0.33049999999999996,0.12246194225721788,0.718,0.09306305791200395,0.183,0.14789029734672887,0.817,0.057999999999999996,0.5937995245641838,0.15270008095623602,0.011
1223,0.0755,0.06439954597048808,0.6519999999999999,0.05600000000000001,0.09949999999999999,0.1675,0.3476179828734539,0.08,0.751,0.10625353323764822,0.001
1224,0.0055,0.007000000000000001,0.6014999999999999,0.0385,0.002,0.13477411477411477,0.9209999999999999,0.0015,0.37583333333333335,0.053500000000000006,0.002
1225,0.10300000000000001,0.0605,0.465,0.06488385354141657,0.4725,0.089,0.9145,0.0755,0.520164741764414,0.1663583648750214,0.004487349983782031
1226,0.18450000000000003,0.06744797277300976,0.512,0.13265540257329872,0.07949999999999999,0.2748771043771044,0.6001178707224334,0.31300000000000006,0.4564041401485852,0.2689280244243749,0.015487550823544454
1227,0.0965,0.1025,0.6645000000000001,0.05848469387755102,0.07999999999999999,0.08691811733986204,0.754134771410167,0.05550000000000001,0.4153746283448959,0.15474283082793328,0.0015
1228,0.119,0.0385,0.55,0.015000000000000003,0.039,0.16291984838368137,0.795,0.101,0.21349999999999997,0.1782128595032349,0.004
1229,0.061,0.0395,0.506,0.0165,0.0375,0.07418913226621734,0.8564999999999999,0.017,0.27225,0.23180632411067195,0.002
1230,0.066,0.015500000000000003,0.5555,0.03445499090725399,0.052000000000000005,0.12877411477411477,0.739,0.006500000000000001,0.2576666666666666,0.168753202533454,0.006
1231,0.3075,0.08439954597048807,0.5885,0.068,0.1135,0.09670001457477435,0.8031194493031257,0.1855,0.586,0.159,0.022
1232,0.16149999999999998,0.054374274613795445,0.7844999999999999,0.06139891614089885,0.06150000000000001,0.21343493851893197,0.8266646520492159,0.1345,0.5669000000000001,0.133,0.003
1233,0.015999999999999997,0.024499999999999997,0.567,0.020970297029702968,0.008,0.13341478060046189,0.8539999999999999,0.016,0.5035,0.05800000000000001,0.0
1234,0.0465,0.05896194225721785,0.7270000000000001,0.036500000000000005,0.07,0.18518913226621733,0.864102720566686,0.0385,0.50025,0.1692905982905983,0.002
1235,0.3215,0.22649999999999998,0.7494999999999999,0.06338785046728972,0.0905,0.46505768651393814,0.36218486528985083,0.1545,0.48687499999999995,0.30336765202417376,0.01698766634209672
1236,0.3715,0.15397989093387865,0.617,0.06823259458010165,0.0935,0.14012855082412287,0.7990668824163969,0.134,0.36155,0.34431297542516787,0.009999999999999998
1237,0.4205,0.14237038438253694,0.7065,0.03847029702970297,0.1545,0.7671913524914048,0.571545146450845,0.097,0.37,0.3155,0.026487666342096716
1238,0.16,0.04,0.576,0.03737534488955487,0.0495,0.072,0.8592576516471663,0.05700000000000001,0.5125,0.19340331513008474,0.002
1239,0.4465,0.0895,0.6014999999999999,0.063,0.0475,0.0655,0.8560000000000001,0.1925,0.5105000000000001,0.19050000000000003,0.0025
1240,0.081,0.0435,0.6835,0.042499999999999996,0.019499999999999997,0.1255,0.8995,0.0155,0.31,0.13340316205533598,0.002
1241,0.051500000000000004,0.0435,0.5960000000000001,0.0645,0.051500000000000004,0.08759207734428635,0.9259999999999999,0.038,0.5095,0.1545,0.010499999999999999
1242,0.015,0.02,0.648,0.025500000000000002,0.0305,0.1395,0.916,0.013999999999999999,0.4923333333333334,0.02440316205533597,0.001
1243,0.215,0.034499999999999996,0.31399999999999995,0.081,0.019500000000000003,0.21777383863080685,0.42600000000000005,0.0485,0.19299999999999998,0.0885,0.0015
1244,0.17650000000000002,0.1134367637952673,0.7044999999999999,0.03394059405940594,0.09749999999999999,0.18745768153312675,0.5535290874970678,0.123,0.3795,0.267,0.008
1245,0.0325,0.0035000000000000005,0.5965,0.0245,0.0055,0.144,0.9399999999999998,0.011,0.24300000000000002,0.0675,0.001
1246,0.025,0.003,0.43099999999999994,0.0105,0.028500000000000004,0.15168913226621739,0.6475,0.0155,0.388,0.043,0.003
1247,0.2205,0.134,0.6865,0.11750000000000001,0.10600000000000001,0.17068888096008178,0.7118888134057546,0.15300000000000002,0.6785,0.155,0.004
1248,0.038,0.011500000000000002,0.6305000000000001,0.08687534488955488,0.048,0.1278922539312755,0.8734999999999999,0.016,0.36350000000000005,0.12344687842278201,0.004
1249,0.4305,0.26248021828103685,0.5875,0.063939425393773,0.077,0.5785537997670906,0.8085896793785758,0.2355,0.5140408552578247,0.33224682654055043,0.0165
1250,0.441,0.1105,0.4789999999999999,0.041484693877551014,0.11750000000000001,0.1075,0.8092251802887374,0.1255,0.48500000000000004,0.278,0.002
1251,0.1454676184295912,0.0395,0.39449999999999996,0.05588027884421095,0.1015,0.15833995338659348,0.6456179828734538,0.1275,0.38125000000000003,0.14780632411067193,0.003999999999999999
1252,0.118,0.032,0.533,0.0295,0.051000000000000004,0.12568855218855218,0.8835000000000001,0.057499999999999996,0.43200000000000005,0.2125,0.008000000000000002
1253,0.015,0.009000000000000001,0.5355000000000001,0.011,0.0155,0.14485387045813586,0.8401179828734537,0.009,0.3555,0.22094687842278202,0.0
1254,0.056499999999999995,0.012,0.882,0.019888606862548334,0.0865,0.22497418830921706,0.20156688241639698,0.061,0.8480000000000001,0.06177040784123174,0.003999999999999999
1255,0.099,0.025373513654509627,0.645,0.040970297029702965,0.025,0.19999999999999998,0.7035000000000001,0.144,0.6282161912308506,0.1208388704318937,0.0069937561616825504
1256,0.05600000000000001,0.0625,0.7995000000000001,0.0045,0.097,0.3439182239470703,0.11366465204921598,0.062,0.27799999999999997,0.10300000000000001,0.001
1257,0.06350000000000001,0.06696133682830929,0.7745,0.0045,0.095,0.39891822394707027,0.125,0.0735,0.25949999999999995,0.11699999999999999,0.0005
1258,0.0795,0.05894216053825467,0.48599999999999993,0.03841089108910891,0.07749999999999999,0.1877741147741148,0.061,0.06000000000000001,0.70225,0.07267321945376146,0.0
1259,0.0305,0.0325,0.6289999999999999,0.038792898327141626,0.073,0.07377411477411477,0.8724999999999999,0.012,0.45175,0.12219455868663791,0.006
1260,0.11499999999999999,0.076,0.5595,0.04442505001795516,0.10700000000000001,0.16185438042620365,0.6205668824163969,0.12050000000000001,0.47891573186342384,0.16449549601009625,0.00499359185014788
1261,0.031,0.0005,0.6575000000000001,0.0315,0.002,0.13449999999999998,0.945,0.01,0.25949999999999995,0.08449999999999999,0.001
1262,0.4739999999999999,0.063,0.6935,0.0345,0.10250000000000001,0.2203489331978797,0.9811179828734538,0.09949999999999999,0.4659999999999999,0.3186885871631925,0.021
1263,0.0505,0.07400000000000001,0.5585,0.05224483964002643,0.0505,0.1095,0.616,0.059,0.6040828929986789,0.07335570934390452,0.003
1264,0.35150000000000003,0.08189954597048807,0.7005,0.04494059405940594,0.14100000000000001,0.271622911903863,0.8807359657469078,0.1395,0.5831666666666667,0.2163079207920792,0.025500000000000002
1265,0.16899999999999998,0.09349999999999999,0.6175,0.0385,0.0355,0.12312963271266149,0.8099999999999999,0.026500000000000003,0.42062499999999997,0.2612094861660079,0.0075
1266,0.4600000000000001,0.229,0.6725,0.06947029702970298,0.11699999999999999,0.31379837890884976,0.6355031735773805,0.20949999999999996,0.5326662269129288,0.3091267918050948,0.01
1267,0.5675,0.027000000000000003,0.3085,0.024,0.051000000000000004,0.11550000000000002,0.6809999999999999,0.045,0.24050000000000002,0.33899999999999997,0.0
1268,0.1715,0.04046194225721785,0.49799999999999994,0.0834875894537023,0.033,0.12196668199172742,0.8789999999999999,0.10800000000000001,0.6379516659528178,0.22916507811707879,0.0025
1269,0.028500000000000004,0.019,0.5674999999999999,0.03083975372327149,0.006,0.077,0.9746179828734537,0.014500000000000002,0.36383333333333334,0.12774091039970684,0.0025
1270,0.6395,0.0995,0.5335,0.07580203520928239,0.095,0.15493471847914847,0.819,0.31599999999999995,0.38408333333333333,0.3153018340421253,0.009
1271,0.0035000000000000005,0.0025,0.5654999999999999,0.033,0.0015,0.15099999999999997,0.9705,0.0025,0.33649999999999997,0.045,0.0
1272,0.30100000000000005,0.052461942257217856,0.6635,0.052000000000000005,0.045,0.14982051716674086,0.9178584482903899,0.051000000000000004,0.4125,0.30790396039603957,0.005
1273,0.24500000000000002,0.18833172121084624,0.748,0.05936094804170683,0.1645,0.32165119861677344,0.4310420815657051,0.10500000000000001,0.5573750000000001,0.21205943008302336,0.026500000000000003
1274,0.0215,0.03949999999999999,0.6575,0.027869456693568516,0.012,0.174,0.8740466165413533,0.025500000000000002,0.557,0.0925,0.001
1275,0.3255,0.1065,0.728,0.04198469387755102,0.11099999999999999,0.013392065344224038,0.8905,0.1355,0.5592499999999999,0.15550000000000003,0.001
1276,0.17550000000000002,0.11699999999999999,0.764,0.042686439144346035,0.0865,0.4552938794463988,0.41327916717612795,0.082,0.613488545470991,0.28378991555608807,0.002
1277,0.056499999999999995,0.06999999999999999,0.63,0.019,0.1065,0.12149772035180402,0.6565466691757621,0.0375,0.44749999999999995,0.5315000000000001,0.003
1278,0.48649999999999993,0.1624159042373834,0.49800000000000005,0.023920353982300885,0.07949999999999999,0.2662942459949977,0.7696909160892995,0.22200000000000003,0.3365,0.42133887043189366,0.026500000000000003
1279,0.26799999999999996,0.2509282238442822,0.6885000000000001,0.044,0.10900000000000001,0.21914377406931962,0.6695181914195896,0.21949999999999997,0.5935,0.278,0.01048714554244724
1280,0.421,0.4,0.6725000000000001,0.11882511335245674,0.096,0.4256000725285782,0.5907189445413416,0.28600000000000003,0.38049999999999995,0.5515000000000001,0.015993593955321943
1281,0.2585,0.066,0.6990000000000001,0.11597029702970296,0.13599999999999998,0.24726255165854144,0.8773073478333331,0.118,0.44829902951467887,0.16534063526834614,0.011
1282,0.003,0.013999999999999999,0.519,0.023,0.006500000000000001,0.17823650559347382,0.8574999999999999,0.0,0.329,0.022,0.0
1283,0.11200000000000002,0.020473967684021547,0.562,0.06771031035354107,0.043000000000000003,0.0725,0.96,0.019,0.4318328935795955,0.06083774834437087,0.003
1284,0.008,0.041999999999999996,0.47750000000000004,0.029454990907253988,0.0235,0.1404021000063654,0.6626179828734539,0.011999999999999999,0.4305,0.07024091039970683,0.0
1285,0.6279999999999999,0.096,0.5559999999999999,0.009499999999999998,0.042,0.12806962622309892,0.7155,0.11399999999999999,0.416082892998679,0.39049999999999996,0.003
1286,0.174,0.08044500632111251,0.5905,0.07356351259320285,0.0925,0.1462741147741148,0.5910944140372976,0.13899999999999998,0.4373333333333333,0.31913585945722006,0.0025
1287,0.1305,0.046,0.914,0.056864972721761976,0.1015,0.3639449694271867,0.426971410092807,0.07250000000000001,0.8504999999999999,0.058850040478118,0.006
1288,0.37150000000000005,0.1115,0.5359999999999999,0.08187534488955486,0.123,0.18874857922663976,0.8044391283289091,0.11400000000000002,0.5385,0.304,0.026500000000000003
1289,0.35150000000000003,0.10642926829268293,0.6719999999999999,0.059443925233644855,0.0865,0.1284176127001265,0.9065668824163969,0.17250000000000001,0.5625,0.276,0.009995302455909016
1290,0.06799999999999999,0.019,0.5695000000000001,0.04148469387755102,0.07150000000000001,0.1055,0.9169999999999998,0.048999999999999995,0.3413333333333333,0.1388508388188216,0.0095
1291,0.3785,0.091,0.5695,0.06547029702970297,0.1335,0.028877946395737965,0.702307347833333,0.14300000000000002,0.48425,0.29794687842278206,0.017493593955321945
1292,0.3255,0.09385749213696516,0.6144999999999999,0.07494392523364486,0.0925,0.34402103334160544,0.8324999999999999,0.22599999999999998,0.5363157318634239,0.18583774834437086,0.009
1293,0.3635,0.044000000000000004,0.626,0.02748469387755102,0.036,0.0745,0.8345,0.02,0.337375,0.30940396039603957,0.0
1294,0.13,0.074,0.7354999999999999,0.0405,0.064,0.18118913226621736,0.8614999999999998,0.079,0.543,0.11700000000000002,0.009981724911830716
1295,0.33249999999999996,0.036,0.8629999999999999,0.0155,0.066,0.11665239627348858,0.994,0.028000000000000004,0.154,0.0715,0.001
1296,0.4109999999999999,0.21150000000000002,0.5640000000000001,0.023,0.147,0.3193570721570818,0.4962357414448668,0.1275,0.42400000000000004,0.4627918454935623,0.038
1297,0.05,0.029999999999999992,0.624,0.02244059405940594,0.0325,0.12104889975550122,0.869,0.121,0.4418333333333333,0.09530632411067194,0.0015
1298,0.6735,0.011000000000000001,0.44750000000000006,0.029984693877551018,0.006,0.1431885521885522,0.8945000000000001,0.10200000000000001,0.2975,0.19790316205533598,0.0015
1299,0.437,0.17933875486640266,0.679,0.06486921317060182,0.081,0.06066590397503089,0.8868088989627534,0.1755,0.623249504950495,0.18513061777677844,0.006487550823544455
1300,0.121,0.20390349736656402,0.6525000000000001,0.13706603595089578,0.236,0.6084253353168914,0.553289252321304,0.1135,0.2625,0.04283887043189369,0.029461514959514313
1301,0.5549999999999999,0.076,0.5565,0.05198469387755102,0.061,0.07818855218855218,0.9630000000000001,0.3195,0.2345,0.3845,0.001
1302,0.284,0.0745,0.7070000000000001,0.05600000000000001,0.089,0.15911662337662336,0.737240465416936,0.0895,0.5723819230942743,0.179350040478118,0.003
1303,0.20949999999999996,0.08890091116173121,0.672,0.10082353832622157,0.0975,0.2041558468587974,0.7898539486203615,0.10600000000000001,0.521,0.22560266502898402,0.007000000000000001
1304,0.10200000000000001,0.029000000000000005,0.8105,0.273,0.213,0.3829872888083778,0.27626369380177346,0.078,0.7929999999999999,0.10800000000000001,0.0075
1305,0.6635,0.1,0.7405,0.05376986917347746,0.1085,0.44739703356112803,0.1713757813791503,0.146,0.47776573186342375,0.35475479921486125,0.020999999999999998
1306,0.0395,0.008973967684021544,0.5584999999999999,0.022000000000000002,0.0225,0.0745,0.9655000000000001,0.0125,0.376,0.079,0.0005
1307,0.060999999999999985,0.023,0.5085,0.009813381927213377,0.027000000000000003,0.33272899460224586,0.7351179828734538,0.038000000000000006,0.3537578382838284,0.32578704222885446,0.0025
1308,0.46099999999999997,0.19549999999999998,0.582,0.03949999999999999,0.091,0.25034537062872364,0.8456179828734538,0.185,0.4633333333333334,0.34249999999999997,0.0485
1309,0.0035000000000000005,0.0015,0.5045,0.044,0.0025,0.147,0.967117982873454,0.0025,0.29933333333333334,0.04240316205533597,0.0
1310,0.10250000000000001,0.16499999999999998,0.796,0.051970297029702975,0.09749999999999999,0.2015,0.4236582978723405,0.24699999999999997,0.501,0.2544978308279333,0.009500000000000001
1311,0.03150000000000001,0.011,0.46349999999999997,0.07098469387755102,0.004,0.14090243511000128,0.9335000000000001,0.025,0.4100833333333333,0.0935187224336889,0.0005
1312,0.2535,0.046,0.5025000000000001,0.059984693877551024,0.007000000000000001,0.126,0.7356900679336112,0.031,0.37712450495049504,0.2747622745911763,0.0
1313,0.22149999999999997,0.086,0.6345000000000001,0.06310605784502842,0.084,0.241005812507273,0.7898882182149398,0.0735,0.54125,0.2002110828474152,0.014993593955321946
1314,0.13996761842959118,0.041,0.418,0.04588027884421095,0.09799999999999999,0.19292083286033815,0.5196179828734537,0.1295,0.35700000000000004,0.14130632411067193,0.004
1315,0.084,0.0635,0.682,0.0385,0.018,0.09312915101536301,0.9395,0.016,0.4335,0.1635,0.0095
1316,0.134,0.0817849048910824,0.9025000000000001,0.10487254434484075,0.1,0.19385794475753587,0.947566882416397,0.06,0.4590819034805855,0.05500000000000001,0.004
1317,0.009999999999999998,0.0195,0.5199999999999999,0.03998469387755102,0.008,0.11850000000000001,0.983,0.0,0.27558333333333335,0.07840316205533597,0.001
1318,0.0235,0.017461942257217845,0.5965,0.015,0.019999999999999997,0.05223769691808274,0.910066882416397,0.006500000000000001,0.378,0.1443388704318937,0.01
1319,0.088,0.0187849048910824,0.45549999999999996,0.03174184815906694,0.0225,0.0772744498777506,0.9395,0.039,0.39049999999999996,0.08179059829059829,0.003
1320,0.231,0.23190844212531908,0.7494999999999999,0.085,0.1815,0.47327383863080685,0.47621111617192347,0.0915,0.597332892998679,0.18690316205533597,0.0245
1321,0.414,0.22033666596960133,0.6890000000000001,0.11580487327535169,0.11850000000000001,0.5265,0.6162919221250636,0.1335,0.5074578382838283,0.1891945586866379,0.012499999999999999
1322,0.7725,0.042,0.5765,0.01597029702970297,0.078,0.074,0.8915000000000001,0.3135,0.42000000000000004,0.2725000000000001,0.002
1323,0.3885,0.06,0.513,0.037,0.1315,0.3122087913520783,0.5451178707224335,0.055999999999999994,0.5635,0.1955,0.0105
1324,0.46950000000000003,0.08399999999999999,0.849,0.023399159663865545,0.12250000000000001,0.3569711138517329,0.8205,0.11750000000000001,0.6306666666666667,0.24230632411067193,0.0055
1325,0.15,0.026000000000000002,0.638,0.0695,0.05500000000000001,0.19661402360144897,0.915,0.036000000000000004,0.49049906519675723,0.10621004789479613,0.005980943939103976
1326,0.36750000000000005,0.05650000000000001,0.6504999999999999,0.05286427921594574,0.021,0.2576705139137695,0.9400000000000001,0.09749999999999999,0.34550000000000003,0.243946878422782,0.0025
1327,0.005,0.007000000000000001,0.46299999999999997,0.00897029702970297,0.017499999999999998,0.11950000000000001,0.7230000000000001,0.0025,0.3325,0.0705,0.0
1328,0.0605,0.0445,0.5215,0.01847029702970297,0.022000000000000002,0.10977411477411476,0.8524999999999998,0.040499999999999994,0.3997995245641838,0.1678018053789436,0.002
1329,0.095,0.0165,0.568,0.0505,0.0115,0.12349999999999998,0.968,0.0025,0.5185,0.03690316205533597,0.0
1330,0.07,0.0595,0.714,0.01192437866235603,0.05600000000000001,0.16699999999999998,0.7459999999999999,0.09,0.5245,0.14625431028879693,0.002
1331,0.49749999999999994,0.09346194225721785,0.5454999999999999,0.0095,0.1605,0.19065121915121916,0.9395,0.064,0.7655000000000001,0.151,0.006
1332,0.025500000000000002,0.029000000000000005,0.61,0.021500000000000002,0.021500000000000002,0.098,0.9105000000000001,0.033,0.2085,0.2645,0.002
1333,0.10699999999999998,0.036000000000000004,0.7505,0.05497029702970298,0.076,0.285,0.6575664698935086,0.0445,0.7322500000000001,0.08220948616600791,0.006
1334,0.253,0.279,0.833,0.08392528793695696,0.11950000000000001,0.3593173479867044,0.427092113352845,0.1625,0.5275828935795953,0.17740396039603962,0.027000000000000003
1335,0.155,0.1255,0.773,0.06,0.1045,0.3454977306729007,0.5610955602635948,0.132,0.5745,0.2094039603960396,0.016993591850147878
1336,0.355,0.09948021828103684,0.5975,0.02793968478480501,0.1075,0.16159596577017116,0.7985,0.128,0.4109999999999999,0.3624941129331608,0.0125
1337,0.020499999999999997,0.0195,0.475,0.049,0.03549999999999999,0.12469385808380407,0.9505000000000001,0.262,0.21675,0.13680632411067192,0.0005
1338,0.5735,0.1035,0.5095,0.07563358907919604,0.072,0.19232015681091763,0.6987898297966253,0.2435,0.3563304730469213,0.37685960417729414,0.004
1339,0.26799999999999996,0.006,0.38999999999999996,0.023984693877551023,0.04000000000000001,0.1,0.917,0.2165,0.30141666666666667,0.19953942598201413,0.01
1340,0.363,0.205,0.794,0.050836179026065874,0.074,0.253455407414071,0.7863757813791503,0.11599999999999999,0.5577500000000001,0.23823872391634424,0.016
1341,0.271,0.07400000000000001,0.6575,0.04291089108910891,0.07050000000000001,0.19404828850855743,0.7234999999999999,0.11299999999999999,0.5183652368139189,0.2513084541109457,0.009481422503779273
1342,0.047,0.003,0.5589999999999999,0.02848469387755102,0.011500000000000002,0.10446266696266696,0.9470000000000001,0.004,0.20683333333333334,0.084350040478118,0.001
1343,0.07650000000000001,0.02,0.7595000000000001,0.04545499090725399,0.11750000000000001,0.28849849217387113,0.22985844829038987,0.11100000000000002,0.39725,0.11190316205533597,0.004
1344,0.0615,0.032265123172119235,0.5435000000000001,0.028456730769230765,0.018000000000000002,0.072,0.9635,0.032999999999999995,0.40800000000000003,0.08073698778731601,0.0075
1345,0.374,0.1465,0.6805,0.10330449479575572,0.1095,0.985,0.5252401683179684,0.1365,0.5444161716171617,0.24423645483502981,0.01
1346,0.0155,0.06300000000000001,0.7715,0.0005,0.059,0.1476885521885522,0.492,0.07,0.5854999999999999,0.014499999999999999,0.003999999999999999
1347,0.0315,0.003999999999999999,0.5815,0.08349999999999999,0.006999999999999999,0.11877411477411477,0.953,0.009999999999999998,0.3343333333333333,0.03690316205533597,0.0005
1348,0.4654999999999999,0.092,0.5229999999999999,0.04233617902606587,0.089,0.19412231130462665,0.8230000000000001,0.10300000000000001,0.4354662269129288,0.2316590492646732,0.0165
1349,0.31100000000000005,0.14200000000000002,0.6719999999999999,0.04594059405940594,0.093,0.5297741147741147,0.845,0.15699999999999997,0.5307828929986791,0.3068574574960313,0.012
1350,0.254,0.16949999999999998,0.7535000000000001,0.12332399258862096,0.1695,0.49596749304444243,0.4104608284057571,0.1985,0.2852911716171617,0.559249676711828,0.013500000000000002
1351,0.6459999999999999,0.14048663594470046,0.7175,0.055707120590489455,0.096,0.42073137655847087,0.11361798287345386,0.1025,0.4545819581954361,0.3894508400936731,0.007000000000000001
1352,0.052500000000000005,0.031,0.881,0.03899999999999999,0.1535,0.35685410094637227,0.2805,0.051500000000000004,0.8612500000000001,0.0805,0.0015
1353,0.4175000000000001,0.2065,0.6685,0.023454990907253993,0.1115,0.07218855218855219,0.777961188409628,0.176,0.352124188591158,0.2785550079123976,0.004999999999999999
1354,0.006999999999999999,0.014000000000000002,0.4955,0.05748469387755102,0.0085,0.10654856465186538,0.9644999999999999,0.002,0.32533333333333336,0.07390316205533597,0.0005
1355,0.1665,0.07296133682830931,0.5115000000000001,0.0774022097937826,0.12349999999999998,0.36217681297320503,0.6136967853712157,0.11949999999999998,0.39791573186342377,0.22909609712551887,0.016999999999999998
1356,0.336,0.12150000000000001,0.6105,0.037,0.10300000000000001,0.24717432919624796,0.6088431694406504,0.0825,0.5415,0.2405,0.019
1357,0.29350000000000004,0.12050000000000001,0.7495,0.044984693877551024,0.096,0.0005,0.8980668824163971,0.14550000000000002,0.5517500000000001,0.20149999999999996,0.002
1358,0.39849999999999997,0.225,0.6385,0.07336007682400893,0.06,0.2971163815448419,0.7936848652898508,0.1565,0.5376666666666666,0.405403162055336,0.009
1359,0.4955,0.028923884514435692,0.626,0.07793968478480502,0.032,0.1252741147741148,0.9135668824163969,0.014000000000000002,0.30200000000000005,0.07840316205533597,0.003
1360,0.29500000000000004,0.037000000000000005,0.4755,0.09394059405940594,0.046,0.08996324704033212,0.9106179828734537,0.088,0.5070828935795954,0.17249491127386446,0.0015
1361,0.006,0.013500000000000002,0.5515000000000001,0.0645,0.0015,0.10700000000000001,0.97,0.0034999999999999996,0.2653333333333333,0.04840316205533597,0.0
1362,0.2425,0.1293165452504231,0.6765,0.06383177570093458,0.1345,0.40737244561382663,0.331,0.14650000000000002,0.638265909704364,0.12518523481598548,0.005
1363,0.219,0.179,0.7375,0.017390651012003856,0.12049999999999998,0.14440294507806903,0.5379096439950733,0.07100000000000001,0.426,0.318,0.005999999999999999
1364,0.37100000000000005,0.1964421605382547,0.62,0.07837044899180182,0.12349999999999998,0.10800000000000001,0.7369891861127792,0.15050000000000002,0.4887499999999999,0.1519039603960396,0.026000000000000002
1365,0.4845,0.062,0.5565,0.05497029702970298,0.0335,0.22373710263807806,0.876,0.16050000000000003,0.22812450495049505,0.2730678369419099,0.0045
1366,0.4385,0.12286498763954956,0.6145000000000002,0.040970297029702965,0.1045,0.23077383863080686,0.8636179828734537,0.1385,0.46533289299867897,0.18041069616714178,0.008499999999999999
1367,0.4545,0.1125,0.6305,0.03298469387755103,0.0595,0.15047503643794125,0.8748071628853857,0.1055,0.3915,0.30650000000000005,0.0045000000000000005
1368,0.364,0.12081897314743953,0.6445000000000001,0.06744392523364487,0.09999999999999999,0.0075,0.8916909160892995,0.1555,0.5574166666666668,0.17598654532173563,0.002487550823544455
1369,0.5489999999999999,0.3958895606725915,0.693,0.055943925233644866,0.10700000000000001,0.28112407078514934,0.7576117471260579,0.612,0.26274999999999993,0.10110435076691496,0.0005
1370,0.066,0.016499999999999997,0.4615,0.032499999999999994,0.10600000000000001,0.14709682680094754,0.05856688241639698,0.029000000000000005,0.5775,0.11640396039603959,0.0
1371,0.46699999999999997,0.2269613368283093,0.6915,0.06235481632275377,0.15299999999999997,0.3838726569253069,0.6459312595016984,0.17149999999999999,0.5109999999999999,0.3599864041802001,0.014500000000000002
1372,0.012,0.046,0.4795,0.045428619111195875,0.01,0.18377444987775063,0.9469999999999998,0.015500000000000003,0.22374999999999998,0.12280632411067194,0.006500000000000001
1373,0.0015,0.001,0.5685,0.044,0.002,0.12250000000000001,0.9845,0.008,0.31033333333333335,0.068350040478118,0.001
1374,0.3525,0.087,0.537,0.05830980723000776,0.142,0.3793221271393643,0.5972167844297592,0.06949999999999999,0.3765,0.35617321945376146,0.03098766634209672
1375,0.0195,0.0445,0.602,0.0435,0.04,0.18173769691808275,0.8460000000000001,0.014000000000000002,0.253,0.11499999999999999,0.003
1376,0.3035,0.1198714288309376,0.6725000000000001,0.0669108910891089,0.0895,0.4572651090163209,0.8732357807989605,0.1305,0.54375,0.19461424490275114,0.008
1377,0.3405,0.21146043656207367,0.6985,0.09839402024314582,0.1285,0.45469259263287415,0.6070604998104709,0.0915,0.5132495049504952,0.1701945586866379,0.018000000000000002
1378,0.40249999999999997,0.20949999999999996,0.812,0.284,0.1095,0.2928476313878943,0.5692760339877395,0.0785,0.765,0.14800000000000002,0.012
1379,0.031,0.0025,0.55,0.051500000000000004,0.005,0.10400000000000001,0.982,0.0125,0.4386662269129287,0.08584955155205369,0.0015
1380,0.41850000000000004,0.33,0.689,0.04,0.0645,0.21559441414854796,0.7296909160892995,0.23699999999999996,0.4455,0.45500000000000007,0.03748735011700449
1381,0.0325,0.06050000000000001,0.8375,0.013500000000000002,0.0905,0.2842246535430643,0.10006688241639698,0.06949999999999999,0.273,0.07545520281968546,0.002
1382,0.3365,0.05140410279547254,0.277,0.07894059405940594,0.10499999999999998,0.14150000000000001,0.5011846803419037,0.172,0.7064999999999999,0.16099999999999998,0.003493593955321945
1383,0.08,0.2609502890095734,0.78,0.02148469387755102,0.084,0.19469200361754918,0.6636178707224334,0.493,0.485,0.3383503498927573,0.007000000000000001
1384,0.20250000000000004,0.15539954597048808,0.7015,0.04183568841289429,0.1045,0.19937767812266333,0.5691457109283197,0.053500000000000006,0.67275,0.2331440724550428,0.005993593955321945
1385,0.337,0.0425,0.5305000000000001,0.052439684784805006,0.06749999999999999,0.1861659039750309,0.7974006177961237,0.0155,0.26833333333333337,0.135,0.041499999999999995
1386,0.040999999999999995,0.045,0.6075,0.05,0.029500000000000005,0.1757365055934738,0.836566882416397,0.026000000000000002,0.2665,0.1845,0.0035000000000000005
1387,0.32649999999999996,0.0385,0.5705,0.029500000000000005,0.015499999999999996,0.07127444987775061,0.969,0.07150000000000001,0.38449999999999995,0.2375,0.0025
1388,0.7670000000000001,0.028999999999999998,0.558,0.05592528793695696,0.05700000000000001,0.16246266696266695,0.8623539486203615,0.10750000000000001,0.4330902921096859,0.17360780574279638,0.0035000000000000005
1389,0.23700000000000002,0.172837710418002,0.7184999999999999,0.049,0.127,0.09527411477411477,0.40118411551548905,0.0985,0.5159083333333333,0.17190316205533596,0.017499999999999998
1390,0.128,0.06,0.6565000000000001,0.023000000000000003,0.065,0.18856707866195532,0.8750853700516352,0.07899999999999999,0.4445833333333333,0.17929059829059826,0.0025
1391,0.2085,0.07939016610150008,0.592,0.07247029702970297,0.0165,0.1455,0.8234999999999999,0.0805,0.39199999999999996,0.219,0.007493756161682549
1392,0.179,0.024,0.5199999999999999,0.043454990907253986,0.023,0.05518855218855219,0.9535,0.041999999999999996,0.3885823979491741,0.18323872391634427,0.0
1393,0.0435,0.021922673656618607,0.5965,0.06247029702970297,0.026000000000000002,0.14150000000000001,0.82,0.028500000000000004,0.6154999999999999,0.0625,0.0
1394,0.03250000000000001,0.045,0.6555000000000001,0.047854372598000385,0.053500000000000006,0.10627411477411478,0.7005,0.061,0.6141157318634237,0.06945119490641838,0.0075
1395,0.15600000000000003,0.119,0.8079999999999998,0.07685890389225129,0.10300000000000001,0.23552445765373084,0.9185668824163971,0.13499999999999998,0.3209157318634238,0.0942905982905983,0.011
1396,0.5399999999999999,0.0115,0.5175,0.07881758632710131,0.0125,0.16096266696266698,0.9189999999999999,0.014499999999999999,0.31604166666666667,0.15324991127386448,0.0005
1397,0.358,0.4739999999999999,0.621,0.06534901115039979,0.0795,0.568012325401156,0.6335217927046461,0.39899999999999997,0.30800000000000005,0.5225823695424774,0.00849375616168255
1398,0.0085,0.008,0.6185,0.046920353982300884,0.04,0.0945,0.9504999999999999,0.006,0.26674950495049504,0.1529959986591429,0.006
1399,0.1485,0.1427045855417257,0.569,0.121746754359541,0.0895,0.20896292890363538,0.6174999999999999,0.188,0.5623750000000001,0.15674091039970683,0.006
1400,0.5405,0.0895,0.654,0.044883853541416566,0.1285,0.17019390373887563,0.680066882416397,0.14150000000000001,0.38925,0.44947194910352806,0.03
1401,0.0385,0.013500000000000002,0.6305,0.05947029702970297,0.0995,0.07712883030395425,0.8288757336582446,0.11499999999999999,0.512,0.0595,0.004
1402,0.30150000000000005,0.093,0.56,0.06141422226334783,0.054000000000000006,0.06965148109218758,0.9384764311638436,0.08900000000000001,0.2935,0.37449999999999994,0.002
1403,0.144,0.025,0.6130000000000001,0.0245,0.42300000000000004,0.07846324704033211,0.8455,0.2355,0.6127499999999999,0.13433774834437084,0.0025
1404,0.47450000000000003,0.146,0.718,0.04189915966386555,0.193,0.2435,0.8477957027734053,0.20949999999999996,0.5147495049504951,0.23779184549356222,0.027000000000000003
1405,0.21800000000000003,0.0125,0.4885,0.3157158736052725,0.07550000000000001,0.25635410094637223,0.7221909160892994,0.144,0.4712750090247589,0.31817205448443486,0.011
1406,0.025500000000000002,0.025500000000000002,0.7414999999999999,0.039999999999999994,0.026500000000000003,0.1625,0.9665000000000001,0.043000000000000003,0.22690000000000002,0.13849999999999998,0.0015
1407,0.278,0.0175,0.504,0.04737254434484074,0.0235,0.1055620769424852,0.9269999999999999,0.039,0.2743333333333333,0.2018034855161726,0.004487345879299156
1408,0.248,0.08688956067259154,0.4615,0.09107556521256469,0.0935,0.2922087771497388,0.7239393186719967,0.13499999999999998,0.39080770891788863,0.27962089850813593,0.0125
1409,0.5655,0.040999999999999995,0.47700000000000004,0.05045499090725399,0.046,0.09318855218855218,0.921,0.346,0.39199999999999996,0.33621028450671153,0.0115
1410,0.0445,0.0605,0.5600000000000002,0.052825113352456744,0.0195,0.124,0.9155000000000001,0.0115,0.3877073979491741,0.15513878207859788,0.0025
1411,0.077,0.0405,0.6855,0.07220121463727022,0.034499999999999996,0.11990354193278571,0.9665000000000001,0.0195,0.3624143567255266,0.06183774834437087,0.013000000000000001
1412,0.1935,0.07949999999999999,0.6489999999999999,0.0305,0.10500000000000001,0.11377411477411477,0.6992949237893546,0.133,0.5119652564276077,0.21949523502068363,0.0029935918501478804
1413,0.373,0.046,0.44799999999999995,0.009920353982300885,0.10300000000000001,0.14196057343109086,0.8532033529250891,0.12350000000000001,0.4543333333333333,0.35250000000000004,0.060493593955321945
1414,0.6265,0.091,0.624,0.0235,0.1315,0.11768855218855219,0.8736179828734538,0.19,0.24349999999999997,0.3055,0.0025
1415,0.14150000000000001,0.07499999999999998,0.6175,0.04510402949335558,0.079,0.16868861923126877,0.7423431685573315,0.13,0.636249504950495,0.13520948616600792,0.0
1416,0.3405,0.149419981318437,0.8,0.22781927012319975,0.139,0.2836667038090261,0.8806179828734539,0.19749999999999998,0.6174990651967571,0.23128525992861143,0.006
1417,0.0635,0.0668990901473108,0.5265,0.032,0.022,0.1609745112557171,0.8355,0.028499999999999998,0.419749504950495,0.2733388704318937,0.006
1418,0.4615,0.042499999999999996,0.5429999999999999,0.016999999999999998,0.1,0.3046885521885522,0.4601178707224335,0.05650000000000001,0.6525000000000001,0.2015,0.0025
1419,0.3405,0.13399999999999998,0.6525,0.022454990907253992,0.0615,0.2869638938681874,0.7686706627945222,0.192,0.49350000000000005,0.3035,0.011993593955321945
1420,0.318,0.101,0.6479999999999999,0.1255,0.0705,0.13096266696266698,0.789703050430981,0.24949999999999997,0.5469999999999999,0.2655,0.0045
1421,0.013000000000000001,0.0245,0.4035,0.01145499090725399,0.025,0.14296358214396798,0.812,0.028499999999999998,0.325165785997358,0.0929119515237715,0.0
1422,0.153,0.053000000000000005,0.563,0.028500000000000004,0.0465,0.085,0.9695,0.025500000000000002,0.4038736382458861,0.11324173369900352,0.003
1423,0.041499999999999995,0.024,0.657,0.01098469387755102,0.0315,0.17896266696266697,0.8065,0.024,0.4542995245641839,0.0352093304360679,0.001
1424,0.14800000000000002,0.034,0.7995,0.044945621824838355,0.08600000000000001,0.3471646192013407,0.493,0.0315,0.5787400573866499,0.29221250643318564,0.0035000000000000005
1425,0.137,0.078,0.589,0.0669133129887469,0.0795,0.158664987850673,0.876066882416397,0.0755,0.5054166666666666,0.17114487079574642,0.012
1426,0.0475,0.029000000000000005,0.7075,0.0657978322817977,0.009,0.09777411477411477,0.9351178707224335,0.024,0.5177481298125979,0.08862589325445644,0.001
1427,0.1555,0.03,0.523,0.0415,0.044000000000000004,0.058462390819359035,0.9410000000000001,0.077,0.4385,0.236,0.0095
1428,0.396,0.05,0.5589999999999999,0.04520198878976171,0.14550000000000002,0.15635410094637223,0.6911229407544174,0.1715,0.447999504950495,0.2968063241106719,0.007493756161682549
1429,0.18,0.06699999999999999,0.6645,0.05638451929305079,0.1345,0.11535387045813586,0.9100000000000001,0.074,0.6072062020823613,0.08447896191614389,0.008000000000000002
1430,0.3665,0.18478467153284672,0.65,0.065,0.0915,0.29126598314489455,0.6627271031843182,0.1325,0.49000000000000005,0.1495,0.028000000000000004
1431,0.001,0.006999999999999999,0.45099999999999996,0.00747029702970297,0.018000000000000002,0.14250000000000002,0.7765,0.009000000000000001,0.324,0.0595,0.0
1432,0.36550000000000005,0.1395,0.7619999999999999,0.07147029702970298,0.10550000000000001,0.2557730599299345,0.9030000000000001,0.0975,0.5507495049504951,0.16868778882248886,0.022
1433,0.213,0.08650000000000001,0.49049999999999994,0.050358512100494815,0.032499999999999994,0.1315,0.7555,0.05550000000000001,0.39624999999999994,0.32399999999999995,0.0075000000000000015
1434,0.07550000000000001,0.04144216053825468,0.752,0.03945673076923077,0.10700000000000001,0.09777411477411477,0.8795,0.0495,0.546082397949174,0.10764094818335561,0.005
1435,0.334,0.2945,0.708,0.07088785046728972,0.0785,0.42254865792558044,0.6091955237431956,0.22649999999999998,0.37875,0.4255,0.017499999999999998
1436,0.054000000000000006,0.016961942257217845,0.5700000000000001,0.07098469387755102,0.028999999999999998,0.12068599697263704,0.976,0.0075,0.2655,0.11279184549356222,0.0
1437,0.07550000000000001,0.10400000000000001,0.627,0.01647029702970297,0.007000000000000001,0.1356885521885522,0.7789409327950103,0.054000000000000006,0.3968319587763526,0.2459646160850634,0.001
1438,0.198,0.028000000000000004,0.549,0.027500000000000004,0.048,0.0651885521885522,0.958,0.07500000000000001,0.178,0.3435,0.0
1439,0.2285,0.06883545591172748,0.506,0.055484693877551026,0.072,0.2621888141295206,0.7875,0.17099999999999999,0.5231662269129287,0.1908406352683461,0.007000000000000001
1440,0.5245,0.07728673793338477,0.716,0.06941422226334783,0.11549999999999998,0.182,0.8496179828734538,0.188,0.5036656765676567,0.2389039603960396,0.0015
1441,0.8220000000000001,0.016,0.752,0.0115,0.10999999999999999,0.13190355889972483,0.9925,0.0965,0.6084999999999999,0.27149999999999996,0.007493593955321945
1442,0.13599999999999998,0.05349999999999999,0.54,0.0383303738537119,0.10200000000000001,0.09127411477411478,0.8244999999999999,0.082,0.455582892998679,0.09574179319701667,0.005
1443,0.016,0.20341485978898272,0.8045,0.19144059405940592,0.1065,0.20600000000000002,0.9115,0.006,0.6865,0.08600000000000001,0.0034999999999999996
1444,0.4625,0.029500000000000005,0.7699999999999999,0.01997029702970297,0.133,0.1025,0.7969999999999999,0.06449999999999999,0.7775000000000001,0.043000000000000003,0.013000000000000001
1445,0.48200000000000004,0.22448021828103681,0.6094999999999999,0.13144059405940595,0.0745,0.1302954836579348,0.7898495173390668,0.298,0.42750000000000005,0.43430712245137554,0.01
1446,0.1275,0.041999999999999996,0.49399999999999994,0.21742528793695698,0.041,0.23809142410395379,0.8949999999999999,0.018,0.30441578599735797,0.23052894669581145,0.0
1447,0.0245,0.042499999999999996,0.752,0.0165,0.052500000000000005,0.14246300206630277,0.5795000000000001,0.1405,0.49399999999999994,0.037500000000000006,0.001
1448,0.11800000000000002,0.012,0.5569999999999999,0.075,0.014499999999999999,0.076,0.9080915338854233,0.025,0.43499999999999994,0.186,0.0
1449,0.10950000000000001,0.013500000000000002,0.48650000000000004,0.01198469387755102,0.0325,0.08477383863080686,0.866,0.12249999999999998,0.356249504950495,0.358882671255946,0.009
1450,0.302,0.1045,0.5495,0.0435,0.036,0.13490266559823763,0.8796179828734537,0.13749999999999998,0.3759,0.33640316205533594,0.001
1451,0.10900000000000001,0.03450000000000001,0.6615,0.0245,0.0295,0.13004856465186537,0.8592404654169361,0.041,0.35100000000000003,0.0905,0.004999999999999999
1452,0.6045,0.0805,0.472,0.03150000000000001,0.066,0.23755364005888085,0.6841179828734539,0.219,0.531749504950495,0.157403162055336,0.0
1453,0.2045,0.12250000000000001,0.47450000000000003,0.036500000000000005,0.096,0.12027383863080683,0.7857421668353014,0.1,0.482749504950495,0.17580712245137559,0.006500000000000001
1454,0.006500000000000001,0.0125,0.4744999999999999,0.051469387755102035,0.016000000000000004,0.09677411477411478,0.9240000000000002,0.001,0.24133333333333332,0.10064063876871628,0.0034999999999999996
1455,0.6379999999999999,0.01734539651495915,0.611,0.012440594059405941,0.1975,0.296895551333516,0.99,0.045500000000000006,0.5862912269129288,0.24618970925071534,0.0045
1456,0.05750000000000001,0.059,0.552,0.013470297029702972,0.027000000000000003,0.14558912425521373,0.6639999999999999,0.03649999999999999,0.2743333333333333,0.342629468722492,0.0015
1457,0.29600000000000004,0.08499999999999999,0.621,0.08612074199959656,0.15,0.3636888141295206,0.8421179828734537,0.11850000000000001,0.5209157318634238,0.16747838711308716,0.0055
1458,0.056499999999999995,0.010406948578330365,0.5365,0.020499999999999997,0.11000000000000001,0.18624888797080028,0.624,0.015500000000000003,0.5315,0.1835,0.003
1459,0.182,0.06930069712362054,0.6145,0.05745499090725399,0.0445,0.14496326400727122,0.9071179828734538,0.1815,0.5287499999999999,0.1864773046326626,0.005
1460,0.048,0.0795,0.5449999999999999,0.05399999999999999,0.1365,0.1616888141295206,0.7959999999999999,0.0225,0.465,0.19340316205533598,0.004999999999999999
1461,0.263,0.0895,0.594,0.0325,0.045,0.08600000000000001,0.8495000000000001,0.188,0.5465,0.1865,0.0035000000000000005
1462,0.088,0.020499999999999997,0.5125,0.06593282203868055,0.03649999999999999,0.08499999999999999,0.950066882416397,0.039,0.2085828382838284,0.14202391978932502,0.0085
1463,0.255,0.18992926829268292,0.689,0.06294392523364487,0.1,0.5145000000000001,0.8470000000000001,0.2085,0.4861495049504951,0.3474039603960396,0.015000000000000003
1464,0.225,0.0295,0.477,0.01,0.0205,0.11335387045813586,0.8781179828734539,0.0935,0.3205,0.23399999999999999,0.001
1465,0.028499999999999998,0.0235,0.601,0.02347029702970297,0.0055,0.1075,0.9179999999999999,0.0205,0.3550666666666667,0.07240316205533597,0.0025
1466,0.081,0.05450000000000001,0.5105,0.02941948276460299,0.0085,0.1501279395771791,0.933,0.06,0.254,0.2885000000000001,0.0015
1467,0.394,0.18249999999999997,0.579,0.06165117452466172,0.1765,0.2601355469614638,0.781038701759192,0.202,0.550499504950495,0.1972857488546757,0.013500000000000002
1468,0.06799999999999999,0.12450000000000001,0.756,0.033999999999999996,0.035500000000000004,0.1944268461512392,0.9363088989627533,0.047,0.574625,0.14130632411067195,0.0095
1469,0.15,0.08544183319109652,0.7195,0.025,0.045,0.12898219079402234,0.6850850970327956,0.0815,0.4995,0.17333887043189372,0.0069937561616825504
1470,0.0075000000000000015,0.011,0.595,0.01992039203920392,0.0035000000000000005,0.151997720351804,0.8955000000000002,0.026000000000000002,0.4451818481848185,0.11680712245137559,0.0025
1471,0.1295,0.033999999999999996,0.581,0.019484693877551022,0.041,0.16493471847914848,0.821,0.0705,0.42116573186342376,0.27683774834437086,0.003
1472,0.3415,0.19344216053825466,0.605,0.09514597045829094,0.1405,0.02885438042620363,0.691622498343234,0.17450000000000002,0.5619828382838283,0.15310355242621126,0.0195
1473,0.025,0.046,0.626,0.023954990907253993,0.0015,0.132,0.7695000000000001,0.014499999999999999,0.6281666666666668,0.03799999999999999,0.0005
1474,0.502,0.1326060936569315,0.6605000000000001,0.02397029702970297,0.1615,0.24760232443182684,0.9780000000000001,0.034999999999999996,0.7034245245641839,0.2283388704318937,0.002
1475,0.6735,0.11299999999999999,0.47300000000000003,0.0295,0.11900000000000002,0.20608290425576037,0.8074999999999999,0.035500000000000004,0.3001662269129287,0.4228063241106719,0.0125
1476,0.2625,0.21648021828103686,0.7605000000000001,0.08605701442674216,0.1505,0.38196292890363537,0.47644804558518644,0.07100000000000001,0.5185,0.296,0.021485249260035446
1477,0.39249999999999996,0.095,0.6399999999999999,0.045,0.065,0.19427383863080686,0.916,0.14150000000000001,0.38849999999999996,0.29369424897246366,0.00548734801183043
1478,0.11199999999999999,0.11892926829268291,0.6685,0.10705174919985105,0.1145,0.4744656775141106,0.3999996595486812,0.187,0.4298333333333334,0.17430998442258766,0.018
1479,0.09,0.02742388451443569,0.5825,0.009,0.026000000000000002,0.17904856465186542,0.522,0.049,0.44800000000000006,0.08249999999999999,0.001
1480,0.4154999999999999,0.09849999999999999,0.7425,0.0485,0.10400000000000001,0.23782267942598018,0.7161787002510289,0.11850000000000001,0.48499950495049504,0.26949999999999996,0.009490532488348115
1481,0.5445,0.25050000000000006,0.6780000000000002,0.07246938775510203,0.1275,0.17746098435907523,0.8277251802887374,0.2575,0.5500833333333334,0.326231530148528,0.007000000000000001
1482,0.764,0.035500000000000004,0.4685,0.0345,0.0745,0.1421885521885522,0.807566882416397,0.227,0.25149999999999995,0.30999999999999994,0.0005
1483,0.473,0.04996133682830931,0.555,0.031,0.029000000000000005,0.09646266696266696,0.9550000000000001,0.11850000000000001,0.320875,0.19640396039603963,0.0025
1484,0.1795,0.051500000000000004,0.599,0.014500000000000002,0.086,0.07693467657796352,0.7677315344656129,0.05,0.3055,0.5019468784227821,0.011000000000000001
1485,0.0435,0.055499999999999994,0.6755000000000001,0.012,0.11750000000000001,0.17977411477411478,0.6455,0.028499999999999998,0.5025000000000001,0.4795,0.004
1486,0.45500000000000007,0.219,0.745,0.050910891089108914,0.129,0.3495092728676327,0.7655000000000001,0.1735,0.525923638245886,0.2869148454051218,0.0325
1487,0.0355,0.05397396768402154,0.488,0.0375,0.011,0.12018913226621734,0.653,0.05450000000000001,0.5695495249406176,0.08890316205533597,0.0005
1488,0.071,0.023,0.6094999999999999,0.090173278117698,0.054000000000000006,0.18132271202683276,0.7384999999999999,0.0305,0.17620833333333336,0.11833774834437086,0.013000000000000001
1489,0.003,0.03150000000000001,0.4835,0.0315,0.002,0.14454856465186539,0.7105,0.0,0.2951666666666667,0.050806324110671944,0.001
1490,0.056499999999999995,0.0325,0.6729999999999999,0.0325,0.065,0.1690485646518654,0.8295,0.0035000000000000005,0.3978333333333333,0.10250000000000001,0.0005
1491,0.409,0.13000000000000003,0.6759999999999999,0.05,0.07150000000000001,0.152151554254855,0.7986941150714648,0.21750000000000003,0.5765,0.2985,0.006500000000000001
1492,0.3255,0.0905,0.49800000000000005,0.04898469387755102,0.10600000000000001,0.14100000000000001,0.9359999999999999,0.0905,0.33525,0.3987409103997068,0.001
1493,0.378,0.21632457034759528,0.69,0.05249999999999999,0.1345,0.33835410094637225,0.5865149975505235,0.132,0.54925,0.1709039603960396,0.015000000000000003
1494,0.003,0.011,0.483,0.0245,0.0005,0.11927411477411476,0.8059999999999998,0.006999999999999999,0.416249504950495,0.0405,0.0005
1495,0.3875,0.17099999999999999,0.621,0.06141089108910891,0.1955,0.2353441033375479,0.8117359657469077,0.14450000000000002,0.4432495049504951,0.3812046436874604,0.025493756161682552
1496,0.0315,0.04,0.592,0.023,0.0435,0.1842744498777506,0.7821179828734539,0.0505,0.4525,0.0795,0.004
1497,0.6035,0.0465,0.5814999999999999,0.08283457624564872,0.083,0.12646266696266698,0.9490000000000001,0.1365,0.3990416666666667,0.20274091039970682,0.004
1498,0.4205,0.21446194225721787,0.6329999999999999,0.03126152985246522,0.149,0.3441460667297588,0.7408028481633047,0.1695,0.3853328935795954,0.43919135032492485,0.05197286200103028
1499,0.28150000000000003,0.15690091116173122,0.6875,0.03336431727284879,0.08449999999999999,0.25525285209750853,0.736066882416397,0.12450000000000001,0.6686157318634238,0.20610981062762904,0.009500000000000001
1500,0.659,0.1795,0.6455,0.017,0.22149999999999997,0.15469415147750454,0.8488011120859372,0.1875,0.39249999999999996,0.378,0.01
1501,0.042499999999999996,0.15050000000000002,0.95,0.13393576091728943,0.1915,0.5274635821439679,0.520998914326123,0.025500000000000002,0.714,0.022338870431893688,0.0075000000000000015
1502,0.14300000000000002,0.0659686131883743,0.6569999999999999,0.19468764837679803,0.0645,0.24247126859248153,0.6875000000000001,0.16449999999999998,0.4429578382838283,0.16790396039603958,0.011000000000000001
1503,0.1885,0.074,0.6629999999999999,0.06676812931150068,0.07350000000000001,0.12687170849404591,0.7465466691757622,0.151,0.49824999999999997,0.28518778882248885,0.0025
1504,0.35700000000000004,0.054000000000000006,0.5335,0.09921978904451574,0.131,0.19854265313492442,0.8859999999999999,0.06949999999999999,0.3200828382838284,0.19128277579663405,0.009000000000000001
1505,0.4925,0.187,0.6825,0.08732430363806026,0.0705,0.2537006584225707,0.7545668824163971,0.2835,0.3325828935795954,0.10373774210179772,0.0025
1506,0.4225,0.32242822384428227,0.6675,0.05742528793695696,0.10149999999999999,0.3577126907870464,0.6094357796804843,0.2535,0.4465,0.4,0.012981724911830713
1507,0.28650000000000003,0.13796194225721786,0.6759999999999999,0.05439915966386555,0.10900000000000001,0.13985487333684152,0.8195,0.11699999999999999,0.45899999999999996,0.31499833555496065,0.0025
1508,0.06949999999999999,0.06899999999999999,0.505,0.1023187218531518,0.051500000000000004,0.16042624910663492,0.8074999999999999,0.5680000000000001,0.5559996283448959,0.2146410799600841,0.002
1509,0.5555,0.08650000000000001,0.6315000000000001,0.07194392523364486,0.063,0.17510050142979103,0.9026909160892995,0.296,0.4175412269129287,0.33385972100948236,0.0035000000000000005
1510,0.21999999999999997,0.014000000000000002,0.43900000000000006,0.01848469387755102,0.0115,0.11618855218855217,0.9520668103448277,0.035500000000000004,0.3605,0.22149999999999997,0.001
1511,0.20600000000000002,0.0760757569403029,0.6615,0.15091830983284535,0.0735,0.13609065219491762,0.9630000000000001,0.0955,0.500375,0.145350040478118,0.0095
1512,0.40099999999999997,0.0425,0.5455,0.10195499090725399,0.0945,0.1625,0.6381848652898509,0.06,0.34829166666666667,0.13780712245137558,0.017
1513,0.18650000000000003,0.0595,0.717,0.016687918488512747,0.043,0.077,0.6769999999999999,0.1095,0.5010328582739509,0.301946878422782,0.0005
1514,0.176,0.006500000000000001,0.513,0.022984693877551022,0.009999999999999998,0.12918855218855219,0.9400668103448275,0.0945,0.3208333333333333,0.251,0.0025
1515,0.6075,0.10149999999999999,0.7775000000000001,0.05811842634120364,0.0835,0.15949772035180404,0.8841179828734538,0.14350000000000002,0.5337574175628628,0.15122810822551808,0.002
1516,0.1265,0.0495,0.667,0.04648969072164949,0.082,0.16601881366790494,0.8299999999999998,0.013500000000000002,0.3865,0.096,0.0025
1517,0.37849999999999995,0.219403497366564,0.7149999999999999,0.08836588199636289,0.14150000000000001,0.4311910761451811,0.7174268818362072,0.1915,0.5322495049504951,0.2597046436874604,0.023
1518,0.3725,0.125,0.41150000000000003,0.06144059405940594,0.1685,0.3761433809156993,0.781853832061148,0.074,0.36150000000000004,0.12709095087782485,0.007000000000000001
1519,0.273,0.17248021828103682,0.6815,0.09148469387755101,0.10700000000000001,0.21110724960607943,0.8358539486203614,0.121,0.49049999999999994,0.25847194910352805,0.009500000000000001
1520,0.30300000000000005,0.25199999999999995,0.7245,0.10882496047311443,0.094,0.7223472405195375,0.6686567967836663,0.21000000000000002,0.582625,0.29371108284741515,0.0345
1521,0.14350000000000002,0.0345,0.6395000000000001,0.03998469387755102,0.034999999999999996,0.08449999999999999,0.9515,0.0485,0.27799999999999997,0.1115,0.002
1522,0.121,0.20390349736656402,0.6525000000000001,0.13706603595089578,0.236,0.6084253353168914,0.553289252321304,0.1135,0.2625,0.04283887043189369,0.029461514959514313
1523,0.296,0.036,0.5890000000000001,0.008470297029702971,0.10300000000000001,0.13777411477411478,0.3775,0.151,0.3418333333333333,0.30977827321419993,0.0019873499837820305
1524,0.19250000000000003,0.07250000000000001,0.6340000000000001,0.03248469387755102,0.11100000000000002,0.1730971619045834,0.8264641446169992,0.0855,0.6890000000000001,0.13847194910352806,0.013000000000000001
1525,0.1265,0.19349999999999998,0.7485000000000002,0.019395584966659933,0.1335,0.17052314048945422,0.4996179828734538,0.10049999999999999,0.553749504950495,0.23131537313219236,0.013000000000000001
1526,0.0625,0.06836285341894906,0.5885,0.03635148514851485,0.07899999999999999,0.1864976445274555,0.784,0.0415,0.39824950495049505,0.07644687842278204,0.003
1527,0.10400000000000001,0.2085,0.6359999999999999,0.11924418654229703,0.185,0.48785410094637227,0.5125233103284828,0.101,0.35941622691292874,0.12287550470408785,0.0165
1528,0.06100000000000001,0.0969091592265616,0.829,0.01697979797979798,0.0845,0.23562793957717912,0.3211101959966377,0.174,0.475,0.143,0.004
1529,0.42400000000000004,0.036000000000000004,0.446,0.034999999999999996,0.064,0.05468855218855219,0.9065000000000001,0.165,0.259,0.38140396039603963,0.01
1530,0.123,0.015499999999999996,0.6585,0.227,0.10699999999999998,0.3078924825174825,0.9775,0.0355,0.586,0.155,0.0115
1531,0.509,0.0895,0.597,0.030984693877551022,0.0475,0.17608591780024607,0.712240465416936,0.1875,0.3655,0.27349999999999997,0.002
1532,0.079,0.11599999999999999,0.682,0.06441422226334784,0.0115,0.1275426531349244,0.8171522524680321,0.0625,0.3901657318634238,0.26006020779112643,0.0025
1533,0.5065,0.07600000000000001,0.628,0.045579767047109594,0.048,0.1617135804695134,0.866,0.20400000000000001,0.39387450495049503,0.3542387239163443,0.0015
1534,0.37250000000000005,0.16050000000000003,0.5854999999999999,0.09941331298874691,0.077,0.19077189466183547,0.8622359657469078,0.136,0.6291662269129288,0.2143079207920792,0.015
1535,0.7064999999999999,0.03490410279547253,0.601,0.01,0.06999999999999999,0.1790091061350158,0.9935,0.1335,0.3691662269129288,0.2971502348434745,0.0055
1536,0.19749999999999998,0.20486603208795023,0.6859999999999999,0.07078243616944879,0.122,0.4389032544797056,0.48962005898816086,0.07250000000000001,0.5635,0.10623150518993493,0.0045
1537,0.006500000000000001,0.018,0.475,0.04742702779893374,0.017,0.132,0.8299999999999998,0.018500000000000003,0.4494999999999999,0.053806324110671946,0.001
1538,0.146,0.0105,0.4295,0.36941987350475136,0.07550000000000001,0.17646324704033212,0.827,0.07200000000000001,0.5907404002498562,0.28320602597627903,0.003
1539,0.030500000000000006,0.012461942257217848,0.45499999999999996,0.0115,0.0245,0.16450000000000004,0.5451178707224335,0.0325,0.34216622691292875,0.047337748344370864,0.0
1540,0.3295,0.07999999999999999,0.5625000000000001,0.032499999999999994,0.081,0.12177217022955462,0.7095,0.1815,0.46774950495049505,0.26240396039603964,0.006499999999999999
1541,0.0635,0.030000000000000006,0.5900000000000001,0.05448469387755102,0.046,0.078,0.8255000000000001,0.0025,0.28025,0.20940316205533596,0.003
1542,0.009,0.001,0.633,0.06542035398230088,0.0155,0.08735438042620362,0.9465,0.008,0.37150000000000005,0.0765,0.0055
1543,0.39299999999999996,0.17200000000000001,0.6505,0.04098469387755102,0.086,0.121,0.8006848652898508,0.198,0.46950000000000003,0.26850000000000007,0.027442435904247876
1544,0.012,0.041999999999999996,0.5395,0.021500000000000002,0.015,0.1946888141295206,0.7595000000000001,0.0075000000000000015,0.5660000000000001,0.0195,0.0005
1545,0.044500000000000005,0.0105,0.6095,0.020499999999999997,0.045,0.13977444987775062,0.7201179828734539,0.06649999999999999,0.2775,0.08549999999999999,0.00099375616168255
1546,0.037,0.017,0.5375,0.03786945669356852,0.0055000000000000005,0.073,0.9359999999999999,0.008,0.4218333333333333,0.07294687842278204,0.0005
1547,0.21300000000000002,0.09039954597048809,0.664,0.06597029702970297,0.119,0.22610767706179785,0.6573412924777895,0.0905,0.5435,0.13244687842278202,0.0175
1548,0.4875,0.0615,0.599,0.06848469387755102,0.14750000000000002,0.11199999999999999,0.913,0.088,0.3797325757901144,0.08469138325195416,0.0035000000000000005
1549,0.014500000000000002,0.029000000000000005,0.633,0.053000000000000005,0.0215,0.11254856465186538,0.9545,0.0045,0.3228333333333333,0.08440316205533596,0.0
1550,0.518,0.1344613368283093,0.6030000000000001,0.05378701013115526,0.099,0.1662789952828784,0.8556909160892994,0.2145,0.45466666666666666,0.5158388704318937,0.016999999999999998
1551,0.022,0.0034999999999999996,0.5814999999999999,0.0505,0.006,0.0995,0.9870000000000001,0.002,0.4574999999999999,0.04584955155205369,0.0055
1552,0.018,0.0315,0.6005,0.04297029702970297,0.0075,0.1500485646518654,0.8760466691757621,0.0245,0.4404157312825074,0.06490316205533596,0.002
1553,0.4525,0.052899545970488085,0.497,0.0455,0.0965,0.12768855218855218,0.8033958831374021,0.121,0.41550000000000004,0.41337590949956765,0.0125
1554,0.0635,0.0075,0.5555000000000001,0.031,0.0195,0.11479407779433297,0.9695,0.0055,0.24474950495049502,0.15999999999999998,0.001
1555,0.5109999999999999,0.143,0.6739999999999999,0.027914222263347832,0.051000000000000004,0.24786407478609015,0.7969999999999999,0.267,0.40975,0.35714679122397286,0.006
1556,0.043500000000000004,0.06886285341894906,0.5574999999999999,0.02044059405940594,0.0735,0.32702642228169787,0.49456688241639696,0.051000000000000004,0.5685,0.0675,0.0035000000000000005
1557,0.026999999999999996,0.045,0.49899999999999994,0.075,0.014000000000000002,0.19904856465186538,0.9255000000000001,0.024,0.29500000000000004,0.07650000000000001,0.0105
1558,0.0085,0.0195,0.6279999999999999,0.036000000000000004,0.0205,0.09935410094637223,0.9720000000000001,0.0025,0.2615,0.24344687842278204,0.0045
1559,0.092,0.075,0.756,0.041499999999999995,0.0225,0.16321493335725562,0.849731534465613,0.033,0.5199999999999999,0.128,0.0015
1560,0.4305,0.038,0.5974999999999999,0.02494392523364486,0.035,0.09196326400727121,0.9365,0.15050000000000002,0.34691666666666665,0.2576459928832693,0.0015
1561,0.061,0.0775,0.8859999999999999,0.067,0.132,0.40965178502654476,0.14111798287345384,0.0425,0.8588333333333333,0.09844687842278203,0.0115
1562,0.4035,0.2915,0.6145,0.10754491318793782,0.098,0.36800658486832116,0.516360070128384,0.148,0.4717065190226147,0.43389261589574096,0.03
1563,0.07400000000000001,0.024,0.55,0.024748798508996545,0.0165,0.08315179922888431,0.8915466691757621,0.0185,0.42000000000000004,0.2858388704318937,0.0035000000000000005
1564,0.08800000000000001,0.035,0.5655,0.027500000000000004,0.040499999999999994,0.1355,0.912566882416397,0.0215,0.4927495049504951,0.13057522505775115,0.003
1565,0.15499999999999997,0.021,0.43550000000000005,0.01495499090725399,0.0355,0.12677411477411477,0.7595,0.017,0.4524495249406176,0.19526985634738664,0.008
1566,0.2545,0.0225,0.5844999999999999,0.025,0.024,0.10049999999999999,0.96,0.0715,0.341,0.189,0.011000000000000001
1567,0.014000000000000002,0.05996194225721785,0.516,0.026450095009500952,0.024,0.16399999999999998,0.9380000000000001,0.020999999999999998,0.5272500000000001,0.07485083881882164,0.001
1568,0.5635,0.04940410279547253,0.5965,0.02,0.061,0.2280059316279886,0.984,0.12450000000000001,0.44837499999999997,0.26462753947613715,0.0015
1569,0.0465,0.032,0.6125,0.019974384599200506,0.05900000000000001,0.07801181169219752,0.7794999999999999,0.024,0.5725,0.056838870431893694,0.0045
1570,0.126,0.11939499345085927,0.836,0.11244392523364488,0.12299999999999997,0.24037751460584542,0.9251179828734539,0.11399999999999999,0.6668324538258575,0.053403162055335976,0.0015
1571,0.11200000000000002,0.048,0.442,0.0415,0.015000000000000003,0.1725,0.806566882416397,0.04100000000000001,0.308,0.255,0.0005
1572,0.1265,0.0315,0.5485000000000001,0.03142528793695696,0.0095,0.11327383863080684,0.8654999999999999,0.0455,0.40199999999999997,0.3473388704318937,0.001
1573,0.442,0.0665,0.717,0.019,0.0875,0.24749999999999997,0.6486847531388304,0.0715,0.22800000000000004,0.0695,0.015464738632848748
1574,0.10700000000000001,0.025500000000000002,0.3985,0.044,0.0595,0.06100000000000001,0.953,0.03,0.35674950495049507,0.23179184549356222,0.0025
1575,0.231,0.044,0.723,0.05790220979378259,0.1255,0.40850807938929734,0.1655,0.124,0.5275999999999998,0.094,0.006500000000000001
1576,0.3095,0.11950000000000001,0.6665000000000001,0.09798469387755102,0.1525,0.16909624191347908,0.8948073478333332,0.1685,0.5249166666666667,0.3275,0.0025
1577,0.438,0.039,0.5894999999999999,0.026954990907253996,0.052000000000000005,0.11001184429305014,0.711,0.19549999999999998,0.47124900990099006,0.28156225333479395,0.016
1578,0.0225,0.08090091116173119,0.608,0.02191089108910891,0.0845,0.40335410094637225,0.42875779850569645,0.08149999999999999,0.44749999999999995,0.045,0.0035000000000000005
1579,0.2645,0.20950000000000002,0.7705,0.05542528793695696,0.08700000000000001,0.10227411477411477,0.7881909160892994,0.17950000000000002,0.6002495049504951,0.2145,0.006499999999999999
1580,0.4025,0.279,0.7649999999999999,0.06799999999999999,0.0955,0.4414324728810497,0.7284268818362072,0.17049999999999998,0.5393000000000001,0.273,0.0115
1581,0.014499999999999999,0.021,0.5750000000000001,0.050970297029702974,0.02,0.1355,0.9179999999999999,0.006500000000000001,0.5513333333333333,0.03840316205533597,0.0
1582,0.2475,0.03200000000000001,0.4715000000000001,0.0125,0.0365,0.18477411477411476,0.7517763231197773,0.0685,0.3065,0.21483774834437086,0.0
1583,0.10799999999999998,0.06435828876053092,0.466,0.011,0.16399999999999998,0.2045,0.506066882416397,0.0595,0.5335,0.15794362540410609,0.003
1584,0.0755,0.06439954597048808,0.6519999999999999,0.05600000000000001,0.09949999999999999,0.1675,0.3476179828734539,0.08,0.751,0.10625353323764822,0.001
1585,0.6355000000000001,0.26041590423738337,0.7609999999999999,0.025398916140898852,0.119,0.36235410094637227,0.076,0.689,0.3762495049504951,0.12249999999999998,0.005487185805469826
1586,0.032,0.002,0.532,0.0195,0.025,0.13289771185078836,0.7424999999999999,0.008,0.2125,0.041,0.0
1587,0.23850000000000002,0.041999999999999996,0.647,0.07298469387755102,0.0495,0.12664400256574726,0.891,0.1285,0.43899999999999995,0.12859772074197387,0.01
1588,0.058499999999999996,0.015961942257217844,0.5985,0.024999999999999998,0.025500000000000002,0.09727411477411478,0.9605,0.0325,0.414,0.16083774834437087,0.0025
1589,0.121,0.008499999999999999,0.6425,0.04447692185682563,0.011,0.11877411477411479,0.959,0.005,0.192,0.08444687842278203,0.006
1590,0.192,0.0355,0.5605,0.017869456693568517,0.14150000000000001,0.10527383863080683,0.926617982873454,0.082,0.586249504950495,0.14308369098712445,0.002
1591,0.0035000000000000005,0.008499999999999999,0.42400000000000004,0.0075000000000000015,0.026500000000000003,0.1485,0.5680000000000001,0.012,0.26949999999999996,0.057499999999999996,0.0
1592,0.2525,0.135,0.6305,0.15762483690436765,0.1275,0.32376907583296566,0.8827251802887373,0.0985,0.47589968279143535,0.20245439546463814,0.005
1593,0.1065,0.11902471708535337,0.634,0.03448469387755102,0.09749999999999999,0.34396532930810925,0.7995,0.043000000000000003,0.6355,0.17490396039603961,0.0045
1594,0.0865,0.0225,0.499,0.086,0.0335,0.09627411477411478,0.8695,0.0385,0.37262500000000004,0.19890316205533595,0.0005
1595,0.20700000000000002,0.17450000000000002,0.7230000000000001,0.06776413238562752,0.10149999999999999,0.3281888141295206,0.6853027360122843,0.159,0.5889583333333333,0.21101660861738347,0.017493593955321945
1596,0.35100000000000003,0.13146133682830932,0.673,0.08939891614089883,0.0995,0.043,0.856802551064337,0.0995,0.549,0.2825,0.0185
1597,0.227,0.027000000000000003,0.683,0.04944468162890347,0.087,0.1442718946618355,0.8760000000000001,0.053000000000000005,0.39299999999999996,0.16679059829059828,0.009000000000000001
1598,0.06899999999999999,0.051500000000000004,0.6869999999999999,0.055313138404246676,0.08049999999999999,0.06518913226621736,0.9005000000000001,0.0435,0.555622855002459,0.13655776347522955,0.0075
1599,0.068,0.0055000000000000005,0.512,0.028500000000000004,0.038,0.12356819256844775,0.9110000000000001,0.003,0.28524950495049506,0.12349999999999998,0.004
1600,0.039,0.028000000000000004,0.906,0.019984693877551023,0.11200000000000002,0.2005118286591366,0.519281775429372,0.0465,0.7710412950115627,0.04690316205533597,0.002
1601,0.1145,0.085,0.6980000000000001,0.044000000000000004,0.0435,0.12829237747806915,0.9044268818362072,0.0395,0.4445,0.21799999999999997,0.003
1602,0.3395,0.23000000000000004,0.6645000000000001,0.07287538294645791,0.0805,0.35785410094637227,0.8331848652898508,0.18749999999999997,0.5145823979491742,0.3241440724550428,0.012
1603,0.0375,0.0245,0.6295,0.06012050793683375,0.0455,0.11649999999999998,0.8895,0.17200000000000001,0.5565,0.11225320253345397,0.004
1604,0.13949999999999999,0.05561072415869341,0.6465000000000001,0.06598469387755102,0.10500000000000001,0.36969195597066884,0.8305,0.1135,0.4392495049504951,0.2158388704318937,0.007000000000000001
1605,0.5,0.08049999999999999,0.5700000000000001,0.3294106011741652,0.09500000000000001,0.25504795340492165,0.6641646520492159,0.354,0.4728012021628909,0.3942203143720543,0.007493756161682549
1606,0.128,0.1075,0.6835,0.012,0.0875,0.15906926622635836,0.6885,0.10400000000000001,0.517,0.254,0.008
1607,0.014499999999999999,0.0115,0.4335,0.04545499090725399,0.026500000000000003,0.11951181169219752,0.938,0.0095,0.36018452380952376,0.15186882429232446,0.0055
1608,0.019,0.026000000000000002,0.5055,0.04798469387755102,0.07100000000000001,0.08490266559823764,0.9525,0.015500000000000003,0.27962499999999996,0.15147742335407774,0.0055
1609,0.014499999999999999,0.006,0.6235,0.03197029702970297,0.0035000000000000005,0.13399999999999998,0.8165000000000001,0.02,0.33375,0.09194687842278203,0.002
1610,0.188,0.0775,0.697,0.05148469387755102,0.11300000000000002,0.18537100053539024,0.550066882416397,0.064,0.5019162263320124,0.21906618501180067,0.0095
1611,0.268,0.0905,0.6054999999999999,0.048,0.095,0.13999744478408488,0.852,0.046,0.44699999999999995,0.06899999999999999,0.007980937729447036
1612,0.198,0.027961942257217848,0.7185,0.07747029702970297,0.0785,0.13577411477411477,0.909,0.026000000000000002,0.3995,0.15,0.0025
1613,0.10550000000000001,0.1145,0.7190000000000001,0.04591422226334783,0.05450000000000001,0.15700565520122722,0.824203352925089,0.065,0.5327495049504951,0.1472905982905983,0.006992138575618677
1614,0.081,0.025500000000000002,0.46799999999999997,0.0648529977735519,0.009000000000000001,0.12127411477411479,0.9525,0.029000000000000005,0.26891666666666664,0.11710735784489897,0.001
1615,0.599,0.12449999999999999,0.658,0.07391089108910891,0.048,0.1181885521885522,0.731802731604091,0.1935,0.5682746283448961,0.30330632411067193,0.004
1616,0.1605,0.0909009111617312,0.6134999999999999,0.01497029702970297,0.0965,0.30919429384863817,0.8309208310367586,0.1155,0.5248319034805855,0.22932341000023743,0.00349359185014788
1617,0.336,0.0235,0.5435000000000001,0.025,0.1115,0.07877411477411478,0.649046669175762,0.17850000000000002,0.3705,0.33,0.003
1618,0.342,0.24946043656207367,0.6825,0.054239335615804574,0.1055,0.9579999999999999,0.5031325211585516,0.1695,0.50475,0.23949999999999996,0.0365
1619,0.0045,0.009,0.367,0.02445499090725399,0.0235,0.09877444987775061,0.8700000000000001,0.0015,0.2368333333333333,0.056403162055335965,0.0
1620,0.4035,0.17750000000000005,0.6155,0.0425,0.096,0.21194721115537848,0.8634999999999999,0.156,0.4539999999999999,0.387,0.01949359185014788
1621,0.29650000000000004,0.331,0.706,0.052345679976160873,0.0915,0.3005081227334604,0.6164006177961238,0.1505,0.5512499999999999,0.34203613502311153,0.03295035085330209
1622,0.15199999999999997,0.071,0.585,0.041,0.053000000000000005,0.06318855218855218,0.8815,0.1005,0.48199999999999993,0.174,0.004
1623,0.0475,0.09120151685636546,0.7905,0.02898469387755102,0.14450000000000002,0.1975,0.18100000000000002,0.0785,0.7030833333333333,0.11350000000000002,0.0025
1624,0.44699999999999995,0.32146194225721786,0.7104999999999999,0.0704005818107584,0.08299999999999999,0.41160951430229425,0.76194273189135,0.133,0.47296666666666665,0.27194687842278203,0.014000000000000002
1625,0.061,0.04494216053825468,0.5305000000000001,0.06329716653016346,0.026500000000000003,0.13677411477411475,0.9577359657469078,0.056999999999999995,0.29350000000000004,0.393,0.008490369215781678
1626,0.35700000000000004,0.314335661402921,0.719,0.08175455174835362,0.08299999999999999,0.855213191575045,0.8168713500978555,0.16199999999999998,0.591124628344896,0.2468503498927573,0.011000000000000001
1627,0.0685,0.05,0.5395,0.026000000000000002,0.027500000000000004,0.0735,0.8772763231197771,0.0635,0.40099999999999997,0.1503063241106719,0.001
1628,0.063,0.06549999999999999,0.471,0.039970297029702964,0.017,0.11509712930373077,0.8200000000000001,0.045,0.30450000000000005,0.253,0.0075
1629,0.298,0.2145,0.666,0.04995499090725399,0.123,0.21731677124556265,0.825117982873454,0.076,0.5084166666666666,0.20609976628564147,0.009000000000000001
1630,0.043000000000000003,0.051000000000000004,0.9119999999999999,0.06791422226334784,0.131,0.3932000145747744,0.23600000000000004,0.0475,0.8843333333333334,0.07777040784123174,0.0045
1631,0.002,0.014973967684021544,0.505,0.053107728139402746,0.0055,0.1212741147741148,0.8965,0.004,0.3807884348794569,0.10681205297371794,0.0
1632,0.3865,0.256,0.7075,0.04144392523364486,0.0825,0.5848779463957381,0.5765572219650794,0.189,0.42387499999999995,0.3811440724550428,0.043
1633,0.36400000000000005,0.1375,0.6765000000000001,0.06175125846553757,0.0645,0.9633920653442241,0.8851179828734539,0.15499999999999997,0.492232892998679,0.28641771862424203,0.0155
1634,0.3595,0.0865,0.76,0.03797029702970297,0.0685,0.20135387045813585,0.9169998150520527,0.022000000000000002,0.6248745049504951,0.22106461406201752,0.013000000000000001
1635,0.33499999999999996,0.2644541859650584,0.7595000000000001,0.04948469387755103,0.092,0.13899999999999998,0.6832790550251076,0.17500000000000002,0.5915,0.267,0.012
1636,0.27,0.2058897048547566,0.653,0.07594392523364485,0.10900000000000001,0.1145,0.8761909160892994,0.17300000000000001,0.5619161716171617,0.24813650484361763,0.009487550823544456
1637,0.019,0.054000000000000006,0.643,0.027999999999999997,0.0215,0.09385387045813585,0.874,0.004,0.38449999999999995,0.14750000000000002,0.001
1638,0.0225,0.011,0.5555,0.025,0.006,0.09854856465186539,0.943,0.009500000000000001,0.35033333333333333,0.06949999999999999,0.001
1639,0.4445,0.23950000000000005,0.6359999999999999,0.038425287936956966,0.1315,0.28699450818664834,0.7656848652898509,0.2605,0.36324999999999996,0.41844687842278205,0.02499375616168255
1640,0.533,0.05700000000000001,0.6425,0.04586945669356851,0.1275,0.2066071872885311,0.9616179828734538,0.079,0.5509999999999999,0.3485,0.009
1641,0.031,0.001,0.615,0.0315,0.0015,0.1789632640072712,0.9495000000000001,0.010499999999999999,0.257,0.0819039603960396,0.001
1642,0.329,0.14882343048492377,0.633,0.08612877306572875,0.1075,0.31427444987775055,0.6461847531388304,0.10700000000000001,0.4473328935795954,0.2636287220363685,0.029996858465608466
1643,0.3845,0.2359421605382547,0.5705,0.07687044899180184,0.13999999999999999,0.13177444987775064,0.7088196501799293,0.1675,0.49675,0.2689039603960396,0.028500000000000004
1644,0.09849999999999999,0.147186446527737,0.661,0.106454990907254,0.08650000000000001,0.28731653436677546,0.8207404654169359,0.0315,0.43,0.1115,0.014500000000000002
1645,0.079,0.028000000000000004,0.36950000000000005,0.03280889795540683,0.010499999999999999,0.14427444987775062,0.9695,0.0635,0.5654999999999999,0.15280154479917568,0.0005
1646,0.0795,0.14037142883093762,0.5175000000000001,0.0832867666081886,0.073,0.3097852732259797,0.6827359657469076,0.0655,0.4457486254430192,0.16794911520076788,0.004999999999999999
1647,0.059,0.02,0.6935,0.06599999999999999,0.025,0.077,0.9515,0.0025,0.154,0.0975,0.002
1648,0.5065,0.054961942257217844,0.6045,0.01047029702970297,0.0655,0.1128773663180728,0.9715,0.0995,0.45899999999999996,0.27999999999999997,0.0045000000000000005
1649,0.404,0.0965,0.5915,0.09047692185682563,0.07699999999999999,0.22424644577042768,0.7464208310367585,0.27749999999999997,0.5425824532449411,0.18793676815446791,0.003
1650,0.013000000000000001,0.006500000000000001,0.521,0.04947029702970297,0.007000000000000001,0.11477411477411477,0.9465,0.0075000000000000015,0.4573495049504951,0.08719376034593425,0.001
1651,0.396,0.2485,0.7765000000000001,0.09617242094157412,0.1265,0.3503870889608154,0.6567358535958873,0.16649999999999998,0.49837462834489593,0.2794719491035281,0.008
1652,0.004,0.024,0.5105000000000001,0.023905047859851904,0.026500000000000003,0.1362216831920689,0.8130000000000001,0.006,0.23500000000000001,0.0645,0.0005
1653,0.0115,0.0235,0.6235,0.04897029702970297,0.004,0.139,0.9105000000000001,0.045,0.5853333333333334,0.026000000000000002,0.0035000000000000005
1654,0.28900000000000003,0.22689574107440452,0.6485,0.037984693877551025,0.19699999999999998,0.9960000000000001,0.5462040107370207,0.1895,0.5239157865782744,0.19724203248722966,0.031993756161682554
1655,0.3225,0.17742822384428225,0.643,0.09748469387755102,0.10600000000000001,0.32740863921961505,0.6573011120859371,0.14100000000000001,0.5962490651967572,0.2611958058896019,0.037993591850147876
1656,0.1705,0.04292822384428224,0.719,0.028889552807911317,0.075,0.32262230542267845,0.4441179828734539,0.10700000000000001,0.622045833255241,0.26042623360388617,0.009999999999999998
1657,0.07749999999999999,0.029500000000000005,0.623,0.023,0.0485,0.14527411477411478,0.8564999999999999,0.035500000000000004,0.33824999999999994,0.158,0.003
1658,0.31450000000000006,0.1633780704794941,0.7125,0.05198469387755102,0.2085,0.6382149659581083,0.5306316855745029,0.1115,0.5225,0.1345,0.024
1659,0.125,0.026499999999999996,0.5495,0.041999999999999996,0.091,0.09468855218855218,0.937231534465613,0.0295,0.562249504950495,0.08808369098712446,0.009500000000000001
1660,0.355,0.1355,0.684,0.09345499090725398,0.1165,0.13137794639573797,0.8613942636192482,0.13399999999999998,0.466,0.21080632411067196,0.0165
1661,0.19799999999999998,0.055999999999999994,0.5205,0.11441422226334783,0.16899999999999998,0.16277444987775064,0.880566882416397,0.15599999999999997,0.5298746283448958,0.24188046668799856,0.0075
1662,0.128,0.05048663594470045,0.669,0.02644392523364486,0.088,0.21682271202683276,0.631,0.1265,0.442,0.14263650484361762,0.007000000000000001
1663,0.205,0.11126098950352917,0.6125,0.06089065101200386,0.157,0.30031702985000763,0.8681179828734539,0.1985,0.5485902564276077,0.19809046195176055,0.009500000000000001
1664,0.098,0.19696194225721786,0.7415,0.14532385869752376,0.16799999999999998,0.5559999999999999,0.5016627331754872,0.123,0.4585,0.0635,0.0045000000000000005
1665,0.133,0.09549999999999999,0.667,0.034,0.025500000000000002,0.12104856465186539,0.7149764311638437,0.037,0.4175,0.19120948616600789,0.008
1666,0.119,0.08,0.6315,0.09397029702970298,0.10799999999999998,0.10096266696266695,0.8636909160892994,0.07,0.6428996827914354,0.09750637636177603,0.003
1667,0.33199999999999996,0.0355,0.5269999999999999,0.033499999999999995,0.020999999999999998,0.14069145133093333,0.8494999999999999,0.1485,0.5655,0.22949999999999998,0.0075
1668,0.20350000000000001,0.05450000000000001,0.588,0.04648469387755102,0.023000000000000003,0.20687575634544936,0.9225,0.18749999999999997,0.3743333333333333,0.21749999999999997,0.004
1669,0.040999999999999995,0.052500000000000005,0.6154999999999999,0.027999999999999997,0.049,0.11099999999999999,0.9470000000000001,0.015,0.4003333333333333,0.07349999999999998,0.0
1670,0.18749999999999997,0.053000000000000005,0.5589999999999999,0.064,0.06200000000000001,0.07354822954822957,0.8921179828734539,0.0965,0.49049999999999994,0.18800000000000003,0.002
1671,0.025500000000000002,0.034,0.5145000000000001,0.03747029702970297,0.0155,0.13377411477411477,0.9085000000000001,0.05,0.515349504950495,0.11740316205533596,0.0
1672,0.3225,0.131,0.7525,0.05595499090725399,0.0745,0.39704319455572423,0.8388942690143886,0.128,0.559375,0.3368079207920792,0.042992678507408046
1673,0.20800000000000002,0.1485,0.6719999999999999,0.065,0.076,0.1534144310823312,0.8823818321785989,0.149,0.6115,0.2205,0.006993593955321944
1674,0.13799999999999998,0.0225,0.6649999999999999,0.03693478888705197,0.035500000000000004,0.13077411477411477,0.7870000000000001,0.013000000000000001,0.30883333333333335,0.085350040478118,0.002
1675,0.13999999999999999,0.0785,0.639,0.040499999999999994,0.06449999999999999,0.08629195281002484,0.7775668103448276,0.0485,0.449,0.24733774834437083,0.0
1676,0.051000000000000004,0.043000000000000003,0.5965,0.011500000000000002,0.017499999999999998,0.06649999999999999,0.934703352925089,0.0225,0.3825,0.197,0.0005
1677,0.44499999999999995,0.056999999999999995,0.6495,0.09086259541984734,0.051500000000000004,0.17218913226621738,0.6466179828734537,0.1365,0.41183333333333333,0.3370472345103787,0.01598766634209672
1678,0.33849999999999997,0.24646043656207367,0.66,0.05393968478480501,0.1075,0.992,0.47216991939708775,0.1915,0.46075,0.26407008793871667,0.04299359395532194
1679,0.045500000000000006,0.025,0.6035,0.0155,0.023,0.121,0.8895,0.014000000000000002,0.28300000000000003,0.184,0.0005
1680,0.39899999999999997,0.0938897048547566,0.577,0.04097029702970297,0.10550000000000001,0.18646300206630279,0.6146179828734539,0.0915,0.33974956024626213,0.396181435269536,0.015
1681,0.035500000000000004,0.15550000000000003,0.977,0.11955457279847756,0.19049999999999997,0.5081285508241228,0.48922274573134905,0.034,0.876,0.017338870431893687,0.0075
1682,0.5675,0.1135,0.621,0.04097029702970297,0.0775,0.12659084182973354,0.8286179828734539,0.22199999999999998,0.3908333333333333,0.3414039603960396,0.009499999999999998
1683,0.2125,0.18992926829268292,0.6845000000000001,0.1071872286388686,0.149,0.4892662450858629,0.35865727482691884,0.1935,0.5105000000000001,0.1155,0.01
1684,0.31449999999999995,0.25549999999999995,0.7285,0.064,0.08349999999999999,0.7598782727189358,0.8225186006695775,0.1695,0.5706662269129288,0.2835,0.022
1685,0.0245,0.015,0.41,0.05393968478480501,0.052500000000000005,0.12212903566805719,0.8539999999999999,0.02,0.30795833333333333,0.11340396039603962,0.0015
1686,0.333,0.19439954597048806,0.687,0.06478252615934874,0.10200000000000001,0.19907453882001974,0.7654426637955473,0.1325,0.6095,0.30344687842278206,0.012987350117004495
1687,0.1395,0.007973967684021544,0.5255,0.046860948041706825,0.07200000000000001,0.13716231159391667,0.9280000000000002,0.077,0.2829995049504951,0.1604968317020909,0.009
1688,0.297,0.06685853658536586,0.6715,0.039920392039203924,0.1475,0.4197545839446885,0.5356848652898509,0.646,0.6493328382838284,0.15860689847059573,0.006
1689,0.17200000000000001,0.25549999999999995,0.866,0.040999999999999995,0.082,0.3879178888434344,0.3863087521042231,0.21900000000000003,0.45933333333333326,0.30050000000000004,0.022490448979591838
1690,0.038,0.020999999999999998,0.556,0.017,0.022500000000000003,0.15268855218855218,0.562,0.058499999999999996,0.4385,0.11950000000000001,0.0034999999999999996
1691,0.035,0.08449999999999999,0.575,0.04721485508985967,0.057999999999999996,0.0965,0.6786179828734538,0.034,0.299875,0.03933774834437086,0.001
1692,0.1265,0.021500000000000002,0.5615,0.05538785046728972,0.048,0.12200000000000003,0.9389999999999998,0.0195,0.23899950495049507,0.20920096375354583,0.003487550823544455
1693,0.10500000000000001,0.0395,0.523,0.04886921317060182,0.053500000000000006,0.3199884963219472,0.7586909160892995,0.026000000000000002,0.24708333333333332,0.1795,0.028500000000000004
1694,0.03150000000000001,0.0205,0.5770000000000001,0.028443925233644862,0.006500000000000001,0.13877411477411478,0.933133764832794,0.024,0.31533333333333335,0.05030632411067194,0.001
1695,0.38449999999999995,0.05044500632111252,0.6144999999999999,0.09338974173740291,0.062,0.2153104603239943,0.7484208310367586,0.189,0.29100000000000004,0.4295373403745426,0.0095
1696,0.3155,0.12733232663975474,0.5845,0.07577828571050886,0.11099999999999999,0.9210952965878704,0.541586224297532,0.11900000000000002,0.4883158544085971,0.2589413007705822,0.0235
1697,0.231,0.12639954597048808,0.6915000000000001,0.037484693877551024,0.0935,0.2772948639057087,0.5593555681385155,0.0755,0.665,0.20847194910352806,0.009
1698,0.043,0.0495,0.5205,0.032499999999999994,0.020000000000000004,0.175,0.9365,0.08449999999999999,0.2825,0.0857526765385428,0.0
1699,0.1335,0.058499999999999996,0.5845,0.03150000000000001,0.0905,0.12977383863080683,0.8056179828734539,0.053000000000000005,0.43649999999999994,0.26814519454256563,0.0055000000000000005
1700,0.0635,0.1335,0.47750000000000004,0.011374711763310076,0.05,0.16577383863080686,0.8576179828734538,0.0695,0.5469999999999999,0.19074240592348157,0.012
1701,0.33399999999999996,0.13087427461379544,0.6859999999999999,0.13735733916873719,0.053000000000000005,0.177,0.9004999999999999,0.19349999999999998,0.52115,0.292903162055336,0.009000000000000001
1702,0.3085,0.1524421605382547,0.5940000000000001,0.06945009500950096,0.133,0.1555,0.7016393283223936,0.142,0.5584999999999999,0.17264566913645005,0.043500000000000004
1703,0.10049999999999999,0.0295,0.6255,0.05048469387755102,0.0435,0.1085,0.844,0.01,0.2848333333333334,0.14740316205533596,0.002
1704,0.0665,0.061,0.6265000000000001,0.010470297029702971,0.022,0.06796358214396796,0.6495,0.027499999999999997,0.43803283828382844,0.19583887043189369,0.0015
1705,0.37796761842959115,0.0965,0.6799999999999999,0.026352315735890704,0.16099999999999998,0.18777383863080685,0.7790000000000001,0.13149999999999998,0.5948328382838284,0.2130764722607151,0.0075000000000000015
1706,0.012,0.0235,0.572,0.05901171948716388,0.021,0.1055,0.9435,0.001,0.20233333333333334,0.09190316205533597,0.004
1707,0.2475,0.2535,0.718,0.06536007682400893,0.0955,0.9310974644073665,0.7669117835262218,0.12149999999999998,0.4648,0.3346070074020927,0.016999999999999998
1708,0.044000000000000004,0.014499999999999999,0.744,0.08097029702970297,0.047,0.121,0.9644999999999999,0.0075,0.2985,0.1095,0.005
1709,0.2605,0.0495,0.6990000000000001,0.030000000000000006,0.0225,0.07096326400727122,0.9305,0.05650000000000001,0.46699999999999997,0.27199999999999996,0.012493593955321946
1710,0.41,0.098,0.261,0.05545499090725399,0.12050000000000001,0.32048265177049506,0.6213693606838072,0.18749999999999997,0.52575,0.23907647226071513,0.0075
1711,0.266,0.052000000000000005,0.611,0.03541422226334783,0.148,0.1702567665446099,0.9097849504674592,0.144,0.619624504950495,0.15217661877626457,0.006
1712,0.1155,0.08499999999999999,0.607,0.021,0.2,0.08827411477411477,0.9410000000000001,0.0435,0.408332892998679,0.157,0.0055
1713,0.20800000000000002,0.027000000000000003,0.675,0.062484693877551026,0.034,0.1275,0.958430101769537,0.0385,0.6661662269129287,0.08549999999999999,0.011
1714,0.001,0.0035000000000000005,0.47850000000000004,0.0325,0.0045,0.13,0.9654999999999999,0.002,0.332,0.05190316205533596,0.0
1715,0.0335,0.026000000000000002,0.5885,0.002,0.0385,0.12349999999999998,0.583,0.014499999999999999,0.5239333333333334,0.04390316205533597,0.0025
1716,0.40446761842959117,0.148,0.5925,0.10240998181450797,0.19899999999999998,0.3115909872985535,0.7360665125205026,0.16699999999999998,0.39099911991160774,0.19397918545379078,0.026500000000000003
1717,0.16,0.042499999999999996,0.5425000000000001,0.15326486102670417,0.06,0.0965,0.8875,0.14300000000000002,0.5414231206601408,0.19611881060977557,0.009
1718,0.0405,0.0405,0.5359999999999999,0.04676504166022845,0.0025,0.1294981544955233,0.8855000000000001,0.016999999999999998,0.51,0.08621539065296926,0.0009873499837820304
1719,0.1855,0.022000000000000002,0.5700000000000001,0.022,0.074,0.08577383863080684,0.851,0.0465,0.4805,0.227,0.004
1720,0.403,0.07090091116173121,0.609,0.05593447645147168,0.062,0.1145,0.7386848652898508,0.09849999999999999,0.4410333333333333,0.20844687842278203,0.005
1721,0.437,0.28200000000000003,0.705,0.0595,0.0955,0.1764253339253339,0.7615666974684497,0.17149999999999999,0.558499504950495,0.3355604406950403,0.028000000000000004
1722,0.11850000000000001,0.0725,0.607,0.04939065101200386,0.0195,0.17546324704033214,0.9251909160892995,0.0335,0.3215,0.11894687842278204,0.0015
1723,0.2125,0.07449999999999998,0.5740000000000001,0.0155,0.10800000000000001,0.2362003666453493,0.09549999999999999,0.148,0.6335,0.1619629349470499,0.004487345879299156
1724,0.0325,0.0125,0.54,0.047827778775061426,0.0235,0.10735410094637224,0.9564999999999999,0.0085,0.21533333333333332,0.142350040478118,0.0125
1725,0.40449999999999997,0.074,0.662,0.06797029702970298,0.11500000000000002,0.2532446967974922,0.9344999999999999,0.1285,0.43916666666666665,0.280484863315163,0.014000000000000002
1726,0.24400000000000005,0.22750000000000004,0.7335,0.05533037385371189,0.05449999999999999,0.6185758060285895,0.7949675002125207,0.154,0.4925,0.4101440724550428,0.013500000000000002
1727,0.041999999999999996,0.059,0.651,0.018344770701559952,0.087,0.1785,0.41873596574690775,0.1355,0.543499504950495,0.0991440724550428,0.0055
1728,0.45599999999999996,0.1,0.6664999999999999,0.13229450110755878,0.0925,0.14837794639573795,0.8921347290361842,0.19649999999999998,0.5635833333333333,0.23465916197623513,0.013000000000000001
1729,0.125,0.1255,0.5505000000000001,0.0485,0.129,0.23286559450187302,0.05758537005163511,0.10900000000000001,0.6715,0.1905,0.005487666342096723
1730,0.357,0.0465,0.6359999999999999,0.029500000000000005,0.10750000000000001,0.17568855218855223,0.867664652049216,0.242,0.491,0.3015,0.0055
1731,0.21150000000000002,0.07200000000000001,0.6674999999999999,0.03047029702970297,0.139,0.316453520481192,0.8354208310367586,0.1335,0.5208323985300904,0.25932341000023745,0.00449359185014788
1732,0.1295,0.017499999999999998,0.475,0.037,0.0355,0.11349744420849608,0.8546179828734539,0.007000000000000001,0.29700000000000004,0.3645,0.0015
1733,0.17950000000000002,0.05950000000000001,0.6014999999999999,0.025500000000000002,0.07200000000000001,0.064,0.9834999999999999,0.05349999999999999,0.43987462834489593,0.11440316205533596,0.0055
1734,0.18050000000000002,0.0485,0.584,0.056883853541416576,0.0655,0.1105,0.537566882416397,0.0655,0.5307499999999999,0.1578503498927573,0.002
1735,0.0975,0.055999999999999994,0.5925,0.06841422226334783,0.034999999999999996,0.12661474509945878,0.8847577985056965,0.054000000000000006,0.45616666666666666,0.14569376034593426,0.001
1736,0.093,0.081,0.512,0.013399159663865545,0.12150000000000001,0.14509067998596692,0.8094999999999999,0.0925,0.35525,0.362,0.0015
1737,0.17300000000000001,0.1358780704794941,0.6799999999999999,0.06293968478480501,0.1305,0.635,0.46177309315518755,0.089,0.602249504950495,0.22944900842305577,0.022
1738,0.361,0.183,0.631,0.04895673076923077,0.13199999999999998,0.19865101005062777,0.824814870353966,0.148,0.5668328935795953,0.18712946872249198,0.008499999999999999
1739,0.066,0.015,0.6085,0.01447029702970297,0.027499999999999997,0.1489147806004619,0.9299999999999999,0.0595,0.4915,0.0795,0.002
1740,0.2225,0.0235,0.7075000000000001,0.032499999999999994,0.0485,0.17661420701518246,0.9525,0.037000000000000005,0.37299999999999994,0.1512428308279333,0.003
1741,0.47250000000000003,0.045000000000000005,0.356,0.024,0.0465,0.057499999999999996,0.8525668103448275,0.1595,0.35850000000000004,0.30399999999999994,0.0005
1742,0.0905,0.1,0.7939999999999999,0.006,0.0995,0.24615066053249707,0.3465,0.0835,0.5660000000000001,0.0895,0.0005
1743,0.4844676184295912,0.08399999999999999,0.6674999999999999,0.035500000000000004,0.121,0.2098644309683134,0.945,0.156,0.583,0.164,0.0115
1744,0.0155,0.024,0.5129999999999999,0.027943925233644862,0.013000000000000001,0.091,0.9470000000000001,0.051000000000000004,0.21549950495049508,0.19030632411067192,0.0005
1745,0.0165,0.0425,0.383,0.02973851496880093,0.0355,0.149,0.662617982873454,0.020499999999999997,0.43674818394653203,0.14881171448507416,0.0
1746,0.1915,0.16349999999999998,0.7175,0.06338436641370848,0.089,0.2671842443934765,0.7517358535958873,0.11099999999999999,0.40499999999999997,0.1663388704318937,0.006500000000000001
1747,0.417,0.14300000000000002,0.603,0.0435,0.07,0.21553053525939334,0.7388028481633048,0.16,0.35774950495049507,0.259946878422782,0.007987666342096722
1748,0.40049999999999997,0.142,0.5824999999999999,0.047829464579110983,0.1285,0.21193630864534815,0.7134675002125207,0.2475,0.42400000000000004,0.4499039603960395,0.0115
1749,0.006,0.021,0.612,0.0235,0.0125,0.20050000000000004,0.8210000000000001,0.0055,0.4077995245641838,0.07744687842278204,0.0
1750,0.06999999999999999,0.038,0.48949999999999994,0.017,0.0185,0.12377444987775062,0.883,0.004999999999999999,0.347,0.3,0.0034686121285355644
1751,0.0635,0.014500000000000002,0.558,0.028500000000000004,0.019,0.15496326400727123,0.8985000000000001,0.0215,0.36374999999999996,0.20370464368746038,0.0005
1752,0.1505,0.17940969087732814,0.7635,0.023484693877551022,0.12450000000000001,0.3645874818301338,0.31615829787234045,0.197,0.4095,0.18850000000000003,0.003
1753,0.177,0.065,0.8015000000000001,0.036720698319116674,0.0635,0.2590053515503234,0.8147042553567585,0.1355,0.598457892998679,0.08432918586810478,0.0125
1754,0.34249999999999997,0.1649421605382547,0.5995,0.08945009500950095,0.15,0.13782271202683277,0.7441393283223936,0.143,0.5344995049504951,0.1988079207920792,0.027000000000000003
1755,0.43099999999999994,0.12335060266357376,0.575,0.11438027884421094,0.12050000000000001,0.192,0.8865000000000001,0.2245,0.5511662269129287,0.23450000000000001,0.014500000000000002
1756,0.32099999999999995,0.1095,0.6975,0.06245917942309694,0.08299999999999999,0.20898905410541685,0.9241179828734538,0.0935,0.4795,0.1445,0.014000000000000002
1757,0.318,0.08050000000000002,0.595,0.08833033579680886,0.06,0.2299629289036354,0.8865000000000001,0.052000000000000005,0.4131666666666667,0.11250800174831524,0.013999999999999999
1758,0.19,0.1204485782019183,0.508,0.389970297029703,0.1525,0.23966632114828937,0.9125853700516352,0.07200000000000001,0.5541662269129287,0.16985004047811803,0.007000000000000001
1759,0.521,0.15996194225721785,0.6415,0.026000000000000002,0.066,0.15334463540993895,0.7422404654169361,0.23699999999999996,0.3665,0.4079039603960396,0.0105
1760,0.5335000000000001,0.05450000000000001,0.6265,0.04848469387755101,0.051500000000000004,0.13854822954822954,0.8484999999999999,0.0845,0.322,0.185,0.0015
1761,0.203,0.0335,0.6025,0.03949999999999999,0.065,0.11181676790903919,0.9285,0.0505,0.2845833333333333,0.19249999999999998,0.012
1762,0.004,0.026500000000000003,0.652,0.021,0.019,0.15715206116985275,0.9075,0.013000000000000001,0.32183333333333336,0.057403162055335966,0.0
1763,0.20800000000000002,0.027000000000000003,0.675,0.062484693877551026,0.034,0.1275,0.958430101769537,0.0385,0.6661662269129287,0.08549999999999999,0.011
1764,0.008499999999999999,0.0055,0.605,0.018,0.003,0.13504856465186538,0.958,0.008000000000000002,0.35633333333333334,0.0595,0.004
1765,0.329,0.266,0.716,0.12047364819266868,0.14699999999999996,0.49598259614669066,0.48301910612390364,0.2445,0.4837486242811863,0.20799733480549612,0.02649359185014788
1766,0.132,0.0175,0.5574999999999999,0.03949999999999999,0.027500000000000004,0.1325,0.8724999999999999,0.022,0.458,0.24850000000000003,0.0015
1767,0.046,0.006,0.558,0.036484693877551023,0.016,0.10835410094637225,0.944,0.0105,0.23875000000000002,0.145,0.0
1768,0.038,0.022,0.5279999999999999,0.05648469387755102,0.019499999999999997,0.10935438042620363,0.9065,0.01,0.19983333333333334,0.111350040478118,0.0025
1769,0.11850000000000001,0.025,0.71,0.05,0.08299999999999999,0.146063943368375,0.9029999999999999,0.013500000000000002,0.349749504950495,0.06699999999999999,0.0034999999999999996
1770,0.38449999999999995,0.05044500632111252,0.6144999999999999,0.09338974173740291,0.062,0.2153104603239943,0.7484208310367586,0.189,0.29100000000000004,0.4295373403745426,0.0095
1771,0.004,0.043,0.46900000000000003,0.017,0.026500000000000003,0.0975,0.8795,0.1365,0.24175,0.08930632411067194,0.0
1772,0.1855,0.064,0.547,0.10099153855549925,0.061,0.13768913226621735,0.8104055687299907,0.10049999999999999,0.5003310233921934,0.19601950998568085,0.008493593955321945
1773,0.2685,0.11692667332901818,0.563,0.0258775411889392,0.11400000000000002,0.2510360280005951,0.144,0.17350000000000002,0.6483735003663529,0.15531913781359957,0.008993593955321946
1774,0.16499999999999998,0.043000000000000003,0.6399999999999999,0.0734133129887469,0.08449999999999999,0.1626072496060794,0.8744999999999999,0.027000000000000003,0.5327500000000001,0.1576945586866379,0.0005
1775,0.723,0.17948663594470046,0.719,0.053233492386547565,0.096,0.4207075731024939,0.11349376425260413,0.10300000000000001,0.45166573186342374,0.3853079207920792,0.012
1776,0.13799999999999998,0.126,0.7795,0.060999999999999985,0.064,0.09331702985000762,0.7556673472531432,0.1255,0.5885,0.28049999999999997,0.04149375616168255
1777,0.21550000000000002,0.1284009111617312,0.74,0.043964491857349,0.1145,0.296237085671139,0.5676950167961101,0.1165,0.5055,0.17450000000000002,0.016
1778,0.0025,0.0395,0.4454999999999999,0.07274342318530211,0.0155,0.13677411477411477,0.6125,0.0,0.23900000000000002,0.08920008095623602,0.001
1779,0.26450000000000007,0.09546133682830929,0.418,0.2097862359786638,0.06000000000000001,0.29885518283491086,0.711566882416397,0.0315,0.27794950495049503,0.18773356305358133,0.0005
1780,0.0035000000000000005,0.008499999999999999,0.42400000000000004,0.0075000000000000015,0.026500000000000003,0.1485,0.5680000000000001,0.012,0.26949999999999996,0.057499999999999996,0.0
1781,0.018500000000000003,0.0325,0.47450000000000003,0.0105,0.006,0.17550000000000002,0.7324999999999999,0.008,0.41899999999999993,0.06940316205533598,0.0005
1782,0.015500000000000003,0.027000000000000003,0.42699999999999994,0.049,0.057499999999999996,0.1395,0.6781179828734538,0.012,0.489,0.11200000000000002,0.0
1783,0.0415,0.024,0.517,0.05440998181450798,0.0075,0.09494001874914566,0.7834999999999999,0.031,0.4218333333333334,0.09794687842278202,0.0005
1784,0.12899999999999998,0.0245,0.566,0.02798469387755102,0.020499999999999997,0.09823769691808273,0.806,0.003,0.306875,0.19367661877626458,0.0105
1785,0.043000000000000003,0.05089016610150009,0.499,0.021,0.1795,0.2357803113961418,0.4562069219135692,0.028000000000000004,0.8750333333333333,0.04340316205533597,0.0034999999999999996
1786,0.329,0.084,0.561,0.17636921317060184,0.099,0.2424632640072712,0.6412314223145927,0.0605,0.2650828935795954,0.091,0.009
1787,0.49749999999999994,0.1865,0.7175,0.062354150571119524,0.13499999999999998,0.17700535155032343,0.5304252185557665,0.22150000000000003,0.4854161716171618,0.37687451324913795,0.009999999999999998
1788,0.16699999999999998,0.09949999999999999,0.6485,0.014000000000000002,0.15299999999999997,0.2236972138092411,0.7040000000000001,0.1025,0.48699999999999993,0.31643098591549296,0.0085
1789,0.4425,0.1835,0.6775,0.01047029702970297,0.07349999999999998,0.20968676133203337,0.6150668824163971,0.12,0.4340833333333333,0.42633887043189367,0.007000000000000001
1790,0.6134999999999999,0.20048021828103685,0.8115,0.06518734841894697,0.142,0.3282317854011418,0.7146848652898508,0.137,0.573,0.17790484319334945,0.009
1791,0.0595,0.033,0.6425,0.025470297029702972,0.0675,0.12018913226621734,0.5974999999999999,0.03900000000000001,0.5655,0.10840396039603961,0.0055
1792,0.321,0.1695,0.35500000000000004,0.08594392523364487,0.057999999999999996,0.139,0.7098088989627532,0.016,0.73125,0.12040316205533597,0.0005
1793,0.3,0.07829679274003679,0.31050000000000005,0.06545499090725398,0.12799999999999997,0.2908009828573752,0.9324999999999999,0.0875,0.4962912269129287,0.24468970925071534,0.009
1794,0.041999999999999996,0.014499999999999999,0.43550000000000005,0.016999999999999998,0.032,0.11922481203319817,0.6918539486203616,0.021500000000000002,0.26725000000000004,0.07350000000000001,0.005
1795,0.27,0.1715,0.744,0.12485369555891797,0.16599999999999998,0.49469365441363566,0.42096082840575705,0.2105,0.3055416666666667,0.5572496767118279,0.013500000000000002
1796,0.12450000000000001,0.17296194225721787,0.618,0.1098692131706018,0.1585,0.5611424530194183,0.534605139347902,0.11750000000000001,0.3135,0.088,0.011
1797,0.032,0.010499999999999999,0.48450000000000004,0.04890907253990705,0.0105,0.13119233872118502,0.9535,0.01,0.2999166666666667,0.05980632411067194,0.001
1798,0.05,0.0345,0.637,0.017470297029702972,0.014500000000000002,0.11068855218855218,0.7455,0.016,0.40549999999999997,0.043500000000000004,0.0
1799,0.003,0.0355,0.45199999999999996,0.0692434231853021,0.009500000000000001,0.13627411477411477,0.6475,0.0,0.25216666666666665,0.059253202533453966,0.0015
1800,0.32,0.18850000000000003,0.5860000000000001,0.052000000000000005,0.1335,0.33573344736734556,0.7575000000000001,0.2065,0.59175,0.24084079928532492,0.0125
1801,0.1715,0.04046194225721785,0.49799999999999994,0.0834875894537023,0.033,0.12196668199172742,0.8789999999999999,0.10800000000000001,0.6379516659528178,0.22916507811707879,0.0025
1802,0.0605,0.15532692233296896,0.788,0.016,0.05800000000000001,0.24670062582171814,0.5991178707224335,0.4535,0.413749504950495,0.31590396039603963,0.006993756161682551
1803,0.23450000000000001,0.14531143162086738,0.6115,0.095892809790033,0.0885,0.3745413877081129,0.39749999999999996,0.197,0.4260999999999999,0.22794163147477642,0.0195
1804,0.05750000000000001,0.0915,0.6245,0.029288432278048115,0.044000000000000004,0.1532744498777506,0.7697984168820099,0.0675,0.462624504950495,0.236,0.0005
1805,0.2835,0.259,0.6265,0.06287447367185697,0.1065,0.5742518965309078,0.7733028481633047,0.14700000000000002,0.5164162269129288,0.35870384534675676,0.02
1806,0.093,0.0505,0.5845,0.03285481632275378,0.051000000000000004,0.14627411477411478,0.8574610762586076,0.027500000000000004,0.390499504950495,0.1656348114806651,0.0015
1807,0.1485,0.0455,0.7865,0.07300000000000001,0.06999999999999999,0.09727411477411478,0.951,0.026000000000000002,0.36150000000000004,0.09,0.003
1808,0.0315,0.02648021828103684,0.538,0.0185,0.096,0.20800000000000002,0.0415,0.01,0.7195,0.07277263239494884,0.0015
1809,0.0045,0.0055,0.6984999999999999,0.0245,0.003,0.18965206116985273,0.9109999999999999,0.0025,0.377,0.049903162055335966,0.0
1810,0.3245,0.12346194225721785,0.7445,0.037390689068906885,0.138,0.17942526285768834,0.8640000000000001,0.11549999999999998,0.5810000000000001,0.21823872391634422,0.0085
1811,0.324,0.037500000000000006,0.43499999999999994,0.11424162541182595,0.024,0.09146324704033212,0.9056179828734539,0.11400000000000002,0.45058289357959536,0.19256032498482953,0.0025
1812,0.135,0.16692926829268295,0.7939999999999999,0.03149999999999999,0.1255,0.38264144677424333,0.43120296775522904,0.07250000000000001,0.66975,0.1292818247343146,0.01
1813,0.254,0.1119219404570313,0.635,0.08492505001795517,0.11950000000000001,0.4244823166668592,0.28306655060991953,0.219,0.41500000000000004,0.23616285768141587,0.024
1814,0.22149999999999997,0.22336603208795025,0.7075,0.1016669554624996,0.12149999999999998,0.5001773692538203,0.4024752686694737,0.0985,0.5039999999999999,0.10873150518993493,0.005
1815,0.612,0.08149999999999999,0.7745,0.024323473050684406,0.16199999999999998,0.23093971814878453,0.9156179828734539,0.07750000000000001,0.5528490651967571,0.22752957687897296,0.0055
1816,0.6035,0.06999999999999999,0.595,0.03828179513217732,0.1065,0.1893700805442859,0.881,0.20049999999999998,0.4631657318634238,0.3139643127074406,0.018
1817,0.396,0.14550000000000002,0.475,0.0618676484470877,0.126,0.25506802714523447,0.917,0.275,0.40745,0.22514063876871632,0.24597497293890677
1818,0.0315,0.034399545970488075,0.6174999999999999,0.036984693877551024,0.0335,0.14150000000000001,0.885,0.0375,0.41475,0.0799039603960396,0.0055
1819,0.24900000000000003,0.12294216053825469,0.7685000000000001,0.07994059405940594,0.168,0.9339999999999999,0.5638435263534225,0.0915,0.5017578929986791,0.18452553716685974,0.015000000000000003
1820,0.5734999999999999,0.015,0.48100000000000004,0.03047029702970297,0.059,0.09350000000000001,0.8744999999999999,0.154,0.276,0.2234213673541267,0.0
1821,0.3535,0.07552675425779959,0.641,0.024425287936956964,0.095,0.2696627959094927,0.908566882416397,0.0455,0.6091907514771127,0.20527391020043573,0.004
1822,0.088,0.031999999999999994,0.547,0.048420353982300886,0.0415,0.13165482227011854,0.8984268818362071,0.051500000000000004,0.43008289299867897,0.19440316205533598,0.004
1823,0.32649999999999996,0.10346133682830931,0.5165,0.12479528270542443,0.1595,0.20558979716439127,0.9281178707224335,0.101,0.4244152915287695,0.18009254755923212,0.0075
1824,0.14250000000000002,0.081,0.27599999999999997,0.1108267003350912,0.0655,0.29365206116985276,0.6486567967836663,0.122,0.23958283828382837,0.15181956277983696,0.016999999999999998
1825,0.15399999999999997,0.09241612822227623,0.6170000000000001,0.061969387755102044,0.085,0.0856888141295206,0.8864313815062355,0.0925,0.5439999999999999,0.08240316205533596,0.0055
1826,0.27249999999999996,0.1685,0.5850000000000001,0.09626557973512741,0.19949999999999998,0.21307185099965062,0.7387358535958873,0.1095,0.5358661916072842,0.1939039603960396,0.0235
1827,0.020499999999999997,0.0395,0.634,0.0628150296743599,0.010499999999999999,0.11312821572048701,0.9135,0.007000000000000001,0.43099999999999994,0.086850040478118,0.0015
1828,0.386,0.17216179716680152,0.6995,0.09692702779893374,0.10300000000000001,0.4643090467877812,0.6112401336104586,0.202,0.590625,0.2742417087404105,0.012
1829,0.053000000000000005,0.019,0.583,0.0875,0.040499999999999994,0.06204242264668804,0.9525,0.0034999999999999996,0.35000000000000003,0.246,0.0055000000000000005
1830,0.052500000000000005,0.0015,0.5450000000000002,0.042984693877551015,0.0075000000000000015,0.0675,0.9964999999999999,0.019,0.313625,0.15885004047811796,0.0015
1831,0.392,0.158,0.6835,0.04247029702970297,0.0845,0.2812368095278311,0.9145899827560028,0.08249999999999999,0.2605,0.16444687842278205,0.016
1832,0.4285,0.0675,0.6265000000000001,0.04483987480380691,0.0695,0.2308393314539917,0.8218818321785989,0.10350000000000001,0.5309995049504951,0.134189220324651,0.017
1833,0.2885,0.039,0.6975,0.032860948041706826,0.1145,0.12490210000636541,0.933,0.0625,0.5411666666666666,0.1765,0.0015
1834,0.05,0.021,0.55,0.027470297029702974,0.0305,0.15000000000000002,0.7610000000000001,0.09699999999999999,0.3575,0.1415,0.0005
1835,0.4225,0.0995,0.6265,0.0355,0.1015,0.13973678173678175,0.7094313815062355,0.2475,0.521,0.24000000000000005,0.017493593955321945
1836,0.6479999999999999,0.046,0.527,0.042499999999999996,0.022500000000000003,0.14718855218855217,0.848566882416397,0.3925,0.42650000000000005,0.34700000000000003,0.0034999999999999996
1837,0.3485,0.20546043656207363,0.6540000000000001,0.053354816322753774,0.121,0.9757717593015703,0.492511555004319,0.20500000000000002,0.487,0.265,0.03999359395532195
1838,0.10049999999999999,0.0685,0.7055,0.025,0.07749999999999999,0.15638728152238981,0.752,0.0335,0.5365,0.1275,0.0015
1839,0.3145,0.125,0.6495,0.014500000000000002,0.057499999999999996,0.040542915075892846,0.8585,0.08499999999999999,0.35300000000000004,0.3045,0.001
1840,0.34550000000000003,0.088,0.669,0.01797029702970297,0.20650000000000004,0.13456207235088033,0.9015000000000001,0.063,0.3980833333333333,0.13799999999999998,0.026000000000000002
1841,0.3565,0.248,0.6495,0.07897029702970297,0.066,0.22216700688595753,0.8014268818362071,0.22649999999999998,0.5485,0.3364999999999999,0.0225
1842,0.135,0.16692926829268295,0.7939999999999999,0.03149999999999999,0.1255,0.38264144677424333,0.43120296775522904,0.07250000000000001,0.66975,0.1292818247343146,0.01
1843,0.12450000000000001,0.039,0.535,0.10794059405940595,0.035500000000000004,0.14052942748792555,0.9720000000000001,0.054000000000000006,0.32566666666666666,0.2085,0.001
1844,0.2705,0.20939634650331307,0.6765000000000001,0.09035148514851483,0.128,0.27762832033588647,0.46605391455697925,0.1615,0.58,0.2816295938379331,0.0295
1845,0.579,0.11196194225721785,0.754,0.054847381781234626,0.10650000000000001,0.22873708567113898,0.9230679650492668,0.0945,0.54925,0.13179184549356224,0.03
1846,0.4885,0.051500000000000004,0.6799999999999999,0.02748469387755102,0.086,0.11946011174675182,0.8780000000000001,0.30300000000000005,0.32125,0.1983388704318937,0.0005
1847,0.08249999999999999,0.07549999999999998,0.5650000000000001,0.04394059405940594,0.05,0.171,0.594,0.056499999999999995,0.5907495049504952,0.08739950483136256,0.0035000000000000005
1848,0.38550000000000006,0.175,0.7275,0.05347029702970296,0.0775,0.3384333164287258,0.7631179828734538,0.136,0.5574999999999999,0.278,0.007000000000000001
1849,0.006500000000000001,0.017499999999999998,0.5780000000000001,0.03848469387755102,0.05449999999999999,0.10877411477411478,0.958,0.007999999999999998,0.29933333333333334,0.12085004047811801,0.013999999999999999
1850,0.42750000000000005,0.09089213681086467,0.7035,0.04470153235235416,0.0875,0.2565875462469867,0.881,0.20400000000000001,0.3827495049504951,0.32160404135227566,0.022
1851,0.302,0.08841052045913615,0.6285000000000001,0.05843028478105543,0.153,0.091,0.4535,0.1535,0.6123333333333334,0.10712959383793308,0.016
1852,0.44600000000000006,0.1035,0.6094999999999999,0.0793709530325786,0.09949999999999999,0.16206669226758136,0.8141179828734538,0.223,0.608,0.2969807487326814,0.006
1853,0.0445,0.03150000000000001,0.519,0.04392528793695696,0.06349999999999999,0.15950000000000003,0.8714999999999999,0.017,0.22358333333333333,0.128,0.012
1854,0.037,0.0125,0.556,0.03986945669356852,0.014000000000000002,0.08850000000000001,0.9339999999999999,0.009000000000000001,0.46783333333333327,0.0715,0.0
1855,0.21146761842959116,0.06899999999999999,0.583,0.02398469387755102,0.03950000000000001,0.11441241970720983,0.7952359657469078,0.09599999999999999,0.540832892998679,0.26709692240127025,0.002
1856,0.3235,0.048,0.4545,0.021500000000000002,0.11649999999999998,0.11818668914521249,0.8662031679771417,0.15050000000000002,0.41100000000000003,0.348,0.029993593955321945
1857,0.006500000000000001,0.013000000000000001,0.5345,0.14084338655540943,0.054000000000000006,0.119,0.849,0.001,0.17695783828382838,0.1142846267671529,0.0115
1858,0.003,0.002,0.5155000000000001,0.09327312615559913,0.014500000000000002,0.10877411477411478,0.9039999999999999,0.0005,0.25033333333333335,0.07785004047811801,0.002
1859,0.1355,0.08646194225721786,0.6085,0.10545499090725399,0.0845,0.254305008210422,0.893,0.0465,0.40466622691292875,0.15529691890090006,0.0155
1860,0.019,0.009,0.65,0.02798469387755102,0.0395,0.074,0.8789999999999999,0.014500000000000002,0.258,0.07890316205533596,0.0005
1861,0.382,0.26096194225721786,0.6735,0.0925427082225185,0.15250000000000002,0.8324506758708301,0.5909189828083706,0.21300000000000002,0.4250828382838284,0.31533119727891024,0.027000000000000003
1862,0.22599999999999998,0.028999999999999998,0.5269999999999999,0.03292947645279992,0.1055,0.12818685261802137,0.767,0.14,0.39095,0.25540396039603963,0.014000000000000002
1863,0.0125,0.010000000000000002,0.545,0.04598469387755102,0.0075000000000000015,0.14577444987775062,0.983,0.0075000000000000015,0.29008333333333336,0.06440316205533597,0.0
1864,0.4655,0.058499999999999996,0.5415,0.1313709530325786,0.10500000000000001,0.2145,0.6016179828734538,0.15800000000000003,0.5522495049504951,0.12590316205533597,0.002
1865,0.0115,0.052000000000000005,0.5835,0.032499999999999994,0.018000000000000002,0.11250000000000002,0.9570000000000001,0.015,0.29483333333333334,0.08540316205533596,0.014499999999999999
1866,0.007999999999999998,0.01,0.40549999999999997,0.05598469387755102,0.011999999999999999,0.1055,0.9254999999999999,0.005,0.32558333333333334,0.06690316205533596,0.0
1867,0.3375,0.2588860320521711,0.6739999999999999,0.18829692300719678,0.2495,0.5500587594132416,0.4446110476489463,0.2245,0.5025000000000001,0.317,0.047
1868,0.364,0.1044238845144357,0.6365000000000001,0.05974059375967298,0.128,0.17601135218839623,0.7807903370997377,0.0395,0.4672495602462622,0.06428574885467572,0.001
1869,0.4215,0.2985,0.6295,0.10397029702970298,0.066,0.34240940268800346,0.7270571795910966,0.1975,0.31500000000000006,0.533430985915493,0.035985511884025795
1870,0.079,0.10739969929836284,0.737,0.034499999999999996,0.0685,0.21295016590276225,0.6314005056451033,0.12600000000000003,0.6450412950115626,0.082755,0.018
1871,0.27349999999999997,0.062,0.6950000000000001,0.0345,0.07,0.10659713635684857,0.869,0.033499999999999995,0.44454166666666667,0.1056594651230669,0.0045000000000000005
1872,0.0485,0.0215,0.42349999999999993,0.1400516276348927,0.0495,0.14118913226621735,0.8585668824163971,0.0105,0.23358333333333334,0.10323747671338032,0.013000000000000001
1873,0.492,0.10800000000000001,0.6035,0.07888860686254832,0.086,0.2768538704581359,0.8343028481633047,0.07750000000000001,0.5067995245641839,0.1742692590577219,0.026000000000000002
1874,0.0675,0.068,0.5205,0.024,0.08349999999999999,0.19454268458765647,0.06519091608929946,0.048,0.6491666666666667,0.14550000000000002,0.001
1875,0.0325,0.003,0.6165,0.043000000000000003,0.0055,0.1385,0.9279999999999999,0.011,0.2485,0.07050000000000001,0.001
1876,0.002,0.006,0.6295,0.0185,0.004999999999999999,0.19247477319668552,0.827,0.0034999999999999996,0.37183333333333335,0.051403162055335974,0.0
1877,0.291,0.044,0.5734999999999999,0.041999999999999996,0.052000000000000005,0.11499999999999999,0.8955,0.14750000000000002,0.5319999999999999,0.2165,0.0025
1878,0.0085,0.05550000000000001,0.49849999999999994,0.0205,0.041999999999999996,0.148,0.6761179828734538,0.0125,0.45549999999999996,0.0695,0.003
1879,0.026500000000000003,0.0085,0.6074999999999999,0.033,0.004,0.12299999999999997,0.9615,0.027499999999999997,0.319,0.125,0.0015
1880,0.1485,0.049,0.7025,0.0485,0.07750000000000001,0.12249999999999998,0.796,0.034999999999999996,0.46324999999999994,0.14857790532160703,0.0015
1881,0.32199999999999995,0.0855,0.5744999999999999,0.0245,0.016,0.10127411477411478,0.9149999999999998,0.185,0.5105000000000001,0.2134039603960396,0.002
1882,0.5245,0.054564950045075576,0.7295,0.02689558496665993,0.20049999999999998,0.2964320873103702,0.967,0.034,0.5856662269129287,0.2052540008741576,0.0015
1883,0.1835,0.094,0.7605000000000001,0.11847029702970298,0.064,0.17827411477411478,0.16819091608929942,0.0635,0.318,0.0686440724550428,0.0
1884,0.151,0.096,0.686,0.05242528793695696,0.10750000000000001,0.22658138619749285,0.754,0.0875,0.5254999999999999,0.1403388704318937,0.008499999999999999
1885,0.132,0.07799999999999999,0.833,0.0225,0.0965,0.29159081168584045,0.6686178707224334,0.2745,0.6283324538258575,0.28450000000000003,0.0015
1886,0.16499999999999998,0.0245,0.614,0.0915,0.03849999999999999,0.09077411477411476,0.9489999999999998,0.0725,0.39516666666666667,0.11925320253345398,0.004
1887,0.003999999999999999,0.004,0.5225000000000001,0.022,0.003,0.13599999999999998,0.8450000000000001,0.0045,0.35375,0.10694687842278205,0.0
1888,0.2745,0.042499999999999996,0.6649999999999999,0.06991422226334784,0.0975,0.05600000000000001,0.9666337648327941,0.028000000000000004,0.42700000000000005,0.1505,0.004999999999999999
1889,0.0225,0.0105,0.5545,0.038425287936956966,0.0475,0.06899999999999999,0.9265000000000001,0.3025,0.4803333333333333,0.05135004047811801,0.0005
1890,0.41100000000000003,0.1967653778333962,0.6739999999999999,0.07861468050535944,0.16899999999999998,0.38313710866942713,0.44018595266946753,0.0895,0.5898333333333333,0.1176889109100117,0.009
1891,0.28350000000000003,0.19772787651950208,0.6985,0.06895499090725399,0.1305,0.34882334963325184,0.5828582929509734,0.16,0.5999166666666667,0.2284260638765728,0.021996858465608466
1892,0.2605,0.17342267365661862,0.725,0.06894059405940593,0.11000000000000001,0.3114837200286181,0.6849157498358404,0.20049999999999998,0.5619999999999999,0.2602918454935622,0.0295
1893,0.077,0.068,0.882,0.019999999999999997,0.095,0.28276962024934826,0.40588183217859897,0.048,0.83525,0.05600000000000001,0.0035000000000000005
1894,0.402,0.14950000000000002,0.5269999999999999,0.07697029702970297,0.14850000000000002,0.0421888141295206,0.7294807754944553,0.22000000000000003,0.46966622691292875,0.32868970925071533,0.024
1895,0.306,0.13799999999999998,0.6875,0.06274792729129866,0.10049999999999999,0.8458562778453679,0.8578088989627533,0.142,0.5659833333333333,0.226202345391395,0.005
1896,0.033999999999999996,0.0025,0.5635000000000001,0.01598469387755102,0.01,0.11104856465186541,0.9395,0.011000000000000001,0.25758283828382844,0.07183774834437086,0.003
1897,0.23399999999999999,0.1285,0.647,0.04739967253615747,0.12050000000000001,0.26306589984582895,0.3845,0.1825,0.42221443047314955,0.22745151865323754,0.0015
1898,0.41500000000000004,0.035,0.5934999999999999,0.015500000000000003,0.057999999999999996,0.098,0.902066882416397,0.044,0.3775,0.10800000000000001,0.002
1899,0.23850000000000002,0.093,0.8455,0.032,0.1335,0.2356762737408081,0.17506688241639695,0.1015,0.8479999999999999,0.151,0.005
1900,0.588,0.038500000000000006,0.5165,0.10377062556873606,0.059,0.07768855218855218,0.8815,0.12050000000000001,0.43099999999999994,0.16475400087415762,0.0055
1901,0.0025,0.01,0.5609999999999999,0.03995499090725399,0.025499999999999995,0.10877411477411478,0.984,0.0105,0.3677495049504951,0.08730632411067193,0.0005
1902,0.25250000000000006,0.12187619661729202,0.523,0.07685231573589071,0.06599999999999999,0.18249815449552326,0.8019999999999999,0.0975,0.414,0.14033774834437085,0.025500000000000002
1903,0.063,0.029000000000000005,0.481,0.017940594059405943,0.012,0.1460485646518654,0.8699999999999999,0.041499999999999995,0.43224999999999997,0.10691087946555551,0.0005
1904,0.48900000000000005,0.0375,0.40499999999999997,0.02,0.0505,0.08523650559347382,0.9029999999999999,0.164,0.421,0.3545,0.0015
1905,0.05600000000000001,0.027500000000000004,0.5005,0.032,0.0215,0.20759590680984324,0.8484999999999999,0.0245,0.35700000000000004,0.101,0.003
1906,0.14500000000000002,0.10371977143286149,0.6759999999999999,0.04848469387755103,0.08349999999999999,0.29607864757489394,0.3186179828734539,0.146,0.5039999999999999,0.148,0.014000000000000002
1907,0.255,0.16998021828103685,0.65,0.10496252500897758,0.17200000000000001,0.6123543804262036,0.4949534241828954,0.1695,0.5069999999999999,0.2180109988776054,0.013999999999999999
1908,0.198,0.2866819273544307,0.7015,0.0505,0.10800000000000001,0.16377411477411477,0.8815,0.0465,0.6839661912308506,0.15300000000000002,0.007000000000000001
1909,0.15650000000000003,0.0715,0.666,0.05781313840424669,0.129,0.13527411477411477,0.8995000000000001,0.086,0.4772991199116078,0.2650250482407954,0.01399045242093041
1910,0.34900000000000003,0.09,0.5955,0.023,0.099,0.13354828850855746,0.8486178707224334,0.118,0.43324999999999997,0.20496293494704992,0.005
1911,0.5835,0.08399999999999999,0.708,0.07197029702970296,0.052500000000000005,0.24687770950409726,0.9005000000000001,0.179,0.48175,0.172,0.0105
1912,0.3995,0.35296133682830927,0.6125,0.06798469387755102,0.11049999999999997,0.2986373307308516,0.6036178707224333,0.1835,0.55225,0.27294687842278204,0.0105
1913,0.066,0.015000000000000003,0.5695,0.0235,0.027999999999999997,0.1065,0.933,0.012,0.3515,0.3315,0.004
1914,0.0335,0.0115,0.606,0.026000000000000002,0.024,0.1355,0.8415000000000001,0.010499999999999999,0.381,0.0415,0.0
1915,0.1305,0.0645,0.716,0.047398916140898854,0.21400000000000002,0.11727444987775063,0.5589999999999999,0.0635,0.5672499999999999,0.34383774834437086,0.024000000000000004
1916,0.1855,0.2385,0.737,0.07197029702970298,0.077,0.3909319043078622,0.563855349800572,0.1785,0.466,0.28841572653487557,0.008993593955321944
1917,0.18,0.069,0.4805,0.091454990907254,0.10200000000000001,0.1405810680607961,0.7819999999999999,0.1145,0.6127499999999999,0.1946406758108373,0.0015
1918,0.013500000000000002,0.018500000000000003,0.579,0.03944392523364486,0.013000000000000001,0.15299999999999997,0.9466179828734539,0.04,0.24908333333333332,0.055403162055335964,0.001
1919,0.44699999999999995,0.219,0.724,0.04894059405940594,0.11499999999999999,0.2955880964034137,0.6322359657469077,0.19649999999999998,0.49800000000000005,0.31383774834437084,0.025500000000000002
1920,0.12399999999999997,0.06748663594470046,0.662,0.22273629293126168,0.0475,0.258627243744212,0.5511179828734538,0.1075,0.46145783828382847,0.10785463287708193,0.004
1921,0.5285,0.08542926829268292,0.6985,0.09183457624564872,0.07350000000000001,0.20785387045813586,0.889117982873454,0.14200000000000002,0.5732490099009901,0.20402059841373127,0.017
1922,0.3705,0.194,0.652,0.07432196817119385,0.11850000000000001,0.20877444987775062,0.6196588584496846,0.124,0.4665,0.19061424490275117,0.0225
1923,0.067,0.028499999999999998,0.6325000000000001,0.06489915966386554,0.034999999999999996,0.13854856465186538,0.7065,0.006500000000000001,0.3857495049504951,0.21933774834437086,0.003999999999999999
1924,0.11699999999999999,0.119,0.71,0.022,0.015,0.11794478093233915,0.8561179828734538,0.07050000000000001,0.47174950495049506,0.1995,0.0025
1925,0.121,0.005,0.492,0.0465,0.0125,0.15400000000000003,0.9707404654169359,0.1465,0.27775000000000005,0.11080632411067193,0.0045
1926,0.044,0.019999999999999997,0.5935,0.049,0.061,0.06835387045813586,0.9455,0.015000000000000003,0.28250000000000003,0.41550000000000004,0.01
1927,0.8459999999999999,0.047,0.733,0.010944681628903474,0.15350000000000003,0.19624767824767825,0.9734999999999999,0.0885,0.7648,0.1808006832914208,0.025
1928,0.217,0.08149999999999999,0.642,0.04794392523364486,0.11699999999999999,0.2439613194627111,0.737566882416397,0.22800000000000004,0.54125,0.24190316205533596,0.008
1929,0.22999999999999998,0.1069613368283093,0.578,0.07293968478480502,0.0735,0.35656991321152604,0.6750122464927021,0.20549999999999996,0.5385,0.1527905982905983,0.004
1930,0.06899999999999999,0.039,0.718,0.054390651012003854,0.05900000000000001,0.18342617594396748,0.9059283852447217,0.045,0.238,0.08549999999999999,0.007000000000000001
1931,0.0045,0.0175,0.6380000000000001,0.04148469387755102,0.029000000000000005,0.10668913226621737,0.991,0.008,0.33849999999999997,0.072850040478118,0.0005
1932,0.079,0.0475,0.366,0.050263888862660824,0.018000000000000002,0.17227444987775062,0.9795000000000001,0.04,0.6104999999999999,0.11879134124870017,0.0005
1933,0.39699999999999996,0.0635,0.514,0.018492227979274613,0.026000000000000002,0.0735,0.708,0.11499999999999999,0.40199999999999997,0.3025,0.00599359185014788
1934,0.3795,0.096,0.5599999999999999,0.037500000000000006,0.021,0.0802744498777506,0.9629999999999999,0.09599999999999999,0.2815,0.31450000000000006,0.0005
1935,0.253,0.23348990953375087,0.7030000000000001,0.0863226393543417,0.1695,0.26712661993718284,0.39586263370533603,0.1375,0.5153333333333333,0.22430712245137557,0.0315
1936,0.8055,0.2245,0.713,0.013000000000000001,0.089,0.19782437961829125,0.808,0.6125,0.36100000000000004,0.4784999999999999,0.028500000000000004
1937,0.3995,0.1055,0.5145000000000001,0.02,0.1295,0.18485536259812216,0.8507359657469078,0.19649999999999998,0.44349999999999995,0.3949039603960396,0.053500000000000006
1938,0.48199999999999993,0.0725,0.6305,0.030984693877551022,0.0735,0.1378220681790364,0.9075000000000001,0.15900000000000003,0.48012499999999997,0.20062834663496915,0.008
1939,0.018000000000000002,0.016500000000000004,0.6005,0.030454990907253992,0.0015,0.13127411477411477,0.9650000000000001,0.0015,0.26283333333333336,0.045,0.0015
1940,0.11200000000000002,0.0905,0.579,0.051000000000000004,0.023,0.10504822954822954,0.889,0.0595,0.5582495049504951,0.13596293494704995,0.006
1941,0.35750000000000004,0.18842237881929152,0.6605000000000001,0.07337003245530282,0.127,0.1485,0.6715511125739728,0.119,0.52675,0.1313079207920792,0.016999999999999998
1942,0.44300000000000006,0.40049999999999997,0.6605000000000001,0.042984693877551015,0.0875,0.3493324244913423,0.7512016114525811,0.207,0.46266666666666667,0.3775,0.019
1943,0.07150000000000001,0.042499999999999996,0.868,0.2895,0.15799999999999997,0.4275946066886682,0.2635,0.052000000000000005,0.8324995602462621,0.08240316205533596,0.006500000000000001
1944,0.36900000000000005,0.134,0.699,0.03342528793695697,0.14750000000000002,0.23866636870539026,0.7445,0.124,0.466999504950495,0.2008091294018226,0.019999999999999997
1945,0.3590000000000001,0.18177239519809701,0.6665,0.07644721888652858,0.23199999999999998,0.2700694706298914,0.8242359657469077,0.143,0.42195,0.3587064379994612,0.027000000000000003
1946,0.10350000000000001,0.0485,0.687,0.0385,0.05249999999999999,0.0715,0.9440668103448276,0.0665,0.5309999999999999,0.09394638949671771,0.0025
1947,0.34049999999999997,0.18742926829268292,0.6364999999999998,0.0435,0.12349999999999998,0.22038888766462286,0.6454904875177871,0.217,0.4472495049504951,0.28900000000000003,0.042
1948,0.05750000000000001,0.0415,0.6305000000000001,0.030712054545145535,0.04000000000000001,0.14012849520031842,0.6535,0.08249999999999999,0.5301652368139189,0.09946603959673825,0.004
1949,0.351,0.0215,0.5015000000000001,0.053500000000000006,0.062,0.13158106806079609,0.8495000000000001,0.09,0.36249999999999993,0.2786070074020927,0.003999999999999999
1950,0.2285,0.22531143162086736,0.727,0.1509922279792746,0.0425,0.1852744498777506,0.6216848652898508,0.03849999999999999,0.7695,0.09690316205533597,0.0035000000000000005
1951,0.3835,0.21949999999999997,0.7140000000000001,0.040970297029702965,0.1335,0.276,0.7585,0.07449999999999998,0.4615,0.21968858716319248,0.008
1952,0.4295,0.093,0.674,0.0406592324312844,0.10300000000000001,0.2526690934605321,0.8372359657469077,0.078,0.5615,0.2050143671206354,0.18549375616168257
1953,0.2015,0.08499999999999999,0.643,0.03280327103048238,0.052500000000000005,0.09431736495364347,0.9425000000000001,0.09749999999999999,0.5806662269129288,0.15124601654596456,0.0045
1954,0.0495,0.042499999999999996,0.89,0.024000000000000004,0.12300000000000003,0.24800620410961383,0.09904666917576213,0.0235,0.8965,0.0405,0.0015
1955,0.19,0.1204485782019183,0.508,0.389970297029703,0.1525,0.23966632114828937,0.9125853700516352,0.07200000000000001,0.5541662269129287,0.16985004047811803,0.007000000000000001
1956,0.44350000000000006,0.1865,0.627,0.04497029702970297,0.221,0.31245604445731767,0.563066882416397,0.178,0.44125,0.36490316205533596,0.0225
1957,0.49000000000000005,0.173,0.6145,0.031353176020981435,0.0875,0.3334840131388651,0.7834999999999999,0.251,0.4397499999999999,0.4460066254250236,0.040487666342096724
1958,0.006,0.0115,0.49449999999999994,0.1008082044495906,0.0034999999999999996,0.096,0.9179999999999999,0.014500000000000002,0.2208333333333333,0.064,0.003999999999999999
1959,0.2995,0.181,0.5870000000000001,0.04194392523364486,0.10900000000000001,0.21034279603471545,0.8036178707224335,0.098,0.50275,0.259,0.0125
1960,0.07,0.0385,0.5795000000000001,0.0683428413745437,0.0875,0.07777411477411478,0.836,0.019499999999999997,0.43349950495049505,0.1490688715047983,0.012
1961,0.347,0.08549999999999999,0.661,0.512,0.07549999999999998,0.11782234432234433,0.9155,0.0995,0.39637500000000003,0.10064717298931976,0.0015
1962,0.152,0.10339013331126443,0.6155,0.06841417033035094,0.016999999999999998,0.24627914452605873,0.8681179828734539,0.05,0.38674950495049504,0.24164599288326927,0.0055
1963,0.034499999999999996,0.093,0.22350000000000003,0.11949547114536223,0.135,0.5819619632959958,0.46856413854279283,0.0395,0.3245,0.028999999999999998,0.0035000000000000005
1964,0.024,0.05,0.575,0.033999999999999996,0.06,0.1257744498777506,0.8640000000000001,0.23199999999999998,0.29325,0.07580632411067194,0.00549375616168255
1965,0.5210000000000001,0.093,0.6475000000000001,0.03,0.08399999999999999,0.1886279395771791,0.8438246809220935,0.21350000000000002,0.45725,0.2787857488546757,0.034999999999999996
1966,0.031,0.0635,0.806,0.0185,0.0855,0.1606885521885522,0.4795,0.057499999999999996,0.4575,0.018,0.003
1967,0.382,0.15492822384428223,0.5705,0.064,0.0915,0.1556138719115466,0.9270466691757623,0.1695,0.418625,0.25749999999999995,0.011
1968,0.365,0.1532401633361653,0.7255,0.05798469387755102,0.14900000000000002,0.5311888141295206,0.5199305934491977,0.094,0.5239999999999999,0.1939101638126382,0.0225
1969,0.043000000000000003,0.06948021828103683,0.6445000000000001,0.03647029702970297,0.1325,0.32409142410395375,0.24200000000000005,0.033,0.7409999999999999,0.06724099485631303,0.004999999999999999
1970,0.006,0.015500000000000003,0.5395,0.0692434231853021,0.019999999999999997,0.10127411477411477,0.852,0.003,0.2728333333333333,0.060350040478118004,0.002
1971,0.39249999999999996,0.17099999999999999,0.722,0.027000000000000003,0.08449999999999999,0.16542995447143943,0.8480000000000001,0.15650000000000003,0.42200000000000004,0.3403388704318937,0.002
1972,0.0075000000000000015,0.006,0.5545,0.0205,0.028499999999999998,0.118,0.975,0.006500000000000001,0.40083333333333326,0.05040316205533597,0.0
1973,0.1935,0.14833225644455247,0.679,0.08035390704815285,0.13000000000000003,0.7555971619045835,0.5422138913431634,0.0865,0.623,0.19504584636771985,0.0225
1974,0.173,0.11950000000000001,0.771,0.0605,0.10599999999999998,0.3659977306729007,0.5219775773901408,0.13799999999999998,0.5675000000000001,0.1954039603960396,0.02099359185014788
1975,0.3045,0.033,0.6174999999999999,0.0195,0.07650000000000001,0.14896089156778763,0.5711907692307692,0.0975,0.6910000000000001,0.11530632411067195,0.0025
1976,0.124,0.13,0.7104999999999999,0.0735,0.1025,0.08518913226621735,0.9265668824163971,0.049,0.529,0.21050000000000005,0.0025
1977,0.0945,0.3935,0.7415,0.0329001900190019,0.0915,0.3469456683225908,0.5310710157376098,0.30599999999999994,0.6280000000000001,0.10400000000000001,0.005
1978,0.0735,0.05450000000000001,0.502,0.13367817401545104,0.045,0.1495,0.7295,0.0155,0.19033333333333333,0.10853150869030512,0.0095
1979,0.28500000000000003,0.02,0.43800000000000006,0.003920353982300884,0.05650000000000001,0.14314400256574727,0.7405000000000002,0.07150000000000001,0.3094162263320123,0.2233932679194998,0.002
1980,0.6105,0.043904102795472535,0.7055,0.005,0.0455,0.18011321389994694,0.985,0.11499999999999999,0.2901662269129287,0.28655339689881043,0.0025
1981,0.0745,0.07550000000000001,0.6539999999999999,0.028833532014418507,0.09500000000000001,0.27422333000997007,0.08006688241639698,0.039999999999999994,0.7625,0.046,0.006
1982,0.2685,0.0195,0.6815,0.03498469387755102,0.0095,0.10937768445476954,0.975,0.10200000000000001,0.2865,0.3308388704318937,0.007000000000000001
1983,0.06899999999999999,0.045,0.509,0.0455,0.02,0.135,0.8540668824163969,0.029500000000000005,0.3375,0.28500000000000003,0.0025
1984,0.006,0.027000000000000003,0.5109999999999999,0.0435,0.0085,0.11250000000000002,0.9935,0.0025,0.4765,0.04984955155205369,0.0
1985,0.288,0.08944857820191832,0.6725,0.09631389479950528,0.1265,0.08277444987775061,0.4606179828734538,0.131,0.5458328382838283,0.09888439305279433,0.011500000000000002
1986,0.071,0.1112867815682634,0.8320000000000001,0.027499999999999997,0.11500000000000002,0.4223180783837849,0.10600000000000001,0.0685,0.28549950495049503,0.5437905982905983,0.005
1987,0.368,0.2015,0.6559999999999999,0.052728180322363205,0.1655,0.2579991907081424,0.7102124652994849,0.15,0.5833661916072843,0.17593140663474596,0.02
1988,0.0645,0.0375,0.5704999999999999,0.03498469387755102,0.046,0.08037768445476955,0.9404999999999999,0.08,0.27983333333333327,0.11123150518993494,0.00599375616168255
1989,0.0315,0.001,0.5654999999999999,0.0335,0.0385,0.09949999999999999,0.9685,0.006,0.263,0.1575,0.0005
1990,0.7695000000000001,0.09149999999999998,0.49250000000000005,0.041,0.051500000000000004,0.10900000000000001,0.8240000000000001,0.2605,0.3355,0.3124039603960396,0.001
1991,0.30999999999999994,0.20900000000000002,0.697,0.1135,0.08399999999999999,0.32321908753782497,0.5771612964536945,0.19699999999999998,0.5298333333333333,0.3787016588633942,0.0225
1992,0.027500000000000004,0.0595,0.5555000000000001,0.023,0.0725,0.089,0.4636009616678877,0.0175,0.367,0.061,0.0005
1993,0.022500000000000003,0.035900911161731205,0.52,0.10491422226334783,0.028499999999999998,0.08185387045813587,0.9291179828734538,0.0125,0.34524999999999995,0.1873063241106719,0.002
1994,0.1165,0.025500000000000002,0.5640000000000001,0.06533124507140979,0.099,0.12428595048636919,0.7945,0.0155,0.381,0.0655,0.008
1995,0.2,0.041,0.6060000000000001,0.042959179423096946,0.094,0.1161012900324588,0.75,0.13099999999999998,0.47919999999999996,0.3239039603960396,0.013999999999999999
1996,0.22549999999999998,0.036,0.5934999999999999,0.025500000000000002,0.088,0.1413044438062236,0.9150940343781597,0.126,0.6424240295146789,0.15083774834437086,0.009
1997,0.4120000000000001,0.23048663594470042,0.7815,0.07597029702970297,0.086,0.18235532935149523,0.8182359310879056,0.1305,0.697,0.28990316205533595,0.10049999999999999
1998,0.704,0.0075000000000000015,0.6579999999999999,0.0165,0.1035,0.08449999999999999,0.99,0.0995,0.5155,0.3195,0.0005
1999,0.552,0.064,0.5565,0.02897029702970297,0.11150000000000002,0.14254856465186538,0.9755,0.19250000000000003,0.4425,0.258,0.001
2000,0.195,0.0529009111617312,0.485,0.0155,0.0335,0.0765,0.952,0.033499999999999995,0.413,0.19536689534308954,0.0025
2001,0.07649999999999998,0.0365,0.5775,0.0115,0.02,0.16999999999999998,0.675,0.0415,0.5305,0.1395,0.0005
2002,0.0895,0.031,0.6380000000000001,0.015989690721649484,0.074,0.1599506972590834,0.5506567967836663,0.0665,0.4105,0.0685,0.0095
2003,0.503,0.0915,0.5545,0.049351485148514854,0.0615,0.20003986743077293,0.7492637242013037,0.11300000000000002,0.7170000000000001,0.1605,0.00849037028198751
2004,0.0015,0.0,0.587,0.04648469387755102,0.0055,0.10127411477411477,0.9890000000000001,0.0,0.30733333333333335,0.074350040478118,0.003
2005,0.031,0.027500000000000004,0.5509999999999999,0.02347029702970297,0.013500000000000002,0.18746358214396797,0.9280000000000002,0.036,0.3415,0.055999999999999994,0.001
2006,0.047,0.0225,0.5820000000000001,0.06845499090725399,0.025500000000000002,0.08177411477411478,0.918617982873454,0.017,0.4005828382838284,0.030306324110671932,0.001
2007,0.195,0.12250000000000001,0.7184999999999999,0.03588361001844988,0.0755,0.4356442802056556,0.5412307838809871,0.08249999999999999,0.43725,0.19250000000000003,0.020999999999999998
2008,0.28450000000000003,0.26498021828103685,0.7645,0.06606037335516307,0.069,0.42698501041573306,0.5343537243183207,0.19849999999999998,0.4502971402945044,0.38456621225627163,0.04699359395532195
2009,0.15799999999999997,0.0455,0.774,0.015298741556398631,0.07300000000000001,0.3891883961174603,0.2655,0.0215,0.45024814319638107,0.3825230700976841,0.0035000000000000005
2010,0.289,0.13890410279547255,0.6920000000000001,0.033499999999999995,0.151,0.44862544979009733,0.53592317682549,0.1115,0.4755,0.1165,0.01999375616168255
2011,0.44400000000000006,0.1229055896182348,0.531,0.051954990907253994,0.095,0.069,0.909,0.29200000000000004,0.5194162269129288,0.3027959410487714,0.013000000000000001
2012,0.20350000000000001,0.11497396768402153,0.667,0.06449222797927462,0.11699999999999999,0.213,0.7777296178484915,0.129,0.6399986248621029,0.12602059841373128,0.003
2013,0.08249999999999999,0.07374995574753895,0.5800000000000001,0.05892528793695696,0.0605,0.2166897358583896,0.8912359657469079,0.02,0.5431246290801186,0.36900000000000005,0.0045
2014,0.12049999999999998,0.0505,0.6545,0.036500000000000005,0.06499999999999999,0.16840260997443318,0.8162033529250892,0.098,0.4915,0.16699999999999998,0.010499999999999999
2015,0.0165,0.013500000000000002,0.5655,0.040420353982300886,0.02,0.11677411477411477,0.9535,0.0025,0.36983333333333335,0.09425271360738965,0.006
2016,0.2935,0.1708427443528277,0.6785,0.03845917942309694,0.08800000000000001,0.0185,0.7609078126700792,0.18100000000000002,0.5045,0.1865,0.035993593955321944
2017,0.049,0.036000000000000004,0.5609999999999999,0.04642437866235603,0.0445,0.17577411477411478,0.9061179828734538,0.0185,0.31669950495049504,0.24416553839892421,0.003996775260459733
2018,0.5965,0.1785,0.39,0.2624693877551021,0.072,0.2901285508241228,0.5019764311638436,0.1545,0.7015,0.24035946979539657,0.007000000000000001
2019,0.508,0.20142822384428224,0.6655,0.069,0.1025,0.3070440389578203,0.8053121251745425,0.27449999999999997,0.5156662269129286,0.38887511115886403,0.023
2020,0.26450000000000007,0.09546133682830929,0.418,0.2097862359786638,0.06000000000000001,0.29885518283491086,0.711566882416397,0.0315,0.27794950495049503,0.18773356305358133,0.0005
2021,0.10900000000000001,0.05349999999999999,0.3295,0.0805,0.0595,0.3910544718022791,0.45630889896275334,0.122,0.35950000000000004,0.1940786587440777,0.013993593955321945
2022,0.7354999999999999,0.10500000000000001,0.516,0.064954990907254,0.0865,0.15899999999999997,0.9210668824163969,0.4574999999999999,0.34574999999999995,0.4089039603960396,0.004999999999999999
2023,0.553,0.068,0.6115,0.04947029702970297,0.0965,0.192903150442172,0.9746179828734538,0.091,0.5431662269129288,0.3111885871631925,0.006999999999999999
2024,0.067,0.06100000000000001,0.82,0.044,0.0795,0.19785410094637224,0.3415,0.0805,0.36350000000000005,0.08499999999999999,0.0015
2025,0.15,0.11310816940906906,0.602,0.19910187064014587,0.0645,0.26798162417041554,0.5911909160892994,0.15850000000000003,0.4387083333333333,0.18018970925071534,0.014500000000000002
2026,0.34249999999999997,0.0725,0.6665,0.03642035398230088,0.07649999999999998,0.20480551949164155,0.8552359657469077,0.16849999999999998,0.5214995602462621,0.25102696866902185,0.0045
2027,0.5625,0.6789613368283093,0.8629999999999999,0.10466265640376719,0.1285,0.4390906566963425,0.715993617394074,0.49750000000000005,0.37174999999999997,0.085,0.012
2028,0.20400000000000001,0.055304686610045575,0.7035,0.08349999999999999,0.046,0.17773704367775017,0.8883088989627532,0.08349999999999999,0.5751656765676568,0.10090316205533598,0.0025
2029,0.20099999999999998,0.2445,0.6805,0.06386007682400893,0.066,0.6316090302522465,0.7857359657469077,0.17650000000000002,0.49416666666666664,0.36670384534675676,0.0245
2030,0.22100000000000003,0.08149999999999999,0.6795,0.019999999999999997,0.0365,0.0965,0.9824999999999999,0.044,0.267,0.169,0.004
2031,0.0745,0.0355,0.5765,0.03342528793695696,0.020499999999999997,0.1559629708970242,0.8720000000000001,0.023,0.42699999999999994,0.30967774086378735,0.002
2032,0.7264999999999999,0.201,0.7969999999999999,0.07601404875403818,0.1665,0.23781710301267506,0.9431179828734539,0.079,0.571625,0.22830147336650541,0.0085
2033,0.5145,0.0475,0.643,0.078,0.1375,0.1075,0.939184865289851,0.08449999999999999,0.4742995245641838,0.11840316205533596,0.0055
2034,0.16299999999999998,0.058499999999999996,0.6125,0.017,0.0435,0.1749290341758966,0.7412359657469076,0.0735,0.5085,0.22869376034593425,0.004
2035,0.362,0.14100000000000001,0.5965,0.0805,0.073,0.15940205435129387,0.8316213668035664,0.28700000000000003,0.5515000000000001,0.32300000000000006,0.004493591850147881
2036,0.5635,0.1574802182810368,0.5835000000000001,0.08939558496665992,0.07100000000000001,0.1193437132061644,0.8121848652898507,0.3065,0.3953333333333333,0.35771108284741515,0.014500000000000002
2037,0.41150000000000003,0.254,0.738,0.152,0.09800000000000002,0.1716885521885522,0.7020668103448275,0.138,0.8109999999999999,0.11040396039603959,0.002
2038,0.591,0.0365,0.603,0.03199222797927461,0.08499999999999999,0.143047280907529,0.9321179828734538,0.186,0.35016622691292876,0.2765533968988104,0.012
2039,0.1315,0.0773892226853808,0.743,0.047,0.0885,0.25285410094637223,0.2685,0.061,0.356,0.08349999999999999,0.0015
2040,0.5599999999999999,0.05600000000000001,0.558,0.10682511335245674,0.10800000000000001,0.22946072188640768,0.8251909160892994,0.16399999999999998,0.4879162269129288,0.18892136735412673,0.006
2041,0.27149999999999996,0.159,0.784,0.044500000000000005,0.10049999999999999,0.21018720415689715,0.9195,0.10049999999999999,0.5416662269129288,0.24046428538086917,0.0205
2042,0.20250000000000004,0.22465711078060152,0.6635,0.045943925233644864,0.1335,0.2956385599447676,0.8968088989627534,0.0725,0.529249504950495,0.28857759434823793,0.016999999999999998
2043,0.37150000000000005,0.1115,0.5359999999999999,0.08187534488955486,0.123,0.18874857922663976,0.8044391283289091,0.11400000000000002,0.5385,0.304,0.026500000000000003
2044,0.1595,0.1375,0.6639999999999999,0.051500000000000004,0.15050000000000002,0.4682351628888095,0.41261798287345386,0.08,0.6642499999999999,0.1441885871631925,0.012
2045,0.0705,0.14946194225721784,0.483,0.14698469387755103,0.0845,0.16299999999999998,0.769117982873454,0.033,0.46399911991160775,0.27469444013698485,0.0005
2046,0.6475,0.11599999999999999,0.704,0.0355,0.0895,0.11512849520031838,0.8170122518878422,0.166,0.522,0.1915,0.005993593955321945
2047,0.07850000000000001,0.0465,0.6639999999999999,0.02347029702970297,0.144,0.3322485698341035,0.207,0.0695,0.598,0.07893467074564109,0.006
2048,0.32449999999999996,0.0325,0.666,0.06138361001844987,0.1115,0.12654822954822956,0.8885,0.12400000000000003,0.72025,0.13615636458878994,0.00249069235793599
2049,0.15500000000000003,0.086,0.6765000000000001,0.014000000000000002,0.0785,0.33868711039429356,0.899,0.122,0.47691617161716165,0.25582373374705664,0.0105
2050,0.47050000000000003,0.0625,0.6195,0.025954990907253988,0.1095,0.14273737878138598,0.8900668824163971,0.3355,0.38687462834489594,0.32374203248722966,0.0075
2051,0.35250000000000004,0.21200000000000002,0.6094999999999999,0.09036945669356852,0.13799999999999998,0.7516644121208437,0.48480851716403733,0.205,0.4939995049504951,0.26300579012901204,0.0465
2052,0.05500000000000001,0.047,0.6319999999999999,0.06644059405940594,0.05349999999999999,0.08196306910901935,0.8955,0.089,0.51525,0.055837748344370865,0.002
2053,0.2345,0.0505,0.6125,0.075,0.038,0.048644280205655525,0.8313088989627533,0.05449999999999999,0.3485,0.33849999999999997,0.004
2054,0.5595000000000001,0.061,0.637,0.0485,0.0875,0.13909690669157018,0.7835668824163969,0.2045,0.477,0.24846328538985615,0.023
2055,0.3675,0.23900000000000002,0.6980000000000001,0.05832594393983259,0.07250000000000001,0.21773389056500428,0.7031179828734537,0.12349999999999998,0.48616666666666664,0.366903162055336,0.030997901248205017
2056,0.146,0.0105,0.4295,0.36941987350475136,0.07550000000000001,0.17646324704033212,0.827,0.07200000000000001,0.5907404002498562,0.28320602597627903,0.003
2057,0.285,0.049,0.6120000000000001,0.07088385354141656,0.018,0.1842744498777506,0.89,0.051500000000000004,0.3625,0.15929184549356223,0.0045
2058,0.3975000000000001,0.027999999999999997,0.5469999999999999,0.027970297029702967,0.068,0.1350053200975914,0.8398757813791503,0.1875,0.49450000000000005,0.24250000000000002,0.009500000000000001
2059,0.11150000000000002,0.11749999999999998,0.5860000000000001,0.011500000000000002,0.08499999999999999,0.085,0.9119999999999999,0.061,0.3022,0.18807522505775118,0.0005
2060,0.027000000000000003,0.2521094425520731,0.7525,0.01797029702970297,0.086,0.23341589722758277,0.7161179828734539,0.017499999999999998,0.5221246290801187,0.294,0.0015
2061,0.23249999999999998,0.16290410279547254,0.7765,0.14199665164398387,0.27649999999999997,0.5559026655982375,0.37546257312796594,0.188,0.4485,0.2122428308279333,0.0245
2062,0.33899999999999997,0.05443188175223743,0.657,0.041895584966659925,0.0955,0.30888413390544855,0.9311179828734538,0.033,0.6085,0.1828071224513756,0.003
2063,0.043,0.014000000000000002,0.43600000000000005,0.05898469387755102,0.028500000000000004,0.10577411477411477,0.9506179828734538,0.041,0.28674999999999995,0.06400000000000002,0.001
2064,0.003,0.006,0.5309999999999999,0.06733457624564872,0.009000000000000001,0.08896358214396796,0.9349999999999999,0.003,0.24333333333333335,0.0495,0.003
2065,0.155,0.08,0.5805,0.033470297029702965,0.037,0.13778574045261088,0.7994999999999999,0.14900000000000002,0.47833333333333333,0.3355,0.0055
2066,0.2285,0.0215,0.5974999999999999,0.032499999999999994,0.06899999999999999,0.1395,0.9135,0.151,0.21500000000000002,0.189,0.0
2067,0.5405,0.02,0.695,0.027853176020981436,0.0865,0.13177411477411477,0.9655000000000001,0.05399999999999999,0.36608289357959545,0.35865023484347447,0.0005
2068,0.202,0.084,0.56,0.042499999999999996,0.11200000000000002,0.1745121538489512,0.7340228328491689,0.093,0.4691666666666666,0.21856032498482952,0.0075
2069,0.0155,0.0075000000000000015,0.526,0.021,0.007000000000000001,0.10804856465186538,0.7949999999999999,0.006,0.28700000000000003,0.11683774834437086,0.0
2070,0.1665,0.0195,0.585,0.0125,0.048,0.0940485646518654,0.9297404654169361,0.0915,0.322,0.15285034989275734,0.0055
2071,0.08349999999999999,0.09483956459891964,0.8880000000000001,0.03832141264558167,0.12250000000000001,0.42404370166870164,0.101,0.066,0.2819166666666667,0.5215811965811966,0.003
2072,0.294,0.13432296263386453,0.6655,0.07745917942309695,0.11300000000000002,0.042,0.7777898297966254,0.19,0.5683662269129288,0.14919376034593426,0.018
2073,0.1515,0.056499999999999995,0.603,0.03598469387755102,0.0435,0.13495174769489,0.9145,0.05450000000000001,0.46349999999999997,0.1757905982905983,0.0115
2074,0.003,0.0215,0.5845,0.05500000000000001,0.0315,0.11299999999999999,0.9734999999999999,0.018500000000000003,0.3080833333333334,0.09180632411067194,0.003
2075,0.025,0.003,0.5329999999999999,0.027000000000000003,0.002,0.1345,0.9275,0.008499999999999999,0.2325,0.0645,0.002
2076,0.05650000000000001,0.1365,0.619,0.39422147991698236,0.1055,0.2121293956914425,0.827,0.05600000000000001,0.5141483076535381,0.1287428308279333,0.0035000000000000005
2077,0.2525,0.1475,0.6635,0.013500000000000002,0.099,0.14354828850855744,0.7138927178849681,0.15199999999999997,0.48199999999999993,0.26243159379407616,0.006500000000000001
2078,0.0615,0.015,0.4765,0.05092861911119588,0.045,0.10285410094637223,0.9189999999999999,0.005,0.1945833333333333,0.16325400087415762,0.013000000000000001
2079,0.028000000000000004,0.028000000000000004,0.5504999999999999,0.043000000000000003,0.016499999999999997,0.20146326400727124,0.7705,0.02,0.434,0.1474039603960396,0.002
2080,0.316,0.07749999999999999,0.49450000000000005,0.05845499090725399,0.092,0.0925,0.9265000000000001,0.11099999999999999,0.21749999999999997,0.36999999999999994,0.0005
2081,0.043000000000000003,0.014000000000000002,0.522,0.08149999999999999,0.011000000000000001,0.08349999999999999,0.9465,0.036,0.39049999999999996,0.0425,0.0005
2082,0.0085,0.001,0.6090000000000001,0.026000000000000002,0.007000000000000001,0.17777444987775062,0.8595,0.0015,0.35833333333333334,0.09274283082793329,0.002
2083,0.644,0.054000000000000006,0.6855,0.02297029702970297,0.0835,0.23379540437344745,0.8414937642526041,0.11500000000000002,0.45199999999999996,0.1813388704318937,0.006
2084,0.0085,0.008500000000000002,0.5544999999999999,0.086,0.010499999999999999,0.11399999999999999,0.97,0.0035000000000000005,0.523,0.042403162055335966,0.002
2085,0.1335,0.0385,0.727,0.032875344889554875,0.10700000000000001,0.3846437740693196,0.2285,0.09,0.32799999999999996,0.11933887043189369,0.003
2086,0.028000000000000004,0.028500000000000004,0.6325000000000001,0.04298469387755102,0.028500000000000004,0.08877444987775061,0.9399999999999998,0.006500000000000001,0.23833333333333334,0.115350040478118,0.0
2087,0.502,0.1326060936569315,0.6605000000000001,0.02397029702970297,0.1615,0.24760232443182684,0.9780000000000001,0.034999999999999996,0.7034245245641839,0.2283388704318937,0.002
2088,0.21500000000000002,0.10550000000000001,0.525,0.03992528793695696,0.137,0.3115438842858527,0.6973804313381236,0.0615,0.6227500000000001,0.09735083881882164,0.025500000000000002
2089,0.378,0.16542822384428224,0.7024999999999999,0.041448958748505384,0.11499999999999999,0.20395065160401185,0.6790235971707473,0.15200000000000002,0.563998624862103,0.24206774846750387,0.011000000000000001
2090,0.17,0.059,0.5810000000000001,0.017499999999999998,0.044,0.07327444987775061,0.885,0.013500000000000002,0.3905,0.15162834663496913,0.0029817249118307154
2091,0.27549999999999997,0.12799999999999997,0.7715,0.5465,0.1,0.30259826875123697,0.3311098036046088,0.11000000000000001,0.3756075757901144,0.22989650791329894,0.0115
2092,0.14150000000000001,0.07499999999999998,0.6175,0.04510402949335558,0.079,0.16868861923126877,0.7423431685573315,0.13,0.636249504950495,0.13520948616600792,0.0
2093,0.487,0.061,0.575,0.049499999999999995,0.122,0.18616269850438044,0.9715,0.1325,0.5051662269129287,0.24590396039603957,0.0115
2094,0.34750000000000003,0.2,0.6519999999999999,0.0478164695784856,0.0625,0.7395136439529635,0.6992517477062478,0.262,0.5215,0.33631617506455636,0.02099359185014788
2095,0.698,0.049999999999999996,0.682,0.043984693877551016,0.10149999999999999,0.1792040607731134,0.959,0.08,0.43150000000000005,0.15303128496742874,0.0115
2096,0.19,0.099,0.5734999999999999,0.0625,0.05,0.1977320473421102,0.80367505031353,0.08399999999999999,0.349,0.31799999999999995,0.0034999999999999996
2097,0.156,0.057499999999999996,0.5509999999999999,0.07050000000000001,0.032499999999999994,0.15962821905701047,0.8820388139102124,0.0715,0.30999999999999994,0.2495,0.013993593955321945
2098,0.3975,0.093,0.6359999999999999,0.07642861911119588,0.07449999999999998,0.2200961829531512,0.907,0.18849999999999997,0.5132492581602374,0.2666937603459343,0.0115
2099,0.34500000000000003,0.1695,0.6725000000000001,0.09174009201106317,0.10550000000000001,0.9327744498777506,0.526066882416397,0.16150000000000003,0.54,0.27130632411067196,0.009500000000000001
2100,0.8394999999999999,0.053000000000000005,0.602,0.038,0.05,0.079,0.7416179828734538,0.1735,0.516,0.177,0.0005
2101,0.09699999999999999,0.031,0.5565,0.09076413238562751,0.1055,0.13827411477411478,0.9525,0.05049999999999999,0.4214138459840659,0.15146486389628483,0.0034999999999999996
2102,0.1645,0.08199999999999999,0.5605,0.041499999999999995,0.025,0.15577383863080685,0.9120000000000001,0.0445,0.317,0.33644687842278204,0.00099375616168255
2103,0.39249999999999996,0.1615,0.7195,0.07749999999999999,0.098,0.3558145549246004,0.9005668824163969,0.1555,0.368,0.37474203248722965,0.011
2104,0.3555,0.25697396768402153,0.7070000000000001,0.052343084897510404,0.16250000000000003,0.22814986981522417,0.6768783014587078,0.07400000000000001,0.402,0.4444468784227821,0.018000000000000002
2105,0.052000000000000005,0.024,0.575,0.0165,0.0355,0.15149999999999997,0.601,0.08600000000000001,0.4715,0.08449999999999999,0.0015
2106,0.10499999999999998,0.035899545970488084,0.644,0.04897029702970297,0.05700000000000001,0.17332271202683275,0.6064999999999999,0.076,0.576749504950495,0.0947535119480933,0.002
2107,0.18150000000000002,0.1285,0.4565,0.12480121413358576,0.19,0.5821644241608301,0.39386794202215086,0.11699999999999999,0.6975,0.10840396039603961,0.021
2108,0.301,0.20149999999999996,0.7375,0.048390651012003856,0.1125,0.193902945078069,0.472218874764304,0.0915,0.44399999999999995,0.3235,0.0055
2109,0.236,0.013500000000000002,0.627,0.01740065600287563,0.034999999999999996,0.037,0.977,0.05550000000000001,0.32425,0.18630712245137557,0.001
2110,0.13999999999999999,0.036,0.6639999999999999,0.02398469387755102,0.057499999999999996,0.11768855218855219,0.9362076622520297,0.0645,0.29900000000000004,0.17740316205533596,0.002
2111,0.3485,0.0675,0.7444999999999999,0.05939280979003301,0.10450000000000001,0.23168855218855217,0.667566882416397,0.13199999999999998,0.6402907318634239,0.22135834675810212,0.0125
2112,0.3175,0.12887153892931058,0.645,0.020943925233644863,0.10999999999999999,0.3010583464933578,0.2586581632653061,0.2225,0.48388236284801217,0.27679878717132506,0.011491601703611621
2113,0.38449999999999995,0.06799999999999999,0.5730000000000001,0.06776225522653309,0.06849999999999998,0.1035,0.75,0.0925,0.4972824532449411,0.2180244177800052,0.001
2114,0.262,0.04693491585486338,0.655,0.07889065101200385,0.062,0.1557741147741148,0.686,0.16150000000000003,0.48250000000000004,0.22024091039970686,0.006
2115,0.3975,0.23646685422573727,0.5835,0.050749291617166147,0.051000000000000004,0.6247574410797615,0.7442592649353684,0.192,0.45525000000000004,0.3586353004067294,0.0105
2116,0.387,0.1825,0.718,0.21797029702970297,0.0855,0.22782486291741777,0.5570789340823266,0.0955,0.75,0.11599999999999999,0.016984040829739717
2117,0.46499999999999997,0.147,0.6315000000000001,0.026470297029702973,0.088,0.2226889518221736,0.6947375852650616,0.124,0.44399999999999995,0.30211714364609366,0.0035000000000000005
2118,0.634,0.0475,0.5269999999999999,0.05983951020030479,0.083,0.10711662337662338,0.804,0.1875,0.4415490295146789,0.1675445991647559,0.0045
2119,0.24450000000000002,0.0945,0.7275,0.13794629899732405,0.0985,0.33947229111463134,0.7516179828734538,0.061,0.2952078935795955,0.1645,0.043000000000000003
2120,0.3065,0.10632296263386457,0.758,0.05257060294633471,0.051500000000000004,0.36688199409067734,0.7841129131585537,0.0745,0.47787500000000005,0.126,0.0055
2121,0.0615,0.04337323016539475,0.6224999999999999,0.033,0.018,0.07401214679583334,0.9540000000000001,0.023,0.4665,0.07179059829059829,0.0025
2122,0.332,0.05550000000000001,0.635,0.1189125819615755,0.089,0.1251888141295206,0.9145853700516351,0.097,0.5046657865782744,0.17240316205533596,0.01
2123,0.4505,0.014999999999999996,0.7529999999999999,0.018920353982300884,0.0875,0.10027411477411478,0.977,0.056999999999999995,0.5984999999999999,0.23450000000000001,0.0015
2124,0.012,0.04346194225721785,0.5785,0.013000000000000001,0.0315,0.20099999999999998,0.8835000000000001,0.0105,0.3195,0.0825,0.0025
2125,0.022500000000000003,0.013000000000000001,0.5385,0.042970297029702974,0.028499999999999998,0.08818855218855219,0.983,0.030000000000000006,0.4373333333333333,0.05640316205533598,0.002
2126,0.025,0.003,0.7230000000000001,0.06600000000000002,0.046,0.121,0.942,0.0005,0.3175,0.096,0.0015
2127,0.5735,0.2245,0.6280000000000001,0.14247029702970299,0.125,0.31794081597426,0.628,0.21349999999999997,0.41629166666666667,0.3550518375130051,0.014500000000000002
2128,0.4494999999999999,0.1165,0.718,0.06648469387755103,0.1325,0.2615663867768789,0.7945464842278149,0.18050000000000002,0.5329999999999999,0.304077594348238,0.017
2129,0.0125,0.0005,0.7394999999999999,0.029984693877551018,0.0025,0.11518913226621737,0.998,0.0035000000000000005,0.265,0.0666889109100117,0.0
2130,0.47300000000000003,0.036000000000000004,0.4035,0.0225,0.009000000000000001,0.10500000000000001,0.8745,0.1705,0.344,0.24300000000000002,0.0005
2131,0.08600000000000001,0.0615,0.6065,0.0245,0.039999999999999994,0.12454889975550124,0.795,0.029500000000000005,0.42699999999999994,0.18368778882248887,0.002
2132,0.15600000000000003,0.119,0.8079999999999998,0.07685890389225129,0.10300000000000001,0.23552445765373084,0.9185668824163971,0.13499999999999998,0.3209157318634238,0.0942905982905983,0.011
2133,0.43099999999999994,0.14300000000000002,0.6100000000000001,0.05476963125447565,0.14850000000000002,0.3078448379451081,0.5349999999999999,0.18050000000000002,0.37949956024626214,0.5382916318890902,0.0155
2134,0.42300000000000004,0.242,0.7204999999999999,0.029240092011063184,0.156,0.3498040901938148,0.8503538364693413,0.20099999999999998,0.4537916666666667,0.40229184549356223,0.027500000000000004
2135,0.1705,0.03796194225721786,0.5029999999999999,0.03793028478105542,0.0465,0.11677383863080686,0.8757359657469077,0.068,0.5295,0.24699999999999997,0.009
2136,0.028999999999999998,0.061499999999999985,0.8504999999999999,0.0125,0.058499999999999996,0.2634265110476033,0.7071847531388304,0.25,0.5466662269129288,0.34049999999999997,0.0
2137,0.137,0.057499999999999996,0.7924999999999999,0.12966780184765814,0.1625,0.23514965808380187,0.9466179828734539,0.0805,0.32004129574678536,0.07130632411067195,0.004996775260459732
2138,0.461,0.15,0.6455000000000001,0.07092861911119588,0.08399999999999999,0.2584447074862183,0.7233723143012457,0.205,0.5275000000000001,0.25,0.0205
2139,0.6134999999999999,0.193,0.6975,0.06521453949970608,0.133,0.2439925457430137,0.6667191348844291,0.4095000000000001,0.421,0.33514566913645005,0.0095
2140,0.377,0.17337038438253694,0.663,0.09531399574585073,0.10999999999999999,0.26235410094637224,0.6696783705329044,0.12200000000000003,0.538499504950495,0.1624988983598842,0.019999999999999997
2141,0.3625,0.0355,0.725,0.04,0.075,0.14329725726184434,0.8745,0.07799999999999999,0.3245,0.1075,0.0075000000000000015
2142,0.0875,0.0315,0.751,0.03239558496665993,0.021500000000000002,0.14500000000000002,0.6425000000000001,0.0225,0.552,0.10800000000000001,0.0025
2143,0.0835,0.1055,0.6965,0.03435481632275377,0.14100000000000001,0.1848548132620886,0.4135,0.0805,0.6107491199116077,0.172579306948427,0.0045
2144,0.11199999999999999,0.043500000000000004,0.549,0.08384637855039415,0.1445,0.09227411477411478,0.9522359657469076,0.10200000000000001,0.5451657318634238,0.1763495515520537,0.00698734998378203
2145,0.2805,0.2528203026721688,0.6715000000000001,0.068419482764603,0.15150000000000002,0.22927383863080686,0.6103088989627533,0.13799999999999998,0.5770000000000001,0.2344959103997068,0.043000000000000003
2146,0.008,0.004,0.5665,0.040984693877551014,0.0195,0.1305,0.933,0.004499999999999999,0.2648333333333333,0.042499999999999996,0.0
2147,0.08549999999999999,0.0885,0.6769999999999999,0.062399159663865555,0.077,0.2312744498777506,0.6715,0.12599999999999997,0.406832892998679,0.09801745393338321,0.01199375616168255
2148,0.335,0.153,0.612,0.052000000000000005,0.14350000000000002,0.16712855082412287,0.8156848652898508,0.1795,0.488,0.3345000000000001,0.025
2149,0.353,0.0505,0.619,0.0435,0.0875,0.15409645909645908,0.5511179828734538,0.07949999999999999,0.4025,0.15499999999999997,0.0025
2150,0.5255000000000001,0.036,0.45649999999999996,0.014899159663865546,0.1095,0.2262741147741148,0.5795,0.186,0.29474999999999996,0.4338664474451921,0.0015
2151,0.0245,0.0125,0.378,0.049984693877551015,0.015500000000000003,0.122,0.7885,0.0385,0.488,0.0415,0.0005
2152,0.367,0.1914421605382547,0.7024999999999999,0.051000000000000004,0.122,0.27449999999999997,0.5828022790017519,0.188,0.57325,0.16690396039603958,0.026500000000000003
2153,0.39799999999999996,0.39448641179180105,0.6415,0.06885481632275378,0.127,0.3872782962636262,0.7238369697887783,0.23349999999999999,0.39905,0.4218063241106719,0.0115
2154,0.3005,0.1499238845144357,0.5824999999999999,0.119,0.061,0.21150000000000002,0.7527358535958873,0.056999999999999995,0.799,0.042499999999999996,0.0034999999999999996
2155,0.186,0.10500000000000001,0.649,0.10678623597866377,0.18150000000000002,0.4781902880713673,0.4896538514294521,0.1385,0.72875,0.14380712245137559,0.023
2156,0.007000000000000001,0.009,0.516,0.05748469387755102,0.008,0.1355,0.962,0.003,0.2863333333333334,0.04835004047811801,0.0019873499837820305
2157,0.24900000000000003,0.0905,0.5885,0.06975373246365262,0.119,0.21278956665329182,0.7416179828734538,0.145,0.5294570262940701,0.10230632411067193,0.014500000000000002
2158,0.6745,0.0665,0.7779999999999999,0.01694392523364486,0.1065,0.3617627758782061,0.9600668824163969,0.169,0.6090000000000001,0.263,0.0095
2159,0.022,0.023,0.6,0.025484693877551017,0.023,0.08600000000000001,0.9,0.012,0.21208333333333332,0.1395,0.0055
2160,0.3,0.07799775121831298,0.714,0.0513658819963629,0.0985,0.3189723163956252,0.913,0.028000000000000004,0.6295,0.14540396039603962,0.0055
2161,0.217,0.15091698207630416,0.6775,0.06693690960817808,0.15099999999999997,0.3586437740693197,0.245535838150289,0.15,0.5288996827914354,0.24163409099595418,0.0095
2162,0.0685,0.039,0.683,0.034999999999999996,0.009500000000000001,0.121,0.8067835940492294,0.0115,0.493,0.1255,0.0034999999999999996
2163,0.3615,0.1325,0.7184999999999999,0.08846508869636963,0.1145,0.2961506728296009,0.8,0.152,0.504199504950495,0.32443556579684896,0.0155
2164,0.3825,0.122,0.6769999999999999,0.03697029702970297,0.1325,0.1824453220696855,0.6775668103448276,0.25650000000000006,0.45499999999999996,0.25,0.004
2165,0.005,0.0155,0.47050000000000003,0.01797029702970297,0.023,0.10200000000000001,0.8255668824163969,0.019500000000000003,0.39899999999999997,0.082,0.002
2166,0.796,0.06381358936919229,0.647,0.037954990907253995,0.11749999999999998,0.16604795340492162,0.9695,0.0905,0.5498328382838283,0.28970384534675675,0.0105
2167,0.059,0.02,0.6935,0.06599999999999999,0.025,0.077,0.9515,0.0025,0.154,0.0975,0.002
2168,0.356,0.10865152770088315,0.47750000000000004,0.028999999999999998,0.0895,0.31657962544292617,0.9369999999999999,0.033,0.6725,0.19633887043189371,0.0035000000000000005
2169,0.039,0.06496194225721785,0.882,0.0195,0.0675,0.32688612311396337,0.6881537088727224,0.39,0.6746819587763524,0.17450000000000002,0.0015
2170,0.45549999999999996,0.09914117981962849,0.5595000000000001,0.024890651012003856,0.0875,0.2541996588335892,0.9576179828734539,0.047,0.6337995245641839,0.21674283082793327,0.001
2171,0.044967618429591176,0.037000000000000005,0.6005,0.01997979797979798,0.026000000000000002,0.175,0.9145,0.025500000000000002,0.52325,0.07335083881882162,0.0035000000000000005
2172,0.3105,0.0125,0.3965,0.013999999999999999,0.052500000000000005,0.07304795340492162,0.9115,0.0345,0.366,0.27549999999999997,0.001
2173,0.051500000000000004,0.0605,0.538,0.02644392523364486,0.0435,0.24109088601967743,0.7791179828734538,0.0595,0.442,0.18797167630057804,0.0025
2174,0.1385,0.079,0.6619999999999999,0.054000000000000006,0.6685,0.2314798160028484,0.818,0.08449999999999999,0.5043329616782293,0.12544779826221286,0.005
2175,0.205,0.11126098950352917,0.6125,0.06089065101200386,0.157,0.30031702985000763,0.8681179828734539,0.1985,0.5485902564276077,0.19809046195176055,0.009500000000000001
2176,0.019,0.06100000000000001,0.44600000000000006,0.0125,0.0375,0.21932273838630806,0.6867404654169359,0.018,0.46349999999999997,0.125,0.001
2177,0.032,0.068,0.666,0.026970297029702973,0.01,0.1191888141295206,0.818,0.021500000000000002,0.49050000000000005,0.09640316205533597,0.0025
2178,0.284,0.0235,0.5579999999999999,0.0225,0.0155,0.13977411477411478,0.9349999999999999,0.101,0.2715,0.199,0.008
2179,0.18,0.069,0.4805,0.091454990907254,0.10200000000000001,0.1405810680607961,0.7819999999999999,0.1145,0.6127499999999999,0.1946406758108373,0.0015
2180,0.5585000000000001,0.18325094540183864,0.5850000000000001,0.12197438459920051,0.1135,0.2918698792521812,0.575,0.2685,0.4724583333333333,0.38714487079574644,0.0185
2181,0.23650000000000002,0.16238371564760082,0.7464999999999999,0.06447029702970297,0.13799999999999998,0.42718881412952064,0.5016153465880281,0.0905,0.5657499999999999,0.14741016381263822,0.027499999999999997
2182,0.1635,0.2414159042373834,0.7735000000000001,0.03899999999999999,0.09,0.26537736631807285,0.5376688112679254,0.0995,0.66445,0.11600000000000002,0.0075000000000000015
2183,0.38549999999999995,0.11400000000000002,0.503,0.05184308489751042,0.07849999999999999,0.46128880213247053,0.7008270925774174,0.24949999999999997,0.48083245382585754,0.34063822874770683,0.0235
2184,0.2685,0.1115,0.5549999999999999,0.03899999999999999,0.1135,0.2322003666453493,0.08758537005163511,0.14750000000000002,0.6475,0.23596293494704992,0.005487345879299156
2185,0.30999999999999994,0.034499999999999996,0.6875,0.0235,0.0625,0.08692001945299722,0.9284999999999999,0.075,0.6184999999999999,0.1077428308279333,0.07949375616168255
2186,0.706,0.075,0.5215,0.064954990907254,0.086,0.10049999999999999,0.9545,0.487,0.23850000000000002,0.39540396039603964,0.0015
2187,0.1485,0.092,0.5725,0.062,0.034499999999999996,0.18596266696266694,0.9355,0.07250000000000001,0.49450000000000005,0.2445,0.004
2188,0.5050000000000001,0.10750000000000001,0.645,0.029000000000000005,0.082,0.16239687881027112,0.6679504790069545,0.25749999999999995,0.4505,0.34979184549356224,0.004
2189,0.161,0.05268351250498572,0.5535,0.1938650736681074,0.08149999999999999,0.07785387045813585,0.9605,0.10200000000000001,0.5286249999999999,0.09182734511078063,0.003
2190,0.2655,0.15950000000000003,0.603,0.05897029702970297,0.1615,0.13844687232809963,0.7933088989627533,0.083,0.5116076444696647,0.27080812167042245,0.006
2191,0.562,0.1,0.6065000000000002,0.03844392523364486,0.055499999999999994,0.17792591400299912,0.749,0.14350000000000002,0.38900000000000007,0.4483388704318937,0.02
2192,0.022,0.07550000000000001,0.6469999999999999,0.014470297029702973,0.0095,0.15299999999999997,0.8595466165413533,0.0125,0.48600000000000004,0.056499999999999995,0.0005
2193,0.5545,0.17396133682830933,0.6609999999999999,0.09242861911119588,0.17099999999999999,0.22409786399302528,0.8865000000000001,0.129,0.44250000000000006,0.293,0.0075000000000000015
2194,0.053500000000000006,0.05500000000000001,0.7004999999999999,0.04,0.0805,0.15527411477411476,0.7795000000000001,0.019,0.34999950495049503,0.05303150869030512,0.004
2195,0.3735,0.1685,0.742,0.04536098609860986,0.135,0.2098929381514802,0.8644999999999999,0.119,0.5645,0.2107387239163443,0.0155
2196,0.081,0.01,0.4465,0.0225,0.002,0.18177444987775063,0.938,0.003999999999999999,0.25483333333333336,0.06200000000000001,0.0
2197,0.4305,0.11699999999999999,0.53,0.051440594059405945,0.139,0.2654590343195794,0.6495,0.261,0.41725,0.37176915012622486,0.013500000000000002
2198,0.294,0.026000000000000002,0.5985,0.008357312579989165,0.057499999999999996,0.13799772035180405,0.8135,0.1645,0.37374999999999997,0.2471571629294936,0.012
2199,0.006500000000000001,0.014461942257217846,0.39099999999999996,0.02042528793695696,0.0195,0.23281757365426986,0.666066882416397,0.0075000000000000015,0.48699968279143535,0.03,0.0
2200,0.409,0.0985,0.6184999999999999,0.056328444526695665,0.0865,0.38918633916231854,0.6198369175359701,0.148,0.3942916666666666,0.2743148573483201,0.038500000000000006
2201,0.032,0.020423884514435695,0.5885,0.0335,0.04,0.075,0.874,0.009,0.372,0.1585,0.002
2202,0.025500000000000002,0.0445,0.6255,0.028470297029702968,0.06549999999999999,0.2005971293037308,0.6815,0.013500000000000002,0.2955,0.11800000000000002,0.0015
2203,0.4265,0.1495,0.6355000000000001,0.046,0.07050000000000001,0.2233942812083351,0.8528757813791504,0.198,0.5375,0.2908079207920792,0.039999999999999994
2204,0.121,0.20390349736656402,0.6525000000000001,0.13706603595089578,0.236,0.6084253353168914,0.553289252321304,0.1135,0.2625,0.04283887043189369,0.029461514959514313
2205,0.3785,0.1305,0.664,0.024430284781055425,0.10600000000000001,0.18446266696266694,0.6770544837185322,0.1305,0.5073745049504951,0.265,0.022974495526229273
2206,0.5195000000000001,0.03899999999999999,0.5534999999999999,0.07189558496665993,0.074,0.08704795340492162,0.9685,0.05550000000000001,0.315,0.1644039603960396,0.0034999999999999996
2207,0.135,0.16692926829268295,0.7939999999999999,0.03149999999999999,0.1255,0.38264144677424333,0.43120296775522904,0.07250000000000001,0.66975,0.1292818247343146,0.01
2208,0.2955,0.23542822384428225,0.7005,0.064,0.1125,0.26969761344715826,0.5948757813791503,0.181,0.592,0.2309039603960396,0.013000000000000001
2209,0.0095,0.0335,0.674,0.025500000000000002,0.01,0.18249999999999997,0.9890000000000001,0.017499999999999998,0.3213333333333333,0.06990316205533596,0.003
2210,0.3895,0.2098574921369652,0.6849999999999999,0.0638226393543417,0.0915,0.7119512373032209,0.831117982873454,0.18900000000000003,0.5082319028996691,0.32093061965042213,0.0085
2211,0.491,0.12349999999999998,0.6355,0.0463523157358907,0.131,0.17196623088313923,0.8975,0.12349999999999998,0.4428328382838284,0.1805,0.026000000000000002
2212,0.058499999999999996,0.037500000000000006,0.5775,0.051500000000000004,0.023,0.10123737878138599,0.8145,0.026500000000000003,0.33699999999999997,0.16490316205533598,0.001
2213,0.10550000000000001,0.024,0.5715,0.09516334731894346,0.077,0.2132371168404176,0.8390000000000001,0.006,0.32733333333333337,0.147,0.0085
2214,0.016000000000000004,0.010400911161731207,0.501,0.013470297029702972,0.014499999999999999,0.15785410094637223,0.8817404654169361,0.007000000000000001,0.35799900990099004,0.06844687842278205,0.0
2215,0.4955,0.31988399372935117,0.5695,0.07026739828432926,0.14700000000000002,0.32854096999963356,0.7225960335554514,0.49700000000000005,0.49225,0.25952617032831826,0.009
2216,0.2245,0.07388432107650936,0.655,0.1394165120593692,0.07950000000000002,0.23160181719238998,0.9581602207679213,0.121,0.49250000000000005,0.11549999999999998,0.004
2217,0.055499999999999994,0.07034826683332743,0.5995,0.029940594059405946,0.021500000000000002,0.1455485646518654,0.5660000000000001,0.0645,0.4632495049504951,0.0997428308279333,0.005
2218,0.359,0.12094857820191832,0.6500000000000001,0.09926979498136021,0.11750000000000001,0.14527444987775062,0.5795,0.174,0.5492495049504951,0.1436295938379331,0.013500000000000002
2219,0.13599999999999998,0.043000000000000003,0.5885,0.08619659554335424,0.051000000000000004,0.11950000000000001,0.899669740453603,0.05,0.6224162269129289,0.1553732262291679,0.0005
2220,0.033,0.0034999999999999996,0.6415,0.032,0.0015,0.13599999999999998,0.952,0.01,0.25349999999999995,0.075,0.001
2221,0.031,0.009,0.613,0.004999999999999999,0.03899999999999999,0.15179514811572015,0.962,0.0225,0.2771666666666667,0.3259463894967177,0.001493593955321945
2222,0.55,0.028500000000000004,0.531,0.03936365152121455,0.05349999999999999,0.13977383863080686,0.522,0.207,0.32841622633201234,0.39226352179414026,0.0035000000000000005
2223,0.534,0.5565,0.868,0.08374843414041935,0.162,0.45895294977812967,0.6965492175211592,0.4455,0.40825000000000006,0.082,0.0095
2224,0.295,0.07300000000000001,0.638,0.03589891614089885,0.0415,0.19659686469691304,0.6795,0.1075,0.43749950495049517,0.38295621586892176,0.0044873499837820305
2225,0.37196761842959114,0.1105,0.5745,0.09456458457861504,0.172,0.32540233049460177,0.7422357414448669,0.11949999999999998,0.40024906461584076,0.25346609497934003,0.0295
2226,0.2165,0.1165,0.738,0.07882006457536136,0.0875,0.23420774091627172,0.8122686122984579,0.061,0.6415,0.062,0.0105
2227,0.3665,0.18478467153284672,0.65,0.065,0.0915,0.29126598314489455,0.6627271031843182,0.1325,0.49000000000000005,0.1495,0.028000000000000004
2228,0.267,0.09284995241454534,0.5375000000000001,0.024,0.13299999999999998,0.24403602800059515,0.17200000000000001,0.196,0.589,0.1849629349470499,0.007993593955321945
2229,0.44350000000000006,0.23450000000000001,0.5705,0.06694392523364487,0.1345,0.4897484801525579,0.7117359657469077,0.173,0.32199999999999995,0.45649999999999996,0.032
2230,0.38,0.16194216053825466,0.653,0.06949999999999999,0.1115,0.172,0.7463197623309497,0.145,0.5277499999999999,0.14140396039603959,0.0205
2231,0.0495,0.042499999999999996,0.89,0.024000000000000004,0.12300000000000003,0.24800620410961383,0.09904666917576213,0.0235,0.8965,0.0405,0.0015
2232,0.034499999999999996,0.0185,0.4925,0.05387254434484075,0.04000000000000001,0.12423678173678174,0.9039999999999999,0.0225,0.3128328382838284,0.0995,0.004
2233,0.7064999999999999,0.03490410279547253,0.601,0.01,0.06999999999999999,0.1790091061350158,0.9935,0.1335,0.3691662269129288,0.2971502348434745,0.0055
2234,0.029500000000000005,0.004,0.5215000000000001,0.03898469387755102,0.0445,0.10977411477411476,0.901,0.005,0.23700000000000002,0.14485004047811798,0.009000000000000001
2235,0.1725,0.006,0.4285,0.042484693877551015,0.051500000000000004,0.121,0.8460000000000001,0.0125,0.2052083333333333,0.13475400087415762,0.006
2236,0.184,0.07100000000000001,0.6365000000000001,0.06078532670406285,0.03699999999999999,0.1524629289036354,0.9334999999999999,0.036,0.4133333333333333,0.08900720340761159,0.013000000000000001
2237,0.409,0.183,0.7965,0.07088034173365335,0.09,0.2707099781575787,0.9232359657469077,0.08900000000000001,0.617375,0.2132566811380135,0.0125
2238,0.3875,0.17942405497173358,0.6945,0.018500000000000003,0.1345,0.37693899284471855,0.5220587810614299,0.131,0.5894999999999999,0.31629184549356226,0.023
2239,0.12450000000000001,0.07442926829268293,0.6005,0.0475,0.08449999999999999,0.07400000000000001,0.9065,0.075,0.4625,0.24200000000000005,0.004999999999999999
2240,0.061999999999999986,0.045480218281036836,0.6074999999999999,0.019,0.1025,0.2631502888039251,0.0055000000000000005,0.038,0.7841662269129287,0.0415,0.001
2241,0.003,0.0085,0.603,0.023000000000000003,0.014000000000000002,0.17300000000000001,0.8176179828734538,0.0085,0.2955,0.312446878422782,0.0
2242,0.20299999999999999,0.2015,0.7525,0.05895499090725398,0.10700000000000001,0.20140073934009467,0.913,0.068,0.5847657318634238,0.2821017170256478,0.007990692357935989
2243,0.317,0.02,0.603,0.046,0.044500000000000005,0.15695066465823082,0.4375,0.06749999999999999,0.3024162263320124,0.09140316205533597,0.001
2244,0.19049999999999997,0.097,0.644,0.1695,0.096,0.14087790943651798,0.9710000000000001,0.0165,0.4632495049504951,0.19117797616745885,0.011
2245,0.1705,0.1155,0.7969999999999999,0.07538785046728971,0.149,0.47033743413220863,0.4866186200171135,0.1165,0.7569999999999999,0.07683774834437088,0.01
2246,0.27399999999999997,0.004,0.5425000000000001,0.058499999999999996,0.015999999999999997,0.2735,0.7035,0.026000000000000002,0.321,0.101,0.0025
2247,0.0245,0.0,0.5705,0.024,0.011500000000000002,0.13282271202683277,0.835,0.013500000000000002,0.19249999999999998,0.0415,0.0
2248,0.099,0.14997396768402155,0.9095000000000001,0.008,0.081,0.2006262155521224,0.489,0.37300000000000005,0.45099999999999996,0.185,0.0
2249,0.192,0.08631943439418302,0.6675,0.04738385354141657,0.03150000000000001,0.1525,0.9295466165413533,0.10650000000000001,0.5036653468245365,0.1700274575950862,0.0085
2250,0.125,0.06,0.658,0.038000000000000006,0.0725,0.20477411477411475,0.4761907692307693,0.14450000000000002,0.5214162269129288,0.1370752250577512,0.0115
2251,0.542,0.11100000000000002,0.779,0.0185,0.05650000000000001,0.22908355622357562,0.8865000000000001,0.1885,0.6675000000000001,0.20474283082793326,0.007000000000000001
2252,0.4485,0.23650000000000002,0.6595,0.05086957777410393,0.0995,0.21574299227267782,0.631352212542994,0.2305,0.6159995602462621,0.29310746563337176,0.015
2253,0.2165,0.12937866040940388,0.4915,0.0755,0.053500000000000006,0.11027411477411478,0.7125466691757621,0.11750000000000001,0.48200000000000004,0.15099999999999997,0.0075
2254,0.25650000000000006,0.08092926829268293,0.629,0.09342035398230089,0.076,0.1923732650661884,0.9210635337679722,0.1285,0.6004999999999999,0.15199999999999997,0.007000000000000001
2255,0.025500000000000002,0.17792822384428225,0.7855000000000001,0.05800000000000001,0.0985,0.211,0.8916179828734538,0.0235,0.4425,0.10049999999999999,0.004
2256,0.3035,0.07150000000000001,0.6380000000000001,0.04748469387755102,0.074,0.11227383863080684,0.9262251802887373,0.19050000000000003,0.37724950495049503,0.38746293494704986,0.0035000000000000005
2257,0.532,0.17149999999999999,0.6360000000000001,0.056499999999999995,0.0865,0.2198165232184633,0.7099163997554638,0.35300000000000004,0.49000000000000005,0.30830792079207925,0.0359873074452003
2258,0.32449999999999996,0.2108957410744045,0.6569999999999999,0.05992861911119588,0.18550000000000003,0.9675,0.5621075201710368,0.18,0.48379078657827446,0.25502725791197145,0.0365
2259,0.1105,0.011891210549900775,0.6525000000000001,0.06239114412017346,0.08349999999999999,0.16562849520031842,0.558,0.05499999999999999,0.426,0.1005,0.008000000000000002
2260,0.0705,0.14946194225721784,0.483,0.14698469387755103,0.0845,0.16299999999999998,0.769117982873454,0.033,0.46399911991160775,0.27469444013698485,0.0005
2261,0.10600000000000001,0.060999999999999985,0.8265,0.0195,0.1305,0.23331736495364344,0.6761178707224336,0.43600000000000005,0.6406824538258575,0.19249999999999998,0.0055
2262,0.0155,0.018,0.5705,0.07335396993759523,0.028000000000000004,0.08700000000000001,0.8640000000000001,0.009,0.22349999999999998,0.0895,0.0
2263,0.315,0.17548021828103683,0.6735,0.057499999999999996,0.124,0.2730914972666212,0.38816453989819555,0.134,0.5765,0.26050000000000006,0.018
2264,0.39296761842959116,0.0355,0.5255,0.02248469387755102,0.0675,0.09349119207141077,0.8860466691757622,0.148,0.37625,0.2963071224513755,0.0035000000000000005
2265,0.5880000000000001,0.0675,0.6135,0.021411721676484762,0.13999999999999999,0.11904795340492162,0.9324999999999999,0.1525,0.5348740651967571,0.2846244170384774,0.0075000000000000015
2266,0.36249999999999993,0.14190948657371977,0.6975,0.034999999999999996,0.1295,0.27360549189104416,0.5629391301991752,0.11399999999999999,0.5483746283448959,0.1825989679449378,0.0235
2267,0.3375,0.285,0.7579999999999999,0.09273848923064604,0.0685,0.6737368752593934,0.8200763171459581,0.1525,0.46300796167822933,0.3277852599286114,0.015
2268,0.023,0.026499999999999996,0.45149999999999996,0.06346938775510204,0.007000000000000001,0.14327411477411478,0.9385,0.015000000000000003,0.23583333333333334,0.07925320253345398,0.001
2269,0.0295,0.0155,0.48599999999999993,0.07589376641745807,0.018999999999999996,0.1262741147741148,0.9545,0.018,0.20524955966534564,0.0791406387687163,0.003999999999999999
2270,0.6115,0.0865,0.7190000000000001,0.03147029702970297,0.11850000000000001,0.2576485339579161,0.9414999999999999,0.129,0.49399999999999994,0.2783703791221988,0.02198734801183043
2271,0.2125,0.07449999999999998,0.5740000000000001,0.0155,0.10800000000000001,0.2362003666453493,0.09549999999999999,0.148,0.6335,0.1619629349470499,0.004487345879299156
2272,0.7144999999999999,0.0685,0.568,0.0607954103821597,0.1015,0.3393517951407817,0.611308786811733,0.038,0.5036662269129287,0.2695,0.005
2273,0.004999999999999999,0.0345,0.5835,0.0505,0.006,0.21467644860524002,0.906,0.0055,0.352,0.0635,0.0
2274,0.175,0.101,0.642,0.03886427921594575,0.0605,0.11404856465186539,0.9344999999999999,0.10500000000000001,0.5553569028996692,0.14890651295261234,0.003
2275,0.1125,0.12450000000000001,0.6595,0.05313000888692877,0.0865,0.22737125113096335,0.7552359657469078,0.0405,0.500125,0.1401344877338459,0.007000000000000001
2276,0.006999999999999999,0.011,0.49749999999999994,0.027500000000000004,0.0075,0.157,0.806,0.0015,0.5085,0.037500000000000006,0.0
2277,0.1005,0.20700000000000002,0.8845000000000001,0.15868943062530552,0.217,0.6445771345457756,0.5412318508871312,0.131,0.329,0.0385,0.016999999999999998
2278,0.0085,0.014500000000000002,0.575,0.0615,0.001,0.1331284952003184,0.9917577985056966,0.006,0.30825,0.0462094861660079,0.0005
2279,0.3635,0.19090410279547254,0.5905,0.07539065101200385,0.13699999999999998,0.059854380426203634,0.6995045154697801,0.178,0.53125,0.1674039603960396,0.0225
2280,0.0995,0.013000000000000001,0.579,0.02998469387755102,0.0235,0.09718855218855219,0.96,0.019999999999999997,0.2675,0.16699999999999998,0.0015
2281,0.17450000000000002,0.21949999999999997,0.7925,0.0389547529882522,0.059,0.2039480863079448,0.681,0.09400000000000001,0.3871662269129288,0.2162973864434287,0.013999999999999999
2282,0.39,0.043500000000000004,0.585,0.018470297029702973,0.11549999999999998,0.14004795340492163,0.7418028481633048,0.205,0.5374652564276076,0.19430712245137557,0.010499999999999999
2283,0.2395,0.067,0.7369999999999999,0.07416462355276153,0.12400000000000003,0.3177857140931356,0.647065537149825,0.09000000000000001,0.4875,0.1284629349470499,0.012
2284,0.0395,0.008973967684021544,0.5584999999999999,0.022000000000000002,0.0225,0.0745,0.9655000000000001,0.0125,0.376,0.079,0.0005
2285,0.11499999999999999,0.08149999999999999,0.8234999999999999,0.013000000000000001,0.122,0.19962798523225062,0.93,0.0355,0.6278333333333334,0.08047194910352805,0.0005
2286,0.5965,0.016000000000000004,0.6995000000000001,0.0029846938775510206,0.087,0.06627383863080685,0.9515,0.29399999999999993,0.5728333333333333,0.11170384534675674,0.012493756161682551
2287,0.1935,0.010499999999999999,0.576,0.025484693877551024,0.026500000000000003,0.13833085725595776,0.9525,0.05750000000000001,0.2305,0.3188388704318937,0.002
2288,0.2085,0.05,0.6455000000000001,0.026000000000000002,0.0745,0.17250000000000001,0.7962517477062477,0.10400000000000001,0.576,0.17550000000000002,0.004
2289,0.2525,0.11946194225721785,0.698,0.021,0.09100000000000001,0.3478791701075893,0.7985404334283662,0.04700000000000001,0.605125,0.14121599899724582,0.0025
2290,0.202,0.0215,0.6585,0.0035000000000000005,0.04,0.1656888141295206,0.8995,0.0595,0.417,0.15490396039603962,0.0005
2291,0.0034999999999999996,0.002,0.5505000000000001,0.04098469387755103,0.008499999999999999,0.13269233872118502,0.946,0.026000000000000002,0.3283333333333333,0.07490316205533595,0.0
2292,0.12399999999999997,0.0225,0.6805,0.05948469387755101,0.06050000000000001,0.11004822954822954,0.915,0.0045,0.31766666666666665,0.11949999999999998,0.013000000000000001
2293,0.24300000000000002,0.13,0.7525,0.042499999999999996,0.072,0.15864924401296915,0.887203352925089,0.0455,0.50875,0.13578584026865698,0.038000000000000006
2294,0.29400000000000004,0.096,0.6605,0.08442035398230088,0.07150000000000001,0.12946266696266698,0.9140668103448275,0.0805,0.4805,0.22999999999999998,0.016484448519618538
2295,0.265,0.06596194225721784,0.744,0.05597029702970298,0.05499999999999999,0.13927411477411475,0.9455,0.0245,0.35525,0.14950000000000002,0.0015
2296,0.258,0.099,0.7125,0.03068156861468021,0.10999999999999999,0.2735112709433402,0.8584999999999999,0.14049999999999999,0.4623064078501641,0.1438079207920792,0.003
2297,0.484,0.2875,0.5599999999999999,0.056999999999999995,0.10200000000000001,0.3486467561126423,0.6556866350969497,0.217,0.432125,0.3748668953430895,0.013500000000000002
2298,0.399,0.23149999999999998,0.643,0.07050000000000001,0.073,0.25233770747433515,0.8236628475831148,0.19049999999999997,0.5275000000000001,0.417,0.021493591850147882
2299,0.202,0.028999999999999998,0.38750000000000007,0.02498469387755102,0.034999999999999996,0.11296069124882824,0.9035,0.073,0.379,0.24,0.0025
2300,0.19250000000000003,0.101,0.7234999999999999,0.22906971695826708,0.0735,0.34150530793412914,0.6172577985056964,0.0975,0.5225178746790432,0.4217610517923803,0.0009831659210987383
2301,0.2565,0.0895,0.76,0.027784886890128514,0.0815,0.48625345249440405,0.2625356532023418,0.042,0.5556339246388677,0.3344981867443308,0.010499999999999999
2302,0.27699999999999997,0.07680884408100738,0.6675000000000001,0.05825919843097144,0.121,0.2627741147741148,0.7205,0.073,0.344125,0.22537511115886405,0.0635
2303,0.252,0.14550000000000002,0.6869999999999999,0.0983049113322547,0.125,0.5311545199974472,0.3876522524680321,0.12149999999999998,0.377625,0.27783475584941214,0.018
2304,0.129,0.0765,0.575,0.02135481632275377,0.12200000000000003,0.0701888141295206,0.8925000000000001,0.08700000000000001,0.35075,0.2988071224513756,0.004
2305,0.0095,0.032,0.5290000000000001,0.0375,0.006499999999999999,0.13177411477411477,0.9644999999999999,0.0055000000000000005,0.47974950495049506,0.059240910399706824,0.0
2306,0.41500000000000004,0.035,0.5934999999999999,0.015500000000000003,0.057999999999999996,0.098,0.902066882416397,0.044,0.3775,0.10800000000000001,0.002
2307,0.16450000000000004,0.1485,0.7609999999999999,0.028959987751352455,0.1265,0.35235410094637226,0.41296711415934173,0.14350000000000002,0.3755,0.13129059829059828,0.008499999999999999
2308,0.08399999999999999,0.0085,0.711,0.155,0.015999999999999997,0.10577411477411477,0.9685,0.007000000000000001,0.1955,0.11850000000000001,0.004
2309,0.23149999999999998,0.0805,0.6025,0.06537621353383376,0.051000000000000004,0.15135410094637222,0.8785000000000001,0.034,0.38425,0.17764487079574645,0.01
2310,0.124,0.0225,0.365,0.026000000000000002,0.075,0.1155,0.875,0.099,0.2775,0.268,0.0019873499837820305
2311,0.683,0.5128961225184202,0.7739999999999999,0.01198469387755102,0.095,0.3547082018927445,0.031000000000000007,0.7735,0.36500000000000005,0.10200000000000001,0.0005
2312,0.2355,0.1315,0.759,0.054984693877551026,0.10700000000000001,0.3370897109676924,0.6921055797673957,0.099,0.64275,0.16499512693688756,0.019
2313,0.199,0.0685,0.397,0.030318642428468535,0.1335,0.08928629417080075,0.805,0.095,0.3384162269129288,0.3082782732142,0.0034999999999999996
2314,0.42750000000000005,0.0915,0.7225,0.0335,0.026999999999999996,0.2036518161958234,0.943,0.11699999999999999,0.4494999999999999,0.16,0.0005
2315,0.055499999999999994,0.029500000000000005,0.5325,0.13242035398230087,0.036500000000000005,0.10049999999999999,0.8720000000000001,0.038,0.4154999999999999,0.19090316205533597,0.004
2316,0.08449999999999999,0.0325,0.45199999999999996,0.04941422226334784,0.014500000000000002,0.14727411477411478,0.9726909160892994,0.0034999999999999996,0.39825000000000005,0.23280632411067192,0.001
2317,0.16199999999999998,0.05600000000000001,0.6875,0.0215,0.039,0.07227411477411477,0.7802825227716494,0.12350000000000001,0.5269999999999999,0.20549999999999996,0.0005
2318,0.2725,0.22349999999999998,0.653,0.05128869593520481,0.0685,0.5534235459720298,0.8270668824163969,0.15950000000000003,0.47125000000000006,0.38505095326828975,0.0155
2319,0.023,0.0295,0.5934999999999999,0.017499999999999998,0.044,0.1367364913911343,0.9635,0.0025,0.2665,0.24300000000000005,0.006500000000000001
2320,0.4025,0.153,0.6649999999999999,0.03295499090725399,0.1285,0.2834630020663028,0.5735000000000001,0.14200000000000002,0.4425319587763526,0.18590316205533597,0.024
2321,0.0235,0.009473967684021544,0.47800000000000004,0.051928619111195874,0.015000000000000003,0.13241811733986206,0.9605,0.0015,0.3045149197773062,0.06305748639033021,0.0
2322,0.05450000000000001,0.04546194225721785,0.8975,0.02445499090725399,0.12,0.278,0.4091923801040817,0.0365,0.30091622691292874,0.10629184549356223,0.008493756161682551
2323,0.068,0.2079619422572178,0.8164999999999999,0.18647029702970297,0.1085,0.2540476772616137,0.7464999999999999,0.0415,0.5535,0.0895,0.004496858465608466
2324,0.2465,0.017499999999999998,0.568,0.054970297029702964,0.022,0.223,0.7154999999999999,0.036000000000000004,0.24300000000000002,0.08700000000000001,0.0005
2325,0.221,0.11499999999999999,0.5885,0.02248469387755102,0.052500000000000005,0.13169915835380125,0.8961179828734538,0.049,0.3043661916072843,0.429,0.0025
2326,0.2185,0.1015,0.5745,0.09981313840424669,0.0765,0.24723704367775015,0.509,0.16099999999999998,0.3665,0.39719376034593423,0.002
2327,0.33999999999999997,0.152,0.7135,0.04743478888705196,0.063,0.7212744498777506,0.8831179828734539,0.143,0.6077328929986789,0.23271860416375487,0.01
2328,0.269,0.1714541859650584,0.677,0.06197029702970297,0.13449999999999998,0.5486288303039543,0.5313424558348674,0.12250000000000001,0.5442495049504951,0.22929184549356224,0.020999999999999998
2329,0.127,0.063,0.7475,0.02948469387755102,0.0235,0.1145,0.9302762807457944,0.019,0.382,0.16599999999999998,0.0125
2330,0.35650000000000004,0.1505,0.6325000000000001,0.073,0.0895,0.24435518811579873,0.6383917552335342,0.1665,0.507,0.3292918454935623,0.038
2331,0.009000000000000001,0.0235,0.513,0.04778435881956937,0.016499999999999997,0.11677444987775062,0.9502404654169361,0.0005,0.2328333333333333,0.07490316205533595,0.001
2332,0.11699999999999999,0.0465,0.501,0.032919482764602985,0.0225,0.20350000000000001,0.8675,0.044,0.38275,0.1521409481833556,0.0045000000000000005
2333,0.6195,0.057499999999999996,0.6445000000000001,0.06091422226334783,0.0735,0.14558929712783691,0.9090466691757622,0.17250000000000001,0.42512450495049503,0.2914512685777015,0.014500000000000002
2334,0.0205,0.0335,0.5814999999999999,0.016999999999999998,0.028999999999999998,0.1672466343574791,0.6332032648541965,0.008499999999999999,0.43199999999999994,0.0715,0.0005
2335,0.0415,0.0665,0.844,0.022,0.088,0.28152114038739245,0.0975,0.0725,0.25925,0.0776174544753146,0.0034999999999999996
2336,0.20546761842959116,0.1593135893691923,0.687,0.07119924467993195,0.15150000000000002,0.8867842355653461,0.4565910147029227,0.146,0.57295,0.1879629349470499,0.014500000000000002
2337,0.29400000000000004,0.12838727695774016,0.6,0.030943925233644864,0.138,0.3049282819318706,0.0635,0.21300000000000002,0.5565828382838284,0.1907456655941071,0.01797910154961891
2338,0.015000000000000003,0.019,0.6615,0.053956730769230764,0.0075000000000000015,0.1265,0.966,0.011000000000000001,0.5525,0.04425271360738966,0.0055
2339,0.053000000000000005,0.040999999999999995,0.6605,0.033899159663865544,0.09999999999999999,0.20117174804676302,0.922,0.027500000000000004,0.32849999999999996,0.2866513569309973,0.007000000000000001
2340,0.0345,0.10500000000000001,0.8525,0.0125,0.0685,0.35608625650647674,0.6811178707224335,0.30000000000000004,0.6355819587763525,0.24900000000000003,0.0015
2341,0.1685,0.022,0.537,0.04689891614089885,0.0455,0.1577744498777506,0.8466848652898509,0.18949999999999997,0.261832892998679,0.1989644861660079,0.0004935939553219448
2342,0.387,0.22242822384428224,0.706,0.08912263987556981,0.08299999999999999,0.510907868862109,0.6484171808811728,0.14350000000000002,0.46712462834489593,0.2059650837215728,0.040499999999999994
2343,0.223,0.04942667332901818,0.6625,0.08490998181450797,0.0785,0.23568881412952064,0.818,0.164,0.5537328929986789,0.14533774834437088,0.0035000000000000005
2344,0.009000000000000001,0.0215,0.541,0.04944392523364486,0.008,0.139,0.9251179828734537,0.006500000000000001,0.3268328382838284,0.09290316205533597,0.0005
2345,0.364,0.10842205147213332,0.7024999999999999,0.10997029702970298,0.092,0.20135438042620363,0.688566882416397,0.0935,0.6025,0.138,0.01848731524532654
2346,0.017,0.03,0.46950000000000003,0.0125,0.062,0.15050000000000002,0.5306179828734539,0.0315,0.37799999999999995,0.034,0.0005
2347,0.075,0.018,0.49000000000000005,0.04844392523364486,0.0685,0.10382271202683277,0.8911179828734539,0.1915,0.25850000000000006,0.18730632411067197,0.011987350117004495
2348,0.037000000000000005,0.008,0.599,0.042499999999999996,0.046,0.18623678173678176,0.925,0.002,0.3621666666666667,0.03840316205533597,0.0015
2349,0.017,0.0579421605382547,0.4755,0.019425287936956963,0.042,0.1865,0.6511521643971399,0.014500000000000002,0.4994996827914354,0.06644638949671773,0.0005
2350,0.0605,0.0485,0.5635,0.08280980723000776,0.02,0.1068545232062996,0.9235,0.026500000000000003,0.47366622691292876,0.1302227311991205,0.002
2351,0.22149999999999997,0.06999999999999999,0.7045,0.042450095009500956,0.0885,0.01,0.9075000000000001,0.134,0.5362495049504951,0.15100000000000002,0.003
2352,0.26949999999999996,0.13399999999999998,0.679,0.033420353982300886,0.074,0.11850000000000001,0.849,0.12999999999999998,0.5130000000000001,0.25,0.014500000000000002
2353,0.2515,0.15294216053825468,0.6895,0.05946252500897757,0.153,0.8500147066323498,0.5733647355787073,0.10200000000000001,0.5521333333333333,0.2020912815820191,0.017
2354,0.137,0.0315,0.47000000000000003,0.010454990907253991,0.0335,0.13306602541172702,0.641613551592159,0.0715,0.46125,0.26941855472336007,0.0035000000000000005
2355,0.791,0.036000000000000004,0.4545,0.035,0.067,0.18532179203572846,0.6765000000000001,0.49800000000000005,0.3435,0.19190396039603963,0.0
2356,0.129,0.014500000000000002,0.681,0.053500000000000006,0.026500000000000003,0.12227411477411479,0.8795,0.051500000000000004,0.2975,0.123,0.0055
2357,0.35150000000000003,0.15685749213696515,0.6655,0.04835148514851485,0.0735,0.17776181613771946,0.36,0.15150000000000002,0.4025,0.4193063241106719,0.0045000000000000005
2358,0.44349999999999995,0.034,0.5589999999999999,0.019999999999999997,0.066,0.04883255475429946,0.9824999999999999,0.037500000000000006,0.23983333333333334,0.27599999999999997,0.002
2359,0.3585,0.06990948657371976,0.7505,0.08689068906890689,0.0955,0.404354852529565,0.47907402059546245,0.193,0.6002500000000001,0.21678894325078923,0.013500000000000002
2360,0.39649999999999996,0.24298021828103683,0.6174999999999999,0.06887583799772448,0.072,0.6989115092307513,0.8492404654169359,0.2165,0.511249504950495,0.31813530040672944,0.014000000000000002
2361,0.17800000000000002,0.1519367637952673,0.6595000000000001,0.052847838218642175,0.1,0.3426167247844803,0.34199999999999997,0.1075,0.6321730249305368,0.15537274831688186,0.007000000000000001
2362,0.3,0.1209937676434428,0.5175,0.10694059405940595,0.0635,0.19577411477411477,0.6725000000000001,0.1405,0.5805,0.215,0.0055
2363,0.07449999999999998,0.055999999999999994,0.5945000000000001,0.05345009500950095,0.05500000000000001,0.16091443108233117,0.8927577985056965,0.08650000000000001,0.51535,0.19274521747811282,0.006500000000000001
2364,0.3075,0.148,0.6094999999999999,0.0435,0.1,0.1929870630828272,0.8176178707224334,0.225,0.44275000000000003,0.34206262717840286,0.04
2365,0.072,0.019,0.5945,0.025500000000000002,0.026000000000000002,0.13227411477411477,0.9505000000000001,0.018000000000000002,0.19799999999999998,0.1475,0.0015
2366,0.1055,0.10300000000000001,0.3435,0.11205546598925502,0.1125,0.2635,0.7612842544408237,0.041,0.44991622691292876,0.1875,0.006500000000000001
2367,0.0825,0.06499999999999999,0.5494999999999999,0.033,0.015500000000000003,0.085,0.9175000000000001,0.059,0.49924999999999997,0.1669039603960396,0.0035000000000000005
2368,0.09849999999999999,0.04796194225721785,0.6715,0.04747029702970297,0.0435,0.05627411477411478,0.8991909160892995,0.0375,0.5489999999999999,0.0897905982905983,0.008
2369,0.2465,0.017499999999999998,0.568,0.054970297029702964,0.022,0.223,0.7154999999999999,0.036000000000000004,0.24300000000000002,0.08700000000000001,0.0005
2370,0.28300000000000003,0.5454613368283093,0.6439999999999999,0.021334990907253992,0.0915,0.3163442280796759,0.5048757813791502,0.1315,0.6671666666666667,0.1644936240070965,0.003
2371,0.3485,0.10274684714830026,0.696,0.05500000000000001,0.092,0.23822683401624917,0.7450029208287023,0.13499999999999998,0.6144999999999999,0.16490981336983196,0.0335
2372,0.12199999999999997,0.039999999999999994,0.6084999999999999,0.03498969072164948,0.054000000000000006,0.14779378408740404,0.857,0.052500000000000005,0.6028333333333333,0.19272219208467445,0.007000000000000001
2373,0.261,0.17198021828103682,0.7424999999999999,0.06026160404458245,0.1395,0.5306888141295206,0.5452174256799941,0.099,0.48450000000000004,0.2928377483443708,0.024985249260035446
2374,0.3195,0.07400000000000001,0.5119999999999999,0.044,0.046000000000000006,0.08233283239420772,0.9315,0.1665,0.301,0.32999999999999996,0.0035000000000000005
2375,0.006500000000000001,0.043,0.472,0.01147029702970297,0.0225,0.1047744498777506,0.8394999999999999,0.076,0.28808333333333336,0.07740316205533597,0.0005
2376,0.1275,0.0095,0.4205,0.041499999999999995,0.0725,0.15948287562652202,0.8956646520492161,0.033499999999999995,0.21058333333333334,0.34840396039603955,0.016
2377,0.1585,0.1875,0.6439999999999999,0.042954990907253986,0.1165,0.4251066695284142,0.3613385741625733,0.1285,0.47800000000000004,0.16699999999999998,0.01749375616168255
2378,0.28300000000000003,0.19898021828103682,0.6244999999999999,0.07119954896741068,0.051500000000000004,0.12618645865697609,0.8296846803419037,0.12500000000000003,0.5506249999999999,0.23349999999999999,0.016
2379,0.0905,0.05449999999999999,0.6185,0.04848469387755102,0.0115,0.11512627117592689,0.8936909160892995,0.0415,0.429,0.16799999999999998,0.0075
2380,0.33599999999999997,0.1125,0.728,0.08439065101200385,0.146,0.118,0.6210603876594506,0.092,0.46699999999999997,0.25599999999999995,0.04349375616168255
2381,0.4925,0.187,0.6825,0.08732430363806026,0.0705,0.2537006584225707,0.7545668824163971,0.2835,0.3325828935795954,0.10373774210179772,0.0025
2382,0.26799999999999996,0.20984560081856757,0.752,0.10002727082612309,0.121,0.4540138603195799,0.6472375852650616,0.12250000000000001,0.6046662269129287,0.2826937603459342,0.027000000000000003
2383,0.493,0.056499999999999995,0.5475,0.051500000000000004,0.0595,0.11831649176573127,0.875,0.44000000000000006,0.326,0.437,0.0025
2384,0.053000000000000005,0.0305,0.473,0.0225,0.07300000000000001,0.134,0.6645,0.0215,0.3335,0.041,0.001
2385,0.4025,0.056499999999999995,0.4175,0.051345641919257834,0.10600000000000001,0.12607313913191373,0.895633764832794,0.1605,0.34317371389056467,0.3135174069580871,0.003
2386,0.256,0.15499999999999997,0.674,0.05943282203868054,0.091,0.4574272333838764,0.5624628119117092,0.09799999999999999,0.4771661716171617,0.14333409112039744,0.06799999999999999
2387,0.4535,0.18329340207820458,0.6735,0.0658650736681074,0.099,0.2594401765226665,0.7352577985056964,0.15000000000000002,0.43037450495049506,0.30883774834437083,0.006
2388,0.5660000000000001,0.1365,0.7254999999999999,0.010499999999999999,0.0845,0.17925026026651386,0.4585466691757622,0.25949999999999995,0.33825000000000005,0.45024283082793326,0.003
2389,0.4415,0.372,0.6055,0.1044625250089776,0.14,0.3966228975917009,0.6219063576591606,0.183,0.439332892998679,0.428806324110672,0.014499999999999999
2390,0.4755,0.2745,0.6675,0.07016665680541583,0.05800000000000001,0.38626367882276685,0.8074313815062354,0.2745,0.5071662269129288,0.3306945586866379,0.0185
2391,0.361,0.07824684714830026,0.6635000000000001,0.05600000000000001,0.0865,0.16746109924631608,0.8375960672851829,0.146,0.6275,0.15490981336983195,0.027000000000000003
2392,0.0015,0.0205,0.557,0.0445,0.046000000000000006,0.136,0.9799999999999999,0.025,0.3740833333333333,0.08330632411067193,0.0025
2393,0.044,0.11000000000000001,0.968,0.1325248698281805,0.20400000000000001,0.5178176830903402,0.502222745731349,0.027000000000000003,0.8240000000000001,0.0378388704318937,0.007000000000000001
2394,0.236,0.019,0.5535,0.05128419182920826,0.023,0.10268855218855218,0.966,0.10750000000000001,0.29191573128250736,0.24285034989275736,0.003
2395,0.2915,0.1334266733290182,0.6,0.03347029702970297,0.12400000000000003,0.27289040842679874,0.0675,0.1915,0.5997495049504951,0.1872020266174963,0.015493593955321946
2396,0.2705,0.06649999999999999,0.6359999999999999,0.046315938948960814,0.018,0.095,0.9545466691757621,0.056499999999999995,0.48216666666666663,0.21399999999999997,0.0045
2397,0.029500000000000005,0.025500000000000002,0.5705,0.05149999999999999,0.0365,0.08419499378460855,0.9642359657469077,0.013000000000000001,0.39,0.13399999999999998,0.0075
2398,0.0,0.0055,0.5704999999999999,0.035,0.0055,0.153,0.889,0.0,0.3468333333333333,0.05600000000000001,0.0
2399,0.21949999999999997,0.0725,0.526,0.024,0.055499999999999994,0.22111724164435698,0.901,0.12349999999999998,0.473,0.17149999999999999,0.006
2400,0.11850000000000001,0.038,0.5814999999999999,0.027500000000000004,0.0115,0.13423456162450245,0.9405000000000001,0.020999999999999998,0.31100000000000005,0.10383774834437084,0.0015
2401,0.41200000000000003,0.08900000000000001,0.5955,0.08780980723000775,0.10149999999999999,0.4213763450866287,0.6285000000000001,0.15,0.5244578935795954,0.2721518725530487,0.015000000000000003
2402,0.083,0.034,0.5485,0.013500000000000002,0.1465,0.23859682680094757,0.4615,0.076,0.6131662269129288,0.1298018053789436,0.0025
2403,0.027500000000000004,0.0595,0.5555000000000001,0.023,0.0725,0.089,0.4636009616678877,0.0175,0.367,0.061,0.0005
2404,0.002,0.0205,0.49499999999999994,0.044,0.001,0.1255,0.966,0.001,0.48149999999999993,0.039999999999999994,0.0
2405,0.07400000000000001,0.057499999999999996,0.6950000000000001,0.0315,0.041999999999999996,0.12731734798670435,0.881,0.0345,0.5021662263320124,0.05550000000000001,0.004
2406,0.209,0.10700000000000001,0.5885,0.030883853541416567,0.15000000000000002,0.18282212713936433,0.8945000000000001,0.0825,0.40225,0.4057409103997068,0.008
2407,0.0815,0.0235,0.43499999999999994,0.003,0.049,0.11514400256574728,0.695,0.0034999999999999996,0.23849955966534564,0.35499303420514117,0.0005
2408,0.36049999999999993,0.04948021828103684,0.5175000000000001,0.11531836084859881,0.0765,0.18551115845186492,0.4245,0.1565,0.34183289357959545,0.5165786587440777,0.001
2409,0.429,0.201,0.618,0.0355,0.123,0.15312770908894274,0.605103735947201,0.1615,0.45199999999999996,0.4154999999999999,0.0095
2410,0.333,0.097,0.6945,0.038454990907253996,0.08600000000000001,0.15964295611678003,0.965066882416397,0.217,0.40575,0.23694687842278203,0.001481724911830715
2411,0.572,0.2165,0.618,0.14097029702970296,0.12350000000000001,0.306832881318484,0.643,0.217,0.41679166666666667,0.35555183751300506,0.014500000000000002
2412,0.211,0.08342822384428225,0.7455,0.08850000000000001,0.11200000000000002,0.3387856409304682,0.5122122447055886,0.1125,0.6990000000000001,0.11390981336983197,0.012
2413,0.49000000000000005,0.17196194225721786,0.6185,0.051325943939832586,0.1115,0.12765148109218755,0.7322359657469077,0.1925,0.5192912957467855,0.269403162055336,0.028500000000000004
2414,0.1285,0.036,0.7695,0.016999999999999998,0.056499999999999995,0.15004385037076884,0.899,0.0175,0.11500000000000002,0.041,0.0085
2415,0.084,0.13747989093387866,0.785,0.0625,0.18,0.21673710263807808,0.6135493643796893,0.0635,0.6592495049504951,0.1855,0.0085
2416,0.35100000000000003,0.1815,0.6435,0.059374473671856984,0.041,0.1913212576252405,0.821566882416397,0.1095,0.40941666666666665,0.3105,0.0025
2417,0.197,0.035,0.6085,0.0485,0.045,0.11690266559823763,0.8835466691757622,0.05449999999999999,0.47850000000000004,0.18835004047811799,0.003
2418,0.24499999999999997,0.033,0.8029999999999999,0.03,0.077,0.1436865929099534,0.9940000000000001,0.0915,0.643,0.08090396039603961,0.0155
2419,0.6765000000000001,0.024,0.6,0.07445499090725399,0.027500000000000004,0.1847718351259188,0.8309999999999998,0.1345,0.3178333333333333,0.09392136735412673,0.0075000000000000015
2420,0.9435,0.0305,0.7505000000000001,0.006,0.0725,0.2958541999821599,0.9984999999999999,0.48600000000000004,0.5655,0.2868388704318937,0.002
2421,0.033499999999999995,0.026500000000000003,0.625,0.05847029702970297,0.028499999999999998,0.09227444987775062,0.9164999999999999,0.015,0.43100000000000005,0.0485,0.002
2422,0.213,0.1115,0.6455,0.04347029702970297,0.16099999999999998,0.2660618418626439,0.36049999999999993,0.2875,0.48258333333333325,0.2027854695006587,0.003
2423,0.21999999999999997,0.026000000000000002,0.54,0.038484693877551025,0.037000000000000005,0.10900000000000001,0.875,0.045,0.4043333333333333,0.22471791746032493,0.004
2424,0.039,0.004,0.372,0.052984693877551024,0.0215,0.09677411477411478,0.8939999999999999,0.009,0.22466666666666665,0.1132540008741576,0.0005
2425,0.32599999999999996,0.0885,0.58,0.026000000000000002,0.078,0.17911793458748737,0.78,0.16699999999999998,0.45974999999999994,0.3913416261965662,0.01
2426,0.0395,0.0595,0.4805,0.013318135248345145,0.0615,0.22524717482521792,0.5635,0.0225,0.263,0.049999999999999996,0.0
2427,0.7115,0.033499999999999995,0.6605,0.03492528793695696,0.036500000000000005,0.10196266696266695,0.9373538364693411,0.056499999999999995,0.3574657318634238,0.16870384534675673,0.002
2428,0.048,0.0719668542257373,0.7024999999999999,0.08349999999999999,0.05800000000000001,0.123,0.8770448647096611,0.008499999999999999,0.279,0.21100000000000002,0.0015
2429,0.34900000000000003,0.30192822384428225,0.5814999999999999,0.07532844452669567,0.15050000000000002,0.18870797140450807,0.7303942690143884,0.1875,0.5484579624134521,0.3296945586866379,0.014000000000000002
2430,0.4385,0.0395,0.5974999999999999,0.03180487327535168,0.10200000000000001,0.2825043861069857,0.9324999999999999,0.0775,0.5010161716171616,0.18467774086378735,0.005
2431,0.3315,0.046,0.8059999999999998,0.04233987916924052,0.09,0.18787794639573796,0.9814999999999999,0.0305,0.209632892998679,0.16779726290783253,0.0034999999999999996
2432,0.1945,0.17989954597048807,0.7154999999999999,0.0395,0.16949999999999998,0.2307725048014913,0.7380000000000001,0.1705,0.5739166666666666,0.22269376034593424,0.01
2433,0.3875,0.15135060266357375,0.6794999999999999,0.055738489230646025,0.1375,0.8400000000000001,0.5443633987096037,0.0975,0.38849999999999996,0.2355,0.016499999999999997
2434,0.336,0.19999999999999998,0.6075,0.08569493003897487,0.10900000000000001,0.4868563841961707,0.7710791343042394,0.23700000000000002,0.4159985148514851,0.44042474069135373,0.04649359185014788
2435,0.087,0.0095,0.51,0.02949999999999999,0.0295,0.14789845942572702,0.9135000000000002,0.0185,0.23675000000000002,0.2659683391543856,0.003996775260459732
2436,0.002,0.0035000000000000005,0.61,0.046,0.006,0.14300000000000002,0.858,0.004999999999999999,0.4143333333333333,0.055903162055335964,0.0
2437,0.48650000000000004,0.145,0.594,0.046,0.0725,0.08587736631807279,0.8275,0.2125,0.38649999999999995,0.37449999999999994,0.043905123721694896
2438,0.2615,0.07,0.622,0.05500000000000001,0.027999999999999997,0.1091885521885522,0.9059999999999999,0.1155,0.4755,0.2305,0.008000000000000002
2439,0.0075,0.007000000000000001,0.5505,0.03997029702970297,0.029500000000000005,0.10527411477411479,0.967,0.018000000000000002,0.33375000000000005,0.07480632411067192,0.0015
2440,0.0615,0.0015,0.7645,0.0925,0.075,0.12577411477411476,0.9629999999999999,0.007000000000000001,0.29700000000000004,0.099,0.0035000000000000005
2441,0.19749999999999998,0.20486603208795023,0.6859999999999999,0.07078243616944879,0.122,0.4389032544797056,0.48962005898816086,0.07250000000000001,0.5635,0.10623150518993493,0.0045
2442,0.0875,0.16799999999999998,0.82,0.020499999999999997,0.089,0.15464377406931964,0.7511178707224335,0.2875,0.5935,0.2924039603960396,0.0055
2443,0.6379999999999999,0.01734539651495915,0.611,0.012440594059405941,0.1975,0.296895551333516,0.99,0.045500000000000006,0.5862912269129288,0.24618970925071534,0.0045
2444,0.40099999999999997,0.24046685422573733,0.585,0.09832067250597028,0.05499999999999999,0.6293955513404855,0.749568348846069,0.189,0.46925,0.3581353004067294,0.011500000000000002
2445,0.5269999999999999,0.0765,0.6864999999999999,0.07393615321291946,0.038,0.14760050142979103,0.9216909160892996,0.198,0.49775,0.38959046195176056,0.0015
2446,0.054000000000000006,0.0695,0.5935,0.07076164210148547,0.1125,0.1035,0.8322359657469077,0.1715,0.5519162263320123,0.08994336742837547,0.004
2447,0.05449999999999999,0.019,0.49000000000000005,0.023,0.009,0.06896292890363538,0.969,0.022,0.4165,0.07935004047811801,0.0
2448,0.326,0.207,0.7139999999999999,0.054420353982300884,0.0945,0.20808420654874663,0.8307560624283289,0.1085,0.462,0.26849999999999996,0.028500000000000004
2449,0.33199999999999996,0.2729541859650584,0.6675,0.06142411927132402,0.08249999999999999,0.5231988068687106,0.7221187668756437,0.233,0.49287413329539104,0.36534478657273733,0.015487183700295762
2450,0.07450000000000001,0.09042926829268291,0.7025,0.023500000000000004,0.123,0.16746292890363537,0.5396179828734539,0.073,0.6495,0.152,0.002
2451,0.35900000000000004,0.24240844212531906,0.6619999999999999,0.0807004582420116,0.18849999999999997,0.31752840378314484,0.5717852179755767,0.2165,0.5305,0.4129719491035281,0.0185
2452,0.21599999999999997,0.2582731589543798,0.585,0.009,0.1025,0.24124822348545458,0.8265,0.012,0.764924524564184,0.16033887043189368,0.0015
2453,0.2855,0.10699999999999998,0.752,0.0485,0.089,0.1726014581576011,0.968,0.124,0.5824999999999999,0.1399039603960396,0.021
2454,0.1975,0.047,0.6195,0.04393968478480501,0.0475,0.124,0.8234999999999999,0.1135,0.437,0.24903263077782797,0.0015
2455,0.25,0.06899999999999999,0.7060000000000001,0.05450000000000001,0.1035,0.15837537634336543,0.87634921396164,0.07899999999999999,0.5925,0.137113386212948,0.009
2456,0.10500000000000001,0.12780501395720373,0.6685,0.03289402024314581,0.14,0.32254795340492154,0.45273456691594394,0.08549999999999999,0.7144999999999999,0.12444638949671771,0.0055
2457,0.318,0.242,0.7015,0.0788845192930508,0.1275,0.3772900565360009,0.5668492139616398,0.17850000000000002,0.49349999999999994,0.29171108284741515,0.016477719199563708
2458,0.088,0.08,0.6965000000000001,0.006500000000000001,0.0205,0.12404889975550124,0.8495000000000001,0.037,0.3835,0.2736766187762646,0.002
2459,0.042,0.013961942257217846,0.5810000000000001,0.022,0.016000000000000004,0.08927411477411477,0.968,0.027500000000000004,0.382,0.17133774834437085,0.0005
2460,0.0465,0.054000000000000006,0.6785,0.018,0.023,0.21796326400727123,0.952,0.0195,0.2865,0.213,0.0045
2461,0.352,0.177,0.7105,0.16342528793695696,0.1305,0.17418881412952059,0.7675606466690011,0.246,0.662,0.2938660970023859,0.0204812581922446
2462,0.02,0.018,0.636,0.012,0.0155,0.18665206116985272,0.8550000000000001,0.006,0.2748333333333333,0.07840316205533597,0.0005
2463,0.023,0.018000000000000002,0.5645,0.031,0.013000000000000001,0.10127383863080683,0.959,0.0055,0.2785,0.22399999999999998,0.0034841252442417625
2464,0.22349999999999998,0.26,0.7270000000000001,0.06549999999999999,0.096,0.6253503030844922,0.8633584482903898,0.17850000000000002,0.5605,0.3545,0.024987345879299155
2465,0.026499999999999996,0.025,0.899,0.04787871412069683,0.1065,0.24440328018170487,0.025,0.0175,0.9691662269129289,0.023903162055335967,0.004999999999999999
2466,0.351,0.023,0.7849999999999999,0.09042528793695695,0.07899999999999999,0.14527411477411475,0.7485668103448276,0.096,0.48724999999999996,0.06840316205533598,0.004
2467,0.3015,0.1934541859650584,0.632,0.04397692185682563,0.0965,0.20187867795826028,0.7197993810854001,0.1665,0.5435000000000001,0.32439326791949974,0.007990450315756346
2468,0.2545,0.0835,0.615,0.025489690721649482,0.0885,0.2720796024044175,0.5765,0.21000000000000002,0.41187500000000005,0.1981134465620475,0.0055
2469,0.4345,0.06689954597048808,0.5650000000000001,0.032454182578998486,0.10499999999999998,0.19338810632785702,0.7428679169034126,0.302,0.4503333333333333,0.4488937568455641,0.005
2470,0.0225,0.029000000000000005,0.562,0.0225,0.0315,0.13449999999999998,0.8169999999999998,0.0155,0.49391666666666667,0.05130632411067193,0.0
2471,0.518,0.13200000000000003,0.617,0.0455,0.1045,0.23848982934246968,0.817617982873454,0.22749999999999998,0.501,0.2915,0.011000000000000001
2472,0.30300000000000005,0.1343247956761669,0.7585,0.06997029702970298,0.157,0.20234036838437558,0.9029268818362072,0.3215,0.6019990099009901,0.18935004047811801,0.014500000000000002
2473,0.24500000000000002,0.054000000000000006,0.6880000000000001,0.042354150571119534,0.10500000000000001,0.17117692938389897,0.7505000000000001,0.097,0.519,0.1795174539333832,0.014000000000000002
2474,0.46349999999999997,0.23436543962378184,0.648,0.05839558496665993,0.185,0.2969704938347592,0.4456390940991781,0.11549999999999998,0.330999504950495,0.39515691345322806,0.02049359185014788
2475,0.017,0.0095,0.63,0.017499999999999998,0.0045,0.17965206116985274,0.9484999999999999,0.006,0.316,0.05500000000000001,0.0
2476,0.273,0.013500000000000002,0.3105,0.032887850467289724,0.11199999999999999,0.154,0.8939999999999999,0.04,0.3086661716171617,0.25714994468678654,0.0039906923579359896
2477,0.8375,0.0635,0.6755000000000001,0.0185,0.1335,0.16608087947374464,0.9826179828734538,0.062,0.5436662269129287,0.22804159369112761,0.0125
2478,0.3365,0.2163241902472584,0.682,0.13792528793695696,0.10200000000000001,0.35696281865256935,0.473807347833333,0.16799999999999998,0.503582892998679,0.25084366448521445,0.019
2479,0.6194999999999999,0.097,0.5439999999999999,0.04574299333664258,0.019000000000000003,0.11077444987775062,0.8855000000000001,0.1355,0.219082397949174,0.32395951456346167,0.0
2480,0.14100000000000001,0.121,0.8295,0.038739335615804574,0.151,0.3901706698199071,0.1892649410929551,0.1145,0.758,0.17024656369038446,0.0035000000000000005
2481,0.319,0.12599999999999997,0.6765,0.060883610018449864,0.10400000000000001,0.1941518161958234,0.7991739102850076,0.24400000000000005,0.4383333333333333,0.3612540008741576,0.0005
2482,0.2565,0.0905,0.608,0.08591417033035094,0.0815,0.136,0.9650000000000001,0.118,0.22437450495049505,0.36835083881882164,0.001
2483,0.0485,0.031,0.614,0.05148469387755102,0.0405,0.0785,0.825,0.0025,0.28900000000000003,0.214403162055336,0.0034999999999999996
2484,0.13299999999999998,0.07050000000000001,0.5345,0.0045000000000000005,0.034999999999999996,0.1779261929109066,0.6775,0.033,0.39425,0.21475478044061216,0.0005
2485,0.41200000000000003,0.078,0.6365000000000001,0.0235,0.125,0.06168855218855218,0.48154666917576217,0.2835,0.4545,0.41550000000000004,0.003
2486,0.0045,0.017499999999999998,0.623,0.074,0.0615,0.073,0.9565000000000001,0.0045,0.296,0.1025,0.001
2487,0.2495,0.07050000000000001,0.7324999999999999,0.09807833351306398,0.1035,0.34590524284600205,0.611,0.0465,0.5149286690598206,0.39605977741144516,0.0025
2488,0.0415,0.026500000000000003,0.582,0.09183457624564872,0.10200000000000001,0.1115,0.8905000000000001,0.026500000000000003,0.4412495049504951,0.17099999999999999,0.009999999999999998
2489,0.3505,0.136,0.667,0.0693395102003048,0.22000000000000003,0.2592668836171776,0.8011337648327939,0.223,0.56625,0.2619175375079746,0.015000000000000003
2490,0.281,0.17947396768402152,0.6075000000000002,0.08324754742556169,0.1335,0.06535438042620365,0.654555615926837,0.17149999999999999,0.5807328382838284,0.17200671448154728,0.016499999999999997
2491,0.149,0.014500000000000002,0.503,0.036484693877551023,0.0085,0.12996266696266695,0.8871179828734539,0.08600000000000001,0.36649900990099005,0.29794866760011374,0.003999999999999999
2492,0.2815,0.131,0.577,0.10438974173740292,0.129,0.16427411477411474,0.8835000000000001,0.296,0.5084661912308505,0.15807037562182863,0.0245
2493,0.712,0.06949999999999999,0.6519999999999999,0.05079793322814312,0.0955,0.21501095547122442,0.8340000000000002,0.2525,0.3770823828381348,0.29959095087782484,0.0015
2494,0.001,0.006999999999999999,0.5675,0.024,0.017499999999999998,0.14004795340492163,0.818,0.007000000000000001,0.374,0.0705,0.0005
2495,0.05450000000000001,0.023,0.4919999999999999,0.025500000000000002,0.0115,0.126,0.8995000000000001,0.0225,0.3905,0.05600000000000001,0.001
2496,0.31849999999999995,0.121,0.4175,0.03670291819855265,0.13999999999999999,0.26523182248165583,0.46449999999999997,0.0695,0.3675,0.16399999999999998,0.0205
2497,0.382,0.05,0.6375,0.048903912984997314,0.0965,0.187,0.6920000000000001,0.1255,0.5743333333333334,0.2169039603960396,0.004999999999999999
2498,0.255,0.2113957410744045,0.6325000000000001,0.0558303738537119,0.21350000000000002,0.9872744498777506,0.519461356640378,0.201,0.5313323979491741,0.20671933711989227,0.0365
2499,0.33049999999999996,0.073,0.625,0.036484693877551023,0.0405,0.07132267942598017,0.9175000000000001,0.10400000000000001,0.46399999999999997,0.18683887043189368,0.003
2500,0.49949999999999994,0.0685,0.6439999999999999,0.053000000000000005,0.07100000000000001,0.12577383863080685,0.9454999999999998,0.16,0.5645,0.1935,0.0035000000000000005
2501,0.575,0.11550000000000002,0.583,0.06438361001844986,0.10200000000000001,0.1926768594462553,0.6149876413815861,0.22000000000000003,0.3881662263320123,0.3464515186532376,0.009495302455909016
2502,0.06200000000000001,0.096,0.7185,0.01647029702970297,0.015499999999999996,0.15335506741052685,0.7274999999999999,0.0495,0.3099152368139188,0.22849999999999998,0.0025
2503,0.2225,0.08449999999999999,0.764,0.0655,0.0625,0.18312631979303495,0.8566364669838176,0.07350000000000001,0.63,0.13333887043189369,0.0159875123233651
2504,0.44700000000000006,0.23150000000000004,0.7115,0.04790508591675494,0.1255,0.2568731594329968,0.6371178707224334,0.1745,0.457,0.35779184549356224,0.016996858465608465
2505,0.015000000000000003,0.014500000000000002,0.6409999999999999,0.009,0.014500000000000002,0.09527411477411478,0.6116646520492159,0.01,0.40199999999999997,0.027000000000000003,0.004
2506,0.2935,0.122,0.74,0.08792035398230089,0.089,0.16496266696266698,0.9725000000000001,0.05800000000000001,0.5705,0.2397574794787171,0.01947788153914678
2507,0.294,0.16099999999999998,0.7345,0.05898469387755102,0.1145,0.023580617532776228,0.8602577985056964,0.1365,0.620249504950495,0.16799999999999998,0.003993593955321945
2508,0.0075,0.013000000000000001,0.5215,0.01597029702970297,0.0025,0.088,0.7965000000000001,0.012,0.5217995245641838,0.0445,0.0
2509,0.0395,0.099,0.8505,0.027410891089108914,0.1335,0.3282248919238208,0.4721923801040818,0.051500000000000004,0.3485,0.11599999999999999,0.013500000000000002
2510,0.13000000000000003,0.042961336828309306,0.506,0.06758413114990387,0.0505,0.20310062245417937,0.695566882416397,0.08349999999999999,0.33199906519675715,0.10964407245504279,0.005
2511,0.028999999999999998,0.0235,0.458,0.0085,0.013500000000000002,0.146,0.6875,0.0055,0.45,0.0345,0.0005
2512,0.4494999999999999,0.20696194225721784,0.6715,0.04647029702970297,0.1125,0.3365424651394756,0.7928088989627533,0.178,0.4625,0.35833887043189366,0.03049375616168255
2513,0.16699999999999998,0.0235,0.5125,0.024,0.024,0.13377411477411477,0.903240465416936,0.0665,0.24441622633201235,0.2288675675675676,0.0055
2514,0.4085,0.09594216053825469,0.43200000000000005,0.015443925233644861,0.05700000000000001,0.13087446642914574,0.8152357807989604,0.136,0.4063333333333333,0.40297194910352807,0.11398718580546982
2515,0.062,0.056499999999999995,0.5069999999999999,0.0085,0.029500000000000005,0.0915,0.8353584482903897,0.051500000000000004,0.40249999999999997,0.14230632411067196,0.0005
2516,0.40750000000000003,0.1845,0.6755000000000001,0.037425287936956965,0.087,0.1736885521885522,0.8525,0.225,0.48399950495049504,0.281,0.013500000000000002
2517,0.38900000000000007,0.198,0.5879999999999999,0.11290998181450798,0.073,0.295737378781386,0.7435606466690011,0.274,0.4610823985300905,0.37743125281188067,0.0425
2518,0.044500000000000005,0.0655,0.8930000000000001,0.11736588199636291,0.1435,0.3075086650900966,0.08561798287345386,0.035,0.9158333333333333,0.0828388704318937,0.006
2519,0.367,0.129,0.696,0.06988527568830942,0.095,0.23527444987775065,0.6119267696851868,0.11699999999999999,0.5725,0.1254367162893087,0.0095
2520,0.26599999999999996,0.12448663594470047,0.6815,0.04989065101200386,0.14650000000000002,0.4662800352528339,0.4831178707224334,0.22149999999999997,0.45,0.21940316205533597,0.013000000000000001
2521,0.0485,0.037,0.5495,0.019999999999999997,0.05900000000000001,0.11908378504826389,0.715,0.0085,0.22583333333333333,0.34433887043189376,0.004496775260459732
2522,0.0005,0.005,0.5835,0.027000000000000003,0.0015,0.13599999999999998,0.9795,0.0005,0.31683333333333336,0.05990316205533597,0.0
2523,0.07849999999999999,0.03136517823392232,0.598,0.0115,0.023,0.15327411477411476,0.8116179828734538,0.042,0.4345,0.19249999999999998,0.0035000000000000005
2524,0.442,0.2085,0.6059999999999999,0.042,0.0775,0.2626360252848991,0.8580668824163968,0.153,0.5001666666666666,0.3905,0.03199359185014788
2525,0.093,0.0115,0.45949999999999996,0.021,0.014499999999999999,0.11546324704033213,0.915,0.0155,0.284,0.27233887043189375,0.001
2526,0.5445,0.157,0.7164999999999999,0.025484693877551024,0.11300000000000002,0.14068855218855217,0.8661582978723406,0.16150000000000003,0.372,0.21050000000000005,0.0075
2527,0.743,0.1615,0.628,0.0485,0.056499999999999995,0.1531888141295206,0.6666179828734539,0.25949999999999995,0.5085833333333333,0.2905,0.006
2528,0.047,0.024923884514435692,0.4875,0.046943925233644865,0.0775,0.15527411477411474,0.20861798287345384,0.048499999999999995,0.6126662269129287,0.07757638150909743,0.0015
2529,0.11750000000000001,0.11446194225721784,0.7829999999999999,0.01797029702970297,0.10600000000000001,0.26737768445476956,0.5285,0.043,0.5827500000000001,0.0917846267671529,0.0155
2530,0.022,0.04396194225721785,0.43900000000000006,0.01692528793695696,0.0385,0.1885,0.6566521643971398,0.011000000000000001,0.5269996827914354,0.08499999999999999,0.0015
2531,0.008499999999999999,0.0035000000000000005,0.5894999999999999,0.03848469387755102,0.0,0.12677411477411477,0.9125,0.009000000000000001,0.3008333333333334,0.04840316205533597,0.004
2532,0.328,0.082,0.6849999999999999,0.09498469387755101,0.063,0.12872360557768922,0.6439999999999999,0.08499999999999999,0.6279999999999999,0.06999999999999999,0.004999999999999999
2533,0.0025,0.007000000000000001,0.525,0.027999999999999997,0.012,0.09999999999999999,0.952,0.0025,0.30933333333333335,0.0755,0.001
2534,0.2665,0.1315,0.7689999999999999,0.08839065101200386,0.08249999999999999,0.35233153579961757,0.6046162467960863,0.1345,0.40125,0.2408699116381004,0.14048766634209675
2535,0.289,0.2765,0.7355,0.04797029702970297,0.08750000000000001,0.8032802199424476,0.8154006177961236,0.16349999999999998,0.5005000000000001,0.36950000000000005,0.029000000000000005
2536,0.21150000000000002,0.12200000000000003,0.8399999999999999,0.028250401289413703,0.067,0.13077411477411477,0.8973539486203617,0.0245,0.34825736284801223,0.14726431912408322,0.012
2537,0.318,0.252,0.6835,0.0435,0.15,0.3368967775996506,0.5797393490083829,0.1605,0.4805,0.27349999999999997,0.03
2538,0.0935,0.089,0.6945,0.05399999999999999,0.1365,0.11016609256208232,0.7790138660108559,0.07350000000000001,0.5785,0.1668495515520537,0.01
2539,0.372,0.0665,0.63,0.061484693877551025,0.0885,0.14904822954822955,0.9328584482903899,0.0445,0.48349999999999993,0.14353263077782794,0.007496775260459732
2540,0.4065,0.153,0.6195,0.05249999999999999,0.1095,0.16094506041217055,0.9251179828734539,0.1265,0.545125,0.29480792079207924,0.04947548107351326
2541,0.0225,0.0985,0.469,0.010499999999999999,0.0395,0.1645,0.6155,0.032999999999999995,0.5685,0.034999999999999996,0.0025
2542,0.056999999999999995,0.23197396768402156,0.8055,0.01648469387755102,0.10200000000000001,0.1840248934754845,0.7196178707224334,0.4615,0.44074950495049503,0.3427428308279333,0.003
2543,0.023,0.029000000000000005,0.4795,0.06601104760543289,0.0345,0.13368913226621737,0.8738088989627533,0.05600000000000001,0.2905164272901093,0.16758624077115875,0.0055
2544,0.0165,0.024499999999999997,0.484,0.0245,0.030000000000000006,0.09635438042620363,0.6935,0.0655,0.5912995245641838,0.05500000000000001,0.0005
2545,0.061,0.0775,0.8859999999999999,0.067,0.132,0.40965178502654476,0.14111798287345384,0.0425,0.8588333333333333,0.09844687842278203,0.0115
2546,0.40750000000000003,0.26399999999999996,0.732,0.10736094804170682,0.11000000000000001,0.40928592646631223,0.6083538364693413,0.095,0.52125,0.354971676300578,0.025
2547,0.6875,0.0915,0.593,0.029943925233644864,0.1155,0.24631772017085432,0.6199999999999999,0.2955,0.27999999999999997,0.312,0.0045
2548,0.449,0.07949999999999999,0.6559999999999999,0.088,0.059,0.12518855218855218,0.948117982873454,0.147,0.36900000000000005,0.213,0.0055
2549,0.0225,0.08090091116173119,0.608,0.02191089108910891,0.0845,0.40335410094637225,0.42875779850569645,0.08149999999999999,0.44749999999999995,0.045,0.0035000000000000005
2550,0.607,0.20023523526930104,0.6924999999999999,0.0475,0.1285,0.26903520520005825,0.7811179828734538,0.27999999999999997,0.4878333333333333,0.3698712024214955,0.024484441602556452
2551,0.3785,0.07849999999999999,0.858,0.242954990907254,0.05,0.16277411477411477,0.9790000000000001,0.0245,0.6599999999999999,0.17513843163579162,0.002
2552,0.21400000000000002,0.09339954597048808,0.5525,0.058447218886528596,0.12500000000000003,0.270945333218955,0.5145668824163969,0.11299999999999999,0.4226746283448959,0.12415824651194216,0.0005
2553,0.36950000000000005,0.0685,0.6819999999999999,0.017930284781055426,0.062,0.11146266696266696,0.6138583361393695,0.23349999999999999,0.35408333333333336,0.37690396039603963,0.011000000000000001
2554,0.0995,0.027500000000000004,0.34299999999999997,0.06761388043859455,0.054000000000000006,0.24693571573007214,0.7571581129243933,0.027999999999999997,0.228125,0.1260464583722895,0.026000000000000002
2555,0.1945,0.048,0.5740000000000001,0.03595673076923077,0.0605,0.11500000000000002,0.7611582978723404,0.0435,0.2524578382838284,0.39033034771989666,0.001
2556,0.25,0.055999999999999994,0.6425,0.014000000000000002,0.0505,0.0707573886047963,0.8603584482903898,0.0645,0.317,0.267,0.008499999999999999
2557,0.6020000000000001,0.17098663594470045,0.6970000000000001,0.07236144114987644,0.095,0.43985723680641337,0.1322358535958873,0.153,0.4917486248621028,0.4289245588097709,0.0155
2558,0.3995,0.030500000000000006,0.5015,0.01489891614089885,0.044,0.14346859218725125,0.8844937642526043,0.09949999999999999,0.40508333333333335,0.29237511115886405,0.016
2559,0.017000000000000005,0.038,0.49049999999999994,0.024,0.0075,0.11877444987775061,0.9265000000000001,0.008,0.2888333333333334,0.05890316205533597,0.0015
2560,0.32649999999999996,0.2965,0.7215,0.06638785046728972,0.0815,0.3823046811081813,0.612315100934466,0.20049999999999998,0.39275000000000004,0.35900000000000004,0.02098734998378203
2561,0.020499999999999997,0.012000000000000002,0.5485,0.018000000000000002,0.018,0.128,0.9824551006313369,0.012,0.2708333333333333,0.04050000000000001,0.0025
2562,0.606,0.047,0.5115,0.04075919843097144,0.05600000000000001,0.10477411477411477,0.6945000000000001,0.268,0.34291578657827443,0.38764479812868924,0.0005
2563,0.058499999999999996,0.023,0.5740000000000001,0.029883853541416566,0.023,0.09767758611758309,0.9730000000000001,0.012,0.41474950495049506,0.1585,0.006
2564,0.251,0.08499999999999999,0.6355,0.07196406002346596,0.066,0.129,0.8716178707224336,0.1835,0.494499504950495,0.22217449958375476,0.004
2565,0.4295,0.14750000000000002,0.622,0.0775,0.13,0.2317479014194675,0.8682527119096379,0.18300000000000002,0.493,0.3871307159254559,0.028000000000000004
2566,0.3945,0.133,0.712,0.07242861911119589,0.11099999999999999,0.06227411477411478,0.9415000000000001,0.11700000000000002,0.48,0.13999999999999999,0.0045000000000000005
2567,0.0365,0.0115,0.597,0.04688385354141657,0.013500000000000002,0.10535410094637224,0.966,0.0305,0.2813333333333333,0.09035004047811801,0.002
2568,0.143,0.08449999999999999,0.715,0.10998469387755103,0.08850000000000001,0.1527960637356,0.8414999999999999,0.02,0.49224999999999997,0.1482905982905983,0.002
2569,0.36050000000000004,0.051154644454386854,0.608,0.061320872903616895,0.10700000000000001,0.3817741587625342,0.9549999999999998,0.0245,0.5366662269129288,0.15311424490275116,0.003999999999999999
2570,0.22700000000000004,0.12836977895362836,0.39499999999999996,0.12336094804170683,0.0885,0.3152090532930467,0.6575,0.05650000000000001,0.36016622691292877,0.1534358722571193,0.002
2571,0.3165,0.041,0.5549999999999999,0.031331245071409795,0.0785,0.1342741147741148,0.9081179828734538,0.08299999999999999,0.3659583333333334,0.13809174921852846,0.0045
2572,0.014000000000000002,0.046,0.4575,0.04394392523364486,0.0325,0.09839225393127547,0.7220000000000001,0.024,0.26908333333333334,0.3446295938379331,0.0005
2573,0.04,0.0205,0.537,0.07892861911119588,0.025000000000000005,0.19177411477411477,0.9785,0.025500000000000002,0.2925833333333333,0.07557184401090689,0.0025
2574,0.242,0.13840323597670448,0.6705,0.0245,0.137,0.5768394181051418,0.5892965002648884,0.10250000000000001,0.55175,0.2684265127388331,0.04095833258817069
2575,0.1765,0.302,0.694,0.04282496047311443,0.1305,0.32486585195529544,0.4574237697408372,0.146,0.59225,0.14996293494704993,0.009
2576,0.005,0.003,0.5295,0.026484693877551025,0.009,0.10318913226621736,0.9516179828734538,0.0025,0.2738333333333334,0.049,0.0
2577,0.374,0.0805,0.65,0.027353907048152843,0.058499999999999996,0.2703559898807343,0.7311133666442119,0.11299999999999999,0.5432495049504951,0.19567774086378736,0.011
2578,0.3915,0.0965,0.6235,0.07492035398230087,0.096,0.13374766404533872,0.7988492139616399,0.1405,0.514,0.3855,0.028000000000000004
2579,0.068,0.08834051054116795,0.8524999999999998,0.026500000000000003,0.1045,0.19448175769489134,0.6067358535958873,0.5445,0.5245,0.1465,0.008
2580,0.20249999999999999,0.17481897314743952,0.7020000000000002,0.08347029702970298,0.16799999999999998,0.11027411477411478,0.8756179828734538,0.06,0.4932495049504951,0.25340354289760425,0.0125
2581,0.505,0.019,0.477,0.012,0.058499999999999996,0.05368855218855219,0.9085000000000001,0.147,0.25549999999999995,0.2965,0.004
2582,0.202,0.07500000000000001,0.788,0.052500000000000005,0.0365,0.16799999999999998,0.9625,0.096,0.56225,0.17148186571764662,0.016499999999999997
2583,0.0225,0.013500000000000002,0.48550000000000004,0.01,0.016999999999999998,0.1117744498777506,0.958,0.009,0.30250000000000005,0.22578525992861143,0.001
2584,0.47300000000000003,0.0645,0.621,0.12465709652740611,0.1155,0.1992373618144469,0.7892359657469077,0.18150000000000002,0.4600069225133579,0.1492948139935269,0.0105
2585,0.011,0.008,0.5795,0.03847029702970297,0.0045000000000000005,0.152,0.891,0.0125,0.33925,0.10894687842278203,0.0005
2586,0.18449999999999997,0.024,0.48699999999999993,0.02945499090725399,0.057999999999999996,0.24900000000000003,0.6651909160892995,0.03849999999999999,0.23725000000000002,0.14790316205533596,0.012999999999999998
2587,0.0505,0.0315,0.4845,0.018,0.009,0.06946292890363538,0.936703352925089,0.031,0.43999999999999995,0.07590316205533597,0.001
2588,0.40499999999999997,0.17594216053825468,0.7235,0.05296252500897759,0.1505,0.9744999999999999,0.6203855151813782,0.11549999999999998,0.4718,0.22883299032242954,0.022000000000000002
2589,0.43899999999999995,0.11399999999999999,0.6675,0.04291422226334783,0.0465,0.1845107079131537,0.6126178707224335,0.18050000000000002,0.4292495049504951,0.40346011709194707,0.0025
2590,0.015,0.050961942257217854,0.48,0.022925287936956962,0.0355,0.192,0.6181521643971398,0.01,0.5179996827914354,0.049999999999999996,0.0005
2591,0.3205,0.2728113507548654,0.804,0.05236144114987643,0.17650000000000002,0.28869140146910566,0.6976546612798882,0.20950000000000002,0.5197499999999999,0.291806324110672,0.025500000000000002
2592,0.1765,0.302,0.694,0.04282496047311443,0.1305,0.32486585195529544,0.4574237697408372,0.146,0.59225,0.14996293494704993,0.009
2593,0.268,0.20949999999999996,0.6689999999999999,0.08326323341374763,0.1755,0.2471880727115583,0.405676144489138,0.137,0.46099999999999997,0.22330712245137557,0.031
2594,0.36750000000000005,0.0655,0.48149999999999993,0.08292528793695696,0.07100000000000001,0.11177411477411478,0.9351179828734539,0.12599999999999997,0.3822912269129288,0.3007057657749832,0.008000000000000002
2595,0.4095000000000001,0.17744216053825468,0.6415,0.08089065101200385,0.11750000000000001,0.21200000000000002,0.7689891861127792,0.124,0.52225,0.15714566913645006,0.016999999999999998
2596,0.4455,0.21350000000000002,0.7075,0.057769038586101606,0.14400000000000002,0.3003617679515425,0.48447137538529716,0.2545,0.4196999999999999,0.2945520087561515,0.023
2597,0.1665,0.071,0.7369999999999999,0.042499999999999996,0.044000000000000004,0.10562855082412285,0.8875,0.03,0.522,0.12000000000000002,0.0025
2598,0.22600000000000003,0.10149999999999999,0.6729999999999999,0.02894059405940594,0.055499999999999994,0.1834008251373778,0.7736179828734538,0.11300000000000002,0.48699999999999993,0.2305,0.0035000000000000005
2599,0.17550000000000002,0.07496194225721783,0.6449999999999999,0.0485,0.077,0.13327155955819964,0.7318088989627533,0.1925,0.4995,0.217,0.0075
2600,0.16549999999999998,0.028000000000000004,0.571,0.028500000000000004,0.044,0.10835387045813585,0.7,0.0095,0.3783333333333333,0.1805,0.001
2601,0.009000000000000001,0.012,0.47000000000000003,0.012,0.0055,0.143,0.7350000000000001,0.0025,0.505,0.025500000000000002,0.0015
2602,0.1375,0.012,0.6155,0.088,0.026500000000000003,0.09098843688442664,0.923,0.008,0.28933333333333333,0.09764143710941994,0.0045
2603,0.2815,0.07550000000000001,0.5885,0.049,0.15550000000000003,0.14318881412952061,0.9460000000000001,0.0595,0.5288333333333333,0.1951456691364501,0.028500000000000004
2604,0.183,0.1579485782019183,0.718,0.12757552421217497,0.21049999999999996,0.5238371831561296,0.3720848440039757,0.154,0.21150000000000002,0.599761424356832,0.0075000000000000015
2605,0.417,0.14492822384428225,0.5995,0.0115,0.12299999999999997,0.3966757204849217,0.6993495173390668,0.1405,0.49755000000000005,0.2949485407865464,0.022987345879299157
2606,0.2205,0.20143440424609524,0.716,0.028999999999999998,0.1065,0.26751113317456837,0.6302034659594284,0.182,0.6115,0.17584955155205373,0.013000000000000001
2607,0.404,0.046,0.384,0.024,0.05500000000000001,0.085,0.881,0.123,0.35750000000000004,0.336,0.0
2608,0.06699999999999999,0.01,0.6185,0.0475,0.0605,0.16877411477411478,0.9577745446684267,0.025000000000000005,0.279,0.252850040478118,0.001996775260459732
2609,0.14950000000000002,0.2065,0.7129999999999999,0.06486921317060182,0.0745,0.097,0.9625,0.018,0.2934335337105139,0.13762020624014398,0.0325
2610,0.0885,0.023928223844282236,0.55,0.056999999999999995,0.037,0.11750000000000001,0.9410000000000001,0.0235,0.3755,0.20999999999999996,0.009
2611,0.20600000000000002,0.1025,0.696,0.11947029702970298,0.08549999999999999,0.2166875560064358,0.8607359657469077,0.101,0.5254583333333334,0.24190316205533596,0.01
2612,0.28400000000000003,0.037,0.526,0.09849999999999999,0.0725,0.2522738386308068,0.45761798287345384,0.1325,0.397,0.076,0.002
2613,0.17550000000000002,0.11699999999999999,0.764,0.042686439144346035,0.0865,0.4552938794463988,0.41327916717612795,0.082,0.613488545470991,0.28378991555608807,0.002
2614,0.2685,0.1265,0.7175,0.131,0.156,0.16704242264668806,0.7670899143672693,0.14250000000000002,0.7071662269129287,0.26449999999999996,0.0169851955257111
2615,0.28700000000000003,0.030500000000000006,0.5445,0.14147029702970298,0.028500000000000004,0.3815485646518654,0.8136179828734539,0.024,0.3313333333333333,0.15196428538086915,0.002
2616,0.027000000000000003,0.047,0.6965,0.06397029702970297,0.0455,0.0695,0.85708344363118,0.05450000000000001,0.5798333333333333,0.07400000000000001,0.003
2617,0.22799999999999998,0.043000000000000003,0.506,0.033999999999999996,0.157,0.07117086885541143,0.9179999999999999,0.083,0.3100490848104459,0.2575075128222509,0.0055
2618,0.015,0.050961942257217854,0.48,0.022925287936956962,0.0355,0.192,0.6181521643971398,0.01,0.5179996827914354,0.049999999999999996,0.0005
2619,0.7215,0.1345,0.5900000000000001,0.06200000000000001,0.127,0.31471180760409484,0.6116179828734539,0.054000000000000006,0.5146662269129287,0.2435,0.0115
2620,0.2895,0.06920002871674125,0.386,0.05845499090725399,0.1075,0.28089025865503214,0.9405000000000001,0.053500000000000006,0.5327912269129287,0.24718970925071532,0.009
2621,0.0075,0.001,0.556,0.034999999999999996,0.008499999999999999,0.1485,0.767,0.0005,0.3995,0.052500000000000005,0.0
2622,0.354,0.1305,0.5854999999999999,0.05795499090725399,0.075,0.14026840840316818,0.9075,0.23500000000000001,0.41592415290907975,0.31999999999999995,0.022493633726068198
2623,0.32946761842959116,0.18846043656207367,0.658,0.06930980723000776,0.14550000000000002,0.6977414340535566,0.5142633671637707,0.16849999999999998,0.5485,0.2327857488546757,0.0315
2624,0.1625,0.092,0.599,0.030855142869352852,0.1875,0.098,0.8970668824163971,0.138,0.4264166666666666,0.26744687842278203,0.003
2625,0.5375,0.11850000000000001,0.688,0.04647029702970297,0.1035,0.25015148109218754,0.6921337648327939,0.1885,0.6118328382838284,0.24083774834437083,0.011500000000000002
2626,0.2065,0.13747396768402156,0.6649999999999999,0.024737861535914833,0.1145,0.22209682680094756,0.5931179828734539,0.13199999999999998,0.48633333333333334,0.3902449534311473,0.006500000000000001
2627,0.1135,0.32999999999999996,0.7869999999999999,0.030400190019001905,0.082,0.37620569175631213,0.49810980622673406,0.31599999999999995,0.674,0.0825,0.0075
2628,0.3375,0.20886285341894908,0.5650000000000001,0.09878134008091075,0.11399999999999999,0.26942503724758027,0.6812186134602215,0.1335,0.47700000000000004,0.3165,0.02
2629,0.1345,0.19649999999999998,0.6900000000000001,0.34132749773073956,0.101,0.2595276131058023,0.8351179828734538,0.058499999999999996,0.5753820813215258,0.2105,0.006
2630,0.3475,0.21000000000000002,0.6755,0.03947029702970297,0.127,0.22095746537797992,0.6716176510669764,0.15099999999999997,0.45224950495049504,0.40650000000000003,0.0085
2631,0.164,0.16596133682830932,0.7,0.06431361595529435,0.12250000000000001,0.33849999999999997,0.3859994786243001,0.1355,0.3845,0.1085,0.005
2632,0.227,0.08399999999999999,0.7455,0.06766462355276152,0.12250000000000001,0.3191885521885522,0.5400419598327824,0.077,0.5405,0.1259629349470499,0.01
2633,0.378,0.2045,0.6014999999999999,0.047943925233644866,0.10699999999999998,0.2137150544919753,0.6930339446444564,0.181,0.4877916666666667,0.372,0.019487345879299157
2634,0.1145,0.08146060362872201,0.414,0.09042528793695695,0.0955,0.28932618663773785,0.75,0.0425,0.4339157318634238,0.19514695937901805,0.0045000000000000005
2635,0.3425000000000001,0.23797396768402157,0.6315000000000001,0.057805366383521295,0.052000000000000005,0.6030078641108088,0.7164968502004301,0.202,0.49850000000000005,0.3421353004067294,0.008490367110607614
2636,0.006500000000000001,0.009461942257217849,0.375,0.036925287936956964,0.0195,0.2404259309699382,0.675066882416397,0.016,0.47799968279143545,0.0205,0.0
2637,0.425,0.027000000000000003,0.1965,0.04775959695687961,0.094,0.2650883133694379,0.5021179828734539,0.14250000000000002,0.5322495596653456,0.23838370148980284,0.0115
2638,0.14650000000000002,0.2345,0.767,0.08486094804170682,0.1145,0.1804374613424707,0.7046909160892995,0.075,0.37650000000000006,0.16699999999999998,0.012
2639,0.024,0.021,0.5439999999999999,0.034,0.0015,0.1275,0.899,0.011,0.418,0.213,0.0015
2640,0.05950000000000001,0.0005,0.5399999999999999,0.02,0.0345,0.1105,0.7344999999999999,0.0195,0.2495,0.043,0.0
2641,0.4659999999999999,0.195,0.599,0.07348469387755102,0.0745,0.17157833788458024,0.8465,0.29100000000000004,0.422125,0.3125,0.013000000000000001
2642,0.032,0.043,0.629,0.042484693877551015,0.030000000000000006,0.13441478060046191,0.9309999999999998,0.005,0.4638333333333334,0.08975320253345398,0.003
2643,0.0415,0.0075,0.3375,0.0225,0.092,0.1257744498777506,0.40060096166788767,0.025,0.33849999999999997,0.0695,0.0
2644,0.06899999999999999,0.045,0.8255000000000001,0.0335,0.1295,0.1967741147741148,0.6473540170090951,0.05450000000000001,0.6461250000000001,0.11862834663496913,0.0035000000000000005
2645,0.01,0.06444216053825468,0.9574999999999999,0.03197029702970297,0.131,0.23871050115003745,0.18806688241639696,0.006500000000000001,0.932,0.05700000000000001,0.0075
2646,0.32,0.15,0.6785,0.060718224321001615,0.092,0.8954964935394962,0.7971909160892995,0.1385,0.5874833333333334,0.23346143499168814,0.007000000000000001
2647,0.518,0.079,0.6475,0.030999999999999993,0.248,0.2276279395771791,0.9350000000000002,0.1115,0.5152499999999999,0.31881505297703344,0.014500000000000002
2648,0.33699999999999997,0.24100000000000002,0.6130000000000001,0.077,0.12150000000000001,0.21862770908894272,0.7615000000000001,0.1505,0.42350000000000004,0.3509039603960396,0.04348766634209672
2649,0.3,0.031,0.5965,0.0315,0.05550000000000001,0.10554822954822955,0.9325000000000001,0.024,0.41550000000000004,0.1315,0.006500000000000001
2650,0.3935,0.21244183319109652,0.614,0.15682753525209475,0.16799999999999998,0.21384093149510167,0.7078818321785989,0.1935,0.5267912269129289,0.2613969080597257,0.0195
2651,0.005,0.055999999999999994,0.5575,0.013999999999999999,0.033,0.21550000000000002,0.8870000000000001,0.085,0.28625,0.11680632411067193,0.0005
2652,0.086,0.09389121054990077,0.492,0.016470297029702975,0.0885,0.11685154573045708,0.6925000000000001,0.035,0.3245,0.2717918454935622,0.002
2653,0.49399999999999994,0.21749999999999997,0.7405,0.11299999999999999,0.0745,0.23659682680094757,0.7750631903364027,0.25199999999999995,0.5475,0.43033887043189367,0.022493593955321946
2654,0.23149999999999998,0.11399999999999999,0.6785,0.0475,0.0925,0.18684404830980023,0.7488026639407149,0.11400000000000002,0.6054999999999999,0.20650000000000004,0.015
2655,0.674,0.06599999999999999,0.8470000000000001,0.01794059405940594,0.14150000000000001,0.25131797934722316,0.8705,0.0965,0.68855,0.23796293494704993,0.008499999999999999
2656,0.075,0.0495,0.5810000000000001,0.0014702970297029703,0.05800000000000001,0.08277444987775061,0.5315,0.016499999999999997,0.37233333333333335,0.26547167630057805,0.003
2657,0.3035,0.058499999999999996,0.632,0.052327047044906594,0.092,0.12732234432234432,0.848566882416397,0.051500000000000004,0.6082981500072031,0.14597122285016956,0.0095
2658,0.0015,0.006,0.579,0.041999999999999996,0.004,0.11204856465186538,0.9545,0.003,0.3458333333333333,0.05740316205533598,0.001
2659,0.22799999999999998,0.05248021828103684,0.664,0.08449999999999999,0.085,0.024,0.9361907692307693,0.1165,0.46349999999999997,0.131,0.008499999999999999
2660,0.0985,0.06442926829268293,0.8634999999999999,0.04698469387755102,0.1255,0.27523123677620864,0.18449999999999997,0.068,0.8027079616782293,0.09174091039970682,0.0095
2661,0.30300000000000005,0.15146194225721785,0.7594999999999998,0.02585032354327041,0.07,0.2924933817642697,0.7211663429956106,0.13,0.48649122691292873,0.22550168113801344,0.007000000000000001
2662,0.19499999999999998,0.08349999999999999,0.8445,0.03465881838040756,0.14700000000000002,0.36144324831576496,0.4501907692307692,0.1025,0.7219162269129287,0.08974170874041046,0.015500000000000003
2663,0.27199999999999996,0.13438727695774016,0.589,0.02038785046728972,0.10149999999999999,0.2915360280005951,0.15106681034482755,0.22399999999999998,0.6940663494581021,0.1726097361041979,0.009
2664,0.4255,0.18043590994123943,0.5585,0.06038785046728973,0.14450000000000002,0.3544313857904929,0.6977358535958873,0.1855,0.46224999999999994,0.3111307159254559,0.016999999999999998
2665,0.385,0.1564421605382547,0.6105,0.07695009500950094,0.11299999999999999,0.14,0.7538876573815407,0.14550000000000002,0.50075,0.1608079207920792,0.018499999999999996
2666,0.3415,0.15140259710032836,0.5765,0.058943925233644855,0.0925,0.23500000000000001,0.5520725927645269,0.166,0.5695,0.21124203248722964,0.009
2667,0.40700000000000003,0.1625,0.5215,0.06941148375748296,0.092,0.16944560963190555,0.7519719314938154,0.137,0.43012456024626217,0.42603633978574695,0.045993716931216934
2668,0.11749999999999998,0.0695,0.6295,0.1,0.082,0.13578564093046813,0.8619999999999999,0.022,0.501124504950495,0.12538849996438337,0.004999999999999999
2669,0.05950000000000001,0.037000000000000005,0.6395,0.03198469387755102,0.0505,0.14350000000000002,0.6311179828734539,0.017,0.328,0.087,0.0015
2670,0.015,0.050961942257217854,0.48,0.022925287936956962,0.0355,0.192,0.6181521643971398,0.01,0.5179996827914354,0.049999999999999996,0.0005
2671,0.27949999999999997,0.067,0.5369999999999999,0.09034369871614775,0.0715,0.18473708567113897,0.8465,0.1375,0.4850323979491741,0.3378442500685349,0.008
2672,0.0655,0.0185,0.5275,0.031,0.05249999999999999,0.09332267942598017,0.925,0.052000000000000005,0.48635,0.11540316205533596,0.004
2673,0.33699999999999997,0.18142926829268294,0.6279999999999999,0.046,0.1105,0.18623146726444503,0.683971999882549,0.17350000000000002,0.4917495049504951,0.286,0.03199677632666557
2674,0.5875,0.013500000000000002,0.5665,0.047999999999999994,0.0455,0.15299999999999997,0.9225466691757621,0.093,0.44849999999999995,0.1855,0.0005
2675,0.2045,0.12250000000000001,0.47450000000000003,0.036500000000000005,0.096,0.12027383863080683,0.7857421668353014,0.1,0.482749504950495,0.17580712245137559,0.006500000000000001
2676,0.03849999999999999,0.05500000000000001,0.6335,0.024318135248345148,0.057999999999999996,0.21581825806388108,0.6439999999999999,0.0105,0.3625,0.07399999999999998,0.0
2677,0.05,0.044480218281036835,0.5915,0.028000000000000004,0.033,0.17559747146048443,0.8596337648327941,0.034499999999999996,0.253,0.14199999999999996,0.001
2678,0.47400000000000003,0.2285,0.636,0.07135481632275377,0.094,0.31069163277502787,0.714441112666127,0.27699999999999997,0.5457495602462621,0.223,0.012496776326665565
2679,0.152,0.0315,0.355,0.013500000000000002,0.055499999999999994,0.08922360557768926,0.8695,0.08700000000000001,0.3405,0.2925,0.0015
2680,0.153,0.06639785219845723,0.499,0.06341081240188383,0.1075,0.17696266696266696,0.866,0.08950000000000001,0.6815833333333333,0.14657785207427912,0.007000000000000001
2681,0.20950000000000002,0.051500000000000004,0.726,0.09344672184571808,0.0725,0.3564235032728755,0.5605,0.0335,0.5839455079791509,0.35387794930305666,0.0045000000000000005
2682,0.052500000000000005,0.0,0.39299999999999996,0.026500000000000003,0.003,0.13100000000000003,0.9039999999999999,0.023,0.2365,0.07050000000000001,0.004
2683,0.14250000000000002,0.1733177925465379,0.6134999999999999,0.08694392523364486,0.119,0.4518362076658434,0.3721179828734538,0.16299999999999998,0.3376662269129288,0.2301451945425656,0.006
2684,0.571,0.0905,0.7875,0.02490645024262244,0.17099999999999999,0.2393773663180728,0.9033028481633046,0.0775,0.5815569587763527,0.23148242682520034,0.0055000000000000005
2685,0.11699999999999999,0.049808265033140876,0.6704999999999999,0.1925,0.0885,0.3225968531604228,0.9494999999999999,0.0325,0.5325,0.159,0.016
2686,0.1505,0.0305,0.7629999999999999,0.07091089108910892,0.131,0.252962390819359,0.5511178707224335,0.056999999999999995,0.46062499999999995,0.1433724246658664,0.009
2687,0.015,0.004999999999999999,0.6535,0.06548469387755101,0.0035000000000000005,0.11677411477411477,0.9775,0.0055,0.4906,0.07325320253345398,0.001
2688,0.195,0.0345,0.3365,0.09992730849882778,0.077,0.24554822954822955,0.611240465416936,0.067,0.278124504950495,0.2998337817057581,0.016
2689,0.068,0.033,0.4715,0.038920353982300884,0.129,0.13199999999999998,0.8949999999999999,0.008499999999999999,0.37149950495049505,0.1497717257409728,0.003
2690,0.309,0.0845,0.5855,0.07584564191925784,0.11600000000000002,0.33275676654460984,0.798066882416397,0.251,0.5285906961813456,0.2618495515520537,0.008
2691,0.014000000000000002,0.015000000000000003,0.45949999999999996,0.01442861911119588,0.008,0.08800000000000001,0.954,0.036500000000000005,0.25383283828382835,0.0806035524262113,0.0015
2692,0.076,0.14397396768402154,0.858,0.0155,0.077,0.1791871877216572,0.4090000000000001,0.6020000000000001,0.4965,0.12999999999999998,0.003
2693,0.08249999999999999,0.10195418596505838,0.6245,0.0235,0.1145,0.10472613380250939,0.6839999999999999,0.05500000000000001,0.4659999999999999,0.5155,0.0025
2694,0.183,0.08449999999999999,0.6425000000000001,0.0919133129887469,0.064,0.1489121441394907,0.8403538364693413,0.049,0.373207397949174,0.11504194413393384,0.0055
2695,0.07100000000000001,0.034,0.581,0.027500000000000004,0.0415,0.08627411477411479,0.9595,0.0405,0.39,0.16283774834437087,0.0015
2696,0.0785,0.08449999999999999,0.6119999999999999,0.014000000000000002,0.007000000000000001,0.11875620095273764,0.8744998150520527,0.0165,0.40424999999999994,0.27817661877626454,0.002
2697,0.351,0.27984635556615867,0.6975,0.06282067250597026,0.0955,0.7285602643360424,0.7159604690033032,0.219,0.49725,0.3542964299748358,0.02099359185014788
2698,0.124,0.08750000000000001,0.6885,0.06192039203920392,0.10700000000000001,0.18930234420595252,0.7562761392824043,0.026000000000000002,0.35988192288979165,0.0485,0.0045
2699,0.15999999999999998,0.0485,0.5145,0.040925287936956954,0.0605,0.08650000000000001,0.9145,0.05550000000000001,0.32325,0.4168377483443709,0.006
2700,0.42400000000000004,0.34297989093387865,0.764,0.03994392523364486,0.0805,0.3978624403760147,0.6697853301265969,0.2615,0.53,0.3696451945425656,0.017499999999999998
2701,0.365,0.093,0.7329999999999999,0.0495,0.2145,0.12,0.9471909160892993,0.07100000000000001,0.559375,0.2373361382227948,0.008
2702,0.004999999999999999,0.028500000000000004,0.6655,0.0295,0.0225,0.18996324704033213,0.9814999999999999,0.0505,0.3863333333333333,0.06940316205533598,0.002
2703,0.146,0.06196043656207369,0.505,0.03297029702970297,0.14350000000000002,0.21020406782623122,0.4729281215489487,0.054000000000000006,0.401582892998679,0.06764679122397291,0.0035000000000000005
2704,0.32599999999999996,0.2064866359447005,0.6415,0.05780869755776021,0.1265,0.6553039925182391,0.7313774327567695,0.1915,0.4652490099009901,0.3573404330202541,0.008493591850147881
2705,0.255,0.123,0.5650000000000001,0.05389891614089885,0.027000000000000003,0.11787768445476954,0.8754207188857382,0.1295,0.4007162269129288,0.18636609700238588,0.012
2706,0.40099999999999997,0.16192822384428224,0.7055,0.028561271161608993,0.12449999999999999,0.2197507055387023,0.8702359657469078,0.11950000000000001,0.5927,0.1977778568986487,0.026000000000000002
2707,0.475,0.18250000000000002,0.584,0.073,0.14699999999999996,0.17800000000000002,0.865,0.21200000000000002,0.508125,0.26112217542840904,0.02698734587929915
2708,0.30250000000000005,0.1305,0.6915,0.10545499090725399,0.10200000000000001,0.3845520080515831,0.3171435308934542,0.11600000000000002,0.4405,0.14150000000000001,0.009000000000000001
2709,0.46049999999999996,0.1459613368283093,0.601,0.069,0.12500000000000003,0.28781764443347485,0.765462655722619,0.2785,0.45025000000000004,0.271,0.01649375616168255
2710,0.384,0.11728066772403349,0.5075000000000001,0.15299999999999997,0.098,0.17227475507528428,0.9621179828734538,0.08249999999999999,0.44662500000000005,0.1864039603960396,0.011500000000000002
2711,0.19599999999999998,0.1015,0.682,0.039898916140898855,0.11100000000000002,0.21072537762507043,0.8524999999999998,0.059,0.526,0.2986307159254559,0.006
2712,0.052000000000000005,0.002,0.5925,0.03898469387755102,0.004,0.1008773663180728,0.9800000000000001,0.0345,0.192,0.1087428308279333,0.001
2713,0.48949999999999994,0.021,0.6144999999999999,0.027974384599200503,0.034,0.10437768445476954,0.8586909160892994,0.03849999999999999,0.486249504950495,0.15100000000000002,0.01
2714,0.5035000000000001,0.0622857159812474,0.5305,0.1154125198635253,0.1115,0.20873736181444688,0.8150000000000001,0.141,0.4512074532449411,0.19036775685084445,0.0085
2715,0.3055,0.0355,0.5029999999999999,0.01944392523364486,0.0665,0.03618855218855219,0.8835,0.074,0.2635,0.34850000000000003,0.009
2716,0.039,0.040499999999999994,0.5765,0.046000000000000006,0.014500000000000002,0.08646273400538353,0.952,0.020999999999999998,0.5133333333333333,0.09540396039603961,0.0034999999999999996
2717,0.47350000000000003,0.048,0.5425000000000001,0.013000000000000001,0.06,0.21345123025010304,0.8195,0.1765,0.3315,0.27549999999999997,0.0025
2718,0.0325,0.06046194225721785,0.651,0.013500000000000002,0.07550000000000001,0.11722360557768925,0.8592358535958873,0.018,0.5795,0.07600000000000001,0.0045000000000000005
2719,0.4425,0.11500000000000002,0.6445000000000001,0.07449999999999998,0.10500000000000001,0.32572032690096786,0.6301337648327939,0.21300000000000002,0.47450000000000003,0.20380792079207924,0.031
2720,0.1295,0.10482765809463657,0.9095000000000001,0.0628845192930508,0.042499999999999996,0.20381210993875287,0.9300466691757621,0.08750000000000001,0.44974950495049504,0.069,0.006500000000000001
2721,0.37350000000000005,0.06139954597048808,0.6799999999999999,0.04642039203920392,0.0695,0.1269685874413861,0.621381832178599,0.1315,0.6590578935795953,0.2924432291205466,0.012987345879299155
2722,0.0435,0.08136285341894904,0.9484999999999999,0.05196907216494846,0.13400000000000004,0.3766891322662173,0.10149999999999999,0.030000000000000006,0.9350000000000002,0.0655,0.0015
2723,0.37,0.05450000000000001,0.49499999999999994,0.06799999999999999,0.0995,0.1043654595381728,0.951,0.021500000000000002,0.307,0.0629039603960396,0.003
2724,0.367,0.23450000000000001,0.7174999999999999,0.026500000000000003,0.14350000000000002,0.3118078333472988,0.5771909160892995,0.177,0.548,0.3659039603960396,0.004
2725,0.17550000000000002,0.11699999999999999,0.764,0.042686439144346035,0.0865,0.4552938794463988,0.41327916717612795,0.082,0.613488545470991,0.28378991555608807,0.002
2726,0.5675,0.16830319666492682,0.6715,0.10627871320345339,0.122,0.4488922539312755,0.24304666917576215,0.259,0.4870996827914354,0.32525985384795,0.013000000000000001
2727,0.2905,0.041499999999999995,0.7024999999999999,0.017500000000000005,0.048,0.1551457336095666,0.9161847531388304,0.0505,0.446,0.13624091039970682,0.001
2728,0.46799999999999997,0.10149999999999999,0.5414999999999999,0.0935,0.061,0.11809121778678981,0.8785280284520421,0.366,0.41262499999999996,0.38349999999999995,0.04398957620348213
2729,0.1715,0.049,0.57,0.05195673076923076,0.0625,0.123,0.8644999999999999,0.0695,0.5214166666666666,0.11029642997483573,0.009
2730,0.05800000000000001,0.044,0.5674999999999999,0.008970297029702971,0.062,0.18241443108233116,0.48171259334471656,0.0645,0.37783333333333335,0.04135004047811801,0.002
2731,0.10600000000000001,0.06749999999999999,0.522,0.03548469387755102,0.0915,0.13377383863080686,0.8275,0.046,0.37124999999999997,0.344,0.013500000000000002
2732,0.34049999999999997,0.1645,0.6655,0.07636588199636289,0.15250000000000002,0.30485165034585654,0.7079874571589964,0.17149999999999999,0.587249504950495,0.27287511115886404,0.0435
2733,0.0805,0.022,0.479,0.025,0.002,0.17827411477411476,0.9495000000000001,0.0155,0.37716666666666665,0.23850000000000002,0.003
2734,0.2875,0.08249999999999999,0.6140000000000001,0.074,0.1035,0.10200000000000001,0.8515,0.07150000000000001,0.45099999999999996,0.13549999999999998,0.005
2735,0.097,0.034999999999999996,0.6305,0.038308204449590606,0.09,0.06777411477411478,0.8765000000000001,0.0105,0.4135,0.23040396039603958,0.015
2736,0.21000000000000002,0.13199999999999998,0.695,0.14797029702970294,0.08150000000000002,0.20739602556013464,0.827544864709661,0.09,0.5021249999999999,0.2145,0.006
2737,0.4135,0.052000000000000005,0.6990000000000001,0.023,0.063,0.1418036012223682,0.9395,0.0245,0.301,0.14724091039970683,0.005
2738,0.329,0.20350000000000001,0.708,0.12049999999999998,0.059,0.2634770922614015,0.725731534465613,0.095,0.35974999999999996,0.19749999999999998,0.0055
2739,0.086,0.028000000000000004,0.6335,0.060827778775061424,0.392,0.07723769691808274,0.908,0.1125,0.5696653602083197,0.13890316205533598,0.006500000000000001
2740,0.6615,0.16099999999999998,0.75,0.04189891614089885,0.10300000000000001,0.42180357367494076,0.11161787072243345,0.189,0.4456657318634238,0.4261945586866379,0.0095
2741,0.1055,0.0625,0.7045,0.352939684784805,0.067,0.28371976466951543,0.6101179828734539,0.144,0.5950828382838285,0.1588212604155972,0.006
2742,0.147,0.0325,0.5145,0.05,0.051000000000000004,0.1155,0.9065000000000001,0.11100000000000002,0.3455,0.2345,0.003
2743,0.48199999999999993,0.0725,0.6305,0.030984693877551022,0.0735,0.1378220681790364,0.9075000000000001,0.15900000000000003,0.48012499999999997,0.20062834663496915,0.008
2744,0.26450000000000007,0.09546133682830929,0.418,0.2097862359786638,0.06000000000000001,0.29885518283491086,0.711566882416397,0.0315,0.27794950495049503,0.18773356305358133,0.0005
2745,0.0395,0.11296194225721785,0.9085000000000001,0.0225,0.1295,0.2071515230855764,0.087,0.0495,0.9334999999999999,0.04540316205533597,0.0005
2746,0.236,0.02744183319109651,0.693,0.024373300740099357,0.0685,0.14427444987775062,0.8271179828734538,0.008499999999999999,0.5535,0.07200000000000001,0.013500000000000002
2747,0.15899999999999997,0.033999999999999996,0.5660000000000001,0.04492035398230089,0.0605,0.07915120494887964,0.9195,0.06699999999999999,0.41050000000000003,0.41950000000000004,0.019499999999999997
2748,0.3185,0.17149999999999999,0.603,0.07669757917555257,0.172,0.29817064170369856,0.6365121343416816,0.16999999999999998,0.49020833333333336,0.3234547229135901,0.0235
2749,0.21550000000000002,0.15942822384428224,0.7194999999999999,0.06341497865860644,0.1315,0.4141591927125855,0.5315430892781999,0.2085,0.5840412269129288,0.17201581508026997,0.0185
2750,0.14550000000000002,0.05550000000000001,0.6184999999999999,0.06836427921594575,0.158,0.09935410094637223,0.9289999999999999,0.05550000000000001,0.38929908481044595,0.21310355242621132,0.0035000000000000005
2751,0.13999999999999999,0.0875,0.844,0.082919066228104,0.1085,0.4572935501443406,0.2736392562508242,0.141,0.747,0.0715,0.01799375616168255
2752,0.3985,0.22674683561298012,0.6525,0.11531839890550184,0.0905,0.8904735505782785,0.781240465416936,0.1685,0.4965,0.2604606366509845,0.0245
2753,0.2785,0.1442227485957539,0.7245,0.14386063282162093,0.0935,0.1674448577566893,0.8906179828734538,0.14550000000000002,0.6063750000000001,0.2096341783192066,0.0165
2754,0.5375,0.0645,0.8210000000000001,0.04444392523364486,0.0625,0.33841074307214125,0.7535850296003164,0.15,0.3983333333333333,0.20759896794493785,0.025500000000000002
2755,0.0015,0.0235,0.5075,0.01245499090725399,0.0115,0.14250000000000002,0.8005000000000001,0.0,0.2906666666666667,0.060403162055335954,0.0
2756,0.1655,0.014500000000000002,0.47050000000000003,0.02248469387755102,0.0305,0.1211885521885522,0.8882359657469076,0.09949999999999999,0.3245,0.2625,0.0
2757,0.231,0.044,0.723,0.05790220979378259,0.1255,0.40850807938929734,0.1655,0.124,0.5275999999999998,0.094,0.006500000000000001
2758,0.1075,0.026000000000000002,0.6445000000000001,0.045,0.1395,0.097,0.7689268818362072,0.024,0.4605,0.3595,0.006999999999999999
2759,0.21800000000000003,0.043,0.49399999999999994,0.2843122291296457,0.07250000000000001,0.10327411477411477,0.704,0.0735,0.41025,0.2919462282767927,0.0015
2760,0.44449999999999995,0.19899999999999998,0.6965,0.06949999999999999,0.1535,0.09409657701711491,0.792466950077039,0.18850000000000003,0.4958333333333334,0.258,0.018
2761,0.12049999999999998,0.07339954597048808,0.5934999999999999,0.045984693877551025,0.09150000000000001,0.17779277275759506,0.7063925275418805,0.053000000000000005,0.5562083333333334,0.13065587566272563,0.013000000000000001
2762,0.078,0.027500000000000004,0.4035,0.04944392523364487,0.043,0.11714400256574727,0.912617982873454,0.032,0.24841622633201235,0.24921711911962124,0.0005
2763,0.0025,0.0175,0.587,0.028000000000000004,0.010000000000000002,0.1975,0.9764999999999999,0.0015,0.347,0.051000000000000004,0.004
2764,0.359,0.25,0.7010000000000001,0.05550000000000001,0.085,0.7153996615854397,0.8454006177961236,0.19049999999999997,0.52,0.388,0.0205
2765,0.2225,0.043,0.49849999999999994,0.021454990907253987,0.065,0.10551157377128599,0.8714999999999999,0.08750000000000001,0.39024950495049504,0.1561885871631925,0.016
2766,0.626,0.179,0.5485,0.062,0.1105,0.12246265276032746,0.8131705497601827,0.2835,0.40549999999999997,0.48450000000000004,0.012
2767,0.2385,0.044302498458077676,0.5880000000000001,0.015000000000000003,0.05349999999999999,0.06,0.9455,0.041499999999999995,0.34700000000000003,0.1595,0.001
2768,0.399,0.10450000000000001,0.5980000000000001,0.034970297029702974,0.08549999999999999,0.13940040247558097,0.8758088989627533,0.16149999999999998,0.4457137906647808,0.23145718236467056,0.034
2769,0.24200000000000005,0.18748663594470044,0.743,0.09197029702970297,0.16399999999999998,0.546842829640837,0.4461645398981956,0.2125,0.583,0.22419636141532723,0.0045
2770,0.257,0.14536603208795024,0.6435000000000001,0.0368775411889392,0.1105,0.377416278870811,0.29615816326530614,0.1635,0.5478996827914353,0.16725936492188564,0.012
2771,0.051000000000000004,0.032351941949301535,0.5865,0.027000000000000003,0.025500000000000002,0.06127444987775062,0.9011179828734539,0.053000000000000005,0.43537499999999996,0.18454962953248968,0.002
2772,0.1105,0.10500000000000001,0.8675,0.03476306325322798,0.097,0.33868913226621733,0.17550000000000002,0.11099999999999999,0.8362745049504949,0.1153390114549377,0.011497901248205015
2773,0.39299999999999996,0.0965,0.5785000000000001,0.07797029702970297,0.14049999999999999,0.020377946395737957,0.7748073478333329,0.1575,0.4665,0.2873508388188216,0.015493593955321943
2774,0.31350000000000006,0.0155,0.6869999999999999,0.05248469387755102,0.036,0.16063459187086335,0.851,0.101,0.46987500000000004,0.16890316205533598,0.0
2775,0.29,0.10347396768402153,0.6690000000000002,0.051500000000000004,0.046,0.29740775469147573,0.8485000000000001,0.121,0.5135,0.216403162055336,0.019
2776,0.26149999999999995,0.12250000000000001,0.7494999999999999,0.02148469387755102,0.041,0.1036888141295206,0.7651347714101671,0.0755,0.376,0.24133774834437088,0.002
2777,0.0925,0.046716006226067676,0.7205,0.03745009500950096,0.0735,0.21204856465186536,0.23661798287345387,0.1325,0.5247661716171617,0.07438234750912677,0.0024935939553219445
2778,0.268,0.13740948657371976,0.7395,0.04647029702970297,0.1105,0.0195,0.4859930066029454,0.1495,0.5258333333333334,0.194,0.0245
2779,0.0315,0.0105,0.322,0.01744392523364486,0.07550000000000001,0.12050000000000001,0.42910096166788775,0.016,0.32566666666666666,0.06390316205533597,0.001
2780,0.296,0.08644216053825468,0.5755,0.0375,0.097,0.14027411477411478,0.6556053264307149,0.077,0.5565,0.20294687842278206,0.0025
2781,0.0645,0.020499999999999997,0.5209999999999999,0.05800000000000001,0.024,0.17327217022955463,0.8765000000000001,0.014000000000000002,0.4731666666666666,0.06580632411067194,0.0015
2782,0.4085,0.17894216053825468,0.629,0.08539065101200385,0.11750000000000001,0.24,0.7534891861127792,0.1285,0.50725,0.16480792079207923,0.016999999999999998
2783,0.2775,0.0885,0.5534999999999999,0.04795499090725399,0.1265,0.12127444987775063,0.6275000000000001,0.17099999999999999,0.5139995049504951,0.22199999999999998,0.0055
2784,0.718,0.04,0.6705,0.02095499090725399,0.0495,0.23468765830472296,0.858993764252604,0.0635,0.38150000000000006,0.18283887043189367,0.0045
2785,0.035,0.006,0.6,0.07869674842269656,0.013500000000000002,0.11489073815073816,0.9346179828734538,0.006,0.39099950495049507,0.0887674640831059,0.0005
2786,0.2459676184295912,0.15492237881929152,0.6639999999999999,0.04928184412168751,0.177,0.9020444567513841,0.47553590402927937,0.14950000000000002,0.5525,0.1885,0.029500000000000005
2787,0.026500000000000003,0.018500000000000003,0.5439999999999999,0.04397029702970297,0.006,0.127,0.8640000000000001,0.0025,0.5269999999999999,0.04483774834437086,0.0
2788,0.10900000000000001,0.06196194225721785,0.8225000000000001,0.057738426341203644,0.08149999999999999,0.4133530244958414,0.145,0.11949999999999998,0.30474999999999997,0.44890316205533604,0.006500000000000001
2789,0.0955,0.0485,0.6,0.12081005075297446,0.087,0.07999999999999999,0.695240465416936,0.032,0.511125,0.16283694870498366,0.0005
2790,0.11000000000000001,0.047499999999999994,0.518,0.051312097026029124,0.026500000000000003,0.09604795340492163,0.869566882416397,0.053500000000000006,0.44422470532767566,0.17059478317495164,0.005
2791,0.11850000000000001,0.08549999999999999,0.6140000000000001,0.0425,0.019000000000000003,0.19686421472129795,0.866,0.088,0.502,0.2598388704318937,0.003
2792,0.211,0.0985,0.625,0.03296938775510204,0.1565,0.33794673906186,0.6405000000000001,0.10800000000000001,0.38616666666666666,0.14935691150449662,0.0245
2793,0.2045,0.055334902778027883,0.6114999999999999,0.057999999999999996,0.05500000000000001,0.12018913226621734,0.7546179828734539,0.09000000000000001,0.44699999999999995,0.24623747671338037,0.0025
2794,0.001,0.0,0.611,0.0395,0.006999999999999999,0.10400000000000001,0.9884999999999999,0.003,0.318,0.07090316205533596,0.003
2795,0.34750000000000003,0.19346043656207368,0.6815,0.08497029702970296,0.1385,0.1976166233766234,0.7121741982611602,0.097,0.558499504950495,0.14833774834437086,0.034
2796,0.01,0.0005,0.6475,0.0415,0.003,0.17477411477411478,0.976,0.0035000000000000005,0.3195,0.08730632411067195,0.0
2797,0.2475,0.29300000000000004,0.7865,0.06332142890122888,0.2415,0.4008667353507396,0.3691178707224335,0.27349999999999997,0.5575,0.246,0.029996284198698424
2798,0.488,0.16748021828103682,0.6015,0.05994059405940594,0.06799999999999999,0.2574035902585705,0.865,0.2735,0.5385,0.31922013546059586,0.013500000000000002
2799,0.337,0.178,0.7795,0.059962525008977585,0.196,0.4521855173305448,0.5812638874430697,0.08449999999999999,0.603232892998679,0.19659816960423418,0.018500000000000003
2800,0.2705,0.23500000000000001,0.6615000000000001,0.07027429908735676,0.0695,0.4686960012451998,0.807066882416397,0.1665,0.485,0.3866070074020927,0.015493756161682548
2801,0.11400000000000002,0.08779240799182855,0.629,0.018383853541416566,0.1285,0.09206819256844774,0.8127763231197772,0.087,0.40449999999999997,0.23433774834437088,0.001
2802,0.1405,0.08797396768402156,0.7255,0.07742528793695695,0.131,0.13254822954822956,0.21349999999999997,0.11399999999999999,0.47575,0.10312554460213086,0.010000000000000002
2803,0.291,0.3055,0.6864999999999999,0.09467342069431928,0.11299999999999999,0.20341416249026184,0.6472214716247157,0.1545,0.4545,0.4630000000000001,0.01799069235793599
2804,0.526,0.10049999999999999,0.6405000000000001,0.019,0.0955,0.1904574986759967,0.8611179828734539,0.22750000000000004,0.3499161716171617,0.36783887043189367,0.015
2805,0.3485,0.1025,0.2565,0.043320935793059276,0.09849999999999999,0.22539740269220795,0.788355421279985,0.14,0.4096662269129288,0.21590396039603962,0.0185
2806,0.34199999999999997,0.2725,0.6425000000000001,0.0385,0.1345,0.2759973689986178,0.6829224505549124,0.139,0.387,0.41353275589326904,0.018500000000000003
2807,0.307,0.16699999999999998,0.5915,0.11546938775510203,0.10300000000000001,0.09868881412952062,0.8875,0.213,0.6115,0.20994638949671768,0.0105
2808,0.41050000000000003,0.22590091116173122,0.7065,0.06338361001844987,0.1325,0.6444632640072712,0.9035,0.23900000000000002,0.5214158962261064,0.287403162055336,0.01448734998378203
2809,0.006,0.0125,0.46749999999999997,0.052469387755102036,0.014500000000000002,0.10927411477411478,0.9415000000000001,0.001,0.25633333333333336,0.09814063876871629,0.0034999999999999996
2810,0.043,0.14346194225721787,0.9135,0.052500000000000005,0.13249999999999998,0.2777744699887983,0.18406681034482758,0.036500000000000005,0.8564999999999999,0.08690316205533596,0.0085
2811,0.15899999999999997,0.071,0.7829999999999999,0.096,0.0825,0.16482271202683277,0.5555,0.05600000000000001,0.5664999999999999,0.07949999999999999,0.007000000000000001
2812,0.40099999999999997,0.06599999999999999,0.5835,0.04342035398230088,0.08399999999999999,0.11514377406931964,0.9469999999999998,0.2975,0.4345,0.21940316205533597,0.16049359395532195
2813,0.056999999999999995,0.0315,0.603,0.0165,0.040499999999999994,0.10604856465186538,0.8094999999999999,0.025,0.30216666666666664,0.11190316205533597,0.004
2814,0.09600000000000002,0.0485,0.594,0.026500000000000003,0.020999999999999998,0.11299999999999999,0.7533584482903899,0.038,0.4765,0.1622094861660079,0.003
2815,0.019500000000000003,0.022,0.708,0.043374210014700286,0.0205,0.1736035947299825,0.9049999999999999,0.013000000000000001,0.4285828929986789,0.03555460206705844,0.002
2816,0.41600000000000004,0.5499412277621879,0.8965,0.07915341911082888,0.128,0.4984215382264705,0.6277867941413794,0.3565,0.46975,0.1105,0.006500000000000001
2817,0.178,0.040499999999999994,0.618,0.0794050478598519,0.05600000000000001,0.186,0.44701860066957755,0.16350000000000003,0.417,0.34014407245504275,0.006
2818,0.3485,0.2669802182810368,0.7285,0.06535481632275378,0.1085,0.9410000000000001,0.5378840725160661,0.1585,0.5205,0.2585,0.037
2819,0.1385,0.038,0.6675,0.04522404044980109,0.098,0.2339506977108487,0.48479780325389,0.186,0.4447,0.07690396039603961,0.009999999999999998
2820,0.2505,0.037000000000000005,0.5664999999999999,0.0325,0.023,0.097,0.9480000000000001,0.08,0.44737499999999997,0.14033774834437085,0.006
2821,0.18350000000000002,0.0075,0.5974999999999999,0.049984693877551015,0.027500000000000004,0.15104828850855745,0.8160000000000001,0.0045,0.24850000000000003,0.123,0.0034999999999999996
2822,0.01,0.004,0.5615,0.0315,0.001,0.14377411477411478,0.976,0.002,0.33849999999999997,0.06040316205533597,0.0004935939553219448
2823,0.379,0.1125,0.6584999999999999,0.035883853541416565,0.1105,0.08704242264668804,0.6795122888666849,0.154,0.41100000000000003,0.30185083881882163,0.001
2824,0.16,0.126,0.7464999999999999,0.0475,0.1355,0.27500967172688806,0.5965388139102125,0.09849999999999999,0.6626662269129289,0.14720606609864823,0.0155
2825,0.14500000000000002,0.1898476175869225,0.6824999999999999,0.024,0.091,0.27571358067363744,0.873,0.017,0.7210000000000001,0.15,0.001
2826,0.39249999999999996,0.19841612822227622,0.707,0.05349999999999999,0.125,0.334,0.5812525828155851,0.1405,0.53875,0.1644039603960396,0.015500000000000003
2827,0.3335,0.1824613368283093,0.64,0.11583082890497846,0.18649999999999997,0.27028724362778134,0.7441178707224334,0.14600000000000002,0.5364166666666668,0.21774170874041046,0.017499999999999998
2828,0.5855,0.078,0.6620000000000001,0.018360948041706827,0.1275,0.19023678173678174,0.9175000000000001,0.0885,0.6053749999999999,0.3083377483443709,0.0085
2829,0.195,0.12250000000000001,0.7184999999999999,0.03588361001844988,0.0755,0.4356442802056556,0.5412307838809871,0.08249999999999999,0.43725,0.19250000000000003,0.020999999999999998
2830,0.020999999999999998,0.013500000000000002,0.5189999999999999,0.06485299777355191,0.003,0.134,0.9365,0.08149999999999999,0.3269161716171617,0.08307593361120005,0.0
2831,0.5625,0.6789613368283093,0.8629999999999999,0.10466265640376719,0.1285,0.4390906566963425,0.715993617394074,0.49750000000000005,0.37174999999999997,0.085,0.012
2832,0.3135,0.1545,0.6775,0.040999999999999995,0.129,0.21846920617591659,0.7885668824163969,0.1305,0.500082892998679,0.27889789663748416,0.004
2833,0.642,0.051000000000000004,0.5255000000000001,0.10188451929305078,0.08449999999999999,0.286,0.797,0.25650000000000006,0.4703328382838284,0.13383707015138663,0.0095
2834,0.06899999999999999,0.0495,0.5880000000000001,0.021500000000000002,0.054000000000000006,0.1345,0.8757871345926981,0.041,0.5446666666666667,0.08850000000000001,0.003
2835,0.05550000000000001,0.0015,0.3875,0.027000000000000003,0.003,0.13100000000000003,0.907,0.023,0.242,0.0715,0.004
2836,0.0245,0.011,0.6205,0.0345,0.0095,0.17477444987775062,0.8925000000000001,0.006,0.3108333333333333,0.062,0.003
2837,0.159,0.059428223844282244,0.7335,0.01888955280791132,0.08900000000000001,0.3209443736017148,0.4202359657469077,0.101,0.639180541145555,0.2346806137247482,0.009500000000000001
2838,0.1555,0.079,0.6054999999999999,0.04183951020030479,0.098,0.128,0.827,0.134,0.4972652368139189,0.12856871572141987,0.0035000000000000005
2839,0.2835,0.259,0.6265,0.06287447367185697,0.1065,0.5742518965309078,0.7733028481633047,0.14700000000000002,0.5164162269129288,0.35870384534675676,0.02
2840,0.123,0.022500000000000003,0.36100000000000004,0.01344392523364486,0.0915,0.16204767726161368,0.3629671968350937,0.0395,0.3401666666666667,0.07240316205533598,0.0005
2841,0.4875,0.028500000000000004,0.591,0.07289915966386555,0.0325,0.09877411477411477,0.9559999999999998,0.0675,0.525582892998679,0.15779184549356223,0.002
2842,0.08900000000000001,0.08692822384428224,0.5725,0.11053871378738345,0.172,0.532721711161998,0.4603257315072106,0.0925,0.2715,0.055999999999999994,0.006500000000000001
2843,0.065,0.0574191778264338,0.6239999999999999,0.033999999999999996,0.0645,0.0705,0.8195668103448277,0.046,0.4654999999999999,0.1155,0.003999999999999999
2844,0.6675,0.0955,0.41850000000000004,0.017499999999999998,0.10499999999999998,0.1025661804475934,0.8933818321785989,0.4,0.3456666666666667,0.4170000000000001,0.039999999999999994
2845,0.0415,0.0665,0.844,0.022,0.088,0.28152114038739245,0.0975,0.0725,0.25925,0.0776174544753146,0.0034999999999999996
2846,0.3,0.0095,0.6900000000000001,0.0205,0.0505,0.063,0.9365,0.0905,0.49000000000000005,0.093,0.013500000000000002
2847,0.3005,0.07342237881929152,0.5555,0.041,0.09949999999999999,0.1627741147741148,0.6755386289622651,0.08499999999999999,0.51025,0.16444687842278205,0.008
2848,0.3595,0.21150000000000002,0.5880000000000001,0.13439915966386556,0.11950000000000001,0.4040175444524321,0.5369267696851867,0.20049999999999998,0.4425,0.28600000000000003,0.035500000000000004
2849,0.2595,0.15496043656207367,0.7965,0.08392528793695697,0.10699999999999998,0.11976845956247566,0.47256821752954536,0.15150000000000002,0.489,0.14694687842278203,0.026000000000000002
2850,0.4295,0.2615,0.5725,0.044000000000000004,0.1275,0.17782083983021155,0.6609611514307854,0.28950000000000004,0.4375833333333333,0.47790316205533595,0.025493756161682552
2851,0.07550000000000001,0.0155,0.491,0.04830103135242,0.0015,0.08377411477411477,0.9155,0.032,0.4078333333333333,0.14604723451037877,0.001
2852,0.07949999999999999,0.015500000000000003,0.612,0.041999999999999996,0.014499999999999999,0.11604856465186539,0.868,0.013500000000000002,0.3167995245641838,0.13400000000000004,0.0025
2853,0.1545,0.027000000000000003,0.608,0.05188027884421096,0.11600000000000002,0.12208510116090066,0.7703088989627533,0.1305,0.5327069028996692,0.1092094861660079,0.019
2854,0.19,0.1204485782019183,0.508,0.389970297029703,0.1525,0.23966632114828937,0.9125853700516352,0.07200000000000001,0.5541662269129287,0.16985004047811803,0.007000000000000001
2855,0.2765,0.1919421605382547,0.7055,0.10381930818010277,0.173,0.5232738386308069,0.44433166151079745,0.143,0.42299999999999993,0.2538715415079219,0.02099375616168255
2856,0.2515,0.1275,0.6385,0.10388027884421094,0.133,0.1025,0.9013088989627533,0.056999999999999995,0.5374999999999999,0.1385,0.012500000000000002
2857,0.3505,0.06799999999999999,0.672,0.036288432278048115,0.026000000000000002,0.20609094164348188,0.9094998150520528,0.10899999999999999,0.4751666666666667,0.29253467632149555,0.005
2858,0.0895,0.022,0.5735,0.023439684784805008,0.004,0.146,0.8734999999999999,0.005,0.25,0.17780792079207924,0.0
2859,0.502,0.08597839341885524,0.3825,0.07336921317060183,0.091,0.44072802264394284,0.268544864709661,0.3665,0.5175495245641839,0.26400000000000007,0.0105
2860,0.4029999999999999,0.08150000000000002,0.621,0.01,0.189,0.093,0.9195,0.06549999999999999,0.43600000000000005,0.08140316205533597,0.001
2861,0.20749999999999996,0.17896043656207367,0.7215,0.10045009500950094,0.17250000000000001,0.737,0.41299769916927287,0.10350000000000001,0.35025,0.2455,0.0239875123233651
2862,0.3205,0.1325,0.6485000000000001,0.1097651627407639,0.145,0.15527411477411476,0.883,0.08099999999999999,0.52675,0.20873698778731603,0.012
2863,0.0025,0.0055,0.5109999999999999,0.036,0.004,0.1505,0.8564999999999999,0.14299999999999996,0.46408283828382846,0.05800000000000001,0.0035000000000000005
2864,0.185,0.014473967684021543,0.6075,0.06280063282651184,0.039999999999999994,0.15227411477411476,0.901,0.0435,0.44054030491255275,0.12703782930060686,0.003999999999999999
2865,0.783,0.083,0.8644999999999999,0.016940594059405942,0.12050000000000001,0.13208087947374464,0.9870000000000001,0.051000000000000004,0.5959999999999999,0.20149999999999996,0.021
2866,0.22949999999999998,0.18092102576683775,0.8314999999999999,0.16568424284496172,0.14100000000000001,0.4231851737920028,0.7353285451384152,0.1985,0.5877903468245366,0.13749019032076998,0.017
2867,0.04,0.014000000000000002,0.5999999999999999,0.028499999999999998,0.016499999999999997,0.13099999999999998,0.9259999999999999,0.015,0.1585,0.17850000000000002,0.003
2868,0.005,0.019,0.6139999999999999,0.055484693877551026,0.015499999999999996,0.1825,0.961,0.0015,0.25216666666666665,0.064850040478118,0.007000000000000001
2869,0.348,0.27149999999999996,0.6915,0.07194059405940594,0.13999999999999999,0.33432140845772457,0.6495466691757621,0.193,0.4005000000000001,0.36550000000000005,0.029500000000000005
2870,0.1595,0.13696043656207366,0.712,0.09032087290361689,0.19,0.5600431399284627,0.45437759005512024,0.11399999999999999,0.3722325210752638,0.17609287130605128,0.0105
2871,0.23499999999999996,0.11000000000000001,0.7095,0.07782753525209474,0.07050000000000001,0.24546292890363536,0.9027763231197772,0.148,0.5022161716171617,0.29835083881882163,0.007000000000000001
2872,0.36350000000000005,0.1872067113519232,0.5934999999999999,0.02038785046728972,0.0905,0.29367711547598824,0.14811787072243346,0.257,0.6506660330024058,0.18320041166043025,0.019
2873,0.31,0.036,0.308,0.05488361001844988,0.085,0.21304822954822958,0.692740465416936,0.159,0.3644161716171617,0.2589061971740255,0.021500000000000002
2874,0.16599999999999998,0.026000000000000002,0.513,0.0245,0.03,0.10627411477411479,0.9065,0.052000000000000005,0.440332892998679,0.2525,0.002
2875,0.063,0.0195,0.49499999999999994,0.0075000000000000015,0.096,0.1958227120268328,0.196,0.037,0.592,0.11501466488217851,0.0005
2876,0.022000000000000002,0.06599999999999999,0.558,0.013500000000000002,0.032999999999999995,0.16023684069710964,0.833,0.012,0.368,0.353,0.0005
2877,0.3995,0.056499999999999995,0.6279999999999999,0.05891004470395037,0.0655,0.128,0.9405000000000001,0.07449999999999998,0.525,0.15350000000000003,0.0064935939553219454
2878,0.25999999999999995,0.23245418596505835,0.6664999999999999,0.052476921856825634,0.076,0.2242988392732023,0.787063303187472,0.19050000000000003,0.5599999999999999,0.25379642997483576,0.013996858465608464
2879,0.3375,0.16,0.6875,0.08871281094040415,0.1915,0.388993930471673,0.3795,0.12999999999999998,0.372,0.3135,0.018000000000000002
2880,0.786,0.0105,0.4575,0.037454990907253995,0.0245,0.1566885521885522,0.8960000000000001,0.10800000000000001,0.34237500000000004,0.24746528450671157,0.0005
2881,0.009000000000000001,0.0245,0.6005,0.08144647031731281,0.015000000000000003,0.11427444987775062,0.9380000000000001,0.001,0.20233333333333334,0.07940316205533596,0.0035000000000000005
2882,0.4145,0.16040091116173122,0.7865,0.026999999999999996,0.095,0.16550910463841548,0.6080668824163971,0.1715,0.5672500000000001,0.229,0.006980937729447037
2883,0.358,0.09949999999999999,0.6585,0.061358903892251314,0.0745,0.2550117254611884,0.616117982873454,0.182,0.48287500000000005,0.2831286231069573,0.015
2884,0.19250000000000003,0.101,0.7234999999999999,0.22906971695826708,0.0735,0.34150530793412914,0.6172577985056964,0.0975,0.5225178746790432,0.4217610517923803,0.0009831659210987383
2885,0.2185,0.15599999999999997,0.6165,0.08688451929305081,0.12,0.10488197712373826,0.8150000000000001,0.11850000000000001,0.4879575219244914,0.24169116685108188,0.02098734587929916
2886,0.172,0.1935,0.776,0.07197029702970296,0.096,0.34716884649469404,0.4478378743088006,0.15299999999999997,0.5294166666666666,0.201826838067797,0.017496858465608466
2887,0.16849999999999998,0.08432479567616692,0.7939999999999999,0.074,0.07050000000000001,0.15996292890363537,0.9677826349226699,0.054000000000000006,0.4637490099009901,0.08829184549356224,0.001
2888,0.098,0.14047396768402154,0.7909999999999999,0.07050000000000001,0.097,0.2975452508541896,0.4562761685947739,0.309,0.5137495049504951,0.1605,0.0035000000000000005
2889,0.016499999999999997,0.0015,0.7,0.0325,0.009000000000000001,0.10627411477411478,0.9924999999999999,0.005,0.31799999999999995,0.08480632411067193,0.0025
2890,0.1755,0.211,0.731,0.04588977979430596,0.067,0.7338756786475333,0.751226918236371,0.14750000000000002,0.47479999999999994,0.32960700740209276,0.0165
2891,0.129,0.0685,0.49850000000000005,0.07540175910794963,0.0385,0.09279439917534929,0.8734207188857381,0.1295,0.34500000000000003,0.1794195047344083,0.01449359185014788
2892,0.21800000000000003,0.0299238845144357,0.5685,0.08245499090725399,0.034,0.19654856465186538,0.8530000000000001,0.025500000000000002,0.360875,0.14174091039970682,0.003
2893,0.051000000000000004,0.0225,0.48,0.04,0.053000000000000005,0.14777411477411478,0.3286179828734538,0.07,0.5597995245641838,0.1425553173270369,0.0025
2894,0.057499999999999996,0.04898021828103684,0.5805,0.026500000000000003,0.14650000000000002,0.24827411477411476,0.17461798287345387,0.064,0.7271662269129286,0.07946293494704994,0.0035000000000000005
2895,0.51,0.09395369973137264,0.354,0.05547692185682564,0.15350000000000003,0.47073204734211027,0.32913963068429536,0.35300000000000004,0.588749504950495,0.20793159379407616,0.014499999999999999
2896,0.088,0.0375,0.5445,0.06095998775135245,0.025,0.13527411477411477,0.9051179828734538,0.06649999999999999,0.5135,0.2245,0.0075000000000000015
2897,0.014000000000000002,0.001973967684021544,0.5645,0.07193968478480502,0.008000000000000002,0.11396266696266695,0.959,0.0015,0.307249504950495,0.064350040478118,0.0025
2898,0.256,0.16448021828103682,0.744,0.067011021867278,0.0905,0.35696867175332303,0.6021921951561346,0.0945,0.5375,0.2207905982905983,0.022493591850147883
2899,0.175,0.18733801063328623,0.7809999999999999,0.28900000000000003,0.10200000000000001,0.383628215720487,0.34720180093617414,0.15849999999999997,0.7045,0.0785,0.01
2900,0.0245,0.045,0.7224999999999999,0.022,0.072,0.10704889975550122,0.7414999999999999,0.015500000000000003,0.24074999999999996,0.361,0.0005
2901,0.42696761842959113,0.14791590423738338,0.6715,0.055470297029702964,0.1055,0.3746673009308581,0.36998933297130937,0.37150000000000005,0.5488495049504951,0.27579059829059827,0.006993593955321944
2902,0.11399999999999999,0.11750000000000001,0.646,0.01348469387755102,0.18350000000000002,0.071,0.9265000000000001,0.06599999999999999,0.31399999999999995,0.18933774834437084,0.0
2903,0.17550000000000002,0.12149999999999998,0.56,0.06342528793695697,0.1165,0.23997747834876293,0.5145000000000001,0.1075,0.6476666666666666,0.18395569033116815,0.007999999999999998
2904,0.2455,0.0925,0.768,0.09590058181075839,0.0365,0.15723736181444692,0.931,0.084,0.32787400990099014,0.09273747671338033,0.0095
2905,0.065,0.058499999999999996,0.6605000000000001,0.036425287936956964,0.10400000000000001,0.3376920036175492,0.48819238010408184,0.069,0.272,0.0635,0.0025
2906,0.351,0.17689954597048807,0.7100000000000002,0.04746252500897759,0.0895,0.31235387045813584,0.6697577985056966,0.1075,0.538809084055786,0.21475936492188566,0.02499359395532194
2907,0.0295,0.030500000000000006,0.6925,0.0615,0.002,0.122,0.9798539486203616,0.0195,0.5371,0.05009692240127023,0.0
2908,0.7630000000000001,0.026000000000000002,0.6315000000000001,0.05448469387755102,0.068,0.12477411477411478,0.8799999999999999,0.0395,0.30183333333333334,0.1265,0.05900000000000001
2909,0.194,0.089,0.7045,0.0395,0.1155,0.18116457882471795,0.8494999999999999,0.1285,0.49399999999999994,0.0955,0.009993593955321945
2910,0.421,0.10599999999999998,0.5065,0.08448469387755102,0.0685,0.11718855218855218,0.9082359657469077,0.227,0.30849999999999994,0.3905,0.0045000000000000005
2911,0.347,0.23338345425774126,0.7314999999999999,0.10338451929305079,0.0925,0.4353306997414371,0.5974656957464196,0.197,0.5485392467149091,0.28251001821517896,0.0105
2912,0.421,0.09436604505269039,0.5765,0.09734895921740291,0.11850000000000001,0.21804828850855745,0.6891179828734538,0.24850000000000003,0.34015789299867893,0.3175008827973098,0.006999999999999999
2913,0.501,0.0935,0.678,0.09271038904076616,0.189,0.1655,0.8204999999999998,0.2015,0.5662499999999999,0.18181628484192475,0.0235
2914,0.3695,0.0415,0.612,0.04744059405940594,0.0685,0.1775,0.7110959699134648,0.2735,0.343,0.319,0.0025
2915,0.099,0.03536543962378184,0.568,0.028500000000000004,0.1325,0.12177444987775062,0.5589999999999999,0.10699999999999998,0.5075000000000001,0.076,0.006500000000000001
2916,0.1085,0.042499999999999996,0.4215,0.016000000000000004,0.0225,0.15427444987775057,0.8745,0.0445,0.3395,0.27049999999999996,0.0
2917,0.2435,0.12150000000000001,0.579,0.03976888570675928,0.12050000000000001,0.16385410094637226,0.6116695309115137,0.17,0.4682500000000001,0.317,0.009000000000000001
2918,0.23349999999999999,0.1055,0.656,0.042962525008977584,0.071,0.17896266696266697,0.5572577985056963,0.13849999999999998,0.5792486254430192,0.2745969224012702,0.009
2919,0.11400000000000002,0.11699999999999999,0.5835,0.00947029702970297,0.026000000000000002,0.10898208617862286,0.8664999999999999,0.044,0.41125,0.2355,0.017
2920,0.07200000000000001,0.022000000000000002,0.7264999999999999,0.0385,0.05050000000000001,0.09649999999999999,0.8140000000000001,0.069,0.606,0.0735,0.006487349983782031
2921,0.23899999999999996,0.1645,0.30250000000000005,0.11181935832210406,0.20349999999999996,0.4665218390868361,0.3655491053701386,0.15150000000000002,0.4725,0.2167535119480933,0.0235
2922,0.365,0.23199999999999998,0.567,0.07380207273063756,0.0685,0.6637189533459334,0.7070683488460688,0.23900000000000002,0.45149999999999996,0.3478388704318937,0.0165
2923,0.188,0.082,0.6365,0.01292039203920392,0.033499999999999995,0.1932365055934738,0.7095668103448276,0.119,0.5067990295146789,0.17290396039603959,0.0025
2924,0.3765,0.06887807047949406,0.23350000000000004,0.07890211521152116,0.08850000000000001,0.1535,0.42773422966954017,0.178,0.7635,0.1565,0.0085
2925,0.0505,0.032,0.5015,0.05289376641745806,0.024,0.14027411477411475,0.945,0.035500000000000004,0.2514990646158407,0.11475320253345397,0.001
2926,0.2545,0.1055,0.548,0.039338844448670564,0.0875,0.10196795865557932,0.9569999999999999,0.10200000000000001,0.1664,0.631,0.0195
2927,0.39199999999999996,0.19747989093387866,0.6335000000000001,0.05449999999999999,0.15799999999999997,0.44754242264668803,0.5719206460888113,0.194,0.4313407318634238,0.34387260983362383,0.025500000000000002
2928,0.326,0.08744857820191831,0.718,0.09897029702970296,0.094,0.16645099976186667,0.9026909160892995,0.14350000000000002,0.5680902011318406,0.20433774834437085,0.0075
2929,0.12050000000000001,0.0245,0.5945,0.022000000000000002,0.048,0.19865542693293303,0.85,0.046,0.335,0.2147057657749832,0.002
2930,0.6020000000000001,0.17098663594470045,0.6970000000000001,0.07236144114987644,0.095,0.43985723680641337,0.1322358535958873,0.153,0.4917486248621028,0.4289245588097709,0.0155
2931,0.5535,0.06699999999999999,0.6234999999999999,0.027811498102474345,0.11949999999999998,0.11896266696266697,0.898,0.23899999999999996,0.5085,0.26949999999999996,0.0034999999999999996
2932,0.4485,0.0125,0.6744999999999999,0.05048469387755102,0.067,0.15677411477411476,0.8050668103448274,0.059,0.40666666666666673,0.14435083881882166,0.016
2933,0.693,0.0605,0.5780000000000001,0.051470297029702974,0.07250000000000001,0.1863555179385467,0.6880360021470715,0.33949999999999997,0.622,0.20883774834437085,0.001
2934,0.029500000000000005,0.04889954597048809,0.6855,0.0075000000000000015,0.031000000000000007,0.178,0.7300000000000001,0.043,0.44775,0.063,0.001
2935,0.036500000000000005,0.06498021828103684,0.8550000000000001,0.03185514286935286,0.12449999999999999,0.25599999999999995,0.1105,0.0325,0.8616662269129287,0.03636856368563686,0.001
2936,0.325,0.041999999999999996,0.556,0.025454990907253987,0.06499999999999999,0.12999999999999998,0.8619999999999999,0.026000000000000002,0.34025000000000005,0.3136877888224889,0.0025
2937,0.0985,0.08793590994123938,0.7134999999999999,0.05,0.0815,0.23877411477411478,0.6045,0.263,0.548,0.210403162055336,0.009999999999999998
2938,0.40700000000000003,0.11043590994123939,0.5385,0.3323724122412241,0.0905,0.11499999999999999,0.7580107007584218,0.10400000000000001,0.6202156961813455,0.1705,0.009
2939,0.0435,0.0315,0.5875,0.0615,0.08,0.32175784767923976,0.47318479321828144,0.072,0.5645,0.067,0.007493756161682549
2940,0.1655,0.073,0.5755,0.20544059405940596,0.0885,0.17117333703206952,0.9484999999999999,0.0435,0.5284161716171616,0.10374170874041047,0.01649375616168255
2941,0.087,0.029000000000000005,0.3275,0.01995499090725399,0.033499999999999995,0.1262744498777506,0.835,0.026500000000000003,0.2805,0.0655,0.0
2942,0.2225,0.14250000000000002,0.8135,0.04,0.1015,0.2643342902752529,0.7434074808636018,0.16899999999999998,0.6825,0.23409851908267748,0.006993593955321946
2943,0.11400000000000002,0.062,0.5195000000000001,0.07397029702970297,0.05500000000000001,0.1635603763440629,0.5170000000000001,0.018499999999999996,0.29450000000000004,0.07380712245137558,0.0025
2944,0.2415,0.192,0.6735,0.13294392523364487,0.085,0.17659746440736662,0.5950668824163969,0.061,0.7749999999999999,0.14700000000000002,0.004
2945,0.0445,0.0115,0.689,0.01597029702970297,0.0125,0.10977444987775062,0.7450000000000001,0.032,0.27175,0.05500000000000001,0.0025
2946,0.037,0.005,0.558,0.03400000000000001,0.006,0.0910485646518654,0.9690000000000001,0.015,0.2269161716171617,0.07640316205533597,0.0005
2947,0.133,0.1015,0.6085,0.0675,0.077,0.18426865105859774,0.753633764832794,0.08750000000000001,0.5269999999999999,0.13151660861738348,0.003999999999999999
2948,0.019,0.022,0.5805,0.07840907253990706,0.025,0.1302744498777506,0.866184865289851,0.009499999999999998,0.30849906461584065,0.06590316205533597,0.0015
2949,0.5389999999999999,0.23498021828103685,0.592,0.028869213170601822,0.0795,0.7072589491573884,0.8395493643796893,0.23249999999999998,0.5140828929986789,0.316949074172601,0.032
2950,0.0895,0.14299999999999996,0.553,0.036818135248345145,0.019,0.1682744498777506,0.7622358535958873,0.1315,0.4955,0.3625,0.0025
2951,0.3445,0.10848663594470045,0.6435000000000001,0.05928542765040827,0.087,0.179402945078069,0.7118088989627532,0.1365,0.5203333333333334,0.1456295938379331,0.0095
2952,0.14150000000000001,0.0625,0.6290000000000001,0.05,0.0895,0.2699798440382143,0.7635,0.217,0.483,0.183,0.004
2953,0.6210000000000001,0.05700000000000001,0.45150000000000007,0.0185,0.0395,0.049688552188552185,0.8965,0.328,0.44700000000000006,0.2645,0.009000000000000001
2954,0.066,0.0635,0.6515,0.055970297029702964,0.058499999999999996,0.20396266696266693,0.7996848652898508,0.047,0.41489968279143535,0.05700000000000001,0.0085
2955,0.24899999999999997,0.13497396768402153,0.6779999999999999,0.05027763026159567,0.0655,0.921,0.82935844829039,0.14400000000000002,0.5349,0.23501455656890613,0.011500000000000002
2956,0.1325,0.10188937750759841,0.532,0.0295,0.0875,0.228877946395738,0.6633431631621913,0.11350000000000002,0.4078333333333333,0.3471440724550428,0.0034999999999999996
2957,0.484,0.20842822384428222,0.6089999999999999,0.07328367895691634,0.20049999999999998,0.18182302158273383,0.864353836469341,0.185,0.48550000000000004,0.2967918454935622,0.0185
2958,0.12,0.078,0.7070000000000001,0.10495346588546402,0.11749999999999998,0.46956283941869403,0.4172636938017735,0.19549999999999998,0.40700000000000003,0.17630998442258766,0.016000000000000004
2959,0.14350000000000002,0.0625,0.6575,0.0075000000000000015,0.0305,0.11027444987775059,0.8926179828734538,0.05249999999999999,0.41500000000000004,0.13062834663496914,0.001
2960,0.17,0.0325,0.41550000000000004,0.016,0.0485,0.10127411477411478,0.8238943059932311,0.019000000000000003,0.335,0.2728377483443708,0.0
2961,0.32946761842959116,0.18846043656207367,0.658,0.06930980723000776,0.14550000000000002,0.6977414340535566,0.5142633671637707,0.16849999999999998,0.5485,0.2327857488546757,0.0315
2962,0.4805,0.5585000000000001,0.6074999999999999,0.14448469387755103,0.14450000000000002,0.17320848137257588,0.938,0.1355,0.20929122691292873,0.662,0.005987666342096722
2963,0.3995,0.1055,0.5145000000000001,0.02,0.1295,0.18485536259812216,0.8507359657469078,0.19649999999999998,0.44349999999999995,0.3949039603960396,0.053500000000000006
2964,0.26749999999999996,0.1005,0.5315,0.03944392523364486,0.101,0.3793816111777734,0.11158537005163512,0.119,0.6439999999999999,0.23030180537894362,0.0025
2965,0.5235000000000001,0.065,0.722,0.08934728929739835,0.05149999999999999,0.09796292890363538,0.9724999999999999,0.082,0.5325,0.13799999999999998,0.0045000000000000005
2966,0.2185,0.2565,0.40149999999999997,0.053470297029702976,0.15900000000000003,0.30195041381049065,0.555881832178599,0.16399999999999998,0.544499504950495,0.3113672457858958,0.014499999999999999
2967,0.017499999999999998,0.013500000000000002,0.5095000000000001,0.10967657513109086,0.053000000000000005,0.2067471327547509,0.7705,0.008499999999999999,0.19554166666666667,0.12183774834437086,0.0175
2968,0.258,0.11643079998255534,0.7050000000000001,0.065954990907254,0.10200000000000001,0.5037256801278536,0.4986844961193138,0.1335,0.5281661716171617,0.1441068984705957,0.008
2969,0.10899999999999999,0.03,0.619,0.02644392523364486,0.516,0.08627411477411477,0.9315,0.1305,0.4467486935416531,0.19719376034593425,0.0034999999999999996
2970,0.364,0.1044238845144357,0.6365000000000001,0.05974059375967298,0.128,0.17601135218839623,0.7807903370997377,0.0395,0.4672495602462622,0.06428574885467572,0.001
2971,0.3485,0.15198663594470047,0.737,0.09163907104140442,0.0885,0.5210810347060347,0.5944313815062354,0.1405,0.5656666666666667,0.21424830405459092,0.013500000000000002
2972,0.2955,0.21749999999999997,0.6265,0.09872811706285312,0.20600000000000002,0.3414545225864252,0.813,0.18449999999999997,0.5257903602083197,0.25484202164605535,0.017
2973,0.025500000000000002,0.031,0.5694999999999999,0.09523048775890773,0.07299999999999998,0.1533773663180728,0.7815,0.033,0.25450000000000006,0.10590316205533597,0.006
2974,0.152,0.04190377544831436,0.7424999999999999,0.03991422226334783,0.043,0.14119284485752093,0.8137358535958873,0.051000000000000004,0.5555,0.09899999999999999,0.004
2975,0.327,0.22440323597670447,0.728,0.06488361001844986,0.0855,0.4379213564005025,0.5890899143672693,0.20249999999999999,0.574124504950495,0.24542606387657284,0.01849371693121693
2976,0.2414676184295912,0.1365,0.6325000000000001,0.03830914147837353,0.094,0.302191254535522,0.5566116349750376,0.146,0.3205,0.36550000000000005,0.014000000000000002
2977,0.266,0.058499999999999996,0.5585,0.052327672869202216,0.043,0.10785410094637223,0.894381832178599,0.2395,0.484125,0.18279642997483572,0.0095
2978,0.3545,0.051500000000000004,0.48,0.05094392523364486,0.05,0.056189132266217356,0.8327577985056965,0.179,0.49700000000000005,0.2183071224513756,0.009493593955321945
2979,0.0865,0.059,0.6265,0.026500000000000003,0.0305,0.11039206534422404,0.8391179828734538,0.073,0.33649999999999997,0.185,0.0
2980,0.20550000000000002,0.13396194225721786,0.608,0.07489891614089886,0.0885,0.049,0.8378088989627533,0.16,0.6181666666666666,0.22350000000000003,0.005
2981,0.3385,0.0435,0.17400000000000002,0.028913312988746904,0.10600000000000001,0.2891707732092964,0.6047402804689889,0.23149999999999998,0.45491666666666664,0.3346357893327937,0.010493593955321946
2982,0.037500000000000006,0.039,0.681,0.03248469387755102,0.0185,0.2589026655982376,0.8320000000000001,0.0205,0.46584950495049504,0.11633774834437086,0.002
2983,0.007000000000000001,0.0035000000000000005,0.491,0.02,0.004,0.12354828850855748,0.899,0.0055,0.3001666666666667,0.039806324110671934,0.0005
2984,0.0395,0.0305,0.6335,0.025970297029702973,0.009999999999999998,0.144,0.8761179828734539,0.019999999999999997,0.49483333333333335,0.04340316205533597,0.0005
2985,0.0055,0.0045000000000000005,0.4385,0.025,0.018,0.1105,0.9165000000000001,0.0005,0.306,0.096,0.003
2986,0.387,0.1825,0.718,0.21797029702970297,0.0855,0.22782486291741777,0.5570789340823266,0.0955,0.75,0.11599999999999999,0.016984040829739717
2987,0.341,0.16225086573530437,0.6325000000000001,0.03692937550645449,0.098,0.324245117129989,0.8251848652898509,0.14450000000000002,0.5158750000000001,0.28582150065558176,0.0375
2988,0.16949999999999998,0.12000000000000002,0.5834999999999999,0.056869969565860434,0.095,0.14401823692390797,0.458,0.129,0.544,0.3440739414600214,0.006500000000000001
2989,0.064,0.034,0.6405000000000001,0.026470297029702973,0.056999999999999995,0.09077383863080685,0.8404999999999999,0.037,0.34550000000000003,0.20630632411067196,0.0025
2990,0.24299999999999997,0.2555,0.724,0.041769365132700687,0.11600000000000002,0.3251270572003335,0.611881832178599,0.20550000000000002,0.555875,0.30255635250812574,0.016
2991,0.287,0.1724099150302276,0.457,0.05895499090725399,0.072,0.23139225393127552,0.5795944140372976,0.19849999999999998,0.41491622691292884,0.23152807500397862,0.006500000000000001
2992,0.1665,0.1365,0.6375,0.028500000000000004,0.0735,0.29054291507589286,0.6911645398981957,0.07100000000000001,0.3448333333333333,0.1375,0.02
2993,0.0015,0.014500000000000002,0.47750000000000004,0.013970297029702969,0.033499999999999995,0.10127444987775061,0.8779999999999999,0.0005,0.25083333333333335,0.09590316205533597,0.0005
2994,0.4305,0.174,0.6479999999999999,0.07480980723000777,0.14000000000000004,0.2365,0.6446848652898508,0.4415,0.45374857014725223,0.3341092502261306,0.006500000000000001
2995,0.41800000000000004,0.12785853658536586,0.6305,0.025484693877551017,0.1595,0.15869889641283283,0.6795,0.101,0.49833333333333335,0.2532905982905983,0.02
2996,0.18,0.041,0.608,0.045000000000000005,0.075,0.09902019350845456,0.8686909160892995,0.05449999999999999,0.4561662269129288,0.14652059841373127,0.013500000000000002
2997,0.0105,0.017499999999999998,0.5245,0.07998469387755103,0.0155,0.08049999999999999,0.8672375852650616,0.0055,0.3794990099009901,0.19179184549356224,0.002
2998,0.10350000000000001,0.0405,0.46449999999999997,0.055484693877551026,0.0465,0.1842744498777506,0.7785,0.0685,0.48583333333333334,0.13130632411067195,0.0015
2999,0.357,0.2534604365620737,0.6980000000000001,0.06485481632275378,0.10149999999999999,0.952,0.5160840171853776,0.16949999999999998,0.50975,0.25549999999999995,0.037
3000,0.1715,0.0955,0.5005,0.05650000000000001,0.0375,0.1308164917657313,0.9144268818362071,0.08299999999999999,0.3825,0.37350000000000005,0.0055
3001,0.2565,0.1115,0.6295,0.0775,0.05850000000000001,0.1926888141295206,0.8387358535958873,0.06949999999999999,0.35724999999999996,0.12774091039970684,0.0075
3002,0.1975,0.128,0.7115,0.032,0.1265,0.21928010507897783,0.755066882416397,0.1395,0.5240412269129288,0.1992046436874604,0.0005
3003,0.133,0.07228651260481316,0.89,0.15610774045815087,0.11949999999999998,0.241412224808958,0.945,0.10599999999999998,0.5850408559930474,0.06790316205533597,0.0035000000000000005
3004,0.45549999999999996,0.173,0.6359999999999999,0.052353907048152834,0.083,0.30703837095457087,0.7450668824163971,0.2205,0.4805,0.2917417087404105,0.026999999999999996
3005,0.279,0.06397396768402155,0.552,0.020954990907253994,0.032,0.12014428020565553,0.5820668824163969,0.1355,0.29475,0.489158162055336,0.0005
3006,0.055499999999999994,0.0645,0.5835,0.035,0.019999999999999997,0.13332301452961598,0.735,0.017,0.35858333333333337,0.19649999999999998,0.001
3007,0.4455,0.20099999999999998,0.6104999999999999,0.062298741556398626,0.1395,0.35533531976411953,0.41973479584815215,0.0795,0.3782495596653456,0.391021912316012,0.0105
3008,0.2955,0.051000000000000004,0.604,0.03548469387755102,0.1045,0.3261888141295206,0.7586179828734538,0.092,0.28191622691292884,0.1474791854537908,0.02949999999999999
3009,0.267,0.15742926829268292,0.641,0.058943925233644855,0.0895,0.41418855218855216,0.857117982873454,0.19349999999999998,0.491249504950495,0.3084039603960396,0.0095
3010,0.3115,0.20548021828103682,0.679,0.05048469387755102,0.17149999999999999,0.9003227120268328,0.5283239312207867,0.1345,0.48950000000000005,0.22000000000000003,0.0165
3011,0.3345000000000001,0.203,0.6595,0.08479533169493464,0.043,0.21878717856428515,0.8583553831905683,0.1305,0.5341982172566093,0.27444579871397445,0.0045000000000000005
3012,0.0155,0.0345,0.5465,0.061,0.0305,0.0995,0.9785,0.0025,0.46049999999999996,0.058849551552053694,0.0005
3013,0.2965,0.22996133682830927,0.6825,0.1070948562353399,0.071,0.15116226453838344,0.796,0.1335,0.511699133295391,0.21139376753690636,0.017499999999999998
3014,0.48650000000000004,0.20442388451443572,0.5955,0.08784477506699355,0.127,0.3952834532372901,0.45801501548050305,0.075,0.4441662263320123,0.36838462804200434,0.024
3015,0.21399999999999997,0.04080069712362054,0.7389999999999999,0.06347029702970297,0.065,0.15477444987775063,0.7945,0.053000000000000005,0.5625,0.1125,0.004
3016,0.723,0.17948663594470046,0.719,0.053233492386547565,0.096,0.4207075731024939,0.11349376425260413,0.10300000000000001,0.45166573186342374,0.3853079207920792,0.012
3017,0.364,0.12589954597048808,0.7394999999999999,0.03931813524834514,0.0405,0.14636527693710016,0.8085466691757622,0.095,0.47625,0.2975,0.017
3018,0.387,0.028999999999999998,0.6104999999999999,0.069454990907254,0.09,0.06477411477411478,0.7464426637955472,0.1665,0.37133289299867894,0.2683063241106719,0.006
3019,0.305,0.019000000000000003,0.5065000000000001,0.04898469387755102,0.05450000000000001,0.1265,0.8140000000000001,0.021,0.2638333333333333,0.15640316205533597,0.007000000000000001
3020,0.35749999999999993,0.26846685422573724,0.625,0.04875706363789154,0.062,0.6861562044828347,0.7415683488460689,0.217,0.42424999999999996,0.38463530040672944,0.017475354234385183
3021,0.045,0.014500000000000002,0.47450000000000003,0.13922811706285312,0.052000000000000005,0.1645,0.8545,0.0015,0.2477916666666667,0.10523747671338032,0.01
3022,0.217,0.15091698207630416,0.6775,0.06693690960817808,0.15099999999999997,0.3586437740693197,0.245535838150289,0.15,0.5288996827914354,0.24163409099595418,0.0095
3023,0.4755,0.062442160538254673,0.48249999999999993,0.011,0.1275,0.11106100113890224,0.716684865289851,0.27199999999999996,0.40499999999999997,0.39684758580014573,0.026000000000000002
3024,0.081,0.017,0.4845,0.003,0.0465,0.13828536478716022,0.6370000000000001,0.1125,0.19449999999999998,0.027403960396039605,0.0015
3025,0.3505,0.1153995459704881,0.6359999999999999,0.04294392523364486,0.10800000000000001,0.300685997820155,0.8696909160892995,0.1585,0.372,0.3293388704318937,0.02
3026,0.1085,0.07482881426317102,0.6950000000000001,0.0654743845992005,0.07200000000000001,0.1698923104588824,0.8616909160892995,0.05299999999999999,0.6679999999999999,0.07626254739412633,0.0035000000000000005
3027,0.183,0.039,0.653,0.035500000000000004,0.029000000000000005,0.11027411477411478,0.922,0.067,0.526,0.08529059829059829,0.0005
3028,0.5349999999999999,0.08096194225721784,0.6925,0.0185,0.044,0.15642059953066237,0.6695668824163971,0.16,0.42333333333333334,0.3448388704318937,0.0025
3029,0.5275000000000001,0.11027201264551063,0.649,0.0595,0.08499999999999999,0.19748287562652203,0.6935216208381328,0.184,0.568,0.22749999999999998,0.0155
3030,0.019,0.010273315145617072,0.4495,0.05292861911119588,0.01,0.1585,0.8851909160892995,0.020500000000000004,0.3575,0.10770948616600791,0.0
3031,0.281,0.1945,0.5545,0.08323259458010165,0.083,0.22132334963325184,0.7975666974684497,0.125,0.36801666666666666,0.3509629349470499,0.047
3032,0.05450000000000001,0.0095,0.481,0.0608490111503998,0.010000000000000002,0.10477411477411477,0.982,0.028000000000000004,0.2894990099009901,0.06996225304713685,0.006500000000000001
3033,0.47800000000000004,0.25348021828103684,0.5125,0.050419482764602994,0.06,0.704067678677299,0.7037004901995051,0.307,0.44499950495049506,0.38836689534308955,0.027500000000000004
3034,0.0035000000000000005,0.003,0.5625,0.03398469387755102,0.0085,0.12977411477411477,0.946,0.0005,0.36483234323432345,0.0335,0.006
3035,0.3305,0.1322174645937116,0.751,0.0805,0.12,0.42249675499588496,0.3576581632653061,0.186,0.47750000000000004,0.328,0.015493756161682548
3036,0.044967618429591176,0.037000000000000005,0.6005,0.01997979797979798,0.026000000000000002,0.175,0.9145,0.025500000000000002,0.52325,0.07335083881882162,0.0035000000000000005
3037,0.211,0.11673523526930105,0.6775,0.0205,0.12250000000000001,0.08399999999999999,0.77815841630182,0.1115,0.5939157318634238,0.1297846267671529,0.009
3038,0.072,0.1015,0.9135,0.038434788887051964,0.10800000000000001,0.22954795340492162,0.6411178707224335,0.11950000000000001,0.4305,0.48479059829059823,0.017
3039,0.024,0.045,0.6214999999999999,0.008,0.07250000000000001,0.1635210842352297,0.7357032648541966,0.062,0.5417995245641838,0.10497167630057802,0.0015
3040,0.5625,0.6789613368283093,0.8629999999999999,0.10466265640376719,0.1285,0.4390906566963425,0.715993617394074,0.49750000000000005,0.37174999999999997,0.085,0.012
3041,0.1955,0.0185,0.52,0.041470297029702965,0.05,0.17650000000000002,0.8275,0.02,0.26,0.18161424490275113,0.0
3042,0.258,0.099,0.7125,0.03068156861468021,0.10999999999999999,0.2735112709433402,0.8584999999999999,0.14049999999999999,0.4623064078501641,0.1438079207920792,0.003
3043,0.039,0.012,0.534,0.047327778775061426,0.025,0.11085410094637224,0.953,0.0095,0.20683333333333334,0.143850040478118,0.0125
3044,0.2375,0.0719613368283093,0.7934999999999999,0.12626359388275277,0.1275,0.19849999999999998,0.9199999999999999,0.10600000000000001,0.47408058363845534,0.1655,0.003
3045,0.30500000000000005,0.1365,0.6955,0.0315,0.1515,0.3094707243229956,0.296,0.2625,0.5269999999999999,0.270403162055336,0.013500000000000002
3046,0.008,0.0015,0.471,0.034,0.0015,0.1135,0.9605,0.012,0.3955,0.07040316205533596,0.0005
3047,0.356,0.12146133682830931,0.704,0.08184901115039979,0.069,0.8415482885085573,0.8381847932182815,0.1115,0.5160491193306914,0.2445249282744268,0.017
3048,0.1035,0.0325,0.507,0.05098469387755102,0.05600000000000001,0.0925,0.808,0.0025,0.23075,0.20790316205533593,0.006
3049,0.128,0.13,0.6505,0.055884519293050806,0.10049999999999999,0.15399744478408486,0.38811798287345384,0.183,0.5138995602462622,0.2424684642698268,0.0035000000000000005
3050,0.2185,0.15599999999999997,0.6165,0.08688451929305081,0.12,0.10488197712373826,0.8150000000000001,0.11850000000000001,0.4879575219244914,0.24169116685108188,0.02098734587929916
3051,0.004,0.0095,0.531,0.07613787449476524,0.026000000000000002,0.101,0.9282404654169361,0.0005,0.21083333333333334,0.09,0.008
3052,0.2845,0.08440844212531907,0.5609999999999999,0.05344059405940593,0.12100000000000002,0.11568881412952062,0.7801178707224334,0.0995,0.28549906519675716,0.4867881449100856,0.0069935918501478804
3053,0.2605,0.11639121054990079,0.758,0.038,0.1335,0.051000000000000004,0.5388335903334728,0.14250000000000002,0.519,0.1549420991112858,0.011
3054,0.322,0.1165,0.603,0.04598469387755102,0.11850000000000001,0.181424225142054,0.8882359657469076,0.2105,0.47974950495049506,0.295703181490513,0.009
3055,0.05800000000000001,0.053500000000000006,0.5985,0.008,0.0665,0.1395,0.751,0.08549999999999999,0.3715,0.209,0.001493593955321945
3056,0.03150000000000001,0.0095,0.4535,0.14143643541763956,0.053500000000000006,0.10800000000000001,0.77,0.017,0.1961578382838284,0.10444687842278204,0.0045
3057,0.3545,0.194,0.6555,0.10559630899075859,0.139,0.2838186043235057,0.6991909160892995,0.17900000000000002,0.456375,0.36214407245504276,0.0305
3058,0.11199999999999999,0.039,0.6895,0.052500000000000005,0.626,0.09668913226621736,0.943,0.07200000000000001,0.5604573432343235,0.09169376034593427,0.012
3059,0.038,0.013500000000000002,0.3195,0.05,0.009,0.10300000000000001,0.6839999999999999,0.0045,0.189,0.0805,0.0005
3060,0.07999999999999999,0.022,0.6234999999999999,0.044,0.048,0.13454822954822954,0.8366179828734538,0.0335,0.3546666666666667,0.10640316205533595,0.0055000000000000005
3061,0.387,0.20435128573323275,0.6185,0.059719095538699515,0.0695,0.4636492303217491,0.722,0.1375,0.47750000000000004,0.3462420324872297,0.026993756161682547
3062,0.3975,0.27948021828103686,0.7110000000000001,0.07347029702970298,0.1335,0.38166693239523314,0.5377358535958873,0.1605,0.576,0.219,0.026989576203482135
3063,0.194,0.066,0.675,0.035,0.06899999999999999,0.27778564093046815,0.6619892208202891,0.0695,0.40083333333333326,0.14100000000000001,0.010499999999999999
3064,0.275,0.1485,0.7895000000000001,0.049984693877551015,0.13799999999999998,0.3224062883581986,0.6200368535308041,0.12249999999999998,0.534,0.25921477993146136,0.022500000000000003
3065,0.1095,0.127,0.6615,0.05,0.0405,0.17381704738887058,0.8734999999999999,0.053000000000000005,0.40750000000000003,0.23696328538985617,0.003
3066,0.1275,0.041999999999999996,0.49399999999999994,0.21742528793695698,0.041,0.23809142410395379,0.8949999999999999,0.018,0.30441578599735797,0.23052894669581145,0.0
3067,0.4085,0.15094216053825468,0.743,0.07297029702970298,0.123,0.8759627394395174,0.587638091718504,0.096,0.484,0.17998261914011732,0.0235
3068,0.3255,0.1884161282222762,0.7390000000000001,0.12231767881093761,0.14150000000000001,0.7387320473421102,0.5427940093872348,0.0925,0.5229162950115626,0.3579944223478001,0.019999999999999997
3069,0.5285,0.061,0.7565000000000001,0.0703111158593305,0.118,0.19435387045813585,0.8162359657469077,0.07550000000000001,0.6472070262940699,0.1241440724550428,0.0125
3070,0.177,0.0075000000000000015,0.7325,0.06648469387755102,0.028500000000000004,0.10204822954822954,0.9359999999999999,0.0155,0.4023333333333333,0.15244687842278204,0.013000000000000001
3071,0.615,0.14250000000000002,0.6405,0.04697029702970297,0.1115,0.24309785330920924,0.8279268818362071,0.178,0.5580541712220122,0.20550950560118492,0.023
3072,0.337,0.139,0.7455,0.07874459611705972,0.1565,0.1802744498777506,0.8414999999999999,0.047,0.5563333333333332,0.17429691890090004,0.0085
3073,0.321,0.28446133682830926,0.767,0.0405,0.10699999999999998,0.45247486607283927,0.36942688183620714,0.26749999999999996,0.4237662269129288,0.23899999999999996,0.0095
3074,0.356,0.10865152770088315,0.47750000000000004,0.028999999999999998,0.0895,0.31657962544292617,0.9369999999999999,0.033,0.6725,0.19633887043189371,0.0035000000000000005
3075,0.21200000000000002,0.17750000000000002,0.615,0.06628092354441173,0.0915,0.23720397981585975,0.7512359657469078,0.179,0.584,0.3496078057427964,0.029500000000000005
3076,0.15399999999999997,0.019,0.532,0.05945499090725399,0.0455,0.16,0.913,0.0055000000000000005,0.21116666666666664,0.111350040478118,0.013500000000000002
3077,0.006500000000000001,0.026500000000000003,0.5584999999999999,0.052000000000000005,0.044000000000000004,0.09,0.961,0.04,0.33799999999999997,0.05650000000000001,0.0025
3078,0.042,0.2752546485408017,0.8545,0.19097029702970297,0.0965,0.23096265276032746,0.7150000000000001,0.0205,0.6489999999999999,0.1025,0.005996858465608466
3079,0.194,0.031,0.6365000000000001,0.0385,0.027500000000000004,0.1870485646518654,0.8860000000000001,0.133,0.321,0.14949999999999997,0.0055
3080,0.36900000000000005,0.026500000000000003,0.5115,0.030425287936956962,0.082,0.14073678173678172,0.8986909160892995,0.1015,0.4104995596653457,0.18321112982271126,0.014499999999999999
3081,0.32799999999999996,0.04305841990270122,0.5295,0.051865881996362904,0.1035,0.33697973023336647,0.9570000000000001,0.023,0.5826662269129288,0.1649039603960396,0.002
3082,0.2465,0.123,0.49000000000000005,0.07998469387755101,0.044,0.15499999999999997,0.7251179828734539,0.075,0.7475,0.11200000000000002,0.0015
3083,0.3065,0.063,0.5915,0.09048717153106231,0.189,0.188,0.8691178707224335,0.0795,0.5181990298911126,0.1711857851303542,0.014000000000000002
3084,0.174,0.08044500632111251,0.5905,0.07356351259320285,0.0925,0.1462741147741148,0.5910944140372976,0.13899999999999998,0.4373333333333333,0.31913585945722006,0.0025
3085,0.1275,0.20698021828103683,0.8055,0.15661770435616934,0.23900000000000002,0.6329235410706762,0.5447318508871313,0.144,0.322,0.053500000000000006,0.018500000000000003
3086,0.48199999999999993,0.0725,0.6305,0.030984693877551022,0.0735,0.1378220681790364,0.9075000000000001,0.15900000000000003,0.48012499999999997,0.20062834663496915,0.008
3087,0.11950000000000001,0.029000000000000005,0.656,0.07587534488955487,0.013500000000000002,0.08449999999999999,0.8422577985056965,0.0125,0.37825000000000003,0.084350040478118,0.0055
3088,0.1505,0.14692405497173355,0.5319999999999999,0.09824461022807852,0.051000000000000004,0.23627411477411475,0.5852825502229215,0.3715,0.5067055836384554,0.19863524578229494,0.006
3089,0.4285,0.20599999999999996,0.5745,0.053335332640907326,0.14450000000000002,0.21237461958972975,0.5179763190128233,0.2325,0.404,0.3929632853898562,0.02649677526045973
3090,0.0185,0.0155,0.77,0.114954990907254,0.062,0.12177411477411478,0.9324999999999999,0.0055,0.3715,0.05679059829059828,0.0005
3091,0.348,0.14992205147213336,0.726,0.031236026700686,0.05,0.37951129057486027,0.8008088989627533,0.096,0.40275,0.14950000000000002,0.006
3092,0.0395,0.0415,0.5065,0.0815,0.038,0.086,0.9195,0.037,0.4806662269129288,0.1584039603960396,0.005
3093,0.008,0.013500000000000002,0.4995,0.038,0.0015,0.10668913226621737,0.9305,0.004,0.342,0.10300000000000001,0.001
3094,0.0505,0.05,0.58,0.027410891089108914,0.0005,0.14550000000000002,0.8547359657469077,0.07,0.4960490298911126,0.08480248712521458,0.004
3095,0.2705,0.125,0.724,0.05375125846553758,0.052500000000000005,0.9494999999999999,0.8686179828734538,0.15,0.5529828929986791,0.2613645970470241,0.01
3096,0.221,0.10899999999999999,0.6799999999999999,0.06639558496665993,0.1255,0.21751181169219752,0.24411798287345388,0.1295,0.535749504950495,0.12866022092362636,0.013999999999999999
3097,0.0115,0.013500000000000002,0.6565000000000001,0.0355,0.0165,0.15965206116985273,0.8960000000000001,0.0165,0.43249999999999994,0.07,0.0005
3098,0.025500000000000002,0.052500000000000005,0.6435000000000001,0.025,0.040499999999999994,0.1165,0.876,0.008499999999999999,0.2525,0.22400000000000003,0.002
3099,0.08549999999999999,0.0895,0.779,0.06630889795540683,0.091,0.14535410094637227,0.7797762807457943,0.0885,0.6719999999999999,0.1385,0.0055
3100,0.483,0.033,0.5685,0.058499999999999996,0.063,0.23146358214396798,0.7663088989627533,0.12,0.48324999999999996,0.10240316205533598,0.0005
3101,0.18800000000000003,0.2004613368283093,0.739,0.07643282203868054,0.101,0.4663716404505488,0.5676023436036857,0.096,0.5374661716171617,0.19398097597598438,0.0155
3102,0.255,0.205,0.774,0.0665,0.15,0.3910487083366068,0.5992341175185197,0.154,0.58025,0.20159387043189367,0.017
3103,0.0075,0.0205,0.5589999999999999,0.032,0.022,0.11373769691808275,0.9260000000000002,0.0055,0.24300000000000002,0.23399999999999999,0.013496775260459731
3104,0.254,0.07646194225721785,0.626,0.0195,0.05449999999999999,0.08807798600389287,0.7964268818362072,0.1655,0.6104999999999999,0.24959692240127024,0.006
3105,0.3,0.07829679274003679,0.31050000000000005,0.06545499090725398,0.12799999999999997,0.2908009828573752,0.9324999999999999,0.0875,0.4962912269129287,0.24468970925071534,0.009
3106,0.178,0.1984159042373834,0.764,0.0315,0.0885,0.2573773663180728,0.5535463287244433,0.1125,0.59175,0.10899999999999999,0.0055000000000000005
3107,0.008000000000000002,0.008499999999999999,0.4375,0.013970297029702969,0.02,0.1297744498777506,0.8825,0.0,0.2783333333333333,0.07890316205533597,0.0
3108,0.176,0.187,0.7625,0.046459987751352454,0.0855,0.3400527973544302,0.5203436276093996,0.1075,0.6201662269129288,0.24669580588960188,0.02599359185014788
3109,0.349,0.07792822384428223,0.6535,0.0595,0.17450000000000002,0.24785478096436409,0.6326179828734538,0.156,0.4888328382838284,0.2954719491035281,0.018
3110,0.10899999999999999,0.11926128971881338,0.6359999999999999,0.14944059405940593,0.151,0.4468433281951797,0.20923724481374278,0.10300000000000001,0.44000000000000006,0.25749999999999995,0.007496775260459732
3111,0.35650000000000004,0.11913636551538835,0.6245,0.06994392523364487,0.139,0.27971527551400927,0.1615,0.19749999999999998,0.5325,0.21296293494704993,0.0115
3112,0.2945,0.284,0.6895,0.0325,0.061,0.13324686294368615,0.8209999161835707,0.08650000000000001,0.4095,0.3595,0.0095
3113,0.4425,0.14650000000000002,0.681,0.05193028478105542,0.1855,0.23762793957717906,0.876270235341486,0.198,0.425,0.42250000000000004,0.016
3114,0.4185,0.1605,0.6675,0.030203789416250536,0.08349999999999999,0.10518855218855219,0.894617982873454,0.1255,0.2870416666666667,0.3755480328510824,0.020990369215781672
3115,0.087,0.1125,0.732,0.03847029702970297,0.05,0.20400000000000001,0.6636178707224334,0.0215,0.8215,0.09840316205533597,0.007000000000000001
3116,0.7765000000000001,0.0105,0.49850000000000005,0.049,0.019,0.16973678173678172,0.771,0.2515,0.33049999999999996,0.194,0.0
3117,0.025,0.022500000000000003,0.5905,0.034,0.014500000000000002,0.17746358214396799,0.9935,0.005,0.3143333333333333,0.051903162055335975,0.0005
3118,0.519,0.064,0.44800000000000006,0.02997029702970297,0.013000000000000001,0.07746266696266697,0.9349999999999999,0.13799999999999998,0.41899999999999993,0.3215,0.0015
3119,0.0335,0.0085,0.5269999999999999,0.045969387755102044,0.026500000000000003,0.19159121778678984,0.9324999999999999,0.0045,0.23083333333333336,0.088,0.0015
3120,0.3315,0.13542926829268292,0.621,0.05944392523364487,0.1,0.30655715627325725,0.8211909160892995,0.15950000000000003,0.462,0.2535,0.0295
3121,0.178,0.10385059593934734,0.7699999999999999,0.045,0.10800000000000001,0.15851156671816818,0.734,0.175,0.5900000000000001,0.18640396039603963,0.006500000000000001
3122,0.0955,0.028500000000000004,0.4325,0.02344059405940594,0.0485,0.14950000000000002,0.6835,0.1,0.5795,0.04744687842278204,0.0005
3123,0.43899999999999995,0.025,0.514,0.05650000000000001,0.025500000000000002,0.089,0.9644999999999999,0.052500000000000005,0.4955,0.20350000000000001,0.002
3124,0.15,0.22976376458068026,0.799,0.035411483757482966,0.085,0.24237468564432252,0.6679999999999999,0.0915,0.4455,0.2599577290272112,0.004
3125,0.1315,0.12679860822681915,0.783,0.013500000000000002,0.071,0.25565179922888437,0.5675000000000001,0.0695,0.4035,0.229,0.0055
3126,0.538,0.013500000000000002,0.48650000000000004,0.025,0.0245,0.15554327029310366,0.8860000000000001,0.30999999999999994,0.24175,0.23390316205533596,0.004
3127,0.027000000000000003,0.0195,0.538,0.0165,0.0034999999999999996,0.123,0.7735000000000001,0.014500000000000002,0.35350000000000004,0.1105,0.0005
3128,0.277,0.0115,0.635,0.18547029702970297,0.044,0.19340243511000127,0.8681179828734539,0.0205,0.379,0.0905,0.0025
3129,0.0925,0.14400000000000002,0.7914999999999999,0.051370448991801834,0.142,0.3474320596217009,0.5804046846536284,0.147,0.6495,0.09550000000000002,0.012
3130,0.0875,0.16799999999999998,0.82,0.020499999999999997,0.089,0.15464377406931964,0.7511178707224335,0.2875,0.5935,0.2924039603960396,0.0055
3131,0.0795,0.14037142883093762,0.5175000000000001,0.0832867666081886,0.073,0.3097852732259797,0.6827359657469076,0.0655,0.4457486254430192,0.16794911520076788,0.004999999999999999
3132,0.2045,0.1998995459704881,0.627,0.09070617379453336,0.197,0.2340783245867734,0.7406178707224335,0.0945,0.4686161916072843,0.1994039603960396,0.011000000000000001
3133,0.13199999999999998,0.033499999999999995,0.5235000000000001,0.0338082044495906,0.0625,0.28096239081935903,0.7949999999999999,0.052500000000000005,0.24549999999999997,0.1782094861660079,0.001
3134,0.08199999999999999,0.029500000000000005,0.25949999999999995,0.024954990907253994,0.033499999999999995,0.1252744498777506,0.8264999999999999,0.026500000000000003,0.293,0.0645,0.0
3135,0.025,0.053500000000000006,0.5599999999999999,0.13535814749699268,0.040999999999999995,0.07185410094637223,0.804668966771297,0.0245,0.4178741199116078,0.27191082307230113,0.0
3136,0.1355,0.089,0.7705,0.04392528793695696,0.1705,0.24000000000000005,0.4895541519120547,0.1,0.6749157318634238,0.1161339605191726,0.019
3137,0.39249999999999996,0.095,0.6399999999999999,0.045,0.065,0.19427383863080686,0.916,0.14150000000000001,0.38849999999999996,0.29369424897246366,0.00548734801183043
3138,0.18149999999999997,0.0225,0.5974999999999999,0.01847029702970297,0.014500000000000002,0.24608321074646403,0.5145,0.05550000000000001,0.46958333333333335,0.13699999999999998,0.0025
3139,0.49049999999999994,0.22599999999999998,0.8055,0.23267242094157412,0.11699999999999999,0.19956224169880374,0.7191179828734539,0.10200000000000001,0.731,0.17383774834437085,0.0075000000000000015
3140,0.32449999999999996,0.0325,0.666,0.06138361001844987,0.1115,0.12654822954822956,0.8885,0.12400000000000003,0.72025,0.13615636458878994,0.00249069235793599
3141,0.706,0.0365,0.5875,0.0385,0.064,0.06477411477411478,0.7571848652898507,0.124,0.57205,0.1597905982905983,0.0015
3142,0.195,0.12688632457610957,0.6195000000000002,0.07350000000000001,0.07350000000000001,0.12027383863080683,0.8808495173390668,0.1975,0.608,0.26749999999999996,0.003999999999999999
3143,0.11200000000000002,0.0615,0.5035000000000001,0.031,0.302,0.1395,0.894630234761296,0.05700000000000001,0.46175,0.15821535614909968,0.011000000000000001
3144,0.198,0.041499999999999995,0.673,0.053500000000000006,0.0475,0.06822360557768925,0.8387004623012437,0.1135,0.6198328929986789,0.14174091039970685,0.009499999999999998
3145,0.5960000000000001,0.24500000000000002,0.638,0.12935814749699268,0.10700000000000001,0.3525059001752565,0.5818583361393694,0.1055,0.48754166666666665,0.24643810367520266,0.006
3146,0.40449999999999997,0.1863940123292234,0.683,0.055999999999999994,0.11850000000000001,0.2853922539312755,0.7504377452044035,0.144,0.515,0.225,0.026500000000000003
3147,0.41900000000000004,0.10599999999999998,0.7674999999999998,0.05693028478105542,0.11400000000000002,0.16992591400299908,0.7108028481633046,0.18050000000000002,0.603374504950495,0.1845,0.0155
3148,0.19549999999999998,0.0355,0.799,0.02611187996064531,0.083,0.4195893479177605,0.2205,0.0205,0.33187314319638106,0.5660237429072361,0.003
3149,0.331,0.20435143273460707,0.6045,0.08521489751219632,0.11099999999999999,0.478597036424076,0.4872014561131645,0.197,0.5446,0.2231265369654331,0.032
3150,0.082,0.053500000000000006,0.6355000000000002,0.0305,0.016999999999999998,0.077,0.944,0.07050000000000001,0.4415,0.19340396039603963,0.0015
3151,0.3875,0.2695,0.6775,0.07688027884421095,0.13099999999999998,0.36792351934523093,0.5903493926330887,0.179,0.5145000000000001,0.27344687842278204,0.0195
3152,0.0655,0.0295,0.7185,0.056499999999999995,0.058499999999999996,0.08877411477411477,0.9674268818362073,0.030000000000000006,0.4144166666666667,0.14379059829059831,0.0005
3153,0.0195,0.0295,0.45599999999999996,0.015,0.0215,0.18390294507806904,0.869,0.013000000000000001,0.24,0.093,0.0
3154,0.08349999999999999,0.09483956459891964,0.8880000000000001,0.03832141264558167,0.12250000000000001,0.42404370166870164,0.101,0.066,0.2819166666666667,0.5215811965811966,0.003
3155,0.523,0.19,0.6039999999999999,0.05645673076923078,0.08349999999999999,0.10262935656935354,0.8363051706551907,0.3015,0.4875,0.31762409585663554,0.0185
3156,0.05550000000000001,0.051500000000000004,0.7515,0.03147029702970297,0.14500000000000002,0.16227444987775064,0.741,0.02,0.5125,0.161,0.003
3157,0.31796761842959115,0.21800000000000003,0.68,0.06332844452669566,0.1445,0.35314314041167644,0.5902996147888975,0.1065,0.388625,0.39093074813325024,0.035
3158,0.153,0.1334191778264338,0.7444999999999999,0.09694059405940594,0.10899999999999999,0.5013656583718504,0.37656688241639696,0.15200000000000002,0.5647857142857144,0.1557535119480933,0.009
3159,0.45499999999999996,0.0955,0.559,0.07247029702970297,0.13899999999999998,0.31789885514478866,0.6026909160892995,0.20500000000000002,0.3435,0.25,0.01746616651438717
3160,0.044,0.024999999999999998,0.4715,0.0305,0.03,0.1495,0.7327359657469077,0.036500000000000005,0.334,0.13090316205533598,0.0005
3161,0.5900000000000001,0.0885,0.667,0.11231930818010276,0.094,0.13885387045813585,0.9034006177961237,0.17350000000000002,0.6144166666666667,0.23424281947155348,0.0215
3162,0.421,0.0305,0.48999999999999994,0.020954990907253994,0.067,0.1366885521885522,0.9179999999999999,0.13449999999999998,0.2705,0.2435,0.004
3163,0.0665,0.0435,0.6134999999999999,0.04793652874902875,0.02,0.14350000000000002,0.8310987287593787,0.0195,0.32649999999999996,0.2822420324872296,0.006990369215781678
3164,0.0235,0.0175,0.44749999999999995,0.042,0.014499999999999999,0.11877411477411477,0.9245000000000001,0.013000000000000001,0.3985,0.194,0.0005
3165,0.30799999999999994,0.184,0.6705,0.06945009500950095,0.051000000000000004,0.4038285867443293,0.8343088989627534,0.236,0.45716622691292874,0.3397896921224586,0.010499999999999999
3166,0.013000000000000001,0.035500000000000004,0.6265,0.026500000000000003,0.019,0.151,0.9254999999999999,0.006999999999999999,0.355,0.041999999999999996,0.0005
3167,0.2925,0.20549999999999996,0.6625,0.0543303738537119,0.09,0.3318541009463722,0.8576848652898509,0.181,0.48308239794917407,0.32136609700238583,0.0075000000000000015
3168,0.0775,0.089,0.7915000000000001,0.006500000000000001,0.0955,0.20061417584590382,0.36450000000000005,0.0795,0.5915,0.0875,0.001
3169,0.371,0.30386654285714637,0.6729999999999999,0.045979797979797975,0.08199999999999999,0.28644472894716844,0.6557359657469076,0.2165,0.40299911991160775,0.374,0.043
3170,0.024,0.001,0.46449999999999997,0.037984693877551025,0.019500000000000003,0.08627411477411476,0.9255000000000001,0.0005,0.1913333333333333,0.13775400087415762,0.012
3171,0.25,0.041499999999999995,0.6545,0.03497029702970297,0.16349999999999998,0.10827383863080683,0.9142404654169359,0.054000000000000006,0.37350000000000005,0.29090316205533595,0.006500000000000001
3172,0.0865,0.0395,0.6525000000000001,0.0105,0.0895,0.10295099976186661,0.48999999999999994,0.041,0.7156666666666667,0.12709318072069062,0.0035000000000000005
3173,0.24699999999999997,0.14350000000000002,0.696,0.046943925233644865,0.1145,0.08204242264668807,0.6375404334283663,0.1635,0.44791622691292876,0.3173616681336958,0.001
3174,0.2395,0.023,0.4295,0.022000000000000002,0.047,0.12500000000000003,0.7717113212249782,0.1645,0.40800000000000003,0.287301033734227,0.003
3175,0.036000000000000004,0.073,0.612,0.008499999999999999,0.065,0.20467146590001573,0.7090000000000001,0.051000000000000004,0.2969583333333333,0.3259044937149061,0.0085
3176,0.25746761842959115,0.14842237881929152,0.6990000000000001,0.0792978322817977,0.1595,0.9260000000000002,0.4981017846079815,0.10800000000000001,0.5885,0.1812540008741576,0.025500000000000002
3177,0.534,0.5565,0.868,0.08374843414041935,0.162,0.45895294977812967,0.6965492175211592,0.4455,0.40825000000000006,0.082,0.0095
3178,0.27949999999999997,0.10500000000000001,0.651,0.06494392523364487,0.086,0.11466566402893216,0.7183027360122843,0.10450000000000001,0.46304902951467886,0.14550000000000002,0.0085
3179,0.5589999999999999,0.02,0.5545,0.06348469387755103,0.08600000000000001,0.128,0.8800000000000001,0.027000000000000003,0.2863333333333334,0.183,0.018500000000000003
3180,0.01,0.009973967684021545,0.5065000000000001,0.02895499090725399,0.015,0.16399999999999998,0.8935000000000001,0.007000000000000001,0.3233323432343234,0.05440316205533596,0.0015
3181,0.223,0.011,0.5984999999999999,0.0445,0.039,0.19562798523225064,0.5025000000000001,0.024,0.3465,0.296,0.0
3182,0.6515,0.4398253908111032,0.6895,0.014000000000000002,0.08299999999999999,0.35070820189274443,0.06899999999999999,0.7224999999999999,0.39449999999999996,0.123,0.0045
3183,0.20199999999999996,0.02,0.45599999999999996,0.0024702970297029703,0.09649999999999999,0.10504856465186538,0.7478369697887783,0.013000000000000001,0.303,0.26694638949671773,0.004
3184,0.07350000000000001,0.025500000000000002,0.647,0.048999999999999995,0.021,0.16090210000636543,0.905,0.016999999999999998,0.335,0.162,0.012
3185,0.49000000000000005,0.1575,0.65,0.08848469387755103,0.1165,0.14327383863080684,0.8831644324422665,0.3285,0.5306666666666667,0.31399999999999995,0.011493591850147882
3186,0.038,0.089,0.5605,0.019,0.039,0.19846165403464774,0.907,0.0615,0.3115,0.274,0.0015
3187,0.44399999999999995,0.06,0.5135000000000001,0.0797174117426011,0.07900000000000001,0.132,0.946,0.1145,0.42654858918002453,0.21023741835497853,0.0025
3188,0.2435,0.18250000000000002,0.6605000000000001,0.06927517030505466,0.085,0.31864036956943825,0.45623585359588736,0.1285,0.5621657312825075,0.30847742638436426,0.0045
3189,0.3075,0.15497396768402155,0.6815,0.05471822432100162,0.08549999999999999,0.8915172403658443,0.7664313815062354,0.151,0.5442333333333333,0.20289602128072307,0.006500000000000001
3190,0.045,0.025500000000000002,0.6275,0.015000000000000003,0.05249999999999999,0.13282271202683277,0.6316179828734538,0.03849999999999999,0.553499504950495,0.0235,0.0005
3191,0.0385,0.014000000000000002,0.4605,0.013000000000000001,0.03899999999999999,0.1149021000063654,0.7783539486203616,0.0195,0.38249999999999995,0.07200000000000001,0.0
3192,0.45549999999999996,0.09914117981962849,0.5595000000000001,0.024890651012003856,0.0875,0.2541996588335892,0.9576179828734539,0.047,0.6337995245641839,0.21674283082793327,0.001
3193,0.052000000000000005,0.027000000000000003,0.5865000000000001,0.09548469387755103,0.025,0.10900000000000001,0.8902577985056965,0.009500000000000001,0.23533333333333334,0.160350040478118,0.0015
3194,0.0095,0.0035000000000000005,0.493,0.0485,0.014500000000000002,0.11604856465186537,0.9305,0.0015,0.27283333333333337,0.06640316205533597,0.002
3195,0.3115,0.06699999999999999,0.5645,0.047363106819735976,0.126,0.1296740606816466,0.9135466691757621,0.10750000000000001,0.49616523681391883,0.295323681887188,0.025500000000000002
3196,0.027000000000000003,0.006,0.6475,0.06027850147929357,0.0415,0.07177411477411477,0.9605,0.0045,0.261,0.1115,0.0025
3197,0.0034999999999999996,0.002,0.49300000000000005,0.027000000000000003,0.008,0.19250000000000003,0.8965,0.015,0.35633333333333334,0.046,0.0
3198,0.40700000000000003,0.125,0.6994999999999999,0.07488527568830941,0.1135,0.25077411477411476,0.6039267696851869,0.1255,0.5525,0.1439796343160511,0.0095
3199,0.052500000000000005,0.035,0.8955,0.04341422226334783,0.12200000000000003,0.2664077240383141,0.1965,0.035,0.875,0.043769609500528106,0.0015
3200,0.0345,0.040499999999999994,0.5725,0.025470297029702972,0.012,0.124,0.796,0.010499999999999999,0.469,0.0895,0.0005
3201,0.429,0.1803574921369652,0.669,0.06144392523364486,0.158,0.6855,0.8344999999999999,0.251,0.4751319230942744,0.31900000000000006,0.0155
3202,0.2495,0.18583172121084623,0.738,0.06535390704815285,0.16,0.30373676753444223,0.44316006443915895,0.0915,0.563375,0.18577800041124998,0.022
3203,0.294,0.047,0.6895,0.12795673076923078,0.05750000000000001,0.21132234432234434,0.8855000000000001,0.15199999999999997,0.48574950495049507,0.1255,0.006
3204,0.10149999999999999,0.11947396768402155,0.9019999999999999,0.0485,0.08199999999999999,0.2101667038090261,0.6775,0.19049999999999997,0.6815,0.19340316205533598,0.004
3205,0.2085,0.094,0.6849999999999999,0.03696938775510204,0.153,0.3495509138695076,0.6485000000000001,0.099,0.4663333333333333,0.14360191150449658,0.022
3206,0.017,0.042,0.806,0.026000000000000002,0.1295,0.19089248251748253,0.15950000000000003,0.024,0.883,0.11079059829059827,0.005
3207,0.2,0.03300000000000001,0.5,0.028986983987711695,0.1255,0.37807585991653536,0.5111179828734539,0.06549999999999999,0.5803389181317433,0.3535827381750635,0.006
3208,0.261,0.12729240799182856,0.6295,0.12336497272176197,0.053500000000000006,0.17670776800074578,0.9184999999999999,0.08249999999999999,0.5268319028996691,0.2548894243150531,0.007996858465608466
3209,0.3865,0.10300000000000001,0.496,0.07791406938400551,0.1675,0.16268913226621734,0.8611179828734539,0.2125,0.4640576542030381,0.29385809731191503,0.024
3210,0.26749999999999996,0.0855,0.683,0.051500000000000004,0.11949999999999998,0.12415213433252015,0.7798044676814586,0.042,0.516375,0.43310847796727436,0.0025
3211,0.1895,0.0725,0.6545,0.036,0.022,0.09040294507806901,0.8560000000000001,0.026500000000000003,0.479,0.10400000000000001,0.0015
3212,0.371,0.021500000000000002,0.5050000000000001,0.047890651012003856,0.0235,0.07896266696266696,0.8960000000000001,0.096,0.47462499999999996,0.24901164002261034,0.0045
3213,0.005,0.0035000000000000005,0.5375,0.073,0.013500000000000002,0.1125485646518654,0.9800000000000001,0.001,0.34508333333333335,0.05886644744519213,0.002
3214,0.5785,0.13599999999999998,0.6765,0.027954990907253997,0.14550000000000002,0.07037762825904123,0.8765000000000001,0.28600000000000003,0.5215,0.37590396039603957,0.0155
3215,0.265,0.06596194225721784,0.744,0.05597029702970298,0.05499999999999999,0.13927411477411475,0.9455,0.0245,0.35525,0.14950000000000002,0.0015
3216,0.6845,0.08890948657371975,0.7585000000000001,0.02247029702970297,0.12899999999999998,0.1563773663180728,0.9506178707224334,0.0985,0.6910000000000001,0.17450000000000002,0.008992678507408048
3217,0.438,0.1338995459704881,0.6735,0.027499999999999997,0.1055,0.25567446794923926,0.8466909160892995,0.1595,0.46874950495049506,0.36883887043189373,0.02299375616168255
3218,0.2565,0.118,0.7315000000000002,0.05445009500950095,0.16199999999999998,0.25062857093769786,0.47450000000000003,0.23900000000000002,0.5820000000000001,0.12128413784108857,0.005
3219,0.0685,0.12624142170289915,0.8390000000000001,0.017499999999999998,0.068,0.25696326400727115,0.593240465416936,0.5395000000000001,0.46526622691292874,0.1822428308279333,0.0055
3220,0.5239999999999999,0.24942822384428226,0.734,0.06492861911119588,0.06,0.25868913226621737,0.8006848652898508,0.49800000000000005,0.22424950495049506,0.10634526116662177,0.0005
3221,0.0375,0.03,0.5599999999999999,0.060040878205161616,0.062,0.09477411477411476,0.8459999999999999,0.0025,0.32549950495049507,0.13466650779016595,0.0385
3222,0.1275,0.036,0.6100000000000001,0.03993968478480501,0.037000000000000005,0.22454856465186537,0.8526179828734538,0.0875,0.46099999999999997,0.25550292834097743,0.006
3223,0.0075000000000000015,0.0115,0.531,0.0225,0.01,0.163,0.781,0.0045,0.48029952456418384,0.057446878422782045,0.0
3224,0.2395,0.21798990953375083,0.72,0.16093936327974315,0.2245,0.5988278273065679,0.48966061868698335,0.1855,0.4746666666666666,0.19198579846383662,0.0425
3225,0.3315,0.06582812352215706,0.5599999999999999,0.04691089108910891,0.11850000000000001,0.23194043592240415,0.9325000000000001,0.036000000000000004,0.643,0.122,0.002
3226,0.0075000000000000015,0.0095,0.5325,0.054864063447161035,0.041499999999999995,0.1302741147741148,0.9315000000000001,0.0075000000000000015,0.263,0.105350040478118,0.001
3227,0.4615,0.2995,0.573,0.07093615321291948,0.10049999999999999,0.2950322730385264,0.7517359657469077,0.5780000000000001,0.49499999999999994,0.2017841378410886,0.0055
3228,0.28300000000000003,0.11940091116173121,0.708,0.038,0.092,0.146919204535885,0.7726179828734538,0.12600000000000003,0.46883333333333327,0.239971949103528,0.016
3229,0.05600000000000001,0.053000000000000005,0.6555,0.027000000000000003,0.20299999999999999,0.09435438042620363,0.913,0.08850000000000001,0.555749504950495,0.068,0.0125
3230,0.186,0.08088937750759842,0.5795,0.03498469387755102,0.058499999999999996,0.193877946395738,0.6451848652898509,0.1035,0.4068333333333333,0.37,0.0015
3231,0.145,0.045,0.5399999999999999,0.025500000000000002,0.034999999999999996,0.10027444987775061,0.9269999999999999,0.10800000000000001,0.271,0.2644463894967177,0.002
3232,0.3055,0.018,0.5810000000000001,0.03348469387755102,0.034999999999999996,0.09437768445476954,0.9705,0.09749999999999999,0.2698333333333333,0.3175,0.0085
3233,0.3985,0.421,0.637,0.055499999999999994,0.1095,0.2453216389598826,0.7278088989627534,0.24499999999999997,0.4734999999999999,0.5185,0.1159489700485989
3234,0.183,0.08249999999999999,0.511,0.11321818626409859,0.0495,0.14777411477411478,0.8210000000000001,0.0115,0.16990833333333333,0.08874091039970684,0.0
3235,0.0125,0.012,0.5795,0.034999999999999996,0.0115,0.155,0.7549999999999999,0.006999999999999999,0.48933333333333334,0.052000000000000005,0.0
3236,0.2585,0.09198021828103684,0.6,0.058804207523717456,0.1155,0.23713317741537354,0.782,0.066,0.4632079616782293,0.2036002957384972,0.0685
3237,0.2675,0.1368165452504231,0.657,0.04394392523364486,0.1265,0.3384502291477223,0.29900000000000004,0.20400000000000001,0.5677995245641838,0.189,0.008981724911830715
3238,0.009000000000000001,0.0165,0.5509999999999999,0.008,0.0085,0.1105,0.8856179828734538,0.003,0.25583333333333336,0.1255,0.0055
3239,0.07300000000000001,0.04,0.48999999999999994,0.043500000000000004,0.1315,0.17985410094637225,0.8545,0.028000000000000004,0.35749999999999993,0.20390316205533598,0.004
3240,0.14950000000000002,0.013000000000000001,0.49350000000000005,0.05598469387755103,0.015499999999999996,0.11599999999999999,0.9515,0.057499999999999996,0.3514157318634238,0.1771344877338459,0.0
3241,0.24,0.18792822384428223,0.6699999999999999,0.09933673502367787,0.12050000000000001,0.3822514572163088,0.5934439313763644,0.151,0.5391458594517511,0.20982341170542584,0.0175
3242,0.0985,0.051899545970488084,0.5645,0.0648658819963629,0.07350000000000001,0.3142317292054134,0.7188011120859372,0.028000000000000004,0.1445,0.09633386140104375,0.0095
3243,0.217,0.12800000000000003,0.6355000000000001,0.017417515916231575,0.193,0.2685245098677033,0.7895,0.1685,0.5489147417644139,0.28140316205533594,0.028000000000000004
3244,0.15250000000000002,0.022399545970488082,0.637,0.044884519293050804,0.035,0.1614747825892217,0.5664999999999999,0.0295,0.5005,0.13933374700351378,0.0025
3245,0.319,0.056499999999999995,0.5855,0.09182256377608349,0.16349999999999998,0.1525,0.8366179828734539,0.075,0.4352495049504951,0.1299039603960396,0.004999999999999999
3246,0.4265,0.2684619422572178,0.674,0.0851376603626666,0.1525,0.83195067587083,0.5267774310987605,0.21750000000000003,0.4293333333333333,0.2849891052753682,0.025500000000000002
3247,0.1735,0.5545000000000001,0.8445,0.10224921317060183,0.0375,0.05965214496735301,0.9069268818362073,0.0485,0.762,0.05980632411067194,0.0035000000000000005
3248,0.45150000000000007,0.021500000000000002,0.21949999999999997,0.030360437293014058,0.09,0.26214796209136837,0.48185844829038993,0.205,0.5837495596653456,0.2403837014898028,0.0075
3249,0.477,0.07550000000000001,0.559,0.06888451929305081,0.10600000000000001,0.2939829312503265,0.7526614582286575,0.069,0.39355908405578593,0.2691043319926659,0.031
3250,0.07,0.091,0.8434999999999999,0.0395,0.053500000000000006,0.21773737878138602,0.6405668824163969,0.21799999999999997,0.5086662269129288,0.367,0.003
3251,0.095,0.020473967684021543,0.5875,0.052815029674359894,0.030000000000000006,0.1315,0.9754999999999999,0.027500000000000004,0.5408328935795954,0.10149999999999999,0.0005
3252,0.2125,0.09196043656207367,0.5814999999999999,0.0569133129887469,0.077,0.26240189660260305,0.6386056963266095,0.1135,0.38624956024626206,0.1819581966637206,0.006987666342096721
3253,0.1875,0.176,0.716,0.050440594059405944,0.19050000000000003,0.25031857639182736,0.5644133128629341,0.101,0.5555,0.30999999999999994,0.024499999999999997
3254,0.12349999999999998,0.12350000000000001,0.8095000000000001,0.06284567997616089,0.17350000000000002,0.236,0.5112901176589624,0.1015,0.6695819034805857,0.14803712257450857,0.0165
3255,0.056499999999999995,0.08548021828103683,0.5744999999999999,0.09935723822239176,0.06949999999999999,0.25186553887806856,0.798,0.029500000000000005,0.3811657865782744,0.2567868635451388,0.001
3256,0.125,0.0195,0.7515000000000001,0.04248469387755102,0.081,0.08718913226621736,0.8100000000000002,0.03200000000000001,0.47125000000000006,0.0895,0.002
3257,0.3725,0.06899999999999999,0.526,0.34750000000000003,0.122,0.173,0.8525,0.148,0.35350000000000004,0.12,0.0025
3258,0.4844676184295912,0.13829372009105062,0.8514999999999999,0.11288527568830942,0.14650000000000002,0.4720129796149301,0.4260466691757621,0.1505,0.7333333333333334,0.1423355541901158,0.0055000000000000005
3259,0.0045,0.0115,0.49399999999999994,0.02297029702970297,0.0125,0.1385,0.9280000000000002,0.006500000000000001,0.3158333333333333,0.05450000000000001,0.0005
3260,0.1855,0.11296194225721785,0.6335000000000001,0.0445,0.088,0.1709630020663028,0.7253430804864391,0.11000000000000001,0.5665,0.17149999999999999,0.021
3261,0.0845,0.0965,0.8385,0.0195,0.0615,0.22653035345100908,0.942,0.033,0.7745,0.07897194910352805,0.001
3262,0.07450000000000001,0.05850000000000001,0.8644999999999999,0.019499999999999997,0.094,0.27508080611982766,0.40488183217859897,0.047,0.8442500000000001,0.05500000000000001,0.003
3263,0.0245,0.0175,0.5345,0.044484693877551024,0.005,0.14146266696266696,0.9705,0.022,0.33941666666666664,0.08205952664412591,0.002
3264,0.20700000000000002,0.040999999999999995,0.48550000000000004,0.05597029702970298,0.10149999999999999,0.09232267942598016,0.9055466691757623,0.10600000000000001,0.32249999999999995,0.22951820529879075,0.0055
3265,0.2405,0.0844009111617312,0.6315,0.062331283128312834,0.05700000000000001,0.233,0.6295341216254736,0.121,0.47624950495049506,0.12944687842278205,0.002
3266,0.337,0.139,0.7455,0.07874459611705972,0.1565,0.1802744498777506,0.8414999999999999,0.047,0.5563333333333332,0.17429691890090004,0.0085
3267,0.3435,0.20389634650331306,0.6345,0.07847029702970297,0.11699999999999999,0.0465,0.6935662101586008,0.139,0.5539995049504951,0.17440316205533596,0.0245
3268,0.3145,0.19446194225721786,0.6575,0.05411519550258172,0.074,0.8456696703802169,0.8017672332352574,0.1395,0.4525912950115626,0.31178525992861145,0.0095
3269,0.8155000000000001,0.0734537608819337,0.7585,0.020489690721649485,0.076,0.4531384462326387,0.13777023534148594,0.5630000000000001,0.227,0.1615,0.004
3270,0.029000000000000005,0.0225,0.4295,0.052470297029702975,0.006500000000000001,0.11446324704033213,0.9790000000000001,0.013000000000000001,0.33375000000000005,0.2063063241106719,0.0005
3271,0.3415,0.2364292682926829,0.7975000000000001,0.09038645298550066,0.12050000000000001,0.45072545751569304,0.3173215172216158,0.22400000000000003,0.5504990099009901,0.30512050516395334,0.018487666342096722
3272,0.265,0.088,0.6925,0.011000000000000001,0.08600000000000001,0.24246324704033212,0.5511179828734539,0.2045,0.4977499999999999,0.1335,0.0045
3273,0.3035,0.179,0.6199999999999999,0.08630067088341487,0.084,0.056999999999999995,0.8813122828928659,0.20099999999999998,0.4651666666666666,0.3312321940047718,0.0055
3274,0.383,0.21748021828103684,0.6435000000000001,0.0608845192930508,0.1045,0.9719629289036353,0.5041467988949638,0.21349999999999997,0.49441666666666667,0.255,0.044
3275,0.2875,0.1429238845144357,0.7065,0.18976837283446735,0.061,0.14077411477411478,0.7909444885722434,0.16,0.6415,0.1863063241106719,0.018
3276,0.22549999999999998,0.154,0.7605,0.07267818548360605,0.14049999999999999,0.2671394473350193,0.8028925775826268,0.08449999999999999,0.6534166666666665,0.2107454383978915,0.0155
3277,0.2355,0.16392237881929153,0.6755,0.06996252500897758,0.16099999999999998,0.535,0.5174021157767236,0.1665,0.5391648517750316,0.20922040058700708,0.014499999999999999
3278,0.23800000000000004,0.17186603208795023,0.6779999999999999,0.07780305472614983,0.1595,0.4206428570337625,0.45364378316373377,0.12450000000000001,0.5970000000000001,0.12433774834437086,0.0115
3279,0.632,0.034942160538254684,0.658,0.010000000000000002,0.10600000000000001,0.20506717687395049,0.9835,0.0745,0.38729122691292883,0.3391502348434745,0.0035000000000000005
3280,0.3405,0.072,0.591,0.07497029702970297,0.20249999999999999,0.05750000000000001,0.7822560624283288,0.134,0.5375,0.24394687842278207,0.011493593955321945
3281,0.373,0.046,0.44799999999999995,0.009920353982300885,0.10300000000000001,0.14196057343109086,0.8532033529250891,0.12350000000000001,0.4543333333333333,0.35250000000000004,0.060493593955321945
3282,0.49050000000000005,0.1305,0.587,0.02848469387755102,0.1305,0.13365148109218755,0.8105,0.27199999999999996,0.5025000000000001,0.31450000000000006,0.0025
3283,0.0385,0.014499999999999999,0.5345000000000001,0.12850168458749062,0.051000000000000004,0.191,0.687,0.012,0.21286666666666668,0.12283774834437086,0.003
3284,0.4165,0.097,0.5295,0.01,0.0905,0.14333258819884023,0.8103348794542337,0.20700000000000002,0.397875,0.264903162055336,0.033
3285,0.564,0.04394857820191831,0.5974999999999999,0.06347029702970297,0.039999999999999994,0.1168170473888706,0.891,0.07749999999999999,0.47800000000000004,0.20121108284741518,0.0085
3286,0.10400000000000001,0.0605,0.716,0.04397029702970297,0.03350000000000001,0.17318913226621735,0.9029999999999999,0.059,0.512,0.1305,0.003981724911830715
3287,0.21599999999999997,0.051000000000000004,0.6605,0.027000000000000003,0.026000000000000002,0.06968913226621734,0.9075,0.0605,0.45099999999999996,0.257,0.0005
3288,0.22349999999999998,0.2145,0.783,0.12249999999999998,0.137,0.18663594168257952,0.4443364801590889,0.0935,0.62325,0.1865,0.019979626160035728
3289,0.34950000000000003,0.05796194225721785,0.533,0.04,0.10200000000000001,0.14173676753444223,0.8084999999999999,0.1095,0.7455,0.14433774834437088,0.006
3290,0.175,0.0785,0.748,0.014500000000000002,0.0905,0.19727411477411477,0.8386909160892995,0.0985,0.7247995245641838,0.125,0.021
3291,0.11499999999999999,0.03796133682830931,0.5245,0.21689607369173242,0.0775,0.28693368858419016,0.6873088989627532,0.176,0.3706502346737562,0.20400095103549742,0.03299685846560847
3292,0.2385,0.23847396768402157,0.8265,0.0405,0.0735,0.43159554803471745,0.5746909160892995,0.17350000000000002,0.5737490099009902,0.3160661850118006,0.01598734801183043
3293,0.0505,0.023973967684021543,0.48600000000000004,0.12770287541208242,0.0185,0.14146324704033214,0.931,0.013000000000000001,0.42704456569991167,0.12937815460309224,0.001
3294,0.33799999999999997,0.332,0.6910000000000001,0.02,0.2085,0.439927686377219,0.7417375852650616,0.0975,0.5856666666666667,0.26963466724527085,0.0125
3295,0.004,0.033,0.649,0.0225,0.033,0.17338169948383003,0.9745000000000001,0.1015,0.40800000000000003,0.08340316205533596,0.0
3296,0.14550000000000002,0.078,0.5145,0.043303072648862864,0.084,0.08496239081935904,0.936617982873454,0.09749999999999999,0.31449906519675713,0.4072102845067115,0.003
3297,0.40099999999999997,0.06,0.5095,0.04947029702970297,0.1035,0.17046239081935902,0.8336909160892996,0.043500000000000004,0.36975,0.152,0.013000000000000001
3298,0.005,0.0085,0.5675,0.03150000000000001,0.008499999999999999,0.13336619211840114,0.9785,0.0025,0.3263328382838284,0.07440316205533597,0.0
3299,0.041999999999999996,0.06039969929836285,0.6585,0.0195,0.07949999999999999,0.15873711684041758,0.656,0.030500000000000006,0.267,0.05450000000000001,0.0
3300,0.135,0.044000000000000004,0.6315,0.040999999999999995,0.017499999999999998,0.08177411477411478,0.9640000000000001,0.026500000000000003,0.491,0.1478079207920792,0.006
3301,0.003,0.01,0.5615,0.0495,0.009000000000000001,0.14227411477411478,0.8905000000000001,0.009499999999999998,0.3700833333333334,0.04640316205533597,0.0
3302,0.34950000000000003,0.11748021828103683,0.7360000000000001,0.0623490111503998,0.06949999999999999,0.4231261307479014,0.43592850135436106,0.202,0.6346666666666667,0.20178894325078925,0.0125
3303,0.85,0.026000000000000002,0.5645,0.05343361595529435,0.11400000000000002,0.1335,0.9711117471260581,0.091,0.51,0.34550000000000003,0.005
3304,0.0075000000000000015,0.001,0.576,0.054484693877551026,0.006,0.10627411477411478,0.9745000000000001,0.0005,0.2833333333333333,0.080350040478118,0.0055000000000000005
3305,0.76,0.056499999999999995,0.5565,0.03195998775135246,0.10400000000000001,0.15820949767769277,0.9717359657469077,0.1305,0.6462499999999999,0.21744687842278201,0.011
3306,0.49450000000000005,0.0205,0.5675,0.03598469387755102,0.039,0.06668855218855219,0.9455,0.21600000000000003,0.25749999999999995,0.39249999999999996,0.006500000000000001
3307,0.2465,0.09039954597048808,0.6405000000000001,0.02442035398230089,0.33799999999999997,0.14777383863080687,0.8866909160892995,0.084,0.50125,0.2664079242830848,0.016
3308,0.47250000000000003,0.26,0.7104999999999999,0.0883845192930508,0.11199999999999999,0.22229076750544569,0.7773027360122844,0.25250000000000006,0.5005828935795954,0.3541872998964246,0.039490692357935994
3309,0.07800000000000001,0.024,0.3235,0.06650865318094198,0.0485,0.09915179922888431,0.8752762807457943,0.014000000000000002,0.24729117161716174,0.10370871002791866,0.012499999999999999
3310,0.07050000000000001,0.09342822384428222,0.6975,0.033,0.09100000000000001,0.30717632727195543,0.4941146253740853,0.056999999999999995,0.64175,0.04077072962290353,0.0085
3311,0.024,0.014000000000000002,0.5355000000000001,0.03448469387755102,0.014499999999999999,0.11000000000000001,0.9484999999999999,0.015000000000000003,0.2733323432343234,0.07941855472336007,0.0045
3312,0.057499999999999996,0.009000000000000001,0.5795000000000001,0.058499999999999996,0.006500000000000001,0.06300000000000001,0.97,0.014500000000000002,0.23200000000000004,0.1495,0.001
3313,0.2495,0.1318521083587179,0.751,0.06194059405940594,0.1605,0.9708227120268328,0.5727836450007898,0.0935,0.5058411716171617,0.20139163416924566,0.0175
3314,0.027500000000000004,0.0055,0.5265,0.033,0.021500000000000002,0.1665,0.7375,0.006500000000000001,0.30200000000000005,0.0745,0.0005
3315,0.1345,0.0075000000000000015,0.48,0.04884897309349677,0.038000000000000006,0.11964400256574728,0.8865000000000001,0.0325,0.26158289299867904,0.18936756756756756,0.005
3316,0.14300000000000002,0.043,0.6125,0.08033526975146495,0.039,0.16660693146938266,0.914,0.0775,0.37699999999999995,0.16897192666357747,0.0045
3317,0.33999999999999997,0.0455,0.6545,0.0385,0.053500000000000006,0.14605362585654139,0.9424268818362072,0.034999999999999996,0.397,0.24390396039603957,0.0035000000000000005
3318,0.03,0.043,0.8765000000000001,0.12398469387755102,0.17099999999999999,0.49744496942718663,0.6505,0.018,0.900999560246262,0.054799585512028716,0.003
3319,0.306,0.06646194225721785,0.572,0.06919461501275462,0.085,0.08661618257261411,0.8875,0.08049999999999999,0.4622995245641838,0.1378388704318937,0.0155
3320,0.127,0.040999999999999995,0.546,0.02346252500897758,0.027000000000000003,0.06654856465186539,0.9031954180791681,0.0615,0.5195,0.1402964299748357,0.002
3321,0.0095,0.03642926829268293,0.693,0.012,0.0315,0.2467118900371031,0.7789999999999999,0.017,0.23933333333333334,0.081,0.0
3322,0.317,0.11149999999999997,0.6175,0.03794059405940594,0.1145,0.2583756831827819,0.8308584482903898,0.23500000000000001,0.46608261818854013,0.3479293323836542,0.0185
3323,0.176,0.0765,0.6815,0.04548969072164949,0.083,0.16701881366790494,0.828,0.014000000000000002,0.38750000000000007,0.101,0.0025
3324,0.007000000000000001,0.0155,0.5149999999999999,0.04198469387755103,0.034499999999999996,0.1220485646518654,0.9629999999999999,0.014000000000000002,0.30433333333333334,0.05990316205533597,0.001
3325,0.316,0.1835,0.6685,0.124,0.1075,0.19260272173193188,0.6007094046078565,0.08549999999999999,0.3,0.6064999999999999,0.00899069235793599
3326,0.5345,0.062,0.6545,0.014500000000000002,0.11399999999999999,0.10409098729855344,0.8604162148075165,0.1485,0.37,0.3175,0.0025
3327,0.056499999999999995,0.0625,0.8935000000000001,0.24144392523364483,0.145,0.4357718946618355,0.28900000000000003,0.028500000000000004,0.9004995602462621,0.08124203248722965,0.006500000000000001
3328,0.0035000000000000005,0.0005,0.5934999999999999,0.026500000000000003,0.0025,0.16,0.8655000000000002,0.002,0.35433333333333333,0.06390316205533597,0.0
3329,0.24749999999999997,0.011,0.36449999999999994,0.009500000000000001,0.05450000000000001,0.20487768445476956,0.602,0.029000000000000005,0.3285,0.27549999999999997,0.002
3330,0.0975,0.07540558961823482,0.6805000000000001,0.052000000000000005,0.08700000000000001,0.23604822954822957,0.2935,0.23950000000000005,0.5449995049504951,0.1551985997814843,0.0035000000000000005
3331,0.018,0.034,0.7030000000000001,0.028920353982300882,0.29050000000000004,0.172,0.667,0.0125,0.433,0.13399999999999998,0.0025
3332,0.093,0.11796194225721786,0.7755000000000001,0.027000000000000003,0.1375,0.16999744478408488,0.316,0.2425,0.49691622691292875,0.1902905982905983,0.0015
3333,0.014000000000000002,0.0115,0.502,0.08582877107329476,0.057999999999999996,0.22998347171806532,0.8324999999999999,0.001,0.1960828382838284,0.13849999999999998,0.006
3334,0.2545,0.07794227063662768,0.6104999999999999,0.022500000000000003,0.119,0.3527251602668125,0.3075323214434667,0.20749999999999996,0.5787,0.20096293494704992,0.009493756161682552
3335,0.0235,0.049948578201918316,0.639,0.029470297029702976,0.04,0.10489073815073816,0.8251848652898508,0.0115,0.48074950495049507,0.09034628158201907,0.0025
3336,0.3375,0.06,0.6905,0.06498469387755103,0.05499999999999999,0.12174644577042767,0.778066882416397,0.27149999999999996,0.7165,0.1095,0.00499359185014788
3337,0.07600000000000001,0.06989121054990077,0.8699999999999999,0.036,0.071,0.28357774876917086,0.20381671417416056,0.09849999999999999,0.83725,0.08825707478001713,0.006999999999999999
3338,0.136,0.045,0.562,0.06612759784180415,0.082,0.24473146726444503,0.806,0.1755,0.45666622633201237,0.18750000000000003,0.014500000000000002
3339,0.49350000000000005,0.0735,0.7195,0.03247029702970297,0.078,0.3175821879554899,0.9665448647096608,0.1655,0.5545412269129287,0.17990396039603962,0.014499999999999999
3340,0.13,0.0055000000000000005,0.357,0.054484693877551026,0.04,0.09377411477411478,0.8875,0.0115,0.21395833333333333,0.11175400087415759,0.002
3341,0.3485,0.1025,0.2565,0.043320935793059276,0.09849999999999999,0.22539740269220795,0.788355421279985,0.14,0.4096662269129288,0.21590396039603962,0.0185
3342,0.39899999999999997,0.026000000000000002,0.6465,0.014499999999999999,0.05800000000000001,0.101,0.8985,0.10350000000000001,0.36175000000000007,0.16353263077782795,0.0005
3343,0.567,0.025500000000000002,0.402,0.016420353982300885,0.076,0.06668855218855219,0.9536179828734538,0.27849999999999997,0.30799999999999994,0.2734039603960396,0.006
3344,0.052000000000000005,0.001,0.38899999999999996,0.026500000000000003,0.003,0.14762326197303777,0.9065000000000001,0.023,0.2365,0.072,0.004
3345,0.40449999999999997,0.1794421605382547,0.5870000000000001,0.07072319457635207,0.1305,0.8115,0.6558756692281299,0.2085,0.4135833333333333,0.24233774834437086,0.029000000000000005
3346,0.0775,0.089,0.7915000000000001,0.006500000000000001,0.0955,0.20061417584590382,0.36450000000000005,0.0795,0.5915,0.0875,0.001
3347,0.21000000000000002,0.1075,0.746,0.0685,0.10149999999999999,0.14077411477411478,0.8170772806807112,0.4835,0.715,0.142,0.004
3348,0.011,0.004,0.4665,0.05498469387755102,0.014500000000000002,0.11177411477411478,0.93,0.002,0.25383333333333336,0.07485004047811801,0.0015
3349,0.497,0.036500000000000005,0.748,0.052000000000000005,0.08050000000000002,0.19527444987775064,0.9403186301226448,0.1405,0.44849999999999995,0.1644039603960396,0.006
3350,0.013500000000000002,0.015,0.485,0.05292861911119588,0.0125,0.11499999999999999,0.960617982873454,0.003,0.2895833333333333,0.0595,0.0
3351,0.17850000000000002,0.10399999999999998,0.383,0.077454990907254,0.0765,0.10408106806079609,0.8681179828734539,0.08900000000000001,0.523832397949174,0.17577046422596987,0.0025
3352,0.32300000000000006,0.103337710418002,0.542,0.05797029702970298,0.1675,0.25577754957092735,0.669807347833333,0.13699999999999998,0.48166666666666663,0.32688498285474965,0.014000000000000002
3353,0.132,0.031441833191096516,0.752,0.04534473264465692,0.088,0.28553184921445324,0.26399999999999996,0.0965,0.45999999999999996,0.1252428308279333,0.015
3354,0.5395000000000001,0.0195,0.43499999999999994,0.02848469387755102,0.022000000000000002,0.14076553818528514,0.916,0.0905,0.296,0.3175,0.0
3355,0.002,0.019499999999999997,0.5985,0.041999999999999996,0.004999999999999999,0.1105,0.9790000000000001,0.021,0.31683333333333336,0.06340316205533596,0.0005
3356,0.49350000000000005,0.0805,0.577,0.0615,0.125,0.10285410094637223,0.943,0.09,0.3987995245641838,0.12050000000000001,0.0045
3357,0.016000000000000004,0.010400911161731207,0.501,0.013470297029702972,0.014499999999999999,0.15785410094637223,0.8817404654169361,0.007000000000000001,0.35799900990099004,0.06844687842278205,0.0
3358,0.42250000000000004,0.08640410279547253,0.6799999999999999,0.07486427921594575,0.0725,0.14188113588376652,0.9231179828734538,0.08449999999999999,0.6192500000000001,0.16890316205533598,0.008
3359,0.049999999999999996,0.062,0.806,0.465,0.058499999999999996,0.17668630090699428,0.6266582978723404,0.0485,0.5175000000000001,0.1585,0.016999999999999998
3360,0.0465,0.05600000000000001,0.6415,0.028999999999999998,0.046,0.087,0.9226179828734539,0.0195,0.27199999999999996,0.15350000000000003,0.0005
3361,0.5605,0.071,0.5495000000000001,0.030943925233644858,0.08449999999999999,0.17450590351178003,0.8691909160892994,0.14750000000000002,0.3755,0.19190396039603963,0.006500000000000001
3362,0.22700000000000004,0.12836977895362836,0.39499999999999996,0.12336094804170683,0.0885,0.3152090532930467,0.6575,0.05650000000000001,0.36016622691292877,0.1534358722571193,0.002
3363,0.0455,0.036,0.607,0.055499999999999994,0.008499999999999999,0.11977444987775061,0.8685,0.013999999999999999,0.25783333333333336,0.119,0.0005
3364,0.024,0.002473967684021544,0.49400000000000005,0.04993944686580322,0.0035000000000000005,0.10027411477411477,0.9604999999999999,0.005,0.3108731439316038,0.07077776184818507,0.0
3365,0.3739676184295912,0.15197396768402155,0.8825000000000001,0.039,0.1255,0.46920723325299285,0.6171870882704406,0.15100000000000002,0.6655,0.17540396039603962,0.014000000000000002
3366,0.0955,0.025,0.5375,0.022,0.027000000000000003,0.13218913226621737,0.5787577985056964,0.0335,0.48633333333333334,0.2515677484675039,0.001
3367,0.45150000000000007,0.3659613368283093,0.4149999999999999,0.09140211521152117,0.081,0.18926994900998742,0.7776179828734537,0.24500000000000002,0.5332995245641838,0.26633774834437085,0.005
3368,0.26999999999999996,0.17044216053825467,0.709,0.05896252500897757,0.1535,0.8817567109208054,0.5845282554196184,0.11500000000000002,0.5593833333333332,0.1915912815820191,0.0215
3369,0.3635,0.0215,0.5425,0.029484693877551028,0.0445,0.14154265313492442,0.9035,0.20249999999999999,0.27349999999999997,0.22749999999999998,0.0
3370,0.21750000000000003,0.20950000000000002,0.7015,0.044399159663865546,0.20600000000000002,0.2649629289036354,0.5677313093055616,0.08149999999999999,0.595,0.26582503532188084,0.012
3371,0.005,0.0095,0.522,0.0235,0.008,0.1495,0.8885,0.001,0.3902995245641838,0.05700000000000001,0.001
3372,0.3255,0.22290948657371973,0.6675,0.118,0.1065,0.3578266627989842,0.6779096756826938,0.2015,0.5695,0.26295113455731883,0.010964738632848747
3373,0.11349999999999998,0.025500000000000002,0.40199999999999997,0.01145499090725399,0.043000000000000003,0.12450000000000001,0.453,0.041499999999999995,0.317,0.36497167630057803,0.0005
3374,0.17250000000000001,0.0185,0.5775,0.04039915966386555,0.1265,0.04927383863080685,0.9555,0.09050000000000001,0.489624504950495,0.2049856058394965,0.004
3375,0.20750000000000002,0.13469938691847516,0.5650000000000001,0.07245499090725399,0.0935,0.20568855218855217,0.5700464267576906,0.20949999999999996,0.531749504950495,0.16190316205533595,0.0015
3376,0.046,0.026000000000000002,0.5765,0.025500000000000002,0.06849999999999999,0.13177411477411477,0.9635,0.014500000000000002,0.23899999999999996,0.26,0.003496775260459732
3377,0.2545,0.025,0.46849999999999997,0.022000000000000002,0.15100000000000002,0.1181888141295206,0.709,0.12350000000000001,0.49800000000000005,0.284,0.008
3378,0.4885,0.192,0.6824999999999999,0.035954990907253986,0.077,0.27186221090089074,0.7140448647096611,0.157,0.466,0.3588217984077612,0.026490493257882497
3379,0.35700000000000004,0.14294797277300977,0.652,0.04392528793695696,0.06949999999999999,0.20578011956477077,0.7100000000000001,0.24050000000000002,0.6620050175777096,0.234710847104059,0.0155
3380,0.012,0.0015,0.533,0.03,0.021500000000000002,0.09254856465186538,0.907,0.025,0.2368333333333333,0.08090316205533597,0.002
3381,0.40800000000000003,0.12800000000000003,0.647,0.1045,0.1105,0.33269038168629944,0.5492139042778849,0.157,0.5885,0.17279184549356222,0.014475481073513267
3382,0.3205,0.14850000000000002,0.6224999999999999,0.051500000000000004,0.076,0.2508971640704853,0.8436848652898508,0.1375,0.5434162269129288,0.27783774834437086,0.014000000000000002
3383,0.184,0.08322829304273088,0.533,0.10290504785985191,0.11200000000000002,0.2692857404526109,0.9555,0.0635,0.47316622691292876,0.26077802478291734,0.015
3384,0.798,0.022,0.6715000000000001,0.0165,0.1315,0.1807256412811007,0.967,0.11850000000000001,0.6594999999999999,0.2015,0.0225
3385,0.546,0.06999999999999999,0.6210000000000001,0.0695,0.0595,0.14887989592365242,0.666111747126058,0.21000000000000002,0.61925,0.20565636458878994,0.003987550823544455
3386,0.298,0.09989954597048809,0.6395,0.05786588199636291,0.082,0.29887381818276737,0.7927315344656131,0.07550000000000001,0.43605,0.30346293494704996,0.02
3387,0.33799999999999997,0.099,0.6705,0.03239915966386554,0.09500000000000001,0.21072292644896592,0.7499999999999999,0.14700000000000002,0.576625,0.22800000000000004,0.013499999999999998
3388,0.07350000000000001,0.1132575806732112,0.7545,0.039970297029702964,0.0995,0.3898170718433964,0.33053700506610373,0.0725,0.27399999999999997,0.10467389167823951,0.002
3389,0.11000000000000001,0.023,0.4065,0.31055067059541924,0.1135,0.38781768309034026,0.7072574293351593,0.09599999999999999,0.35142843931699097,0.2932911052987473,0.012
3390,0.11199999999999999,0.11892926829268291,0.6685,0.10705174919985105,0.1145,0.4744656775141106,0.3999996595486812,0.187,0.4298333333333334,0.17430998442258766,0.018
3391,0.3075,0.0924485782019183,0.5915,0.052500000000000005,0.039999999999999994,0.153,0.7896179828734539,0.1315,0.5448318264014467,0.28290932444376765,0.0075
3392,0.5974999999999999,0.0625,0.6915,0.08029957214377449,0.07150000000000001,0.09127411477411478,0.9785,0.043,0.6379157318634238,0.1737948690273055,0.0225
3393,0.031000000000000007,0.015,0.7084999999999999,0.078,0.021,0.08449999999999999,0.953,0.009,0.1585,0.085,0.002
3394,0.192,0.16599999999999998,0.675,0.041999999999999996,0.09449999999999999,0.29674294995412975,0.23414707037052165,0.122,0.5325,0.3194468784227821,0.016999999999999998
3395,0.23600000000000004,0.1335,0.7105,0.01894059405940594,0.129,0.2617445894313882,0.8244999999999999,0.092,0.43304950495049505,0.3039629349470499,0.005487345879299156
3396,0.30100000000000005,0.1055,0.5980000000000001,0.06445673076923078,0.056999999999999995,0.21962762421965015,0.8144268818362072,0.095,0.5860833333333334,0.1916341783192066,0.019
3397,0.3035,0.11000000000000001,0.5840000000000001,0.06392528793695697,0.10200000000000001,0.26370797140450813,0.8323495173390668,0.11850000000000001,0.39116666666666666,0.29763735327710406,0.0225
3398,0.42650000000000005,0.2585,0.627,0.08149999999999999,0.10500000000000001,0.28172012411157693,0.5235,0.19049999999999997,0.5350833333333334,0.3711958058896019,0.015000000000000003
3399,0.084,0.014499999999999999,0.5755,0.0155,0.05399999999999999,0.15689248251748253,0.5531179828734538,0.09,0.4375,0.094,0.0015
3400,0.304,0.067,0.7465,0.0475,0.089,0.30547525372017487,0.663448714594996,0.091,0.505375,0.14451703273147287,0.013493756161682552
3401,0.2145,0.028000000000000004,0.6755,0.037484693877551024,0.026000000000000002,0.1278650007937922,0.7855000000000001,0.0375,0.2708333333333333,0.15754915493860522,0.002
3402,0.215,0.2639041027954725,0.7445,0.06368074932997922,0.203,0.3443226794259801,0.4649207188857381,0.159,0.48758333333333337,0.2745758567112394,0.022496775260459734
3403,0.026500000000000003,0.0435,0.39749999999999996,0.02242861911119588,0.022,0.14350000000000002,0.7246179828734538,0.033,0.3715824526640247,0.14317024278336105,0.0
3404,0.0195,0.02,0.5549999999999999,0.0325,0.0325,0.12377444987775062,0.932,0.003,0.2833333333333333,0.0815,0.0
3405,0.15,0.11310816940906906,0.602,0.19910187064014587,0.0645,0.26798162417041554,0.5911909160892994,0.15850000000000003,0.4387083333333333,0.18018970925071534,0.014500000000000002
3406,0.333,0.09746133682830929,0.628,0.07593191276407962,0.143,0.2331502888039251,0.9259999999999999,0.10300000000000001,0.47449906461584074,0.15773150518993495,0.007000000000000001
3407,0.29000000000000004,0.12190091116173121,0.6839999999999999,0.03142039203920392,0.08199999999999999,0.23877020032701343,0.767566882416397,0.18050000000000002,0.6082995049504951,0.19380348651695706,0.0105
3408,0.0345,0.10500000000000001,0.8525,0.0125,0.0685,0.35608625650647674,0.6811178707224335,0.30000000000000004,0.6355819587763525,0.24900000000000003,0.0015
3409,0.41200000000000003,0.10250000000000001,0.6005,0.0315,0.10400000000000001,0.28145745146411083,0.785,0.193,0.4154999999999999,0.47279184549356223,0.01747620424196178
3410,0.5224999999999999,0.122,0.5984999999999999,0.03233366697104778,0.1335,0.31834063032534404,0.559740465416936,0.0975,0.5071662269129288,0.187,0.006500000000000001
3411,0.026500000000000003,0.05450000000000001,0.562,0.02347029702970297,0.027500000000000004,0.15709629544462642,0.7494999999999999,0.028000000000000004,0.4265,0.0825,0.001
3412,0.06,0.10499999999999998,0.71,0.0465,0.1055,0.3050926347789643,0.537728880173933,0.06,0.46889968279143535,0.07536856368563685,0.019499999999999997
3413,0.4615,0.219,0.593,0.09841497865860645,0.098,0.14351129057486026,0.6244890358723418,0.24949999999999997,0.43099999999999994,0.3655,0.0125
3414,0.3775,0.2847270538940169,0.6559999999999999,0.062,0.11000000000000001,0.7076115721740489,0.829709516758877,0.2045,0.54,0.3155,0.0185
3415,0.068,0.03398663594470046,0.4465,0.06687534488955489,0.07649999999999998,0.23581730932983902,0.746,0.054000000000000006,0.44099911991160773,0.26502842409083494,0.0
3416,0.1075,0.13,0.6124999999999999,0.07820791504265111,0.137,0.47886678923940407,0.4854599989824173,0.063,0.28724999999999995,0.10333887043189369,0.011000000000000001
3417,0.34249999999999997,0.17596133682830933,0.6910000000000001,0.102467436880875,0.0775,0.10366618011833881,0.7576846803419036,0.101,0.4344490651967572,0.34973141013511616,0.0235
3418,0.068,0.08834051054116795,0.8524999999999998,0.026500000000000003,0.1045,0.19448175769489134,0.6067358535958873,0.5445,0.5245,0.1465,0.008
3419,0.5055,0.012,0.334,0.013000000000000001,0.067,0.1075,0.777,0.0155,0.305,0.34049999999999997,0.0
3420,0.43949999999999995,0.269,0.7769999999999999,0.03998469387755102,0.11699999999999999,0.4156186047947591,0.6122576135577493,0.1975,0.49300000000000005,0.3430000000000001,0.028999999999999998
3421,0.149,0.16499999999999998,0.8130000000000001,0.034,0.09899999999999999,0.31450887777312253,0.3055,0.248,0.49050000000000005,0.1595,0.0055
3422,0.009,0.029899699298362847,0.584,0.0205,0.028000000000000004,0.21223711684041757,0.704,0.0095,0.2755,0.052000000000000005,0.0
3423,0.1295,0.14100000000000001,0.7474999999999999,0.06591600896261784,0.11699999999999999,0.30312821572048704,0.46311911353450236,0.086,0.5271662263320123,0.2592128595032349,0.013500000000000002
3424,0.303,0.2259917574741548,0.646,0.0765,0.1135,0.45721549704709846,0.554296388113868,0.17550000000000002,0.4925,0.31568975364351753,0.018
3425,0.06949999999999999,0.074,0.6915,0.0405,0.10400000000000001,0.19898904813137042,0.6617358535958873,0.05650000000000001,0.5115,0.4659999999999999,0.004
3426,0.0395,0.008973967684021544,0.5584999999999999,0.022000000000000002,0.0225,0.0745,0.9655000000000001,0.0125,0.376,0.079,0.0005
3427,0.4175,0.27949999999999997,0.7410000000000001,0.06081927012319972,0.10400000000000001,0.29006261954745116,0.8231179828734538,0.181,0.4593328382838284,0.38851672432759427,0.011983486383896305
3428,0.051500000000000004,0.057999999999999996,0.51,0.03897029702970297,0.0155,0.18531730932983903,0.8355,0.026000000000000002,0.39549999999999996,0.2045,0.0035000000000000005
3429,0.009000000000000001,0.005,0.37649999999999995,0.022,0.009,0.16100000000000003,0.8885,0.011,0.3255,0.042499999999999996,0.0025
3430,0.0445,0.0475,0.6065,0.046768129311500664,0.0475,0.12246266696266697,0.8825,0.038000000000000006,0.5267481298125979,0.06568141282958537,0.0025
3431,0.076,0.054000000000000006,0.615,0.034470297029702966,0.0825,0.13846266696266699,0.654,0.0365,0.5177490099009902,0.13263925493508835,0.002
3432,0.0705,0.14946194225721784,0.483,0.14698469387755103,0.0845,0.16299999999999998,0.769117982873454,0.033,0.46399911991160775,0.27469444013698485,0.0005
3433,0.4135,0.20842926829268293,0.6105,0.05488287899127847,0.17750000000000002,0.3609456856069786,0.7966848652898507,0.2205,0.40129952456418383,0.4552704078412318,0.03146860407154376
3434,0.5305000000000001,0.0475,0.583,0.015887015550286192,0.0395,0.124,0.9295,0.22599999999999998,0.341125,0.27640396039603965,0.01
3435,0.27749999999999997,0.12246133682830931,0.6875,0.0738226393543417,0.08549999999999999,0.8269622118871315,0.8385,0.12049999999999998,0.533,0.23146143499168814,0.0105
3436,0.1145,0.055499999999999994,0.594,0.04394392523364486,0.024,0.11327250480149131,0.8563879580948146,0.048,0.53125,0.1105,0.0034999999999999996
3437,0.32599999999999996,0.25650000000000006,0.72,0.064,0.1115,0.0587079714045081,0.7895,0.1655,0.44399999999999995,0.3533508388188217,0.015
3438,0.285,0.08092177339038298,0.5650000000000001,0.10902864261934939,0.08449999999999999,0.21027411477411478,0.8601602207679214,0.1625,0.45624950495049504,0.12420087929693964,0.0045
3439,0.1315,0.0773892226853808,0.743,0.047,0.0885,0.25285410094637223,0.2685,0.061,0.356,0.08349999999999999,0.0015
3440,0.3505,0.136,0.667,0.0693395102003048,0.22000000000000003,0.2592668836171776,0.8011337648327939,0.223,0.56625,0.2619175375079746,0.015000000000000003
3441,0.48200000000000004,0.1355,0.6199999999999999,0.06167821068621311,0.0985,0.18545089848299062,0.889,0.1935,0.3542070276102091,0.3564208151022947,0.011000000000000001
3442,0.189,0.07150000000000001,0.6134999999999999,0.097,0.10250000000000001,0.19118340535313033,0.9865,0.03799999999999999,0.4122495049504951,0.18590396039603957,0.0115
3443,0.2085,0.0215,0.552,0.016000000000000004,0.14250000000000002,0.1646139029244181,0.735,0.1065,0.7627499999999999,0.0755,0.01
3444,0.248,0.011500000000000002,0.5695,0.010484693877551021,0.025500000000000002,0.17024770505059875,0.9555,0.028000000000000004,0.2805,0.27578525992861136,0.003
3445,0.3755,0.03136538303342702,0.45600000000000007,0.05891089108910891,0.12450000000000001,0.28289248251748256,0.9559999999999998,0.03799999999999999,0.5706662269129288,0.14600000000000002,0.0035000000000000005
3446,0.1655,0.101,0.639,0.0665,0.10049999999999999,0.1610952130200491,0.515535838150289,0.14250000000000002,0.63025,0.20646293494704993,0.0235
3447,0.3665,0.195,0.627,0.09281222912964575,0.08349999999999999,0.15016528130034312,0.8448757813791502,0.12,0.5984999999999999,0.321,0.0054935939553219446
3448,0.337,0.14492926829268296,0.7045,0.10984897309349675,0.085,0.21687480252086525,0.8243088989627534,0.0785,0.595,0.19787511115886403,0.016487349983782033
3449,0.22199999999999998,0.0465,0.7629999999999999,0.053500000000000006,0.118,0.11904856465186538,0.848566882416397,0.015000000000000003,0.473,0.1165,0.003
3450,0.6045,0.0649613368283093,0.7939999999999999,0.09490058181075839,0.1295,0.25964023611331094,0.974,0.07849999999999999,0.7149657318634238,0.20761240721042365,0.007000000000000001
3451,0.281,0.10600000000000001,0.562,0.041,0.1125,0.22388691532901342,0.0765853700516351,0.1305,0.696,0.19849999999999998,0.003
3452,0.75,0.0055,0.667,0.0855,0.025,0.2530482295482296,0.778,0.008,0.3265,0.07394687842278204,0.0
3453,0.13299999999999998,0.1465,0.5309999999999999,0.052484693877551024,0.0995,0.24102164652372832,0.4845,0.09,0.7792078929986789,0.0816440724550428,0.0015
3454,0.35550000000000004,0.17187943690436674,0.656,0.1135,0.1085,0.35371286733327545,0.690763663141029,0.11499999999999999,0.5199999999999999,0.24510872677928033,0.0125
3455,0.028000000000000004,0.0125,0.528,0.033,0.014000000000000002,0.10816590397503087,0.9025000000000001,0.019,0.201,0.1155,0.001
3456,0.02,0.013000000000000001,0.577,0.015443925233644861,0.0235,0.20750000000000002,0.7826179828734539,0.0155,0.33870739794917404,0.28191016381263817,0.0005
3457,0.45149999999999996,0.07949999999999999,0.6585000000000001,0.09778960520980573,0.0965,0.16885387045813585,0.8644006177961238,0.15650000000000003,0.6079166666666668,0.21570575441860335,0.027500000000000004
3458,0.0925,0.056999999999999995,0.7024999999999999,0.021,0.038,0.1545,0.7581179828734538,0.058499999999999996,0.497,0.099,0.0035000000000000005
3459,0.295,0.14533172121084623,0.7075,0.062,0.16299999999999998,0.5183167537066996,0.5174754188047651,0.10500000000000001,0.56,0.1819101638126382,0.0295
3460,0.11950000000000001,0.028499999999999998,0.5075000000000001,0.004383610018449871,0.16150000000000003,0.14393146020318753,0.4765668824163969,0.047,0.45949999999999996,0.256,0.001
3461,0.5189999999999999,0.6,0.779,0.07228043080630982,0.131,0.3861649118851808,0.21342933458607968,0.579,0.7195,0.08496328538985617,0.0115
3462,0.192,0.0415,0.6295,0.09087534488955487,0.10450000000000001,0.0995,0.898,0.10200000000000001,0.5884162269129287,0.18050000000000002,0.002
3463,0.039999999999999994,0.07999999999999999,0.8470000000000001,0.014000000000000002,0.0805,0.2619632640072712,0.6716178707224335,0.28200000000000003,0.5863324538258575,0.27199999999999996,0.003
3464,0.3645,0.22937654510306546,0.679,0.12285481632275377,0.0955,0.45768792386762963,0.5438566401414529,0.16399999999999998,0.44375,0.22793276091702955,0.014499999999999999
3465,0.382,0.1295,0.6559999999999999,0.06524792729129865,0.0865,0.7917374519440534,0.8435,0.15950000000000003,0.5070083333333333,0.2987808574985488,0.0305
3466,0.153,0.01994416403785489,0.651,0.033399159663865544,0.020999999999999998,0.15899544239657235,0.7895000000000001,0.021500000000000002,0.32608333333333334,0.3266307159254559,0.0
3467,0.0045,0.002,0.587,0.0315,0.001,0.13277411477411477,0.9630000000000001,0.0005,0.41958333333333336,0.09930632411067195,0.0
3468,0.20750000000000002,0.0895,0.668,0.06489891614089885,0.1085,0.32658507578161244,0.48050000000000004,0.084,0.379,0.193,0.015
3469,0.308,0.22992822384428227,0.7594999999999998,0.05488785046728972,0.11699999999999999,0.36381551944916674,0.557187432263976,0.2,0.6445819587763525,0.1651134465620475,0.013496858465608464
3470,0.434,0.030688661715397914,0.7070000000000001,0.035,0.038,0.16068855218855221,0.9245000000000001,0.031,0.3795,0.1923388704318937,0.0
3471,0.1565,0.053000000000000005,0.6250000000000001,0.0443242669672982,0.017000000000000005,0.11737127667869815,0.9469268818362071,0.05,0.5563259604845447,0.15580632411067194,0.004999999999999999
3472,0.31599999999999995,0.056499999999999995,0.6205,0.057499999999999996,0.152,0.1395810680607961,0.7394999999999999,0.137,0.6525000000000001,0.13012946872249198,0.003999999999999999
3473,0.5685,0.0385,0.475,0.02698469387755102,0.0385,0.11646239081935902,0.9315,0.28700000000000003,0.24575,0.31290316205533597,0.0005
3474,0.25949999999999995,0.1135,0.5725,0.008420353982300885,0.0685,0.15541811733986205,0.5455,0.0435,0.48624999999999996,0.15014679122397287,0.002
3475,0.072,0.189,0.6795,0.33023163631599056,0.07050000000000001,0.2669569870395531,0.8271178707224335,0.07650000000000001,0.6090483076535381,0.1129039603960396,0.012
3476,0.124,0.11337238788213713,0.666,0.07638693544326068,0.093,0.4300107162508344,0.49968486528985084,0.0445,0.46966435672552664,0.47275192593275756,0.006
3477,0.2995,0.17038522134274497,0.692,0.043,0.11699999999999999,0.2505106203675886,0.7293537243183208,0.164,0.585,0.25844687842278197,0.013500000000000002
3478,0.045,0.06090377544831436,0.603,0.08716044599336407,0.08499999999999999,0.1839632640072712,0.6131521044989274,0.027000000000000003,0.5179578382838284,0.08624170874041046,0.0035000000000000005
3479,0.06749999999999999,0.0125,0.5865,0.026000000000000002,0.0075,0.11100000000000002,0.898,0.013000000000000001,0.20099999999999998,0.077,0.0055000000000000005
3480,0.3585,0.20690948657371971,0.6210000000000001,0.06391422226334784,0.10200000000000001,0.09098765822354006,0.8638818321785988,0.1465,0.5408328935795954,0.18113650484361762,0.017481383273313653
3481,0.2225,0.1709604365620737,0.734,0.08541422226334783,0.129,0.5082738386308069,0.3971903513359399,0.134,0.3398333333333333,0.21487553187989733,0.0209875123233651
3482,0.44000000000000006,0.3279282238442822,0.6315000000000001,0.05384901115039979,0.1015,0.4917299379048563,0.5714426637955474,0.22200000000000003,0.30625,0.5041507237695387,0.026500000000000003
3483,0.345,0.31799999999999995,0.6875,0.052484693877551024,0.177,0.2960622916992143,0.7324425917239779,0.182,0.48250000000000004,0.3567700573984255,0.0155
3484,0.011,0.037,0.499,0.04,0.023,0.154877946395738,0.9620000000000001,0.014000000000000002,0.27908333333333335,0.10420948616600792,0.0
3485,0.4285,0.08249999999999999,0.6705,0.0426592324312844,0.1025,0.23635790759005273,0.8602359657469076,0.078,0.5785,0.20201436712063542,0.17449375616168256
3486,0.4085,0.08099999999999999,0.516,0.06648469387755103,0.06549999999999999,0.10027411477411477,0.9406848652898508,0.0955,0.30250000000000005,0.293,0.002
3487,0.0395,0.099,0.8505,0.027410891089108914,0.1335,0.3282248919238208,0.4721923801040818,0.051500000000000004,0.3485,0.11599999999999999,0.013500000000000002
3488,0.386,0.22042327908552717,0.57,0.06892035398230088,0.047,0.21076441533437595,0.7333088989627533,0.24549999999999997,0.42350000000000004,0.45600000000000007,0.026500000000000003
3489,0.198,0.025,0.4625,0.034999999999999996,0.0655,0.08272360557768924,0.6853539486203617,0.133,0.5325,0.184,0.003
3490,0.1845,0.1108995459704881,0.7285,0.07643968478480502,0.13499999999999998,0.20288169948383,0.21518486528985084,0.10750000000000001,0.6077495049504951,0.12012679180509478,0.013496858465608464
3491,0.2785,0.17790844212531906,0.617,0.10496938775510203,0.124,0.15380649642655522,0.8213229499215563,0.11200000000000002,0.353625,0.41600000000000004,0.0105
3492,0.26549999999999996,0.1935,0.6744999999999999,0.09386497272176197,0.10900000000000001,0.15735574652475376,0.9404999999999999,0.068,0.5340659097043641,0.19977172574097285,0.0035000000000000005
3493,0.06350000000000001,0.06696133682830929,0.7745,0.0045,0.095,0.39891822394707027,0.125,0.0735,0.25949999999999995,0.11699999999999999,0.0005
3494,0.1505,0.1404604365620737,0.8009999999999999,0.042,0.1335,0.23688302151930002,0.7580726014093682,0.14200000000000002,0.7034578935795954,0.14506292079207922,0.0055
3495,0.28200000000000003,0.064,0.6295,0.061,0.028000000000000004,0.15832267942598016,0.39699999999999996,0.0405,0.3321662263320123,0.081,0.0
3496,0.434,0.061308844081007396,0.5025000000000001,0.035500000000000004,0.0595,0.16094532464439754,0.8139672392090767,0.10500000000000001,0.2535,0.252903162055336,0.0185
3497,0.045500000000000006,0.013500000000000002,0.46399999999999997,0.02848469387755102,0.013500000000000002,0.12954856465186537,0.9494999999999999,0.031000000000000007,0.2823333333333333,0.08540316205533596,0.0
3498,0.298,0.20137976425152487,0.6795,0.08489891614089884,0.161,0.36147266951316304,0.7932577985056964,0.13899999999999998,0.5358750000000001,0.25024791215700903,0.01999069235793599
3499,0.002,0.0035000000000000005,0.5745,0.0365,0.013000000000000001,0.1635,0.8275,0.006,0.43249999999999994,0.048,0.0
3500,0.0395,0.031,0.6134999999999999,0.041499999999999995,0.061,0.26680732795098494,0.46180277609173526,0.06,0.6535,0.03,0.0019962841986984224
3501,0.012,0.0055,0.539,0.0345,0.039,0.119,0.8494999999999999,0.019,0.4415,0.101,0.0005
3502,0.632,0.041,0.7055,0.03098469387755102,0.0605,0.21821459825361983,0.8431179828734539,0.055999999999999994,0.34958333333333336,0.18333887043189367,0.006
3503,0.026000000000000002,0.033,0.841,0.018,0.14100000000000001,0.21059519181228845,0.2642359657469077,0.026000000000000002,0.8954991199116078,0.044,0.003
3504,0.168,0.1828279873099082,0.6460000000000001,0.14169605033288618,0.16849999999999998,0.567892065344224,0.5188829460590366,0.1105,0.3195,0.16033887043189368,0.021993756161682552
3505,0.12249999999999998,0.1905,0.797,0.0989876796714579,0.1635,0.5469145891043399,0.38811036105500457,0.0935,0.45099999999999996,0.06979059829059829,0.004999999999999999
3506,0.037,0.027499999999999997,0.626,0.07527002058161388,0.013500000000000002,0.12112821572048701,0.9010000000000001,0.013000000000000001,0.4675000000000001,0.08235083881882165,0.0015
3507,0.3675,0.322,0.7305,0.11816371427816061,0.1735,0.42565360521418827,0.6052359657469076,0.11349999999999998,0.5044757501415361,0.32114489554904535,0.0185
3508,0.205,0.03,0.6415,0.01095499090725399,0.041,0.12212855082412286,0.9054937642526042,0.079,0.539,0.15940316205533595,0.0035000000000000005
3509,0.211,0.11099999999999999,0.6965,0.05094392523364486,0.05850000000000001,0.2929155415593264,0.8504999999999999,0.1355,0.36350000000000005,0.2941078057427964,0.0095
3510,0.05700000000000001,0.012,0.8085000000000001,0.017499999999999998,0.1275,0.2238227120268328,0.181,0.05,0.8505,0.1212905982905983,0.001
3511,0.29300000000000004,0.0485,0.5559999999999999,0.028499999999999998,0.0445,0.19254671395189926,0.834,0.11599999999999999,0.392082892998679,0.29144638949671775,0.004
3512,0.08249999999999999,0.09646194225721785,0.76,0.027970297029702967,0.05,0.2224789029781197,0.9060668824163971,0.05650000000000001,0.47066622691292875,0.07879059829059828,0.0014936337260681976
3513,0.46749999999999997,0.2809739676840216,0.625,0.05624929161716615,0.0645,0.6469932381835978,0.6761923825189715,0.2085,0.382,0.3982964299748357,0.01999359185014788
3514,0.1025,0.1255,0.732,0.047,0.10800000000000001,0.1995432332125896,0.265,0.225,0.4787495602462621,0.17179059829059828,0.0034999999999999996
3515,0.1485,0.1427045855417257,0.569,0.121746754359541,0.0895,0.20896292890363538,0.6174999999999999,0.188,0.5623750000000001,0.15674091039970683,0.006
3516,0.379,0.04033805905182416,0.5025,0.05321296381974646,0.047499999999999994,0.13596266696266696,0.9205,0.07749999999999999,0.3868746835443038,0.3271456691364501,0.008000000000000002
3517,0.049,0.033899090147310795,0.5,0.0435,0.0335,0.15678537898949976,0.9257763231197771,0.006500000000000001,0.35774950495049507,0.258,0.006999999999999999
3518,0.35150000000000003,0.14992822384428223,0.5975,0.030000000000000006,0.071,0.3129023894549297,0.637633764832794,0.13499999999999998,0.388,0.22490316205533598,0.014500000000000002
3519,0.2975,0.14176223825553827,0.696,0.09033105606382441,0.093,0.0711661801183388,0.8189611460356451,0.11400000000000002,0.47719030491255265,0.2583274497390765,0.0175
3520,0.322,0.073,0.635,0.10097029702970298,0.11699999999999999,0.18316659729159732,0.833117982873454,0.11400000000000002,0.5660000000000001,0.1549039603960396,0.013000000000000001
3521,0.2355,0.0325,0.611,0.0805,0.06399999999999999,0.09204822954822954,0.8889999999999999,0.017,0.2559166666666667,0.11630632411067195,0.004
3522,0.39749999999999996,0.23885828876053092,0.6765000000000001,0.056999999999999995,0.133,0.31500000000000006,0.6224142241287917,0.15550000000000003,0.53375,0.18190396039603957,0.0195
3523,0.21600000000000003,0.19949999999999998,0.6895,0.05387721608366317,0.136,0.3995609141261698,0.4797357414448669,0.131,0.487582892998679,0.21814047208150086,0.019
3524,0.091,0.03292926829268293,0.6835,0.029377122808434686,0.4205,0.0875,0.8541848652898508,0.0705,0.6244161716171617,0.11687050423763992,0.011
3525,0.3215,0.09649999999999999,0.7155,0.06543411770390414,0.11000000000000001,0.0995,0.9164999999999999,0.16099999999999998,0.6235,0.17200000000000001,0.0075000000000000015
3526,0.051500000000000004,0.0,0.509,0.034499999999999996,0.0025,0.13827411477411478,0.9484999999999999,0.002,0.376,0.049806324110671936,0.0
3527,0.09,0.02742388451443569,0.5825,0.009,0.026000000000000002,0.17904856465186542,0.522,0.049,0.44800000000000006,0.08249999999999999,0.001
3528,0.27799999999999997,0.034999999999999996,0.613,0.048405047859851905,0.021500000000000002,0.0745,0.9800000000000001,0.0905,0.39849999999999997,0.20600000000000002,0.0035000000000000005
3529,0.5105000000000001,0.13699999999999998,0.49400000000000005,0.07835481632275378,0.14950000000000002,0.16270848137257587,0.8721179828734538,0.286,0.33648208074060937,0.2893961051649784,0.004
3530,0.001,0.0025,0.5960000000000001,0.0325,0.001,0.147,0.8254999999999999,0.0025,0.44299999999999995,0.0665,0.0
3531,0.0675,0.185,0.756,0.013500000000000002,0.048,0.18391822394707028,0.703684681067261,0.2565,0.43550000000000005,0.3932110828474152,0.0009873499837820304
3532,0.073,0.046,0.507,0.08897029702970297,0.0865,0.0685,0.8808088989627534,0.015500000000000003,0.4585,0.13730632411067195,0.0035000000000000005
3533,0.34199999999999997,0.14444797277300978,0.6975,0.1008044947957557,0.094,0.97,0.5798583361393695,0.121,0.567749504950495,0.23247848732225948,0.0185
3534,0.273,0.19887807047949407,0.5890000000000001,0.05978134008091075,0.141,0.0715,0.6313866447473466,0.1045,0.5919999999999999,0.15280712245137557,0.025
3535,0.13699999999999998,0.0745,0.576,0.08199999999999999,0.052000000000000005,0.15606037634406292,0.5305,0.028000000000000004,0.35350000000000004,0.06580712245137557,0.0025
3536,0.5265,0.22549999999999998,0.64,0.04482844452669566,0.06,0.1547881611215685,0.7967826349226699,0.2505,0.445,0.477946878422782,0.0075000000000000015
3537,0.227,0.08399999999999999,0.7455,0.06766462355276152,0.12250000000000001,0.3191885521885522,0.5400419598327824,0.077,0.5405,0.1259629349470499,0.01
3538,0.33949999999999997,0.14250000000000002,0.6835,0.05898469387755102,0.10750000000000001,0.0205,0.8755,0.184,0.5154995049504951,0.2645,0.006
3539,0.39349999999999996,0.244,0.75,0.057499999999999996,0.11000000000000001,0.4235457321853544,0.6863246809220934,0.1875,0.5715,0.257,0.0055
3540,0.509,0.0335,0.5445,0.016,0.064,0.10500000000000001,0.887566882416397,0.098,0.41,0.1035,0.008000000000000002
3541,0.3135,0.14653361228493708,0.644,0.04447029702970297,0.123,0.30071527551400934,0.2371179828734539,0.221,0.607,0.21000000000000002,0.010499999999999999
3542,0.0985,0.2949866359447005,0.8205,0.05250907735320749,0.094,0.22277411477411482,0.6221178707224334,0.426,0.48249999999999993,0.3493071224513756,0.00948734998378203
3543,0.132,0.0765,0.5429999999999999,0.0225,0.151,0.1271665972915973,0.946,0.055999999999999994,0.339832892998679,0.13958119658119655,0.012487345879299156
3544,0.0935,0.077,0.817,0.08038534988042664,0.0725,0.1825252807343471,0.9033088989627533,0.075,0.5168999999999999,0.06390316205533597,0.0085
3545,0.049,0.018,0.512,0.0799050478598519,0.008499999999999999,0.15262883030395427,0.9390000000000001,0.009,0.4568333333333333,0.09320039037087532,0.0
3546,0.34750000000000003,0.033,0.422,0.018,0.039,0.1695,0.8286179828734538,0.163,0.32852380952380955,0.39074707278813847,0.0
3547,0.0965,0.026500000000000003,0.55,0.04877943850807649,0.028499999999999998,0.13046292890363537,0.9550000000000001,0.013000000000000001,0.41949999999999993,0.08674085391661805,0.0025
3548,0.37049999999999994,0.2045,0.7445,0.0958845192930508,0.083,0.4394584629562373,0.6755441719110697,0.176,0.5160416666666667,0.3200859432200322,0.03349355511288617
3549,0.332,0.077,0.6465,0.07489915966386555,0.0965,0.19237125113096337,0.8870000000000001,0.1255,0.484957892998679,0.21521425691235016,0.0015
3550,0.36249999999999993,0.1264406548431105,0.5345,0.06386503561120435,0.0945,0.16050000000000003,0.6435942290893503,0.11499999999999999,0.6090815184416982,0.15402210348053322,0.009
3551,0.018,0.006486635944700461,0.6555,0.04,0.022,0.10218913226621736,0.9844999999999999,0.054000000000000006,0.35425,0.04630632411067194,0.0
3552,0.2655,0.0915,0.664,0.06344392523364487,0.08499999999999999,0.09156819256844775,0.7208027360122842,0.101,0.48179952456418385,0.13599999999999998,0.007000000000000001
3553,0.125,0.087,0.529,0.035,0.119,0.13127383863080685,0.7166909160892996,0.078,0.3145,0.35714063876871627,0.013987345879299156
3554,0.2045,0.17098990953375087,0.7565000000000001,0.075,0.08650000000000001,0.5062139533604476,0.4179426637955473,0.171,0.621,0.1045,0.01249375616168255
3555,0.191,0.1155,0.7205,0.07500000000000001,0.049,0.19812855082412287,0.5073818321785989,0.083,0.5235000000000001,0.1265,0.002
3556,0.11000000000000001,0.1395,0.7325,0.0435,0.14300000000000002,0.18084001907840025,0.7920340792514907,0.062,0.446,0.28700000000000003,0.0045000000000000005
3557,0.0235,0.014000000000000002,0.577,0.03298469387755102,0.024,0.1810912177867898,0.9226179828734539,0.0055,0.27149999999999996,0.10700000000000001,0.003
3558,0.22600000000000003,0.018,0.609,0.019187918488512746,0.053000000000000005,0.07232271202683278,0.7975,0.13649999999999998,0.34244952494061753,0.28744687842278205,0.0015
3559,0.4779999999999999,0.0595,0.6035,0.07740998181450798,0.07249999999999998,0.037,0.885,0.3015,0.5526662269129288,0.27233774834437086,0.004
3560,0.33149999999999996,0.11199999999999999,0.75,0.0235,0.18250000000000002,0.10573123677620866,0.8273616940547314,0.17,0.535,0.2475,0.01048126848504765
3561,0.233,0.0595,0.5385,0.027999999999999997,0.043000000000000003,0.08477411477411477,0.8591179828734539,0.054000000000000006,0.302,0.3795,0.002
3562,0.3255,0.22349999999999998,0.677,0.06267949795165725,0.0955,0.3326520611698528,0.5798756692281298,0.10600000000000001,0.42774999999999996,0.3428063241106719,0.027500000000000004
3563,0.33899999999999997,0.22800000000000004,0.6649999999999999,0.04488977979430596,0.08600000000000001,0.5271233966375342,0.760066882416397,0.209,0.4805,0.4061070074020927,0.014499999999999999
3564,0.125,0.145,0.614,0.41129688548584153,0.13599999999999998,0.38729686685676906,0.7205,0.10200000000000001,0.4601320807406094,0.1707852599286114,0.014499999999999999
3565,0.11800000000000002,0.16299999999999998,0.701,0.052940594059405946,0.21600000000000003,0.3965044864604041,0.41614571092831965,0.097,0.570832892998679,0.13428926699760843,0.004
3566,0.07649999999999998,0.026317567320297153,0.4085,0.05447029702970296,0.0125,0.126,0.4665,0.0085,0.233,0.0885,0.001
3567,0.576,0.1299421605382547,0.8725000000000002,0.07775556296925377,0.15800000000000003,0.40501368839048346,0.2802180777930565,0.15,0.76,0.08280632411067193,0.03248734801183043
3568,0.1605,0.17947396768402155,0.8665,0.0115,0.11750000000000001,0.3087786838846554,0.4605,0.42449999999999993,0.4808324538258576,0.18440316205533597,0.003
3569,0.094,0.0645,0.6955,0.057499999999999996,0.0225,0.07932271202683276,0.7608539486203616,0.025500000000000002,0.5329999999999999,0.1605,0.014500000000000002
3570,0.0395,0.179,0.9745000000000001,0.12602486982818054,0.196,0.5138176830903403,0.500998914326123,0.0235,0.8285,0.02233887043189369,0.008000000000000002
3571,0.19149999999999998,0.1165,0.6794999999999999,0.07938027884421095,0.14250000000000002,0.2498597876003315,0.8914877134531555,0.15499999999999997,0.3891246290801187,0.1252905982905983,0.009000000000000001
3572,0.152,0.0665,0.6980000000000001,0.0325,0.13399999999999998,0.17837794639573795,0.9282761381718299,0.0825,0.3295,0.227,0.0034999999999999996
3573,0.2285,0.22531143162086736,0.727,0.1509922279792746,0.0425,0.1852744498777506,0.6216848652898508,0.03849999999999999,0.7695,0.09690316205533597,0.0035000000000000005
3574,0.0225,0.05800000000000001,0.5265000000000001,0.026500000000000003,0.024,0.2053805081592211,0.8514999999999999,0.0015,0.4488333333333333,0.03758127635537526,0.0005
3575,0.131,0.07449999999999998,0.4164999999999999,0.04844392523364486,0.05349999999999999,0.09022360557768926,0.9164999999999999,0.13049999999999998,0.33599999999999997,0.23530632411067193,0.0015
3576,0.48199999999999993,0.0725,0.6305,0.030984693877551022,0.0735,0.1378220681790364,0.9075000000000001,0.15900000000000003,0.48012499999999997,0.20062834663496915,0.008
3577,0.148,0.051500000000000004,0.4145,0.019799068102997718,0.022,0.24070887067544713,0.53,0.03,0.439832892998679,0.19155635250812572,0.0005
3578,0.0045,0.010961942257217847,0.51,0.018748798508996547,0.0235,0.15177444987775063,0.8280000000000001,0.011000000000000001,0.24073333333333333,0.061175496688741726,0.0
3579,0.16549999999999998,0.046,0.5935,0.06186921317060181,0.015500000000000003,0.21123487104656177,0.948066882416397,0.07,0.4807333333333334,0.1030928713060513,0.0035000000000000005
3580,0.147,0.10194183319109651,0.7885,0.0762760008924305,0.0975,0.38512373754336277,0.23500000000000001,0.129,0.4944161716171617,0.12546328538985618,0.022000000000000002
3581,0.2645,0.12999999999999998,0.718,0.11580487327535167,0.1095,0.17696326400727122,0.886881832178599,0.05450000000000001,0.57625,0.1885282174307156,0.0165
3582,0.2105,0.08399999999999999,0.7264999999999999,0.055999999999999994,0.084,0.21143246677635585,0.7888555681385154,0.091,0.37366666666666665,0.1773388704318937,0.0085
3583,0.271,0.1978995459704881,0.6035,0.161,0.099,0.24162959935790013,0.5945030349853827,0.0635,0.7965,0.0932905982905983,0.005
3584,0.3095,0.07146194225721784,0.5504999999999999,0.03944377235430254,0.097,0.17473676753444223,0.8896909160892996,0.12200000000000003,0.6360740851868798,0.18067301840272262,0.0045
3585,0.056499999999999995,0.0075,0.5035000000000001,0.0095,0.025,0.08427444987775061,0.954,0.017499999999999998,0.3455,0.2479463894967177,0.0045
3586,0.23500000000000001,0.09877617011647247,0.47650000000000003,0.024824447600822506,0.0655,0.22477411477411477,0.4845,0.10600000000000001,0.4532668670438472,0.20264206876290816,0.0074875123233651
3587,0.1745,0.1595,0.5145,0.09136659441981021,0.19949999999999996,0.5389999999999999,0.5134049541251484,0.15899999999999997,0.35766666666666663,0.14724170874041045,0.017993593955321945
3588,0.008,0.018000000000000002,0.6100000000000001,0.052970297029702976,0.014500000000000002,0.17,0.7365,0.009,0.2835,0.149446878422782,0.0005
3589,0.27749999999999997,0.12450000000000001,0.6605000000000001,0.061837691651102936,0.083,0.43585974276305495,0.5106179828734538,0.12050000000000001,0.48066590970436407,0.21200000000000002,0.022000000000000002
3590,0.327,0.035500000000000004,0.6125,0.0485,0.018000000000000002,0.0737744498777506,0.9555,0.10550000000000001,0.24050000000000002,0.274,0.001
3591,0.014499999999999999,0.026000000000000002,0.5654999999999999,0.032499999999999994,0.037,0.1502741147741148,0.9094999999999999,0.010499999999999999,0.3968333333333333,0.06940316205533596,0.001
3592,0.063,0.027500000000000004,0.6210000000000001,0.013500000000000002,0.025500000000000002,0.20151749949427736,0.768566882416397,0.0165,0.37350000000000005,0.077,0.0015
3593,0.053500000000000006,0.052000000000000005,0.8734999999999999,0.0205,0.094,0.19337094157506232,0.5,0.071,0.3255,0.0155,0.0035000000000000005
3594,0.1645,0.0385,0.645,0.026992227979274606,0.013500000000000002,0.13396358214396797,0.9205,0.0945,0.37829166666666664,0.3573979561354973,0.005
3595,0.29,0.0465,0.5965,0.041,0.07550000000000001,0.132,0.778,0.1535,0.4285,0.21514407245504277,0.0
3596,0.248,0.049,0.646,0.033859147415218,0.042,0.12277444987775062,0.8262763231197772,0.193,0.512433149252543,0.30152995386043074,0.001
3597,0.259,0.0675,0.565,0.127,0.1165,0.18878603670696642,0.7486909160892996,0.11549999999999998,0.30900000000000005,0.26850000000000007,0.02049375616168255
3598,0.3405,0.12050000000000001,0.7364999999999999,0.06123016121230864,0.06799999999999999,0.2459629708970242,0.9150899827560028,0.0665,0.28687500000000005,0.16785240140718208,0.011
3599,0.008000000000000002,0.0,0.55,0.031,0.0035000000000000005,0.17327411477411475,0.884,0.004,0.30933333333333335,0.035903162055335974,0.0
3600,0.1645,0.08573291045432781,0.7235,0.03595917942309695,0.0945,0.08132240328267223,0.6436909160892995,0.122,0.6272,0.1106950075488982,0.022000000000000002
3601,0.5035000000000001,0.229,0.6575,0.2425,0.10200000000000001,0.1434258998006596,0.8957404654169359,0.0845,0.4900828382838284,0.25370147538955135,0.009000000000000001
3602,0.06299999999999999,0.0395,0.4225,0.01644059405940594,0.16949999999999998,0.22732658884857262,0.4025,0.043,0.763875,0.0995,0.0055
3603,0.5135,0.061,0.6130000000000001,0.07248469387755103,0.10300000000000001,0.14204795340492163,0.9385,0.1515,0.49737500000000007,0.20612834663496918,0.013000000000000001
3604,0.22200000000000003,0.0895,0.7350000000000001,0.0625,0.124,0.21227444987775063,0.5387516355552274,0.077,0.431082397949174,0.22717356989656773,0.030000000000000006
3605,0.077,0.0115,0.514,0.028999999999999998,0.05750000000000001,0.1065,0.861,0.006500000000000001,0.257,0.173753202533454,0.0035000000000000005
3606,0.367,0.16799999999999998,0.8785000000000001,0.03341422226334783,0.1335,0.2414374082901069,0.8601909160892994,0.096,0.3025,0.5941176691838472,0.016
3607,0.28200000000000003,0.029500000000000005,0.5345000000000001,0.013000000000000001,0.022,0.09704889975550123,0.916,0.11300000000000002,0.3815,0.17686609700238587,0.0015
3608,0.10200000000000001,0.0045,0.4245,0.028500000000000004,0.0015,0.1425,0.9460000000000001,0.006500000000000001,0.26,0.06050000000000001,0.0
3609,0.06100000000000001,0.009000000000000001,0.546,0.013500000000000002,0.020999999999999998,0.06635387045813587,0.8614999999999998,0.076,0.33849999999999997,0.096,0.0075
3610,0.46399999999999997,0.1145,0.6395,0.13789915966386554,0.07,0.22465319067703488,0.6963540170090952,0.185,0.5720000000000001,0.23343098591549297,0.007000000000000001
3611,0.07499999999999998,0.0355,0.46749999999999997,0.07186921317060183,0.06,0.1465,0.8987577985056964,0.020499999999999997,0.21458333333333335,0.08380712245137559,0.0015
3612,0.44800000000000006,0.07738632457610958,0.4085,0.0455,0.037,0.0775,0.8436179828734538,0.24,0.4365,0.341,0.006
3613,0.609,0.0385,0.7474999999999999,0.0175,0.147,0.1711994344971092,0.986,0.08399999999999999,0.694,0.2272905982905983,0.015000000000000003
3614,0.6134999999999999,0.0195,0.505,0.019499999999999997,0.0495,0.13473676753444225,0.5670000000000001,0.2045,0.3438333333333333,0.36772667630057804,0.001
3615,0.06949999999999999,0.06899999999999999,0.505,0.1023187218531518,0.051500000000000004,0.16042624910663492,0.8074999999999999,0.5680000000000001,0.5559996283448959,0.2146410799600841,0.002
3616,0.006500000000000001,0.0015,0.5840000000000001,0.046000000000000006,0.001,0.11477444987775062,0.9890000000000001,0.0045,0.3095,0.045403162055335976,0.001
3617,0.21749999999999997,0.10338754710643165,0.731,0.07968335149307382,0.123,0.37169560636248755,0.49915917085935935,0.14150000000000001,0.5421735701472522,0.1597094861660079,0.013000000000000001
3618,0.3235,0.1404613368283093,0.7125,0.02245499090725399,0.074,0.15599999999999997,0.9490000000000001,0.05450000000000001,0.2475,0.34950000000000003,0.0044967752604597325
3619,0.0455,0.0095,0.5335,0.0155,0.0475,0.10149999999999999,0.9279999999999999,0.019,0.396,0.17329184549356222,0.0
3620,0.159,0.0075,0.39449999999999996,0.02273424878180618,0.042499999999999996,0.10064400256574728,0.868,0.008,0.2329986242811864,0.20489277899343544,0.0
3621,0.0975,0.07540558961823482,0.6805000000000001,0.052000000000000005,0.08700000000000001,0.23604822954822957,0.2935,0.23950000000000005,0.5449995049504951,0.1551985997814843,0.0035000000000000005
3622,0.30250000000000005,0.15446043656207367,0.6479999999999999,0.06389891614089885,0.16899999999999998,0.7595,0.5542911704298632,0.12599999999999997,0.488,0.2425,0.026500000000000003
3623,0.006500000000000001,0.0055,0.5894999999999999,0.022,0.033,0.118,0.9285668824163971,0.014499999999999999,0.39783333333333337,0.08090316205533599,0.002
3624,0.0035000000000000005,0.008499999999999999,0.42400000000000004,0.0075000000000000015,0.026500000000000003,0.1485,0.5680000000000001,0.012,0.26949999999999996,0.057499999999999996,0.0
3625,0.08299999999999999,0.02547396768402154,0.5435,0.011000000000000001,0.046,0.1545,0.657,0.085,0.491,0.08650000000000001,0.0015
3626,0.414,0.101,0.6094999999999999,0.05345499090725399,0.077,0.11618627254035621,0.719143398757849,0.2015,0.5163333333333334,0.361,0.0195
3627,0.1605,0.0909009111617312,0.6134999999999999,0.01497029702970297,0.0965,0.30919429384863817,0.8309208310367586,0.1155,0.5248319034805855,0.22932341000023743,0.00349359185014788
3628,0.13399999999999998,0.026500000000000003,0.5165,0.061,0.0085,0.09227411477411478,0.9511179828734537,0.0635,0.26925,0.16740316205533595,0.0055
3629,0.158,0.14750000000000002,0.808,0.053369213170601816,0.094,0.23423097483524025,0.836960961087698,0.10800000000000001,0.6923746290801187,0.10656021690103348,0.015000000000000003
3630,0.3015,0.16740323597670448,0.6184999999999998,0.05385481632275376,0.155,0.34872476404631136,0.425740465416936,0.26,0.5664315864439728,0.26175165614998597,0.023
3631,0.14100000000000001,0.028499999999999998,0.6815,0.07997645913444212,0.022,0.12485387045813585,0.890963068931226,0.054000000000000006,0.6300161716171618,0.0673495515520537,0.0075000000000000015
3632,0.4095000000000001,0.10997396768402154,0.6535,0.06331927012319974,0.13999999999999999,0.31617644860524,0.7979999999999999,0.0945,0.46399999999999997,0.28718383029164685,0.017
3633,0.15300000000000002,0.23392926829268293,0.745,0.1746802562218096,0.24300000000000002,0.6058975754204241,0.5135413060096718,0.1665,0.5225,0.121,0.03949375616168256
3634,0.425,0.043,0.4835,0.028000000000000004,0.041999999999999996,0.12264428020565554,0.8011848652898508,0.17550000000000002,0.2415,0.4552549999999999,0.0015
3635,0.051500000000000004,0.026386324576109576,0.5494999999999999,0.017499999999999998,0.0455,0.16035387045813587,0.6214999999999999,0.06000000000000001,0.46499999999999997,0.07921028450671155,0.0015
3636,0.08399999999999999,0.07550000000000001,0.7135,0.07235481632275378,0.079,0.2711885521885522,0.26019091608929945,0.118,0.4929166666666667,0.14042175650661004,0.005
3637,0.6455,0.022500000000000003,0.4659999999999999,0.032469387755102046,0.0595,0.1285,0.7389999999999999,0.092,0.34400000000000003,0.3230468454935622,0.0
3638,0.4109999999999999,0.0785,0.5955,0.0908208736950091,0.1315,0.3575907582297484,0.6954998150520527,0.10900000000000001,0.42700000000000005,0.16791297340212205,0.0355
3639,0.051500000000000004,0.14950000000000002,0.603,0.30720617379453335,0.10600000000000001,0.20294138227298375,0.8701178707224335,0.062,0.5750487474072761,0.14524203248722964,0.004
3640,0.35150000000000003,0.15685749213696515,0.6655,0.04835148514851485,0.0735,0.17776181613771946,0.36,0.15150000000000002,0.4025,0.4193063241106719,0.0045000000000000005
3641,0.29350000000000004,0.16789821748756634,0.7910000000000001,0.11431986417771475,0.124,0.2631433494629673,0.7368818321785989,0.23850000000000002,0.6371745245641838,0.21824013900147765,0.011993593955321945
3642,0.08499999999999999,0.0595,0.584,0.05029770017818108,0.0115,0.1307744498777506,0.792,0.0235,0.4686666666666667,0.09549362400709649,0.0035000000000000005
3643,0.2894676184295912,0.1284223788192915,0.715,0.059914222263347826,0.17650000000000002,0.8472041930141128,0.4869032182136256,0.11000000000000001,0.5890000000000001,0.196,0.022
3644,0.05800000000000001,0.018,0.43499999999999994,0.12474342318530211,0.056499999999999995,0.16950000000000004,0.870066882416397,0.013000000000000001,0.2984583333333334,0.11573747671338033,0.01
3645,0.8009999999999999,0.0185,0.5835,0.05898469387755102,0.068,0.12077411477411477,0.8969999999999999,0.028499999999999998,0.2856666666666666,0.148,0.0095
3646,0.395,0.23998021828103683,0.607,0.11433794547679069,0.139,0.2520485646518654,0.6564980266858702,0.14100000000000001,0.5291661716171617,0.21185400214900904,0.0245
3647,0.367,0.097,0.6045,0.066,0.0125,0.033731467264445036,0.8967375852650615,0.1825,0.4455,0.3055,0.0005
3648,0.072,0.021,0.5740000000000001,0.016970297029702968,0.0125,0.083,0.9654999999999999,0.041,0.35629122691292875,0.25678413784108856,0.001
3649,0.19749999999999998,0.017499999999999998,0.7224999999999999,0.05872439846229133,0.1035,0.13599999999999998,0.932,0.027499999999999997,0.293332892998679,0.17524414133061458,0.0024967752604597325
3650,0.0925,0.10692327908552715,0.6555,0.0405,0.05500000000000001,0.18992599801265478,0.8774999999999998,0.0685,0.5047662269129288,0.13673747671338032,0.0025
3651,0.39549999999999996,0.15350000000000003,0.6214999999999999,0.03582844452669566,0.0995,0.4533999107121415,0.505566882416397,0.1985,0.3990408552578247,0.42249303070571076,0.031
3652,0.4445,0.23996133682830928,0.6685000000000001,0.07300000000000001,0.099,0.38288632409499246,0.6948757813791503,0.24100000000000002,0.49762499999999993,0.3589039603960396,0.015000000000000003
3653,0.53,0.06150000000000001,0.673,0.07244392523364487,0.1165,0.11096292890363538,0.9259999999999999,0.14850000000000002,0.3835,0.3023377483443709,0.012493591850147878
3654,0.325,0.13583232663975478,0.712,0.05065148484878188,0.13899999999999998,0.28248308579350184,0.5932139527869186,0.0645,0.492673589760941,0.07124203248722964,0.0015
3655,0.3235,0.07350000000000001,0.549,0.08486921317060184,0.0675,0.11700000000000002,0.744,0.21749999999999997,0.47337462834489596,0.34324091039970683,0.008499999999999999
3656,0.4845,0.10149999999999999,0.656,0.10640998181450798,0.13999999999999999,0.21054767726161366,0.734,0.146,0.35883289299867904,0.25021028450671157,0.0025
3657,0.2765,0.16846043656207366,0.6950000000000001,0.06639558496665993,0.127,0.1299294185156848,0.44776358165075314,0.12050000000000001,0.3747996827914354,0.2701440724550428,0.0225
3658,0.37250000000000005,0.16050000000000003,0.5854999999999999,0.09941331298874691,0.077,0.19077189466183547,0.8622359657469078,0.136,0.6291662269129288,0.2143079207920792,0.015
3659,0.016,0.0125,0.539,0.03,0.013000000000000001,0.11677444987775061,0.906,0.013500000000000002,0.39299999999999996,0.182,0.015
3660,0.47850000000000004,0.0785,0.6495,0.05688361001844987,0.030499999999999992,0.21451157825465836,0.6345,0.15499999999999997,0.4315833333333334,0.4022633383202973,0.0055
3661,0.27146761842959116,0.057999999999999996,0.514,0.05680980723000776,0.11800000000000002,0.127,0.8465,0.0485,0.3995,0.10600000000000001,0.01699375616168255
3662,0.042499999999999996,0.07489121054990078,0.8505,0.02689891614089885,0.10500000000000001,0.43594866761198114,0.4835,0.0725,0.25583333333333336,0.0793990762578727,0.002
3663,0.30999999999999994,0.12534435206655842,0.6775,0.054261604044582454,0.125,0.7497084813725758,0.6149281894583085,0.11299999999999999,0.516,0.2476295938379331,0.020499999999999997
3664,0.6645000000000001,0.150885221342745,0.638,0.07695499090725398,0.10700000000000001,0.19270029071808228,0.6225665125205027,0.10049999999999999,0.595,0.18944638949671772,0.018996858465608467
3665,0.46349999999999997,0.29700000000000004,0.7265,0.031999999999999994,0.2435,0.1738361871249951,0.6163028481633047,0.2105,0.38975,0.3665,0.014500000000000002
3666,0.376,0.0615,0.6735,0.0385,0.074,0.15223547569851553,0.9303028481633048,0.1105,0.41100000000000003,0.279,0.0025
3667,0.15299999999999997,0.2299739676840215,0.8105,0.06081425940300742,0.1255,0.2359026099744332,0.4121848652898509,0.258,0.5646995249406175,0.2460560989058737,0.0025
3668,0.3375,0.125,0.694,0.060360076824008936,0.13199999999999998,0.2437117157246774,0.6768028481633047,0.047,0.5405,0.22800000000000004,0.004999999999999999
3669,0.07200000000000001,0.0295,0.6425000000000001,0.053000000000000005,0.0465,0.10954856465186538,0.958,0.043,0.346,0.10817661877626454,0.003
3670,0.297,0.127,0.6165,0.022,0.1045,0.18152056054454244,0.65,0.20149999999999996,0.5359999999999999,0.38150000000000006,0.004
3671,0.039,0.0315,0.571,0.04636431727284877,0.0015,0.087,0.9415000000000001,0.019,0.3804990099009901,0.11154803285108239,0.0085
3672,0.3465,0.042,0.4285,0.054443925233644865,0.035,0.15635438042620364,0.8403757813791504,0.1325,0.25375000000000003,0.25480632411067194,0.003493593955321945
3673,0.40599999999999997,0.056242857661875215,0.7130000000000001,0.04498469387755102,0.054000000000000006,0.13932301452961598,0.8631657961237229,0.06,0.3896666666666667,0.11443098591549294,0.002
3674,0.238,0.1305,0.656,0.02492861911119588,0.0875,0.21896239081935903,0.7047249953407901,0.10899999999999999,0.5529999999999999,0.1256440724550428,0.012
3675,0.3205,0.1935,0.6234999999999999,0.06798969072164948,0.08299999999999999,0.2925311641350795,0.5122340053674993,0.1585,0.5075000000000001,0.3417527136073896,0.0205
3676,0.2805,0.0675,0.7655000000000001,0.024940594059405942,0.12249999999999998,0.223,0.36456688241639695,0.34299999999999997,0.5587990295146789,0.13073712737127371,0.0035000000000000005
3677,0.5,0.0895,0.6045,0.0905,0.06799999999999999,0.11096292890363538,0.8924999999999998,0.227,0.267,0.24650000000000002,0.01
3678,0.30199999999999994,0.0985,0.7779999999999999,0.08697692185682564,0.099,0.18773769691808276,0.8012761685947739,0.16799999999999998,0.5741662269129287,0.19103263077782795,0.012
3679,0.33849999999999997,0.19342926829268295,0.7635,0.06682753525209473,0.064,0.373863745240718,0.672,0.0975,0.5388333333333334,0.3914915969172122,0.022
3680,0.007000000000000001,0.001,0.54,0.04048469387755102,0.016,0.10577411477411477,0.9629999999999999,0.001,0.22583333333333333,0.12085004047811802,0.011500000000000002
3681,0.273,0.1145,0.807,0.02947029702970297,0.1005,0.12654242264668805,0.9835,0.036500000000000005,0.59275,0.16713082611368624,0.029000000000000005
3682,0.4050000000000001,0.181,0.631,0.06294059405940594,0.154,0.25777383863080683,0.7374208310367585,0.127,0.457,0.22526254739412632,0.0175
3683,0.6559999999999999,0.012500000000000002,0.5094999999999998,0.10181758632710132,0.032999999999999995,0.15673678173678174,0.9055,0.0085,0.35137500000000005,0.14112474962977845,0.0005
3684,0.0885,0.131,0.531,0.0325,0.054000000000000006,0.11748854937590189,0.8825,0.0655,0.5189999999999999,0.11349999999999998,0.0045
3685,0.3305,0.05449999999999999,0.5685,0.0435,0.0235,0.13932267942598017,0.3845,0.0345,0.292832892998679,0.081,0.0015
3686,0.44000000000000006,0.14148663594470046,0.6465,0.12366544283746253,0.10200000000000001,0.48,0.5622401683179683,0.144,0.4833333333333333,0.2402311644585849,0.012
3687,0.2835,0.26450000000000007,0.6765000000000001,0.11761394636922118,0.12,0.2757102489725392,0.7432077850897028,0.27999999999999997,0.49249950495049505,0.18620887853244228,0.018500000000000003
3688,0.0445,0.07796194225721785,0.9155000000000001,0.0355,0.13099999999999998,0.2655056240319486,0.05700000000000001,0.0325,0.9400000000000001,0.05790316205533598,0.002
3689,0.028000000000000004,0.0115,0.42000000000000004,0.021500000000000002,0.0375,0.13567712252910608,0.841,0.009,0.3362995245641838,0.189,0.0
3690,0.14300000000000002,0.027000000000000003,0.599,0.041470297029702965,0.054000000000000006,0.0941888141295206,0.7073943059932309,0.03,0.38799999999999996,0.09,0.0035000000000000005
3691,0.584,0.15876537783339617,0.8375,0.05543968478480501,0.1385,0.35491018053081175,0.2623028481633046,0.08650000000000001,0.7369999999999999,0.091,0.016
3692,0.5045,0.18250000000000002,0.776,0.0305,0.099,0.35259635773291087,0.7248582633424426,0.265,0.395,0.40248026747750965,0.033493756161682556
3693,0.293,0.0785,0.627,0.010410891089108911,0.1425,0.17585945249669566,0.5965,0.0685,0.42800000000000005,0.24750000000000005,0.008000000000000002
3694,0.4655,0.05700000000000001,0.5685,0.063954990907254,0.0955,0.1557741147741148,0.9324999999999999,0.14550000000000002,0.5531662269129287,0.2169039603960396,0.013500000000000002
3695,0.3345,0.1674421605382547,0.5775,0.06445009500950095,0.14850000000000002,0.07291478060046189,0.7621393283223935,0.1635,0.56325,0.17940396039603962,0.032499999999999994
3696,0.006,0.006,0.5934999999999999,0.0595,0.002,0.12349999999999998,0.9964999999999999,0.0025,0.31033333333333335,0.084350040478118,0.0005
3697,0.42350000000000004,0.157,0.7234999999999999,0.047,0.076,0.13186526273476062,0.8435,0.0635,0.34600000000000003,0.387,0.015000000000000003
3698,0.2365,0.061,0.5825,0.006500000000000001,0.119,0.24342363711940268,0.10099999999999998,0.145,0.6360000000000001,0.1383388704318937,0.004
3699,0.12149999999999998,0.04747396768402155,0.7084999999999999,0.03297029702970297,0.051000000000000004,0.10200000000000001,0.9559999999999998,0.031,0.4175,0.1442905982905983,0.0045
3700,0.22549999999999998,0.027499999999999997,0.5599999999999999,0.128,0.1755,0.2647982026573369,0.32019091608929945,0.08449999999999999,0.3163736248621028,0.1896883874800778,0.00898734998378203
3701,0.11850000000000001,0.06999999999999999,0.7345,0.048,0.125,0.23799929405384276,0.38500000000000006,0.15350000000000003,0.4375,0.10550000000000001,0.004987185805469825
3702,0.008,0.005,0.4875,0.027414978658606447,0.021,0.134,0.9675,0.016000000000000004,0.2971666666666667,0.06615636458878996,0.0005
3703,0.259,0.137,0.6439999999999999,0.04781863699695493,0.1155,0.13218720415689716,0.7177826349226698,0.129,0.5418999999999999,0.2588079207920792,0.004999999999999999
3704,0.2645,0.074,0.5665,0.017499999999999998,0.034,0.0663773663180728,0.9550000000000001,0.0925,0.22400000000000003,0.278,0.0005
3705,0.12450000000000001,0.079,0.6825,0.05598469387755103,0.099,0.40678777663506693,0.16549999999999998,0.10300000000000001,0.3550000000000001,0.119,0.0125
3706,0.501,0.13186987517649404,0.7705,0.08178343543394964,0.163,0.22937762825904123,0.8886848652898507,0.153,0.5472499999999999,0.29632552864413136,0.008993591850147881
3707,0.1775,0.099,0.7705,0.018984693877551022,0.028000000000000004,0.1767364913911343,0.8535,0.088,0.48775,0.221,0.0055
3708,0.22150000000000003,0.09442926829268292,0.622,0.07094392523364486,0.09749999999999999,0.3035,0.8595,0.15499999999999997,0.5038157318634238,0.24504883119178605,0.0085
3709,0.29999999999999993,0.0455,0.7434999999999999,0.057499999999999996,0.06999999999999999,0.181,0.6035466691757622,0.12349999999999998,0.48950000000000005,0.1295,0.004
3710,0.0235,0.05793590994123939,0.4955,0.041,0.009,0.13985410094637224,0.8724999999999999,0.027000000000000003,0.39349999999999996,0.21400000000000002,0.001
3711,0.041499999999999995,0.002,0.5295,0.05248469387755102,0.05650000000000001,0.12977411477411477,0.9030000000000001,0.005,0.22950000000000004,0.145850040478118,0.002
3712,0.0095,0.011000000000000001,0.569,0.023,0.009,0.13609651805678702,0.8600000000000001,0.006500000000000001,0.3158333333333333,0.12149999999999998,0.0005
3713,0.07550000000000001,0.12947396768402156,0.923,0.008,0.083,0.20536760814343652,0.6051178707224334,0.414,0.5825,0.12349999999999998,0.0045
3714,0.198,0.08199999999999999,0.67,0.046944289837146984,0.11949999999999998,0.15299999999999997,0.6425410329508259,0.11000000000000001,0.46555746662872427,0.14618891091001168,0.003
3715,0.20249999999999999,0.03092822384428224,0.7274999999999999,0.13720519179902108,0.0895,0.2407236055776892,0.7769999999999999,0.152,0.55025,0.146903162055336,0.003
3716,0.17450000000000002,0.14796043656207367,0.48599999999999993,0.11598722485020019,0.1805,0.527497444208496,0.4048249883772715,0.1135,0.562,0.12349999999999998,0.024
3717,0.16099999999999998,0.082,0.635,0.01735814749699269,0.093,0.129,0.7310000000000001,0.10500000000000001,0.5074161716171617,0.14460735784489898,0.0055
3718,0.149,0.0695,0.6935,0.030430284781055424,0.1255,0.293128215720487,0.4095,0.19649999999999998,0.48424999999999996,0.1065,0.003
3719,0.034999999999999996,0.047,0.5135,0.1565,0.1145,0.14777411477411478,0.06506688241639698,0.025500000000000002,0.546,0.10200000000000001,0.002
3720,0.14200000000000002,0.1585,0.545,0.08793888458321525,0.1765,0.5805463439639974,0.5113176116397556,0.156,0.3726666666666666,0.13074170874041044,0.010493593955321946
3721,0.24900000000000003,0.22349999999999998,0.673,0.10285415057111953,0.1325,0.29946266696266693,0.4605,0.13249999999999998,0.46470789299867904,0.37771599899724584,0.02349359185014788
3722,0.4574999999999999,0.0335,0.5085,0.01698469387755102,0.051000000000000004,0.14126765873784905,0.8605,0.178,0.332,0.33033887043189364,0.0015
3723,0.191,0.06096194225721785,0.7035,0.0773845192930508,0.121,0.29900000000000004,0.6345908238383766,0.1065,0.47424999999999995,0.12183774834437085,0.007000000000000001
3724,0.1585,0.0225,0.661,0.026000000000000002,0.0245,0.0855,0.8780000000000001,0.05,0.500249504950495,0.134,0.0025
3725,0.08900000000000001,0.08692822384428224,0.5725,0.11053871378738345,0.172,0.532721711161998,0.4603257315072106,0.0925,0.2715,0.055999999999999994,0.006500000000000001
3726,0.32099999999999995,0.1095,0.6975,0.06245917942309694,0.08299999999999999,0.20898905410541685,0.9241179828734538,0.0935,0.4795,0.1445,0.014000000000000002
3727,0.4665,0.209,0.703,0.22689065101200384,0.07800000000000001,0.19708811404756002,0.7254224505549124,0.1065,0.7831666666666667,0.17200000000000001,0.006500000000000001
3728,0.271,0.1978995459704881,0.6035,0.161,0.099,0.24162959935790013,0.5945030349853827,0.0635,0.7965,0.0932905982905983,0.005
3729,0.1105,0.019,0.5329999999999999,0.00944392523364486,0.1325,0.13668913226621734,0.6665,0.057499999999999996,0.5545,0.17369500754889822,0.0045000000000000005
3730,0.38050000000000006,0.1147621675711106,0.7045,0.11266544283746253,0.10350000000000001,0.5543924825174825,0.507122297595535,0.1315,0.5273323432343234,0.23907500152010427,0.013000000000000001
3731,0.6285000000000001,0.10049999999999999,0.8545,0.005984693877551021,0.148,0.25698271753914165,0.8716179828734539,0.1315,0.6174666666666667,0.29167321945376146,0.01
3732,0.025,0.013499999999999998,0.5535,0.026000000000000002,0.0035000000000000005,0.12309651805678701,0.8915,0.0115,0.3185,0.0665,0.0005
3733,0.023,0.0105,0.6185,0.037383853541416566,0.011500000000000002,0.10335410094637223,0.9789999999999999,0.014500000000000002,0.30033333333333334,0.085350040478118,0.001
3734,0.29850000000000004,0.11089954597048808,0.696,0.12142035398230089,0.0675,0.15205423433888557,0.7187003508188606,0.10499999999999998,0.576,0.36150000000000004,0.009500000000000001
3735,0.11700000000000002,0.101,0.73,0.0445,0.055999999999999994,0.18100565520122722,0.7911645043558744,0.058499999999999996,0.4914162269129287,0.13419376034593425,0.006492138575618677
3736,0.347,0.10399999999999998,0.6835,0.06395998775135245,0.0755,0.10487461562831701,0.817066882416397,0.1425,0.5406835890062809,0.31337737541221067,0.008991601703611619
3737,0.183,0.1579485782019183,0.718,0.12757552421217497,0.21049999999999996,0.5238371831561296,0.3720848440039757,0.154,0.21150000000000002,0.599761424356832,0.0075000000000000015
3738,0.013500000000000002,0.006,0.5880000000000001,0.024,0.025500000000000002,0.13649999999999998,0.484,0.016499999999999997,0.4069999999999999,0.05550000000000001,0.0005
3739,0.11949999999999998,0.10149999999999999,0.756,0.05499999999999999,0.0905,0.2878775067133183,0.9164999999999999,0.042,0.5218328929986791,0.13000000000000003,0.005
3740,0.2645,0.031000000000000007,0.512,0.026398916140898853,0.10750000000000001,0.1806767803723524,0.8075668103448276,0.10700000000000001,0.4416245049504951,0.2962070053790468,0.004493593955321945
3741,0.017,0.015500000000000003,0.6205,0.03200000000000001,0.008,0.17577411477411475,0.881,0.011,0.45925000000000005,0.10540316205533598,0.001
3742,0.034999999999999996,0.047,0.5135,0.1565,0.1145,0.14777411477411478,0.06506688241639698,0.025500000000000002,0.546,0.10200000000000001,0.002
3743,0.3395,0.11599999999999999,0.704,0.04132844452669566,0.1125,0.4133297204501033,0.4602207034401398,0.133,0.5252476481468762,0.35561230308439906,0.012
3744,0.004,0.0,0.5435,0.039,0.01,0.10777444987775062,0.9800000000000001,0.0015,0.30933333333333335,0.06390316205533597,0.0005
3745,0.4305,0.0865,0.6195,0.04286921317060182,0.0765,0.12423704367775015,0.8404999999999999,0.0695,0.33666666666666667,0.16894687842278205,0.044993593955321945
3746,0.531,0.039,0.6265,0.0325,0.10800000000000001,0.19877383863080683,0.9095668824163969,0.21600000000000003,0.5660000000000001,0.26840396039603964,0.009
3747,0.05499999999999999,0.0935,0.884,0.16444392523364487,0.15550000000000003,0.399224733777274,0.1453088989627533,0.064,0.8961662269129288,0.10374203248722966,0.0165
3748,0.29900000000000004,0.0615,0.63,0.058785931691185046,0.089,0.08627411477411477,0.9716179828734539,0.10899999999999999,0.5142486942768759,0.22226312104678736,0.007000000000000001
3749,0.23149999999999998,0.1395,0.8389999999999999,0.03548469387755103,0.0975,0.24445366686680528,0.8154999999999999,0.0935,0.3924990099009901,0.12983887043189368,0.0075
3750,0.27149999999999996,0.275,0.7394999999999999,0.09997029702970298,0.10149999999999999,0.7861513896384933,0.7917826349226698,0.1565,0.47750000000000004,0.372,0.034999999999999996
3751,0.3655,0.04944216053825469,0.6205,0.11086210296287362,0.0665,0.26077411477411483,0.887396186514829,0.16,0.5618497606234426,0.09126985634738664,0.001
3752,0.2705,0.2104344042460952,0.6555000000000001,0.05627266971819158,0.14150000000000001,0.8938779463957379,0.5258284781492448,0.092,0.6069162950115625,0.20871108284741516,0.025988515875496027
3753,0.0865,0.168,0.7655000000000001,0.04333533264090734,0.131,0.21309747146048444,0.5346162467960862,0.0885,0.6336245049504952,0.18497194910352807,0.0125
3754,0.08800000000000001,0.12076624215550927,0.7010000000000001,0.057090199979414544,0.10300000000000001,0.32691249309480164,0.5256457109283196,0.055499999999999994,0.33,0.0745,0.004
3755,0.3085,0.037,0.617,0.008470297029702971,0.0985,0.10877411477411478,0.465,0.153,0.3771666666666667,0.3583063241106719,0.0014873499837820305
3756,0.0825,0.0225,0.5275000000000001,0.0115,0.0625,0.1075,0.908,0.034,0.22800000000000004,0.22599999999999998,0.0015
3757,0.325,0.21678590717590457,0.715,0.038484693877551025,0.11200000000000002,0.9952738386308069,0.5799505826411255,0.173,0.53775,0.209,0.02
3758,0.469,0.131,0.663,0.03,0.092,0.24375790792183466,0.8240000000000001,0.1085,0.33475,0.16929184549356222,0.037
3759,0.42799999999999994,0.16349999999999998,0.577,0.04471070675585008,0.1355,0.26385387045813585,0.5847404654169359,0.1465,0.2919990651967571,0.5400499532793088,0.015000000000000003
3760,0.5105,0.12150000000000001,0.7364999999999999,0.03397029702970297,0.10300000000000001,0.23487481052656886,0.7012808352033156,0.202,0.5705,0.231,0.0085
3761,0.4795,0.133,0.5914999999999999,0.050970297029702974,0.075,0.1890592385506013,0.751,0.22199999999999998,0.45662499999999995,0.3483063241106719,0.0305
3762,0.028999999999999998,0.061499999999999985,0.8504999999999999,0.0125,0.058499999999999996,0.2634265110476033,0.7071847531388304,0.25,0.5466662269129288,0.34049999999999997,0.0
3763,0.199,0.24899999999999997,0.724,0.06186007682400894,0.0765,0.46321909702607433,0.7857359657469077,0.1635,0.5271666666666667,0.37620384534675677,0.02348734998378203
3764,0.3,0.13926114212751578,0.758,0.040499999999999994,0.11399999999999999,0.31157066457227767,0.34415816326530607,0.2145,0.46516622691292875,0.3184629349470499,0.013493756161682552
3765,0.06000000000000001,0.015500000000000003,0.5455,0.025500000000000002,0.028000000000000004,0.19186566766454044,0.9075,0.0185,0.22599999999999998,0.1375,0.0015
3766,0.1085,0.005,0.5295,0.026000000000000002,0.011,0.13817182662490315,0.9080466691757622,0.0025,0.3215,0.143850040478118,0.002
3767,0.3145,0.077,0.542,0.1655668919815394,0.092,0.26670816827004795,0.826,0.06899999999999999,0.3264578382838284,0.1884039603960396,0.0375
3768,0.24450000000000002,0.041999999999999996,0.639,0.07400000000000001,0.11549999999999998,0.1125,0.931,0.053000000000000005,0.37249999999999994,0.1555,0.003
3769,0.44849999999999995,0.3105,0.724,0.08941089108910891,0.11949999999999998,0.3425035055174884,0.7745,0.179,0.570999133295391,0.25886609700238583,0.023
3770,0.4844676184295912,0.13829372009105062,0.8514999999999999,0.11288527568830942,0.14650000000000002,0.4720129796149301,0.4260466691757621,0.1505,0.7333333333333334,0.1423355541901158,0.0055000000000000005
3771,0.3825,0.2119282238442822,0.7115,0.10336431727284878,0.118,0.29300000000000004,0.650824081461224,0.10899999999999999,0.5455411716171618,0.14693546908634472,0.0185
3772,0.008,0.016,0.5575,0.052456730769230776,0.008,0.1317744498777506,0.9536179828734538,0.0,0.23233333333333334,0.06540316205533597,0.001
3773,0.195,0.0855,0.693,0.08347029702970298,0.12649999999999997,0.207823014529616,0.9030668103448276,0.091,0.5230819778091249,0.2997715279636072,0.010499999999999999
3774,0.40099999999999997,0.363,0.618,0.11444392523364486,0.139,0.31389942273544136,0.708544864709661,0.1785,0.42075000000000007,0.39333774834437085,0.0315
3775,0.5605,0.0605,0.6224999999999999,0.026500000000000003,0.0595,0.3227876528061338,0.8308088989627531,0.16649999999999998,0.374,0.28024283082793333,0.0175
3776,0.006999999999999999,0.011,0.49749999999999994,0.027500000000000004,0.0075,0.157,0.806,0.0015,0.5085,0.037500000000000006,0.0
3777,0.2915,0.1334266733290182,0.6,0.03347029702970297,0.12400000000000003,0.27289040842679874,0.0675,0.1915,0.5997495049504951,0.1872020266174963,0.015493593955321946
3778,0.11950000000000001,0.0645,0.6265000000000001,0.069,0.0305,0.08918686958496046,0.8504998150520529,0.0915,0.7184999999999999,0.143903162055336,0.004
3779,0.0055,0.018,0.5705,0.043,0.0215,0.12827383863080682,0.9295,0.013499999999999998,0.328,0.31000000000000005,0.0034999999999999996
3780,0.30199999999999994,0.146,0.742,0.057499999999999996,0.0985,0.21435943829435616,0.5366909160892995,0.1165,0.5479999999999999,0.22349999999999998,0.017987345879299156
3781,0.457,0.246,0.6515000000000001,0.15544392523364486,0.11000000000000001,0.37830748129252184,0.874,0.155,0.47741523681391884,0.34478826269721624,0.017
3782,0.552,0.064,0.5565,0.02897029702970297,0.11150000000000002,0.14254856465186538,0.9755,0.19250000000000003,0.4425,0.258,0.001
3783,0.22949999999999998,0.022,0.7045,0.03889558496665993,0.038,0.0715,0.9914999999999999,0.027500000000000004,0.20991666666666667,0.1797063120300077,0.0015
3784,0.0095,0.0185,0.6220000000000001,0.0485,0.013000000000000001,0.1667741147741148,0.8365,0.01,0.49399999999999994,0.097,0.002
3785,0.039999999999999994,0.07999999999999999,0.8470000000000001,0.014000000000000002,0.0805,0.2619632640072712,0.6716178707224335,0.28200000000000003,0.5863324538258575,0.27199999999999996,0.003
3786,0.418,0.21049999999999996,0.619,0.040860076824008926,0.0805,0.2912459358023599,0.801066882416397,0.10500000000000001,0.44299999999999995,0.3898129754251679,0.035500000000000004
3787,0.24900000000000003,0.1325,0.765,0.05897029702970297,0.122,0.11499999999999999,0.5391847531388304,0.078,0.41150000000000003,0.24380712245137554,0.030500000000000006
3788,0.32899999999999996,0.1428703843825369,0.6345000000000001,0.06050000000000001,0.129,0.7757403875834745,0.5993282408438885,0.10650000000000001,0.4505,0.22143671628930867,0.0225
3789,0.026500000000000003,0.05298021828103684,0.33899999999999997,0.0455,0.0635,0.22821023920906897,0.4360668103448275,0.045500000000000006,0.6605,0.018000000000000002,0.001
3790,0.18999999999999997,0.143,0.7095,0.3238118837493137,0.16999999999999998,0.44853129742916514,0.34058338182107256,0.09150000000000001,0.7827499999999998,0.122,0.013500000000000002
3791,0.22000000000000003,0.041,0.601,0.15106548474580284,0.057499999999999996,0.2360430027243532,0.7785343826289177,0.16199999999999998,0.48195150500087963,0.4055424607090094,0.006
3792,0.5535,0.0355,0.484,0.04063425483083026,0.068,0.10208344994462804,0.7454999999999999,0.2505,0.3653157312825074,0.3520520497843185,0.0005
3793,0.3355,0.009,0.6200000000000001,0.040499999999999994,0.016,0.078,0.9850466691757621,0.020999999999999998,0.44749999999999995,0.1415,0.0005
3794,0.004999999999999999,0.014000000000000002,0.4625,0.02798469387755102,0.0195,0.132,0.9390000000000001,0.0035000000000000005,0.24733333333333332,0.041499999999999995,0.003
3795,0.6145,0.1025,0.5055,0.009999999999999998,0.0625,0.057954797274415125,0.9095000000000001,0.361,0.24400000000000005,0.35900000000000004,0.0035000000000000005
3796,0.10900000000000001,0.06196194225721785,0.8225000000000001,0.057738426341203644,0.08149999999999999,0.4133530244958414,0.145,0.11949999999999998,0.30474999999999997,0.44890316205533604,0.006500000000000001
3797,0.034999999999999996,0.05500000000000001,0.5415,0.0115,0.0345,0.18585387045813584,0.607,0.0645,0.501,0.10528413784108859,0.001
3798,0.027500000000000004,0.0215,0.47850000000000004,0.025,0.0205,0.1165,0.7625,0.007000000000000001,0.2515,0.07126985634738665,0.0005
3799,0.0315,0.0005,0.6875000000000001,0.041484693877551014,0.0075,0.08287768445476955,0.9955000000000002,0.03,0.30900000000000005,0.114350040478118,0.0005
3800,0.2485,0.1935,0.8035,0.03389891614089885,0.0995,0.2225,0.8099945930834821,0.038,0.5471250000000001,0.15887737541221067,0.07048718791064387
3801,0.4285,0.039,0.54,0.053661276580739915,0.045,0.0771885521885522,0.9100000000000001,0.1405,0.5374991199116078,0.17143098591549294,0.001
3802,0.28250000000000003,0.1354613368283093,0.605,0.08297029702970296,0.1065,0.2281285508241228,0.8433818321785989,0.1345,0.4847573628480122,0.19752210348053323,0.01
3803,0.018,0.023,0.558,0.040470297029702965,0.001,0.123,0.8751135515921591,0.0055,0.5185000000000001,0.0632535119480933,0.0
3804,0.162,0.060480218281036835,0.7445,0.045000000000000005,0.031,0.14146292890363538,0.8995,0.025500000000000002,0.49024999999999996,0.10300000000000001,0.003496776326665565
3805,0.015000000000000003,0.004,0.466,0.05598469387755102,0.014000000000000002,0.09877411477411477,0.9115,0.002,0.23883333333333331,0.07635004047811801,0.001
3806,0.05149999999999999,0.0885,0.4164999999999999,0.009,0.0505,0.18977383863080685,0.8041179828734538,0.0205,0.5295,0.23049999999999998,0.01099359185014788
3807,0.42750000000000005,0.23900000000000002,0.562,0.08199999999999999,0.13999999999999999,0.5786444003599749,0.8566179828734539,0.25749999999999995,0.5206662269129287,0.28,0.03150000000000001
3808,0.022,0.004,0.5645,0.027500000000000004,0.0015,0.18346326400727125,0.9465,0.006999999999999999,0.2543333333333333,0.06040396039603961,0.002
3809,0.0445,0.014499999999999999,0.529,0.029000000000000005,0.0055,0.07627444987775062,0.9235,0.0095,0.2578333333333333,0.10350000000000001,0.0045
3810,0.42300000000000004,0.0469785034773092,0.5315000000000001,0.037365881996362905,0.125,0.38446786245819503,0.8836582978723404,0.05600000000000001,0.5775,0.17785083881882163,0.0034999999999999996
3811,0.3905,0.21000000000000002,0.615,0.035388643533310386,0.0655,0.29335278776233087,0.6982375452109191,0.2525,0.4671666666666667,0.3062243220849482,0.0125
3812,0.0595,0.08149999999999999,0.6014999999999999,0.0195,0.0905,0.12349999999999998,0.6755,0.05950000000000001,0.434,0.5974999999999999,0.0075
3813,0.2505,0.037000000000000005,0.5664999999999999,0.0325,0.023,0.097,0.9480000000000001,0.08,0.44737499999999997,0.14033774834437085,0.006
3814,0.3045,0.1659613368283093,0.7494999999999999,0.06330067524884848,0.0825,0.3657428766570442,0.5181846803419037,0.1305,0.485,0.16257522505775118,0.0245
3815,0.223,0.0965,0.5665,0.036984693877551024,0.042,0.11785410094637223,0.8037359657469076,0.092,0.1975,0.5325,0.0015
3816,0.05450000000000001,0.019,0.5825,0.012,0.0215,0.09754822954822955,0.9625,0.0375,0.3985,0.18333774834437086,0.001
3817,0.11949999999999998,0.05800000000000001,0.6625,0.042330335796808866,0.08049999999999999,0.192176549884116,0.8160668893634935,0.05550000000000001,0.47850000000000004,0.15350000000000003,0.027500000000000004
3818,0.22149999999999997,0.0595,0.807,0.401943877403007,0.1155,0.39983618712499513,0.639849293037026,0.0675,0.2,0.1085,0.021
3819,0.3575,0.083,0.585,0.0563312450714098,0.11699999999999999,0.14382267942598018,0.881,0.0765,0.5119824181437792,0.23680264090142242,0.004
3820,0.22200000000000003,0.18290948657371975,0.7464999999999999,0.062,0.11950000000000001,0.0325,0.4340381325245842,0.10800000000000001,0.5535333333333333,0.1835,0.023
3821,0.4425,0.129,0.663,0.07825373246365262,0.098,0.22286283519802946,0.9164214581549027,0.164,0.5468811473675106,0.31195630269350627,0.006
3822,0.0365,0.27749999999999997,0.9650000000000001,0.1296106475648327,0.188,0.517628550824123,0.49302257285728573,0.026500000000000003,0.876,0.02183887043189369,0.011
3823,0.343,0.099,0.5205,0.04048469387755101,0.092,0.18419792075974484,0.7677763231197771,0.162,0.368875,0.37649617019972165,0.011000000000000001
3824,0.364,0.16398663594470048,0.6950000000000001,0.10566544283746253,0.0955,0.46116632114828937,0.5949313815062355,0.1325,0.5476666666666667,0.20915558069240844,0.013000000000000001
3825,0.3965,0.0625,0.6385,0.03647029702970297,0.08,0.14781734798670437,0.7915,0.0785,0.32599999999999996,0.3173388704318937,0.0015
3826,0.2895,0.269,0.7135,0.05847029702970298,0.1025,0.7867034821270223,0.8049006177961238,0.1855,0.5229162269129287,0.29090396039603966,0.022500000000000003
3827,0.6195,0.015499999999999996,0.44699999999999995,0.023854150571119538,0.027500000000000004,0.132462390819359,0.7405,0.251,0.40974950495049506,0.29656145499409037,0.005
3828,0.392,0.09400000000000001,0.5685,0.02,0.1705,0.10764377406931964,0.808,0.144,0.45149999999999996,0.24433774834437086,0.0
3829,0.3095,0.14891612822227623,0.615,0.06641422226334784,0.12149999999999998,0.8038785438339779,0.5678731402610594,0.1165,0.5257495049504951,0.24474304039998068,0.0225
3830,0.16949999999999998,0.09296194225721785,0.4885,0.026000000000000002,0.172,0.26134029522170815,0.528,0.084,0.7315,0.211,0.009466166514387168
3831,0.2,0.1453772410656927,0.6475000000000001,0.09792861911119588,0.09899999999999999,0.45997072432299557,0.37774046541693596,0.1695,0.37699999999999995,0.19740316205533598,0.024981724911830712
3832,0.0615,0.2364739676840215,0.8,0.019484693877551022,0.1125,0.18502489347548448,0.7111178707224334,0.45299999999999996,0.44024950495049503,0.34074283082793333,0.003
3833,0.34099999999999997,0.14200000000000002,0.8380000000000001,0.032,0.097,0.24886868435890785,0.7446179828734538,0.131,0.4103333333333333,0.1418388704318937,0.008
3834,0.233,0.009500000000000001,0.5415,0.041954990907254,0.037000000000000005,0.1590485646518654,0.8885,0.0035000000000000005,0.2665,0.15206112332553318,0.001
3835,0.5165,0.14,0.61,0.032454990907254,0.158,0.3599811139190786,0.768,0.1975,0.5675000000000001,0.23646721706686283,0.018500000000000003
3836,0.501,0.22400000000000003,0.6950000000000001,0.04391422226334783,0.148,0.33536783245531265,0.6886780638421481,0.254,0.542,0.3115,0.009000000000000001
3837,0.034499999999999996,0.0215,0.653,0.038,0.0605,0.11032271202683278,0.8855000000000001,0.044000000000000004,0.3115,0.098,0.0005
3838,0.35,0.06390091116173122,0.6835,0.03246252500897758,0.087,0.2121885521885522,0.635566882416397,0.12599999999999997,0.6092495049504951,0.2565480328510824,0.006
3839,0.3225,0.24539954597048808,0.6865,0.0615,0.14750000000000002,0.2474183949797703,0.7836178707224335,0.1125,0.40499999999999997,0.307350040478118,0.032
3840,0.036500000000000005,0.022000000000000002,0.7110000000000001,0.0485,0.0615,0.22653295123590178,0.4725668103448276,0.0665,0.5507495049504951,0.0225,0.002
3841,0.1325,0.009000000000000001,0.5965,0.02,0.004,0.07427411477411476,0.9665000000000001,0.051000000000000004,0.2365,0.118,0.006500000000000001
3842,0.364,0.0335,0.5405,0.035970297029702974,0.0315,0.10999999999999999,0.892,0.079,0.265375,0.24635083881882164,0.0075000000000000015
3843,0.2535,0.19896043656207366,0.742,0.08597029702970296,0.137,0.7831161825726141,0.5347842797618,0.101,0.55575,0.20479184549356222,0.013500000000000002
3844,0.20099999999999998,0.027500000000000004,0.617,0.042984693877551015,0.185,0.11454889975550123,0.8709999999999999,0.23450000000000001,0.41970833333333335,0.16833863114168066,0.007000000000000001
3845,0.437,0.051500000000000004,0.49000000000000005,0.013420353982300884,0.1265,0.11760670297295502,0.787443818342025,0.1645,0.42749999999999994,0.3714039603960396,0.07949359395532193
3846,0.0775,0.056499999999999995,0.573,0.05845917942309695,0.0475,0.14269223361057715,0.9470000000000001,0.0745,0.254625,0.40494687842278204,0.004487350117004495
3847,0.2085,0.1375,0.7020000000000001,0.04445418257899849,0.066,0.11583516837856718,0.8221179828734538,0.1255,0.48550000000000004,0.23676509076879979,0.0025
3848,0.1625,0.1755,0.5475,0.1009982905238093,0.1575,0.5782718940862466,0.5009387317707874,0.1615,0.37416666666666665,0.12374170874041046,0.014493593955321946
3849,0.19,0.1155,0.6995000000000001,0.03197029702970297,0.155,0.2296667038090261,0.6290000000000001,0.0995,0.6536161916072842,0.15067381674342623,0.008
3850,0.11200000000000002,0.037500000000000006,0.302,0.047409072539907046,0.018999999999999996,0.19441822394707026,0.9255000000000001,0.052000000000000005,0.6748000000000001,0.1021421800675218,0.002
3851,0.10499999999999998,0.08299999999999999,0.6615,0.037500000000000006,0.0875,0.17,0.8938027360122842,0.1,0.47050000000000003,0.22374091039970684,0.00698734998378203
3852,0.027500000000000004,0.0595,0.5555000000000001,0.023,0.0725,0.089,0.4636009616678877,0.0175,0.367,0.061,0.0005
3853,0.1015,0.005961336828309306,0.6380000000000001,0.06448469387755103,0.0085,0.12468599697263705,0.9744999999999999,0.0005,0.225,0.0965,0.002
3854,0.122,0.17046194225721784,0.8239999999999998,0.034499999999999996,0.0955,0.2920971293037308,0.3225,0.23249999999999998,0.561,0.154,0.002
3855,0.033999999999999996,0.0205,0.4615,0.03143652874902875,0.0034999999999999996,0.181,0.7875,0.042,0.319,0.19994687842278203,0.001
3856,0.54,0.045,0.728,0.09412418145545445,0.1075,0.350008943228042,0.9035,0.1285,0.554,0.1605,0.0085
3857,0.15150000000000002,0.1025,0.7185,0.11499999999999999,0.0635,0.18418881412952065,0.8640000000000001,0.087,0.6088328935795955,0.22040396039603963,0.0075000000000000015
3858,0.10250000000000001,0.06699999999999999,0.7035,0.0425,0.013500000000000002,0.15718913226621736,0.9360525614915887,0.016,0.39999999999999997,0.17900000000000002,0.003999999999999999
3859,0.336,0.15,0.6609999999999999,0.06525125846553757,0.0635,0.9654999999999999,0.8736179828734538,0.16399999999999998,0.49998289299867904,0.26591771862424207,0.0125
3860,0.361,0.23094216053825467,0.615,0.09887044899180183,0.1375,0.14627444987775062,0.6947807962155744,0.1505,0.56475,0.22780712245137558,0.025500000000000002
3861,0.14,0.064,0.6475000000000001,0.024984693877551024,0.044,0.13385387045813585,0.7396302717401387,0.053000000000000005,0.5515,0.246,0.006495710986473111
3862,0.24400000000000005,0.05500000000000001,0.606,0.022331245071409798,0.11399999999999999,0.08682267942598017,0.821,0.043,0.42721622691292876,0.1713660970023859,0.0045
3863,0.01,0.008,0.5189999999999999,0.03997029702970297,0.004999999999999999,0.15599999999999997,0.8550000000000001,0.0055,0.40525,0.14144687842278203,0.0
3864,0.3325,0.12999999999999998,0.5805,0.04431597700586385,0.189,0.16959147972775823,0.8398697305797016,0.17099999999999999,0.33337450495049514,0.2360641138059847,0.003
3865,0.14350000000000002,0.0875,0.40700000000000003,0.019818642428468536,0.12450000000000001,0.1087744498777506,0.7555,0.089,0.38366622691292873,0.35127827321419997,0.004
3866,0.43600000000000005,0.2555,0.732,0.07231154709198453,0.081,0.3238493710792188,0.8111909160892994,0.18150000000000002,0.5544324673639471,0.37194703568211207,0.006
3867,0.48600000000000004,0.084,0.6095,0.09729577935109543,0.1115,0.16696358214396798,0.6780854830859746,0.221,0.42642413403061374,0.3099260238127688,0.008487666342096722
3868,0.3745,0.18874683561298009,0.6799999999999999,0.0745,0.06050000000000001,0.5453409860740627,0.8615,0.1915,0.5705,0.3013388704318937,0.011
3869,0.1115,0.093,0.7220000000000001,0.01,0.20249999999999999,0.17204047757042876,0.6843028481633047,0.071,0.49499999999999994,0.12883887043189368,0.0035000000000000005
3870,0.387,0.17350000000000002,0.511,0.032,0.10699999999999998,0.2824891490257428,0.7008088989627532,0.16899999999999998,0.4065,0.4523063241106719,0.04349685846560847
3871,0.4375,0.225,0.7224999999999999,0.04367161244783846,0.076,0.27765569555897257,0.681,0.261,0.4900231839465321,0.3619553462745396,0.006487349983782031
3872,0.0915,0.012,0.6849999999999999,0.02995499090725399,0.042,0.13627411477411477,0.8574999999999999,0.041499999999999995,0.6065,0.16099999999999998,0.002
3873,0.006,0.026000000000000002,0.643,0.03647029702970297,0.013500000000000002,0.1495,0.7745,0.002,0.316,0.17144687842278206,0.0005
3874,0.3755,0.03136538303342702,0.45600000000000007,0.05891089108910891,0.12450000000000001,0.28289248251748256,0.9559999999999998,0.03799999999999999,0.5706662269129288,0.14600000000000002,0.0035000000000000005
3875,0.14900000000000002,0.1679601092149155,0.5549999999999999,0.09878789573361506,0.16999999999999998,0.5650666250287083,0.5165943948393718,0.16250000000000003,0.35550000000000004,0.139,0.017993593955321945
3876,0.34700000000000003,0.1335,0.686,0.09121947345436215,0.11200000000000002,0.9625,0.5061161346450659,0.1585,0.47278522920203736,0.261403162055336,0.009
3877,0.027000000000000003,0.016999999999999998,0.661,0.049881188118811884,0.026000000000000002,0.14850000000000002,0.897,0.029500000000000005,0.5245412957467854,0.044,0.0
3878,0.0035000000000000005,0.0005,0.4755000000000001,0.046984693877551026,0.0015,0.10577411477411477,0.968,0.002,0.31608283828382844,0.03250000000000001,0.001
3879,0.548,0.12942822384428224,0.6185,0.03949999999999999,0.10600000000000001,0.2728831960952615,0.880187752388822,0.181,0.5497208378886788,0.21995638402396694,0.019
3880,0.28600000000000003,0.2705,0.6940000000000001,0.11089967253615747,0.11950000000000001,0.7204933700614017,0.6253028481633047,0.225,0.528875,0.29971108284741516,0.030487349983782032
3881,0.0485,0.042,0.5640000000000001,0.07247436653102426,0.038500000000000006,0.1815,0.8748088989627533,0.08600000000000001,0.2839394798516163,0.18798940282649473,0.0045000000000000005
3882,0.35750000000000004,0.13790694857833039,0.6479999999999999,0.05590504785985191,0.0945,0.2917089742832138,0.6331179828734539,0.142,0.49225,0.2578388704318937,0.01849375616168255
3883,0.7290000000000001,0.010499999999999999,0.45500000000000007,0.046454990907253996,0.05,0.12527411477411476,0.8795,0.0005,0.22895833333333332,0.1367540008741576,0.014000000000000002
3884,0.041,0.02640377544831436,0.45549999999999996,0.027704545811509152,0.034499999999999996,0.20568861923126874,0.74,0.0385,0.42624862486210285,0.18694638949671774,0.0005
3885,0.379,0.1605,0.544,0.08748969072164949,0.119,0.1388170473888706,0.6425,0.17099999999999999,0.5075000000000001,0.4105,0.009
3886,0.044,0.046,0.662,0.07125895490800474,0.069,0.18318855218855218,0.7755,0.059,0.29025,0.0885,0.006500000000000001
3887,0.0165,0.017499999999999998,0.5,0.032999999999999995,0.004,0.15950000000000003,0.8310000000000001,0.006999999999999999,0.3115,0.19894687842278203,0.0015
3888,0.127,0.016999999999999998,0.53,0.019000000000000003,0.027499999999999997,0.08349999999999999,0.8924999999999998,0.089,0.38899999999999996,0.187,0.0
3889,0.11499999999999999,0.047,0.5970000000000001,0.06609670488813027,0.045,0.0805,0.7794780506819976,0.0945,0.5037898511941152,0.2854121148007333,0.0005
3890,0.0995,0.027500000000000004,0.5225,0.011500000000000002,0.018999999999999996,0.12127444987775063,0.7075,0.011000000000000001,0.2723333333333333,0.31399999999999995,0.0
3891,0.036500000000000005,0.11946194225721785,0.93,0.07144392523364486,0.1485,0.38765206116985274,0.150740465416936,0.041999999999999996,0.8553333333333335,0.10794687842278203,0.010499999999999999
3892,0.357,0.125,0.6024999999999999,0.0889050478598519,0.0715,0.30268888096008173,0.7215447525586406,0.081,0.383,0.2455,0.043
3893,0.071,0.181,0.8125,0.05700000000000001,0.098,0.23996265276032744,0.7115290874970679,0.05500000000000001,0.3915,0.10300000000000001,0.004996858465608466
3894,0.30300000000000005,0.05450000000000001,0.6425,0.05848469387755102,0.1165,0.14327411477411475,0.6988027360122843,0.12150000000000001,0.7617995049504951,0.11888154916842311,0.00649069235793599
3895,0.019,0.032,0.6265,0.08089065101200385,0.0095,0.0605485646518654,0.8542375852650617,0.0095,0.472,0.125,0.003
3896,0.3545,0.17796133682830934,0.6004999999999999,0.02571714203286838,0.076,0.25568826971313807,0.5955879503050251,0.122,0.38775000000000004,0.2551738916782395,0.032
3897,0.08,0.0855,0.512,0.0045,0.0415,0.10357743095634234,0.6144999999999999,0.0215,0.3218333333333333,0.34429184549356223,0.001
3898,0.4205,0.0635,0.6380000000000001,0.08523408060507984,0.061,0.11462821905701048,0.9192762807457943,0.19,0.6147828382838284,0.23078954282720954,0.0095
3899,0.15299999999999997,0.03899999999999999,0.442,0.05798469387755103,0.041,0.19264377406931965,0.7310000000000001,0.06849999999999999,0.5068333333333334,0.11825320253345398,0.0015
3900,0.5125,0.2105,0.6805000000000001,0.04633457624564872,0.10800000000000001,0.3198813828437336,0.6864998150520527,0.289,0.3445,0.2384039603960396,0.011000000000000001
3901,0.705,0.034,0.5155000000000001,0.06194059405940594,0.085,0.1290109554712244,0.9097271031843182,0.392,0.309625,0.3451958058896018,0.019
3902,0.4095,0.084,0.5995,0.0415,0.1095,0.15149999999999997,0.9005000000000001,0.093,0.4634657514771126,0.187,0.011
3903,0.0055,0.0235,0.5865,0.07698469387755102,0.024,0.15239675408129666,0.9695,0.004,0.29175,0.07935004047811799,0.0015
3904,0.293,0.07096133682830931,0.5130000000000001,0.047443925233644865,0.12350000000000001,0.1685971363568486,0.688,0.0775,0.36949950495049505,0.1365,0.012
3905,0.065,0.044000000000000004,0.6485000000000001,0.05659978904451575,0.017499999999999998,0.1682330138062648,0.9365,0.0425,0.32888248697763584,0.11676427831477568,0.006500000000000001
3906,0.5960000000000001,0.1135,0.7710000000000001,0.08879624096953556,0.0785,0.15737743314863398,0.9343186301226449,0.0845,0.5703328935795954,0.30615026361997644,0.003
3907,0.4795,0.183,0.45149999999999996,0.386470297029703,0.1045,0.3472931945180469,0.5227340454469503,0.09449999999999999,0.7115,0.1386657094494623,0.012
3908,0.6605000000000001,0.043000000000000003,0.512,0.06144059405940594,0.0685,0.23550000000000004,0.704,0.1885,0.332,0.1695195369583609,0.002
3909,0.11400000000000002,0.11750000000000001,0.6635,0.0175,0.099,0.28115152308557634,0.32179292015264443,0.0985,0.388,0.0725,0.01
3910,0.28800000000000003,0.14250000000000002,0.7795,0.25942528793695696,0.15699999999999997,0.24282302158273383,0.45033662701761906,0.07400000000000001,0.37583333333333335,0.1399039603960396,0.004
3911,0.5695,0.24689969929836283,0.766,0.077,0.12050000000000001,0.3241546385035971,0.6902005303970464,0.1995,0.55525,0.32683887043189375,0.0115
3912,0.08099999999999999,0.11633956459891963,0.8699999999999999,0.03491422226334783,0.126,0.41953196245335456,0.06899999999999999,0.08299999999999999,0.29862500000000003,0.5047905982905984,0.002
3913,0.4445,0.20838866040635592,0.688,0.10888860686254834,0.1255,0.6442744498777506,0.5838399755715844,0.13000000000000003,0.45883283828382837,0.22104687969763348,0.022
3914,0.343,0.065,0.5495,0.0605,0.08349999999999999,0.2374288884490913,0.7919285013543611,0.07250000000000001,0.394,0.35271477993146133,0.026500000000000003
3915,0.4465,0.2024613368283093,0.6204999999999999,0.040470297029702965,0.0975,0.1392942476571033,0.8104999999999999,0.17600000000000002,0.405249504950495,0.30474170874041046,0.0295
3916,0.132,0.07799999999999999,0.833,0.0225,0.0965,0.29159081168584045,0.6686178707224334,0.2745,0.6283324538258575,0.28450000000000003,0.0015
3917,0.303,0.08335139943135056,0.5255000000000001,0.1515,0.083,0.1815894889608809,0.8801179828734538,0.098,0.5165,0.19083887043189368,0.0115
3918,0.1685,0.10700000000000001,0.7885,0.03873933561580457,0.153,0.37885658868721805,0.2632649410929551,0.121,0.7175,0.18724656369038445,0.004
3919,0.3835,0.094,0.608,0.061913075069745103,0.097,0.11368855218855219,0.5941179828734539,0.2015,0.3994985701472522,0.4296981672816534,0.017
3920,0.30100000000000005,0.082,0.615,0.09435390704815283,0.1025,0.197,0.6487314223145926,0.0845,0.38058289357959546,0.11100000000000002,0.009000000000000001
3921,0.1605,0.098,0.6375,0.026324379216318472,0.11399999999999999,0.2878283204248679,0.7121179828734537,0.12,0.6060902558466912,0.19373596986828553,0.007496858465608466
3922,0.422,0.22949999999999998,0.7735,0.06849999999999999,0.0625,0.4304899046950436,0.7491162467960863,0.1385,0.5269999999999999,0.30699999999999994,0.04199045031575635
3923,0.007000000000000001,0.0075000000000000015,0.6585,0.0225,0.008,0.1765,0.9690000000000001,0.016,0.27133333333333337,0.08980632411067194,0.0005
3924,0.0335,0.05800000000000001,0.5539999999999999,0.0225,0.0645,0.17318913226621735,0.6517517477062478,0.2935,0.34324999999999994,0.08580632411067193,0.00399375616168255
3925,0.6515000000000001,0.0155,0.5435000000000001,0.072,0.04,0.065,0.884,0.10200000000000001,0.45,0.20750000000000002,0.001
3926,0.3875,0.05399999999999999,0.718,0.04088034173365333,0.133,0.1900798704169555,0.930117982873454,0.14650000000000002,0.5223511904761905,0.18267381674342625,0.0075
3927,0.49849999999999994,0.031,0.604,0.0295,0.069,0.051500000000000004,0.8644999999999999,0.034999999999999996,0.358875,0.13133774834437087,0.0055
3928,0.623,0.007000000000000001,0.5465000000000001,0.033,0.0485,0.07477383863080685,0.8965,0.1515,0.487,0.174,0.002
3929,0.1145,0.008461942257217848,0.687,0.06342035398230088,0.055499999999999994,0.088,0.9095000000000001,0.029500000000000005,0.3610833333333333,0.11200000000000002,0.002
3930,0.312,0.063,0.616,0.08698469387755102,0.06,0.11001996302021817,0.8539999999999999,0.126,0.46266617161716167,0.22544638949671772,0.0045
3931,0.517,0.09349999999999999,0.5805,0.03837534488955487,0.1295,0.09904795340492163,0.9205,0.16699999999999998,0.355125,0.2428804666879986,0.013000000000000001
3932,0.0765,0.0445,0.649,0.06,0.0505,0.1737380320217186,0.7824719314938154,0.0345,0.4919162269129287,0.155816135457458,0.004
3933,0.4185,0.0415,0.4205,0.07397029702970297,0.10700000000000001,0.129285405348975,0.8838942690143885,0.063,0.32316666666666666,0.20821711911962124,0.002
3934,0.22949999999999998,0.0455,0.49799999999999994,0.0365,0.026500000000000003,0.15667272985424652,0.9261179828734539,0.18050000000000002,0.2865,0.37550000000000006,0.002
3935,0.308,0.0205,0.437,0.0385,0.022,0.13277411477411477,0.8465,0.038,0.266875,0.26343161877626453,0.0
3936,0.18550000000000003,0.1514282238442822,0.7234999999999999,0.030443925233644864,0.132,0.30317627936606273,0.5079253307067868,0.1285,0.5337907318634239,0.2314968396238289,0.006
3937,0.10200000000000001,0.0505,0.6255000000000001,0.032999999999999995,0.093,0.15782334963325184,0.7437762807457943,0.215,0.56525,0.1476440724550428,0.003
3938,0.376,0.19285060266357376,0.668,0.056499999999999995,0.1165,0.36050000000000004,0.6211392161713732,0.13999999999999999,0.51075,0.1684039603960396,0.015
3939,0.1735,0.017000000000000005,0.733,0.03200000000000001,0.067,0.08482245681381959,0.9560000000000001,0.035500000000000004,0.2753333333333333,0.221,0.0075
3940,0.13399999999999998,0.040999999999999995,0.7595000000000001,0.04739558496665992,0.08299999999999999,0.1837741147741148,0.8705,0.0475,0.46374999999999994,0.11940316205533597,0.013496775260459731
3941,0.0085,0.012,0.36550000000000005,0.02048469387755102,0.023000000000000003,0.11577444987775061,0.9109999999999999,0.004,0.26183333333333336,0.051500000000000004,0.0005
3942,0.2365,0.05689954597048809,0.6355,0.05486007682400894,0.0875,0.13818913226621735,0.6753537636724143,0.15299999999999997,0.6147073979491741,0.11240316205533599,0.016
3943,0.0455,0.036500000000000005,0.82,0.03792035398230088,0.08099999999999999,0.11477411477411478,0.8885668103448277,0.0215,0.686,0.1125,0.0055000000000000005
3944,0.2815,0.131,0.577,0.10438974173740292,0.129,0.16427411477411474,0.8835000000000001,0.296,0.5084661912308505,0.15807037562182863,0.0245
3945,0.288,0.19242926829268295,0.6555000000000001,0.06494392523364487,0.0885,0.3603091331305085,0.8680000000000001,0.184,0.4436495049504951,0.32440396039603964,0.014987349983782034
3946,0.0865,0.034999999999999996,0.45199999999999996,0.0816925079738567,0.0615,0.166,0.8640000000000001,0.0685,0.24537455966534566,0.13073189906118046,0.023500000000000004
3947,0.002,0.0015,0.598,0.053500000000000006,0.013500000000000002,0.11000000000000001,0.9780000000000001,0.0,0.33749999999999997,0.04090316205533597,0.0005
3948,0.4375,0.2565,0.5315,0.052470297029702975,0.17049999999999998,0.2552358645488132,0.7361072437731939,0.22300000000000003,0.3864583333333333,0.3457841378410886,0.028493756161682548
3949,0.053500000000000006,0.0195,0.24699999999999997,0.01847029702970297,0.07100000000000001,0.15252714057655153,0.5663088989627534,0.0305,0.34116622691292875,0.067,0.0105
3950,0.0355,0.151,0.9810000000000001,0.12305457279847756,0.194,0.5066285508241228,0.487722745731349,0.027000000000000003,0.8664999999999999,0.019838870431893686,0.007999999999999998
3951,0.019,0.06100000000000001,0.44600000000000006,0.0125,0.0375,0.21932273838630806,0.6867404654169359,0.018,0.46349999999999997,0.125,0.001
3952,0.008,0.011,0.496,0.039970297029702964,0.004,0.11277444987775061,0.9540000000000001,0.022000000000000002,0.3815,0.084,0.0025
3953,0.089,0.1775,0.8605,0.023443925233644858,0.07150000000000001,0.21404822954822955,0.42800000000000005,0.3235,0.41374950495049506,0.21740316205533597,0.0095
3954,0.6,0.1765,0.669,0.051936528749028744,0.17650000000000002,0.2556920461775031,0.8005668824163971,0.284,0.519165785997358,0.2693079207920792,0.006
3955,0.4715,0.1715,0.594,0.071,0.0605,0.06985387045813586,0.8629999999999999,0.26749999999999996,0.5381666666666667,0.3459773046326626,0.0225
3956,0.44049999999999995,0.1725,0.5945,0.15647029702970297,0.14750000000000002,0.36617766309396665,0.6588538364693413,0.1665,0.43149999999999994,0.31747194910352805,0.03398766634209672
3957,0.062,0.0305,0.6635,0.04017252172243939,0.099,0.08285410094637223,0.9179999999999999,0.063,0.43983333333333335,0.054000000000000006,0.002
3958,0.003,0.0095,0.6255000000000001,0.039,0.0045,0.12177444987775062,0.97,0.0015,0.33516666666666667,0.06690316205533597,0.002
3959,0.748,0.0225,0.528,0.055499999999999994,0.0715,0.18,0.7505,0.284,0.3125,0.20340396039603958,0.0025
3960,0.166,0.0745,0.8699999999999999,0.10738451929305079,0.07949999999999999,0.11407942961294623,0.8786179828734537,0.05700000000000001,0.762,0.1535,0.013979366249786313
3961,0.6519999999999999,0.11099999999999999,0.6649999999999999,0.020443925233644862,0.05800000000000001,0.1752744498777506,0.8437403100775194,0.1165,0.347625,0.39833887043189364,0.016999999999999998
3962,0.0095,0.02,0.5385,0.01939915966386555,0.0125,0.11027444987775062,0.762,0.003999999999999999,0.33483283828382837,0.29883887043189367,0.0005
3963,0.319,0.056499999999999995,0.5855,0.09182256377608349,0.16349999999999998,0.1525,0.8366179828734539,0.075,0.4352495049504951,0.1299039603960396,0.004999999999999999
3964,0.17099999999999999,0.14841917782643382,0.682,0.13402829557688772,0.1655,0.5532614710529558,0.4530180378798054,0.1485,0.4852499999999999,0.17691472714313308,0.026481724911830713
3965,0.156,0.18681582972314156,0.7595,0.05539558496665993,0.099,0.1264032445809241,0.9824999999999999,0.046,0.49799999999999994,0.18446372502213454,0.004999999999999999
3966,0.003999999999999999,0.020999999999999998,0.644,0.04,0.026000000000000002,0.2059632640072712,0.8560000000000001,0.0245,0.5401,0.05840396039603961,0.0005
3967,0.41200000000000003,0.2425,0.6335,0.060374473671856985,0.074,0.37026015561416153,0.750184865289851,0.1425,0.5075000000000001,0.421903162055336,0.037
3968,0.4525,0.2653901661015,0.6785,0.07735481632275377,0.14450000000000002,0.2426279852322506,0.7407826349226698,0.22400000000000003,0.6019157318634238,0.2932253855023158,0.01898766634209672
3969,0.043500000000000004,0.002,0.5995,0.045484693877551025,0.016,0.08737768445476954,0.9570000000000001,0.025500000000000002,0.30875,0.080350040478118,0.0015
3970,0.0775,0.033999999999999996,0.5905,0.03393411770390413,0.082,0.1372741147741148,0.5928028481633046,0.051500000000000004,0.5217495049504951,0.1065,0.002993591850147881
3971,0.258,0.06066428642909324,0.5780000000000001,0.05349999999999999,0.1125,0.4764917100465002,0.7937359657469077,0.077,0.5014162269129288,0.2346797322849994,0.006500000000000001
3972,0.0415,0.024,0.517,0.05440998181450798,0.0075,0.09494001874914566,0.7834999999999999,0.031,0.4218333333333334,0.09794687842278202,0.0005
3973,0.0095,0.0365,0.5855,0.061108171524468215,0.026500000000000003,0.11300000000000002,0.8925000000000001,0.098,0.22208333333333333,0.10499999999999998,0.0085
3974,0.3015,0.1934541859650584,0.632,0.04397692185682563,0.0965,0.20187867795826028,0.7197993810854001,0.1665,0.5435000000000001,0.32439326791949974,0.007990450315756346
3975,0.149,0.0605,0.4725,0.03346938775510204,0.06949999999999999,0.21279515402695562,0.7475000000000002,0.065,0.24883333333333338,0.16250000000000003,0.026000000000000002
3976,0.016,0.013999999999999999,0.4215,0.046424378662356026,0.033999999999999996,0.11223678173678173,0.8885,0.029000000000000005,0.31483333333333335,0.06999999999999999,0.001
3977,0.021,0.0195,0.67,0.041433615955294344,0.008,0.12318913226621735,0.8634999999999999,0.023,0.5270828929986789,0.05838802537049892,0.0
3978,0.223,0.20400000000000001,0.6824999999999999,0.09233951020030477,0.2355,0.4797236055776892,0.41150000000000003,0.173,0.5865,0.13574283082793331,0.01549375616168255
3979,0.24900000000000003,0.0905,0.5885,0.06975373246365262,0.119,0.21278956665329182,0.7416179828734538,0.145,0.5294570262940701,0.10230632411067193,0.014500000000000002
3980,0.3085,0.082,0.6375,0.07725986418260568,0.0745,0.075,0.8895466691757621,0.1325,0.6178333333333333,0.24602504824079538,0.006500000000000001
3981,0.0015,0.04534593598656904,0.513,0.04034897309349676,0.034,0.14132334963325183,0.938,0.012,0.317,0.06449999999999999,0.0045000000000000005
3982,0.07100000000000001,0.0015,0.5515000000000001,0.029000000000000005,0.0115,0.12654856465186537,0.8592016538265639,0.0125,0.256,0.05700000000000001,0.0005
3983,0.153,0.16399999999999998,0.32250000000000006,0.086,0.0865,0.15072333000997012,0.40311798287345385,0.029000000000000005,0.7895000000000001,0.099,0.004
3984,0.0055000000000000005,0.033999999999999996,0.48149999999999993,0.04845673076923077,0.0035000000000000005,0.1445,0.9685,0.0035000000000000005,0.48599999999999993,0.05040316205533597,0.0
3985,0.096,0.13000000000000003,0.571,0.03839558496665993,0.1315,0.18636533589742804,0.5796909160892995,0.08700000000000001,0.4528324538258575,0.10630712245137557,0.0025
3986,0.048,0.122,0.8300000000000001,0.012470297029702971,0.10300000000000001,0.2654632640072712,0.6751178707224335,0.279,0.6163324538258576,0.25199999999999995,0.002
3987,0.849,0.047,0.414,0.04239065101200386,0.08349999999999999,0.14627411477411478,0.8646179828734539,0.3155,0.3275416666666667,0.26725512014771935,0.0125
3988,0.34299999999999997,0.18292822384428226,0.556,0.052500000000000005,0.13299999999999998,0.2546862583380167,0.6754031946279582,0.146,0.5192499999999999,0.2585,0.02746473863284875
3989,0.07,0.0654354848581147,0.74,0.03298469387755102,0.078,0.1826282190570105,0.4422189673627723,0.088,0.543,0.0625,0.006500000000000001
3990,0.4585,0.0445,0.391,0.039454990907253996,0.079,0.10700000000000001,0.7870000000000001,0.11599999999999999,0.4655,0.35,0.007000000000000001
3991,0.147,0.036,0.6980000000000001,0.054890651012003855,0.045,0.16579237747806913,0.916,0.0595,0.46299999999999997,0.21999999999999997,0.01
3992,0.0125,0.034999999999999996,0.56,0.04495499090725399,0.0235,0.12899999999999998,0.736,0.0155,0.615,0.0615,0.001
3993,0.384,0.078,0.603,0.06677486601757592,0.08549999999999999,0.19950626673162447,0.7937635816507531,0.08650000000000001,0.27975,0.12444638949671774,0.0075000000000000015
3994,0.07,0.091,0.8434999999999999,0.0395,0.053500000000000006,0.21773737878138602,0.6405668824163969,0.21799999999999997,0.5086662269129288,0.367,0.003
3995,0.032,0.0115,0.5955,0.0315,0.008,0.16954856465186538,0.9120000000000001,0.004,0.26250000000000007,0.06490316205533596,0.0
3996,0.172,0.09438365856134973,0.6905,0.07748469387755103,0.0835,0.1635,0.648,0.0765,0.538,0.11600000000000002,0.010499999999999999
3997,0.229,0.12,0.751,0.03244392523364486,0.14900000000000002,0.2325676577259636,0.953,0.053000000000000005,0.5807499999999999,0.16979307776931535,0.0355
3998,0.08,0.0775,0.6565000000000001,0.0731392966416581,0.064,0.22309718826405867,0.5066457109283197,0.05750000000000001,0.31433333333333335,0.07953150869030512,0.0035000000000000005
3999,0.092,0.0155,0.625,0.03798469387755102,0.13,0.0715,0.9349999999999999,0.0495,0.329,0.1345,0.0
4000,0.11399999999999999,0.06796194225721786,0.79,0.019499999999999997,0.10200000000000001,0.1750118442930501,0.8039999999999999,0.041,0.5444162269129288,0.1102846267671529,0.015
4001,0.39699999999999996,0.2299421605382547,0.575,0.0623143742254467,0.20700000000000002,0.1627744498777506,0.702055615926837,0.17049999999999998,0.51425,0.2384039603960396,0.028000000000000004
4002,0.255,0.10149999999999999,0.7945,0.05431153615937738,0.1995,0.3818166912774243,0.6673318871513387,0.0675,0.633962911157305,0.13670384534675675,0.0085
4003,0.33,0.22188956067259155,0.6799999999999999,0.044,0.1055,0.36098684800436853,0.7581858405184472,0.134,0.5723328935795954,0.19183774834437087,0.0095
4004,0.099,0.14997396768402155,0.9095000000000001,0.008,0.081,0.2006262155521224,0.489,0.37300000000000005,0.45099999999999996,0.185,0.0
4005,0.0605,0.013000000000000001,0.604,0.013492227979274612,0.0105,0.10414400256574727,0.8959999999999999,0.034,0.27949999999999997,0.27569376034593424,0.0
4006,0.376,0.292,0.674,0.07671106674879968,0.11000000000000001,0.3598875624988215,0.6900791289090991,0.25949999999999995,0.5375,0.3828508388188216,0.02899037028198751
4007,0.361,0.17149999999999999,0.635,0.06597029702970297,0.1335,0.26533397143241444,0.890105764715343,0.10700000000000001,0.48,0.16621108284741518,0.01599375616168255
4008,0.3335,0.1145,0.6115,0.06391422226334784,0.08349999999999999,0.20969971064041712,0.9245000000000001,0.1365,0.3825,0.388,0.0045
4009,0.374,0.157,0.7314999999999999,0.07298469387755102,0.0385,0.09368668914521247,0.8326909160892993,0.15050000000000002,0.507,0.38468891091001167,0.009999999999999998
4010,0.0975,0.039,0.538,0.052500000000000005,0.093,0.27635387045813586,0.0365,0.0445,0.6144999999999999,0.162434884050578,0.0045
4011,0.09999999999999999,0.072,0.6275000000000001,0.0485,0.038500000000000006,0.1643662477422056,0.868664652049216,0.08600000000000001,0.47400000000000003,0.253,0.01849069235793599
4012,0.1885,0.061999999999999986,0.5505000000000001,0.047414978658606444,0.0915,0.15334094895074074,0.614740465416936,0.14200000000000002,0.46375,0.3161589761970026,0.008499999999999999
4013,0.40800000000000003,0.40099999999999997,0.6880000000000001,0.05285814749699269,0.122,0.40489791266027575,0.6696706101601133,0.22699999999999995,0.46575000000000005,0.3718660970023859,0.008
4014,0.025500000000000002,0.028000000000000004,0.5355000000000001,0.029470297029702976,0.07950000000000002,0.13899999999999998,0.7561848652898508,0.0895,0.4521328578975171,0.030240910399706833,0.0
4015,0.0095,0.0105,0.6325000000000001,0.06637281697321942,0.012,0.23046266696266698,0.773,0.0165,0.4407500000000001,0.05725267653854279,0.0
4016,0.021,0.013000000000000001,0.488,0.057499999999999996,0.025500000000000002,0.16949999999999998,0.9465,0.011000000000000001,0.38249999999999995,0.1665,0.001
4017,0.36900000000000005,0.2435,0.6984999999999999,0.08169783292314653,0.07500000000000001,0.29005695030166356,0.7143088989627533,0.24900000000000003,0.5331240099009901,0.27544687842278204,0.012
4018,0.46749999999999997,0.1045,0.617,0.06,0.11299999999999999,0.08949221155680423,0.892566882416397,0.144,0.5471250000000001,0.23590396039603964,0.002
4019,0.248,0.08688956067259154,0.4615,0.09107556521256469,0.0935,0.2922087771497388,0.7239393186719967,0.13499999999999998,0.39080770891788863,0.27962089850813593,0.0125
4020,0.1545,0.0615,0.522,0.0215,0.1045,0.10899999999999999,0.6855,0.052000000000000005,0.618,0.28900000000000003,0.002
4021,0.17550000000000002,0.0055,0.4335,0.015409981814507982,0.018,0.08268855218855219,0.9410668103448275,0.091,0.35,0.2685,0.0215
4022,0.1095,0.039,0.7049999999999998,0.031372412241224126,0.1085,0.1145,0.792,0.046,0.503624504950495,0.15100000000000002,0.0035000000000000005
4023,0.037,0.0165,0.53,0.08666377716760298,0.07150000000000001,0.13766163371656057,0.763566882416397,0.074,0.23962450495049503,0.07854380082405227,0.0085
4024,0.28200000000000003,0.23949999999999996,0.733,0.05399999999999999,0.0735,0.7033676769944494,0.8619006177961237,0.159,0.5149999999999999,0.40449999999999997,0.02
4025,0.006500000000000001,0.027924382318891727,0.48650000000000004,0.027500000000000004,0.003,0.12077411477411477,0.7464999999999999,0.001,0.351,0.075,0.0
4026,0.27599999999999997,0.1735,0.756,0.030999999999999993,0.0445,0.18029607943453985,0.835164652049216,0.135,0.532,0.2875581084466745,0.0085
4027,0.5685,0.0665,0.5609999999999999,0.045,0.036000000000000004,0.16523584758187412,0.6703809840229107,0.2545,0.4795,0.3227918454935622,0.0015
4028,0.0005,0.0225,0.603,0.03364653799923853,0.0375,0.0985,0.991,0.0185,0.36083333333333334,0.07780632411067193,0.003
4029,0.173,0.3371541152802017,0.615,0.0195,0.0805,0.24623408212879644,0.7935,0.044000000000000004,0.7245911912308506,0.1358388704318937,0.005
4030,0.28950000000000004,0.0995,0.543,0.18952687973289187,0.091,0.28398261814779857,0.8215,0.0635,0.29920734323432346,0.18940396039603963,0.0405
4031,0.175,0.1325,0.7475,0.03391769991026501,0.08299999999999999,0.17600514976012965,0.8805,0.0785,0.530457892998679,0.19705503460838464,0.0075
4032,0.077,0.055999999999999994,0.5624999999999999,0.01997029702970297,0.018,0.13062798523225064,0.7965,0.0325,0.4832495049504951,0.176,0.006500000000000001
4033,0.417,0.3065,0.7284999999999999,0.07443146207824666,0.122,0.6032832646474819,0.5249965278452648,0.14250000000000002,0.5018,0.44273890670757216,0.03398420858261296
4034,0.231,0.07550000000000001,0.5650000000000001,0.08624092259843905,0.0915,0.16661608809517175,0.7325,0.16349999999999998,0.6101245049504951,0.20968809823712817,0.005
4035,0.06549999999999999,0.02,0.817,0.126,0.0185,0.075,0.9695,0.0045,0.262,0.05049999999999999,0.0005
4036,0.35750000000000004,0.23196133682830933,0.704,0.10386007682400893,0.10200000000000001,0.33170607007298064,0.7598150946560066,0.263,0.48650000000000004,0.3745,0.0385
4037,0.129,0.016,0.44250000000000006,0.01448469387755102,0.039,0.07496239081935904,0.9425000000000001,0.091,0.32249999999999995,0.276,0.0
4038,0.085,0.13612860706599167,0.59,0.116454990907254,0.0835,0.2777738386308069,0.8076336927612247,0.042,0.4335000000000001,0.12150000000000001,0.0175
4039,0.3845,0.43549999999999994,0.668,0.07592528793695696,0.143,0.43984745467690356,0.5460446404076202,0.20950000000000002,0.41246573186342383,0.5312046436874605,0.020999999999999998
4040,0.1685,0.08038956067259154,0.4335,0.1343522667463805,0.1045,0.26930588009399425,0.735,0.06749999999999999,0.3760828382838284,0.13895724585381913,0.0025
4041,0.011500000000000002,0.0055000000000000005,0.5395,0.03197029702970297,0.006999999999999999,0.10804856465186538,0.9390000000000001,0.012,0.3327995245641838,0.0675,0.0005
4042,0.018000000000000002,0.013000000000000001,0.5375,0.025984693877551018,0.008000000000000002,0.137,0.975,0.006500000000000001,0.2538333333333333,0.0385,0.0005
4043,0.17850000000000002,0.02944183319109651,0.6910000000000001,0.029000000000000005,0.0405,0.1285,0.8386179828734539,0.027500000000000004,0.549,0.09200000000000001,0.007974695863081187
4044,0.36300000000000004,0.11600000000000002,0.5955,0.0884050478598519,0.0715,0.2871888809600818,0.7211627354320945,0.0765,0.379,0.2465,0.0475
4045,0.5485,0.0485,0.538,0.01594392523364486,0.08800000000000001,0.06577444987775061,0.9410000000000001,0.29,0.39675,0.2763071224513756,0.006
4046,0.003,0.004,0.6265000000000001,0.03,0.004,0.1515,0.8779999999999999,0.012,0.3757499999999999,0.17294687842278203,0.0
4047,0.021,0.05800000000000001,0.689,0.052470297029702975,0.009000000000000001,0.12027411477411479,0.9235,0.0085,0.44733333333333336,0.034403162055335966,0.0
4048,0.026500000000000003,0.001,0.5085,0.032,0.001,0.10527411477411477,0.9735000000000001,0.0,0.3089995049504951,0.04290316205533597,0.0
4049,0.3315,0.098,0.5399999999999999,0.06848469387755103,0.101,0.08750000000000001,0.9041848652898509,0.1065,0.4595000000000001,0.31390316205533597,0.005987512323365101
4050,0.5355000000000001,0.1574802182810368,0.5845,0.04744059405940594,0.07549999999999998,0.1706415528497524,0.8566871877817366,0.3135,0.5109999999999999,0.30662409585663547,0.017
4051,0.025,0.024,0.484,0.01298469387755102,0.045500000000000006,0.10068855218855219,0.914992213123184,0.0115,0.4369157312825074,0.040903162055335965,0.002
4052,0.036,0.003,0.6515,0.003,0.020999999999999998,0.13332271202683277,0.7384999999999999,0.018,0.20600000000000002,0.040999999999999995,0.0
4053,0.0395,0.179,0.9745000000000001,0.12602486982818054,0.196,0.5138176830903403,0.500998914326123,0.0235,0.8285,0.02233887043189369,0.008000000000000002
4054,0.0075,0.017499999999999998,0.5815,0.0165,0.0015,0.07662855082412286,0.9550000000000001,0.008499999999999999,0.25233333333333335,0.057499999999999996,0.0025
4055,0.36899999999999994,0.0685,0.6880000000000001,0.01598469387755102,0.035500000000000004,0.06727444987775062,0.913,0.12349999999999998,0.449,0.2515,0.002
4056,0.40650000000000003,0.23238866040635592,0.6585,0.08634359776980233,0.122,0.6744182239470703,0.5687730931551875,0.1365,0.45033283828382836,0.21854687969763348,0.020499999999999997
4057,0.0295,0.0235,0.7539999999999999,0.06949999999999999,0.02,0.10577411477411477,0.9779268818362071,0.016,0.21300000000000002,0.184,0.0035000000000000005
4058,0.0975,0.0955,0.7245,0.0385,0.1605,0.16618881412952063,0.6381179828734538,0.1315,0.6,0.20400000000000001,0.00399359185014788
4059,0.217,0.15799999999999997,0.7145000000000001,0.016000000000000004,0.124,0.09648208617862289,0.42755186771182785,0.0625,0.44683333333333336,0.31697194910352805,0.0024967763266655644
4060,0.44800000000000006,0.1395,0.6975,0.0307760008924305,0.06899999999999999,0.2883431157303397,0.8756909160892995,0.09300000000000001,0.4995833333333334,0.26557777713946584,0.015000000000000003
4061,0.05,0.057999999999999996,0.5489999999999999,0.02497029702970297,0.094,0.11535490669160293,0.8785000000000001,0.06799999999999999,0.51325,0.08302665925438255,0.0005
4062,0.404,0.05449999999999999,0.5535,0.0797174117426011,0.07300000000000001,0.1305,0.951,0.1105,0.4519990646158408,0.21133345795893893,0.0025
4063,0.3675,0.2595,0.7304999999999999,0.0796567990634914,0.06050000000000001,0.8420919653281823,0.8742359657469077,0.1705,0.5472496283448959,0.30578525992861144,0.01
4064,0.4085,0.1065,0.5145000000000001,0.10283526975146492,0.133,0.10118668914521249,0.6785000000000001,0.195,0.46349999999999997,0.3454039603960396,0.049
4065,0.23200000000000004,0.0945,0.43100000000000005,0.20241422226334782,0.1125,0.23639002120342098,0.34361798287345385,0.07,0.417,0.15059692240127026,0.0015
4066,0.3225,0.17344216053825467,0.6639999999999999,0.09342372321344285,0.14800000000000002,0.21472333000997007,0.6763710182913781,0.1375,0.5427490099009902,0.14364566913645008,0.0165
4067,0.1155,0.078,0.8110000000000002,0.08594059405940593,0.1275,0.2327093912603461,0.9565000000000001,0.0685,0.361749504950495,0.121,0.0095
4068,0.1085,0.0445,0.755,0.02098469387755102,0.07450000000000001,0.1179260041326056,0.8865000000000001,0.11000000000000001,0.5994995049504951,0.08568729989642455,0.0034999999999999996
4069,0.24499999999999997,0.088,0.593,0.16697938144329894,0.10400000000000001,0.2873924825174825,0.1846848652898508,0.0765,0.49850000000000005,0.21671108284741517,0.009500000000000001
4070,0.273,0.09043141811291353,0.6495,0.04643478888705197,0.1115,0.09577411477411477,0.7695,0.2225,0.6488323985300906,0.20502553716685973,0.005490370281987509
4071,0.048,0.025,0.6224999999999999,0.026500000000000003,0.05499999999999999,0.14346358214396798,0.7464999999999999,0.0625,0.3879328382838284,0.06240316205533597,0.004999999999999999
4072,0.156,0.20246194225721786,0.762,0.19863790637637138,0.2645,0.629077478403078,0.5531051527704265,0.17200000000000001,0.38662500000000005,0.10494687842278203,0.033
4073,0.006500000000000001,0.005,0.5239999999999999,0.035914222263347825,0.013000000000000001,0.10646358214396796,0.9570000000000001,0.008,0.3058333333333333,0.05096328538985616,0.002
4074,0.242,0.068,0.6495,0.033989690721649486,0.101,0.34835410094637226,0.10506688241639699,0.0925,0.7493333333333333,0.0915,0.0075000000000000015
4075,0.33449999999999996,0.03896194225721785,0.6425,0.023,0.0595,0.10335410094637223,0.8071831405677731,0.2525,0.655,0.1955,0.0005
4076,0.6005,0.065,0.619,0.052440594059405946,0.06749999999999999,0.1621284952003184,0.9800000000000001,0.08750000000000001,0.4888333333333333,0.3256880982371282,0.005487350117004495
4077,0.017499999999999998,0.016499999999999997,0.5309999999999999,0.035714539499706086,0.017,0.08285438042620363,0.99,0.008499999999999999,0.23762462908011867,0.0464039603960396,0.0045
4078,0.266,0.12740948657371975,0.7545,0.04547029702970297,0.11100000000000002,0.030500000000000006,0.49993235920858686,0.1255,0.5520333333333334,0.17500000000000002,0.021500000000000002
4079,0.4805,0.15790948657371978,0.6725,0.06743968478480501,0.05450000000000001,0.3013563677891571,0.7903818321785989,0.3045,0.5611156965577793,0.3120333622234587,0.019999999999999997
4080,0.011500000000000002,0.022,0.5965,0.04547029702970297,0.001,0.13999999999999999,0.9329999999999998,0.002,0.5409579616782294,0.036754999999999996,0.0005
4081,0.0195,0.008,0.5325,0.07241422226334784,0.022,0.11427411477411478,0.976,0.0115,0.25658333333333333,0.11031684401090687,0.0035000000000000005
4082,0.22200000000000003,0.092,0.663,0.0215,0.0725,0.290788560411311,0.3252762861409345,0.1295,0.7003333333333334,0.15899999999999997,0.009500000000000001
4083,0.154,0.0345,0.5685,0.01845499090725399,0.03949999999999999,0.12865120494887963,0.6032869792532816,0.15050000000000002,0.2918328935795954,0.31019682793756004,0.003
4084,0.39699999999999996,0.13299999999999998,0.6985,0.06498469387755103,0.11500000000000002,0.17796324704033212,0.9205,0.06799999999999999,0.3745,0.23899999999999996,0.012992678507408048
4085,0.05600000000000001,0.0445,0.4535,0.06692035398230088,0.16699999999999998,0.1365,0.9311909160892995,0.013000000000000001,0.35862499999999997,0.18832734511078064,0.0034999999999999996
4086,0.11400000000000002,0.07445418596505837,0.6595000000000001,0.07198469387755102,0.136,0.3512782283811042,0.057999999999999996,0.11599999999999999,0.6729166666666668,0.15929878717132506,0.004493591850147881
4087,0.1105,0.039961942257217845,0.7215,0.1161290773532075,0.054000000000000006,0.2651518161958234,0.6972404654169361,0.057999999999999996,0.3244083333333333,0.10657865874407768,0.008
4088,0.079,0.026409486573719766,0.5175,0.03344392523364486,0.013999999999999999,0.1015,0.9403088989627533,0.009000000000000001,0.4205,0.16068778882248885,0.002
4089,0.2715,0.19648021828103684,0.704,0.05798469387755102,0.13199999999999998,0.8875,0.5576609769071,0.12250000000000001,0.60825,0.17583774834437088,0.020499999999999997
4090,0.666,0.018,0.6469999999999999,0.0165,0.1075,0.12400000000000003,0.9890000000000001,0.07150000000000001,0.5039999999999999,0.35100000000000003,0.002
4091,0.23349999999999999,0.0115,0.638,0.04342035398230089,0.033999999999999996,0.10364377406931964,0.9075000000000001,0.028999999999999998,0.5213333333333333,0.14350000000000002,0.0
4092,0.4185,0.07186148822770592,0.588,0.051469387755102035,0.101,0.16914849352137135,0.7969999999999999,0.1125,0.4680074869776359,0.29710697670730746,0.0015
4093,0.334,0.04998641179180101,0.5609999999999999,0.08646938775510205,0.06799999999999999,0.1719407120657121,0.5957079656294567,0.36050000000000004,0.3965000000000001,0.2898377483443708,0.009
4094,0.052500000000000005,0.019000000000000003,0.42400000000000004,0.033,0.0305,0.10708482114888815,0.8515,0.0195,0.25570789299867897,0.22367389167823948,0.0005
4095,0.0945,0.05600000000000001,0.6105,0.09847438459920052,0.074,0.1627309708017999,0.8150000000000001,0.016,0.5043749999999999,0.13090316205533598,0.001
4096,0.0195,0.0,0.6525,0.036,0.0025,0.14468913226621735,0.9345000000000001,0.0005,0.361,0.06374203248722966,0.0
4097,0.1305,0.022,0.552,0.034970297029702974,0.0225,0.093,0.8745466691757621,0.0335,0.4095,0.3145,0.003
4098,0.3285,0.21292388451443572,0.749,0.07546008102658094,0.1375,0.4162082508843395,0.7150000000000001,0.1285,0.5334166666666667,0.3189972255733364,0.0225
4099,0.4535,0.134,0.6915,0.09139891614089886,0.133,0.20049999999999998,0.868066882416397,0.119,0.590249504950495,0.21969402573435168,0.01
4100,0.39099999999999996,0.22894216053825467,0.583,0.05283173817957941,0.07350000000000001,0.7521519592109938,0.7638492139616397,0.22549999999999998,0.49450000000000005,0.32323213835139347,0.015
4101,0.3545,0.1249613368283093,0.698,0.039664201324094,0.15499999999999997,0.3140582684397934,0.5361847531388304,0.129,0.4885833333333333,0.26652660277129375,0.0165
4102,0.205,0.026000000000000002,0.6775,0.05681927012319974,0.05,0.1625,0.9147718038971966,0.0635,0.6276662269129287,0.081,0.006
4103,0.195,0.0345,0.3365,0.09992730849882778,0.077,0.24554822954822955,0.611240465416936,0.067,0.278124504950495,0.2998337817057581,0.016
4104,0.5965,0.016000000000000004,0.6995000000000001,0.0029846938775510206,0.087,0.06627383863080685,0.9515,0.29399999999999993,0.5728333333333333,0.11170384534675674,0.012493756161682551
4105,0.0455,0.057999999999999996,0.5650000000000001,0.08628467125514967,0.018,0.13327411477411477,0.9075000000000001,0.0295,0.427462855861538,0.16958948283843117,0.002
4106,0.0175,0.0185,0.5045,0.035,0.002,0.12227411477411479,0.9035,0.013500000000000002,0.4844152362330025,0.09644023957971254,0.0005
4107,0.193,0.1125,0.8149999999999998,0.047506555818184484,0.0895,0.3608315215520401,0.7875404334283663,0.0635,0.5222495049504949,0.16674707278813852,0.018
4108,0.05450000000000001,0.025,0.729,0.04127246040396491,0.07350000000000001,0.11977444987775061,0.7965,0.045,0.576,0.053500000000000006,0.0115
4109,0.1255,0.08349999999999999,0.607,0.0305,0.065,0.14409116216298537,0.762,0.092,0.47275,0.22290316205533597,0.0195
4110,0.002,0.0045000000000000005,0.6335000000000001,0.045984693877551025,0.0015,0.1285,0.9890000000000001,0.003999999999999999,0.2745,0.065850040478118,0.0
4111,0.46449999999999997,0.13892822384428222,0.556,0.04481005075297445,0.149,0.23968881412952064,0.6843597687448506,0.20600000000000002,0.4284162269129287,0.3244135476356533,0.01999375616168255
4112,0.21800000000000003,0.04245185179096872,0.55,0.09341651205936921,0.040999999999999995,0.10027411477411477,0.9081660675164448,0.049,0.47859999999999997,0.15773747671338031,0.0025
4113,0.11399999999999999,0.06799999999999999,0.506,0.013331775700934578,0.055999999999999994,0.1973652651182231,0.8021909160892994,0.051500000000000004,0.56125,0.19533975322920352,0.006500000000000001
4114,0.5199999999999999,0.029000000000000005,0.45099999999999996,0.03949999999999999,0.10200000000000001,0.1033162612774949,0.8394999999999999,0.1105,0.5268333333333334,0.19940316205533598,0.006999999999999999
4115,0.06,0.015961942257217844,0.6065,0.015390651012003856,0.0605,0.12970065842257075,0.85,0.052000000000000005,0.2955,0.089,0.004998382413936126
4116,0.525,0.07849999999999999,0.5860000000000001,0.03598469387755102,0.08449999999999999,0.09627411477411477,0.7063915633384904,0.25149999999999995,0.36875,0.3619632853898561,0.0045
4117,0.011,0.008500000000000002,0.6144999999999999,0.03297029702970297,0.009499999999999998,0.14950000000000002,0.8554999999999999,0.0055,0.34075,0.14744687842278204,0.0
4118,0.006,0.009500000000000001,0.5755,0.0105,0.0125,0.14250000000000002,0.728,0.025,0.39299999999999996,0.0215,0.0015
4119,0.34199999999999997,0.11235749213696518,0.5345,0.12448469387755101,0.08700000000000001,0.2033227383863081,0.6214999999999999,0.1105,0.4959999999999999,0.11299999999999999,0.004
4120,0.35700000000000004,0.223,0.6024999999999998,0.06100000000000001,0.09000000000000001,0.24498146941517057,0.8282357807989605,0.132,0.5411666666666667,0.39,0.01998077976079177
4121,0.027000000000000003,0.016499999999999997,0.5575,0.034470297029702966,0.017499999999999998,0.125,0.9434999999999999,0.0185,0.20774999999999996,0.08580632411067193,0.0005
4122,0.18,0.069,0.4805,0.091454990907254,0.10200000000000001,0.1405810680607961,0.7819999999999999,0.1145,0.6127499999999999,0.1946406758108373,0.0015
4123,0.0115,0.0095,0.5609999999999999,0.0385,0.011500000000000002,0.159,0.8545000000000001,0.01,0.37883333333333336,0.04090316205533597,0.0
4124,0.5894999999999999,0.07593590994123937,0.46749999999999997,0.08431836084859881,0.125,0.2317579420556553,0.8257359657469078,0.186,0.5515490295146789,0.17239375684556407,0.0025
4125,0.03,0.003,0.623,0.0295,0.033499999999999995,0.13768913226621737,0.874,0.004,0.29250000000000004,0.0793388704318937,0.001
4126,0.5145000000000001,0.079,0.58,0.036500000000000005,0.0915,0.19454767726161368,0.4495668824163969,0.25549999999999995,0.3983333333333333,0.25250000000000006,0.0055
4127,0.0605,0.15532692233296896,0.788,0.016,0.05800000000000001,0.24670062582171814,0.5991178707224335,0.4535,0.413749504950495,0.31590396039603963,0.006993756161682551
4128,0.0385,0.027000000000000003,0.5115000000000001,0.04992861911119588,0.0155,0.13801214679583335,0.8960000000000001,0.026000000000000002,0.4875,0.1428388704318937,0.0005
4129,0.0055,0.009,0.4245,0.021984693877551024,0.015,0.08277411477411477,0.9655000000000001,0.002,0.26349900990099007,0.15929184549356226,0.002
4130,0.35350000000000004,0.09736068640559645,0.701,0.18487087884046133,0.11399999999999999,0.26591478060046186,0.9434999999999999,0.2045,0.5842500000000002,0.11400000000000002,0.0115
4131,0.221,0.0395,0.32849999999999996,0.11023842634120365,0.0785,0.25815182427821204,0.7576673472531431,0.1125,0.38546619123085046,0.2031423846469742,0.010499999999999999
4132,0.4,0.195,0.6355,0.089,0.088,0.2162725048014913,0.7766785574708855,0.1505,0.4285,0.362,0.016959064549465976
4133,0.0335,0.012,0.615,0.02389891614089885,0.205,0.12127411477411476,0.866,0.0495,0.47020559644132226,0.055047234510378774,0.004
4134,0.09849999999999999,0.147186446527737,0.661,0.106454990907254,0.08650000000000001,0.28731653436677546,0.8207404654169359,0.0315,0.43,0.1115,0.014500000000000002
4135,0.10300000000000001,0.16347396768402156,0.8554999999999999,0.025,0.07450000000000001,0.24062849520031843,0.44299999999999995,0.5205,0.41600000000000004,0.30050000000000004,0.002
4136,0.124,0.054000000000000006,0.6905,0.013500000000000002,0.1105,0.11577411477411478,0.6112359657469078,0.009,0.8356662269129288,0.0715,0.0069937561616825504
4137,0.039,0.028000000000000004,0.906,0.019984693877551023,0.11200000000000002,0.2005118286591366,0.519281775429372,0.0465,0.7710412950115627,0.04690316205533597,0.002
4138,0.11750000000000001,0.121,0.8324999999999999,0.0615,0.14300000000000002,0.236008443968,0.6187762807457943,0.5994999999999999,0.33624950495049505,0.08294687842278205,0.006500000000000001
4139,0.532,0.034,0.706,0.034450095009500956,0.136,0.29320797140450805,0.6943634948323057,0.27649999999999997,0.6365000000000001,0.18829468729308457,0.0045
4140,0.297,0.16946043656207366,0.6305000000000001,0.06041089108910891,0.1145,0.10068826971313802,0.46183046406715,0.12599999999999997,0.34700000000000003,0.30445690939695264,0.031
4141,0.29250000000000004,0.1188088440810074,0.6735,0.07335415057111953,0.1255,0.25777411477411477,0.6986179828734539,0.085,0.381625,0.18471398159075766,0.054000000000000006
4142,0.26799999999999996,0.12609696914411037,0.6599999999999999,0.05694392523364487,0.14100000000000001,0.2853536554671309,0.181,0.213,0.5713328935795954,0.20646293494704987,0.01
4143,0.2675,0.024,0.5890000000000001,0.08172745131121889,0.1295,0.16922333000997009,0.7941179828734539,0.0895,0.60925,0.15140316205533597,0.0035000000000000005
4144,0.15300000000000002,0.049461942257217846,0.581,0.09149536855079585,0.0305,0.10769223211397683,0.948117982873454,0.0415,0.5110828929986789,0.17898121190698074,0.001
4145,0.2045,0.04297396768402155,0.6635,0.0425,0.0475,0.08249999999999999,0.9465,0.07950000000000002,0.5454162269129288,0.24274170874041046,0.012
4146,0.14550000000000002,0.0944613368283093,0.6645,0.029868404842346312,0.062,0.089,0.7298009999349166,0.07949999999999999,0.4464162263320123,0.12879691890090003,0.0034999999999999996
4147,0.35849999999999993,0.04650000000000001,0.6794999999999999,0.04394392523364486,0.0755,0.10877383863080685,0.9620000000000001,0.132,0.697,0.18283774834437086,0.009000000000000001
4148,0.1065,0.026000000000000002,0.353,0.018785364760965893,0.04,0.1345,0.5021179828734538,0.0435,0.2633333333333333,0.39509745600772317,0.0024873499837820305
4149,0.2405,0.10142926829268292,0.6855,0.05697029702970298,0.1605,0.1384980549237407,0.7297404654169359,0.183,0.5750000000000001,0.256,0.0034999999999999996
4150,0.20750000000000002,0.0955,0.637,0.11081058882787342,0.20600000000000002,0.16104822954822956,0.7545,0.1075,0.49974955966534573,0.14433494631153257,0.01
4151,0.121,0.0745,0.6124999999999999,0.05031338192721337,0.092,0.13154795340492162,0.9046848652898507,0.069,0.49816666666666676,0.15029184549356223,0.005
4152,0.479,0.0875,0.618,0.02,0.06,0.22257252152562987,0.707240465416936,0.21749999999999997,0.41400000000000003,0.28700000000000003,0.001
4153,0.11699999999999999,0.11897396768402153,0.7745,0.06150000000000001,0.10500000000000001,0.27704525085418963,0.47061787072243344,0.3325,0.44424950495049503,0.1485,0.004
4154,0.44499999999999995,0.06744857820191832,0.604,0.07884833996725196,0.071,0.10799999999999998,0.9164999999999999,0.1395,0.35533333333333333,0.26049067924683433,0.003487550823544455
4155,0.2125,0.12000000000000002,0.8039999999999999,0.0405,0.1005,0.24918280918306532,0.7464074808636016,0.163,0.689,0.2340985190826775,0.0064935939553219454
4156,0.3265,0.10235964195719575,0.5005000000000001,0.035369456693568516,0.24100000000000002,0.05948262998288515,0.8911909160892995,0.22750000000000004,0.363625,0.34550000000000003,0.006
4157,0.1465,0.06198663594470046,0.5405,0.26,0.17250000000000001,0.3663678857833448,0.8499268818362072,0.0815,0.4905412950115625,0.12329771724160368,0.004
4158,0.285,0.24446043656207364,0.6005,0.07495009500950096,0.17450000000000002,0.0355,0.6274375921159215,0.16699999999999998,0.5555000000000001,0.18880712245137557,0.026993756161682553
4159,0.5785,0.27349999999999997,0.6875,0.0625,0.0635,0.14535027569275674,0.8586909160892995,0.248,0.5515411716171618,0.33210746563337173,0.017499999999999998
4160,0.0195,0.0325,0.5915,0.08224342318530212,0.0165,0.077,0.951,0.019499999999999997,0.4885,0.0631440724550428,0.004
4161,0.1325,0.1054238845144357,0.675,0.08346654340405676,0.10450000000000001,0.4271938687815312,0.4856848652898508,0.06799999999999999,0.3991643567255266,0.5132196401913036,0.008
4162,0.2375,0.05390694857833036,0.6575000000000001,0.03686945669356852,0.0975,0.12378339469486528,0.6203942636192481,0.1275,0.517249504950495,0.22823369323108791,0.023
4163,0.32049999999999995,0.35600000000000004,0.659,0.0758395102003048,0.11400000000000002,0.31081464626125455,0.6175492522286689,0.229,0.509375,0.295,0.006500000000000001
4164,0.11099999999999999,0.11699999999999999,0.658,0.08547029702970296,0.0435,0.0879818556903865,0.891,0.0415,0.43049955966534564,0.12959772074197387,0.006
4165,0.526,0.05600000000000001,0.728,0.04889891614089885,0.0905,0.30671689061359186,0.7265850296003162,0.1625,0.4093333333333334,0.21354584636771984,0.0335
4166,0.27749999999999997,0.041499999999999995,0.6165,0.0305,0.014500000000000002,0.1285,0.898,0.068,0.484,0.183,0.005
4167,0.588,0.1149613368283093,0.5765,0.07197029702970298,0.0975,0.3402135392407284,0.4745460257253253,0.1535,0.5334162269129289,0.191,0.01849375616168255
4168,0.683,0.5128961225184202,0.7739999999999999,0.01198469387755102,0.095,0.3547082018927445,0.031000000000000007,0.7735,0.36500000000000005,0.10200000000000001,0.0005
4169,0.141,0.016499999999999997,0.372,0.0125,0.027000000000000003,0.09908344994462805,0.895240465416936,0.011,0.28800000000000003,0.357,0.001
4170,0.35950000000000004,0.29485131976481627,0.7300000000000001,0.05945499090725399,0.1295,0.4761853360606755,0.5191373911644771,0.20199999999999996,0.48749950495049504,0.3602846267671529,0.026999999999999996
4171,0.231,0.07550000000000001,0.6565,0.052655979778790385,0.1325,0.196237378781386,0.8335544897823096,0.13,0.5114990099009901,0.19073090309958873,0.0034999999999999996
4172,0.048,0.042,0.4725,0.02447029702970297,0.034,0.11623718388313413,0.954,0.023,0.4791666666666667,0.09918729989642455,0.0035000000000000005
4173,0.09450000000000001,0.075,0.4615,0.09585033795491213,0.040499999999999994,0.09998287562652204,0.6525000000000001,0.11100000000000002,0.48845658785647117,0.1434543321992229,0.004
4174,0.0025,0.012,0.44300000000000006,0.03543968478480501,0.041,0.08877444987775061,0.9205,0.0034999999999999996,0.21133333333333332,0.06590316205533596,0.001
4175,0.010499999999999999,0.0495,0.7135,0.0175,0.030500000000000006,0.22592651104760333,0.8945000000000001,0.02,0.23433333333333334,0.1075,0.0034999999999999996
4176,0.32599999999999996,0.0605,0.4800000000000001,0.02788385354141657,0.13949999999999999,0.12127383863080685,0.7865,0.079,0.347625,0.34621028450671154,0.002
4177,0.231,0.041423884514435697,0.5944999999999999,0.04047029702970297,0.06349999999999999,0.14982271202683278,0.7675,0.1875,0.5185000000000001,0.17849999999999996,0.0085
4178,0.53,0.066,0.54,0.03542861911119588,0.0465,0.23232273838630807,0.6555,0.21800000000000003,0.3353333333333333,0.24015816205533597,0.001
4179,0.42650000000000005,0.27849999999999997,0.756,0.05138860686254833,0.125,0.3872474808086965,0.6294206067347179,0.16899999999999998,0.4840833333333333,0.33510860408349996,0.026500000000000003
4180,0.3355,0.14779961864363633,0.7354999999999999,0.04534897309349677,0.153,0.13546266696266696,0.9369999999999999,0.056999999999999995,0.58,0.2611431182474334,0.0015
4181,0.081,0.16497989093387866,0.7299999999999999,0.0375,0.1025,0.29294104716934793,0.44982089869740055,0.08049999999999999,0.5475000000000001,0.2415,0.014500000000000002
4182,0.187,0.0425,0.7009999999999998,0.028943925233644863,0.0795,0.2583045220621477,0.4327531822764545,0.1095,0.31233333333333335,0.17759896794493782,0.0185
4183,0.013499999999999998,0.056999999999999995,0.5115000000000001,0.027420353982300888,0.025,0.144,0.824566882416397,0.2455,0.28150000000000003,0.09640316205533597,0.0
4184,0.0345,0.0155,0.6224999999999999,0.015999999999999997,0.025,0.18418913226621736,0.6303582929509732,0.021,0.43200000000000005,0.05299999999999999,0.004
4185,0.2675,0.06948021828103683,0.4725,0.089,0.0815,0.12712821572048702,0.9163697305797015,0.079,0.42800000000000005,0.16550000000000004,0.005
4186,0.0595,0.021500000000000002,0.931,0.12278516436331928,0.15,0.36343784230570486,0.08661798287345386,0.05750000000000001,0.8663333333333332,0.06367185379694817,0.0034999999999999996
4187,0.3035,0.08399999999999999,0.651,0.1375,0.0735,0.2637371249228062,0.9391848652898508,0.1625,0.41500000000000004,0.13699999999999998,0.0045000000000000005
4188,0.0675,0.068,0.5205,0.024,0.08349999999999999,0.19454268458765647,0.06519091608929946,0.048,0.6491666666666667,0.14550000000000002,0.001
4189,0.4915,0.0875,0.65,0.02290065600287563,0.1435,0.24185410094637225,0.7671179828734538,0.15899999999999997,0.55625,0.1975,0.05
4190,0.0685,0.1265,0.784,0.056330335796808864,0.047,0.16955421985309263,0.8554999999999999,0.078,0.5465659097043641,0.13579059829059828,0.005
4191,0.013000000000000001,0.028500000000000004,0.641,0.03939915966386555,0.042,0.10785410094637223,0.9855,0.017499999999999998,0.3713333333333333,0.08940316205533597,0.001
4192,0.325,0.07835964195719576,0.5215,0.15881927012319977,0.088,0.1339629708970242,0.687684865289851,0.1345,0.43774911991160775,0.2299282102961314,0.009
4193,0.27299999999999996,0.037500000000000006,0.8394999999999999,0.04433987916924052,0.078,0.18787794639573796,0.9804999999999999,0.026500000000000003,0.20783289299867896,0.15879726290783255,0.003
4194,0.23700000000000002,0.26450000000000007,0.7205,0.050470297029702973,0.077,0.7920056351021562,0.8227826349226698,0.15450000000000003,0.5109999999999999,0.329,0.0355
4195,0.020499999999999997,0.019,0.576,0.027334576245648716,0.03250000000000001,0.20827444987775062,0.914,0.020499999999999997,0.25,0.061,0.0005
4196,0.267,0.175,0.697,0.0948523157358907,0.088,0.1633182286431961,0.8112762861409346,0.16099999999999998,0.5498145345664669,0.24614519454256562,0.011
4197,0.176,0.10533801063328622,0.6475,0.026992227979274613,0.075,0.23070780265860175,0.7850573015454505,0.17500000000000002,0.5633324538258575,0.2972307984638366,0.012993591850147881
4198,0.2965,0.12250000000000001,0.534,0.043470297029702974,0.0445,0.16185410094637226,0.825,0.092,0.41124950495049506,0.3204031620553359,0.0015
4199,0.22599999999999998,0.093,0.6555,0.05244059405940593,0.1805,0.08596326400727121,0.894617982873454,0.063,0.39649999999999996,0.24100000000000002,0.009999999999999998
4200,0.32449999999999996,0.20941612822227623,0.7144999999999999,0.1058176788109376,0.1395,0.7257320473421103,0.534176026513781,0.11000000000000001,0.5084162950115626,0.3709944223478001,0.0195
4201,0.31900000000000006,0.09749999999999999,0.5725,0.10598469387755102,0.08499999999999999,0.0495,0.7321179828734539,0.2595,0.5095000000000001,0.242,0.003
4202,0.019500000000000003,0.006,0.5040000000000001,0.03047029702970297,0.0245,0.06200000000000001,0.9781909160892994,0.0215,0.44733333333333336,0.08640316205533598,0.0
4203,0.30900000000000005,0.05800000000000001,0.5985,0.037775080315154724,0.1375,0.12859657158793433,0.6335,0.073,0.5010074869776359,0.23851041156559347,0.003
4204,0.555,0.1794613368283093,0.6595,0.09094392523364485,0.17250000000000001,0.25106886779585225,0.8825000000000001,0.12799999999999997,0.438,0.29000000000000004,0.011000000000000001
4205,0.389,0.142,0.575,0.11686497272176197,0.0945,0.19927444987775061,0.8845000000000001,0.236,0.5935495245641838,0.25002696866902185,0.01
4206,0.22349999999999998,0.1679292682926829,0.7270000000000001,0.10818519017646566,0.1145,0.36248236565845426,0.41478536150928935,0.1555,0.35575,0.24617157774538906,0.017
4207,0.316,0.0605,0.5045,0.030383853541416567,0.0605,0.07935387045813586,0.8006179828734539,0.063,0.45499999999999996,0.28200000000000003,0.0015
4208,0.5645,0.0485,0.7609999999999999,0.01847029702970297,0.1325,0.10918881412952061,0.7965,0.08249999999999999,0.7310000000000001,0.0625,0.0155
4209,0.0945,0.014000000000000002,0.506,0.027864279215945746,0.0755,0.11314400256574728,0.9162871345926982,0.027999999999999997,0.311332892998679,0.19086756756756756,0.002
4210,0.12049999999999998,0.05740410279547252,0.5195,0.05447029702970298,0.038,0.12177411477411478,0.8675,0.047,0.42424999999999996,0.1654906792468343,0.006
4211,0.098,0.1285,0.8049999999999999,0.06994392523364486,0.0825,0.20391246227618742,0.5866873853694081,0.11299999999999999,0.5582333333333334,0.1999039603960396,0.003
4212,0.29050000000000004,0.21039574107440454,0.6545,0.03998469387755102,0.2085,0.9855,0.5456403994310787,0.175,0.4861657865782744,0.21955820755178596,0.0375
4213,0.352,0.14294216053825468,0.6035,0.04094059405940594,0.23000000000000004,0.19021465721394773,0.7441179828734539,0.1155,0.5849999999999999,0.21949999999999997,0.009493593955321945
4214,0.27199999999999996,0.08349999999999999,0.7244999999999999,0.09409197396565341,0.10400000000000001,0.387974898786215,0.6104999999999999,0.049,0.5148794804686626,0.39753360708312685,0.0025
4215,0.147,0.051500000000000004,0.8030000000000002,0.0195,0.027499999999999997,0.058548229548229545,0.9469999999999998,0.051500000000000004,0.420332892998679,0.10600000000000001,0.0
4216,0.41450000000000004,0.12798663594470044,0.681,0.09819514580775955,0.08700000000000001,0.7404145891043399,0.5395492522286689,0.1295,0.47783333333333333,0.2577092022792615,0.013000000000000001
4217,0.1095,0.02,0.5925,0.04047311649204818,0.05449999999999999,0.10927411477411478,0.8840466691757622,0.022,0.37575,0.27685083881882167,0.0035000000000000005
4218,0.4885,0.008,0.555,0.028500000000000004,0.082,0.06268855218855218,0.914,0.08750000000000001,0.2845,0.22149999999999997,0.001
4219,0.22349999999999998,0.027000000000000003,0.6074999999999999,0.03392035398230088,0.0385,0.19189737674715251,0.9178584482903899,0.0755,0.569582397949174,0.25044687842278207,0.014000000000000002
4220,0.5865,0.048,0.42300000000000004,0.025500000000000002,0.062,0.1725536400588809,0.861,0.10400000000000001,0.5472495049504951,0.12150000000000001,0.003
4221,0.0915,0.061,0.6214999999999999,0.056410891089108905,0.039999999999999994,0.10777383863080685,0.9113540170090951,0.07200000000000001,0.47745752265971414,0.1776756861370124,0.002981724911830715
4222,0.037,0.072,0.869,0.16849999999999998,0.21350000000000002,0.4052145506965189,0.33361798287345384,0.0345,0.868,0.0785,0.004999999999999999
4223,0.425,0.027000000000000003,0.1965,0.04775959695687961,0.094,0.2650883133694379,0.5021179828734539,0.14250000000000002,0.5322495596653456,0.23838370148980284,0.0115
4224,0.40449999999999997,0.20998021828103686,0.6315,0.07646252500897759,0.1105,0.23148346597214128,0.821095921404431,0.20800000000000002,0.5119999999999999,0.31179642997483575,0.019996858465608464
4225,0.009000000000000001,0.0005,0.6265,0.0435,0.001,0.1275485646518654,0.9914999999999999,0.0005,0.3295,0.04730632411067194,0.003
4226,0.333,0.08650000000000001,0.6005,0.10891497865860644,0.0605,0.09678564093046815,0.937566882416397,0.17350000000000002,0.5361245602462621,0.19733020708199273,0.013000000000000001
4227,0.301,0.20149999999999996,0.7375,0.048390651012003856,0.1125,0.193902945078069,0.472218874764304,0.0915,0.44399999999999995,0.3235,0.0055
4228,0.488,0.0424238845144357,0.6715000000000001,0.025500000000000002,0.048,0.21079549935687467,0.8955,0.08499999999999999,0.362,0.19949999999999996,0.0
4229,0.08349999999999999,0.0355,0.6195,0.006500000000000001,0.11300000000000002,0.11217654988411603,0.4876179828734538,0.043,0.5715,0.2750931807206906,0.0035000000000000005
4230,0.2625,0.12563636551538834,0.6535,0.0445,0.16599999999999998,0.2768536554671309,0.2,0.23650000000000002,0.5588328935795954,0.2134629349470499,0.0095
4231,0.40650000000000003,0.1933836585613497,0.6050000000000001,0.08879569887185576,0.11950000000000001,0.4117949228660366,0.4639735510119693,0.2265,0.511331428421203,0.31366337430560354,0.013000000000000001
4232,0.11399999999999999,0.036500000000000005,0.625,0.028499999999999998,0.0455,0.119,0.9326848652898508,0.0355,0.536749504950495,0.13207522505775118,0.0034999999999999996
4233,0.3945,0.6184999999999999,0.6960000000000001,0.07271485508985967,0.10400000000000001,0.3374601044760416,0.6928940393172074,0.19749999999999998,0.3713,0.5875423920318312,0.0085
4234,0.025500000000000002,0.011500000000000002,0.473,0.07448469387755102,0.031000000000000007,0.12,0.8861337648327939,0.035500000000000004,0.2503333333333333,0.08225320253345397,0.0
4235,0.20750000000000002,0.13469938691847516,0.5650000000000001,0.07245499090725399,0.0935,0.20568855218855217,0.5700464267576906,0.20949999999999996,0.531749504950495,0.16190316205533595,0.0015
4236,0.15100000000000002,0.039,0.619,0.01,0.03,0.08016693239523312,0.9564999999999999,0.038,0.504,0.1849039603960396,0.0005
4237,0.32,0.2128957410744045,0.6675,0.041428619111195886,0.11400000000000002,0.9809999999999999,0.5290643187418166,0.1755,0.488125,0.21590316205533594,0.023000000000000003
4238,0.469,0.14150000000000001,0.7,0.06995499090725399,0.154,0.1942791901811303,0.5510432014292203,0.193,0.4603323432343235,0.364874513249138,0.006500000000000001
4239,0.28049999999999997,0.134,0.6884999999999999,0.08483370502795082,0.061,0.7324360766448211,0.8890432415086714,0.10250000000000001,0.5528162263320123,0.25423521278113836,0.0115
4240,0.11699999999999999,0.1824359099412394,0.8905000000000001,0.025500000000000002,0.0915,0.19149999999999998,0.45815829787234036,0.31999999999999995,0.491,0.23500000000000001,0.006500000000000001
4241,0.27399999999999997,0.15994216053825466,0.6744999999999999,0.0698131008828915,0.1655,0.8772233300099701,0.5494025180381499,0.138,0.5452490646158408,0.21217326930748365,0.020496776326665567
4242,0.06649999999999999,0.037,0.5734999999999999,0.060395584966659935,0.044500000000000005,0.13242911877394636,0.736,0.08249999999999999,0.5017495049504951,0.1287667569812059,0.004999999999999999
4243,0.17049999999999998,0.04689954597048808,0.64,0.27649999999999997,0.073,0.25292134341066896,0.5620466691757622,0.05299999999999999,0.4365,0.11419500754889822,0.006
4244,0.1345,0.19649999999999998,0.6900000000000001,0.34132749773073956,0.101,0.2595276131058023,0.8351179828734538,0.058499999999999996,0.5753820813215258,0.2105,0.006
4245,0.265,0.0185,0.483,0.05088385354141657,0.029500000000000005,0.17559679420009494,0.8634999999999999,0.036500000000000005,0.24799999999999994,0.2425,0.0015
4246,0.4325000000000001,0.16449999999999998,0.6375000000000001,0.07098469387755102,0.07300000000000001,0.11381687252443866,0.8795851797085475,0.227,0.4997078935795954,0.256,0.0155
4247,0.4495,0.0425,0.485,0.04847029702970297,0.026000000000000002,0.10988197712373826,0.86,0.09000000000000001,0.27949999999999997,0.27615816205533594,0.0015
4248,0.014500000000000002,0.0025,0.7529999999999999,0.03148469387755102,0.003,0.11337768445476955,0.993,0.006500000000000001,0.28300000000000003,0.07668891091001169,0.001
4249,0.025,0.053500000000000006,0.5599999999999999,0.13535814749699268,0.040999999999999995,0.07185410094637223,0.804668966771297,0.0245,0.4178741199116078,0.27191082307230113,0.0
4250,0.020999999999999998,0.006,0.5149999999999999,0.036984693877551024,0.020999999999999998,0.1,0.875,0.016499999999999997,0.3925,0.088,0.003
4251,0.07949999999999999,0.0935,0.7675000000000001,0.027000000000000003,0.0825,0.14068913226621738,0.6221179828734538,0.10500000000000001,0.5845,0.12372075030451105,0.010000000000000002
4252,0.0235,0.002,0.5329999999999999,0.021500000000000002,0.0055000000000000005,0.10154856465186539,0.9484999999999999,0.006500000000000001,0.3328333333333333,0.047499999999999994,0.001
4253,0.008,0.027999999999999997,0.477,0.022928619111195876,0.023,0.1825,0.7865,0.02,0.393915785997358,0.13157420317940066,0.0025
4254,0.072,0.023,0.593,0.02948469387755102,0.043,0.12050000000000001,0.9569999999999999,0.025,0.2791666666666667,0.1695,0.0045
4255,0.1735,0.2704359099412394,0.7315,0.07387457461820242,0.1525,0.24018881412952062,0.3986178707224335,0.3045,0.6435,0.21962237511152374,0.006500000000000001
4256,0.0105,0.013500000000000002,0.5135,0.028500000000000004,0.009000000000000001,0.13499999999999998,0.844,0.0025,0.289,0.094,0.0
4257,0.08249999999999999,0.043500000000000004,0.5795,0.0188845192930508,0.0745,0.16018855218855216,0.7546179828734539,0.0465,0.3795833333333334,0.1505,0.0055
4258,0.118,0.13990948657371977,0.724,0.04183951020030479,0.11699999999999999,0.11677411477411477,0.7526179828734538,0.096,0.4605,0.4565,0.010000000000000002
4259,0.29300000000000004,0.20692926829268293,0.766,0.08884235316735557,0.168,0.4278285965681758,0.31366118430267415,0.2125,0.5500828382838284,0.301321989581646,0.028481306985227006
4260,0.26799999999999996,0.064,0.49849999999999994,0.04947029702970297,0.01,0.11540233049460177,0.8460000000000001,0.0325,0.3438333333333333,0.20148374122764015,0.0
4261,0.17850000000000002,0.10399999999999998,0.383,0.077454990907254,0.0765,0.10408106806079609,0.8681179828734539,0.08900000000000001,0.523832397949174,0.17577046422596987,0.0025
4262,0.46900000000000003,0.146,0.5595000000000001,0.056443925233644866,0.11400000000000002,0.12804319455572424,0.8350947259204918,0.14500000000000002,0.413,0.331903162055336,0.013000000000000001
4263,0.2945,0.23431057797890392,0.37,0.0557794385080765,0.1125,0.2830522091989829,0.6898725419333032,0.0805,0.47004122691292877,0.1814584793823729,0.004
4264,0.168,0.052500000000000005,0.6275000000000001,0.039970297029702964,0.05,0.24346326400727122,0.8664999999999999,0.053000000000000005,0.24050000000000002,0.23165816205533601,0.0005
4265,0.20250000000000004,0.10046194225721786,0.6849999999999999,0.07650000000000001,0.16350000000000003,0.16409147972775823,0.7055,0.0965,0.5457500000000001,0.25693461124762795,0.0
4266,0.285,0.273,0.7205,0.05589891614089885,0.1035,0.31403096039262757,0.6254764311638438,0.1345,0.4295000000000001,0.48119376034593425,0.03147093981941758
4267,0.1395,0.059,0.774,0.03835733916873719,0.07849999999999999,0.14346266696266693,0.8425,0.087,0.345125,0.09509692240127024,0.0015
4268,0.003,0.0045000000000000005,0.517,0.0445,0.0045,0.10177444987775061,0.9765,0.0015,0.3105,0.041,0.0
4269,0.45649999999999996,0.1029613368283093,0.6865,0.069,0.141,0.18968855218855216,0.9019366129960987,0.1895,0.40149999999999997,0.3184039603960396,0.0045
4270,0.05650000000000001,0.1365,0.619,0.39422147991698236,0.1055,0.2121293956914425,0.827,0.05600000000000001,0.5141483076535381,0.1287428308279333,0.0035000000000000005
4271,0.008,0.024499999999999997,0.5820000000000001,0.0615,0.0105,0.19149999999999998,0.9884999999999999,0.0035000000000000005,0.3124166666666667,0.08280632411067194,0.0015
4272,0.14700000000000002,0.0245,0.7030000000000001,0.0495,0.062,0.096,0.904617982873454,0.092,0.6045,0.1045,0.0005
4273,0.16,0.0805,0.5465,0.02349222797927461,0.0645,0.15619251005214901,0.908066882416397,0.12,0.507,0.2626174363583953,0.0035000000000000005
4274,0.1945,0.17989954597048807,0.7154999999999999,0.0395,0.16949999999999998,0.2307725048014913,0.7380000000000001,0.1705,0.5739166666666666,0.22269376034593424,0.01
4275,0.0045,0.026000000000000002,0.5429999999999999,0.027000000000000003,0.0125,0.12704856465186537,0.8549999999999999,0.008000000000000002,0.40391666666666665,0.0637696095005281,0.001
4276,0.29500000000000004,0.18850000000000003,0.6425,0.03849999999999999,0.146,0.3167791901811303,0.5550590955395809,0.124,0.4720000000000001,0.3353388704318937,0.036
4277,0.009,0.0005,0.5365,0.0465,0.053000000000000005,0.09977444987775061,0.9654999999999999,0.0045,0.3318333333333333,0.09540316205533597,0.003
4278,0.4385,0.10493676379526731,0.635,0.1153312450714098,0.0865,0.22097293120810577,0.9285668824163971,0.15100000000000002,0.40241617161716176,0.2517543102887969,0.024
4279,0.026500000000000003,0.028500000000000004,0.32849999999999996,0.030984693877551022,0.033499999999999995,0.1535,0.579152067520085,0.028499999999999998,0.35250000000000004,0.04590316205533597,0.0
4280,0.2855,0.0828995459704881,0.6085,0.034,0.0885,0.09838855177439652,0.7963298835658539,0.1125,0.5625,0.27949999999999997,0.009
4281,0.042,0.0325,0.6115,0.10144392523364487,0.014000000000000002,0.09927444987775061,0.9376179828734539,0.020999999999999998,0.41775,0.18630632411067194,0.0005
4282,0.30300000000000005,0.1343247956761669,0.7585,0.06997029702970298,0.157,0.20234036838437558,0.9029268818362072,0.3215,0.6019990099009901,0.18935004047811801,0.014500000000000002
4283,0.335,0.1335,0.7135,0.06281839890550184,0.0645,0.7957744498777506,0.8484285013543611,0.1525,0.526732892998679,0.2825257266151305,0.01
4284,0.071,0.14750000000000002,0.728,0.042680020318834895,0.088,0.3068712766786982,0.4473833720896355,0.07,0.5395,0.281375111158864,0.013000000000000001
4285,0.19449999999999998,0.21400000000000002,0.774,0.050874210014700286,0.153,0.41535938435817654,0.46592676968518687,0.09,0.28400000000000003,0.6305,0.025500000000000002
4286,0.08549999999999999,0.22297396768402153,0.758,0.01998469387755102,0.08800000000000001,0.1756552341802796,0.7086178707224335,0.4125,0.45624950495049515,0.32718922032465103,0.001
4287,0.4535,0.20800000000000002,0.5589999999999999,0.06448969072164948,0.13999999999999999,0.29864011754229103,0.6774639603944095,0.26,0.4504999999999999,0.3593071224513755,0.03549685846560847
4288,0.31300000000000006,0.0355,0.5475,0.057470297029702966,0.006,0.11212770908894272,0.9055,0.061,0.30404166666666665,0.21090316205533596,0.0005
4289,0.154,0.06898021828103683,0.557,0.011500000000000002,0.11299999999999999,0.20852190846469676,0.44377614613876004,0.11950000000000001,0.40650000000000003,0.3075,0.005993593955321945
4290,0.12250000000000001,0.1584282238442822,0.6945,0.05126936513270068,0.1135,0.2136979352455378,0.6999207188857381,0.10550000000000001,0.6204152915287695,0.11504573031248977,0.012
4291,0.07649999999999998,0.0235,0.569,0.09026448254710816,0.027500000000000004,0.07350000000000001,0.9585000000000001,0.028999999999999998,0.276082892998679,0.07421693582120753,0.0015
4292,0.06,0.044000000000000004,0.526,0.033,0.15349999999999997,0.24874624852777463,0.442,0.027500000000000004,0.7929999999999999,0.06799999999999999,0.006500000000000001
4293,0.048,0.0435,0.5185000000000001,0.0125,0.081,0.20265188323854,0.814566882416397,0.0085,0.36825,0.4263668953430896,0.003
4294,0.37249999999999994,0.14899999999999997,0.8435,0.02898469387755102,0.038,0.22427452797985561,0.7646848652898508,0.144,0.369249504950495,0.3362428308279333,0.002
4295,0.365,0.32,0.7035,0.06027486601757591,0.12199999999999997,0.3606161598455202,0.6304049526807229,0.20550000000000002,0.48458849075614036,0.41106306965994477,0.013496858465608465
4296,0.654,0.0335,0.8774999999999998,0.010420353982300887,0.08,0.15496292890363536,1.0,0.038500000000000006,0.5075,0.322,0.0005
4297,0.2375,0.19426038194325568,0.7355,0.04991422226334783,0.08149999999999999,0.24715240282105655,0.8774999999999998,0.0185,0.7065661912308505,0.16775479921486125,0.001
4298,0.11750000000000001,0.02,0.5235000000000001,0.07043652874902875,0.0195,0.1317744498777506,0.8995466691757622,0.036500000000000005,0.4585,0.1346440724550428,0.003
4299,0.18449999999999997,0.0165,0.49800000000000005,0.028000000000000004,0.0055000000000000005,0.08032267942598018,0.9359999999999999,0.063,0.3285,0.15899999999999997,0.0025
4300,0.21200000000000002,0.119,0.7350000000000001,0.029500000000000005,0.1025,0.24282240328267224,0.7109919568290246,0.119,0.6255000000000001,0.24650000000000002,0.0085
4301,0.27199999999999996,0.02,0.5559999999999999,0.042499999999999996,0.009,0.18115179922888433,0.9269999999999999,0.0505,0.3069985148514851,0.20743835601031996,0.0005
4302,0.069,0.1755,0.8795,0.1165408313995427,0.1885,0.49212855082412277,0.48922274573134905,0.059999999999999984,0.8154999999999999,0.04183887043189369,0.013500000000000002
4303,0.11400000000000002,0.083,0.7925,0.05936497272176198,0.11549999999999998,0.3352993498533904,0.45535365152139395,0.07350000000000001,0.8115,0.0805,0.005
4304,0.0725,0.0415,0.7130000000000001,0.26349999999999996,0.065,0.15646297089702418,0.6526582978723404,0.07449999999999998,0.39649999999999996,0.17750000000000002,0.0185
4305,0.0325,0.06050000000000001,0.8375,0.013500000000000002,0.0905,0.2842246535430643,0.10006688241639698,0.06949999999999999,0.273,0.07545520281968546,0.002
4306,0.001,0.009,0.5309999999999999,0.06812256837231626,0.016499999999999997,0.10049999999999999,0.941740465416936,0.0,0.20633333333333334,0.084,0.006
4307,0.0125,0.026500000000000003,0.5355,0.04278093484708658,0.0455,0.0705,0.914,0.0125,0.209957962413452,0.16242061598871918,0.0025
4308,0.1965,0.05500000000000001,0.538,0.186,0.0895,0.1045,0.8860000000000001,0.044,0.4069999999999999,0.16899999999999998,0.01049375616168255
4309,0.2875,0.079,0.6385,0.05748469387755102,0.076,0.0955,0.9550000000000001,0.11699999999999999,0.29100000000000004,0.302,0.0015
4310,0.002,0.003480218281036835,0.5529999999999999,0.0295,0.0005,0.13304889975550122,0.9545,0.006,0.3485828382838284,0.0395,0.004
4311,0.312,0.0205,0.584,0.019484693877551022,0.05449999999999999,0.09796266696266695,0.8427404654169359,0.073,0.3965,0.158,0.004
4312,0.3805,0.1644613368283093,0.6325000000000001,0.08372811706285313,0.08399999999999999,0.06968881412952062,0.7759937642526042,0.11400000000000002,0.4246657318634238,0.288929008636835,0.023
4313,0.0645,0.056499999999999995,0.6385000000000001,0.0075,0.0165,0.11473737878138598,0.8154999999999999,0.0315,0.5426,0.0992905982905983,0.0005
4314,0.033,0.0205,0.5355000000000001,0.03786921317060182,0.0235,0.07100000000000001,0.9265000000000001,0.2125,0.40958283828382835,0.045753202533453975,0.0014937561616825503
4315,0.06949999999999999,0.074,0.6915,0.0405,0.10400000000000001,0.19898904813137042,0.6617358535958873,0.05650000000000001,0.5115,0.4659999999999999,0.004
4316,0.0905,0.1669238845144357,0.7000000000000001,0.044454990907253994,0.0505,0.13514377406931963,0.8016178707224334,0.264,0.515,0.3023355541901157,0.0035000000000000005
4317,0.17250000000000004,0.043,0.466,0.07192861911119589,0.0225,0.1326277090889427,0.8798088989627534,0.029500000000000005,0.352625,0.25480632411067194,0.0015
4318,0.25149999999999995,0.2534604365620737,0.623,0.043000000000000003,0.14250000000000002,0.115237378781386,0.64247806020329,0.14450000000000002,0.5469999999999999,0.22780068329142078,0.0315
4319,0.004,0.011,0.5925,0.0395,0.0015,0.1145,0.9700000000000001,0.001,0.28583333333333333,0.04640316205533597,0.0
4320,0.2245,0.0965,0.7,0.014000000000000002,0.10900000000000001,0.09899744478408486,0.7501848652898508,0.045,0.369,0.1565,0.001
4321,0.0445,0.0,0.501,0.034499999999999996,0.006500000000000001,0.12377411477411478,0.9324999999999999,0.002,0.3503333333333333,0.051500000000000004,0.0
4322,0.32799999999999996,0.04305841990270122,0.5295,0.051865881996362904,0.1035,0.33697973023336647,0.9570000000000001,0.023,0.5826662269129288,0.1649039603960396,0.002
4323,0.223,0.07400000000000001,0.662,0.054000000000000006,0.0635,0.05937762825904121,0.931,0.11699999999999999,0.53425,0.20790316205533593,0.014500000000000002
4324,0.011,0.007000000000000001,0.5935,0.029000000000000005,0.032,0.1455,0.8545,0.003,0.4248333333333333,0.06599999999999999,0.0
4325,0.0665,0.0385,0.42799999999999994,0.04691331298874691,0.0605,0.1247362294501659,0.913194300019412,0.0505,0.28975,0.30943499425339965,0.0025
4326,0.375,0.1075,0.5824999999999999,0.04283951020030479,0.07950000000000002,0.21171122965990205,0.8481847932182814,0.147,0.4140833333333333,0.3302102845067115,0.0695
4327,0.0985,0.06592926829268293,0.859,0.04748469387755102,0.1255,0.28273123677620865,0.18050000000000002,0.069,0.7857079616782293,0.09174091039970683,0.0125
4328,0.32250000000000006,0.15250000000000002,0.5770000000000001,0.033,0.12200000000000003,0.22666684139610638,0.6724922131231839,0.118,0.45775000000000005,0.36884162619656624,0.0095
4329,0.078,0.043,0.7064999999999999,0.014000000000000002,0.064,0.13081764443347485,0.8478882182149399,0.043000000000000003,0.47545796241345206,0.076,0.001
4330,0.217,0.0475,0.51,0.0085,0.035500000000000004,0.0815,0.9339999999999999,0.036,0.316,0.20550000000000002,0.001
4331,0.03899999999999999,0.09,0.5730000000000001,0.036000000000000004,0.021,0.1475488997555012,0.6631179828734539,0.032499999999999994,0.43000000000000005,0.21399999999999997,0.002
4332,0.28200000000000003,0.16349999999999998,0.6545,0.037,0.11099999999999999,0.14625625991306554,0.7282790550251075,0.11700000000000002,0.44399999999999995,0.4415,0.01949359185014788
4333,0.048,0.122,0.8300000000000001,0.012470297029702971,0.10300000000000001,0.2654632640072712,0.6751178707224335,0.279,0.6163324538258576,0.25199999999999995,0.002
4334,0.119,0.041999999999999996,0.6950000000000001,0.025500000000000002,0.0735,0.15767712252910607,0.502,0.0345,0.3865,0.10800000000000001,0.007000000000000001
4335,0.33799999999999997,0.16549999999999998,0.7154999999999999,0.0365,0.07100000000000001,0.22092365641529774,0.8055,0.18450000000000003,0.5097495049504951,0.2795161569156809,0.010496776326665565
4336,0.14750000000000002,0.18928066772403346,0.7180000000000001,0.04441089108910891,0.0995,0.18247001803046395,0.4290290874970678,0.095,0.41950000000000004,0.30730632411067194,0.005999999999999999
4337,0.1575,0.040999999999999995,0.625,0.04544059405940594,0.0375,0.16196324704033213,0.8799999999999999,0.05550000000000001,0.4196661716171617,0.289877470941203,0.0015
4338,0.3215,0.1595,0.6745,0.08074546733475763,0.10400000000000001,0.15987826314665066,0.8706179828734539,0.05449999999999999,0.44583283828382836,0.27277800041125,0.0125
4339,0.2535,0.027000000000000003,0.6255,0.03496938775510204,0.0305,0.0945,0.805,0.0125,0.30070833333333336,0.21200000000000002,0.002
4340,0.0375,0.08646194225721784,0.9339999999999999,0.059,0.1375,0.38215206116985273,0.0495,0.041999999999999996,0.9403333333333332,0.0645,0.0045
4341,0.1,0.0794613368283093,0.5894999999999999,0.016898916140898848,0.08299999999999999,0.11058106806079608,0.6885,0.11200000000000002,0.4656652909478531,0.1133975844031361,0.003
4342,0.5894999999999999,0.07593590994123937,0.46749999999999997,0.08431836084859881,0.125,0.2317579420556553,0.8257359657469078,0.186,0.5515490295146789,0.17239375684556407,0.0025
4343,0.292,0.016499999999999997,0.37899999999999995,0.012,0.0365,0.3046367626910859,0.86,0.06,0.2915,0.3489039603960396,0.0015
4344,0.025500000000000002,0.17792822384428225,0.7855000000000001,0.05800000000000001,0.0985,0.211,0.8916179828734538,0.0235,0.4425,0.10049999999999999,0.004
4345,0.42699999999999994,0.12050000000000001,0.5475,0.07944059405940594,0.13399999999999998,0.1327233300099701,0.8980668824163971,0.20800000000000002,0.518375,0.33864487079574646,0.0025
4346,0.45549999999999996,0.41550000000000004,0.6725000000000001,0.054914222263347835,0.0795,0.253685392269677,0.7494224505549125,0.254,0.323,0.5151348114806651,0.032
4347,0.0405,0.022,0.5385,0.006899159663865545,0.0215,0.08577444987775061,0.7885,0.009,0.4353328382838284,0.313,0.0005
4348,0.03,0.022,0.6224999999999999,0.08149999999999999,0.005,0.08616651522197465,0.9667359657469078,0.014000000000000002,0.3915,0.148,0.0
4349,0.05750000000000001,0.0025,0.4455,0.0235,0.01,0.126,0.8939999999999999,0.0075,0.339,0.0665,0.0
4350,0.046000000000000006,0.04990410279547253,0.5445,0.03933884444867056,0.0395,0.11950000000000001,0.8825,0.025500000000000002,0.45684906461584074,0.1295952579562308,0.001
4351,0.301,0.024,0.6475,0.019,0.026000000000000002,0.046000000000000006,0.9325000000000001,0.042,0.40549999999999997,0.14,0.0025
4352,0.0045,0.0075000000000000015,0.5395000000000001,0.026500000000000003,0.007000000000000001,0.1557741147741148,0.8720852819807428,0.003,0.4455490295146789,0.06499999999999999,0.004
4353,0.057499999999999996,0.019,0.3175,0.0225,0.0105,0.17099999999999999,0.7845000000000001,0.017,0.3695,0.047,0.003
4354,0.06100000000000001,0.0969091592265616,0.829,0.01697979797979798,0.0845,0.23562793957717912,0.3211101959966377,0.174,0.475,0.143,0.004
4355,0.16849999999999998,0.08432479567616692,0.7939999999999999,0.074,0.07050000000000001,0.15996292890363537,0.9677826349226699,0.054000000000000006,0.4637490099009901,0.08829184549356224,0.001
4356,0.015,0.0045,0.5680000000000001,0.0345,0.006999999999999999,0.14912798523225063,0.9238943059932311,0.0025,0.45275,0.12235004047811801,0.0
4357,0.484,0.06999999999999999,0.642,0.07586840484234632,0.075,0.15012883287866627,0.913,0.22349999999999998,0.5159578382838284,0.34704539750545954,0.013977078234044187
4358,0.85,0.026000000000000002,0.5645,0.05343361595529435,0.11400000000000002,0.1335,0.9711117471260581,0.091,0.51,0.34550000000000003,0.005
4359,0.06896761842959118,0.0235,0.6465,0.028470297029702968,0.025,0.2185,0.8755,0.03749999999999999,0.534,0.10149999999999999,0.004
4360,0.20399999999999996,0.05892822384428224,0.5485,0.07247029702970298,0.07,0.227699476490498,0.8935000000000001,0.048,0.47195833333333337,0.14821028450671153,0.001
4361,0.261,0.056499999999999995,0.673,0.11750000000000001,0.1085,0.21379486390570865,0.9075000000000001,0.13,0.48450000000000004,0.1295,0.004
4362,0.3375,0.2475,0.7220000000000001,0.08197029702970297,0.12149999999999998,0.3946284952003184,0.4596611843026742,0.1725,0.5035828382838284,0.3597540008741576,0.034
4363,0.173,0.23132815776720608,0.6745,0.043,0.1165,0.2818084146865909,0.5579208310367585,0.198,0.6612500000000001,0.2529773046326626,0.0185
4364,0.5519999999999999,0.0495,0.48949999999999994,0.023499999999999997,0.091,0.10046266696266697,0.915,0.1755,0.353,0.4010000000000001,0.004
4365,0.331,0.125,0.6525,0.03844059405940594,0.10400000000000001,0.3304632640072712,0.8640000000000001,0.149,0.5825328929986789,0.2617133850409885,0.0085
4366,0.442,0.065,0.5525,0.07924711471289812,0.077,0.1295,0.9375,0.1145,0.4725485891800245,0.18742949756289934,0.008499999999999999
4367,0.0795,0.05894216053825467,0.48599999999999993,0.03841089108910891,0.07749999999999999,0.1877741147741148,0.061,0.06000000000000001,0.70225,0.07267321945376146,0.0
4368,0.6585,0.019,0.5225000000000001,0.07040310465674181,0.0905,0.25067323721628815,0.9773088989627533,0.1295,0.561032892998679,0.1014039603960396,0.012
4369,0.11400000000000002,0.0669613368283093,0.46099999999999997,0.053500000000000006,0.14,0.19691873008340616,0.4035,0.055499999999999994,0.81775,0.06150000000000001,0.005
4370,0.0095,0.019,0.499,0.034443925233644854,0.019,0.1465,0.8122577985056963,0.0055,0.29474999999999996,0.10620948616600792,0.0005
4371,0.1445,0.18943590994123943,0.9120000000000001,0.020499999999999997,0.1075,0.24,0.446,0.3105,0.499,0.21639326791949975,0.007000000000000001
4372,0.48599999999999993,0.029000000000000005,0.5650000000000001,0.05142035398230088,0.08399999999999999,0.0646885521885522,0.8649999999999999,0.17450000000000002,0.41100000000000003,0.341,0.008000000000000002
4373,0.47850000000000004,0.1395,0.659,0.10437534488955487,0.0995,0.3111463355133673,0.8225668824163972,0.087,0.4135,0.23809200215007903,0.0455
4374,0.231,0.044,0.723,0.05790220979378259,0.1255,0.40850807938929734,0.1655,0.124,0.5275999999999998,0.094,0.006500000000000001
4375,0.41600000000000004,0.12442822384428223,0.6224999999999999,0.05738361001844987,0.0965,0.6325223777973225,0.7957375852650616,0.21399999999999997,0.47009902951467886,0.34600788455461207,0.01898766634209672
4376,0.10600000000000001,0.059,0.353,0.04942035398230088,0.093,0.40587889559500373,0.4212569887595688,0.07849999999999999,0.404,0.1312527136073897,0.018
4377,0.7675,0.3235,0.8629999999999999,0.04046938775510204,0.09,0.37470820189274445,0.022,0.8595,0.331,0.07390316205533597,0.0015
4378,0.3095,0.053000000000000005,0.5515,0.0384050478598519,0.075,0.238859606220054,0.768703352925089,0.0595,0.29833333333333334,0.14900000000000002,0.029000000000000005
4379,0.6325,0.025,0.522,0.07374092259843903,0.0625,0.0725,0.9261179828734539,0.10200000000000001,0.42741666666666667,0.17785004047811798,0.012
4380,0.037000000000000005,0.0185,0.6934999999999999,0.02397029702970297,0.013000000000000001,0.13946324704033214,0.9277404654169359,0.0245,0.49729952456418375,0.0784176100579468,0.0045
4381,0.007000000000000001,0.010499999999999999,0.504,0.1255516276348927,0.015000000000000003,0.099,0.8545,0.017499999999999998,0.23133333333333334,0.07350000000000001,0.0055
4382,0.6319999999999999,0.0465,0.701,0.03791089108910891,0.0975,0.2395922685060498,0.9876179828734539,0.143,0.5005,0.3405,0.008
4383,0.3085,0.296,0.7474999999999999,0.046236835028941506,0.15050000000000002,0.3602727270434798,0.6316847531388304,0.20099999999999998,0.5380491340306137,0.32236532743818425,0.019
4384,0.18949999999999997,0.211,0.7145,0.07097029702970298,0.1405,0.2576279852322506,0.6493270100907879,0.173,0.6266662269129288,0.15458875672356975,0.0115
4385,0.45549999999999996,0.13229425593223249,0.5795,0.03197029702970297,0.09949999999999999,0.21416590397503085,0.8656179828734538,0.1255,0.379957892998679,0.18181465656318138,0.007000000000000001
4386,0.047,0.024923884514435692,0.4875,0.046943925233644865,0.0775,0.15527411477411474,0.20861798287345384,0.048499999999999995,0.6126662269129287,0.07757638150909743,0.0015
4387,0.34750000000000003,0.08448663594470045,0.64,0.07178419182920828,0.1325,0.048274449877750605,0.5801179828734538,0.1285,0.5852495049504951,0.11488439305279434,0.015
4388,0.367,0.15648663594470044,0.7185,0.0968044947957557,0.096,0.9595,0.5801672351021228,0.13100000000000003,0.529249504950495,0.26363961689036575,0.02449375616168255
4389,0.21400000000000002,0.2085,0.6585,0.04539558496665993,0.14950000000000002,0.15566637404473166,0.629,0.09,0.476,0.29022470974668807,0.0075
4390,0.2935,0.10278490489108241,0.6925000000000001,0.04695917942309694,0.11499999999999999,0.028000000000000004,0.8124807458859248,0.1875,0.6228662269129288,0.12590316205533597,0.0155
4391,0.356,0.10865152770088315,0.47750000000000004,0.028999999999999998,0.0895,0.31657962544292617,0.9369999999999999,0.033,0.6725,0.19633887043189371,0.0035000000000000005
4392,0.6355000000000001,0.0765,0.693,0.028944886676167614,0.05499999999999999,0.3253313115704432,0.9605,0.098,0.5424999999999999,0.2315326307778279,0.015493756161682554
4393,0.013500000000000002,0.05650000000000001,0.5555,0.02286427921594574,0.053500000000000006,0.13739225393127547,0.6871848652898508,0.15599999999999997,0.37525,0.07680632411067194,0.0005
4394,0.2835,0.10944227063662766,0.589,0.030275170305054656,0.1285,0.31546297089702424,0.28027614613875995,0.2185,0.5237995245641839,0.22079878717132512,0.015491601703611621
4395,0.28300000000000003,0.5454613368283093,0.6439999999999999,0.021334990907253992,0.0915,0.3163442280796759,0.5048757813791502,0.1315,0.6671666666666667,0.1644936240070965,0.003
4396,0.001,0.030500000000000006,0.6260000000000001,0.0445,0.0045000000000000005,0.20854856465186536,0.9535,0.0045,0.31883333333333336,0.05840316205533598,0.0
4397,0.0785,0.03842926829268293,0.5445,0.013000000000000001,0.028999999999999998,0.12618913226621736,0.730740465416936,0.036,0.4095833333333333,0.31383774834437084,0.0015
4398,0.40599999999999997,0.23500000000000001,0.615,0.08249999999999999,0.07400000000000001,0.220990596033858,0.7685461407962455,0.246,0.51425,0.35750000000000004,0.00599359185014788
4399,0.33899999999999997,0.05443188175223743,0.657,0.041895584966659925,0.0955,0.30888413390544855,0.9311179828734538,0.033,0.6085,0.1828071224513756,0.003
4400,0.045500000000000006,0.03688952788235591,0.662,0.016999999999999998,0.0465,0.08185438042620363,0.7845000000000001,0.0445,0.4715,0.12149999999999998,0.001
4401,0.301,0.023319434394183013,0.6665,0.04248969072164948,0.078,0.17829548365793485,0.877,0.022000000000000002,0.374,0.0709039603960396,0.0025
4402,0.049,0.0034999999999999996,0.5399999999999999,0.047,0.002,0.101,0.9945,0.0015,0.44699999999999995,0.043849551552053695,0.0005
4403,0.5855,0.11500000000000002,0.5395,0.06679289832714162,0.096,0.24212416864681807,0.8511179828734539,0.2375,0.39299999999999996,0.3297409103997068,0.026000000000000002
4404,0.046,0.004,0.5650000000000001,0.0185,0.0245,0.1055,0.9490000000000001,0.0335,0.34,0.0895,0.002
4405,0.004999999999999999,0.016480218281036834,0.5509999999999999,0.013984693877551019,0.096,0.2567744498777506,0.011,0.011,0.8196662269129288,0.0205,0.002
4406,0.075,0.01,0.3835,0.006,0.1265,0.12409682680094755,0.5915,0.078,0.39575,0.2449039603960396,0.0025
4407,0.1275,0.20298021828103682,0.828,0.0225,0.08700000000000001,0.31354822954822953,0.2995,0.2575,0.5475,0.15999999999999998,0.0045
4408,0.3335,0.07496133682830931,0.49099999999999994,0.19135628181254605,0.1,0.2987239401496259,0.612905117466152,0.7070000000000001,0.47257139127110825,0.27919017329304163,0.026487550823544453
4409,0.254,0.21550000000000002,0.6679999999999999,0.07757362886228768,0.10899999999999999,0.1085,0.9232359657469077,0.0915,0.34667314942628663,0.19531382124661606,0.028478037271990803
4410,0.555,0.16980319666492685,0.666,0.11813686070044607,0.1355,0.4583922539312755,0.22973743840653138,0.25999999999999995,0.44176634945810206,0.33275985384795,0.0155
4411,0.45150000000000007,0.3659613368283093,0.4149999999999999,0.09140211521152117,0.081,0.18926994900998742,0.7776179828734537,0.24500000000000002,0.5332995245641838,0.26633774834437085,0.005
4412,0.004,0.022000000000000002,0.48100000000000004,0.044000000000000004,0.011000000000000001,0.13877383863080686,0.9640000000000001,0.006500000000000001,0.3755,0.27149999999999996,0.006500000000000001
4413,0.34950000000000003,0.11748021828103683,0.7360000000000001,0.0623490111503998,0.06949999999999999,0.4231261307479014,0.43592850135436106,0.202,0.6346666666666667,0.20178894325078925,0.0125
4414,0.0125,0.0245,0.41150000000000003,0.006,0.038500000000000006,0.158,0.5576179828734539,0.014000000000000002,0.3845,0.033,0.0005
4415,0.077,0.06849999999999999,0.667,0.09375212968323546,0.058499999999999996,0.14350000000000002,0.8248584482903899,0.04,0.503,0.2797094861660079,0.023500000000000004
4416,0.1325,0.1054238845144357,0.675,0.08346654340405676,0.10450000000000001,0.4271938687815312,0.4856848652898508,0.06799999999999999,0.3991643567255266,0.5132196401913036,0.008
4417,0.28750000000000003,0.123403497366564,0.8089999999999999,0.06949999999999999,0.227,0.4855971363568486,0.2632874737055164,0.26149999999999995,0.4535,0.24900000000000003,0.0055000000000000005
4418,0.31300000000000006,0.19999999999999998,0.689,0.049,0.098,0.3426440840006649,0.6994999999999999,0.12350000000000001,0.5532495049504951,0.2685,0.014996858465608467
4419,0.6915,0.042,0.4425,0.030914222263347835,0.08650000000000001,0.1378656735757759,0.840566882416397,0.123,0.2435,0.3195,0.02
4420,0.683,0.5128961225184202,0.7739999999999999,0.01198469387755102,0.095,0.3547082018927445,0.031000000000000007,0.7735,0.36500000000000005,0.10200000000000001,0.0005
4421,0.2245,0.059,0.6599999999999999,0.014484693877551021,0.1045,0.08677444987775061,0.865,0.1085,0.4615,0.1855,0.006500000000000001
4422,0.374,0.0878848188809654,0.644,0.12237534488955489,0.11199999999999999,0.12373704367775015,0.8804202459809944,0.152,0.5674999999999999,0.13640316205533598,0.0085
4423,0.1005,0.09990558961823481,0.6900000000000001,0.049,0.0875,0.2605482295482296,0.277,0.24050000000000002,0.5519995049504951,0.15219859978148428,0.003
4424,0.24,0.06488632457610957,0.6485,0.1007693651327007,0.1055,0.13899999999999998,0.7334998150520528,0.078,0.58,0.12450000000000001,0.0185
4425,0.5515,0.1265,0.6505000000000001,0.05298469387755102,0.1025,0.11022360557768925,0.8543088989627533,0.28300000000000003,0.47925000000000006,0.30290316205533596,0.007000000000000001
4426,0.527,0.06100000000000001,0.4725,0.06047029702970297,0.026000000000000002,0.13814428020565553,0.8841848652898507,0.2325,0.2831666666666666,0.43365816205533597,0.0015
4427,0.5675,0.061,0.7035,0.04592035398230088,0.128,0.12814377406931965,0.9390000000000001,0.10700000000000001,0.5957495049504951,0.21140316205533596,0.0035000000000000005
4428,0.06,0.044000000000000004,0.526,0.033,0.15349999999999997,0.24874624852777463,0.442,0.027500000000000004,0.7929999999999999,0.06799999999999999,0.006500000000000001
4429,0.05550000000000001,0.057461942257217846,0.8140000000000001,0.0105,0.0305,0.21870062582171812,0.7665,0.20600000000000002,0.5140823985300905,0.37240316205533597,0.001
4430,0.11400000000000002,0.083,0.7925,0.05936497272176198,0.11549999999999998,0.3352993498533904,0.45535365152139395,0.07350000000000001,0.8115,0.0805,0.005
4431,0.1155,0.219,0.6984999999999999,0.0657911921924402,0.20700000000000002,0.5302457896646563,0.4046023887602085,0.48900000000000005,0.47850000000000004,0.226403162055336,0.0415
4432,0.06949999999999999,0.0235,0.45549999999999996,0.0225,0.026000000000000002,0.118,0.876,0.0615,0.24825,0.06150000000000001,0.0045000000000000005
4433,0.4915,0.23000000000000004,0.6859999999999999,0.057499999999999996,0.12350000000000001,0.209205613049564,0.8935466691757622,0.144,0.6085,0.2624373895145712,0.05349999999999999
4434,0.47050000000000003,0.17250000000000001,0.45149999999999996,0.0295,0.1015,0.10044481210161775,0.8488539486203616,0.2525,0.36958333333333326,0.40569455868663795,0.0305
4435,0.33799999999999997,0.035,0.7345,0.08506667115040721,0.065,0.13485387045813585,0.9685668824163971,0.08149999999999999,0.517375,0.11733774834437086,0.0025
4436,0.023000000000000003,0.013500000000000002,0.47350000000000003,0.021,0.042,0.12799999999999997,0.934066882416397,0.028000000000000004,0.3105833333333333,0.069,0.0
4437,0.157,0.11829965267521984,0.6535,0.01947029702970297,0.131,0.24029636787331726,0.5485,0.11199999999999999,0.40420752134357496,0.18904803285108243,0.006
4438,0.238,0.07840219152830377,0.781,0.051723939503455676,0.1525,0.2988230215827338,0.86,0.088,0.6555823979491741,0.13861424490275115,0.0075
4439,0.31850000000000006,0.051000000000000004,0.638,0.01542861911119588,0.1345,0.129,0.78,0.14699999999999996,0.37550000000000006,0.22599999999999998,0.004999999999999999
4440,0.011,0.0125,0.6245,0.037984693877551025,0.005,0.10435410094637225,0.983,0.008,0.3593333333333334,0.0385,0.0015
4441,0.4079999999999999,0.19339280982497142,0.7684999999999998,0.07347029702970297,0.1275,0.9241437740693197,0.5435478478645976,0.118,0.5065,0.21657945708478135,0.019499999999999997
4442,0.0015,0.004,0.5335,0.027334576245648712,0.026000000000000002,0.12477444987775059,0.9390000000000001,0.0045,0.21183333333333332,0.05850000000000001,0.0075
4443,0.30700000000000005,0.11400000000000002,0.6129999999999999,0.026970297029702973,0.06,0.19192370975037096,0.8286135515921591,0.1945,0.45899999999999996,0.29350000000000004,0.0015
4444,0.42250000000000004,0.2293247956761669,0.635,0.07250000000000001,0.121,0.3173541009463723,0.6966831292124833,0.2105,0.4665,0.38849999999999996,0.018490614627291013
4445,0.6385,0.4522993584951247,0.7305,0.02848469387755102,0.08600000000000001,0.3788967540812967,0.11473758526506159,0.6285000000000001,0.4574999999999999,0.12233774834437086,0.004999999999999999
4446,0.383,0.13,0.581,0.0435,0.0995,0.13062557646567652,0.800133764832794,0.075,0.3890828382838284,0.3686571629294936,0.01749045031575635
4447,0.08850000000000001,0.0325,0.3125,0.04740907253990705,0.018500000000000003,0.16777444987775061,0.944,0.05800000000000001,0.6955,0.09279134124870017,0.0025
4448,0.3295,0.21980061975608348,0.6725,0.06947979797979797,0.1255,0.1095,0.5576362916138831,0.12400000000000003,0.48925,0.1889039603960396,0.020999999999999998
4449,0.41400000000000003,0.2925,0.6289999999999999,0.060484693877551024,0.0775,0.20053580640272228,0.8115122518878423,0.1915,0.3462995245641839,0.4431628774200278,0.02146268451531034
4450,0.053000000000000005,0.0015,0.6245,0.033,0.0165,0.0895,0.974,0.0025,0.311,0.1695,0.003
4451,0.19250000000000003,0.05600000000000001,0.615,0.0785,0.024,0.1031888141295206,0.9224675002125207,0.192,0.49050000000000005,0.29590316205533596,0.006500000000000001
4452,0.39699999999999996,0.14250000000000002,0.602,0.013420353982300884,0.1635,0.13417062416483555,0.7177517477062478,0.0665,0.34608239794917406,0.4328388704318937,0.012
4453,0.21800000000000003,0.04245185179096872,0.55,0.09341651205936921,0.040999999999999995,0.10027411477411477,0.9081660675164448,0.049,0.47859999999999997,0.15773747671338031,0.0025
4454,0.5425,0.021500000000000002,0.551,0.03799999999999999,0.07250000000000001,0.08349999999999999,0.9635,0.0705,0.48250000000000004,0.20049999999999998,0.002
4455,0.265,0.16942926829268293,0.645,0.1025,0.128,0.34443518654603134,0.4561907692307692,0.194,0.576,0.22999999999999998,0.013000000000000001
4456,0.21749999999999997,0.029500000000000005,0.648,0.040499999999999994,0.037000000000000005,0.23373487104656174,0.921,0.0605,0.510249504950495,0.0897428308279333,0.003
4457,0.24699999999999997,0.062,0.5854999999999999,0.0115,0.1105,0.21492391326271063,0.09749999999999999,0.1355,0.6545,0.1463388704318937,0.0045
4458,0.011,0.0075000000000000015,0.561,0.07285390704815284,0.014500000000000002,0.09527411477411477,0.9475,0.0045,0.37183333333333335,0.06560324301157197,0.006500000000000001
4459,0.0225,0.049,0.771,0.037388606862548336,0.0625,0.31099787501569187,0.281,0.047,0.33999999999999997,0.078,0.001
4460,0.4065,0.18791568008448395,0.6345000000000001,0.05144392523364486,0.1295,0.15061204360882413,0.6842439608294317,0.0755,0.5274161716171617,0.27080632411067196,0.013499999999999998
4461,0.1575,0.0915,0.5654999999999999,0.06599999999999999,0.1115,0.08377411477411478,0.95,0.06699999999999999,0.4405,0.1252787987519536,0.001
4462,0.20700000000000002,0.0965,0.6475,0.03442035398230088,0.1045,0.20068586478875633,0.882,0.1165,0.48250000000000004,0.2225,0.009000000000000001
4463,0.35550000000000004,0.368,0.6455,0.07230899890175227,0.0935,0.35343889285448726,0.5871520621249445,0.28049999999999997,0.37,0.516903162055336,0.018993593955321943
4464,0.0055000000000000005,0.018,0.5325,0.0095,0.016,0.13835387045813588,0.737,0.006,0.4415,0.059,0.001
4465,0.18,0.22537163313454603,0.7190000000000001,0.034484693877551015,0.1525,0.39839483086944394,0.3726582978723404,0.1995,0.4,0.22894638949671772,0.01149375616168255
4466,0.499,0.0485,0.6980000000000001,0.06842035398230088,0.11750000000000001,0.14164377406931963,0.9039999999999999,0.1255,0.5385,0.221,0.0035000000000000005
4467,0.2125,0.15287082340202907,0.7495,0.013500000000000002,0.1105,0.20573259987123088,0.9155000000000001,0.05449999999999999,0.5675412269129289,0.2192221007383303,0.0075000000000000015
4468,0.35150000000000003,0.10049999999999999,0.49700000000000005,0.021500000000000002,0.14150000000000001,0.19041304127525036,0.6525339677707298,0.16799999999999998,0.4215,0.40549999999999997,0.1055
4469,0.604,0.05399999999999999,0.6045,0.027000000000000003,0.157,0.15268881412952057,0.9175000000000001,0.08499999999999999,0.5537083333333334,0.12830712245137557,0.053993756161682546
4470,0.3135,0.118,0.6855,0.06394059405940594,0.0955,0.2576479333313806,0.7916177979255067,0.10350000000000001,0.5396662269129288,0.17933774834437086,0.0325
4471,0.0725,0.11900000000000002,0.697,0.0215,0.13,0.23372031003171245,0.645133764832794,0.071,0.6065,0.13111424490275114,0.0155
4472,0.10049999999999999,0.06449999999999999,0.7745,0.032413413935092325,0.0775,0.16577411477411477,0.7995,0.0885,0.37849999999999995,0.07209692240127022,0.0035000000000000005
4473,0.033,0.0205,0.589,0.027000000000000003,0.044,0.1398179625701716,0.6805,0.059,0.38125,0.05,0.011000000000000001
4474,0.1315,0.03599999999999999,0.6469999999999999,0.04684567997616088,0.029000000000000005,0.1015,0.8656179828734538,0.119,0.5844990646158408,0.12100911321525473,0.013000000000000001
4475,0.14850000000000002,0.0945,0.233,0.10441172167648476,0.0855,0.3224629289036354,0.6511725787430064,0.09000000000000001,0.23891617161716172,0.15641816556095342,0.006500000000000001
4476,0.065,0.0595,0.633,0.03900000000000001,0.0435,0.22300617908316406,0.8805,0.051000000000000004,0.365625,0.2163063241106719,0.0185
4477,0.22599999999999998,0.123,0.7050000000000001,0.03448469387755102,0.027500000000000004,0.12723254915298365,0.7587898297966253,0.0425,0.4205,0.18830632411067194,0.0025
4478,0.1385,0.0365,0.5375,0.023,0.10500000000000001,0.08618855218855218,0.9141909160892995,0.08,0.19,0.4585,0.002
4479,0.11599999999999999,0.008,0.55,0.02339402024314581,0.031,0.20259121778678985,0.8945000000000001,0.006500000000000001,0.28733333333333333,0.11880712245137556,0.0
4480,0.317,0.1629421605382547,0.6925000000000001,0.12498469387755103,0.1035,0.03,0.8828088989627533,0.1665,0.6566662269129288,0.22599999999999998,0.005993593955321945
4481,0.009,0.018500000000000003,0.5115,0.0465,0.023500000000000004,0.0880432332125896,0.9551179828734538,0.0034999999999999996,0.2895,0.16029184549356223,0.0005
4482,0.0305,0.007000000000000001,0.6424999999999998,0.0115,0.006500000000000001,0.13127411477411477,0.9530000000000001,0.0115,0.3065,0.17533774834437085,0.001
4483,0.037,0.018,0.4754999999999999,0.1535219246645957,0.0435,0.13518913226621734,0.8450000000000001,0.0005,0.18491666666666667,0.09573747671338033,0.013500000000000002
4484,0.012,0.033999999999999996,0.5755000000000001,0.08992035398230089,0.019,0.065,0.8457375852650616,0.0055,0.4445,0.149,0.002
4485,0.006500000000000001,0.0085,0.55,0.0335,0.0075,0.127,0.9484999999999999,0.0025,0.3755,0.049499999999999995,0.0005
4486,0.066,0.031,0.6659999999999999,0.02490508591675494,0.0955,0.0864992619109488,0.6515,0.033999999999999996,0.54125,0.16783774834437087,0.003
4487,0.068,0.013000000000000001,0.3975,0.012470297029702971,0.0335,0.12291811733986206,0.9200000000000002,0.0125,0.22116573128250736,0.2645097629538872,0.002
4488,0.372,0.03,0.493,0.04842861911119588,0.076,0.212951542330787,0.7186179828734539,0.147,0.3647907865782744,0.2751735698965677,0.006
4489,0.004,0.0005,0.5075000000000001,0.03848469387755102,0.017,0.09177411477411476,0.944,0.001,0.18766666666666668,0.12925400087415762,0.011000000000000001
4490,0.4415,0.35150000000000003,0.6165,0.07537341609808648,0.16,0.5324877667591383,0.7049436703729204,0.18849999999999997,0.42250000000000004,0.4061146256997282,0.0305
4491,0.0015,0.0335,0.313,0.023,0.0185,0.139,0.726,0.003,0.4667995245641838,0.0315,0.0005
4492,0.101,0.1279418331910965,0.728,0.059,0.1355,0.4716058155315377,0.20111787072243342,0.149,0.44375,0.1601950075488982,0.001
4493,0.3705,0.0353972467695487,0.7195,0.0595,0.14300000000000002,0.16918881412952064,0.8915,0.09000000000000001,0.6471662269129288,0.16511424490275114,0.008
4494,0.7470000000000001,0.0205,0.485,0.08635481632275377,0.044,0.15717086885541143,0.8639999999999999,0.16300000000000003,0.31762499999999994,0.22400659728379657,0.0035000000000000005
4495,0.007000000000000001,0.0045,0.546,0.028000000000000004,0.005,0.138,0.9561909160892995,0.0075000000000000015,0.26666666666666666,0.07790316205533597,0.0
4496,0.3485,0.2454802182810368,0.6465,0.060390651012003846,0.13200000000000003,0.055737378781385995,0.6925960430767439,0.132,0.5365,0.22799999999999998,0.033993756161682556
4497,0.17600000000000002,0.052000000000000005,0.41899999999999993,0.03941422226334783,0.054000000000000006,0.18285410094637225,0.6765000000000001,0.0975,0.3103741199116078,0.24160257853340275,0.0
4498,0.16149999999999998,0.155,0.765,0.12747029702970297,0.09749999999999999,0.35310519028025966,0.5209233511163159,0.096,0.49487499999999995,0.175,0.0085
4499,0.32899999999999996,0.1395,0.5984999999999999,0.13267124837988417,0.122,0.3067717593015703,0.562209516758877,0.16450000000000004,0.43683283828382835,0.28120209376280664,0.0185
4500,0.029000000000000005,0.07749999999999999,0.5905,0.029500000000000005,0.0305,0.14327444987775062,0.7396179828734539,0.0435,0.3425,0.2425,0.03148452480770519
4501,0.33799999999999997,0.096,0.8119999999999999,0.1484743845992005,0.13599999999999998,0.19590345701907572,0.7327359657469076,0.11699999999999999,0.719965909704364,0.22283887043189368,0.021981106145464578
4502,0.1075,0.1075,0.6715,0.08684897309349676,0.1065,0.24264604917027963,0.6698088989627534,0.13399999999999998,0.30983333333333335,0.38499999999999995,0.01949375616168255
4503,0.014000000000000002,0.003,0.6185,0.0325,0.007000000000000001,0.084,0.9949999999999999,0.026000000000000002,0.3105,0.07690316205533597,0.003
4504,0.315,0.02,0.6050000000000001,0.023,0.0675,0.10477444987775061,0.8900668824163971,0.041,0.392,0.078,0.002990614627291016
4505,0.8375,0.0635,0.6755000000000001,0.0185,0.1335,0.16608087947374464,0.9826179828734538,0.062,0.5436662269129287,0.22804159369112761,0.0125
4506,0.14950000000000002,0.08337142883093761,0.7285,0.034970297029702974,0.06449999999999999,0.33451123161453233,0.5585466165413534,0.053500000000000006,0.4291666666666667,0.1055,0.0045
4507,0.021500000000000002,0.014500000000000002,0.5955,0.037,0.0365,0.08127383863080687,0.9585000000000001,0.003,0.20400000000000001,0.16699999999999998,0.0015
4508,0.5,0.14850000000000002,0.5845,0.34787065628543934,0.0895,0.26545666229966514,0.6316179828734538,0.2835,0.49049287040622114,0.40231695359629016,0.007000000000000001
4509,0.0045,0.002,0.5125,0.09377312615559914,0.016499999999999997,0.10927411477411478,0.8805,0.001,0.24258333333333337,0.10179691890090004,0.002
4510,0.0375,0.019999999999999997,0.5820000000000001,0.0205,0.027000000000000003,0.09646265276032746,0.9465,0.079,0.2863333333333334,0.15107397464673672,0.003
4511,0.4415,0.14300000000000002,0.6779999999999999,0.0165,0.097,0.12732214725041194,0.7954999999999999,0.2375,0.3793745049504951,0.40149999999999997,0.0085
4512,0.1165,0.20544216053825468,0.49700000000000005,0.1452335304434506,0.2125,0.6230589757607811,0.5342740531156801,0.12149999999999998,0.219,0.023,0.025
4513,0.09349999999999999,0.05244155510934614,0.6645,0.023868404842346317,0.0685,0.11582271202683278,0.7384591632002229,0.0415,0.45949999999999996,0.10129691890090005,0.002
4514,0.008499999999999999,0.006,0.4725,0.019834576245648716,0.014500000000000002,0.11446358214396797,0.8654999999999999,0.0315,0.2853333333333333,0.044000000000000004,0.0015
4515,0.033999999999999996,0.033,0.6625,0.029470297029702976,0.0165,0.23132301452961598,0.775,0.004999999999999999,0.3185,0.17744687842278203,0.0005
4516,0.0475,0.0055,0.7135,0.0635,0.014000000000000002,0.09977411477411477,0.9570000000000001,0.003,0.176,0.11000000000000001,0.003
4517,0.122,0.048486411791801014,0.7,0.036325439899055824,0.026500000000000003,0.118,0.9335000000000001,0.065,0.5270833333333333,0.11928525992861141,0.0095
4518,0.3595,0.21120785000555928,0.625,0.09441089108910891,0.098,0.4656441515279298,0.5507359657469078,0.19949999999999998,0.5671662269129288,0.27525479921486123,0.019999999999999997
4519,0.1485,0.026961942257217847,0.6834999999999999,0.014500000000000002,0.024000000000000004,0.1599632470403321,0.7474999999999999,0.052500000000000005,0.42299999999999993,0.16290316205533598,0.0005
4520,0.068,0.041,0.7010000000000001,0.07142528793695695,0.03650000000000001,0.1255,0.9400000000000001,0.049,0.3795,0.13085004047811802,0.002
4521,0.091,0.05450000000000001,0.8480000000000001,0.05732844452669565,0.14250000000000002,0.39183636896458424,0.316,0.08549999999999999,0.8011662269129287,0.13695735729485006,0.006999999999999999
4522,0.1075,0.0895,0.623,0.05846938775510204,0.1325,0.1865,0.7790668824163969,0.0945,0.5045833333333334,0.1837167973379495,0.01649069235793599
4523,0.5389999999999999,0.21887002424514312,0.727,0.046443925233644864,0.08499999999999999,0.3697759606788499,0.7889999999999999,0.29,0.4258333333333334,0.454028579682609,0.0105
4524,0.5814999999999999,0.16576513892214467,0.6935,0.12620363653690822,0.11750000000000001,0.44324663435747913,0.2730631685804377,0.257,0.4779488021221267,0.32670041166043023,0.0085
4525,0.692,0.014500000000000002,0.49349999999999994,0.07897029702970297,0.034999999999999996,0.18527411477411476,0.8300000000000001,0.057499999999999996,0.23966666666666664,0.19465816205533598,0.0045000000000000005
4526,0.21799999999999997,0.025,0.49749999999999994,0.2739286191111959,0.031,0.37796358214396797,0.6505,0.0385,0.3231324175628628,0.147,0.0015
4527,0.3205,0.22149999999999997,0.7789999999999999,0.0753395102003048,0.1255,0.12931491668027317,0.848664652049216,0.158,0.5464656765676568,0.30690316205533597,0.019
4528,0.3625,0.29,0.7555,0.07547979797979798,0.177,0.3402245918584633,0.48766702531875084,0.20299999999999999,0.45999999999999996,0.40049999999999997,0.010493591850147881
4529,0.1065,0.15750000000000003,0.72,0.03674788923439561,0.132,0.2396941200247725,0.591740465416936,0.086,0.5810000000000001,0.192,0.0115
4530,0.34750000000000003,0.20092926829268293,0.7705,0.06780203520928238,0.10700000000000001,0.49555850387623923,0.41935394862036157,0.123,0.6212893148135429,0.29122711710269067,0.017
4531,0.1065,0.11902471708535337,0.634,0.03448469387755102,0.09749999999999999,0.34396532930810925,0.7995,0.043000000000000003,0.6355,0.17490396039603961,0.0045
4532,0.21950000000000003,0.22129677143135856,0.633,0.05140311906838352,0.11100000000000002,0.3338530421745481,0.47535372431832074,0.22999999999999998,0.5091662269129288,0.27052139675443493,0.006500000000000001
4533,0.3885,0.23947396768402154,0.738,0.027354816322753765,0.091,0.3054242903597353,0.64866441446686,0.22649999999999998,0.5279999999999999,0.37340396039603957,0.0105
4534,0.133,0.08249999999999999,0.7,0.0295,0.018,0.21635755600881518,0.4233818321785989,0.03200000000000001,0.53675,0.0935,0.0005
4535,0.295,0.0985,0.63,0.050701315418135495,0.10500000000000001,0.2461525535886456,0.6469735510119692,0.141,0.30333333333333334,0.2601123610093189,0.009500000000000001
4536,0.27,0.0325,0.508,0.03744392523364486,0.08499999999999999,0.0675,0.8795,0.09349999999999999,0.4410903111424583,0.14773747671338033,0.008993593955321946
4537,0.041,0.012,0.5265000000000001,0.04742861911119588,0.025500000000000002,0.10385410094637224,0.9380000000000001,0.008000000000000002,0.19716666666666666,0.15075400087415763,0.012
4538,0.0325,0.0455,0.6325000000000001,0.05450000000000001,0.026500000000000003,0.11532267942598015,0.9555,0.0055,0.21949999999999997,0.16949999999999998,0.0034999999999999996
4539,0.5469999999999999,0.034999999999999996,0.591,0.03246938775510204,0.052500000000000005,0.06649999999999999,0.7849999999999999,0.0085,0.31204166666666666,0.2783539679449379,0.0005
4540,0.4405,0.16638312691058313,0.6164999999999999,0.07550000000000001,0.1255,0.2650295244529621,0.6560430164812731,0.3255,0.513,0.3545,0.0115
4541,0.2165,0.065,0.5519999999999999,0.05337254434484075,0.0475,0.11527020032701345,0.882,0.07350000000000001,0.5729985148514851,0.10702932220694254,0.004
4542,0.03,0.019999999999999997,0.5705,0.021470297029702972,0.0115,0.1607744498777506,0.8720000000000001,0.03849999999999999,0.4987995245641838,0.06994687842278204,0.001
4543,0.32200000000000006,0.13,0.6555,0.04747029702970297,0.0435,0.9606907076210645,0.8492034659594285,0.16,0.493,0.34433887043189365,0.018000000000000002
4544,0.2545,0.08900000000000001,0.7550000000000001,0.07048469387755102,0.095,0.147,0.9195,0.1635,0.5751662269129287,0.24619376034593424,0.012995820041799583
4545,0.16899999999999998,0.029000000000000005,0.3555,0.09881439654811508,0.096,0.26704291507589284,0.7228461617435455,0.0645,0.1675,0.1433530755968075,0.022500000000000003
4546,0.127,0.038,0.5625,0.017,0.032,0.18190260997443322,0.886566882416397,0.07,0.49474856956633567,0.142738072805992,0.0075000000000000015
4547,0.4185,0.11698663594470046,0.6034999999999999,0.0887535795843103,0.13599999999999998,0.0765971619045834,0.5057358535958872,0.146,0.5789153596274034,0.15972134305646155,0.0345
4548,0.22700000000000004,0.12836977895362836,0.39499999999999996,0.12336094804170683,0.0885,0.3152090532930467,0.6575,0.05650000000000001,0.36016622691292877,0.1534358722571193,0.002
4549,0.3055,0.03642267365661861,0.5109999999999999,0.07590998181450796,0.053500000000000006,0.12762849520031838,0.8981179828734538,0.0945,0.5249579624134519,0.21444638949671768,0.003978038338196635
4550,0.339,0.034499999999999996,0.5705,0.06200000000000001,0.0455,0.10102103334160537,0.9515,0.0405,0.24050000000000002,0.4285,0.001
4551,0.15499999999999997,0.1665,0.549,0.07404507368727212,0.10800000000000001,0.4563921605017612,0.36840363796467906,0.11100000000000002,0.49050000000000005,0.29250000000000004,0.013000000000000001
4552,0.6335,0.038000000000000006,0.39299999999999996,0.0245,0.156,0.10496239081935906,0.726566882416397,0.12,0.4285,0.22690396039603958,0.0055000000000000005
4553,0.8099999999999998,0.041999999999999996,0.5365,0.09745499090725399,0.024,0.16951089651089649,0.864157966065863,0.09200000000000001,0.37295833333333334,0.1416579612701972,0.005
4554,0.0415,0.028000000000000004,0.5814999999999999,0.020999999999999998,0.0455,0.13046324704033213,0.7565000000000001,0.013500000000000002,0.3593328382838284,0.2887420324872297,0.0035000000000000005
4555,0.317,0.162,0.6950000000000001,0.0705,0.1355,0.1335,0.8062825227716495,0.1755,0.5770000000000001,0.28700000000000003,0.007496858465608465
4556,0.1105,0.0095,0.48999999999999994,0.10395499090725399,0.018,0.10977411477411476,0.8795,0.053500000000000006,0.365,0.18039727498849678,0.0005
4557,0.394,0.0674613368283093,0.36449999999999994,0.08093181818181819,0.07949999999999999,0.2682320473421102,0.4487359657469077,0.28850000000000003,0.6892495049504951,0.123,0.002
4558,0.158,0.0455,0.5740000000000001,0.0885,0.10099999999999998,0.1108709089742097,0.8244999999999999,0.053000000000000005,0.6307499999999999,0.11629059829059829,0.0055000000000000005
4559,0.309,0.21349999999999997,0.7255,0.07121205454514554,0.081,0.3673860556712819,0.7197357807989604,0.186,0.4814166666666667,0.3740853956655755,0.012993756161682551
4560,0.30850000000000005,0.11749999999999998,0.6425000000000001,0.03342528793695697,0.11700000000000002,0.20151822268104919,0.7711275290853982,0.144,0.40599999999999997,0.32440396039603964,0.0105
4561,0.165,0.05550000000000001,0.5640000000000001,0.01997029702970297,0.22400000000000003,0.1525777065240615,0.6385000000000001,0.078,0.5225,0.32649999999999996,0.0025
4562,0.22400000000000003,0.0405,0.6065,0.03046938775510204,0.0305,0.09940243511000124,0.8030000000000002,0.008499999999999999,0.3398333333333333,0.179,0.0015
4563,0.098,0.14047396768402154,0.7909999999999999,0.07050000000000001,0.097,0.2975452508541896,0.4562761685947739,0.309,0.5137495049504951,0.1605,0.0035000000000000005
4564,0.042,0.0115,0.557,0.03197029702970297,0.019,0.14427411477411478,0.944,0.003,0.413,0.04940316205533597,0.0
4565,0.12999999999999998,0.09122573354006963,0.9065,0.13588451929305082,0.0915,0.2621007769975101,0.928133764832794,0.1045,0.6449999999999999,0.0755,0.001
4566,0.4335,0.1405,0.692,0.03498969072164949,0.2165,0.1927854794448094,0.6316909160892994,0.2545,0.5544999999999999,0.2835,0.023
4567,0.32,0.0605,0.6955,0.03543615321291947,0.0645,0.21648992121083585,0.8877359657469077,0.14300000000000002,0.524999560246262,0.17872718946446586,0.0055
4568,0.358,0.2665,0.76,0.05546252500897758,0.21000000000000002,0.2596791785084439,0.5951848652898508,0.1845,0.469,0.27949999999999997,0.018974695863081186
4569,0.009499999999999998,0.001,0.6369999999999999,0.0295,0.014499999999999999,0.16659682680094753,0.8165000000000001,0.0125,0.24204902951467888,0.027500000000000004,0.0055
4570,0.0205,0.038500000000000006,0.5995,0.04187471176331008,0.05449999999999999,0.19649999999999998,0.9045,0.058499999999999996,0.4002495049504951,0.051000000000000004,0.0
4571,0.51,0.189,0.5754999999999999,0.032,0.08299999999999999,0.1782371168404176,0.8299717465458682,0.20800000000000002,0.635,0.231,0.0205
4572,0.007000000000000001,0.0025,0.534,0.038,0.002,0.1285,0.9289999999999999,0.004999999999999999,0.3530828382838284,0.041,0.001
4573,0.16249999999999998,0.13499999999999998,0.735,0.027944886676167614,0.12349999999999998,0.23778602364903662,0.5772031527031761,0.07350000000000001,0.5599490099009901,0.17880632411067193,0.021472109010859008
4574,0.003,0.013473967684021542,0.5905,0.03198469387755102,0.0345,0.12227383863080685,0.9810000000000001,0.0085,0.35908333333333337,0.09230632411067194,0.002
4575,0.0905,0.05600000000000001,0.6925000000000001,0.049,0.0615,0.09065206116985272,0.8789999999999999,0.079,0.5360411716171616,0.13595151865323757,0.009000000000000001
4576,0.20050000000000004,0.078,0.541,0.08960520181438478,0.07700000000000001,0.13697018904154398,0.8696179828734539,0.1635,0.6986245049504951,0.18818809823712818,0.0045
4577,0.7369999999999999,0.135,0.497,0.08689891614089885,0.13999999999999999,0.11801034422428065,0.8755,0.187,0.31770789299867896,0.4338821823298817,0.0034999999999999996
4578,0.005,0.007000000000000001,0.5239999999999999,0.06648469387755103,0.028500000000000004,0.12077411477411477,0.940066882416397,0.002,0.21608333333333335,0.1356406387687163,0.0105
4579,0.0215,0.0395,0.5955,0.01647029702970297,0.005,0.14027411477411478,0.7049761636734068,0.029000000000000005,0.5549995596653456,0.09790316205533597,0.0015
4580,0.0025,0.0025,0.55,0.0435,0.0045000000000000005,0.13004856465186537,0.943,0.0015,0.31733333333333336,0.05640316205533598,0.0005
4581,0.49850000000000005,0.09983880187889484,0.5085,0.09894392523364486,0.08449999999999999,0.20066817690063155,0.8594268818362071,0.2425,0.492,0.39533887043189375,0.0045
4582,0.438,0.14300000000000002,0.8310000000000001,0.02091422226334783,0.1065,0.1866788720816737,0.975117982873454,0.062,0.6283333333333333,0.20263114986050548,0.036
4583,0.666,0.1285,0.6214999999999999,0.013000000000000001,0.082,0.32309164824545056,0.6236521803964628,0.4130000000000001,0.31999999999999995,0.38097194910352805,0.024
4584,0.32200000000000006,0.04342205147213335,0.6930000000000001,0.050984693877551016,0.069,0.1652744498777506,0.8066179828734539,0.036000000000000004,0.5605,0.098,0.0025
4585,0.254,0.16949999999999998,0.7535000000000001,0.12332399258862096,0.1695,0.49596749304444243,0.4104608284057571,0.1985,0.2852911716171617,0.559249676711828,0.013500000000000002
4586,0.1605,0.1345,0.7805,0.035900190019001896,0.0665,0.33753997050131307,0.5691425670176574,0.296,0.5895,0.12449999999999999,0.014000000000000002
4587,0.3835,0.166,0.545,0.09423955170539798,0.1325,0.2288926815580933,0.7984719314938155,0.18849999999999997,0.4777481303935144,0.4301323429639294,0.03099359395532194
4588,0.0155,0.013000000000000001,0.6,0.020499999999999997,0.008,0.20454856465186538,0.9145,0.003,0.374,0.055903162055335964,0.0
4589,0.21550000000000002,0.028500000000000004,0.7000000000000001,0.017499999999999998,0.017499999999999998,0.15109123227258278,0.9120000000000001,0.05800000000000001,0.4215,0.159,0.002
4590,0.1665,0.0245,0.576,0.037,0.025,0.10823769691808276,0.924566882416397,0.1155,0.3605,0.14785083881882163,0.006500000000000001
4591,0.32249999999999995,0.12150000000000001,0.7114999999999998,0.04948469387755102,0.11749999999999998,0.3442129416942239,0.7351055797673957,0.122,0.60975,0.1747869724304498,0.0245
4592,0.005,0.0005,0.518,0.03998469387755102,0.0175,0.10227411477411477,0.96,0.001,0.2081666666666667,0.12335004047811801,0.011500000000000002
4593,0.4495,0.08249999999999999,0.8114999999999999,0.05787421001470028,0.15499999999999997,0.34681448353092525,0.9460000000000001,0.11150000000000002,0.7876666666666666,0.09020576577498321,0.013500000000000002
4594,0.20549999999999996,0.005,0.7055,0.02147029702970297,0.0465,0.14820040320955755,0.89,0.0225,0.262,0.053000000000000005,0.006500000000000001
4595,0.48100000000000004,0.061,0.5385,0.048829200921954266,0.0675,0.06604242264668805,0.8564999999999999,0.233,0.4535,0.39099999999999996,0.006500000000000001
4596,0.31899999999999995,0.16446043656207365,0.668,0.07339891614089886,0.16,0.7718924825174824,0.5501731875564093,0.1145,0.488,0.23399999999999999,0.02
4597,0.0455,0.040418133378033114,0.6100000000000001,0.07628532670406285,0.011000000000000001,0.12450000000000001,0.9505000000000001,0.0125,0.45599999999999996,0.11250640506690794,0.003
4598,0.26349999999999996,0.07100000000000001,0.5519999999999999,0.06298469387755103,0.0625,0.1265,0.9295,0.10800000000000001,0.40449999999999997,0.3065770537335755,0.0
4599,0.373,0.084,0.6165,0.05997029702970298,0.08600000000000001,0.10152257144748078,0.8346179828734538,0.09649999999999999,0.39649999999999996,0.2941084779672744,0.08749359395532194
4600,0.233,0.17650000000000002,0.741,0.07816044599336407,0.12250000000000001,0.4192738795635556,0.4014921009721634,0.173,0.47050000000000003,0.22126100995541517,0.097
4601,0.33399999999999996,0.05,0.5945,0.014970297029702973,0.123,0.15106797252613688,0.937,0.057999999999999996,0.5189583333333333,0.1576467912239729,0.43800000000000006
4602,0.1495,0.12296043656207367,0.7929999999999999,0.043500000000000004,0.133,0.22777976997534202,0.7635726014093682,0.14250000000000002,0.7104578935795954,0.14756292079207922,0.004999999999999999
4603,0.2995,0.15350000000000003,0.6595,0.0645,0.0635,0.172,0.8099780506819976,0.149,0.5825,0.3065,0.009000000000000001
4604,0.12149999999999998,0.08237784649460123,0.728,0.038395584966659936,0.06849999999999999,0.11612855082412285,0.9025000000000001,0.0905,0.522249504950495,0.21159840053302442,0.0045
4605,0.1085,0.058499999999999996,0.6265000000000001,0.03244392523364486,0.08600000000000001,0.1235199630202182,0.9403757813791505,0.05349999999999999,0.56325,0.1523495515520537,0.0015
4606,0.5545,0.17396133682830933,0.6609999999999999,0.09242861911119588,0.17099999999999999,0.22409786399302528,0.8865000000000001,0.129,0.44250000000000006,0.293,0.0075000000000000015
4607,0.373,0.15996133682830932,0.7135,0.11934692894404124,0.0925,0.10600000000000001,0.698117982873454,0.14950000000000002,0.5544907318634238,0.19060780574279637,0.013000000000000001
4608,0.0125,0.011,0.5085000000000001,0.032999999999999995,0.024,0.1485,0.8391848652898508,0.006,0.31654952456418384,0.0947094861660079,0.0025
4609,0.10149999999999999,0.11947396768402155,0.9019999999999999,0.0485,0.08199999999999999,0.2101667038090261,0.6775,0.19049999999999997,0.6815,0.19340316205533598,0.004
4610,0.008,0.0034999999999999996,0.587,0.027470297029702974,0.0045,0.1345,0.9190000000000002,0.003,0.305,0.03840316205533597,0.0015
4611,0.3115,0.08684274435282772,0.6859999999999999,0.06394392523364485,0.093,0.0996888141295206,0.8665668103448276,0.1325,0.582999504950495,0.23886609700238592,0.018000000000000002
4612,0.133,0.07228651260481316,0.89,0.15610774045815087,0.11949999999999998,0.241412224808958,0.945,0.10599999999999998,0.5850408559930474,0.06790316205533597,0.0035000000000000005
4613,0.2345,0.0745,0.6689999999999999,0.025500000000000002,0.09949999999999999,0.11801879254704728,0.767,0.0785,0.63,0.15799999999999997,0.009500000000000001
4614,0.5090000000000001,0.0305,0.4125,0.029346040445166012,0.1285,0.11500000000000002,0.5810853700516352,0.2455,0.42837500000000006,0.331,0.002
4615,0.1045,0.0895,0.40800000000000003,0.05244392523364485,0.035,0.13346239081935904,0.8710000000000001,0.031000000000000007,0.3455,0.36590316205533596,0.006500000000000001
4616,0.13099999999999998,0.027000000000000003,0.6165,0.05449999999999999,0.023,0.095,0.9125,0.0325,0.4875,0.08294687842278205,0.002
4617,0.014000000000000002,0.03200000000000001,0.5585,0.041,0.014000000000000002,0.1512741147741148,0.853,0.028500000000000004,0.3183391688829017,0.0882700573984255,0.0025
4618,0.025500000000000002,0.0225,0.509,0.001,0.037000000000000005,0.11300000000000002,0.7895,0.015,0.3195,0.065,0.009
4619,0.677,0.20928613250447622,0.666,0.042499999999999996,0.10149999999999999,0.4407402709043199,0.6868555681385154,0.48,0.36350000000000005,0.4726307159254559,0.028492678507408047
4620,0.5975,0.016,0.40800000000000003,0.020354150571119535,0.031,0.14300000000000002,0.701,0.23699999999999996,0.34074950495049505,0.26750833341687236,0.0
4621,0.022,0.01,0.5475000000000001,0.043,0.013999999999999999,0.11227411477411478,0.9065,0.005,0.2613333333333333,0.05085004047811801,0.002
4622,0.0645,0.006999999999999999,0.5685,0.0305,0.013500000000000002,0.1302741147741148,0.8995000000000001,0.07050000000000001,0.5162740298911126,0.09180632411067195,0.006
4623,0.2875,0.039,0.5445,0.0075,0.1145,0.0937744498777506,0.7795,0.131,0.335,0.22909095087782486,0.0005
4624,0.0635,0.063,0.34750000000000003,0.13144804015297823,0.14150000000000001,0.5602217111619978,0.471481993819628,0.051000000000000004,0.42024999999999996,0.056499999999999995,0.0055
4625,0.23700000000000002,0.0185,0.485,0.05449999999999999,0.036,0.0875,0.8605940343781597,0.0205,0.417,0.20800000000000002,0.0
4626,0.33,0.1815,0.7030000000000001,0.06591331298874689,0.1285,0.6459442035551287,0.7109719314938154,0.19849999999999998,0.52525,0.24969500754889823,0.02048734998378203
4627,0.036000000000000004,0.0085,0.487,0.038,0.0225,0.127,0.9395,0.014000000000000002,0.352,0.16999999999999998,0.0
4628,0.05550000000000001,0.05650000000000001,0.5665,0.043,0.0505,0.154817309329839,0.868,0.078,0.460125,0.17404962953248965,0.009
4629,0.05450000000000001,0.029000000000000005,0.48250000000000004,0.02497029702970297,0.0035000000000000005,0.1165485646518654,0.8779999999999999,0.020999999999999998,0.47450000000000003,0.14568729989642454,0.0055000000000000005
4630,0.36500000000000005,0.05650000000000001,0.579,0.03393968478480501,0.044,0.09238197712373827,0.6415000000000001,0.08349999999999999,0.3430833333333333,0.383658162055336,0.001
4631,0.388,0.2945,0.7095,0.09586094804170682,0.07600000000000001,0.36418894082980136,0.7993263926996433,0.22149999999999997,0.48925,0.40873153014852803,0.011993756161682549
4632,0.5210000000000001,0.052500000000000005,0.557,0.07189473858150139,0.078,0.13677444987775061,0.8365,0.144,0.4041662263320124,0.18330632411067196,0.003
4633,0.5375,0.11950000000000001,0.545,0.05795499090725399,0.059,0.10068855218855217,0.921,0.3515,0.3135,0.4025,0.003
4634,0.4779999999999999,0.18650000000000003,0.6859999999999999,0.06567240690000012,0.11599999999999999,0.5068783197865747,0.70328263492267,0.1255,0.5149157318634238,0.388265288115908,0.032
4635,0.1465,0.017,0.4934999999999999,0.03898469387755102,0.098,0.09377411477411478,0.9199999999999999,0.0035000000000000005,0.27820833333333334,0.13575400087415762,0.0185
4636,0.284,0.18998021828103684,0.643,0.0793159389489608,0.118,0.1566885521885522,0.8971909160892995,0.094,0.5431687729541388,0.27307914193394983,0.012
4637,0.3925,0.21600000000000003,0.6315000000000001,0.06497029702970297,0.15850000000000003,0.26854392908265196,0.7331848652898508,0.18749999999999997,0.4109999999999999,0.5183759094995677,0.048
4638,0.501,0.0485,0.688,0.05449999999999999,0.0505,0.24462855082412283,0.9015000000000001,0.143,0.3399166666666667,0.19169455868663787,0.004999999999999999
4639,0.34800000000000003,0.19948021828103682,0.6910000000000001,0.10580237268848862,0.1355,0.5240553870615408,0.5630519928408784,0.1155,0.47566523623300244,0.3028869032829761,0.028499999999999998
4640,0.181,0.19070086405223527,0.6995000000000001,0.067,0.0795,0.265852924264368,0.6903028481633047,0.15899999999999997,0.5755,0.252,0.025487308781364813
4641,0.352,0.14839954597048807,0.5865,0.09394059405940594,0.094,0.2698012651192666,0.6906640714016451,0.195,0.5534162269129288,0.2524468784227821,0.004
4642,0.29300000000000004,0.20692926829268293,0.766,0.08884235316735557,0.168,0.4278285965681758,0.31366118430267415,0.2125,0.5500828382838284,0.301321989581646,0.028481306985227006
4643,0.08149999999999999,0.050929268292682926,0.4465,0.022000000000000002,0.014500000000000002,0.11000000000000001,0.8871848652898509,0.0715,0.21015,0.3185,0.001
4644,0.296,0.1764604365620737,0.6545,0.07936098609860986,0.1105,0.159,0.46620613329528,0.1165,0.41550000000000004,0.29774091039970685,0.026500000000000003
4645,0.225,0.0495,0.44700000000000006,0.045,0.0385,0.11527444987775062,0.8744999999999999,0.07450000000000001,0.316,0.3415,0.002
4646,0.413,0.31,0.71,0.05947029702970297,0.0915,0.4784591156934944,0.6771178707224335,0.182,0.4662495049504951,0.34290316205533594,0.0235
4647,0.006,0.0045,0.5495,0.035500000000000004,0.031999999999999994,0.172,0.8115,0.011,0.42633333333333334,0.04390316205533597,0.0035000000000000005
4648,0.36050000000000004,0.0385,0.583,0.05847029702970297,0.0185,0.13154795340492162,0.9189999999999999,0.011,0.3303333333333333,0.10790316205533597,0.0395
4649,0.025,0.012000000000000002,0.6064999999999999,0.006970297029702971,0.0015,0.12,0.9295,0.0435,0.437,0.033903162055335966,0.0005
4650,0.45599999999999996,0.17350000000000004,0.5245,0.041845641919257846,0.0725,0.3564873739578577,0.732538701759192,0.124,0.42633333333333334,0.41990118920895564,0.0235
4651,0.0345,0.031461942257217844,0.639,0.0185,0.064,0.0685,0.865,0.0385,0.53675,0.11212535414001043,0.003
4652,0.6119999999999999,0.06499999999999999,0.44350000000000006,0.05734833996725197,0.129,0.18090205435129386,0.5715,0.40099999999999997,0.35892270909163226,0.33912426070371415,0.0
4653,0.013500000000000002,0.0605,0.6525000000000001,0.016,0.009,0.067817117498468,0.9295,0.006500000000000001,0.378,0.1358388704318937,0.006500000000000001
4654,0.23900000000000002,0.211,0.693,0.07857362886228766,0.101,0.10200000000000001,0.9346179828734538,0.08900000000000001,0.35287362486210283,0.19481382124661603,0.020978037271990803
4655,0.14950000000000002,0.066,0.6375,0.016802072730637548,0.029000000000000005,0.09027444987775061,0.866,0.066,0.49324955966534567,0.21390316205533594,0.0035000000000000005
4656,0.40549999999999997,0.04496133682830931,0.509,0.053700153954532884,0.046,0.08900000000000001,0.9339999999999999,0.10550000000000001,0.39258289299867904,0.15159174921852844,0.009500000000000001
4657,0.48500000000000004,0.1855,0.6664999999999999,0.05042528793695696,0.139,0.37109848143426283,0.6547516756346783,0.21150000000000002,0.500582397949174,0.3639678723830226,0.0335
4658,0.209,0.156,0.6655,0.12446938775510204,0.0805,0.036000000000000004,0.8708757813791503,0.161,0.6664999999999999,0.20978413784108857,0.003993593955321945
4659,0.24050000000000002,0.053500000000000006,0.6439999999999999,0.029474384599200504,0.10200000000000001,0.33785410094637225,0.10406688241639699,0.0895,0.7683333333333332,0.084,0.006500000000000001
4660,0.22600000000000003,0.1884118487737018,0.348,0.049,0.21000000000000002,0.492039761963147,0.3837403612408937,0.25250000000000006,0.17550000000000002,0.1335,0.03899999999999999
4661,0.27199999999999996,0.1314223788192915,0.8400000000000001,0.07732670033509122,0.1775,0.48535438042620366,0.4184509612832056,0.1715,0.7530000000000001,0.066,0.023
4662,0.3155,0.14650000000000002,0.6385000000000001,0.057999999999999996,0.0715,0.4140986114187342,0.7168088989627533,0.159,0.5385407318634239,0.3112852599286114,0.024
4663,0.28049999999999997,0.16399999999999998,0.761,0.1123720561376526,0.1055,0.19422681851695384,0.6975388139102124,0.2485,0.555,0.34249999999999997,0.05500000000000001
4664,0.48050000000000004,0.051000000000000004,0.596,0.06698469387755102,0.147,0.10400000000000001,0.9179999999999999,0.08600000000000001,0.38773257579011433,0.08469138325195416,0.004
4665,0.05449999999999999,0.05688582677165355,0.5925,0.0305,0.0395,0.13196324704033213,0.8115,0.034,0.46849999999999997,0.22033887043189368,0.0025
4666,0.35700000000000004,0.2609604365620737,0.6784999999999999,0.06085481632275377,0.1075,0.9664999999999999,0.5199595938542965,0.184,0.48425,0.26149999999999995,0.0325
4667,0.0215,0.031,0.477,0.03747029702970297,0.026000000000000002,0.1479885493759019,0.9135000000000002,0.016,0.4046657312825074,0.055903162055335964,0.009000000000000001
4668,0.005,0.001,0.5459999999999999,0.04598469387755102,0.0055,0.15300000000000002,0.8879999999999999,0.027500000000000004,0.3988333333333333,0.0642094861660079,0.0
4669,0.2845,0.09037930842834764,0.6050000000000001,0.05038385354141657,0.089,0.20231734798670437,0.7406179828734538,0.14350000000000002,0.5109157318634238,0.2958018053789436,0.004993593955321946
4670,0.356,0.041499999999999995,0.632,0.033813138404246684,0.119,0.10873677540467552,0.9225853700516351,0.181,0.47846569618134555,0.15564143710941997,0.01
4671,0.0175,0.013500000000000002,0.5589999999999999,0.07186427921594575,0.033,0.06,0.898,0.016499999999999997,0.221,0.08149999999999999,0.002
4672,0.36500000000000005,0.1765,0.7185,0.061925287936956966,0.1285,0.20143036253808888,0.7551474458957026,0.15850000000000003,0.6306661716171618,0.20878413784108857,0.024
4673,0.07,0.034999999999999996,0.534,0.09630063282651184,0.021500000000000002,0.14777411477411478,0.9279999999999999,0.030499999999999992,0.45020746662872435,0.07870008095623601,0.006
4674,0.14750000000000002,0.18928066772403346,0.7180000000000001,0.04441089108910891,0.0995,0.18247001803046395,0.4290290874970678,0.095,0.41950000000000004,0.30730632411067194,0.005999999999999999
4675,0.047,0.048,0.503,0.01547029702970297,0.025500000000000005,0.143,0.9075000000000001,0.010499999999999999,0.45533333333333337,0.04664556797881754,0.0
4676,0.1895,0.04292926829268293,0.554,0.04789915966386555,0.043,0.08746729473527153,0.9315,0.11699999999999999,0.5475,0.2560969224012702,0.003
4677,0.49350000000000005,0.0805,0.577,0.0615,0.125,0.10285410094637223,0.943,0.09,0.3987995245641838,0.12050000000000001,0.0045
4678,0.041499999999999995,0.032,0.519,0.03542528793695696,0.0115,0.1105,0.9215,0.034499999999999996,0.466,0.142350040478118,0.002
4679,0.32249999999999995,0.145,0.6345,0.10744059405940594,0.072,0.21016387286205024,0.8979185716567049,0.18749999999999997,0.548874628344896,0.3105,0.017993633726068197
4680,0.5295,0.077,0.5930000000000001,0.023303007584412287,0.0895,0.22461495298508952,0.7479549102882493,0.23600000000000004,0.3176986248621028,0.26704995327930886,0.0165
4681,0.3765,0.06887807047949406,0.23350000000000004,0.07890211521152116,0.08850000000000001,0.1535,0.42773422966954017,0.178,0.7635,0.1565,0.0085
4682,0.14700000000000002,0.06649999999999999,0.7060000000000001,0.05144059405940593,0.14700000000000002,0.07304822954822954,0.9630000000000001,0.025500000000000002,0.435332892998679,0.151,0.003999999999999999
4683,0.0235,0.031,0.5745,0.09442861911119588,0.0475,0.09377411477411476,0.9395,0.0045,0.33,0.12249999999999998,0.0005
4684,0.0625,0.03792388451443569,0.6214999999999999,0.01997029702970297,0.03150000000000001,0.16604856465186538,0.46349999999999997,0.06949999999999999,0.45462500000000006,0.06423810836686854,0.0
4685,0.1295,0.04496194225721785,0.7345,0.02744392523364486,0.055999999999999994,0.22383680170846235,0.8522966124159088,0.059,0.7079162269129288,0.07949999999999999,0.003999999999999999
4686,0.47300000000000003,0.15421547568387176,0.6184999999999999,0.09035317602098145,0.1415,0.309815225762552,0.6223212201226482,0.317,0.4387491199116078,0.3242155215060233,0.016499999999999997
4687,0.0205,0.004,0.6074999999999999,0.022500000000000003,0.001,0.1255,0.89,0.0,0.3281666666666666,0.05380632411067193,0.0005
4688,0.24500000000000002,0.1065,0.7529999999999999,0.03338385354141657,0.142,0.10167681297320504,0.6385,0.06,0.64025,0.20344687842278203,0.0045000000000000005
4689,0.052500000000000005,0.13899999999999998,0.592,0.023,0.0245,0.18866388982898935,0.6656179828734539,0.052500000000000005,0.44049999999999995,0.20650000000000004,0.0025
4690,0.04,0.11199999999999999,0.6905,0.017970297029702972,0.013500000000000002,0.15559155289042564,0.8817033529250891,0.0365,0.34299956024626205,0.1867905982905983,0.002
4691,0.2625,0.1365,0.7905,0.09145499090725398,0.1635,0.24910616488867868,0.5302760339877396,0.22199999999999998,0.633,0.1795,0.006999999999999999
4692,0.356,0.03,0.7535000000000001,0.0225,0.08199999999999999,0.05933978815030335,0.8761179828734539,0.14150000000000001,0.558,0.14250000000000002,0.002
4693,0.07150000000000001,0.052000000000000005,0.5609999999999999,0.023334576245648716,0.0475,0.2712377138850218,0.953,0.05650000000000001,0.2905,0.21990316205533594,0.0025
4694,0.37150000000000005,0.08230468661004556,0.5995,0.0742813020240077,0.072,0.22812291245490704,0.7304180192736177,0.14950000000000002,0.5153333333333333,0.1874463894967177,0.024
4695,0.016999999999999998,0.006,0.5965,0.0665,0.0035000000000000005,0.10800000000000001,0.9615,0.0035000000000000005,0.5298333333333333,0.03190316205533597,0.0005
4696,0.007000000000000001,0.029500000000000005,0.5824999999999999,0.018500000000000003,0.0115,0.1425,0.9275,0.021,0.21958333333333332,0.10290316205533596,0.0025
4697,0.0205,0.04,0.49000000000000005,0.0225,0.0405,0.13067712252910604,0.8430000000000002,0.0305,0.298,0.31080632411067194,0.001
4698,0.27949999999999997,0.089,0.6424999999999998,0.024939684784805013,0.07750000000000001,0.18528629417080072,0.6825668824163971,0.05900000000000001,0.3065833333333333,0.303946878422782,0.027000000000000003
4699,0.022,0.08149999999999999,0.483,0.039,0.053000000000000005,0.10400000000000001,0.9570000000000001,0.010499999999999999,0.475,0.051242405923481574,0.0005
4700,0.373,0.51,0.586,0.07044059405940595,0.08099999999999999,0.5160272690285486,0.6905789439611517,0.378,0.3355,0.46688273499405397,0.02998110417351298
4701,0.082,0.0245,0.57,0.04045499090725399,0.044,0.20242291859537836,0.8530000000000001,0.0905,0.24183333333333334,0.14843061965042217,0.0125
4702,0.35,0.0945,0.5820000000000001,0.080394675692059,0.1615,0.24319256721761268,0.2001179828734539,0.1405,0.4565,0.16191739009569306,0.013000000000000001
4703,0.8155000000000001,0.0734537608819337,0.7585,0.020489690721649485,0.076,0.4531384462326387,0.13777023534148594,0.5630000000000001,0.227,0.1615,0.004
4704,0.12250000000000001,0.44548021828103684,0.7625,0.03197029702970297,0.12250000000000001,0.3872934037489758,0.5461889986110637,0.196,0.5885,0.11000000000000001,0.009
4705,0.42350000000000004,0.09849999999999999,0.6275,0.086,0.06599999999999999,0.1773967855340287,0.6951179828734538,0.0865,0.39899999999999997,0.2045,0.002
4706,0.442,0.26499999999999996,0.7045000000000001,0.04798469387755102,0.13099999999999998,0.173962666962667,0.834117982873454,0.30599999999999994,0.42125,0.39999999999999997,0.006480937729447037
4707,0.11000000000000001,0.05,0.6045,0.06698969072164948,0.032,0.10799999999999998,0.8365,0.026499999999999996,0.29900000000000004,0.233,0.001
4708,0.3075,0.21949999999999997,0.7144999999999999,0.07483526975146494,0.1065,0.3541976992332866,0.7540946416677328,0.12449999999999999,0.50155,0.307,0.038493593955321946
4709,0.3755,0.3035,0.6860000000000002,0.099,0.09,0.37296436596494176,0.7364487145949958,0.23349999999999999,0.5445888459605478,0.2617638371795368,0.025
4710,0.23500000000000001,0.06799999999999999,0.472,0.03947029702970297,0.041499999999999995,0.11164428020565553,0.8676848652898508,0.1165,0.24366666666666664,0.40165816205533594,0.001
4711,0.11499999999999999,0.0245,0.528,0.032,0.0195,0.0975,0.9165000000000001,0.0125,0.2845,0.26949999999999996,0.0035000000000000005
4712,0.15499999999999997,0.006500000000000001,0.6305,0.09498469387755101,0.0235,0.12004822954822955,0.9199999999999999,0.001,0.41150000000000003,0.12644687842278204,0.0
4713,0.0025,0.004,0.48549999999999993,0.01648469387755102,0.0115,0.10900000000000001,0.9455,0.004499999999999999,0.24483333333333332,0.048,0.0015
4714,0.4055000000000001,0.17087038438253693,0.75,0.07397029702970297,0.1515,0.8950000000000001,0.5714630323755053,0.1,0.46725000000000005,0.23002504824079542,0.022987666342096723
4715,0.057999999999999996,0.009000000000000001,0.782,0.05890466938025594,0.0715,0.1505,0.8094999999999999,0.0505,0.22175000000000003,0.0865,0.002
4716,0.6355000000000001,0.26041590423738337,0.7609999999999999,0.025398916140898852,0.119,0.36235410094637227,0.076,0.689,0.3762495049504951,0.12249999999999998,0.005487185805469826
4717,0.0605,0.0785,0.6575,0.01133700961344172,0.1065,0.213,0.7124999999999999,0.0625,0.5255,0.069,0.0005
4718,0.045,0.095,0.7845000000000001,0.018,0.10799999999999998,0.18851749091348166,0.6105,0.27249999999999996,0.4325,0.11140316205533596,0.003
4719,0.358,0.09899999999999999,0.5165,0.11828148478113117,0.12350000000000001,0.2416024496847756,0.8655000000000002,0.134,0.42916573186342377,0.30953478646384286,0.02
4720,0.0005,0.0015,0.5650000000000001,0.034499999999999996,0.009,0.1475,0.9225,0.0,0.37583333333333335,0.0605,0.0
4721,0.1465,0.06198663594470046,0.5405,0.26,0.17250000000000001,0.3663678857833448,0.8499268818362072,0.0815,0.4905412950115625,0.12329771724160368,0.004
4722,0.0095,0.002,0.5654999999999999,0.028999999999999998,0.0025,0.10600000000000001,0.9955,0.0185,0.284,0.058403162055335966,0.0005
4723,0.35,0.085,0.67,0.05450000000000001,0.0765,0.177837666800003,0.9119999999999999,0.09000000000000001,0.48891622691292874,0.21217661877626454,0.01
4724,0.2365,0.05689954597048809,0.6355,0.05486007682400894,0.0875,0.13818913226621735,0.6753537636724143,0.15299999999999997,0.6147073979491741,0.11240316205533599,0.016
4725,0.32,0.1045,0.792,0.03489558496665993,0.10499999999999998,0.16599839002737654,0.7551273448628083,0.6074999999999999,0.74025,0.16829184549356224,0.002990448979591837
4726,0.6085,0.062,0.6280000000000001,0.07503959960820553,0.08700000000000001,0.280565918506625,0.5662295056974711,0.066,0.3629662269129288,0.15056190289198773,0.012
4727,0.0075,0.0385,0.5505,0.04647029702970297,0.0125,0.1385,0.9460000000000001,0.0035000000000000005,0.5295,0.058499999999999996,0.0005
4728,0.288,0.057999999999999996,0.5675,0.06998469387755102,0.0885,0.12179525463314893,0.894066882416397,0.186,0.5980078578975172,0.1783063241106719,0.003
4729,0.20950000000000002,0.1345,0.7064999999999999,0.020962525008977582,0.096,0.22300363696230052,0.7931909160892994,0.1935,0.4724637906647808,0.33110175349671206,0.015500000000000003
4730,0.4425,0.04,0.757,0.04344392523364486,0.07050000000000001,0.12027383863080685,0.9635,0.1705,0.7305,0.14433774834437085,0.0085
4731,0.2705,0.1287806677240335,0.544,0.18197029702970297,0.0655,0.15241498053288263,0.9395,0.05249999999999999,0.5053745049504951,0.1604039603960396,0.0095
4732,0.16699999999999998,0.02,0.39849999999999997,0.010964491857349,0.047,0.09538794052745275,0.825117982873454,0.101,0.35525,0.30910826397407537,0.0025
4733,0.22350000000000003,0.1715,0.752,0.057999999999999996,0.0905,0.3859977306729007,0.5412022608477367,0.14250000000000002,0.5745000000000001,0.2384039603960396,0.01499359185014788
4734,0.0905,0.1,0.7939999999999999,0.006,0.0995,0.24615066053249707,0.3465,0.0835,0.5660000000000001,0.0895,0.0005
4735,0.24349999999999997,0.07888432107650938,0.6305,0.10074495658606489,0.0995,0.23327411477411478,0.9119180192736177,0.142,0.4456657318634239,0.1712540008741576,0.003
4736,0.119,0.0905,0.57,0.0155,0.11849999999999998,0.2319994923991852,0.062,0.12,0.6134999999999999,0.1583388704318937,0.004
4737,0.0325,0.028000000000000004,0.6015,0.0245,0.0045,0.1557741147741148,0.9125,0.0245,0.47784950495049505,0.127,0.001
4738,0.28049999999999997,0.12446133682830932,0.7255,0.025454990907253994,0.061,0.15350000000000003,0.9494999999999999,0.0455,0.2615,0.351,0.003996775260459732
4739,0.1275,0.041999999999999996,0.49399999999999994,0.21742528793695698,0.041,0.23809142410395379,0.8949999999999999,0.018,0.30441578599735797,0.23052894669581145,0.0
4740,0.11949999999999998,0.07833207918626271,0.4185,0.017,0.0745,0.37812855082412283,0.085,0.15099999999999997,0.22750000000000004,0.0885,0.007000000000000001
4741,0.30199999999999994,0.2164604365620737,0.659,0.06565426103045371,0.16999999999999998,0.9332738386308069,0.5349386217884733,0.1665,0.49883289357959537,0.2569848633151629,0.039
4742,0.008499999999999999,0.005,0.5345000000000001,0.05044142464678179,0.011,0.11477411477411477,0.9035,0.007000000000000001,0.3948333333333333,0.09525320253345397,0.0035000000000000005
4743,0.384,0.27949999999999997,0.666,0.06644059405940594,0.14350000000000002,0.2696046796434863,0.7294777869960739,0.19,0.40475000000000005,0.4170656890325576,0.025481422503779272
4744,0.0445,0.501,0.9604999999999999,0.02,0.14,0.21028299208201365,0.834,0.0345,0.9244999999999999,0.040806324110671935,0.004499999999999999
4745,0.10800000000000001,0.10750000000000001,0.7075,0.03697029702970297,0.051500000000000004,0.2145,0.576,0.04,0.808,0.09190316205533597,0.005
4746,0.2865,0.08,0.7575000000000001,0.13221822868643524,0.11600000000000002,0.17029486390570864,0.8638757093075808,0.11800000000000002,0.5434161716171617,0.12581818411326234,0.00599375616168255
4747,0.43,0.1545,0.6605000000000001,0.082,0.077,0.23875307505900362,0.8266786295424551,0.296,0.4545,0.4204039603960396,0.021978913170797504
4748,0.1475,0.1305,0.699,0.028500000000000004,0.045,0.11869501823913439,0.8588213357985429,0.0875,0.38574950495049504,0.22000000000000003,0.003
4749,0.17550000000000002,0.11699999999999999,0.764,0.042686439144346035,0.0865,0.4552938794463988,0.41327916717612795,0.082,0.613488545470991,0.28378991555608807,0.002
4750,0.268,0.1585,0.6880000000000001,0.03331746949671092,0.10400000000000001,0.19640205435129388,0.8801179828734538,0.062,0.45558333333333334,0.3782552143756617,0.025500000000000002
4751,0.0685,0.12624142170289915,0.8390000000000001,0.017499999999999998,0.068,0.25696326400727115,0.593240465416936,0.5395000000000001,0.46526622691292874,0.1822428308279333,0.0055
4752,0.042499999999999996,0.07489121054990078,0.8505,0.02689891614089885,0.10500000000000001,0.43594866761198114,0.4835,0.0725,0.25583333333333336,0.0793990762578727,0.002
4753,0.032,0.031000000000000007,0.6615000000000001,0.0465,0.036,0.096,0.9629999999999999,0.043,0.3963333333333333,0.06140316205533597,0.003
4754,0.29449999999999993,0.0475,0.637,0.0657636138029725,0.067,0.29483326370888807,0.66,0.05349999999999999,0.5898070203001469,0.37835842651003526,0.0035000000000000005
4755,0.353,0.21192926829268294,0.6875,0.06938785046728972,0.0895,0.5355516061007342,0.8634999999999999,0.186,0.4781495049504951,0.28524283082793334,0.012
4756,0.1595,0.065,0.57,0.06441422226334784,0.1345,0.0725,0.9035,0.074,0.479,0.19624203248722966,0.006500000000000001
4757,0.3215,0.10500000000000001,0.6685,0.029443925233644863,0.1015,0.119,0.8425,0.166,0.454,0.2665,0.0075000000000000015
4758,0.0125,0.0245,0.41150000000000003,0.006,0.038500000000000006,0.158,0.5576179828734539,0.014000000000000002,0.3845,0.033,0.0005
4759,0.0905,0.05450000000000001,0.7135,0.055484693877551026,0.045,0.08373704367775016,0.9686179828734538,0.01,0.2618333333333333,0.13899999999999998,0.0025
4760,0.018500000000000003,0.00898663594470046,0.599,0.043000000000000003,0.0315,0.08368913226621735,0.9440000000000002,0.03849999999999999,0.37225,0.04940316205533597,0.0
4761,0.0965,0.0775,0.5960000000000001,0.034,0.1705,0.1262741147741148,0.9610000000000001,0.0245,0.372832892998679,0.1297905982905983,0.002
4762,0.392,0.23996194225721784,0.6970000000000001,0.0795,0.10700000000000001,0.2165106061652491,0.6043757093075809,0.1685,0.57,0.236,0.019996858465608468
4763,0.2835,0.12539634650331305,0.687,0.06189065101200386,0.138,0.8931149818139288,0.5470799511860767,0.0965,0.5486666666666666,0.20062959383793308,0.01
4764,0.5275,0.14200000000000002,0.6449999999999999,0.030887850467289722,0.0925,0.3725870133528167,0.8546909160892995,0.16349999999999998,0.492,0.31547730463266255,0.027500000000000004
4765,0.0635,0.16799999999999998,0.7924999999999999,0.15182118948494114,0.18400000000000002,0.5974748137585004,0.48854303825830697,0.065,0.43,0.02583887043189369,0.0155
4766,0.2325,0.12999999999999998,0.6875,0.166,0.0645,0.1546161825726141,0.49064571092831966,0.048,0.5595,0.19609692240127022,0.0075
4767,0.24900000000000003,0.047333371088155454,0.6049999999999999,0.027500000000000004,0.057499999999999996,0.08327217022955463,0.7605668824163969,0.2515,0.6095833333333334,0.25250000000000006,0.0
4768,0.2575,0.12946194225721785,0.667,0.12688441400576683,0.1275,0.23013860471706873,0.8502761692650335,0.07250000000000001,0.4970833333333333,0.3048745096413731,0.012477760036515791
4769,0.39899999999999997,0.12042926829268293,0.7070000000000001,0.03454915249129743,0.07150000000000001,0.3963438792398605,0.8154830972239135,0.0945,0.548,0.2521889109100117,0.018
4770,0.46349999999999997,0.138,0.5875,0.04948469387755102,0.077,0.23681679936177122,0.8178757093075809,0.18750000000000003,0.4995833333333334,0.2717409103997068,0.03099144021112049
4771,0.064,0.032486635944700464,0.44350000000000006,0.037327535252094736,0.092,0.2149629289036354,0.5885,0.0885,0.46899911991160775,0.28403439561428034,0.001
4772,0.2465,0.085,0.7015,0.04200451648119179,0.052500000000000005,0.10427411477411477,0.8863584482903899,0.0605,0.45854694806479107,0.2372632320811458,0.003
4773,0.1395,0.038500000000000006,0.8184999999999999,0.015970297029702974,0.088,0.3412705075872494,0.5348087868117328,0.0675,0.761625,0.1089676201876871,0.006
4774,0.339,0.05500000000000001,0.7074999999999999,0.0495,0.06649999999999999,0.09604795340492163,0.9120000000000001,0.05,0.30933333333333335,0.2352409103997068,0.005
4775,0.2165,0.09100000000000001,0.5509999999999999,0.08710520181438478,0.0905,0.135470189041544,0.8761179828734539,0.172,0.697875,0.18068809823712817,0.0034999999999999996
4776,0.033999999999999996,0.0195,0.49049999999999994,0.08297029702970296,0.007000000000000001,0.1005,0.9073088989627532,0.0045,0.30425,0.13840316205533598,0.003
4777,0.5239999999999999,0.24942822384428226,0.734,0.06492861911119588,0.06,0.25868913226621737,0.8006848652898508,0.49800000000000005,0.22424950495049506,0.10634526116662177,0.0005
4778,0.043,0.016,0.598,0.0215,0.013000000000000001,0.14250000000000002,0.9189999999999999,0.013000000000000001,0.48233333333333334,0.0295,0.0005
4779,0.367,0.1652067113519232,0.7100000000000001,0.05983177570093458,0.096,0.3893941946766316,0.32649999999999996,0.1915,0.6373322599153346,0.14175936492188565,0.002
4780,0.4025,0.087,0.6355000000000001,0.15733686604167008,0.07,0.24596301014869146,0.9725668824163971,0.1935,0.47271575147711264,0.1629039603960396,0.005
4781,0.36750000000000005,0.1695,0.7310000000000001,0.04793028478105542,0.11100000000000002,0.1469512628509556,0.7095499796403106,0.14650000000000002,0.62475,0.20533774834437085,0.0085
4782,0.5165,0.0785,0.534,0.060425287936956965,0.151,0.11949999999999998,0.9275,0.1765,0.44259082031096914,0.19144638949671772,0.01899375616168255
4783,0.6005,0.095,0.667,0.01,0.055999999999999994,0.21465770216874044,0.9380668824163969,0.42200000000000004,0.4505,0.3127428308279333,0.0075
4784,0.28300000000000003,0.09896194225721784,0.741,0.051904414733607095,0.128,0.1850432758007803,0.7314859878477588,0.0875,0.49450000000000005,0.1135,0.0025
4785,0.0995,0.1695,0.861,0.06144059405940594,0.12350000000000001,0.23278594343325137,0.09768486528985085,0.05,0.8565000000000002,0.12840316205533597,0.013000000000000001
4786,0.04,0.030000000000000006,0.597,0.01848469387755102,0.0455,0.08549999999999999,0.8950000000000001,0.025500000000000002,0.2728333333333333,0.127,0.006500000000000001
4787,0.121,0.14150000000000001,0.581,0.01794392523364486,0.064,0.123,0.9135,0.069,0.44937462834489594,0.16097167630057801,0.013996775260459731
4788,0.11000000000000001,0.059,0.5235000000000001,0.05342528793695696,0.04,0.12450000000000001,0.7835466691757621,0.07950000000000002,0.542682892998679,0.17175702068579565,0.0005
4789,0.597,0.07449999999999998,0.6575,0.03,0.132,0.1336885521885522,0.8415000000000001,0.081,0.296,0.2880621224513756,0.0025
4790,0.075,0.08388582677165354,0.48699999999999993,0.2803039640007508,0.0825,0.25251115845186495,0.7951179828734538,0.0365,0.40750000000000003,0.17705709247203105,0.002
4791,0.3755,0.127,0.6405000000000001,0.09085057587391392,0.164,0.18422394014962595,0.9086909160892995,0.095,0.5025000000000001,0.17650000000000002,0.010993591850147883
4792,0.667,0.0985,0.42400000000000004,0.057999999999999996,0.0375,0.19673146726444501,0.7280000000000001,0.2925,0.386,0.34500000000000003,0.002
4793,0.0465,0.023500000000000004,0.561,0.022459987751352453,0.06150000000000001,0.10721493335725565,0.8466179828734539,0.014000000000000002,0.367,0.101,0.0025
4794,0.217,0.12800000000000003,0.6355000000000001,0.017417515916231575,0.193,0.2685245098677033,0.7895,0.1685,0.5489147417644139,0.28140316205533594,0.028000000000000004
4795,0.26349999999999996,0.16799999999999998,0.45499999999999996,0.08916879974985635,0.073,0.3179040825904121,0.6489921889361525,0.155,0.42830633436090804,0.23587657754200997,0.0125
4796,0.648,0.0395,0.6555000000000001,0.032454990907254,0.05700000000000001,0.24510506026105006,0.8434937642526041,0.10950000000000001,0.45924999999999994,0.1775,0.006
4797,0.05550000000000001,0.0215,0.6375,0.03348469387755102,0.025,0.12477411477411478,0.904617982873454,0.030000000000000006,0.473082397949174,0.07190316205533598,0.0005
4798,0.4425,0.315,0.685,0.07116710834184191,0.0645,0.6498198822626348,0.8441179828734539,0.188,0.45208296167822926,0.3719463894967177,0.0185
4799,0.030500000000000006,0.012461942257217848,0.45499999999999996,0.0115,0.0245,0.16450000000000004,0.5451178707224335,0.0325,0.34216622691292875,0.047337748344370864,0.0
4800,0.605,0.10200000000000001,0.62,0.07373842634120364,0.08449999999999999,0.19215982876385557,0.7391862998600576,0.3255,0.47537462908011874,0.2551473245428394,0.009500000000000001
4801,0.2885,0.08040494609343282,0.561,0.027500000000000004,0.12450000000000001,0.25799927504092723,0.3046581632653061,0.20149999999999996,0.5207995245641838,0.2284629349470499,0.008493756161682551
4802,0.434,0.0925,0.7689999999999999,0.07150000000000001,0.09949999999999999,0.2451629078485936,0.715678700251029,0.185,0.5079995049504951,0.2495,0.0075000000000000015
4803,0.33049999999999996,0.12599999999999997,0.524,0.05434359776980232,0.306,0.17246324704033214,0.716441112666127,0.1325,0.5700655115196389,0.20073810836686853,0.009
4804,0.2205,0.13890377544831434,0.751,0.06635481632275377,0.1805,0.124,0.47180764681735843,0.07949999999999999,0.53325,0.1309101638126382,0.022
4805,0.253,0.1505,0.6154999999999999,0.09867980199847524,0.191,0.21324630088563956,0.6871178707224335,0.10800000000000001,0.514032858273951,0.21540396039603965,0.017
4806,0.26749999999999996,0.05650000000000001,0.6535000000000001,0.10827908969782585,0.0465,0.10800000000000001,0.9330191801369994,0.1145,0.6129825210752637,0.1947445056936838,0.0035000000000000005
4807,0.40499999999999997,0.20328613250447622,0.6585,0.149470297029703,0.0875,0.24868870387845457,0.5987701231904655,0.1645,0.52375,0.25815667400342923,0.019
4808,0.563,0.215,0.8230000000000001,0.08072736066759452,0.17650000000000002,0.2540661804475934,0.8664764311638438,0.169,0.5659995049504951,0.2900200873307693,0.0105
4809,0.4335,0.15150000000000002,0.6495,0.07698824997103254,0.067,0.23168450498261167,0.8950791712830819,0.2975,0.4119662269129288,0.4523132848398073,0.01
4810,0.006999999999999999,0.023,0.595,0.021970297029702972,0.027999999999999997,0.14320793632155196,0.7819999999999999,0.013000000000000001,0.47800000000000004,0.045500000000000006,0.0
4811,0.0885,0.0355,0.46749999999999997,0.07486830389600088,0.027000000000000003,0.11804856465186542,0.9135000000000002,0.0215,0.31791622633201233,0.06599074071187169,0.0025
4812,0.45999999999999996,0.22949999999999998,0.6859999999999999,0.0395,0.0755,0.20971991687290195,0.7937567654020611,0.1575,0.6330000000000001,0.2527918454935622,0.040981104173512986
4813,0.3485,0.04696194225721785,0.47450000000000003,0.033399159663865544,0.039,0.14550000000000002,0.6819999999999999,0.13649999999999998,0.42508333333333337,0.3357918454935622,0.002
4814,0.0875,0.035,0.43600000000000005,0.010899159663865546,0.0415,0.10958344994462803,0.718,0.0245,0.24283333333333332,0.42663071592545593,0.0
4815,0.3555,0.146,0.649,0.05571822432100162,0.08449999999999999,0.8542220436617456,0.8413088989627534,0.16699999999999998,0.5362578382838283,0.25129918333605905,0.0155
4816,0.32899999999999996,0.08049999999999999,0.40750000000000003,0.0125,0.1365,0.18842104452651068,0.7228369328099357,0.199,0.4063333333333333,0.4162918454935623,0.15450000000000003
4817,0.009000000000000001,0.007000000000000001,0.505,0.05848469387755102,0.025500000000000002,0.12150000000000001,0.9595668824163969,0.019,0.23358333333333334,0.12544696287938822,0.0005
4818,0.26849999999999996,0.1045,0.771,0.05030122688102686,0.20549999999999996,0.32853239158714154,0.6795466691757621,0.051000000000000004,0.6260129111573048,0.14849444363735503,0.0205
4819,0.4625,0.15789969929836284,0.6175,0.06591422226334784,0.1695,0.31122936486261676,0.48733001018847755,0.08549999999999999,0.40933289299867903,0.392403162055336,0.014500000000000002
4820,0.07949999999999999,0.1385,0.6914999999999999,0.022,0.10600000000000001,0.17854280482482682,0.617,0.041,0.4755,0.534,0.003
4821,0.002,0.002,0.43699999999999994,0.01097029702970297,0.013999999999999999,0.0897744498777506,0.923,0.0005,0.23983333333333334,0.052500000000000005,0.0005
4822,0.3035,0.28500000000000003,0.7779999999999999,0.07291422226334783,0.0945,0.4849241106332971,0.6444101113736591,0.1315,0.6556666666666666,0.2435,0.012487348011830431
4823,0.3185,0.22999999999999998,0.6900000000000001,0.04347029702970297,0.10550000000000001,0.23992059953066242,0.7846179828734539,0.1495,0.3970000000000001,0.36350000000000005,0.0195
4824,0.45499999999999996,0.0735,0.61,0.040931462078246654,0.147,0.26050000000000006,0.9099999999999999,0.285,0.5525,0.314,0.0045
4825,0.005,0.0405,0.5255,0.036000000000000004,0.027000000000000003,0.14650000000000002,0.745,0.0035000000000000005,0.3195,0.065,0.001
4826,0.2015,0.10400000000000001,0.611,0.028000000000000004,0.028000000000000004,0.1309715414206344,0.8030165612147832,0.15050000000000002,0.4828661916072843,0.2245,0.0025
4827,0.32599999999999996,0.12084274435282771,0.6505,0.03845917942309694,0.11600000000000002,0.041499999999999995,0.835665539104206,0.1375,0.5212,0.174,0.020999999999999998
4828,0.3625,0.1385,0.6319999999999999,0.08771239255989963,0.0945,0.7833540746542991,0.8359998150520529,0.174,0.5306324666287243,0.25829506875357744,0.010499999999999999
4829,0.42300000000000004,0.10800000000000001,0.5599999999999999,0.050970297029702974,0.11099999999999999,0.2203078623594558,0.8096847932182815,0.07500000000000001,0.3448319028996691,0.18440316205533597,0.004
4830,0.5755,0.02,0.5195000000000001,0.0375,0.053500000000000006,0.0665,0.8469999999999999,0.091,0.512,0.22749999999999998,0.0005
4831,0.294,0.16894216053825467,0.5799999999999998,0.06795009500950096,0.15150000000000002,0.078,0.8054936173940739,0.11850000000000001,0.55975,0.17250000000000001,0.022
4832,0.3205,0.1207849048910824,0.642,0.04595917942309695,0.1335,0.0605,0.8071656111757756,0.207,0.5678662269129288,0.13140316205533598,0.028000000000000004
4833,0.4165,0.485,0.7,0.08715051519460953,0.083,0.34223423621709553,0.6723940393172073,0.1895,0.39746573186342377,0.5129455540871672,0.015
4834,0.26249999999999996,0.19342822384428224,0.7729999999999999,0.07742846623185357,0.1675,0.2656523793065495,0.4730726765261354,0.1445,0.60175,0.18250000000000002,0.016
4835,0.481,0.26349999999999996,0.6805,0.048314804074106224,0.094,0.4528734404466954,0.5626848652898508,0.2435,0.47975,0.4053096974478989,0.023
4836,0.043000000000000003,0.06948021828103683,0.6445000000000001,0.03647029702970297,0.1325,0.32409142410395375,0.24200000000000005,0.033,0.7409999999999999,0.06724099485631303,0.004999999999999999
4837,0.127,0.027000000000000003,0.6965,0.03345499090725399,0.035500000000000004,0.16767705985218379,0.933,0.02,0.202,0.1115,0.003
4838,0.253,0.012,0.47850000000000004,0.026905047859851906,0.047,0.10496266696266696,0.9553943059932312,0.084,0.3045833333333333,0.1919039603960396,0.007995820041799582
4839,0.0005,0.002,0.5195000000000001,0.09221372021500507,0.022,0.12099999999999997,0.8774999999999998,0.0,0.29983333333333334,0.076,0.0075
4840,0.0165,0.03599999999999999,0.5115000000000001,0.06279290979529664,0.031000000000000007,0.12004856465186539,0.9425000000000001,0.013500000000000002,0.27495796241345205,0.06561264822134387,0.0
4841,0.345,0.019,0.48900000000000005,0.055844732644656905,0.0385,0.1685,0.884066882416397,0.054000000000000006,0.39957371426699834,0.15026985634738665,0.002
4842,0.221,0.097,0.547,0.02741422226334783,0.023000000000000003,0.092,0.7265,0.0965,0.31,0.4228377483443708,0.003
4843,0.7030000000000001,0.0965,0.58,0.025,0.07150000000000001,0.14862798523225063,0.6343385469329492,0.43600000000000005,0.551,0.3315,0.0025
4844,0.11699999999999999,0.004,0.49849999999999994,0.046,0.0095,0.0905,0.946,0.009499999999999998,0.2615,0.18,0.0005
4845,0.13,0.19849999999999998,0.5695,0.045370448991801836,0.1165,0.34447072432299564,0.6499711435661181,0.1405,0.39025000000000004,0.12349999999999998,0.004
4846,0.0235,0.027500000000000004,0.517,0.028000000000000004,0.023,0.14927411477411479,0.8336179828734538,0.003,0.35224950495049506,0.0725,0.001
4847,0.11499999999999999,0.076,0.5595,0.04442505001795516,0.10700000000000001,0.16185438042620365,0.6205668824163969,0.12050000000000001,0.47891573186342384,0.16449549601009625,0.00499359185014788
4848,0.201,0.11750000000000001,0.8525,0.08687087884046137,0.1,0.18446277108337025,0.9243088989627534,0.064,0.73375,0.10250000000000001,0.014499999999999999
4849,0.3195,0.25942237881929153,0.65,0.06531593894896082,0.129,0.08073771388502184,0.666096043076744,0.1305,0.5465,0.20811187208325466,0.03099375616168255
4850,0.4095,0.1089700711931608,0.541,0.052970297029702976,0.084,0.21185387045813586,0.8933697305797017,0.1315,0.33849999999999997,0.26850000000000007,0.022971787429832125
4851,0.3785,0.05500000000000001,0.568,0.03250000000000001,0.11850000000000001,0.14496324704033214,0.9145668824163969,0.10049999999999999,0.3915,0.16949999999999998,0.010993593955321946
4852,0.16950000000000004,0.039999999999999994,0.5295,0.0165,0.065,0.14100000000000001,0.6744999999999999,0.028500000000000004,0.3443333333333333,0.213,0.0004935939553219448
4853,0.027999999999999997,0.0335,0.4955,0.03350000000000001,0.0225,0.12551214679583336,0.8737359657469078,0.0095,0.39699999999999996,0.1588388704318937,0.002
4854,0.08049999999999999,0.0055,0.6525,0.025,0.0215,0.093,0.9335000000000001,0.0325,0.4413333333333334,0.05430632411067193,0.0025
4855,0.09896761842959119,0.076,0.6134999999999999,0.1153775411889392,0.073,0.11777411477411477,0.9406848652898508,0.037,0.517,0.08198435863653256,0.003
4856,0.0835,0.044500000000000005,0.656,0.044,0.01,0.08377383863080684,0.9335000000000001,0.0235,0.23149999999999998,0.5229031620553359,0.0025
4857,0.07949999999999999,0.03949999999999999,0.46299999999999997,0.027000000000000003,0.037000000000000005,0.0999629708970242,0.9355,0.072,0.5032995245641839,0.15827362205951018,0.002
4858,0.3285,0.18298021828103683,0.6795,0.11366938883029261,0.11199999999999999,0.2928929504055091,0.6595167524411897,0.1805,0.5621250000000001,0.33471707762962266,0.020965871023397815
4859,0.1305,0.046,0.914,0.056864972721761976,0.1015,0.3639449694271867,0.426971410092807,0.07250000000000001,0.8504999999999999,0.058850040478118,0.006
4860,0.34950000000000003,0.1565,0.612,0.06931996362901596,0.139,0.256866216138458,0.5182359657469077,0.1385,0.47250000000000003,0.24042019212853138,0.0075
4861,0.101,0.08539954597048809,0.7805,0.05,0.0785,0.18446324704033215,0.66329841688201,0.051000000000000004,0.586,0.21733887043189365,0.00599375616168255
4862,0.2505,0.031,0.534,0.023,0.052500000000000005,0.0495,0.9494999999999999,0.083,0.1795,0.253,0.0035000000000000005
4863,0.0385,0.022423884514435697,0.9145,0.01239891614089885,0.1165,0.29150000000000004,0.3886923801040818,0.027500000000000004,0.25516573186342384,0.08579184549356224,0.00399375616168255
4864,0.181,0.089,0.65,0.0747758638108709,0.075,0.2219104803546504,0.7625,0.11499999999999999,0.4150824532449411,0.14757978083160053,0.006
4865,0.17149999999999999,0.05650000000000001,0.6085,0.07613220866534764,0.030500000000000006,0.09423584758187413,0.783067585390129,0.0865,0.5794888257894606,0.26107710771113823,0.001
4866,0.19649999999999998,0.05185254737821008,0.4095000000000001,0.059905047859851915,0.0625,0.17318881412952064,0.4585000000000001,0.1285,0.36550000000000005,0.31128413784108855,0.0005
4867,0.07600000000000001,0.041999999999999996,0.62,0.026470297029702973,0.0385,0.17796266696266697,0.6855,0.034,0.5387137906647808,0.14563925493508836,0.003
4868,0.2875,0.1429238845144357,0.7065,0.18976837283446735,0.061,0.14077411477411478,0.7909444885722434,0.16,0.6415,0.1863063241106719,0.018
4869,0.20299999999999999,0.011,0.6645000000000001,0.0375,0.018,0.053688552188552195,0.982,0.0125,0.209,0.1775,0.003
4870,0.363,0.0155,0.658,0.041499999999999995,0.013500000000000002,0.10327226926963803,0.8835000000000001,0.08199999999999999,0.4765,0.10624170874041046,0.004
4871,0.34750000000000003,0.035500000000000004,0.663,0.043000000000000003,0.049,0.16446326400727124,0.9295,0.0465,0.35450000000000004,0.10980632411067193,0.0005
4872,0.279,0.13032457034759531,0.6645,0.05997029702970297,0.11949999999999998,0.9281290016722223,0.5410070179702311,0.10399999999999998,0.5405,0.20862959383793314,0.0105
4873,0.5740000000000001,0.09998021828103683,0.897,0.024920353982300886,0.14450000000000002,0.3079259167675986,0.9891582978723404,0.144,0.5080000000000001,0.362,0.0085
4874,0.14500000000000002,0.018,0.507,0.03898469387755102,0.05050000000000001,0.1205912236980253,0.8855000000000001,0.08,0.2650833333333334,0.21524170874041046,0.0125
4875,0.45599999999999996,0.24,0.618,0.07038977979430597,0.0465,0.4131507006845883,0.7991538210237429,0.264,0.5007499999999999,0.4109149281941719,0.017499999999999998
4876,0.093,0.0075000000000000015,0.6295,0.025500000000000002,0.0125,0.07200000000000001,0.976,0.1125,0.2365,0.08349999999999999,0.0015
4877,0.5309999999999999,0.033999999999999996,0.5195000000000001,0.017499999999999998,0.14650000000000002,0.11577198779799791,0.6300668824163971,0.132,0.354,0.34950000000000003,0.001
4878,0.219,0.207,0.7969999999999999,0.051440594059405945,0.0965,0.11749999999999998,0.7595,0.20099999999999998,0.6133333333333333,0.22690316205533595,0.013496775260459731
4879,0.3585,0.18385749213696517,0.701,0.06644392523364487,0.1055,0.5224629289036354,0.848381832178599,0.198,0.5571156961813455,0.28099999999999997,0.006
4880,0.099,0.029000000000000005,0.589,0.07197029702970296,0.041,0.087,0.951,0.027999999999999997,0.2665833333333333,0.15490316205533597,0.001
4881,0.2685,0.1115,0.5549999999999999,0.03899999999999999,0.1135,0.2322003666453493,0.08758537005163511,0.14750000000000002,0.6475,0.23596293494704992,0.005487345879299156
4882,0.32249999999999995,0.19649999999999998,0.5215,0.04,0.09200000000000001,0.18324464052909215,0.7274006177961236,0.184,0.377,0.3775,0.11999359395532194
4883,0.555,0.16980319666492685,0.666,0.11813686070044607,0.1355,0.4583922539312755,0.22973743840653138,0.25999999999999995,0.44176634945810206,0.33275985384795,0.0155
4884,0.13599999999999998,0.08800000000000001,0.7035,0.03634500879301304,0.14650000000000002,0.26122489773843177,0.5137762861409345,0.074,0.5315000000000001,0.1825,0.013500000000000002
4885,0.08199999999999999,0.0055,0.48249999999999993,0.019000000000000003,0.052500000000000005,0.13514400256574727,0.8220000000000001,0.017,0.24458289299867902,0.21586756756756756,0.001
4886,0.0125,0.007000000000000001,0.5765,0.0469743845992005,0.0115,0.22096266696266698,0.798,0.018999999999999996,0.44562462834489597,0.046752676538542794,0.0
4887,0.5549999999999999,0.096,0.6345,0.04786945669356851,0.033,0.14668881412952062,0.8710000000000001,0.246,0.3398333333333333,0.42064270162367967,0.004
4888,0.2585,0.15866179716680154,0.6335,0.05435814749699269,0.163,0.22713271277198324,0.764,0.128,0.560625,0.2434006691364501,0.040497845541929076
4889,0.043000000000000003,0.009,0.429,0.016499999999999997,0.0805,0.10377444987775061,0.43375779850569646,0.0345,0.365,0.0655,0.002
4890,0.3315,0.20350000000000001,0.752,0.037443925233644856,0.10500000000000001,0.4040468463314316,0.7668088989627533,0.1745,0.492,0.3329837661862332,0.010493756161682551
4891,0.42449999999999993,0.039,0.67,0.0215,0.157,0.20190406562347302,0.6538088989627533,0.0755,0.51675,0.091,0.004493593955321945
4892,0.031,0.049,0.5355000000000001,0.02997029702970297,0.014500000000000002,0.1355,0.703566882416397,0.0635,0.5747995245641839,0.09649999999999999,0.0005
4893,0.26149999999999995,0.2435,0.8190000000000002,0.052928619111195875,0.176,0.4072371249228063,0.3660279987544556,0.2485,0.487,0.257403162055336,0.01198734801183043
4894,0.195,0.12250000000000001,0.7184999999999999,0.03588361001844988,0.0755,0.4356442802056556,0.5412307838809871,0.08249999999999999,0.43725,0.19250000000000003,0.020999999999999998
4895,0.13599999999999998,0.045353152807118616,0.387,0.008470297029702971,0.07050000000000001,0.11964400256574728,0.8110000000000002,0.018,0.25691622633201233,0.2706421953863196,0.0
4896,0.101,0.154,0.6970000000000001,0.07538451929305082,0.099,0.30668642720424405,0.18961798287345386,0.079,0.5685,0.19090316205533597,0.007493591850147881
4897,0.1335,0.052000000000000005,0.532,0.07071842978706529,0.029500000000000005,0.11850000000000001,0.9157762807457942,0.078,0.5116657318634237,0.21824091039970686,0.0085
4898,0.23149999999999998,0.061945006321112515,0.577,0.048894675692059,0.1125,0.10937127667869817,0.8474999999999999,0.2065,0.5754995602462621,0.1918066260299008,0.00699037028198751
4899,0.0865,0.09100000000000001,0.792,0.017000000000000005,0.201,0.20959037605160966,0.8965,0.0425,0.658,0.12250000000000001,0.0015
4900,0.12249999999999998,0.09100000000000001,0.6929999999999998,0.048,0.0705,0.09296324704033214,0.8800000000000001,0.098,0.379,0.16950000000000004,0.003
4901,0.26999999999999996,0.154,0.6675,0.07962816807860656,0.049,0.26781625494538863,0.8235448647096609,0.1315,0.471,0.30328465172574604,0.005
4902,0.046,0.0325,0.5389999999999999,0.040999999999999995,0.037,0.209,0.6087761980700422,0.017,0.4545,0.05700000000000001,0.0015
4903,0.54,0.03936517823392231,0.45149999999999996,0.02,0.022,0.152,0.7592359657469077,0.23500000000000001,0.37773214285714285,0.37294895121092053,0.0015
4904,0.085,0.053461336828309315,0.8460000000000001,0.04048469387755102,0.10049999999999999,0.280803004177764,0.41042676968518677,0.065,0.8136662269129287,0.0715,0.007493756161682551
4905,0.40549999999999997,0.11300000000000002,0.6054999999999999,0.048,0.0875,0.18909866441359435,0.8390000000000001,0.181,0.39349999999999996,0.34887590949956765,0.038490692357935986
4906,0.3625,0.0355,0.725,0.04,0.075,0.14329725726184434,0.8745,0.07799999999999999,0.3245,0.1075,0.0075000000000000015
4907,0.068,0.03398663594470046,0.4465,0.06687534488955489,0.07649999999999998,0.23581730932983902,0.746,0.054000000000000006,0.44099911991160773,0.26502842409083494,0.0
4908,0.07250000000000001,0.099,0.633,0.05600000000000001,0.0735,0.194,0.4755,0.074,0.6085,0.10890316205533597,0.006
4909,0.0915,0.14892237881929152,0.7215,0.1102612665653762,0.10400000000000001,0.7595,0.4647861067324226,0.125,0.31500000000000006,0.13592433697347894,0.014993593955321946
4910,0.391,0.188,0.6345000000000001,0.06241422226334783,0.062,0.15403151917319283,0.8556909160892994,0.20600000000000002,0.44262500000000005,0.3169773046326626,0.016993593955321944
4911,0.188,0.025500000000000002,0.6300000000000001,0.0215,0.0045,0.10535387045813586,0.952,0.037,0.362,0.169,0.002
4912,0.194,0.21500000000000002,0.7335,0.01737254434484074,0.14450000000000002,0.20173123677620866,0.6496162467960863,0.072,0.5255,0.30974283082793325,0.01
4913,0.1814676184295912,0.13492237881929153,0.6765000000000001,0.06121455080238092,0.161,0.8349754455238129,0.4873289317744617,0.12200000000000003,0.5734995049504951,0.1769629349470499,0.016
4914,0.2245,0.1322250240124178,0.6819999999999999,0.08295499090725399,0.119,0.19718913226621737,0.7284286462481658,0.1525,0.5836662269129287,0.2485,0.027993593955321944
4915,0.333,0.09746133682830929,0.628,0.07593191276407962,0.143,0.2331502888039251,0.9259999999999999,0.10300000000000001,0.47449906461584074,0.15773150518993495,0.007000000000000001
4916,0.1005,0.05800000000000001,0.6609999999999999,0.047,0.032499999999999994,0.048,0.9140668824163971,0.014000000000000002,0.387,0.185,0.004999999999999999
4917,0.026000000000000002,0.011000000000000001,0.59,0.032999999999999995,0.0195,0.22301095547122446,0.7021179828734538,0.010499999999999999,0.45649999999999996,0.0465,0.002
4918,0.024,0.0,0.6535,0.030484693877551018,0.002,0.12409682680094755,0.8915,0.0015,0.24508283828382837,0.029500000000000005,0.0
4919,0.542,0.0905,0.568,0.09429369277930327,0.12150000000000001,0.17085387045813588,0.8467826349226698,0.189,0.592125,0.22904350276297425,0.0245
4920,0.2995,0.04130249845807768,0.5105,0.0055,0.025,0.10699999999999998,0.8379999999999999,0.11000000000000001,0.4415,0.166,0.0005
4921,0.15499999999999997,0.14536285341894906,0.623,0.13097029702970298,0.1785,0.12562903566805722,0.842310359997285,0.1355,0.591374628344896,0.11590316205533598,0.006
4922,0.337,0.20549999999999996,0.661,0.07821341363535936,0.1155,0.25711040651450934,0.5263088989627533,0.163,0.4755,0.39429887162793126,0.030996858465608464
4923,0.1115,0.0875,0.395,0.09721290158402854,0.11000000000000001,0.2068230215827338,0.536403313000051,0.05,0.33499999999999996,0.07330632411067194,0.0034999999999999996
4924,0.16750000000000004,0.05500000000000001,0.5125,0.022,0.0445,0.1431442802056555,0.913,0.09949999999999999,0.2785,0.378,0.003999999999999999
4925,0.11900000000000002,0.051000000000000004,0.6485,0.15053635871875365,0.0735,0.1645,0.8096909160892996,0.052500000000000005,0.5447133856592891,0.11809095799005578,0.0015
4926,0.43649999999999994,0.0415,0.522,0.06475622872088801,0.0355,0.10500000000000001,0.8355,0.1495,0.28583333333333333,0.31314501509779635,0.0
4927,0.0055,0.0195,0.5930000000000001,0.022500000000000003,0.001,0.15517593863717224,0.7979999999999999,0.006,0.4255,0.07340316205533598,0.001
4928,0.0635,0.036,0.6505,0.0345,0.042499999999999996,0.12877411477411477,0.8822404654169359,0.044,0.46125,0.08490316205533596,0.0045
4929,0.292,0.07650000000000001,0.492,0.093,0.0975,0.18089820252620317,0.8846179828734538,0.0795,0.34500000000000003,0.23349999999999999,0.017
4930,0.38949999999999996,0.15100000000000002,0.6395000000000001,0.05132263935434169,0.063,0.8550891480768724,0.8094999999999999,0.1335,0.48929999999999996,0.2480145565689061,0.0165
4931,0.30100000000000005,0.1705,0.6575,0.039369213170601824,0.16999999999999998,0.3566153251771239,0.6527358535958873,0.16599999999999998,0.41050000000000003,0.289946878422782,0.03949999999999999
4932,0.017,0.027000000000000003,0.48250000000000004,0.03248469387755102,0.0125,0.14104856465186538,0.943,0.008,0.26383333333333325,0.07180632411067193,0.0
4933,0.2,0.0675,0.462,0.033308584886681356,0.1065,0.16546358214396795,0.6827359657469076,0.123,0.53625,0.24477072962290353,0.0115
4934,0.034499999999999996,0.022,0.671,0.04647029702970297,0.0015,0.1337744498777506,0.8739999999999999,0.0235,0.5785,0.049290598290598286,0.002
4935,0.46399999999999997,0.07,0.524,0.493,0.131,0.1047665206535821,0.8991179828734539,0.0965,0.484125,0.171,0.11599999999999999
4936,0.207,0.062499999999999986,0.627,0.0625,0.0085,0.14487660158235302,0.8646179828734539,0.08249999999999999,0.5436662269129288,0.17933774834437088,0.004
4937,0.442,0.037,0.5810000000000001,0.060999999999999985,0.037,0.1656888141295206,0.9164999999999999,0.0605,0.5155,0.157,0.0025
4938,0.041999999999999996,0.0165,0.5265,0.02347029702970297,0.043500000000000004,0.18177411477411476,0.6975,0.018999999999999996,0.25783283828382836,0.2538377483443709,0.0005
4939,0.4805,0.26749999999999996,0.6759999999999999,0.060278122999697606,0.1065,0.4728997260145877,0.6698816853200686,0.1615,0.575457397949174,0.33358304269472394,0.014499999999999999
4940,0.178,0.11589954597048809,0.6915,0.10535390704815287,0.07,0.14911506323615553,0.8825,0.121,0.5442495049504951,0.23681449114487566,0.0075000000000000015
4941,0.202,0.084,0.56,0.042499999999999996,0.11200000000000002,0.1745121538489512,0.7340228328491689,0.093,0.4691666666666666,0.21856032498482952,0.0075
4942,0.48100000000000004,0.1858610203766467,0.6134999999999999,0.0225,0.0915,0.10104828850855747,0.7934268818362071,0.20550000000000002,0.296749504950495,0.29747194910352803,0.014500000000000002
4943,0.3375,0.084,0.688,0.05848469387755102,0.0775,0.14009065219491762,0.6119999999999999,0.0595,0.41583333333333333,0.2816885871631925,0.014500000000000002
4944,0.2575,0.15900000000000003,0.7635000000000001,0.07538451929305079,0.075,0.14936559783839648,0.799044864709661,0.10149999999999999,0.4934833333333334,0.2820794570847813,0.017
4945,0.057999999999999996,0.08,0.8764999999999998,0.012,0.0945,0.25856448055851605,0.4312635816507531,0.0815,0.4325,0.05,0.0035000000000000005
4946,0.298,0.06999999999999999,0.7104999999999999,0.08241497865860645,0.073,0.2157345779541396,0.6560466691757622,0.147,0.61075,0.223,0.020486187152407194
4947,0.009500000000000001,0.0315,0.5805,0.08298469387755103,0.0125,0.18554856465186537,0.9745000000000001,0.0125,0.2835833333333333,0.08280632411067194,0.0085
4948,0.0675,0.1085,0.5515000000000001,0.05449999999999999,0.026000000000000002,0.16146326400727123,0.8130899827560027,0.046,0.50185,0.1398079207920792,0.0045
4949,0.5195,0.1145,0.624,0.025970297029702973,0.131,0.2346661801183388,0.8460000000000001,0.08600000000000001,0.6545,0.1265,0.014993593955321946
4950,0.589,0.048,0.4525,0.035383853541416564,0.1305,0.15132267942598016,0.611,0.2935,0.328,0.37646328538985624,0.00048734998378203054
4951,0.4800000000000001,0.029000000000000005,0.705,0.014369213170601821,0.0645,0.065,0.9570000000000001,0.145,0.5147995602462621,0.10594475574646359,0.01199375616168255
4952,0.372,0.06042237881929151,0.5189999999999999,0.10162974624257284,0.0925,0.1839121441394907,0.7763088989627533,0.0905,0.5144157318634238,0.12128413784108857,0.0025
4953,0.1605,0.091,0.6125,0.008499999999999999,0.013000000000000001,0.1097079714045081,0.8930666974684499,0.059,0.39925,0.3008377483443708,0.003
4954,0.7245,0.073,0.7394999999999999,0.03841172167648475,0.0965,0.09354795340492163,0.9904999999999999,0.10049999999999999,0.6579157318634238,0.2225590033275123,0.007000000000000001
4955,0.039,0.028000000000000004,0.906,0.019984693877551023,0.11200000000000002,0.2005118286591366,0.519281775429372,0.0465,0.7710412950115627,0.04690316205533597,0.002
4956,0.251,0.01340281089357979,0.5045,0.04233526975146494,0.076,0.38960644103198666,0.9447404654169361,0.06,0.5145659097043642,0.2397606967177925,0.0015
4957,0.006500000000000001,0.014500000000000002,0.5125,0.012000000000000002,0.0325,0.10499999999999998,0.782,0.147,0.4385,0.065,0.0
4958,0.357,0.11400000000000002,0.6005,0.085,0.09,0.24609645909645908,0.8533492139616399,0.13699999999999998,0.4100833333333334,0.2583079207920792,0.0355
4959,0.0895,0.008499999999999999,0.7420000000000001,0.075,0.06250000000000001,0.088,0.961,0.0335,0.3155,0.13549999999999998,0.0035000000000000005
4960,0.2915,0.023000000000000003,0.517,0.024944681628903474,0.048,0.05618855218855219,0.85,0.14550000000000002,0.246,0.396,0.003
4961,0.271,0.0965,0.6845,0.08081313840424668,0.10700000000000001,0.3656061600168422,0.761808786811733,0.048,0.45475000000000004,0.114850040478118,0.009
4962,0.2425,0.16788371564760082,0.7364999999999999,0.05997029702970297,0.14350000000000002,0.36868881412952065,0.4989691830573693,0.08299999999999999,0.56725,0.1599101638126382,0.0245
4963,0.1965,0.028000000000000004,0.544,0.09035557271801238,0.0905,0.08427383863080685,0.7968028481633047,0.03,0.3959995049504951,0.2647918454935622,0.003
4964,0.16,0.10600000000000001,0.6719999999999999,0.04288337209944807,0.13699999999999998,0.09704268458765646,0.8481178707224334,0.083,0.6003328935795954,0.20402797658177282,0.0045
4965,0.5269999999999999,0.0765,0.6864999999999999,0.07393615321291946,0.038,0.14760050142979103,0.9216909160892996,0.198,0.49775,0.38959046195176056,0.0015
4966,0.019,0.0,0.5615,0.04095499090725399,0.029000000000000005,0.1055,0.9595,0.004,0.25383333333333336,0.08585004047811799,0.0005
4967,0.22400000000000003,0.1705,0.759,0.06247029702970297,0.1135,0.0806888141295206,0.7977357807989603,0.16999999999999998,0.6037495049504951,0.22800000000000004,0.011493593955321946
4968,0.371,0.176,0.7494999999999999,0.013000000000000001,0.0875,0.06108591780024607,0.5652869266188727,0.13699999999999998,0.3470833333333334,0.442,0.0045
4969,0.3605,0.05449999999999999,0.6195,0.084,0.0755,0.17485387045813588,0.8544609664828382,0.19250000000000003,0.61025,0.1335,0.004
4970,0.065,0.058499999999999996,0.6605000000000001,0.036425287936956964,0.10400000000000001,0.3376920036175492,0.48819238010408184,0.069,0.272,0.0635,0.0025
4971,0.3585,0.05650000000000001,0.5349999999999999,0.04392035398230089,0.1115,0.13891822394707024,0.9415000000000001,0.2525,0.441,0.22349999999999998,0.15150000000000002
4972,0.0385,0.46799999999999997,0.9484999999999999,0.14939625041725166,0.1855,0.5268176830903403,0.48764044357971914,0.036000000000000004,0.8744999999999999,0.02083887043189369,0.013993756161682549
4973,0.458,0.17800000000000002,0.6595,0.08579541038215971,0.055999999999999994,0.4340690932639558,0.5231584163018201,0.1715,0.4063333333333333,0.290452087296637,0.016999999999999998
4974,0.458,0.0865,0.5664999999999999,0.03445499090725399,0.05550000000000001,0.1385,0.7914487145949959,0.2045,0.3875,0.3589039603960396,0.0155
4975,0.45599999999999996,0.06536148822770592,0.6035,0.05343968478480501,0.098,0.18991521197972966,0.8240000000000001,0.11100000000000002,0.4429237138905647,0.3148212278526317,0.0015
4976,0.3075,0.08900000000000001,0.7125,0.0747175531378538,0.0955,0.13891811733986206,0.905,0.1025,0.5393320140721196,0.32127386361611,0.015500000000000003
4977,0.633,0.0475,0.5145,0.12695499090725398,0.06899999999999999,0.22954889975550122,0.7230466691757621,0.33049999999999996,0.4994162269129288,0.1848377483443709,0.0025
4978,0.0815,0.21000000000000002,0.733,0.04197029702970297,0.036,0.15491788884343444,0.7496178707224335,0.32499999999999996,0.491,0.31083555419011577,0.0015
4979,0.45199999999999996,0.2585,0.6385,0.0805,0.136,0.31382273838630803,0.6608942690143884,0.181,0.6935,0.23199999999999998,0.0305
4980,0.2465,0.14639016610150007,0.6785,0.06331313840424668,0.155,0.2537797872257345,0.6376696029830831,0.14550000000000002,0.6355000000000001,0.22044687842278204,0.02449784625579854
4981,0.2605,0.286,0.752,0.07598469387755102,0.14700000000000002,0.5077626313995245,0.34456681034482756,0.211,0.34998333333333337,0.4322562814070352,0.03099363372606819
4982,0.24349999999999997,0.07888432107650938,0.6305,0.10074495658606489,0.0995,0.23327411477411478,0.9119180192736177,0.142,0.4456657318634239,0.1712540008741576,0.003
4983,0.010499999999999999,0.072,0.5740000000000001,0.0165,0.006500000000000001,0.17432267942598018,0.9435,0.005,0.27349999999999997,0.044,0.0005
4984,0.166,0.0655,0.5519999999999999,0.05689915966386555,0.0235,0.11204242264668804,0.9324999999999999,0.075,0.3414990099009901,0.24829184549356226,0.009
4985,0.10350000000000001,0.065,0.709,0.0465,0.053000000000000005,0.08800000000000001,0.9255000000000001,0.069,0.4585,0.187,0.0055
4986,0.043,0.027500000000000004,0.5730000000000001,0.033,0.031000000000000007,0.07035387045813586,0.9614999999999998,0.012,0.279,0.21949999999999997,0.001
4987,0.1325,0.1054238845144357,0.675,0.08346654340405676,0.10450000000000001,0.4271938687815312,0.4856848652898508,0.06799999999999999,0.3991643567255266,0.5132196401913036,0.008
4988,0.133,0.058499999999999996,0.7889999999999999,0.031928619111195884,0.137,0.17868913226621735,0.8275,0.042499999999999996,0.5983648164693871,0.08437883971857023,0.013493756161682548
4989,0.027999999999999997,0.017,0.659,0.074,0.0105,0.1155485646518654,0.9744006177961235,0.007000000000000001,0.2775,0.12349999999999998,0.004
4990,0.15,0.11310816940906906,0.602,0.19910187064014587,0.0645,0.26798162417041554,0.5911909160892994,0.15850000000000003,0.4387083333333333,0.18018970925071534,0.014500000000000002
4991,0.24400000000000005,0.11499999999999999,0.508,0.07139065101200386,0.061,0.10314428020565554,0.8859999999999999,0.099,0.42800000000000005,0.32999999999999996,0.007996858465608466
4992,0.11499999999999999,0.16499999999999998,0.687,0.03494059405940594,0.2165,0.33196157138451127,0.4726457109283196,0.0835,0.6833824175628628,0.11428926699760841,0.003
4993,0.356,0.0685,0.5189999999999999,0.08744059405940593,0.19149999999999998,0.4196631628719425,0.6924877818418892,0.13199999999999998,0.4881666666666667,0.14049143752373394,0.0045
4994,0.1405,0.07346194225721785,0.6555,0.07275782003315015,0.0615,0.1266515230855764,0.7310466691757622,0.092,0.5469999999999999,0.08383887043189368,0.0125
4995,0.36250000000000004,0.21998663594470041,0.6325000000000001,0.029331775700934582,0.07350000000000001,0.7484385518106468,0.7413774327567695,0.20400000000000001,0.4947137906647807,0.32199039254213613,0.017
4996,0.022000000000000002,0.066,0.499,0.0648658819963629,0.003,0.143,0.834,0.0375,0.417,0.10200000000000001,0.0
4997,0.3075,0.08994216053825468,0.5654999999999999,0.026500000000000003,0.0835,0.09779555909586445,0.8976909160892994,0.12,0.488,0.379,0.026493593955321942
4998,0.11499999999999999,0.096,0.701,0.05580633875865121,0.08349999999999999,0.21920750605977735,0.49251228886668486,0.131,0.5048495049504951,0.11998294288693648,0.005
4999,0.2485,0.167,0.6745,0.015943925233644858,0.08199999999999999,0.21656439111472667,0.7962808304565687,0.1065,0.49999956024626213,0.43594638949671777,0.03
5000,0.40049999999999997,0.15698663594470044,0.6725,0.09580449479575572,0.12399999999999997,0.9684999999999999,0.5636672351021227,0.145,0.4766666666666667,0.25013961689036573,0.0215
5001,0.09,0.02742388451443569,0.5825,0.009,0.026000000000000002,0.17904856465186542,0.522,0.049,0.44800000000000006,0.08249999999999999,0.001
5002,0.08499999999999999,0.12947396768402153,0.9075,0.0605,0.0885,0.23756229949028818,0.5611178707224335,0.517,0.4467495049504951,0.145,0.0045
5003,0.0935,0.033900911161731204,0.7144999999999999,0.03745673076923077,0.0445,0.0695,0.8905,0.028000000000000004,0.6905000000000001,0.03394638949671773,0.019999999999999997
5004,0.5725,0.08592327908552716,0.46950000000000003,0.03767248420108421,0.11850000000000001,0.29894035385278145,0.6261179828734538,0.2825,0.34858333333333336,0.33965355369106215,0.017499999999999998
5005,0.051000000000000004,0.09140091116173121,0.67,0.028000000000000004,0.0705,0.22595983560344388,0.6572404654169359,0.048,0.384,0.1,0.0005
5006,0.1095,0.031000000000000007,0.768,0.0385,0.0705,0.2338348588226661,0.6335466691757621,0.1075,0.555,0.1503388704318937,0.0115
5007,0.021,0.026500000000000003,0.46699999999999997,0.022000000000000002,0.006,0.137,0.8959999999999999,0.0085,0.27974950495049505,0.304,0.003
5008,0.22949999999999998,0.018999999999999996,0.48550000000000004,0.0315,0.076,0.11577155898261086,0.6964268818362072,0.1355,0.44325000000000003,0.11749999999999998,0.003
5009,0.1085,0.038,0.6649999999999999,0.024,0.009,0.12450000000000001,0.8540000000000001,0.0395,0.39899999999999997,0.2475,0.001
5010,0.036000000000000004,0.09841612822227623,0.4755,0.037,0.149,0.16473678173678172,0.4878338037684603,0.0295,0.40800000000000003,0.0695,0.009999999999999998
5011,0.363,0.11385964195719578,0.7155,0.041999999999999996,0.08950000000000001,0.13277411477411477,0.8472517477062478,0.1355,0.44000000000000006,0.2955,0.011981216863016186
5012,0.021,0.003,0.6865,0.0365,0.0015,0.13718913226621737,0.9875,0.0075,0.29050000000000004,0.06724203248722965,0.0
5013,0.37849999999999995,0.1875,0.642,0.05492528793695697,0.1085,0.2608649644196564,0.8655866955492149,0.1065,0.3665,0.17685083881882166,0.007000000000000001
5014,0.19549999999999998,0.2059096908773282,0.7165,0.03948469387755102,0.13899999999999996,0.38841712977698983,0.36715829787234033,0.198,0.379,0.23694638949671773,0.010993756161682551
5015,0.18449999999999997,0.2249223788192915,0.71,0.1003245686813579,0.175,0.535,0.39067495399951246,0.14500000000000002,0.44299999999999995,0.19739375684556407,0.02299571098647311
5016,0.35500000000000004,0.051000000000000004,0.6115,0.07391422226334783,0.1005,0.1784178888434344,0.9120000000000001,0.1015,0.57875,0.22590316205533595,0.0054935939553219446
5017,0.148,0.0355,0.668,0.04584564191925784,0.032,0.07477411477411477,0.938240465416936,0.047,0.511249504950495,0.1265,0.006
5018,0.07350000000000001,0.1132575806732112,0.7545,0.039970297029702964,0.0995,0.3898170718433964,0.33053700506610373,0.0725,0.27399999999999997,0.10467389167823951,0.002
5019,0.3,0.09993491585486339,0.6084999999999999,0.04992528793695697,0.068,0.07535410094637225,0.8615,0.1995,0.6295833333333334,0.19378695099979998,0.003
5020,0.7455,0.04,0.5345,0.0075000000000000015,0.0845,0.10082302158273382,0.804,0.5029999999999999,0.46024950495049505,0.188,0.008496776326665564
5021,0.34349999999999997,0.11200000000000002,0.5435,0.039904414733607105,0.0865,0.12145185188668806,0.6952359657469077,0.22999999999999998,0.46074950495049505,0.26635034989275735,0.027000000000000003
5022,0.382,0.1295,0.6559999999999999,0.06524792729129865,0.0865,0.7917374519440534,0.8435,0.15950000000000003,0.5070083333333333,0.2987808574985488,0.0305
5023,0.06999999999999999,0.0505,0.5894999999999999,0.033999999999999996,0.034,0.08227444987775061,0.923,0.077,0.6214999999999999,0.11924091039970683,0.009499999999999998
5024,0.056499999999999995,0.002,0.6235,0.043500000000000004,0.0195,0.11550000000000002,0.8270668824163969,0.0055,0.31949999999999995,0.095,0.004999999999999999
5025,0.313,0.056499999999999995,0.6209999999999999,0.033,0.0365,0.1285,0.8975000000000002,0.07949999999999999,0.469625,0.20400000000000001,0.005
5026,0.313,0.16699999999999998,0.6285000000000001,0.0805,0.0975,0.10111688754605179,0.7755,0.17250000000000001,0.5595,0.3095,0.006500000000000001
5027,0.3915,0.05280249845807768,0.6295,0.037000000000000005,0.0635,0.08668855218855219,0.884066882416397,0.15100000000000002,0.41550000000000004,0.21000000000000002,0.0025
5028,0.347,0.038,0.509,0.03848469387755102,0.0665,0.05918855218855219,0.9404999999999999,0.1545,0.3546666666666667,0.30040932444376767,0.003993593955321945
5029,0.0375,0.030500000000000006,0.533,0.04689891614089885,0.05550000000000001,0.0905,0.931,0.098,0.4585,0.13640316205533598,0.0015
5030,0.15899999999999997,0.08600000000000001,0.8184999999999999,0.034499999999999996,0.14950000000000002,0.20342403604747342,0.31434907935460554,0.136,0.727,0.10279184549356221,0.0185
5031,0.5255,0.045906393110238045,0.36050000000000004,0.019905047859851904,0.0615,0.2745432332125896,0.34469091608929947,0.24800000000000005,0.568049029514679,0.1757841378410886,0.0035000000000000005
5032,0.5235,0.24650000000000002,0.775,0.055943925233644866,0.0965,0.29235216773375516,0.8039999999999999,0.4365,0.21033283828382837,0.08161424490275115,0.0035000000000000005
5033,0.1345,0.099,0.786,0.03807095843739684,0.074,0.3592621781801039,0.4321179828734539,0.049,0.6021638610951052,0.30099951665896196,0.003
5034,0.2925,0.13046194225721788,0.7095,0.06057973929292759,0.10950000000000001,0.4147104450876541,0.5252952622895959,0.1125,0.5533333333333333,0.217,0.015
5035,0.10400000000000001,0.0325,0.5675000000000001,0.05748469387755102,0.02,0.10368913226621734,0.8845000000000001,0.05050000000000001,0.4570823979491741,0.15629059829059827,0.006500000000000001
5036,0.621,0.13989016610150007,0.8255000000000001,0.05647029702970298,0.09599999999999999,0.22510642682964713,0.796190546193405,0.059,0.7655000000000001,0.07430792079207921,0.006999999999999999
5037,0.374,0.2895,0.607,0.038,0.23500000000000001,0.20882905024283155,0.723,0.128,0.5716662269129288,0.29632150065558177,0.026500000000000003
5038,0.18,0.0735,0.7710000000000001,0.10200000000000001,0.14450000000000002,0.2575961829531512,0.9357404654169359,0.0685,0.4077995245641838,0.1285,0.005
5039,0.08700000000000001,0.06846194225721784,0.6725,0.04680570386272754,0.0875,0.34433427874500094,0.2185,0.1355,0.48425,0.11446328538985617,0.014499999999999999
5040,0.004,0.009973967684021545,0.409,0.020969387755102042,0.017,0.1313220681790364,0.925,0.011,0.29758283828382837,0.0445,0.0005
5041,0.5245,0.07728673793338477,0.716,0.06941422226334783,0.11549999999999998,0.182,0.8496179828734538,0.188,0.5036656765676567,0.2389039603960396,0.0015
5042,0.42499999999999993,0.2125,0.5414999999999999,0.04240645024262245,0.1135,0.23345123025010306,0.7448584482903898,0.618,0.5079999999999999,0.1685151541049592,0.0045
5043,0.502,0.0375,0.5245,0.08706395145237025,0.0645,0.09613604744383891,0.8745,0.134,0.4824166666666666,0.14096912463073918,0.003
5044,0.14500000000000002,0.1898476175869225,0.6824999999999999,0.024,0.091,0.27571358067363744,0.873,0.017,0.7210000000000001,0.15,0.001
5045,0.246,0.1525,0.7905,0.06977850147929357,0.156,0.4098640740806426,0.7035,0.1275,0.5305,0.27590050232407487,0.0315
5046,0.296,0.11000000000000001,0.7135,0.077,0.0835,0.19968913226621735,0.716079130779365,0.19450000000000003,0.6780000000000002,0.261,0.007993593955321945
5047,0.331,0.2144613368283093,0.6745,0.14137495111257486,0.11599999999999999,0.531496509508902,0.3855819353358462,0.2105,0.5559999999999999,0.2235420109618093,0.015
5048,0.396,0.064,0.7070000000000001,0.05249222797927461,0.0925,0.1966885521885522,0.6658835965905576,0.133,0.5526657318634237,0.2764346707456411,0.0055
5049,0.39399999999999996,0.12250000000000001,0.8190000000000002,0.041499999999999995,0.1155,0.39731677124556264,0.7321909160892994,0.1305,0.6718333333333333,0.1485,0.02
5050,0.5660000000000001,0.12246194225721785,0.6779999999999999,0.04692861911119588,0.10400000000000001,0.11296292890363538,0.9745000000000001,0.092,0.388,0.31283774834437084,0.003
5051,0.263,0.0675,0.679,0.12033033579680885,0.08750000000000001,0.1441231036295451,0.8210000000000001,0.068,0.4841666666666667,0.15528182473431462,0.002
5052,0.161,0.10490091116173121,0.5944999999999999,0.049,0.089,0.19923771388502182,0.9289999999999999,0.12000000000000002,0.4676662269129288,0.2526078057427964,0.005
5053,0.034499999999999996,0.047,0.5395,0.003,0.092,0.09482267942598017,0.46299999999999997,0.025,0.6433333333333333,0.156,0.006
5054,0.046,0.018461336828309305,0.647,0.10186003876710589,0.017499999999999998,0.10177411477411477,0.9339999999999999,0.023999999999999997,0.42633333333333334,0.09660404135227561,0.006500000000000001
5055,0.5105,0.077,0.647,0.07237254434484074,0.11300000000000002,0.16042899964841906,0.933617982873454,0.177,0.5669162269129288,0.32324170874041047,0.0055
5056,0.6125,0.042404102795472534,0.6960000000000001,0.005920353982300885,0.053000000000000005,0.18831679936177123,0.9995,0.051000000000000004,0.31329122691292877,0.3656502348434745,0.0015
5057,0.6165,0.0155,0.4625,0.04192528793695696,0.05349999999999999,0.14327411477411478,0.8738539486203616,0.0055,0.20854166666666668,0.13225400087415762,0.031
5058,0.0825,0.0395,0.571,0.05794059405940595,0.07250000000000001,0.3567320473421102,0.643352212542994,0.034499999999999996,0.21433283828382838,0.11500391860923745,0.0095
5059,0.2475,0.10633145982098671,0.6365000000000001,0.04592372321344283,0.0895,0.18065800658793363,0.8222357807989604,0.11399999999999999,0.616707892998679,0.14683692588657127,0.014961597098457213
5060,0.3355,0.05550000000000001,0.5705,0.052500000000000005,0.10400000000000001,0.166962390819359,0.8176909160892996,0.043,0.3895,0.139,0.01
5061,0.10800000000000001,0.041499999999999995,0.8285,0.049,0.0605,0.1045,0.8474999999999999,0.05800000000000001,0.30025,0.0925,0.014500000000000002
5062,0.19649999999999998,0.018000000000000002,0.5505,0.036,0.0395,0.1015,0.8560000000000001,0.0765,0.43633333333333335,0.20285034989275733,0.006999999999999999
5063,0.42800000000000005,0.053500000000000006,0.5,0.054000000000000006,0.0695,0.1609124701129968,0.8601135515921591,0.11750000000000001,0.2846666666666667,0.3923388704318937,0.019
5064,0.429,0.229,0.5675,0.05894468162890347,0.09200000000000001,0.9334999999999999,0.718636471392011,0.172,0.45275,0.3959353505366917,0.027975012221395878
5065,0.314,0.1564917574741548,0.849,0.2752895671529027,0.151,0.2523922539312755,0.9047404654169361,0.1575,0.6564162269129288,0.1178388704318937,0.0005
5066,0.11500000000000002,0.08549999999999999,0.6185,0.053500000000000006,0.1165,0.1345432332125896,0.6420668824163969,0.05349999999999999,0.5545,0.364,0.0025
5067,0.3415,0.3005,0.6595000000000001,0.07288785046728971,0.11000000000000001,0.39911082474733206,0.6033073478333331,0.2355,0.44625000000000004,0.46739375684556406,0.018493593955321946
5068,0.246,0.024,0.766,0.0034439252336448596,0.034999999999999996,0.13171578946978202,0.9495000000000001,0.057999999999999996,0.44049999999999995,0.10212946872249198,0.001
5069,0.14250000000000002,0.0325,0.36449999999999994,0.012,0.053000000000000005,0.10899999999999999,0.7384999999999999,0.026500000000000003,0.3305,0.3675,0.001
5070,0.4205,0.18687038438253692,0.6165,0.0635,0.11399999999999999,0.45499999999999996,0.6780213454489397,0.15999999999999998,0.48775,0.17840396039603962,0.016
5071,0.4535,0.025500000000000002,0.6725,0.04097029702970297,0.0595,0.081,0.892703352925089,0.052000000000000005,0.3675416666666667,0.16606212245137558,0.001
5072,0.6285000000000001,0.041,0.8400000000000001,0.020890651012003852,0.1115,0.18004856465186542,0.9946582978723404,0.12200000000000003,0.32700000000000007,0.5640000000000001,0.006500000000000001
5073,0.7769999999999999,0.04,0.6094999999999999,0.07774797987801998,0.06,0.17727411477411478,0.689,0.056499999999999995,0.42799999999999994,0.15914143710941994,0.0085
5074,0.01,0.049,0.5245,0.01441422226334783,0.0595,0.1125,0.7795,0.127,0.32775,0.07280632411067194,0.0
5075,0.3605,0.1075,0.6445000000000001,0.13242528793695696,0.091,0.22537496221647127,0.6053370056068625,0.177,0.5128328382838283,0.22985784394075917,0.0165
5076,0.0165,0.007000000000000001,0.493,0.029000000000000005,0.034999999999999996,0.16349744420849607,0.8480000000000001,0.0215,0.316,0.052000000000000005,0.005
5077,0.517,0.164,0.7525000000000001,0.03784125006228157,0.126,0.18592097688813028,0.8300000000000001,0.15299999999999997,0.6669656765676567,0.19649828163171074,0.019
5078,0.14150000000000001,0.05096194225721784,0.6020000000000001,0.057499999999999996,0.0975,0.23628364265342006,0.8099764311638437,0.052000000000000005,0.4272495049504951,0.2047057657749832,0.003
5079,0.20450000000000004,0.09200000000000001,0.747,0.044500000000000005,0.066,0.260972908542748,0.9116909160892994,0.097,0.5734999999999999,0.21450000000000005,0.001
5080,0.21349999999999997,0.078,0.7769999999999999,0.027999999999999997,0.11099999999999999,0.24668855218855218,0.7654373697554072,0.059,0.6074999999999999,0.1634773046326626,0.026990369215781674
5081,0.23700000000000002,0.008000000000000002,0.5635,0.03899999999999999,0.04000000000000001,0.099,0.952,0.039999999999999994,0.48,0.17450000000000002,0.002
5082,0.0125,0.009000000000000001,0.6715,0.05431813524834515,0.029500000000000005,0.0645,0.96,0.005,0.24900000000000003,0.11700000000000002,0.004
5083,0.22149999999999997,0.10198663594470045,0.6525000000000001,0.06846938775510203,0.0885,0.2952744498777506,0.49251199973464727,0.1925,0.6445000000000001,0.1495441315282465,0.018474531684768983
5084,0.425,0.12187680204620055,0.589,0.035500000000000004,0.08299999999999999,0.21228499708267182,0.6121848652898508,0.286,0.44837499999999997,0.20400000000000001,0.010496858465608466
5085,0.2045,0.135,0.6185,0.05299222797927461,0.121,0.215317309329839,0.6984735510119693,0.1365,0.57125,0.29650000000000004,0.01049375616168255
5086,0.0755,0.051899545970488084,0.5509999999999999,0.020499999999999997,0.043,0.10372360557768925,0.8029999999999999,0.08249999999999999,0.5765,0.15150000000000002,0.003
5087,0.1645,0.0225,0.5930000000000002,0.03296938775510204,0.0155,0.11627411477411478,0.7585,0.024,0.31858333333333333,0.2526295938379331,0.0
5088,0.479,0.2224292682926829,0.7805,0.062342841374543725,0.174,0.4565107966186458,0.6707062295520891,0.17350000000000002,0.5631656765676568,0.26383774834437085,0.0125
5089,0.05500000000000001,0.030500000000000006,0.4845,0.027500000000000004,0.002,0.18562855082412288,0.9344999999999999,0.0055,0.24183333333333334,0.0965,0.0
5090,0.521,0.0945,0.577,0.0485,0.1715,0.10527411477411477,0.9175000000000001,0.1335,0.421,0.2652417087404105,0.009
5091,0.434,0.11950000000000001,0.715,0.1276695671529027,0.1035,0.3376182390150391,0.7889847167420674,0.1585,0.6347491880102416,0.17346715870846105,0.0345
5092,0.0755,0.06439954597048808,0.6519999999999999,0.05600000000000001,0.09949999999999999,0.1675,0.3476179828734539,0.08,0.751,0.10625353323764822,0.001
5093,0.07300000000000001,0.0455,0.5225000000000001,0.20497029702970299,0.051000000000000004,0.07612821572048702,0.8697375852650616,0.0485,0.4657078382838284,0.1697055051952153,0.0015
5094,0.6970000000000001,0.038000000000000006,0.6335000000000001,0.00547029702970297,0.075,0.08696266696266697,0.9935,0.0725,0.509,0.3088377483443709,0.0015
5095,0.007000000000000001,0.0015,0.4725,0.02745499090725399,0.0225,0.10296358214396797,0.9610000000000001,0.009000000000000001,0.33433333333333337,0.027500000000000004,0.001
5096,0.0095,0.0175,0.9365,0.02942528793695696,0.10300000000000001,0.21104889975550126,0.019,0.007000000000000001,0.9804999999999999,0.012,0.003
5097,0.248,0.1635,0.6285,0.09838534988042666,0.0805,0.3555578537290004,0.7271336206896551,0.181,0.3761662269129288,0.2838495515520537,0.0165
5098,0.6045,0.0805,0.472,0.03150000000000001,0.066,0.23755364005888085,0.6841179828734539,0.219,0.531749504950495,0.157403162055336,0.0
5099,0.23600000000000004,0.0775,0.647,0.029420353982300883,0.0755,0.08068855218855218,0.8335000000000001,0.1345,0.46125,0.27149999999999996,0.0035000000000000005
5100,0.3155,0.0445,0.6719999999999999,0.031,0.05450000000000001,0.1214509277473198,0.9174999999999999,0.051500000000000004,0.37725000000000003,0.12012834663496914,0.006500000000000001
5101,0.298,0.35,0.719,0.08747029702970296,0.155,0.45188393077051164,0.525428501354361,0.18449999999999997,0.321,0.6707905982905983,0.025500000000000002
5102,0.016,0.03144216053825468,0.9564999999999999,0.0085,0.12,0.24239963341625476,0.07556688241639697,0.009000000000000001,0.983,0.021500000000000002,0.0025
5103,0.026000000000000002,0.013000000000000001,0.5439999999999999,0.058499999999999996,0.013000000000000001,0.14277444987775062,0.9406848652898508,0.0125,0.2610833333333334,0.04840316205533597,0.001
5104,0.0655,0.0185,0.5275,0.031,0.05249999999999999,0.09332267942598017,0.925,0.052000000000000005,0.48635,0.11540316205533596,0.004
5105,0.49749999999999994,0.041824795676166905,0.621,0.1028395102003048,0.0795,0.16999999999999998,0.8317359657469077,0.207,0.5382500000000001,0.17780632411067193,0.0045
5106,0.33049999999999996,0.21892926829268294,0.6505,0.0323658819963629,0.11399999999999999,0.22577940646702715,0.6377871345926981,0.2165,0.4412495049504951,0.30500000000000005,0.038
5107,0.205,0.0779359099412394,0.616,0.060999999999999985,0.0635,0.1357342265208666,0.7144268818362071,0.10450000000000001,0.49400000000000005,0.1353388704318937,0.008
5108,0.40499999999999997,0.0325,0.6180000000000001,0.02,0.0385,0.0715,0.8539999999999999,0.11950000000000001,0.37,0.36000000000000004,0.0015
5109,0.36249999999999993,0.1264406548431105,0.5345,0.06386503561120435,0.0945,0.16050000000000003,0.6435942290893503,0.11499999999999999,0.6090815184416982,0.15402210348053322,0.009
5110,0.131,0.08249999999999999,0.642,0.021,0.1145,0.15588111940616486,0.6805000000000001,0.0375,0.5085,0.4665,0.003
5111,0.41,0.0105,0.6515,0.07798469387755103,0.0625,0.20477946632443816,0.8795,0.06,0.3795,0.16999999999999998,0.0035000000000000005
5112,0.053500000000000006,0.0195,0.24699999999999997,0.01847029702970297,0.07100000000000001,0.15252714057655153,0.5663088989627534,0.0305,0.34116622691292875,0.067,0.0105
5113,0.14750000000000002,0.045,0.469,0.019399159663865545,0.037500000000000006,0.094,0.7165000000000001,0.1315,0.47008333333333335,0.32129184549356227,0.0025
5114,0.26599999999999996,0.05650000000000001,0.5545,0.034399159663865544,0.068,0.1617718351259188,0.8552763231197773,0.1785,0.53125,0.25079184549356226,0.001
5115,0.40199999999999997,0.4295,0.6935,0.052970297029702976,0.07450000000000001,0.37098128709012357,0.7999611460356452,0.20249999999999999,0.4217069715792194,0.4234309859154929,0.014000000000000002
5116,0.0165,0.008499999999999999,0.533,0.0305,0.033499999999999995,0.0967744498777506,0.908,0.0095,0.30333333333333334,0.079,0.001
5117,0.611,0.025,0.43550000000000005,0.026500000000000003,0.08399999999999999,0.07696239081935904,0.9348431631621914,0.19,0.3530000000000001,0.35550000000000004,0.009500000000000001
5118,0.032,0.002,0.6065,0.03899999999999999,0.0155,0.0895,0.9945,0.05550000000000001,0.30999999999999994,0.056850040478118015,0.0005
5119,0.1705,0.0605,0.606,0.03182543989905583,0.08149999999999999,0.053000000000000005,0.916,0.084,0.4675000000000001,0.18894638949671771,0.0075
5120,0.079,0.10739969929836284,0.737,0.034499999999999996,0.0685,0.21295016590276225,0.6314005056451033,0.12600000000000003,0.6450412950115626,0.082755,0.018
5121,0.2925,0.1325,0.6439999999999999,0.021257154281515922,0.11100000000000002,0.21032267942598018,0.6594999999999999,0.14499999999999996,0.400999504950495,0.346,0.007977882472130144
5122,0.0665,0.067960603628722,0.399,0.11290998181450798,0.1025,0.236817309329839,0.776,0.051500000000000004,0.44391573186342387,0.20764695937901806,0.002
5123,0.05950000000000001,0.061,0.7815000000000001,0.0045,0.09549999999999999,0.3999182239470703,0.122,0.073,0.252,0.11749999999999998,0.0005
5124,0.036,0.0235,0.5279999999999999,0.04868151665784497,0.0095,0.06185410094637225,0.9424999999999999,0.026999999999999996,0.5078333333333334,0.11212959383793308,0.003
5125,0.13799999999999998,0.09378651260481315,0.8955,0.16317912134695503,0.12050000000000001,0.24441222480895802,0.9445,0.10599999999999998,0.5930408559930475,0.06390316205533597,0.003
5126,0.018000000000000002,0.011500000000000002,0.46749999999999997,0.04429289832714163,0.009,0.11827411477411476,0.8879999999999999,0.009000000000000001,0.34483239794917403,0.11435923791091829,0.0
5127,0.26549999999999996,0.262,0.7699999999999999,0.05299999999999999,0.087,0.8055398784622423,0.7964006177961237,0.20800000000000002,0.5119999999999999,0.3505,0.0235
5128,0.008000000000000002,0.0075000000000000015,0.5065000000000001,0.016999999999999998,0.013000000000000001,0.1287744498777506,0.8859999999999999,0.004999999999999999,0.28683333333333333,0.18347730463266262,0.001
5129,0.31099999999999994,0.1899802182810368,0.5855,0.052954990907253995,0.08700000000000001,0.1436114257810373,0.7832542192767715,0.207,0.5177916666666667,0.28929642997483573,0.00997858337743918
5130,0.2575,0.082,0.5495,0.014000000000000002,0.057999999999999996,0.14527411477411478,0.663,0.0495,0.3735,0.25,0.0015
5131,0.48599999999999993,0.395,0.6655,0.058943925233644855,0.1,0.19212793957717908,0.7418477128729657,0.35,0.3287495049504951,0.5092905982905983,0.007493756161682551
5132,0.19549999999999995,0.1115,0.6695,0.00997029702970297,0.026500000000000003,0.1290204220946616,0.590066882416397,0.064,0.3530833333333333,0.479,0.008987350117004496
5133,0.3005,0.05398663594470047,0.5625,0.05633975372327149,0.0655,0.09346324704033213,0.8075433135802406,0.0675,0.5276249999999999,0.1419039603960396,0.0115
5134,0.14750000000000002,0.06399999999999999,0.5685,0.09949999999999999,0.046,0.14504856465186539,0.865,0.034499999999999996,0.40774999999999995,0.16199999999999998,0.0045000000000000005
5135,0.186,0.1,0.7110000000000001,0.06244059405940594,0.073,0.1419632470403321,0.9185000000000001,0.034,0.41400000000000003,0.12350000000000001,0.002
5136,0.826,0.0315,0.5035000000000001,0.039,0.061,0.19637768445476955,0.7595000000000001,0.4615,0.352,0.2537428308279333,0.0015
5137,0.377,0.1884421605382547,0.5705,0.08708424339892415,0.11600000000000002,0.15116590397503088,0.7201114881165074,0.14700000000000002,0.46758333333333335,0.16754962953248967,0.0235
5138,0.065,0.021500000000000002,0.5199999999999999,0.036,0.019499999999999997,0.09262832033588649,0.9740000000000002,0.0055,0.27849999999999997,0.0795,0.002
5139,0.0915,0.09292926829268293,0.8390000000000001,0.031,0.12049999999999998,0.2655,0.17450000000000002,0.057499999999999996,0.7577499999999999,0.11133774834437085,0.0075000000000000015
5140,0.020999999999999998,0.0015,0.5309999999999999,0.0445,0.026000000000000002,0.08577411477411476,0.923,0.01,0.21666666666666665,0.12685004047811801,0.012000000000000002
5141,0.16999999999999998,0.118,0.6449999999999999,0.032331283128312835,0.118,0.2046663211482894,0.7331848652898508,0.0875,0.4625,0.1358932679194998,0.0115
5142,0.0785,0.004999999999999999,0.7150000000000001,0.1525,0.013500000000000002,0.12527411477411476,0.9664999999999999,0.0465,0.223,0.1105,0.004
5143,0.028999999999999998,0.006999999999999999,0.616,0.022,0.009000000000000001,0.14477411477411478,0.924,0.005,0.34225000000000005,0.16690316205533598,0.0005
5144,0.3175,0.08900000000000001,0.7285,0.10589891614089886,0.0905,0.2074461701334643,0.7746179828734537,0.0605,0.6015828929986791,0.1607525523874646,0.0095
5145,0.32249999999999995,0.1429109353005886,0.6605,0.025470297029702972,0.11750000000000001,0.2737945877624008,0.21565816326530612,0.19749999999999998,0.5045490295146788,0.2777020266174963,0.008493756161682551
5146,0.44399999999999995,0.11344155510934614,0.7165,0.08612619828674843,0.0645,0.1430536756488654,0.9195,0.14850000000000002,0.624449504950495,0.3373809193026639,0.002993593955321945
5147,0.0665,0.031,0.6134999999999999,0.06041024425510576,0.0195,0.12216670380902608,0.8205,0.019,0.2835,0.07849999999999999,0.0034999999999999996
5148,0.28500000000000003,0.131403497366564,0.8009999999999999,0.08344059405940593,0.22949999999999998,0.48027411477411475,0.26563376483279394,0.26599999999999996,0.45899999999999996,0.2635,0.0085
5149,0.43150000000000005,0.14900000000000002,0.767,0.0415,0.11499999999999999,0.13606235183071175,0.9586179828734538,0.1,0.5335000000000001,0.2185024794787171,0.0095
5150,0.18,0.08092388451443569,0.5665,0.03149222797927461,0.0355,0.1405,0.8776101959966377,0.11750000000000001,0.45674950495049504,0.2582316812611465,0.004
5151,0.29500000000000004,0.062,0.644,0.12581927012319974,0.085,0.08127411477411477,0.8202577985056966,0.12899999999999998,0.5465,0.221,0.011
5152,0.022,0.0175,0.5805,0.073,0.0345,0.1355485646518654,0.9094999999999999,0.017,0.4030828935795954,0.11471108284741519,0.008
5153,0.562,0.04446194225721785,0.7969999999999999,0.09967378605453177,0.12350000000000001,0.3453662678557806,0.942,0.10999999999999999,0.6007495049504951,0.1345,0.0215
5154,0.497,0.0955,0.6020000000000001,0.053500000000000006,0.154,0.12050000000000001,0.9161584163018202,0.167,0.4641662269129287,0.2065,0.016
5155,0.27299999999999996,0.037500000000000006,0.8394999999999999,0.04433987916924052,0.078,0.18787794639573796,0.9804999999999999,0.026500000000000003,0.20783289299867896,0.15879726290783255,0.003
5156,0.030000000000000006,0.027000000000000003,0.5455,0.019499999999999997,0.027499999999999997,0.20550000000000002,0.8594999999999999,0.034,0.344,0.041,0.002
5157,0.0245,0.017,0.518,0.012389779794305961,0.062,0.1025,0.8379999999999999,0.0055,0.2445,0.20800000000000002,0.0005
5158,0.18450000000000003,0.05550000000000001,0.593,0.060625468480237844,0.0615,0.21151062036758858,0.9235,0.07449999999999998,0.49835783828382835,0.10320188359297669,0.0055000000000000005
5159,0.395,0.135,0.641,0.0904156183611424,0.1805,0.3964234232351139,0.4713299705342172,0.1975,0.3834986248621028,0.3793033214549954,0.017
5160,0.3325,0.018500000000000003,0.4575,0.028500000000000004,0.021,0.09962770908894271,0.8296179828734539,0.0225,0.28837499999999994,0.268,0.0005
5161,0.27199999999999996,0.052000000000000005,0.6495,0.037380278844210954,0.0385,0.044,0.8705,0.0885,0.4576995249406176,0.24882202619333538,0.0055
5162,0.1505,0.14692405497173355,0.5319999999999999,0.09824461022807852,0.051000000000000004,0.23627411477411475,0.5852825502229215,0.3715,0.5067055836384554,0.19863524578229494,0.006
5163,0.5065,0.1875,0.6965,0.04320622278404355,0.07100000000000001,0.41075637798252346,0.7736909160892994,0.1105,0.43233146314593124,0.32442737286848694,0.01899143949725101
5164,0.056999999999999995,0.23197396768402156,0.8055,0.01648469387755102,0.10200000000000001,0.1840248934754845,0.7196178707224334,0.4615,0.44074950495049503,0.3427428308279333,0.003
5165,0.045,0.031,0.53,0.022,0.05700000000000001,0.06568913226621735,0.9055,0.045,0.31825000000000003,0.19880632411067195,0.0045000000000000005
5166,0.261,0.0035000000000000005,0.7005,0.076,0.05900000000000001,0.1505,0.948740465416936,0.263,0.319,0.135,0.006
5167,0.285,0.18748021828103684,0.728,0.06026160404458245,0.1315,0.6671891322662175,0.5266208575588344,0.098,0.44350000000000006,0.2865,0.023485249260035444
5168,0.28,0.101,0.5495,0.036414222263347826,0.077,0.2749438585702567,0.7909313815062354,0.081,0.5498333333333333,0.21380632411067194,0.003
5169,0.1405,0.13531388420651938,0.6515000000000001,0.15545998775135245,0.147,0.4278169660389109,0.2105,0.128,0.4434,0.2406945586866379,0.008993593955321944
5170,0.0645,0.052500000000000005,0.627,0.019470297029702967,0.0105,0.11277444987775061,0.7050000000000001,0.038,0.569432892998679,0.08990316205533597,0.0005
5171,0.1315,0.1955,0.9014999999999999,0.05243478888705198,0.153,0.34588027966279344,0.603,0.22600000000000003,0.44383333333333336,0.493,0.022000000000000002
5172,0.027000000000000003,0.031,0.374,0.02198469387755102,0.0235,0.15,0.5970000000000001,0.013500000000000002,0.3575,0.044903162055335975,0.0
5173,0.591,0.013500000000000002,0.6014999999999999,0.0473328924495503,0.027500000000000004,0.139,0.8711522524680321,0.0305,0.3510416666666667,0.23034595087782486,0.004
5174,0.33249999999999996,0.0905,0.5479999999999999,0.09144392523364486,0.091,0.18267644526871657,0.8835000000000001,0.10300000000000001,0.38737499999999997,0.33199999999999996,0.031
5175,0.041,0.037,0.4779999999999999,0.0663715029666232,0.012,0.07477411477411477,0.9780000000000001,0.0085,0.3915,0.12175320253345397,0.0005
5176,0.7899999999999999,0.015000000000000003,0.6275000000000001,0.06298469387755103,0.055499999999999994,0.24654822954822958,0.7285,0.035500000000000004,0.352,0.10435083881882165,0.007000000000000001
5177,0.20049999999999998,0.1455,0.741,0.04185514286935286,0.071,0.25259657158793436,0.6669486425234266,0.0895,0.5267999999999999,0.23955985734832014,0.01449359185014788
5178,0.5865,0.0655,0.604,0.0615,0.09,0.13539073815073815,0.834,0.24450000000000002,0.50305,0.14869376034593426,0.009
5179,0.344,0.183,0.5835,0.09947029702970298,0.0955,0.1629040086738359,0.777534125609401,0.176,0.46108289299867894,0.3783471895165862,0.023
5180,0.3594676184295912,0.11946194225721785,0.511,0.016,0.0955,0.27216572836971553,0.5873088989627534,0.1865,0.314,0.203,0.0125
5181,0.0085,0.004999999999999999,0.536,0.035484693877551016,0.0105,0.089,0.9975000000000002,0.0025,0.24983333333333335,0.065850040478118,0.0005
5182,0.2369676184295912,0.15042237881929152,0.6565000000000001,0.0672554723256294,0.15550000000000003,0.9069148240387228,0.4740156907886445,0.1605,0.54775,0.23524091039970685,0.030500000000000006
5183,0.44349999999999995,0.12700000000000003,0.532,0.04391089108910891,0.096,0.19874834130572822,0.8831365835430314,0.22749999999999998,0.46049900990099013,0.26744687842278203,0.020493593955321947
5184,0.026500000000000003,0.0719238845144357,0.6585000000000001,0.0185,0.055499999999999994,0.098,0.667,0.031000000000000007,0.3928333333333333,0.25349999999999995,0.001
5185,0.309,0.133,0.7575000000000001,0.040999999999999995,0.11800000000000002,0.18546266696266694,0.8032188323903211,0.5345,0.69,0.14700000000000002,0.0055
5186,0.093,0.037000000000000005,0.546,0.04,0.068,0.13522333000997006,0.7819999999999999,0.0245,0.3506662269129287,0.14333774834437088,0.0045
5187,0.46399999999999997,0.0748610203766467,0.6365,0.0325,0.053000000000000005,0.1780787884126001,0.8326909160892993,0.127,0.4692133509110429,0.22562240007011686,0.016499999999999997
5188,0.023,0.029500000000000005,0.43900000000000006,0.068,0.0245,0.07268913226621734,0.917,0.011500000000000002,0.31624950495049503,0.23330632411067195,0.0005
5189,0.3635,0.121,0.48949999999999994,0.057499999999999996,0.1135,0.16481762746653578,0.929,0.1295,0.6500412269129288,0.22116509345515145,0.0055000000000000005
5190,0.29,0.17940410279547253,0.6359999999999999,0.07992437866235602,0.13600000000000004,0.7937966338967398,0.5465430382540614,0.13649999999999998,0.5825,0.17186047514929734,0.019
5191,0.0195,0.0225,0.545,0.02643968478480501,0.014499999999999999,0.1557741147741148,0.8514208310367586,0.034,0.39166622633201237,0.16283887043189366,0.002
5192,0.2395,0.067,0.7369999999999999,0.07416462355276153,0.12400000000000003,0.3177857140931356,0.647065537149825,0.09000000000000001,0.4875,0.1284629349470499,0.012
5193,0.45200000000000007,0.236,0.6765000000000001,0.04085814749699269,0.0865,0.321591521721147,0.8742404654169361,0.09100000000000001,0.5956245596653457,0.287814384011169,0.039496858465608464
5194,0.021,0.013000000000000001,0.6119999999999999,0.008499999999999999,0.0305,0.1555,0.8714999999999999,0.013500000000000002,0.2793333333333333,0.06440316205533597,0.0005
5195,0.0155,0.06340410279547253,0.5335000000000001,0.07173871483089969,0.06,0.12250000000000001,0.885,0.02,0.32258333333333333,0.11435083881882165,0.0105
5196,0.2475,0.05,0.551,0.07489558496665993,0.12799999999999997,0.1155,0.8751909160892994,0.09,0.4560416666666667,0.17033249443899018,0.0115
5197,0.3115,0.1594421605382547,0.6910000000000001,0.056956730769230766,0.15350000000000003,0.3027233300099701,0.70279841688201,0.1095,0.5577495049504951,0.14435034989275736,0.018
5198,0.11099999999999999,0.047,0.4535,0.010413312988746901,0.15050000000000002,0.1265,0.6984999999999999,0.0465,0.56125,0.28450000000000003,0.002
5199,0.09699999999999999,0.047,0.6385000000000001,0.01841422226334783,0.10499999999999998,0.11570877714973879,0.9451909160892995,0.0615,0.58,0.09814014984265199,0.0015
5200,0.156,0.06,0.6795,0.0305,0.6559999999999999,0.23435149566696195,0.8135466691757621,0.1285,0.5855829616782293,0.13244779826221284,0.0045000000000000005
5201,0.3105,0.037,0.43,0.0024549909072539905,0.041,0.091,0.5406179828734539,0.015000000000000003,0.30100000000000005,0.3627145071285113,0.0005
5202,0.28300000000000003,0.09,0.717,0.07633617902606586,0.07649999999999998,0.12927411477411477,0.933,0.0305,0.305332892998679,0.14335083881882166,0.013000000000000001
5203,0.015000000000000003,0.023,0.6755000000000001,0.034459987751352464,0.027000000000000003,0.18237794639573793,0.79,0.0085,0.24483333333333332,0.11390316205533597,0.0
5204,0.612,0.08149999999999999,0.7745,0.024323473050684406,0.16199999999999998,0.23093971814878453,0.9156179828734539,0.07750000000000001,0.5528490651967571,0.22752957687897296,0.0055
5205,0.075,0.041999999999999996,0.392,0.03380889795540683,0.0295,0.1842744498777506,0.8535,0.052500000000000005,0.5825,0.11089758440313609,0.0005
5206,0.24900000000000003,0.1824613368283093,0.681,0.0605,0.079,0.11168888096008178,0.8849486425234264,0.101,0.6130000000000001,0.1615,0.004999999999999999
5207,0.007999999999999998,0.05438399372935119,0.5515000000000001,0.05847029702970297,0.0365,0.11950000000000001,0.9005000000000001,0.0225,0.46524950495049505,0.027688910910011695,0.0025
5208,0.25,0.06599999999999999,0.7120000000000001,0.06789065101200384,0.059,0.1979018238630575,0.9286909160892994,0.033999999999999996,0.563,0.1035,0.0045
5209,0.0865,0.18993590994123938,0.8400000000000001,0.006,0.08,0.175497720351804,0.5349999999999999,0.4295,0.41800000000000004,0.2585,0.003
5210,0.288,0.17013550755465617,0.6575,0.07235731257998916,0.10200000000000001,0.3944861403722101,0.6901909160892994,0.19449999999999998,0.5415000000000001,0.20029059829059825,0.0324520845121479
5211,0.03899999999999999,0.0085,0.583,0.09088974173740291,0.0215,0.12449999999999999,0.9775,0.0,0.462,0.07979722831553937,0.0
5212,0.384,0.09,0.558,0.031,0.14500000000000002,0.20069550011979786,0.7084670853543329,0.1475,0.41600000000000004,0.317903162055336,0.06699375616168254
5213,0.033,0.0185,0.5189999999999999,0.049,0.0155,0.15327411477411476,0.9576179828734539,0.1315,0.261,0.24025320253345397,0.007490369215781677
5214,0.025,0.0195,0.6695,0.036470297029702975,0.015500000000000003,0.13899999999999998,0.8595,0.0305,0.5375,0.051000000000000004,0.0005
5215,0.23700000000000002,0.13644216053825467,0.751,0.08224629792213348,0.1335,0.35518913226621734,0.5810634364670075,0.0685,0.555374504950495,0.22883555419011575,0.015
5216,0.20099999999999998,0.07330501395720374,0.85,0.1308581474969927,0.0935,0.1960838299834211,0.9504999999999999,0.0755,0.5249161716171618,0.11233774834437087,0.003
5217,0.13199999999999998,0.062,0.4135,0.00948469387755102,0.0475,0.12554633306034907,0.9055000000000002,0.0125,0.194082892998679,0.33631395706428535,0.0
5218,0.0075,0.0095,0.4805,0.04246938775510204,0.019,0.1095485646518654,0.9594999999999999,0.0025,0.34858333333333336,0.07090316205533596,0.0005
5219,0.1125,0.2024091592265616,0.76,0.03989915966386555,0.11699999999999999,0.25910180698509977,0.9385,0.05499999999999999,0.545,0.21058244378416052,0.012993591850147878
5220,0.1115,0.07546194225721785,0.669,0.049883610018449875,0.0915,0.3306885521885522,0.317,0.1285,0.44400000000000006,0.094,0.016499999999999997
5221,0.5475,0.006,0.5209999999999999,0.04248469387755102,0.0325,0.13027411477411477,0.874,0.0015,0.23229166666666665,0.14675400087415763,0.006500000000000001
5222,0.7190000000000001,0.017,0.6365000000000001,0.027992227979274607,0.0975,0.13438078579912935,0.9644999999999999,0.12450000000000001,0.4486662269129288,0.3186502348434745,0.0045000000000000005
5223,0.0315,0.02648021828103684,0.538,0.0185,0.096,0.20800000000000002,0.0415,0.01,0.7195,0.07277263239494884,0.0015
5224,0.35150000000000003,0.19349999999999998,0.6785,0.055970297029702964,0.076,0.13790243511000125,0.737308786811733,0.198,0.4641662263320123,0.39630632411067196,0.010499999999999999
5225,0.329,0.1254367637952673,0.6215,0.08889065101200386,0.0765,0.19149999999999998,0.9326848652898508,0.0695,0.5820000000000001,0.14090396039603958,0.019496776326665567
5226,0.0035000000000000005,0.0175,0.577,0.033999999999999996,0.0185,0.1445,0.7646179828734538,0.010499999999999999,0.4455,0.0645,0.0
5227,0.549,0.20400000000000001,0.6639999999999999,0.06291615595579768,0.1325,0.44345674841739086,0.7636909160892994,0.188,0.49050000000000005,0.28333442572209966,0.027000000000000003
5228,0.0085,0.004,0.5399999999999999,0.051484693877551016,0.003,0.13327411477411477,0.9555,0.009,0.4410833333333334,0.07090316205533596,0.0025
5229,0.24349999999999997,0.07888432107650938,0.6305,0.10074495658606489,0.0995,0.23327411477411478,0.9119180192736177,0.142,0.4456657318634239,0.1712540008741576,0.003
5230,0.0175,0.005,0.5845,0.0335,0.0375,0.11000000000000001,0.8425,0.013000000000000001,0.29400000000000004,0.125,0.002
5231,0.6910000000000001,0.1155,0.644,0.017443925233644863,0.08199999999999999,0.31981615995229207,0.8673088989627533,0.3865,0.3295407318634238,0.3638094246449489,0.004999999999999999
5232,0.20350000000000001,0.048,0.4495,0.1354743845992005,0.023,0.16311703336362107,0.8346179828734538,0.027999999999999997,0.26545833333333335,0.23090316205533598,0.007000000000000001
5233,0.08499999999999999,0.12947396768402153,0.9075,0.0605,0.0885,0.23756229949028818,0.5611178707224335,0.517,0.4467495049504951,0.145,0.0045
5234,0.135,0.0825,0.611,0.028499999999999998,0.039,0.1265115261563534,0.7597826349226697,0.189,0.5415,0.225,0.004
5235,0.02,0.0258247956761669,0.5045,0.033,0.013500000000000002,0.09196239081935904,0.9800000000000001,0.006500000000000001,0.337,0.2415,0.002
5236,0.199,0.0615,0.8535,0.051000000000000004,0.035500000000000004,0.1086243749012767,0.8995,0.5439999999999999,0.32,0.5690000000000001,0.0025
5237,0.0105,0.0,0.5855,0.012970297029702971,0.0375,0.17459682680094754,0.825,0.0115,0.2005828382838284,0.022,0.0
5238,0.5485,0.05950000000000001,0.483,0.04482411408795588,0.1265,0.0806885521885522,0.858617982873454,0.22349999999999998,0.41050000000000003,0.2669039603960396,0.02
5239,0.39749999999999996,0.021500000000000002,0.6985,0.0455,0.0905,0.1490597820640582,0.967,0.1405,0.627332892998679,0.08633774834437087,0.006999999999999999
5240,0.027000000000000003,0.006999999999999999,0.55,0.0245,0.006500000000000001,0.148,0.8074999999999999,0.003,0.39979952456418383,0.034999999999999996,0.0
5241,0.011,0.0115,0.5345000000000001,0.030500000000000006,0.0215,0.14500000000000002,0.6941179828734538,0.0125,0.5105000000000001,0.073,0.0
5242,0.3,0.07799775121831298,0.714,0.0513658819963629,0.0985,0.3189723163956252,0.913,0.028000000000000004,0.6295,0.14540396039603962,0.0055
5243,0.37349999999999994,0.008499999999999999,0.4305,0.02542035398230088,0.037,0.059,0.8859999999999999,0.0505,0.42650000000000005,0.21050000000000005,0.003
5244,0.16699999999999998,0.055499999999999994,0.6975,0.04382594393983259,0.0745,0.0718773663180728,0.9073538364693411,0.0895,0.6138741340306136,0.16664998609963422,0.0085
5245,0.36699999999999994,0.17400000000000002,0.5845,0.0455,0.1505,0.26119971064041714,0.5592983448104406,0.16,0.5545000000000001,0.32249999999999995,0.02898125819224461
5246,0.13399999999999998,0.040999999999999995,0.7595000000000001,0.04739558496665992,0.08299999999999999,0.1837741147741148,0.8705,0.0475,0.46374999999999994,0.11940316205533597,0.013496775260459731
5247,0.0325,0.0205,0.659,0.057499999999999996,0.0365,0.11435410094637224,0.9155,0.0165,0.16899999999999998,0.14100000000000001,0.0005
5248,0.3685,0.10899999999999999,0.7175,0.0245,0.08049999999999999,0.12174278929203734,0.894066882416397,0.035500000000000004,0.388,0.3224039603960396,0.0035000000000000005
5249,0.1345,0.19649999999999998,0.6900000000000001,0.34132749773073956,0.101,0.2595276131058023,0.8351179828734538,0.058499999999999996,0.5753820813215258,0.2105,0.006
5250,0.20600000000000002,0.0735,0.6449999999999999,0.0615,0.0725,0.16525765054576474,0.6610987287593786,0.181,0.6245833333333334,0.1921161879486663,0.013500000000000002
5251,0.5125,0.13999999999999999,0.5845,0.06670715864739249,0.077,0.303137656190694,0.7948026632153574,0.27749999999999997,0.43491666666666673,0.39642075047317904,0.041
5252,0.3525,0.029500000000000005,0.5539999999999999,0.02642035398230088,0.11750000000000001,0.11477383863080685,0.9675668824163971,0.193,0.51325,0.2833063241106719,0.0125
5253,0.064,0.0505,0.6075,0.039381188118811875,0.1,0.2015,0.9056179828734539,0.053000000000000005,0.3744990099009901,0.12844687842278205,0.0025
5254,0.057499999999999996,0.015500000000000003,0.61,0.0235,0.066,0.18833313483196462,0.681,0.057499999999999996,0.34175,0.07949999999999999,0.0
5255,0.3775,0.2018113507548654,0.7050000000000001,0.06256651537683718,0.11000000000000001,0.4089559391007507,0.7377358535958873,0.207,0.6398990651967571,0.3108814090540834,0.0045
5256,0.4845,0.2924866359447004,0.7285,0.06973993913172087,0.1105,0.3074407232698045,0.5864936521015838,0.30650000000000005,0.4494999999999999,0.3918500404781181,0.022
5257,0.5980000000000001,0.5465,0.8550000000000001,0.033,0.14450000000000002,0.4147082807410474,0.47351477285071863,0.35150000000000003,0.31900000000000006,0.645,0.22248327137214682
5258,0.604,0.053500000000000006,0.5265000000000001,0.03997029702970297,0.0905,0.17326070988255693,0.8542375852650617,0.1485,0.28533289357959546,0.46525959594647964,0.0055
5259,0.33399999999999996,0.13087427461379544,0.6859999999999999,0.13735733916873719,0.053000000000000005,0.177,0.9004999999999999,0.19349999999999998,0.52115,0.292903162055336,0.009000000000000001
5260,0.26349999999999996,0.16799999999999998,0.45499999999999996,0.08916879974985635,0.073,0.3179040825904121,0.6489921889361525,0.155,0.42830633436090804,0.23587657754200997,0.0125
5261,0.3,0.1209937676434428,0.5175,0.10694059405940595,0.0635,0.19577411477411477,0.6725000000000001,0.1405,0.5805,0.215,0.0055
5262,0.43600000000000005,0.066,0.5655,0.017000000000000005,0.10200000000000001,0.19664606106298213,0.5581179828734538,0.122,0.5599999999999999,0.16879059829059828,0.0165
5263,0.0625,0.03792388451443569,0.6214999999999999,0.01997029702970297,0.03150000000000001,0.16604856465186538,0.46349999999999997,0.06949999999999999,0.45462500000000006,0.06423810836686854,0.0
5264,0.3225,0.0795,0.596,0.09698469387755103,0.081,0.19754822954822954,0.5845343826289177,0.26349999999999996,0.46699999999999997,0.265,0.007000000000000001
5265,0.13199999999999998,0.0855,0.6205,0.028499999999999998,0.0155,0.17877444987775062,0.6269312346477052,0.048,0.6239999999999999,0.076,0.0005
5266,0.027500000000000004,0.006999999999999999,0.545,0.0315,0.011000000000000001,0.11599999999999999,0.9701179828734539,0.025500000000000002,0.31250000000000006,0.1275,0.0015
5267,0.25946761842959115,0.1409223788192915,0.723,0.055884519293050806,0.1555,0.9540306541670116,0.46986389783575894,0.10900000000000001,0.6355000000000001,0.16949999999999998,0.013000000000000001
5268,0.559,0.0395,0.5494999999999999,0.04947029702970297,0.0645,0.08449999999999999,0.7802359657469078,0.17049999999999998,0.5646898425262153,0.23030259236326742,0.0
5269,0.055499999999999994,0.07034826683332743,0.5995,0.029940594059405946,0.021500000000000002,0.1455485646518654,0.5660000000000001,0.0645,0.4632495049504951,0.0997428308279333,0.005
5270,0.0805,0.028500000000000004,0.5145,0.053405047859851895,0.0195,0.12,0.9335000000000001,0.0335,0.45,0.195,0.002
5271,0.0685,0.04490091116173121,0.5635,0.04185148514851485,0.0725,0.19099764452745552,0.8141179828734538,0.04650000000000001,0.3969990099009901,0.09044687842278203,0.0045
5272,0.019999999999999997,0.043,0.4645,0.0075000000000000015,0.278,0.16799999999999998,0.5175,0.003,0.41983333333333334,0.22979184549356227,0.0
5273,0.14049999999999999,0.298,0.7484999999999999,0.044248836565899584,0.0965,0.4003603676779967,0.4802448114460273,0.26,0.5394157318634238,0.20680969744789893,0.0175
5274,0.1105,0.07050000000000001,0.627,0.027970297029702974,0.05700000000000001,0.1993902973467289,0.7426179828734539,0.07799999999999999,0.4832142857142857,0.1588094246449489,0.004493593955321945
5275,0.025500000000000002,0.014500000000000002,0.4800000000000001,0.06839376641745808,0.019499999999999997,0.14427411477411478,0.9630000000000001,0.017499999999999998,0.22574955966534568,0.0736406387687163,0.002
5276,0.07949999999999999,0.022,0.5615,0.027000000000000003,0.022,0.10704300272435321,0.9301179828734538,0.0215,0.36649999999999994,0.2198388704318937,0.002
5277,0.352,0.1345,0.64,0.032826308543334716,0.0895,0.1066862725403562,0.7429478664393077,0.132,0.5784995049504951,0.33942714590029166,0.0125
5278,0.32299999999999995,0.23399999999999999,0.7275,0.046943925233644865,0.0665,0.8100522577398017,0.8719006177961237,0.1695,0.5069999999999999,0.37649999999999995,0.02
5279,0.057499999999999996,0.006,0.5815,0.024,0.0225,0.07550000000000001,0.952,0.0315,0.3993333333333333,0.07575320253345397,0.0
5280,0.001,0.0025,0.5365,0.02447029702970297,0.0175,0.1242744498777506,0.9489999999999998,0.0075,0.4074999999999999,0.06849999999999999,0.0
5281,0.14900000000000002,0.1679601092149155,0.5549999999999999,0.09878789573361506,0.16999999999999998,0.5650666250287083,0.5165943948393718,0.16250000000000003,0.35550000000000004,0.139,0.017993593955321945
5282,0.5565,0.15548663594470044,0.6395,0.013000000000000001,0.08299999999999999,0.2800272037152546,0.8107077850897028,0.33799999999999997,0.42799999999999994,0.4035066254250236,0.0205
5283,0.0105,0.004473967684021544,0.47750000000000004,0.058827403148478105,0.0055,0.13927411477411475,0.9345000000000001,0.021,0.35020734323432345,0.06380632411067194,0.0005
5284,0.0675,0.13478281176502896,0.853,0.025414978658606445,0.0645,0.21636737964700886,0.5365,0.534,0.5079999999999999,0.11850000000000001,0.00599375616168255
5285,0.15100000000000002,0.14500000000000002,0.703,0.0315,0.14950000000000002,0.18177383863080684,0.5723539486203616,0.07300000000000001,0.48,0.3009031620553359,0.009500000000000001
5286,0.396,0.1065,0.5720000000000001,0.08012563789734961,0.1425,0.5925808794737446,0.8059999999999998,0.1275,0.47016622691292875,0.16091729032028912,0.005
5287,0.3925,0.10311720366799546,0.576,0.11213195136062537,0.08800000000000001,0.22709682680094753,0.6395,0.24000000000000005,0.4264143567255266,0.2816877888224888,0.002
5288,0.3735,0.1295,0.7220000000000001,0.02790998181450798,0.188,0.16949999999999998,0.8185,0.0785,0.46541617161716176,0.2849036651529133,0.018500000000000003
5289,0.257,0.027999999999999997,0.48550000000000004,0.034891805933170636,0.029000000000000005,0.13122360557768925,0.8696848652898508,0.1475,0.553375,0.3193377483443709,0.006
5290,0.021500000000000002,0.0075,0.701,0.034,0.02,0.12868913226621737,0.9865,0.0025,0.3544999999999999,0.06524203248722965,0.0
5291,0.41550000000000004,0.0955,0.6965,0.06449999999999999,0.10250000000000001,0.0850429963209489,0.8897577985056964,0.128,0.5926250000000001,0.2199039603960396,0.002
5292,0.0765,0.10900000000000001,0.613,0.03833617902606587,0.05,0.1355,0.588,0.0415,0.5977495049504951,0.05947424096304944,0.0035000000000000005
5293,0.0075,0.018,0.5535,0.041999999999999996,0.0695,0.11750000000000001,0.9550000000000001,0.0045,0.35674950495049507,0.16699999999999998,0.0005
5294,0.021500000000000002,0.060400911161731206,0.5735,0.006,0.04,0.1585,0.6489999999999999,0.032999999999999995,0.45099999999999996,0.038,0.001
5295,0.006,0.004,0.6445,0.044500000000000005,0.009999999999999998,0.08527411477411476,0.9780000000000001,0.0025,0.28049999999999997,0.1325,0.0015
5296,0.3165,0.2184541859650584,0.6705000000000001,0.09494059405940594,0.1285,0.027000000000000003,0.6977062107387907,0.12900000000000003,0.5348800175777095,0.18597838711308717,0.0385
5297,0.1125,0.1395,0.6775,0.061970297029702984,0.08399999999999999,0.20921784417992756,0.5301178707224335,0.0475,0.34666622691292875,0.1222905982905983,0.007993633726068197
5298,0.2015,0.07200000000000001,0.6445,0.03348469387755102,0.057999999999999996,0.14446292890363538,0.8640000000000001,0.12250000000000001,0.5185,0.2540255621254528,0.004
5299,0.020999999999999998,0.041999999999999996,0.651,0.02,0.008499999999999999,0.2126919559706689,0.8226179828734537,0.009999999999999998,0.4893333333333333,0.05450000000000001,0.0005
5300,0.11400000000000002,0.03846194225721784,0.7795,0.04047029702970297,0.11299999999999999,0.16974954121113286,0.773,0.042499999999999996,0.49406622691292873,0.09698982254772888,0.015000000000000003
5301,0.0995,0.055999999999999994,0.7070000000000001,0.050970297029702974,0.0375,0.189,0.8390000000000001,0.068,0.49849999999999994,0.14180712245137556,0.0044817249118307145
5302,0.17650000000000002,0.09100000000000001,0.7855000000000001,0.10748469387755102,0.0835,0.1745971619045834,0.5631909160892995,0.063,0.557,0.087,0.009000000000000001
5303,0.1405,0.13531388420651938,0.6515000000000001,0.15545998775135245,0.147,0.4278169660389109,0.2105,0.128,0.4434,0.2406945586866379,0.008993593955321944
5304,0.095,0.041999999999999996,0.5275000000000001,0.025500000000000002,0.0805,0.2227194975608615,0.07627628614093457,0.0805,0.5695,0.1025,0.003
5305,0.164,0.10200000000000001,0.7719999999999999,0.030414222263347827,0.039,0.12828010507897786,0.8878213357985428,0.063,0.5028333333333332,0.1282905982905983,0.010992138575618678
5306,0.0925,0.024,0.5255000000000001,0.0405,0.038,0.1056284952003184,0.9720000000000001,0.0175,0.36700000000000005,0.1647905982905983,0.003
5307,0.6725,0.0455,0.6955,0.048,0.068,0.08127411477411478,0.9834999999999999,0.11750000000000001,0.48362499999999997,0.17940316205533596,0.005
5308,0.11700000000000002,0.023,0.3205,0.05532087290361689,0.119,0.29859124923952185,0.7511336927612247,0.0355,0.4334986248621028,0.23979691890090002,0.0055
5309,0.2355,0.13399999999999998,0.7084999999999999,0.13838,0.1105,0.195752230016453,0.45330875210422317,0.10699999999999998,0.5415,0.2376502348434745,0.0165
5310,0.0815,0.13006060866721258,0.5940000000000001,0.358925287936957,0.0905,0.26904828850855744,0.8930668103448276,0.025500000000000002,0.5814999999999999,0.09849999999999999,0.016499999999999997
5311,0.129,0.11546194225721784,0.778,0.0639293755064545,0.11749999999999998,0.14360728227195832,0.7212637101814161,0.0965,0.49124999999999996,0.26330632411067195,0.014463147415609987
5312,0.016999999999999998,0.012,0.554,0.023,0.004999999999999999,0.14446358214396798,0.9719999999999999,0.004,0.3203333333333333,0.074,0.0005
5313,0.0055000000000000005,0.0195,0.6655000000000001,0.010970297029702971,0.023,0.2081888141295206,0.8574999999999999,0.005,0.2948333333333334,0.08390316205533596,0.0
5314,0.018500000000000003,0.015000000000000003,0.6054999999999999,0.17589065101200388,0.016,0.09,0.8557375852650615,0.0055000000000000005,0.514,0.125,0.0005
5315,0.7470000000000001,0.0215,0.5469999999999999,0.0175,0.053000000000000005,0.08077411477411478,0.8895,0.184,0.3234583333333333,0.1574039603960396,0.0085
5316,0.5035000000000001,0.0622857159812474,0.5305,0.1154125198635253,0.1115,0.20873736181444688,0.8150000000000001,0.141,0.4512074532449411,0.19036775685084445,0.0085
5317,0.0975,0.12998021828103684,0.6119999999999999,0.03745009500950095,0.139,0.3331139624603348,0.44366775623007254,0.07799999999999999,0.6415000000000001,0.14044638949671773,0.0015
5318,0.198,0.051180973312645095,0.52,0.06944377235430255,0.099,0.14818881412952062,0.8926179828734538,0.1115,0.39121575147711257,0.221,0.008
5319,0.2225,0.14494216053825468,0.7145,0.04896252500897759,0.16950000000000004,0.95,0.5997691353527463,0.0915,0.5143833333333333,0.1938321919817259,0.023
5320,0.631,0.051473967684021536,0.7325,0.04842035398230088,0.091,0.1322741147741148,0.898,0.1325,0.6110416666666667,0.1925,0.0015
5321,0.34450000000000003,0.2744344042460952,0.7125000000000001,0.039809807230007765,0.1375,0.991,0.49630018809202864,0.202,0.4756250000000001,0.27199999999999996,0.0385
5322,0.2655,0.147,0.6975,0.045,0.11700000000000002,0.2497089665411107,0.5423757813791503,0.1725,0.5820000000000001,0.2545,0.0025
5323,0.0655,0.10247396768402155,0.9075000000000001,0.023,0.12149999999999998,0.17360439137681857,0.5776178707224335,0.572,0.4885,0.121,0.007000000000000001
5324,0.0245,0.013000000000000001,0.522,0.07494059405940594,0.02,0.10885438042620363,0.9855,0.022,0.4446662269129288,0.08634955155205368,0.002
5325,0.45999999999999996,0.09897839341885525,0.4455,0.06597029702970297,0.0975,0.45088310004653503,0.2936628475831149,0.3315,0.4130495245641838,0.41899999999999993,0.013500000000000002
5326,0.1365,0.076,0.5885,0.06638779853429283,0.0865,0.17154889975550122,0.8129764311638438,0.07450000000000001,0.41608239794917407,0.14740396039603962,0.038
5327,0.10300000000000001,0.0615,0.7985,0.024999999999999998,0.063,0.1674630020663028,0.818,0.087,0.5925,0.093,0.0095
5328,0.002,0.0165,0.44250000000000006,0.01597029702970297,0.013000000000000001,0.14350000000000002,0.7885000000000002,0.0034999999999999996,0.3265,0.08349999999999999,0.0005
5329,0.088,0.052000000000000005,0.44350000000000006,0.030802072730637554,0.018000000000000002,0.17201062036758857,0.9335000000000001,0.0325,0.47375,0.16503263077782795,0.0035000000000000005
5330,0.004999999999999999,0.017499999999999998,0.568,0.03748469387755102,0.05700000000000001,0.09627411477411477,0.9410000000000001,0.0075,0.2851666666666667,0.12285004047811801,0.013999999999999999
5331,0.43900000000000006,0.0755,0.6175,0.04044059405940594,0.099,0.12796266696266695,0.4405,0.148,0.3868333333333333,0.3789652845067116,0.002
5332,0.1285,0.08049999999999999,0.5845,0.021875344889554876,0.0835,0.158145115309505,0.693,0.0775,0.4832495049504951,0.32650000000000007,0.011000000000000001
5333,0.327,0.261,0.7809999999999999,0.045,0.078,0.5379883116280956,0.7675186006695776,0.21749999999999997,0.5457500000000001,0.40049999999999997,0.025
5334,0.221,0.091,0.5920000000000001,0.0512620862201449,0.1145,0.12904795340492162,0.8127404654169359,0.15899999999999997,0.4948661916072843,0.1809160030535212,0.016999999999999998
5335,0.3145,0.04839121054990078,0.5665,0.0615,0.14350000000000002,0.44894337699342624,0.817,0.1065,0.4805,0.2467428308279333,0.013500000000000002
5336,0.294,0.1174421605382547,0.5599999999999999,0.11108484985832714,0.21400000000000002,0.18750000000000003,0.8651909160892994,0.10149999999999999,0.48066617161716174,0.19185083881882167,0.014499999999999999
5337,0.49350000000000005,0.3394282238442823,0.7075,0.07142861911119588,0.079,0.2651891322662173,0.7715606466690013,0.5295,0.28200000000000003,0.1354420991112858,0.002
5338,0.043,0.0185,0.5185000000000001,0.010889779794305962,0.0495,0.087,0.8709999999999999,0.012,0.24400000000000005,0.14950000000000002,0.0
5339,0.025,0.023,0.5970000000000001,0.08434473264465692,0.0165,0.11527411477411478,0.9018073478333329,0.0165,0.46449999999999997,0.06335083881882164,0.002
5340,0.025,0.017480218281036835,0.915,0.021,0.132,0.21899805545543982,0.0395,0.035,0.9731662269129288,0.019,0.002
5341,0.20949999999999996,0.15699999999999997,0.5700000000000001,0.1291464599949624,0.197,0.4657991580220194,0.4813854644536274,0.15650000000000003,0.6852083333333333,0.177,0.029500000000000005
5342,0.03900000000000001,0.04846194225721785,0.573,0.019,0.001,0.10823236547880695,0.8735668103448276,0.03,0.3989995049504951,0.1988388704318937,0.0025
5343,0.6020000000000001,0.17098663594470045,0.6970000000000001,0.07236144114987644,0.095,0.43985723680641337,0.1322358535958873,0.153,0.4917486248621028,0.4289245588097709,0.0155
5344,0.379,0.0195,0.6174999999999999,0.03843282203868055,0.096,0.14037066543175442,0.869,0.16199999999999998,0.5501245596653457,0.19374091039970684,0.0105
5345,0.06849999999999999,0.025500000000000002,0.529,0.05750000000000001,0.022,0.11750000000000002,0.9021848652898509,0.028500000000000004,0.213,0.3025,0.001
5346,0.3755,0.11000000000000001,0.6859999999999999,0.053399672536157475,0.0495,0.14227411477411475,0.8627762807457943,0.2555,0.48699999999999993,0.32336689534308954,0.01849375616168255
5347,0.039,0.02,0.6290000000000001,0.012470297029702971,0.062499999999999986,0.206544727531537,0.675,0.034499999999999996,0.37074999999999997,0.07700000000000001,0.0055
5348,0.47850000000000004,0.05028490489108241,0.5945,0.06547029702970297,0.093,0.23285387045813585,0.5111178707224334,0.15950000000000003,0.47050000000000003,0.1635,0.0005
5349,0.40800000000000003,0.10200000000000001,0.6365,0.0755,0.1085,0.3597613730248129,0.6448695062776608,0.0925,0.4810829616782293,0.280430985915493,0.0175
5350,0.042499999999999996,0.022876068376068377,0.49050000000000005,0.047767087933283124,0.015,0.0865,0.9393213357985429,0.0305,0.35541573128250736,0.0787094861660079,0.001
5351,0.5109999999999999,0.1887651389221447,0.6945,0.10872925193770773,0.12100000000000002,0.4323922539312755,0.32419779174406077,0.22999999999999998,0.5008324526640247,0.32170041166043023,0.0105
5352,0.006,0.0175,0.6,0.0305,0.0045,0.196,0.9865,0.003,0.29633333333333334,0.06040316205533597,0.0
5353,0.142,0.04139954597048808,0.5834999999999999,0.04590065600287563,0.0625,0.0775,0.897,0.025500000000000002,0.42799999999999994,0.165,0.004
5354,0.043,0.042486635944700465,0.556,0.05343968478480501,0.02,0.09611477787214665,0.934701653826564,0.013000000000000001,0.4720000000000001,0.08629691890090005,0.0005
5355,0.6115,0.053500000000000006,0.707,0.0669203539823009,0.0985,0.10314377406931963,0.961,0.095,0.561625,0.23690316205533596,0.006500000000000001
5356,0.21050000000000005,0.097,0.772,0.04032839259369877,0.1,0.2554192836147672,0.8445,0.09749999999999999,0.505332892998679,0.0875,0.003999999999999999
5357,0.14550000000000002,0.042499999999999996,0.6505,0.035500000000000004,0.067,0.19857052389581056,0.6448539486203615,0.0975,0.3715,0.13471285950323486,0.0165
5358,0.23900000000000002,0.1345,0.6205,0.09341773617617245,0.129,0.3861246280715879,0.4691645398981956,0.1355,0.394,0.18590316205533597,0.025500000000000002
5359,0.14550000000000002,0.0944613368283093,0.6645,0.029868404842346312,0.062,0.089,0.7298009999349166,0.07949999999999999,0.4464162263320123,0.12879691890090003,0.0034999999999999996
5360,0.181,0.04936977895362838,0.619,0.028925287936956957,0.04,0.15350000000000003,0.9395,0.04,0.35350000000000004,0.24244687842278206,0.003496775260459732
5361,0.087,0.1125,0.732,0.03847029702970297,0.05,0.20400000000000001,0.6636178707224334,0.0215,0.8215,0.09840316205533597,0.007000000000000001
5362,0.06,0.014500000000000002,0.619,0.035500000000000004,0.007000000000000001,0.1535,0.8434999999999999,0.0245,0.4285,0.15699999999999997,0.0015
5363,0.1295,0.10482765809463657,0.9095000000000001,0.0628845192930508,0.042499999999999996,0.20381210993875287,0.9300466691757621,0.08750000000000001,0.44974950495049504,0.069,0.006500000000000001
5364,0.2815,0.16390259710032834,0.656,0.05990841709099386,0.13,0.09949999999999999,0.5249150191246557,0.11400000000000002,0.32791523623300245,0.24503858187623012,0.0105
5365,0.0105,0.0105,0.5740000000000001,0.04738385354141657,0.006999999999999999,0.10785410094637223,0.986,0.007000000000000001,0.2693333333333333,0.095850040478118,0.004
5366,0.404,0.19549999999999998,0.694,0.07271996418297841,0.10049999999999999,0.21827388991113308,0.8758369274147955,0.18649999999999997,0.5220409240916813,0.3017203814347442,0.033499999999999995
5367,0.2695,0.0965,0.6385,0.016499999999999997,0.08549999999999999,0.19009063799257805,0.8213939135521773,0.1065,0.6071662269129288,0.187,0.0125
5368,0.142,0.06549999999999999,0.773,0.0115,0.0735,0.18577155898261086,0.7434999999999999,0.1315,0.7425,0.08149999999999999,0.0045
5369,0.43,0.0645,0.7015,0.06022561647599005,0.12150000000000001,0.16632245681381957,0.8504999999999999,0.0615,0.48708146314593115,0.126,0.0025
5370,0.2085,0.022461336828309305,0.5885,0.07897029702970297,0.051500000000000004,0.13346292890363537,0.9025000000000001,0.008,0.36875,0.104850040478118,0.001
5371,0.008499999999999999,0.009,0.5945,0.033,0.013500000000000002,0.11200000000000002,0.9695,0.0095,0.28125,0.09644687842278203,0.0015
5372,0.162,0.0455,0.47450000000000003,0.0055000000000000005,0.121,0.08235410094637224,0.6835,0.0405,0.472,0.3635,0.004
5373,0.445,0.1304421605382547,0.718,0.07874788923439562,0.16299999999999998,0.14354291507589284,0.9081179828734539,0.096,0.2825,0.202,0.01
5374,0.0475,0.027366542857146403,0.5549999999999999,0.03336945669356852,0.025,0.09178537898949975,0.9475,0.0125,0.45233333333333337,0.07980632411067193,0.0045
5375,0.8065,0.011,0.4915,0.025984693877551018,0.028999999999999998,0.12977411477411477,0.7815,0.08149999999999999,0.3155,0.24134955155205368,0.001
5376,0.034499999999999996,0.093,0.22350000000000003,0.11949547114536223,0.135,0.5819619632959958,0.46856413854279283,0.0395,0.3245,0.028999999999999998,0.0035000000000000005
5377,0.3175,0.17146194225721784,0.608,0.05145009500950095,0.14550000000000002,0.1065,0.762493617394074,0.16599999999999998,0.5569999999999999,0.1916134465620475,0.03649375616168255
5378,0.38949999999999996,0.18194216053825468,0.5795,0.0873643172728488,0.1095,0.16294081858314086,0.7474935052430536,0.12799999999999997,0.49575,0.15480792079207922,0.02449375616168255
5379,0.08249999999999999,0.0514485782019183,0.5505,0.013470297029702972,0.0035000000000000005,0.14177411477411478,0.8090852819807427,0.0195,0.482582397949174,0.0955,0.0055
5380,0.5509999999999999,0.14836977895362838,0.6525000000000001,0.08232170349099274,0.1735,0.22009786399302528,0.878478850890566,0.1345,0.368,0.3264039603960396,0.009
5381,0.24900000000000003,0.22349999999999998,0.673,0.10285415057111953,0.1325,0.29946266696266693,0.4605,0.13249999999999998,0.46470789299867904,0.37771599899724584,0.02349359185014788
5382,0.1675,0.034999999999999996,0.7035,0.0465,0.0805,0.20198370030427232,0.8771010040418707,0.0625,0.5479999999999999,0.13108127635537525,0.0055
5383,0.7010000000000001,0.147,0.7945,0.06383457624564873,0.10799999999999998,0.16719969643807758,0.8793088989627533,0.071,0.5415073628480123,0.2761136280218035,0.051500000000000004
5384,0.14550000000000002,0.0944613368283093,0.6645,0.029868404842346312,0.062,0.089,0.7298009999349166,0.07949999999999999,0.4464162263320123,0.12879691890090003,0.0034999999999999996
5385,0.0475,0.068,0.8875,0.022,0.1395,0.20865152308557638,0.1365,0.052000000000000005,0.881,0.04890316205533597,0.0005
5386,0.17,0.20337082340202906,0.7615000000000001,0.060395584966659935,0.1005,0.13781794393632993,0.9824999999999999,0.0475,0.4915,0.18796372502213454,0.006500000000000001
5387,0.3485,0.3321651592578407,0.7314999999999999,0.07336431727284878,0.178,0.452205926930686,0.5906055121040196,0.16999999999999998,0.45999999999999996,0.33399999999999996,0.017
5388,0.14900000000000002,0.12000000000000002,0.5725,0.0435,0.035,0.09861504626921644,0.8385,0.08099999999999999,0.549,0.196,0.0045000000000000005
5389,0.49449999999999994,0.14250000000000002,0.6805,0.02895499090725399,0.073,0.22051862667629324,0.8103088989627534,0.119,0.42745,0.2844116778062592,0.0055
5390,0.4844676184295912,0.13829372009105062,0.8514999999999999,0.11288527568830942,0.14650000000000002,0.4720129796149301,0.4260466691757621,0.1505,0.7333333333333334,0.1423355541901158,0.0055000000000000005
5391,0.27,0.024,0.5795000000000001,0.053500000000000006,0.296,0.13799999999999998,0.9515,0.074,0.5602495049504951,0.12450000000000001,0.0025
5392,0.031,0.02,0.46749999999999997,0.029398916140898852,0.1115,0.0835,0.9265000000000001,0.014500000000000002,0.40049999999999997,0.19179184549356224,0.0005
5393,0.22350000000000003,0.09748021828103684,0.72,0.10400000000000001,0.07200000000000001,0.0095,0.8847112090739577,0.15100000000000002,0.5765,0.1725,0.0075
5394,0.32199999999999995,0.16796133682830933,0.7314999999999999,0.07570995919210663,0.067,0.8813922539312754,0.8156847932182816,0.12799999999999997,0.5605078929986791,0.23252492827442678,0.0115
5395,0.367,0.1785,0.7460000000000001,0.08886921317060183,0.1295,0.4077136452404358,0.6282655280070607,0.196,0.5947491199116077,0.23009095087782483,0.029000000000000005
5396,0.2705,0.1303872769577402,0.588,0.02138785046728972,0.10149999999999999,0.3035360280005951,0.1490668103448276,0.21749999999999997,0.6816666666666666,0.17160973610419789,0.009499999999999998
5397,0.309,0.10378490489108241,0.6625,0.03092947645279992,0.1045,0.0225,0.8056673472531433,0.22649999999999998,0.5532,0.14280712245137556,0.021
5398,0.3395,0.0375,0.52,0.05832006457536139,0.15,0.26816387286205023,0.6669208310367585,0.15399999999999997,0.4577157514771127,0.2701907229304922,0.0105
5399,0.1095,0.06042822384428224,0.5795,0.11903871378738344,0.175,0.5378676102156257,0.4726408662173597,0.0935,0.35874999999999996,0.0775,0.010499999999999999
5400,0.43600000000000005,0.099,0.6765,0.048,0.0925,0.11599999999999996,0.870709516758877,0.1545,0.6728328929986789,0.16246293494704991,0.004
5401,0.5389999999999999,0.1965,0.5555,0.40747029702970294,0.08199999999999999,0.21578629062417387,0.967,0.056499999999999995,0.424082397949174,0.25091492819417194,0.008
5402,0.013500000000000002,0.032,0.49850000000000005,0.025,0.0385,0.15699999999999997,0.5471179828734538,0.027000000000000003,0.3994999999999999,0.055999999999999994,0.0005
5403,0.05249999999999999,0.0085,0.5675,0.0205,0.06849999999999999,0.089,0.7720666974684498,0.010499999999999999,0.4202995245641838,0.12,0.004999999999999999
5404,0.019500000000000003,0.011,0.5495,0.04041406938400552,0.014500000000000002,0.11749999999999998,0.9164999999999999,0.008,0.3310823432343234,0.065,0.006
5405,0.0475,0.05037323016539476,0.5845,0.022000000000000002,0.0955,0.09129407779433298,0.9605,0.028999999999999998,0.3167495049504951,0.1625,0.0034999999999999996
5406,0.33149999999999996,0.033,0.6465,0.05498469387755102,0.0345,0.1105,0.942,0.11400000000000002,0.4385,0.10900000000000001,0.023
5407,0.1795,0.027000000000000003,0.5805,0.06192528793695695,0.009500000000000001,0.20005353544348142,0.9185000000000001,0.074,0.48840000000000006,0.07571693582120753,0.006
5408,0.063,0.002,0.696,0.036484693877551023,0.011,0.13541246227618745,0.9865,0.0035000000000000005,0.213,0.16383887043189369,0.0015
5409,0.0725,0.010461942257217848,0.5505000000000001,0.021500000000000002,0.033499999999999995,0.063,0.961,0.064,0.4165,0.11729059829059829,0.0025
5410,0.076,0.054000000000000006,0.615,0.034470297029702966,0.0825,0.13846266696266699,0.654,0.0365,0.5177490099009902,0.13263925493508835,0.002
5411,0.24500000000000002,0.05750000000000001,0.5075,0.08449999999999999,0.11299999999999999,0.21727383863080685,0.3776909160892995,0.06799999999999999,0.347,0.085,0.0015
5412,0.018000000000000002,0.0605,0.4805,0.034,0.015500000000000003,0.12159682680094756,0.756,0.021500000000000002,0.3705,0.05249999999999999,0.0
5413,0.433,0.0605,0.685,0.02197029702970297,0.089,0.1584377736042244,0.6056646520492159,0.21749999999999997,0.517,0.25833774834437084,0.013000000000000001
5414,0.07949999999999999,0.10300000000000001,0.7905,0.02088385354141657,0.07899999999999999,0.1586128316446392,0.7728584482903899,0.038,0.5635000000000001,0.1219039603960396,0.0005
5415,0.18050000000000002,0.05500000000000001,0.774,0.0918490111503998,0.08349999999999999,0.30114540298306486,0.6697948814153719,0.119,0.7095,0.2050483565979016,0.0305
5416,0.376,0.2864232790855271,0.6935,0.07944967847300194,0.07999999999999999,0.551259909040093,0.68181142532077,0.22349999999999998,0.39675000000000005,0.5039735376771646,0.03249359185014788
5417,0.28099999999999997,0.2625,0.73,0.07160988343839733,0.125,0.2901273788949563,0.665589802216249,0.20299999999999999,0.5155828935795954,0.25823771939768647,0.018
5418,0.201,0.063,0.6115,0.06333975372327148,0.127,0.08996324704033214,0.9201848652898509,0.063,0.535749504950495,0.12429059829059827,0.004
5419,0.5385,0.14299999999999996,0.6020000000000001,0.020940594059405942,0.068,0.2539571805393,0.913,0.21600000000000003,0.4583333333333333,0.38951067150183627,0.0675
5420,0.194,0.05396194225721786,0.505,0.05137534488955488,0.07949999999999999,0.2105914241039538,0.8565000000000002,0.064,0.46624911991160767,0.20208154566805298,0.0015
5421,0.0595,0.0185,0.23199999999999998,0.08551892946473696,0.0985,0.2879018238630575,0.7184999999999999,0.026500000000000003,0.3445407318634238,0.26455423626768104,0.0155
5422,0.6315,0.049999999999999996,0.542,0.04148469387755103,0.035,0.0705,0.7780493643796893,0.0645,0.49787499999999996,0.3006958058896019,0.001
5423,0.032999999999999995,0.031000000000000007,0.6575,0.0235,0.0185,0.2644261929109066,0.9855,0.032999999999999995,0.2185,0.2704468784227821,0.0009967752604597322
5424,0.268,0.14040021592991503,0.442,0.02188785046728972,0.08249999999999999,0.30989040842679877,0.158,0.205,0.7177074673639471,0.11135620286654968,0.0075
5425,0.023,0.039,0.6435000000000001,0.07184473264465692,0.011,0.107128215720487,0.9164999999999999,0.0075000000000000015,0.44250000000000006,0.068850040478118,0.003
5426,0.378,0.1605,0.679,0.08814353451707893,0.10400000000000001,0.3235094626224328,0.6966179828734539,0.1285,0.4185657871591909,0.22633137235146736,0.0075000000000000015
5427,0.49350000000000005,0.20350000000000001,0.6515000000000001,0.07447029702970295,0.1065,0.221365109948744,0.6249022745688831,0.21749999999999997,0.54475,0.322129468722492,0.02649359395532195
5428,0.0905,0.08299999999999999,0.6825,0.04642528793695696,0.079,0.2705435464364116,0.1705,0.1,0.406,0.14992345227419007,0.0025
5429,0.001,0.0375,0.3105,0.044589065104559955,0.015,0.125,0.46950000000000003,0.0025,0.35520833333333335,0.0455,0.0005
5430,0.1105,0.039961942257217845,0.7215,0.1161290773532075,0.054000000000000006,0.2651518161958234,0.6972404654169361,0.057999999999999996,0.3244083333333333,0.10657865874407768,0.008
5431,0.0625,0.004,0.61,0.034499999999999996,0.0025,0.11350000000000002,0.9834999999999999,0.009000000000000001,0.21749999999999997,0.089,0.0005
5432,0.275,0.067,0.6495,0.028838287856978385,0.11100000000000002,0.12246358214396798,0.8809999999999999,0.12599999999999997,0.42349999999999993,0.25367389167823945,0.0075
5433,0.006499999999999999,0.024999999999999998,0.6485,0.022,0.031,0.15646324704033215,0.9545,0.057999999999999996,0.36833333333333335,0.06340316205533597,0.008499999999999999
5434,0.026000000000000002,0.020499999999999997,0.575,0.06690504785985191,0.0125,0.1695,0.9615,0.012,0.5018328929986791,0.08565796127019722,0.001
5435,0.008,0.017499999999999998,0.538,0.01497029702970297,0.046,0.097,0.9480000000000001,0.047,0.34349999999999997,0.05950000000000001,0.002
5436,0.0045000000000000005,0.015000000000000003,0.556,0.0325,0.0075000000000000015,0.11699999999999999,0.97,0.0085,0.31583333333333335,0.09140316205533597,0.0
5437,0.4585,0.23900000000000002,0.5735,0.03784284137454371,0.06899999999999999,0.6739591375063785,0.750068348846069,0.2525,0.42650000000000005,0.38133887043189374,0.02799359185014788
5438,0.002,0.033999999999999996,0.5534999999999999,0.024364279215945743,0.034499999999999996,0.1337744498777506,0.917,0.137,0.24758333333333332,0.08490316205533598,0.0005
5439,0.28049999999999997,0.12446133682830932,0.7255,0.025454990907253994,0.061,0.15350000000000003,0.9494999999999999,0.0455,0.2615,0.351,0.003996775260459732
5440,0.11850000000000001,0.087,0.7414999999999999,0.05844059405940595,0.0885,0.15996324704033213,0.9305,0.0435,0.371,0.084,0.0025
5441,0.49949999999999994,0.0685,0.6439999999999999,0.053000000000000005,0.07100000000000001,0.12577383863080685,0.9454999999999998,0.16,0.5645,0.1935,0.0035000000000000005
5442,0.0075000000000000015,0.007000000000000001,0.619,0.029500000000000005,0.0325,0.1162744498777506,0.991,0.01,0.3513333333333334,0.09290316205533597,0.00599359185014788
5443,0.11700000000000002,0.101,0.73,0.0445,0.055999999999999994,0.18100565520122722,0.7911645043558744,0.058499999999999996,0.4914162269129287,0.13419376034593425,0.006492138575618677
5444,0.055999999999999994,0.038,0.5595,0.05547029702970298,0.0895,0.10635410094637224,0.9344999999999999,0.036000000000000004,0.32574956024626206,0.14525351194809327,0.0025
5445,0.1485,0.049,0.7025,0.0485,0.07750000000000001,0.12249999999999998,0.796,0.034999999999999996,0.46324999999999994,0.14857790532160703,0.0015
5446,0.2735,0.1035,0.522,0.025,0.019000000000000003,0.18553065083048828,0.714,0.046,0.30012462834489595,0.18162834663496916,0.0035000000000000005
5447,0.5575,0.05650000000000001,0.5365,0.05742861911119588,0.0235,0.06668855218855219,0.7223809840229107,0.131,0.5517078929986792,0.3331295938379331,0.001
5448,0.12250000000000001,0.44548021828103684,0.7625,0.03197029702970297,0.12250000000000001,0.3872934037489758,0.5461889986110637,0.196,0.5885,0.11000000000000001,0.009
5449,0.0645,0.15705025418030147,0.6165,0.0775,0.1075,0.20459651805678702,0.8969999999999999,0.0105,0.693125,0.12399999999999997,0.0085
5450,0.0795,0.056499999999999995,0.7064999999999999,0.04187712280843468,0.2595,0.1196284952003184,0.8895,0.097,0.5337485695663358,0.06840316205533596,0.013999999999999999
5451,0.3335,0.097,0.7529999999999999,0.04791089108910891,0.095,0.1775,0.816234542278092,0.5715000000000001,0.7018749999999999,0.1665,0.0005
5452,0.48949999999999994,0.1035,0.584,0.0225,0.13099999999999998,0.31377444987775066,0.5011179828734539,0.05850000000000001,0.5691662269129287,0.189,0.0045
5453,0.0865,0.0,0.46449999999999997,0.032,0.0095,0.11000000000000001,0.9045,0.04,0.24549999999999997,0.075,0.004
5454,0.221,0.021,0.6094999999999999,0.044984693877551024,0.041,0.10199999999999998,0.9065,0.06899999999999999,0.34049999999999997,0.13244687842278202,0.006500000000000001
5455,0.125,0.0475,0.655,0.05284359776980233,0.06599999999999999,0.10889225393127548,0.5424611514307854,0.0615,0.5268833333333334,0.0938731208985725,0.0075
5456,0.6575,0.06499999999999999,0.8640000000000001,0.00582093579305928,0.16650000000000004,0.23454354643641162,0.9605,0.0675,0.739925,0.20580068329142076,0.0055000000000000005
5457,0.0435,0.021922673656618607,0.5965,0.06247029702970297,0.026000000000000002,0.14150000000000001,0.82,0.028500000000000004,0.6154999999999999,0.0625,0.0
5458,0.14300000000000002,0.23548663594470046,0.7150000000000001,0.052801237813634015,0.07650000000000001,0.33485410094637225,0.5105850903789579,0.24700000000000003,0.4885,0.2984039603960396,0.02
5459,0.042,0.0763362168710133,0.8664999999999999,0.0225,0.0805,0.1955,0.14784933239111958,0.069,0.8727499999999999,0.0945,0.002
5460,0.065,0.03289954597048808,0.49050000000000005,0.09147029702970297,0.0855,0.053500000000000006,0.9311909160892995,0.018,0.44350000000000006,0.13630632411067195,0.0005
5461,0.33849999999999997,0.20400000000000001,0.6795,0.07349999999999998,0.11199999999999999,0.24862671036326303,0.3887359657469077,0.172,0.45466666666666666,0.3216937603459342,0.0115
5462,0.0375,0.08646194225721784,0.9339999999999999,0.059,0.1375,0.38215206116985273,0.0495,0.041999999999999996,0.9403333333333332,0.0645,0.0045
5463,0.273,0.09043141811291353,0.6495,0.04643478888705197,0.1115,0.09577411477411477,0.7695,0.2225,0.6488323985300906,0.20502553716685973,0.005490370281987509
5464,0.5735,0.141,0.526,0.03650000000000001,0.055999999999999994,0.19929550333293097,0.6501909160892996,0.18449999999999997,0.40924999999999995,0.34624170874041044,0.006999999999999999
5465,0.003,0.004,0.553,0.05399999999999999,0.019999999999999997,0.1045,0.9724999999999999,0.006500000000000001,0.25508333333333333,0.11130632411067194,0.001
5466,0.8480000000000001,0.02590460059992856,0.525,0.061425287936956965,0.027500000000000004,0.13696266696266696,0.9208539486203616,0.09849999999999999,0.40275695877635254,0.18445784622091435,0.001
5467,0.0175,0.007000000000000001,0.5429999999999999,0.03998469387755102,0.019,0.0815,0.982,0.0095,0.2905833333333333,0.07530632411067192,0.003
5468,0.3345,0.1889009111617312,0.52,0.06882420407785582,0.119,0.12727411477411477,0.8615,0.158,0.5352912269129287,0.3166393144331015,0.0025
5469,0.1075,0.049,0.626,0.03446508869636963,0.0965,0.1419632470403321,0.767,0.032,0.6531162269129287,0.1231440724550428,0.0
5470,0.137,0.06749999999999999,0.6565,0.0245,0.033999999999999996,0.12300000000000003,0.7064999999999999,0.026500000000000003,0.4063333333333333,0.21749999999999997,0.001
5471,0.6279999999999999,0.12683771041800201,0.5795,0.05344059405940593,0.08850000000000001,0.4427721696978555,0.3880604223669603,0.2885,0.47189968279143535,0.19899999999999998,0.0115
5472,0.318,0.15839634650331308,0.7254999999999999,0.07094392523364486,0.1295,0.4723694651219407,0.5967807737595605,0.11699999999999999,0.60575,0.21798155474427755,0.021500000000000002
5473,0.121,0.129,0.655,0.056499999999999995,0.10700000000000001,0.10654795340492162,0.5101457109283196,0.044000000000000004,0.4995,0.20720948616600793,0.0055
5474,0.23149999999999998,0.1714238845144357,0.7185,0.04392035398230089,0.084,0.20423576880876254,0.8626179828734539,0.1735,0.49350000000000005,0.2955,0.0315
5475,0.312,0.6075000000000002,0.665,0.059388606862548335,0.0945,0.342935303196649,0.6938431631621913,0.2445,0.44608333333333333,0.4554048431933494,0.004
5476,0.4025,0.134,0.682,0.0445,0.048,0.9395016612064346,0.8192034659594285,0.1655,0.517,0.33999999999999997,0.017
5477,0.4615,0.11299999999999999,0.702,0.02994059405940594,0.1555,0.18573641590140172,0.800066882416397,0.13599999999999998,0.603999504950495,0.2204960333613873,0.006
5478,0.15499999999999997,0.071,0.6285000000000001,0.021943925233644863,0.05249999999999999,0.09591215776624143,0.7772359657469077,0.1115,0.5595000000000001,0.1724039603960396,0.006500000000000001
5479,0.4375,0.1275,0.724,0.07428752300344718,0.081,0.3548922539312755,0.393257570913674,0.185,0.587,0.3220327558932691,0.021500000000000002
5480,0.0305,0.0395,0.6485,0.077,0.039,0.18464377406931964,0.8746179828734538,0.033999999999999996,0.34400000000000003,0.17950000000000002,0.021500000000000002
5481,0.41150000000000003,0.254,0.738,0.152,0.09800000000000002,0.1716885521885522,0.7020668103448275,0.138,0.8109999999999999,0.11040396039603959,0.002
5482,0.4800000000000001,0.0655,0.5525,0.053417515916231575,0.142,0.2508543804262036,0.7361799458638957,0.121,0.42505908405578585,0.2895074940480018,0.042
5483,0.121,0.0635,0.615,0.0185,0.08499999999999999,0.21691514749770682,0.668664652049216,0.075,0.3451666666666666,0.2635,0.013500000000000002
5484,0.267,0.022000000000000002,0.5065,0.0638328924495503,0.012,0.1617741147741148,0.933,0.01,0.3085,0.2378022345103788,0.001
5485,0.2285,0.22531143162086736,0.727,0.1509922279792746,0.0425,0.1852744498777506,0.6216848652898508,0.03849999999999999,0.7695,0.09690316205533597,0.0035000000000000005
5486,0.8685,0.03899999999999999,0.5375,0.07692528793695695,0.05500000000000001,0.13054795340492162,0.874,0.0385,0.3202916666666667,0.15775400087415764,0.0655
5487,0.038,0.020999999999999998,0.556,0.017,0.022500000000000003,0.15268855218855218,0.562,0.058499999999999996,0.4385,0.11950000000000001,0.0034999999999999996
5488,0.012,0.004,0.505,0.013000000000000001,0.0055000000000000005,0.15999999999999998,0.826,0.0125,0.3932995245641838,0.0445,0.0015
5489,0.12050000000000001,0.35340969087732815,0.7285,0.020499999999999997,0.1,0.3220944721463818,0.5336178707224335,0.4335,0.382,0.36885034989275733,0.006500000000000001
5490,0.365,0.0665,0.6745000000000001,0.08238860686254834,0.09899999999999999,0.21214091337370045,0.6749982639226324,0.161,0.5650828382838284,0.20540396039603964,0.011500000000000002
5491,0.0505,0.01,0.571,0.043000000000000003,0.014000000000000002,0.0935,0.9435,0.016,0.253,0.2085,0.001
5492,0.048,0.028500000000000004,0.6519999999999999,0.0405,0.0625,0.13232301452961603,0.942,0.01,0.3358333333333334,0.08690316205533596,0.0005
5493,0.46349999999999997,0.29700000000000004,0.7265,0.031999999999999994,0.2435,0.1738361871249951,0.6163028481633047,0.2105,0.38975,0.3665,0.014500000000000002
5494,0.1305,0.039,0.736,0.033375344889554875,0.10700000000000001,0.37914377406931965,0.2285,0.0925,0.3225,0.11933887043189369,0.003
5495,0.3585,0.18394216053825468,0.598,0.06889402024314581,0.1145,0.13999999999999999,0.685867239702048,0.1515,0.5031661716171618,0.1913079207920792,0.022500000000000003
5496,0.25150000000000006,0.11344216053825469,0.733,0.024499999999999997,0.146,0.15973711684041758,0.7390316092701744,0.077,0.605,0.15882486171357593,0.004999999999999999
5497,0.072,0.123,0.7009999999999998,0.01794059405940594,0.089,0.20764400256574725,0.5141848652898509,0.0325,0.657,0.17248154707338503,0.0075
5498,0.5595,0.05299999999999999,0.46299999999999997,0.03848969072164948,0.11949999999999998,0.20861099555648002,0.729066882416397,0.127,0.34075,0.3179039603960396,0.0395
5499,0.2615,0.153,0.6915000000000001,0.027970297029702967,0.1045,0.1410298090953081,0.4066909160892994,0.0915,0.4951662269129288,0.33071285950323487,0.0055
5500,0.1695,0.028500000000000004,0.5294999999999999,0.10800000000000001,0.047,0.097,0.8744999999999999,0.06949999999999999,0.34550000000000003,0.15079184549356223,0.0015
5501,0.20550000000000002,0.082,0.5385,0.059,0.072,0.08546265276032745,0.8706179828734539,0.1745,0.5239999999999999,0.304,0.016493756161682548
5502,0.052000000000000005,0.044000000000000004,0.5595000000000001,0.05142528793695696,0.033,0.10392911877394635,0.7585,0.075,0.45724950495049504,0.14060450532557672,0.006500000000000001
5503,0.2085,0.3258995459704881,0.7325,0.021500000000000002,0.052500000000000005,0.05172360557768925,0.7171179828734539,0.13400000000000004,0.4721666666666667,0.1804039603960396,0.002
5504,0.07450000000000001,0.05850000000000001,0.8644999999999999,0.019499999999999997,0.094,0.27508080611982766,0.40488183217859897,0.047,0.8442500000000001,0.05500000000000001,0.003
5505,0.174,0.11549999999999998,0.615,0.026000000000000002,0.032,0.13260832974898454,0.868,0.0645,0.5329999999999999,0.2218388704318937,0.007000000000000001
5506,0.8115,0.032,0.5940000000000001,0.025,0.082,0.14075678615370685,0.985,0.099,0.534,0.3254039603960396,0.002
5507,0.332,0.08549999999999999,0.5305,0.057999999999999996,0.088,0.2105,0.6208971500495819,0.375,0.41600000000000004,0.2435455982905983,0.007000000000000001
5508,0.0385,0.011,0.5755000000000001,0.024,0.043000000000000003,0.09916651522197464,0.9470000000000001,0.011000000000000001,0.49724950495049514,0.2,0.001
5509,0.6045,0.062,0.47800000000000004,0.038000000000000006,0.0925,0.06518855218855218,0.8771179828734539,0.0975,0.4166666666666667,0.3300927541123482,0.001
5510,0.719,0.10700000000000001,0.65,0.0395,0.065,0.11100000000000002,0.8327359657469078,0.20650000000000004,0.5125,0.252,0.002993593955321945
5511,0.1065,0.0495,0.5965,0.05892702779893375,0.17700000000000002,0.12,0.8806179828734539,0.093,0.5707486248621028,0.1272759502322906,0.001
5512,0.087,0.1125,0.732,0.03847029702970297,0.05,0.20400000000000001,0.6636178707224334,0.0215,0.8215,0.09840316205533597,0.007000000000000001
5513,0.40449999999999997,0.06499999999999999,0.6655,0.047,0.0465,0.13677411477411477,0.9215852220825305,0.085,0.49024999999999996,0.22000000000000003,0.002
5514,0.24100000000000002,0.081,0.6985000000000001,0.034962525008977584,0.07849999999999999,0.21355982886725036,0.6278582633424427,0.156,0.5506662269129288,0.21369376034593426,0.008
5515,0.25600000000000006,0.0925,0.7249999999999999,0.0893242669672982,0.1045,0.1845485646518654,0.967,0.12250000000000001,0.4982907318634238,0.23546776398542865,0.019990531422142282
5516,0.0465,0.041299618643636335,0.6715,0.03640998181450798,0.027000000000000003,0.13527411477411477,0.9019999999999999,0.053000000000000005,0.4255833333333333,0.11242376046906725,0.004
5517,0.1125,0.0685,0.6839999999999999,0.022,0.061,0.11856649858429014,0.9469999999999998,0.013500000000000002,0.27749999999999997,0.199,0.004
5518,0.5215,0.182,0.651,0.056499999999999995,0.07100000000000001,0.034,0.8703088989627533,0.27749999999999997,0.529,0.2621240958566355,0.014000000000000002
5519,0.21950000000000003,0.22129677143135856,0.633,0.05140311906838352,0.11100000000000002,0.3338530421745481,0.47535372431832074,0.22999999999999998,0.5091662269129288,0.27052139675443493,0.006500000000000001
5520,0.075,0.0425,0.513,0.10813749601516927,0.0925,0.07250000000000001,0.925,0.024,0.40750000000000003,0.16985083881882163,0.0025
5521,0.36649999999999994,0.1295,0.5559999999999999,0.023956730769230772,0.0665,0.16361653460815256,0.751,0.1145,0.46875,0.18240316205533597,0.0035000000000000005
5522,0.026000000000000002,0.017,0.6529999999999999,0.0165,0.040999999999999995,0.16147477319668552,0.882,0.026500000000000003,0.32099999999999995,0.07749999999999999,0.0
5523,0.21500000000000002,0.13199999999999998,0.6804999999999999,0.055470297029702964,0.1075,0.21039248251748255,0.6615148754783284,0.10350000000000001,0.5804995596653456,0.1643705544352431,0.018499999999999996
5524,0.2745,0.1395,0.747,0.05448469387755102,0.1085,0.3163638257418072,0.7346055797673957,0.11599999999999999,0.6122500000000001,0.18699512693688755,0.016
5525,0.05550000000000001,0.018,0.5235,0.022,0.0375,0.148,0.6825,0.033,0.30491617161716167,0.26780632411067196,0.0005
5526,0.317,0.02078673793338475,0.5609999999999999,0.0185,0.0425,0.07587768445476954,0.8975,0.0745,0.33849999999999997,0.19549999999999998,0.0
5527,0.056499999999999995,0.08548021828103683,0.5744999999999999,0.09935723822239176,0.06949999999999999,0.25186553887806856,0.798,0.029500000000000005,0.3811657865782744,0.2567868635451388,0.001
5528,0.6075,0.10149999999999999,0.7775000000000001,0.05811842634120364,0.0835,0.15949772035180404,0.8841179828734538,0.14350000000000002,0.5337574175628628,0.15122810822551808,0.002
5529,0.057499999999999996,0.04898021828103684,0.5805,0.026500000000000003,0.14650000000000002,0.24827411477411476,0.17461798287345387,0.064,0.7271662269129286,0.07946293494704994,0.0035000000000000005
5530,0.1454676184295912,0.0395,0.39449999999999996,0.05588027884421095,0.1015,0.15833995338659348,0.6456179828734538,0.1275,0.38125000000000003,0.14780632411067193,0.003999999999999999
5531,0.365,0.168,0.615,0.02294392523364486,0.10700000000000001,0.2752099363800481,0.9025000000000001,0.139,0.5584166666666668,0.2527547992148612,0.034499999999999996
5532,0.3335,0.0375,0.6425000000000001,0.03,0.101,0.11691246227618746,0.942707897240723,0.0415,0.42699999999999994,0.08499999999999999,0.002
5533,0.1665,0.07296133682830931,0.5115000000000001,0.0774022097937826,0.12349999999999998,0.36217681297320503,0.6136967853712157,0.11949999999999998,0.39791573186342377,0.22909609712551887,0.016999999999999998
5534,0.458,0.0495,0.5715,0.0695,0.15550000000000003,0.2065,0.8135466691757621,0.1275,0.43262406519675717,0.23868838748007776,0.009
5535,0.0745,0.042,0.648,0.021500000000000002,0.05199999999999999,0.2627803358506676,0.7595,0.068,0.3705,0.2162156485544396,0.00449375616168255
5536,0.23550000000000004,0.1513319992925966,0.7445,0.06635481632275378,0.1715,0.056499999999999995,0.45468504771466256,0.07150000000000001,0.5503328929986789,0.16141016381263823,0.0225
5537,0.457,0.122,0.644,0.09931593894896082,0.1265,0.1698807701001895,0.8175000000000001,0.146,0.5189999999999999,0.26089081343850007,0.032
5538,0.34249999999999997,0.078,0.4545,0.019920353982300885,0.1325,0.1533752727864967,0.7843386863135937,0.147,0.442,0.3404999999999999,0.07749359395532193
5539,0.123,0.022500000000000003,0.36100000000000004,0.01344392523364486,0.0915,0.16204767726161368,0.3629671968350937,0.0395,0.3401666666666667,0.07240316205533598,0.0005
5540,0.4535,0.10800000000000001,0.7215,0.042360038767105895,0.091,0.31810054671679994,0.792740465416936,0.08299999999999999,0.57775,0.25244980676375944,0.014499999999999999
5541,0.186,0.11590091116173122,0.5045,0.05500000000000001,0.096,0.2245,0.8034764311638437,0.16499999999999998,0.44299999999999995,0.20350000000000001,0.008
5542,0.5645,0.0165,0.6875,0.051984693877551016,0.06999999999999999,0.10582267942598016,0.9015000000000001,0.0335,0.3388333333333334,0.119,0.012
5543,0.23700000000000002,0.24699999999999997,0.6895,0.05386007682400893,0.1005,0.548761444631533,0.7676179828734538,0.167,0.46849999999999997,0.38860700740209275,0.026500000000000003
5544,0.26149999999999995,0.2225,0.5740000000000001,0.15949999999999998,0.087,0.20639225393127553,0.6123818321785989,0.06649999999999999,0.7655828382838283,0.12908119658119657,0.0025
5545,0.0025,0.003,0.5885,0.0375,0.002,0.1025,0.9884999999999999,0.0005,0.28933333333333333,0.04490316205533597,0.0014937561616825503
5546,0.4165,0.122,0.6839999999999999,0.048931462078246654,0.0995,0.3672079714045081,0.7920433135802407,0.1945,0.545,0.176850040478118,0.0165
5547,0.258,0.22943530451233088,0.4880000000000001,0.06340466938025593,0.158,0.5133262422615423,0.408979710176809,0.2975,0.28520833333333334,0.2385,0.041
5548,0.1355,0.0055000000000000005,0.501,0.040425287936956954,0.0225,0.0965,0.9094999999999999,0.005,0.2673333333333333,0.13740316205533598,0.0035000000000000005
5549,0.2325,0.217,0.6325,0.06838118811881189,0.1255,0.3054459647693613,0.527881832178599,0.0745,0.4908324538258575,0.4526423011324806,0.0225
5550,0.016500000000000004,0.0085,0.6299999999999999,0.042484693877551015,0.0395,0.17446324704033214,0.9475,0.003,0.219,0.12018778882248886,0.006500000000000001
5551,0.27949999999999997,0.0215,0.686,0.04344392523364486,0.084,0.09849744478408487,0.8800000000000001,0.074,0.43200000000000005,0.123,0.004
5552,0.044500000000000005,0.0655,0.8930000000000001,0.11736588199636291,0.1435,0.3075086650900966,0.08561798287345386,0.035,0.9158333333333333,0.0828388704318937,0.006
5553,0.43,0.22750000000000004,0.579,0.05636716672897933,0.0665,0.28029502507291426,0.7851538210237429,0.27949999999999997,0.5005,0.38622870196004344,0.02
5554,0.043,0.049,0.5595,0.06845499090725399,0.04800000000000001,0.118,0.6627517477062479,0.047,0.471,0.077,0.0
5555,0.085,0.13612860706599167,0.59,0.116454990907254,0.0835,0.2777738386308069,0.8076336927612247,0.042,0.4335000000000001,0.12150000000000001,0.0175
5556,0.0415,0.031,0.6144999999999999,0.030928619111195876,0.041,0.050462666962666956,0.916,0.009000000000000001,0.4335,0.10372219208467445,0.005
5557,0.3525,0.20075840329869638,0.6969999999999998,0.06737254434484075,0.12450000000000001,0.7280485646518653,0.8390000000000001,0.263,0.4996990295146789,0.305403162055336,0.013499999999999998
5558,0.5865,0.048,0.42300000000000004,0.025500000000000002,0.062,0.1725536400588809,0.861,0.10400000000000001,0.5472495049504951,0.12150000000000001,0.003
5559,0.056999999999999995,0.019363139699145625,0.5395000000000001,0.06890504785985191,0.025500000000000002,0.118,0.9695,0.014500000000000002,0.46266622691292875,0.10670039037087534,0.0025
5560,0.19450000000000003,0.08847396768402153,0.667,0.040999999999999995,0.10300000000000001,0.22791927765195813,0.697066882416397,0.1605,0.585999504950495,0.17849999999999996,0.0055000000000000005
5561,0.23700000000000002,0.0424238845144357,0.6799999999999999,0.12125715428151591,0.0715,0.21150000000000002,0.8522358535958873,0.06100000000000001,0.673,0.055499999999999994,0.0045
5562,0.357,0.0895,0.6525000000000001,0.07250000000000001,0.077,0.17116117060824215,0.9029999999999999,0.07350000000000001,0.4989162269129288,0.18874091039970686,0.009000000000000001
5563,0.33799999999999997,0.035,0.7345,0.08506667115040721,0.065,0.13485387045813585,0.9685668824163971,0.08149999999999999,0.517375,0.11733774834437086,0.0025
5564,0.45199999999999996,0.022923884514435694,0.4725,0.025500000000000002,0.14250000000000002,0.1315,0.7030000000000001,0.1145,0.46299999999999997,0.229,0.006500000000000001
5565,0.006,0.023,0.585,0.046,0.001,0.1055,0.959,0.001,0.5165,0.044849551552053696,0.0005
5566,0.2375,0.09448663594470046,0.6775,0.04144468162890348,0.122,0.03,0.6420000000000001,0.1125,0.590375,0.1266295938379331,0.019
5567,0.2725,0.33098021828103685,0.624,0.074,0.188,0.3295915217211471,0.6792359657469078,0.122,0.4900833333333333,0.2527744646336795,0.006500000000000001
5568,0.5239999999999999,0.24942822384428226,0.734,0.06492861911119588,0.06,0.25868913226621737,0.8006848652898508,0.49800000000000005,0.22424950495049506,0.10634526116662177,0.0005
5569,0.26650000000000007,0.051961942257217855,0.5965,0.0405,0.1135,0.10523676753444222,0.8150000000000001,0.08600000000000001,0.7045,0.14433774834437085,0.006
5570,0.021,0.0155,0.5309999999999999,0.06346938775510205,0.0235,0.1307741147741148,0.9289999999999999,0.007000000000000001,0.22733333333333333,0.07585004047811801,0.0005
5571,0.0245,0.0095,0.6925000000000001,0.05192035398230088,0.030500000000000006,0.06200000000000001,0.9734999999999999,0.019,0.221,0.09344687842278203,0.001
5572,0.014500000000000002,0.002,0.5730000000000001,0.027500000000000004,0.015000000000000003,0.148,0.8619999999999999,0.007000000000000001,0.33399999999999996,0.08349999999999999,0.0
5573,0.2465,0.1335,0.575,0.09804466099893612,0.1305,0.23067776919837574,0.7591178707224333,0.062,0.39208333333333334,0.3089908701118206,0.022000000000000002
5574,0.005,0.015,0.5725,0.02897029702970297,0.0415,0.11700000000000002,0.978,0.023,0.37933333333333336,0.06290316205533597,0.002
5575,0.221,0.0705,0.8229999999999998,0.09633860092570386,0.09849999999999999,0.13501120044525375,0.9395,0.1105,0.7625,0.1704039603960396,0.01
5576,0.288,0.1985,0.7065,0.13335390704815284,0.17350000000000002,0.5148295292883398,0.6667517477062479,0.1645,0.48946666666666666,0.31797192666357743,0.022
5577,0.11400000000000002,0.076,0.6155,0.05987538294645791,0.020499999999999997,0.14903286393592116,0.8797404654169361,0.098,0.468499504950495,0.17640306228175498,0.0115
5578,0.22600000000000003,0.1884118487737018,0.348,0.049,0.21000000000000002,0.492039761963147,0.3837403612408937,0.25250000000000006,0.17550000000000002,0.1335,0.03899999999999999
5579,0.23500000000000001,0.24900000000000003,0.7264999999999999,0.08176398980900625,0.1855,0.4757192153881249,0.4296316840988806,0.23800000000000004,0.4565,0.301,0.0319460071178964
5580,0.0885,0.0295,0.542,0.06037534488955487,0.0235,0.14577411477411478,0.8936179828734538,0.02,0.46008283828382845,0.07144687842278204,0.005
5581,0.33449999999999996,0.127,0.6559999999999999,0.038,0.17500000000000002,0.2585034715321601,0.659595921404431,0.209,0.5389999999999999,0.28600000000000003,0.06999685846560846
5582,0.4029999999999999,0.061,0.5605,0.065,0.0455,0.09820820189274448,0.9461909160892994,0.052000000000000005,0.3163745602462621,0.31125320253345395,0.006500000000000001
5583,0.051000000000000004,0.005,0.5900000000000001,0.0445,0.034999999999999996,0.08949744478408486,0.9235,0.013000000000000001,0.2965,0.12929184549356224,0.0005
5584,0.22199999999999998,0.124,0.6499999999999999,0.10847029702970297,0.144,0.6799240171705181,0.5739544977400526,0.077,0.4916240099009901,0.25869022823740195,0.016999999999999998
5585,0.08499999999999999,0.05996194225721785,0.6485,0.04695499090725399,0.07449999999999998,0.25309147972775825,0.6976178707224335,0.03450000000000001,0.41790000000000005,0.07812946872249198,0.011000000000000001
5586,0.08900000000000001,0.11700000000000002,0.777,0.07849999999999999,0.05600000000000001,0.18182245681381956,0.7080943018862771,0.11749999999999998,0.6469999999999999,0.1475,0.008499999999999999
5587,0.0075000000000000015,0.001,0.5265,0.033,0.0125,0.10604856465186538,0.9576179828734539,0.017,0.35574950495049507,0.051000000000000004,0.001
5588,0.010499999999999999,0.022000000000000002,0.5579999999999999,0.014499999999999999,0.0675,0.1315,0.9295,0.006,0.29024950495049506,0.4305,0.0035000000000000005
5589,0.35150000000000003,0.0595,0.5795,0.027500000000000004,0.07350000000000001,0.08496266696266697,0.8425,0.159,0.384,0.2575,0.0055000000000000005
5590,0.49350000000000005,0.3394282238442823,0.7075,0.07142861911119588,0.079,0.2651891322662173,0.7715606466690013,0.5295,0.28200000000000003,0.1354420991112858,0.002
5591,0.3315,0.036,0.6569999999999999,0.026000000000000002,0.078,0.18569835056495887,0.5671907692307692,0.0915,0.661749504950495,0.10250000000000001,0.005
5592,0.3735,0.20350000000000001,0.6205,0.0645,0.09,0.30419151981301384,0.6608028481633047,0.14049999999999999,0.409,0.39240316205533593,0.012982131855187002
5593,0.0025,0.0015,0.608,0.076,0.004,0.15177411477411476,0.812,0.0025,0.466,0.059,0.0
5594,0.022000000000000002,0.09344216053825469,0.944,0.0115,0.1275,0.25152168702051675,0.10606688241639699,0.0355,0.9605,0.032,0.003
5595,0.3905,0.19849999999999998,0.651,0.051000000000000004,0.12,0.4432312367762086,0.5859162148075165,0.15350000000000003,0.4468407318634238,0.3489262203369061,0.034
5596,0.1835,0.022,0.4969999999999999,0.085439684784805,0.035500000000000004,0.19223678173678174,0.8714999999999999,0.009,0.2032916666666667,0.10054459916475592,0.007000000000000001
5597,0.0385,0.003,0.55,0.0325,0.017,0.13977444987775062,0.866,0.005,0.2273333333333333,0.08249999999999999,0.0015
5598,0.3415,0.16242388451443573,0.6645000000000001,0.07450000000000001,0.081,0.3574707243229956,0.4741764849404569,0.1115,0.6520000000000001,0.1065,0.016
5599,0.3775,0.098,0.5660000000000001,0.05945499090725399,0.1145,0.2982135595556562,0.8260589156684641,0.1605,0.5444995596653458,0.2728377483443708,0.024
5600,0.169,0.07649999999999998,0.711,0.025,0.028500000000000004,0.10850000000000001,0.8195668824163971,0.036500000000000005,0.51,0.08790316205533598,0.002
5601,0.33999999999999997,0.213,0.6295,0.03794392523364486,0.08,0.6792449224354,0.9075,0.172,0.5175,0.319,0.016999999999999998
5602,0.23650000000000002,0.1365,0.649,0.09845499090725399,0.14250000000000002,0.3204318699674514,0.5709877134531556,0.156,0.5005,0.242753202533454,0.0125
5603,0.092,0.036,0.6845,0.042499999999999996,0.0445,0.11896324704033215,0.945,0.056499999999999995,0.4455,0.12350000000000001,0.0035000000000000005
5604,0.3875,0.12784435206655848,0.7055,0.060317678810937594,0.119,0.8099693849548547,0.5900066861637537,0.1065,0.4888333333333333,0.2441295938379331,0.015000000000000003
5605,0.0735,0.04,0.5385000000000001,0.03785814749699269,0.003,0.14462933960241445,0.8967033529250891,0.0615,0.449,0.1723388704318937,0.009
5606,0.34049999999999997,0.059980218281036835,0.6285000000000001,0.03147029702970297,0.057499999999999996,0.21422360557768924,0.7526133666442119,0.20250000000000004,0.6277495049504951,0.1993333407652358,0.0085
5607,0.189,0.0895,0.583,0.005,0.11750000000000001,0.09050000000000001,0.7555,0.035,0.373,0.4965,0.001
5608,0.0085,0.023,0.5695,0.10540237049916772,0.014500000000000002,0.10149999999999999,0.9095000000000001,0.001,0.20083333333333336,0.08490316205533596,0.0015
5609,0.172,0.15637784649460124,0.749,0.0315,0.0935,0.3500962718495658,0.3315,0.173,0.53175,0.14751581027667984,0.008
5610,0.2465,0.0605,0.562,0.056499999999999995,0.037,0.1055661804475934,0.8834268818362073,0.18,0.48966622691292877,0.3105,0.004
5611,0.044000000000000004,0.0435,0.5445,0.07729679090358015,0.0045000000000000005,0.10527411477411477,0.9644999999999999,0.0075,0.4605,0.11053734037454258,0.003
5612,0.6075,0.0325,0.438,0.030000000000000006,0.061999999999999986,0.04818855218855218,0.9160668824163969,0.0695,0.317,0.3265,0.0005
5613,0.126,0.0615,0.615,0.05700000000000001,0.2535,0.11227411477411478,0.9285,0.10350000000000001,0.5387495049504951,0.14470576577498323,0.006500000000000001
5614,0.37350000000000005,0.1704421605382547,0.6214999999999999,0.09145009500950094,0.10400000000000001,0.10618881412952061,0.705811835685667,0.1385,0.55925,0.15690396039603963,0.02
5615,0.30599999999999994,0.075,0.49850000000000005,0.03889151965628274,0.12250000000000001,0.23487523500165838,0.6036909160892995,0.27149999999999996,0.3048333333333334,0.26234955155205364,0.0395
5616,0.154,0.063,0.6419999999999999,0.056999999999999995,0.0325,0.1405429963209489,0.8380000000000001,0.093,0.49449999999999994,0.13,0.0055000000000000005
5617,0.091,0.08839121054990078,0.8780000000000001,0.031,0.12050000000000001,0.42685882940557407,0.061,0.0965,0.27625,0.5397905982905983,0.0055
5618,0.4665,0.13677078633822523,0.5640000000000001,0.022000000000000002,0.07849999999999999,0.18317120987028276,0.7339268818362072,0.195,0.33949999999999997,0.2197918454935622,0.013000000000000001
5619,0.05349999999999999,0.008,0.5125,0.0195,0.06799999999999999,0.1085,0.9745000000000001,0.0325,0.3638328382838284,0.041403162055335965,0.0015
5620,0.22800000000000004,0.23298021828103682,0.783,0.05550000000000001,0.1045,0.23201307211274697,0.6392825227716494,0.10699999999999998,0.6265,0.29090316205533595,0.027475016325878752
5621,0.258,0.08299999999999999,0.667,0.0245,0.085,0.30437768445476954,0.435827455870044,0.21950000000000003,0.547,0.18,0.018
5622,0.0034999999999999996,0.009,0.576,0.028000000000000004,0.004,0.11377444987775061,0.9294999999999998,0.0025,0.2925,0.05900000000000001,0.0015
5623,0.134,0.133,0.7335,0.06332059405940595,0.1345,0.38440266559823766,0.4083360315803158,0.10400000000000001,0.5065,0.16599999999999998,0.009000000000000001
5624,0.1685,0.08038956067259154,0.4335,0.1343522667463805,0.1045,0.26930588009399425,0.735,0.06749999999999999,0.3760828382838284,0.13895724585381913,0.0025
5625,0.0035000000000000005,0.005,0.5345000000000001,0.08527850147929358,0.002,0.08718913226621736,0.9324999999999999,0.0015,0.24083333333333332,0.059,0.0075
5626,0.3995,0.15498663594470047,0.7110000000000001,0.09216339868800702,0.1,0.9019999999999999,0.5928521003919737,0.158,0.5095,0.273403162055336,0.02099375616168255
5627,0.136,0.028500000000000004,0.587,0.04948469387755102,0.0125,0.08646239081935903,0.9754999999999999,0.016,0.40499999999999997,0.1835,0.006
5628,0.396,0.12232990930572266,0.631,0.06235390704815284,0.0815,0.28533189889063265,0.453,0.2785,0.5114995049504951,0.29040587342720625,0.007000000000000001
5629,0.018,0.0005,0.48,0.0445,0.0305,0.11000000000000001,0.9834999999999999,0.004,0.4415,0.056903162055335965,0.0005
5630,0.384,0.1559421605382547,0.5894999999999999,0.06989402024314581,0.10500000000000001,0.1637744498777506,0.7337294709899613,0.143,0.45775,0.1673079207920792,0.0195
5631,0.294,0.15,0.5845,0.03897029702970296,0.11000000000000001,0.13371332295483154,0.8228584482903898,0.16499999999999998,0.3573328382838284,0.4038952223676687,0.00999375616168255
5632,0.10550000000000001,0.004,0.4325,0.012399159663865547,0.0645,0.12041784119655412,0.906,0.0365,0.2679162263320124,0.2721594130611298,0.0
5633,0.3505,0.035500000000000004,0.5149999999999999,0.02399222797927461,0.11000000000000001,0.14073123677620863,0.5923490793546057,0.127,0.37654122691292874,0.2570013316595702,0.0105
5634,0.05500000000000001,0.012,0.5974999999999999,0.025484693877551017,0.0475,0.07754265313492444,0.9235000000000001,0.012,0.3385,0.1095,0.0045000000000000005
5635,0.1715,0.049,0.57,0.05195673076923076,0.0625,0.123,0.8644999999999999,0.0695,0.5214166666666666,0.11029642997483573,0.009
5636,0.2835,0.199,0.6285000000000001,0.111954990907254,0.1105,0.24923650559347382,0.5646179828734539,0.13999999999999999,0.43737455966534566,0.4095014241051024,0.018
5637,0.020999999999999998,0.0115,0.5855,0.014499999999999999,0.016999999999999998,0.15999999999999998,0.7271179828734539,0.0045000000000000005,0.5467995245641839,0.031000000000000007,0.0
5638,0.1105,0.0605,0.45549999999999996,0.05832329480325488,0.058499999999999996,0.1684630020663028,0.9344999999999999,0.11400000000000002,0.6134999999999999,0.19024842322195776,0.003
5639,0.0935,0.0075000000000000015,0.509,0.0425,0.05449999999999999,0.13814400256574727,0.8089999999999999,0.0075,0.27825,0.16486756756756757,0.0015
5640,0.008499999999999999,0.025,0.453,0.001,0.026500000000000003,0.082,0.6955,0.002,0.29083333333333333,0.32062959383793305,0.0
5641,0.59,0.09250000000000001,0.7939999999999999,0.0045000000000000005,0.1615,0.2710055853750833,0.8461848652898508,0.13899999999999998,0.5545,0.362,0.010464738632848747
5642,0.5980000000000001,0.1635,0.5485,0.007000000000000001,0.11749999999999998,0.17637736631807283,0.8249877134531556,0.42300000000000004,0.33674950495049505,0.41400000000000003,0.03592173781108031
5643,0.361,0.0695,0.4109999999999999,0.0475,0.055499999999999994,0.2161941762205008,0.630566882416397,0.1035,0.5515000000000001,0.2229039603960396,0.037
5644,0.1845,0.067,0.4755,0.02947029702970297,0.0685,0.0955,0.8300000000000001,0.0605,0.32075,0.4488377483443709,0.0045000000000000005
5645,0.3845,0.2829802182810368,0.768,0.03982178217821782,0.11099999999999999,0.3692954557123028,0.5614426637955472,0.157,0.5031245049504951,0.33474283082793327,0.013999999999999999
5646,0.1535,0.048,0.619,0.027474384599200506,0.04650000000000001,0.0931885521885522,0.7427515627583007,0.148,0.40800000000000003,0.32840316205533593,0.0014873499837820305
5647,0.12050000000000001,0.35340969087732815,0.7285,0.020499999999999997,0.1,0.3220944721463818,0.5336178707224335,0.4335,0.382,0.36885034989275733,0.006500000000000001
5648,0.211,0.053500000000000006,0.6895000000000001,0.052500000000000005,0.09600000000000002,0.3889610499546179,0.4353459381101418,0.1845,0.4665,0.2185,0.022
5649,0.33799999999999997,0.096,0.8119999999999999,0.1484743845992005,0.13599999999999998,0.19590345701907572,0.7327359657469076,0.11699999999999999,0.719965909704364,0.22283887043189368,0.021981106145464578
5650,0.03,0.0005,0.6325000000000001,0.023,0.0015,0.12450000000000003,0.951,0.020499999999999997,0.22950000000000004,0.06999999999999999,0.001
5651,0.21600000000000003,0.09749999999999999,0.588,0.044,0.064,0.16937794639573797,0.9466179828734538,0.099,0.49449999999999994,0.2369039603960396,0.0045
5652,0.186,0.08248663594470046,0.7035,0.05189867822189705,0.13,0.36032271202683275,0.2923088989627533,0.184,0.45162500000000005,0.18228525992861142,0.0055
5653,0.019,0.06799999999999999,0.46399999999999997,0.0035000000000000005,0.039,0.179,0.6875852819807429,0.0245,0.472,0.0355,0.0005
5654,0.5035000000000001,0.0245,0.458,0.028500000000000004,0.044,0.141,0.7409268818362073,0.10500000000000001,0.3565,0.29029184549356224,0.008
5655,0.129,0.065,0.5385,0.04944059405940594,0.029000000000000005,0.16491788884343445,0.8508246809220935,0.08800000000000001,0.576125,0.10480103373422703,0.012
5656,0.437,0.23448021828103682,0.5850000000000001,0.04074929161716616,0.063,0.6387675904695929,0.7740683488460689,0.24749999999999997,0.4654999999999999,0.3656353004067294,0.021
5657,0.052500000000000005,0.0205,0.6435000000000001,0.03298469387755103,0.023,0.11027411477411478,0.9425000000000001,0.0015,0.27033333333333337,0.141850040478118,0.0045000000000000005
5658,0.41600000000000004,0.17594183319109652,0.6685,0.026000000000000002,0.17099999999999999,0.2727986530896107,0.6645186006695776,0.10700000000000001,0.6065,0.284,0.0115
5659,0.2415,0.1764613368283093,0.7180000000000001,0.029319270123199737,0.096,0.2758620282154522,0.5621718469231716,0.16499999999999998,0.5465,0.201269342138447,0.0125
5660,0.03,0.0105,0.4995,0.0375,0.002,0.13527411477411477,0.961,0.006,0.41400000000000003,0.05040316205533597,0.003
5661,0.11699999999999999,0.09849999999999999,0.6789999999999999,0.05388027884421095,0.0895,0.4045917617823017,0.21011787072243346,0.1295,0.341,0.18697706277747234,0.008
5662,0.010499999999999999,0.0235,0.579,0.043818135248345144,0.027000000000000003,0.21946266696266697,0.7230000000000001,0.003,0.363,0.056499999999999995,0.0
5663,0.2355,0.1713462633337272,0.7,0.08166945222013365,0.10600000000000001,0.15231687252443865,0.5141401403780078,0.1315,0.46574950495049505,0.2200376497891819,0.024
5664,0.2835,0.2625,0.6385,0.07090391298499732,0.137,0.27938283983315293,0.7076970050266727,0.1155,0.5262500000000001,0.3130480328510824,0.0105
5665,0.3355,0.20140410279547255,0.5495,0.07587044899180183,0.14999999999999997,0.042,0.689622498343234,0.174,0.56875,0.1427151322840972,0.0225
5666,0.41400000000000003,0.29089954597048806,0.6865,0.07042437866235604,0.096,0.45488992358799984,0.722,0.16399999999999998,0.42056590970436414,0.40633414797082895,0.02748126201153107
5667,0.0675,0.185,0.756,0.013500000000000002,0.048,0.18391822394707028,0.703684681067261,0.2565,0.43550000000000005,0.3932110828474152,0.0009873499837820304
5668,0.3985,0.23199999999999998,0.6824999999999999,0.06741422226334784,0.08700000000000001,0.5324617965089165,0.8945000000000001,0.175,0.4927495049504951,0.28800000000000003,0.0125
5669,0.17,0.12349999999999998,0.567,0.10472368411302355,0.20249999999999999,0.48522877615990634,0.5027764461239548,0.1375,0.7435,0.1279039603960396,0.022
5670,0.0035000000000000005,0.0085,0.5255,0.010499999999999999,0.0115,0.14587127667869818,0.9085000000000001,0.0415,0.4545,0.082,0.0025
5671,0.035500000000000004,0.04690091116173121,0.6325,0.020410891089108908,0.08349999999999999,0.415676812973205,0.43642233840389205,0.07999999999999999,0.4425,0.053000000000000005,0.0015
5672,0.3405,0.1435,0.635,0.0805,0.11850000000000001,0.12664428020565552,0.8727702353414859,0.1435,0.4255,0.296,0.022000000000000002
5673,0.30650000000000005,0.23847989093387864,0.649,0.07394059405940595,0.11099999999999999,0.4989458226269427,0.5105164994046756,0.413,0.52275,0.18424330839761777,0.0195
5674,0.32299999999999995,0.07194797277300977,0.5465,0.051500000000000004,0.0945,0.10396324704033214,0.9469999999999998,0.05049999999999999,0.3575,0.045,0.0025
5675,0.157,0.1839191778264338,0.6965,0.12102829557688774,0.16399999999999998,0.5520531137025516,0.4400181793431953,0.1315,0.45075000000000004,0.16351156508779713,0.026481724911830713
5676,0.0235,0.0245,0.556,0.05450000000000001,0.027000000000000003,0.11685410094637225,0.9515,0.0075000000000000015,0.3349990099009901,0.1705,0.001
5677,0.8535,0.05750000000000001,0.7235,0.01,0.079,0.10677411477411478,0.9964999999999999,0.1545,0.5650000000000001,0.375,0.0045
5678,0.10400000000000001,0.0605,0.716,0.04397029702970297,0.03350000000000001,0.17318913226621735,0.9029999999999999,0.059,0.512,0.1305,0.003981724911830715
5679,0.11200000000000002,0.037500000000000006,0.302,0.047409072539907046,0.018999999999999996,0.19441822394707026,0.9255000000000001,0.052000000000000005,0.6748000000000001,0.1021421800675218,0.002
5680,0.3585,0.06990948657371976,0.7505,0.08689068906890689,0.0955,0.404354852529565,0.47907402059546245,0.193,0.6002500000000001,0.21678894325078923,0.013500000000000002
5681,0.032999999999999995,0.009000000000000001,0.594,0.048,0.03150000000000001,0.18246324704033215,0.9525,0.0035000000000000005,0.24100000000000002,0.24229691890090005,0.002496775260459732
5682,0.354,0.16694216053825467,0.6195,0.051979381443298965,0.10600000000000001,0.176,0.7798197623309497,0.11199999999999999,0.5075000000000001,0.13771108284741518,0.018
5683,0.2365,0.17900000000000002,0.62,0.028500000000000004,0.0475,0.10364206649729277,0.8210000000000001,0.213,0.5479999999999999,0.2835,0.006
5684,0.1645,0.12133172121084623,0.417,0.1142549302279496,0.0875,0.3868369928702258,0.5488539486203615,0.055999999999999994,0.4185,0.14174527524137243,0.002987349983782031
5685,0.233,0.10697396768402154,0.7234999999999999,0.057999999999999996,0.15350000000000003,0.26729555682060224,0.6016847531388304,0.1035,0.37350000000000005,0.343,0.0085
5686,0.046,0.0495,0.5654999999999999,0.041470297029702965,0.0495,0.11118861923126874,0.9390000000000001,0.028500000000000004,0.5365,0.03755460206705844,0.0015
5687,0.21349999999999997,0.1525,0.7210000000000001,0.04537254434484074,0.14150000000000001,0.820031160798556,0.5726136200761133,0.1115,0.5527495602462621,0.19709346739866296,0.015500000000000003
5688,0.337,0.11099999999999999,0.6864999999999999,0.07491089108910891,0.0625,0.38929469888719564,0.8227764675640076,0.11600000000000002,0.5177142857142857,0.2005912068610119,0.0215
5689,0.5305,0.037000000000000005,0.4755,0.02792035398230089,0.04,0.038188552188552195,0.9044999999999999,0.2265,0.487,0.2505,0.0095
5690,0.0955,0.028500000000000004,0.4325,0.02344059405940594,0.0485,0.14950000000000002,0.6835,0.1,0.5795,0.04744687842278204,0.0005
5691,0.11799999999999997,0.09484497143183448,0.842,0.03840391298499731,0.133,0.4749024878097588,0.1387125212731472,0.0845,0.28875,0.464903162055336,0.007000000000000001
5692,0.425,0.021,0.5255,0.06778776652641387,0.098,0.131,0.8835,0.07600000000000001,0.4667995245641839,0.20389375684556404,0.009
5693,0.4114999999999999,0.2454613368283093,0.659,0.13335481632275376,0.1675,0.2212312723661932,0.8220386289622652,0.1915,0.5365,0.28038148967041,0.016
5694,0.0955,0.0755,0.7020000000000001,0.026000000000000002,0.1025,0.157,0.2517359657469077,0.0815,0.7463333333333334,0.10396293494704992,0.001
5695,0.118,0.057999999999999996,0.531,0.04897029702970297,0.0395,0.146,0.8314999999999999,0.076,0.35300000000000004,0.25929184549356227,0.0005
5696,0.038,0.020999999999999998,0.556,0.017,0.022500000000000003,0.15268855218855218,0.562,0.058499999999999996,0.4385,0.11950000000000001,0.0034999999999999996
5697,0.375,0.055499999999999994,0.635,0.09342447960870146,0.1085,0.078,0.8140000000000001,0.193,0.5898333333333333,0.2382619313998155,0.0025
5698,0.0235,0.025500000000000002,0.4605,0.041999999999999996,0.003,0.11627383863080687,0.891,0.016000000000000004,0.3755,0.20750000000000002,0.0025
5699,0.3135,0.1392603213019728,0.6315,0.032970297029702965,0.11850000000000001,0.26862749409793774,0.2571581632653061,0.1895,0.550798534465174,0.23270202661749625,0.009493756161682552
5700,0.2445,0.0325,0.5890000000000001,0.03786427921594575,0.133,0.10273676753444223,0.8244487145949959,0.11749999999999998,0.62425,0.18934955155205369,0.013500000000000002
5701,0.025,0.019000000000000003,0.5039999999999999,0.12541184154046128,0.05,0.12349999999999998,0.8135,0.002,0.22033333333333333,0.10683774834437085,0.009000000000000001
5702,0.433,0.182,0.648,0.069454990907254,0.049,0.2541341748560715,0.8013818321785988,0.132,0.49333333333333335,0.3468388704318937,0.0235
5703,0.0105,0.0,0.6049999999999999,0.0375,0.006999999999999999,0.15299999999999997,0.8940000000000001,0.0025,0.3998333333333334,0.08950000000000001,0.0005
5704,0.34850000000000003,0.099,0.594,0.0604922279792746,0.1005,0.09449999999999999,0.834,0.10400000000000001,0.35950000000000004,0.1640315086903051,0.0034999999999999996
5705,0.032,0.0205,0.43499999999999994,0.013000000000000001,0.0195,0.1375,0.721,0.0115,0.43125,0.0495,0.0
5706,0.35400000000000004,0.2639238845144357,0.756,0.055215460076981845,0.16899999999999998,0.46766269063596255,0.7351909160892994,0.1665,0.4877083333333333,0.31384757546609376,0.0345
5707,0.7975,0.059,0.6755000000000001,0.03691172167648476,0.08249999999999999,0.10504795340492161,0.9884999999999999,0.095,0.5981245049504951,0.2680590033275123,0.013500000000000002
5708,0.014500000000000002,0.0055,0.6935,0.09174462094959908,0.0445,0.11873769691808274,0.9285668103448275,0.0025,0.368,0.07849999999999999,0.0015
5709,0.053000000000000005,0.0635,0.659,0.04998469387755102,0.0365,0.22877444987775064,0.9095000000000001,0.026000000000000002,0.33649999999999997,0.14750000000000002,0.015500000000000003
5710,0.25250000000000006,0.0945,0.766,0.06998969072164948,0.07999999999999999,0.1650485646518654,0.8377699328473781,0.47250000000000003,0.6915,0.1295,0.0155
5711,0.153,0.1515,0.7585,0.03497029702970297,0.082,0.20139599706441497,0.6364253307067868,0.0615,0.5011662269129287,0.17362946872249196,0.0185
5712,0.092,0.013500000000000002,0.5135000000000001,0.033499999999999995,0.0885,0.1035,0.91635844829039,0.0455,0.3035,0.18725320253345396,0.0025
5713,0.0115,0.0085,0.5245,0.03959777160249331,0.0345,0.12627444987775063,0.875066882416397,0.06949999999999999,0.31133333333333335,0.053500000000000006,0.0035000000000000005
5714,0.024,0.046,0.5229999999999999,0.039970297029702964,0.007000000000000001,0.1085,0.9285,0.0155,0.46299999999999997,0.0855,0.0095
5715,0.07250000000000001,0.068,0.555,0.029470297029702976,0.071,0.15754795340492161,0.7868757813791503,0.0665,0.42400000000000004,0.158,0.0005
5716,0.43550000000000005,0.14182848511436424,0.607,0.032,0.07400000000000001,0.35413314093278825,0.7985403212773459,0.25949999999999995,0.5436666666666666,0.3207852599286114,0.027498738631082785
5717,0.128,0.15150031066201844,0.7610000000000001,0.0365,0.08249999999999999,0.26681877152644684,0.6785,0.0355,0.6912995245641838,0.14040396039603958,0.0005
5718,0.1325,0.0785,0.554,0.05444142464678179,0.049,0.12146265276032744,0.8596337648327939,0.10750000000000001,0.5354162269129288,0.2585,0.011468612128535565
5719,0.4885,0.10700000000000001,0.6675,0.057277603672847656,0.1555,0.26123704367775014,0.8553539486203615,0.16899999999999998,0.5128898653131211,0.4028928551576968,0.012993756161682551
5720,0.013000000000000001,0.017499999999999998,0.5389999999999999,0.04389800686629792,0.0045,0.1135,0.9065000000000001,0.031999999999999994,0.4267490646158407,0.07149523502068364,0.001
5721,0.231,0.17890969087732816,0.6759999999999999,0.04324266679004349,0.14150000000000001,0.5251073260519478,0.3818229499215564,0.24,0.44875,0.265403162055336,0.02
5722,0.0195,0.01548663594470046,0.5785,0.03448469387755102,0.0095,0.17050000000000004,0.966770235341486,0.017499999999999998,0.2961666666666667,0.06925320253345398,0.0
5723,0.5195000000000001,0.019,0.5075000000000001,0.0465,0.052000000000000005,0.1332362294501659,0.7871179828734538,0.177,0.3065,0.23390316205533596,0.006
5724,0.01,0.014500000000000002,0.47650000000000003,0.020929375506454496,0.053000000000000005,0.22896266696266698,0.7394999999999999,0.039,0.326624628344896,0.05625267653854279,0.0
5725,0.36,0.04696194225721785,0.471,0.020999999999999998,0.16699999999999998,0.23135570667260658,0.5606522524680321,0.11500000000000002,0.4575,0.24475499999999997,0.0185
5726,0.492,0.013000000000000001,0.6455,0.014499999999999999,0.0215,0.04368855218855219,0.9635000000000001,0.13799999999999998,0.3515,0.2,0.0025
5727,0.22149999999999997,0.0595,0.807,0.401943877403007,0.1155,0.39983618712499513,0.639849293037026,0.0675,0.2,0.1085,0.021
5728,0.23900000000000002,0.077,0.583,0.07338027884421096,0.0645,0.1165,0.945,0.084,0.516,0.2675,0.010487666342096722
5729,0.021,0.006,0.5255,0.02944059405940594,0.011500000000000002,0.1165,0.9120000000000001,0.0115,0.3262995245641838,0.07340316205533598,0.0025
5730,0.032,0.05500000000000001,0.6355000000000001,0.0385,0.029000000000000005,0.1635,0.753,0.0095,0.3885,0.10650000000000001,0.0
5731,0.08900000000000001,0.031947972773009765,0.702,0.03298469387755102,0.063,0.1542960637356,0.8501522524680322,0.0095,0.40049999999999997,0.039,0.002
5732,0.3375,0.0985,0.5665,0.06191422226334783,0.11100000000000002,0.19558787017616724,0.5161162467960864,0.22000000000000003,0.4731666666666666,0.40430632411067197,0.0085
5733,0.3055,0.2975,0.693,0.06229456399700117,0.11000000000000001,0.1592194368438003,0.7648087868117328,0.14250000000000002,0.48862500000000003,0.3657905982905983,0.02999375616168255
5734,0.0625,0.0235,0.613,0.06238974173740293,0.052000000000000005,0.1385,0.9285,0.0185,0.48649999999999993,0.08294687842278205,0.0025
5735,0.30500000000000005,0.0375,0.35550000000000004,0.0105,0.12150000000000001,0.15959897634747428,0.8469393186719968,0.20050000000000004,0.4413333333333333,0.3505,0.09149359395532194
5736,0.2575,0.2388886604063559,0.6945,0.0889896907216495,0.1915,0.593,0.5832780039349531,0.0975,0.57325,0.18929184549356223,0.020999999999999998
5737,0.2925,0.1575,0.765,0.051470297029702974,0.1375,0.30039741689454746,0.36604643159340616,0.07,0.4956662269129287,0.45097194910352806,0.0105
5738,0.24300000000000002,0.1714148597889827,0.751,0.08600000000000001,0.1275,0.5682260095039868,0.5226418476461092,0.15950000000000003,0.5442912269129289,0.24300000000000002,0.02299359185014788
5739,0.22999999999999998,0.049,0.6405,0.030943925233644858,0.065,0.17632431778689633,0.7220491794317421,0.174,0.6138333333333333,0.18582434245510407,0.016500000000000004
5740,0.05650000000000001,0.0015,0.636,0.051000000000000004,0.013500000000000002,0.13449744478408487,0.9594999999999999,0.0015,0.20950000000000002,0.1015,0.0
5741,0.3125,0.22549999999999998,0.6895,0.0591567990634914,0.08149999999999999,0.7673202751133927,0.8985,0.1525,0.5068324666287243,0.2959463894967177,0.0125
5742,0.21000000000000002,0.05168351250498572,0.6515,0.19034203304628822,0.064,0.12312798523225063,0.9375,0.14450000000000002,0.5760000000000001,0.19638046668799858,0.010499999999999999
5743,0.429,0.16392237881929153,0.6245,0.07795009500950094,0.1435,0.1155,0.6836783705329044,0.15699999999999997,0.5082500000000001,0.1643079207920792,0.0195
5744,0.156,0.08092926829268292,0.655,0.038,0.1115,0.13565179922888432,0.9205,0.087,0.41474950495049506,0.29900000000000004,0.003
5745,0.72,0.129,0.583,0.036914222263347826,0.0945,0.1145,0.9574999999999999,0.132,0.43462499999999993,0.18727090583191192,0.0155
5746,0.03,0.025500000000000002,0.5875,0.018470297029702973,0.032,0.10327411477411477,0.820566882416397,0.0315,0.47733239794917404,0.04290316205533597,0.0045
5747,0.3015,0.16740323597670448,0.6184999999999998,0.05385481632275376,0.155,0.34872476404631136,0.425740465416936,0.26,0.5664315864439728,0.26175165614998597,0.023
5748,0.006999999999999999,0.023,0.595,0.021970297029702972,0.027999999999999997,0.14320793632155196,0.7819999999999999,0.013000000000000001,0.47800000000000004,0.045500000000000006,0.0
5749,0.134,0.011,0.719,0.043382878991278476,0.477,0.085,0.909,0.0785,0.5940825219244913,0.0761574723441329,0.0035000000000000005
5750,0.078,0.10686413378552165,0.5345,0.0425,0.149,0.169962666962667,0.6142546348052187,0.0425,0.502,0.11174283082793328,0.01
5751,0.4600000000000001,0.23650000000000002,0.5940000000000001,0.0625,0.1625,0.41970548562831045,0.7123539486203615,0.231,0.48787456024626213,0.26298566165586656,0.026988876703564348
5752,0.11199999999999999,0.0325,0.6199999999999999,0.042499999999999996,0.0225,0.15,0.8841909160892995,0.0205,0.45749950495049496,0.16374203248722968,0.012
5753,0.263,0.1308871668593672,0.5594999999999999,0.08588027884421096,0.123,0.14183910293344573,0.9241909160892995,0.0315,0.47225,0.1505,0.0105
5754,0.48650000000000004,0.1725,0.48500000000000004,0.0745,0.142,0.23200572224394378,0.786625798084861,0.2965,0.446,0.4319039603960396,0.0165
5755,0.1775,0.028500000000000004,0.612,0.03381100499430474,0.0945,0.12782271202683276,0.891,0.087,0.425,0.175,0.005
5756,0.5865,0.09646194225721785,0.5095000000000001,0.043500000000000004,0.13749999999999998,0.08962821572048701,0.8796612964536946,0.29800000000000004,0.2956666666666667,0.3924039603960396,0.01098734801183043
5757,0.5205,0.0505,0.6925000000000001,0.0465,0.0845,0.1885462850036694,0.47706688241639694,0.1575,0.44349999999999995,0.21317661877626454,0.002
5758,0.20550000000000002,0.013500000000000002,0.4885,0.058499999999999996,0.029000000000000005,0.18027411477411476,0.9824999999999999,0.0465,0.31100000000000005,0.23080632411067192,0.002
5759,0.45649999999999996,0.24537038438253694,0.627,0.05791422226334784,0.122,0.4091339023744462,0.7775915338854231,0.21849999999999997,0.5807486248621029,0.2473845474785509,0.01648766634209672
5760,0.05,0.026500000000000003,0.319,0.1146984140925561,0.0615,0.17377411477411478,0.871566882416397,0.014500000000000002,0.31420833333333337,0.1246406387687163,0.009
5761,0.0015,0.0558839937293512,0.576,0.03786427921594575,0.0245,0.10400000000000001,0.9400000000000001,0.041,0.3385,0.0885,0.0035000000000000005
5762,0.0075,0.014499999999999999,0.4655,0.04392702779893374,0.01,0.11754856465186539,0.9235,0.0155,0.37683333333333335,0.07211264822134388,0.0
5763,0.05,0.0865,0.7975,0.02147029702970297,0.0205,0.17100371065666709,0.859,0.035,0.3973328935795954,0.08399999999999999,0.0005
5764,0.275,0.087,0.644,0.07788217662706727,0.10800000000000001,0.33546054148315035,0.8244999999999999,0.1445,0.5058823985300905,0.21833166159441694,0.009
5765,0.34950000000000003,0.0375,0.5195,0.007925287936956961,0.022000000000000002,0.11522360557768925,0.6635,0.2015,0.40060025567294766,0.30365746143093225,0.0
5766,0.36900000000000005,0.101,0.35350000000000004,0.022,0.168,0.2593220681790364,0.6812516355552274,0.209,0.402,0.4627918454935623,0.09949999999999999
5767,0.509,0.11599999999999999,0.5435000000000001,0.023864279215945746,0.05550000000000001,0.15525062453943253,0.8985,0.154,0.2518333333333333,0.2647620853178498,0.009
5768,0.38,0.127,0.5774999999999999,0.02291089108910891,0.12550000000000003,0.10760298327088336,0.6529701954164479,0.199,0.423374133295391,0.22775271360738966,0.008
5769,0.184,0.08322829304273088,0.533,0.10290504785985191,0.11200000000000002,0.2692857404526109,0.9555,0.0635,0.47316622691292876,0.26077802478291734,0.015
5770,0.6385,0.4522993584951247,0.7305,0.02848469387755102,0.08600000000000001,0.3788967540812967,0.11473758526506159,0.6285000000000001,0.4574999999999999,0.12233774834437086,0.004999999999999999
5771,0.143,0.044000000000000004,0.6399999999999999,0.02984308489751041,0.022,0.27274753354154857,0.9404999999999999,0.041999999999999996,0.44149900990099,0.20820576577498326,0.0035000000000000005
5772,0.8695,0.0185,0.6805,0.0075000000000000015,0.0915,0.16454856465186538,0.998,0.175,0.47450000000000003,0.40549999999999997,0.003
5773,0.28700000000000003,0.143,0.6995,0.05825125846553758,0.058499999999999996,0.953,0.8635000000000002,0.146,0.55515,0.2374177186242421,0.0095
5774,0.27699999999999997,0.2452447360242475,0.7215,0.049984693877551015,0.118,0.7633541009463722,0.6310944255233156,0.122,0.5589999999999999,0.173,0.01949375616168255
5775,0.05349999999999999,0.17296194225721784,0.9029999999999999,0.039,0.132,0.22315152308557643,0.1855,0.0635,0.8445,0.10040316205533598,0.003
5776,0.297,0.06685853658536586,0.6715,0.039920392039203924,0.1475,0.4197545839446885,0.5356848652898509,0.646,0.6493328382838284,0.15860689847059573,0.006
5777,0.29900000000000004,0.072,0.608,0.0905,0.052000000000000005,0.1304601782138796,0.9161179828734539,0.0905,0.4881666666666666,0.28150000000000003,0.0055
5778,0.021500000000000002,0.009000000000000001,0.47450000000000003,0.01442861911119588,0.031,0.14321496595810826,0.798,0.022,0.2145,0.04005983605876524,0.0005
5779,0.31850000000000006,0.05449999999999999,0.533,0.024887850467289724,0.0895,0.13154431510112818,0.9175000000000001,0.11850000000000001,0.5605823979491741,0.15202932220694257,0.0045000000000000005
5780,0.522,0.0745,0.5695,0.063,0.1,0.13246265276032745,0.918046669175762,0.18650000000000003,0.590375,0.25958057917230415,0.008
5781,0.3995,0.1055,0.5145000000000001,0.02,0.1295,0.18485536259812216,0.8507359657469078,0.19649999999999998,0.44349999999999995,0.3949039603960396,0.053500000000000006
5782,0.0165,0.0425,0.383,0.02973851496880093,0.0355,0.149,0.662617982873454,0.020499999999999997,0.43674818394653203,0.14881171448507416,0.0
5783,0.094,0.11200000000000002,0.7295,0.014500000000000002,0.08650000000000001,0.24545354712762218,0.3775,0.093,0.524,0.099,0.004
5784,0.01,0.004,0.5125,0.04,0.036,0.0995,0.9824999999999999,0.0305,0.4375,0.057499999999999996,0.0005
5785,0.45200000000000007,0.20387038438253696,0.59,0.05326388886266083,0.12050000000000001,0.31425592480942977,0.7586848652898508,0.238,0.4074162269129287,0.35209284532077517,0.03349248624693284
5786,0.3375,0.13249999999999998,0.7150000000000001,0.058741678993697644,0.0725,0.1341885521885522,0.8993836338451631,0.156,0.43600000000000005,0.3195,0.0045000000000000005
5787,0.34500000000000003,0.2263056888948678,0.6699999999999999,0.05748469387755102,0.1115,0.9808541009463723,0.6051095966997232,0.16449999999999998,0.5092495596653457,0.23090316205533598,0.04449375616168255
5788,0.065,0.076,0.6060000000000001,0.0642823940557321,0.0055,0.1547744498777506,0.8591179828734539,0.05249999999999999,0.5134995602462622,0.07000647786963186,0.0025
5789,0.07449999999999998,0.057999999999999996,0.557,0.0594627268492123,0.0325,0.17259525648749047,0.877,0.023,0.39337411991160776,0.13578422229769477,0.0034999999999999996
5790,0.4709999999999999,0.06799999999999999,0.466,0.054954990907253996,0.064,0.14608349221810418,0.908,0.185,0.2475,0.376,0.004
5791,0.024,0.03846194225721784,0.6074999999999999,0.03837712280843469,0.028999999999999998,0.12827411477411477,0.8160000000000001,0.0205,0.47199856956633574,0.08890316205533597,0.0035000000000000005
5792,0.051000000000000004,0.0355,0.48850000000000005,0.06283769165110294,0.012,0.12477411477411479,0.958,0.042,0.22374955966534565,0.11254380082405227,0.0015
5793,0.0985,0.2949866359447005,0.8205,0.05250907735320749,0.094,0.22277411477411482,0.6221178707224334,0.426,0.48249999999999993,0.3493071224513756,0.00948734998378203
5794,0.3765,0.17585749213696517,0.6639999999999999,0.07688785046728971,0.073,0.6716888141295205,0.8521135515921591,0.21349999999999997,0.537449029514679,0.2775507516200125,0.012
5795,0.383,0.0335,0.512,0.00898469387755102,0.0445,0.19726765873784904,0.9086179828734539,0.1365,0.356,0.26833887043189364,0.0015
5796,0.49000000000000005,0.057999999999999996,0.635,0.06497029702970297,0.08149999999999999,0.08750000000000001,0.8968229922955393,0.18350000000000002,0.5475,0.2465,0.0085
5797,0.054000000000000006,0.02548021828103684,0.6235,0.07348469387755102,0.015500000000000003,0.15427411477411476,0.95,0.0205,0.47034950495049505,0.1252905982905983,0.006500000000000001
5798,0.35350000000000004,0.07,0.633,0.057499999999999996,0.044500000000000005,0.17789225393127545,0.6581179828734538,0.0635,0.5734999999999999,0.0795,0.0025
5799,0.137,0.07849999999999999,0.771,0.04650000000000001,0.05450000000000001,0.062,0.9286179828734538,0.0395,0.49049999999999994,0.1335,0.002
5800,0.3285,0.054000000000000006,0.6835000000000001,0.09939558496665993,0.083,0.14987794639573798,0.9475,0.037,0.37654952456418384,0.12133774834437086,0.0005
5801,0.194,0.1575,0.7175,0.05244392523364486,0.122,0.4936557513793286,0.4762399006635764,0.11199999999999999,0.5497500000000001,0.21367661877626457,0.016999999999999998
5802,0.06549999999999999,0.096,0.6880000000000001,0.054970297029702964,0.10300000000000001,0.23836592960550887,0.5272032648541967,0.0435,0.5695,0.14150000000000001,0.0445
5803,0.2495,0.014499999999999999,0.391,0.01798469387755102,0.05,0.11368855218855219,0.8776179828734538,0.17750000000000002,0.31633333333333336,0.2525,0.0015
5804,0.344,0.121,0.6255,0.0666476850395669,0.092,0.13923676753444222,0.7418942690143883,0.10800000000000001,0.41763142746385296,0.2957841378410886,0.03399069235793599
5805,0.006,0.0325,0.541,0.028499999999999998,0.018,0.13499999999999998,0.7615000000000001,0.024,0.5813333333333334,0.04390316205533597,0.0
5806,0.1635,0.2414159042373834,0.7735000000000001,0.03899999999999999,0.09,0.26537736631807285,0.5376688112679254,0.0995,0.66445,0.11600000000000002,0.0075000000000000015
5807,0.33049999999999996,0.1315,0.588,0.014000000000000002,0.0855,0.13456676052525857,0.8976179828734538,0.135,0.3951666666666666,0.4125,0.015
5808,0.125,0.1255,0.5505000000000001,0.0485,0.129,0.23286559450187302,0.05758537005163511,0.10900000000000001,0.6715,0.1905,0.005487666342096723
5809,0.004499999999999999,0.0235,0.5705,0.04344392523364486,0.014500000000000002,0.1872744498777506,0.9603818321785991,0.0055,0.2805833333333333,0.0842094861660079,0.001
5810,0.135,0.05800000000000001,0.5494999999999999,0.07018810481420559,0.07649999999999998,0.1766888141295206,0.5459999999999999,0.07749999999999999,0.3709166666666667,0.0986885871631925,0.0245
5811,0.1585,0.04,0.6679999999999999,0.08987534488955487,0.0385,0.147128215720487,0.9295,0.045000000000000005,0.46475,0.15680632411067194,0.0055
5812,0.177,0.04796194225721785,0.676,0.07356352389587768,0.032,0.134,0.9681179828734539,0.027000000000000003,0.5908741880102415,0.0851467912239729,0.008
5813,0.035,0.012,0.5854999999999999,0.0405,0.014000000000000002,0.12526288676217728,0.9075,0.002,0.2717495049504951,0.127,0.0015
5814,0.017000000000000005,0.020473967684021547,0.4995,0.07992437866235602,0.029500000000000005,0.1321885521885522,0.905,0.0235,0.3605828382838284,0.12959046195176055,0.001
5815,0.141,0.062,0.6185,0.04445499090725399,0.0815,0.09823736181444691,0.9635,0.0595,0.5099166666666666,0.20788184011321623,0.0025
5816,0.006500000000000001,0.016500000000000004,0.625,0.011,0.006500000000000001,0.16165206116985273,0.9640000000000001,0.006,0.2665,0.06949999999999999,0.0
5817,0.3245,0.1044055896182348,0.5585,0.03945499090725399,0.094,0.13835410094637224,0.9135000000000002,0.195,0.5805,0.2564463894967178,0.009999999999999998
5818,0.43150000000000005,0.033423884514435696,0.5605,0.038500000000000006,0.1305,0.08787768445476954,0.811778203641375,0.20249999999999999,0.38,0.4159999999999999,0.002
5819,0.259,0.23748021828103685,0.646,0.038000000000000006,0.118,0.11173737878138598,0.670096043076744,0.14150000000000001,0.544,0.2474629349470499,0.026500000000000003
5820,0.2955,0.2368079880958071,0.72,0.06989891614089885,0.0905,0.27618955056564864,0.832566882416397,0.122,0.614375,0.24571119754686524,0.011490692357935988
5821,0.08399999999999999,0.010500000000000002,0.731,0.11526746355986643,0.0445,0.12227411477411479,0.9480000000000001,0.013000000000000001,0.29250000000000004,0.0735,0.0045
5822,0.4765,0.064,0.6285000000000001,0.020999999999999998,0.10200000000000001,0.1005,0.7018088989627534,0.23349999999999999,0.473,0.2485,0.0005
5823,0.0495,0.014000000000000002,0.6174999999999999,0.04447029702970297,0.0245,0.08349999999999999,0.917664652049216,0.028000000000000004,0.48599999999999993,0.045,0.0075000000000000015
5824,0.0845,0.0385,0.6984999999999999,0.002,0.026000000000000002,0.1612744498777506,0.8766179828734538,0.07150000000000001,0.39249999999999996,0.16933774834437088,0.004
5825,0.4615,0.124,0.5875,0.02745499090725399,0.083,0.20401129057486025,0.8176179828734538,0.29700000000000004,0.3447823632244459,0.3168349463115326,0.013500000000000002
5826,0.4525,0.19139016610150006,0.8300000000000001,0.32194392523364485,0.11950000000000001,0.21136077983794302,0.4275166634869782,0.07899999999999999,0.817,0.131,0.01799359185014788
5827,0.4495,0.43234390392876615,0.617,0.0375,0.064,0.12467062416483554,0.8359328425407673,0.22800000000000004,0.4149999999999999,0.49750000000000005,0.006500000000000001
5828,0.351,0.06,0.6165,0.08483533264090733,0.11300000000000002,0.1651659039750309,0.966,0.064,0.5855,0.12740316205533597,0.015500000000000003
5829,0.202,0.21150000000000002,0.8520000000000001,0.038,0.11750000000000001,0.37768645865697603,0.4221623642715235,0.276,0.4623333333333333,0.267,0.0215
5830,0.17250000000000001,0.1565,0.7230000000000001,0.09330047048576824,0.10800000000000001,0.2967078411634132,0.5206847531388304,0.1385,0.5385,0.1945786587440777,0.0075
5831,0.32199999999999995,0.0345,0.7355,0.04546938775510204,0.10700000000000001,0.12054822954822955,0.762,0.0225,0.5269999999999999,0.11446328538985617,0.006
5832,0.21800000000000003,0.043,0.49399999999999994,0.2843122291296457,0.07250000000000001,0.10327411477411477,0.704,0.0735,0.41025,0.2919462282767927,0.0015
5833,0.16,0.04,0.576,0.03737534488955487,0.0495,0.072,0.8592576516471663,0.05700000000000001,0.5125,0.19340331513008474,0.002
5834,0.3165,0.098,0.5025,0.06549999999999999,0.1,0.23056618044759342,0.7525342660697041,0.0655,0.48249999999999993,0.12244687842278204,0.006
5835,0.06649999999999999,0.025,0.6224999999999999,0.04697029702970297,0.014500000000000002,0.1137079714045081,0.9185000000000001,0.010499999999999999,0.35666666666666663,0.16090316205533597,0.0005
5836,0.0095,0.0185,0.53,0.07196938775510205,0.015000000000000003,0.15268881412952062,0.9255000000000001,0.023,0.2793333333333333,0.10647869652772649,0.005
5837,0.20600000000000002,0.019000000000000003,0.42349999999999993,0.01995499090725399,0.0315,0.12197570387590351,0.8915,0.009,0.363,0.23776985634738668,0.001
5838,0.1425,0.07999999999999999,0.5985,0.044,0.07899999999999999,0.177283403275661,0.6861522524680321,0.18749999999999997,0.45600000000000007,0.2,0.008
5839,0.0015,0.0125,0.44299999999999995,0.011428619111195882,0.0085,0.13399999999999998,0.813,0.016,0.3969995596653456,0.1000864953131478,0.0
5840,0.087,0.0165,0.6719999999999999,0.4265,0.013500000000000002,0.10577411477411477,0.9700000000000001,0.0055,0.209,0.149,0.001
5841,0.162,0.025,0.5045,0.042499999999999996,0.0595,0.089,0.8925000000000001,0.12450000000000001,0.5087499999999999,0.19779184549356224,0.0025
5842,0.0755,0.046,0.6224999999999999,0.023,0.030500000000000006,0.12027383863080683,0.8875,0.0245,0.3835,0.27549999999999997,0.0025
5843,0.142,0.0434238845144357,0.48500000000000004,0.05,0.071,0.12623736181444692,0.8595,0.038,0.373,0.24112009787654348,0.005
5844,0.4375,0.22949999999999998,0.6495,0.03448469387755102,0.217,0.3323899137456766,0.7758755964312031,0.1395,0.3785,0.4145,0.028499999999999998
5845,0.43099999999999994,0.2732701478481629,0.7,0.0758048732753517,0.128,0.2756660925620823,0.5961178707224334,0.198,0.469,0.35684955155205367,0.015487348011830432
5846,0.345,0.31799999999999995,0.6875,0.052484693877551024,0.177,0.2960622916992143,0.7324425917239779,0.182,0.48250000000000004,0.3567700573984255,0.0155
5847,0.7424999999999999,0.07549999999999998,0.6685000000000001,0.07835564691012961,0.0825,0.09977411477411477,0.986,0.08700000000000001,0.6102995602462622,0.2650376998552388,0.006
5848,0.46699999999999997,0.14447396768402154,0.6115,0.0315,0.1365,0.13835994826242393,0.9211179828734538,0.178,0.43450000000000005,0.2125,0.0155
5849,0.0345,0.051000000000000004,0.5349999999999999,0.020454990907253993,0.11750000000000001,0.1045,0.7195,0.009,0.40083333333333326,0.30129184549356225,0.0005
5850,0.129,0.056499999999999995,0.6615,0.018383853541416566,0.10149999999999999,0.09009590680984325,0.8851179828734539,0.06799999999999999,0.5533328929986789,0.1968903645762397,0.006
5851,0.042499999999999996,0.156,0.6,0.05673349238654757,0.027500000000000004,0.09577411477411478,0.8324999999999999,0.0345,0.26187499999999997,0.05450000000000001,0.0005
5852,0.137,0.08049999999999999,0.6375,0.0205,0.053000000000000005,0.14887794639573795,0.957066882416397,0.0635,0.27149999999999996,0.272,0.0055
5853,0.354,0.013500000000000002,0.40449999999999997,0.032,0.05950000000000001,0.15750000000000003,0.5686179828734538,0.043000000000000003,0.255,0.220255,0.001
5854,0.347,0.3075,0.6615,0.128,0.045000000000000005,0.0971335074133994,0.7819678616249494,0.22749999999999998,0.524,0.45099999999999996,0.004
5855,0.6385,0.4522993584951247,0.7305,0.02848469387755102,0.08600000000000001,0.3788967540812967,0.11473758526506159,0.6285000000000001,0.4574999999999999,0.12233774834437086,0.004999999999999999
5856,0.0045,0.0085,0.4035,0.023428619111195877,0.009000000000000001,0.13899999999999998,0.8545,0.0195,0.28929952456418384,0.10449442234780013,0.0015
5857,0.11850000000000001,0.11100000000000002,0.637,0.08087534488955488,0.093,0.25846239081935907,0.6461179828734538,0.069,0.4304166666666667,0.17679059829059832,0.0165
5858,0.029000000000000005,0.025500000000000002,0.5205,0.021,0.010499999999999999,0.06923769691808274,0.8895,0.004,0.32799999999999996,0.1645,0.0075000000000000015
5859,0.4485,0.09000000000000001,0.5685,0.10578002557248564,0.101,0.224275619589661,0.8507826349226699,0.174,0.5755000000000001,0.20440316205533599,0.012
5860,0.0475,0.09120151685636546,0.7905,0.02898469387755102,0.14450000000000002,0.1975,0.18100000000000002,0.0785,0.7030833333333333,0.11350000000000002,0.0025
5861,0.0625,0.013500000000000002,0.6130000000000001,0.033,0.0125,0.12504856465186537,0.9377404654169359,0.0345,0.3093333333333333,0.0605,0.0075
5862,0.33499999999999996,0.011000000000000001,0.6335,0.04345998775135246,0.119,0.13017113413290332,0.7826178707224335,0.12050000000000002,0.6645833333333333,0.07500000000000001,0.011993756161682549
5863,0.036000000000000004,0.09841612822227623,0.4755,0.037,0.149,0.16473678173678172,0.4878338037684603,0.0295,0.40800000000000003,0.0695,0.009999999999999998
5864,0.0035000000000000005,0.0035000000000000005,0.5614999999999999,0.0305,0.019,0.11750000000000001,0.9735000000000001,0.006500000000000001,0.30333333333333334,0.07540316205533598,0.0
5865,0.7395,0.07050000000000001,0.526,0.034999999999999996,0.11950000000000001,0.18404411294806974,0.9321970050266728,0.10450000000000001,0.6665000000000001,0.225,0.007964738632848748
5866,0.758,0.045000000000000005,0.402,0.0395,0.049,0.1535,0.7415,0.4415,0.28800000000000003,0.2505,0.0005
5867,0.2285,0.2093995459704881,0.7075,0.04,0.095,0.23189225393127547,0.5693695456317545,0.084,0.6885,0.20497194910352806,0.0045
5868,0.0445,0.0395,0.6379999999999999,0.0225,0.04,0.1095,0.7396179828734539,0.044,0.6411661716171617,0.07121108284741517,0.0005
5869,0.1065,0.0215,0.46799999999999997,0.17099637194670977,0.021500000000000002,0.13746324704033214,0.9349999999999999,0.0115,0.41883919964713534,0.16548668361387361,0.0
5870,0.1675,0.0595,0.5875,0.01698469387755102,0.05,0.1112365055934738,0.8798943059932309,0.049999999999999996,0.286,0.25078462676715285,0.0015
5871,0.288,0.13896194225721784,0.6775,0.07357580313156649,0.1835,0.39846838892603575,0.7558104086497272,0.12250000000000001,0.5314162269129288,0.22585011611659578,0.025500000000000002
5872,0.0305,0.01,0.545,0.031484693877551026,0.014500000000000002,0.18284061335840493,0.9191179828734539,0.006,0.27824950495049505,0.09633774834437085,0.0015
5873,0.4445,0.013500000000000002,0.4494999999999999,0.04,0.020999999999999998,0.1607741147741148,0.9185668824163971,0.0305,0.3045,0.273350040478118,0.0005
5874,0.22949999999999998,0.0715,0.6154999999999999,0.04391422226334783,0.1875,0.19142589980065958,0.729,0.11950000000000001,0.6474161716171618,0.1428699042892537,0.007000000000000001
5875,0.0315,0.0625,0.4755,0.06597029702970297,0.041999999999999996,0.1897722286581834,0.86,0.0595,0.429499560246262,0.25633774834437084,0.013000000000000001
5876,0.48650000000000004,0.12792926829268295,0.7074999999999999,0.027913312988746903,0.0375,0.21942297845278946,0.8115,0.23199999999999998,0.43249950495049505,0.33156966889573036,0.005496858465608466
5877,0.49749999999999994,0.0335,0.6054999999999999,0.01780736953258708,0.05249999999999999,0.08146266696266698,0.946566882416397,0.1725,0.251,0.25999999999999995,0.011000000000000001
5878,0.3725,0.125,0.41150000000000003,0.06144059405940594,0.1685,0.3761433809156993,0.781853832061148,0.074,0.36150000000000004,0.12709095087782485,0.007000000000000001
5879,0.3,0.07829679274003679,0.31050000000000005,0.06545499090725398,0.12799999999999997,0.2908009828573752,0.9324999999999999,0.0875,0.4962912269129287,0.24468970925071534,0.009
5880,0.145,0.047,0.6435,0.03,0.05550000000000001,0.06158087316254422,0.9215,0.051000000000000004,0.45999999999999996,0.23500000000000001,0.003
5881,0.48549999999999993,0.057499999999999996,0.53,0.11531313840424669,0.07250000000000001,0.25112849520031844,0.8030000000000002,0.181,0.45021619123085044,0.19973150518993493,0.0205
5882,0.0955,0.029000000000000005,0.542,0.034,0.052000000000000005,0.1685,0.9035,0.0375,0.267,0.23525320253345394,0.0015
5883,0.24050000000000002,0.15194216053825468,0.716,0.07196252500897758,0.16999999999999998,0.9339999999999999,0.5742424211252134,0.0965,0.5036333333333333,0.182869257034676,0.02198734998378203
5884,0.013500000000000002,0.06000000000000001,0.485,0.04947029702970297,0.048,0.1015,0.8869999999999999,0.05800000000000001,0.4182499999999999,0.04849603336138727,0.008
5885,0.2735,0.0645,0.641,0.053000000000000005,0.1135,0.13577411477411477,0.9455,0.11499999999999999,0.5235,0.16157945708478133,0.006500000000000001
5886,0.34500000000000003,0.240345069167801,0.6965,0.0385,0.1075,0.2934966268961089,0.7076179828734539,0.205,0.4835,0.365,0.039987185805469824
5887,0.18,0.08549999999999999,0.5885,0.0125,0.0305,0.16190266559823763,0.6249936521015839,0.0835,0.4765,0.2375,0.006
5888,0.40049999999999997,0.21085749213696517,0.6615,0.05694392523364485,0.1045,0.6870971363568485,0.8216179828734539,0.19499999999999998,0.4724157318634238,0.31849999999999995,0.0095
5889,0.4925,0.187,0.6825,0.08732430363806026,0.0705,0.2537006584225707,0.7545668824163971,0.2835,0.3325828935795954,0.10373774210179772,0.0025
5890,0.148,0.051500000000000004,0.4145,0.019799068102997718,0.022,0.24070887067544713,0.53,0.03,0.439832892998679,0.19155635250812572,0.0005
5891,0.362,0.0455,0.5445,0.02247029702970297,0.13999999999999999,0.1334629708970242,0.9349999999999999,0.06949999999999999,0.3565,0.27,0.0025
5892,0.3435,0.15,0.6975,0.06785317602098144,0.1145,0.11190287429886406,0.9145,0.12050000000000001,0.4253333333333334,0.3195786587440777,0.0115
5893,0.20549999999999996,0.06140091116173121,0.5984999999999999,0.0465,0.0495,0.0875,0.8117315344656131,0.07700000000000001,0.48,0.1975,0.004999999999999999
5894,0.40549999999999997,0.0095,0.602,0.03897029702970297,0.053000000000000005,0.06727444987775061,0.9319301017695372,0.07999999999999999,0.292,0.191,0.002
5895,0.010499999999999999,0.011000000000000001,0.49850000000000005,0.03894392523364486,0.009,0.10900000000000001,0.9625,0.0105,0.2510823432343234,0.11535004047811803,0.0
